Log file open, 07/13/25 22:17:21
LogWindows: Failed to load 'aqProf.dll' (GetLastError=126)
LogWindows: File 'aqProf.dll' does not exist
LogWindows: Failed to load 'VtuneApi.dll' (GetLastError=126)
LogWindows: File 'VtuneApi.dll' does not exist
LogWindows: Failed to load 'VtuneApi32e.dll' (GetLastError=126)
LogWindows: File 'VtuneApi32e.dll' does not exist
LogConsoleResponse: Display: Failed to find resolution value strings in scalability ini. Falling back to default.
LogConsoleResponse: Display: Failed to find resolution value strings in scalability ini. Falling back to default.
LogInit: Display: Running engine for game: TP_PreEntrega
LogPlatformFile: Not using cached read wrapper
LogTaskGraph: Started task graph with 5 named threads and 23 total threads with 3 sets of task threads.
LogStats: Stats thread started at 0.373264
LogICUInternationalization: ICU TimeZone Detection - Raw Offset: -3:00, Platform Override: ''
LogInit: Display: Loading text-based GConfig....
LogPluginManager: Mounting plugin MeshPainting
LogPluginManager: Mounting plugin XGEController
LogPluginManager: Mounting plugin Paper2D
LogPluginManager: Mounting plugin AISupport
LogPluginManager: Mounting plugin EnvironmentQueryEditor
LogPluginManager: Mounting plugin LiveLink
LogPluginManager: Mounting plugin LightPropagationVolume
LogPluginManager: Mounting plugin CameraShakePreviewer
LogPluginManager: Mounting plugin GameplayCameras
LogPluginManager: Mounting plugin AnimationSharing
LogPluginManager: Mounting plugin CLionSourceCodeAccess
LogPluginManager: Mounting plugin CodeLiteSourceCodeAccess
LogPluginManager: Mounting plugin AssetManagerEditor
LogPluginManager: Mounting plugin GitSourceControl
LogPluginManager: Mounting plugin KDevelopSourceCodeAccess
LogPluginManager: Mounting plugin NullSourceCodeAccess
LogPluginManager: Mounting plugin PerforceSourceControl
LogPluginManager: Mounting plugin PixWinPlugin
LogPluginManager: Mounting plugin PlasticSourceControl
LogPluginManager: Mounting plugin PluginUtils
LogPluginManager: Mounting plugin PropertyAccessNode
LogPluginManager: Mounting plugin RiderSourceCodeAccess
LogPluginManager: Mounting plugin SubversionSourceControl
LogPluginManager: Mounting plugin TextureFormatOodle
LogPluginManager: Mounting plugin CryptoKeys
LogPluginManager: Mounting plugin CurveEditorTools
LogPluginManager: Mounting plugin DataValidation
LogPluginManager: Mounting plugin GameplayTagsEditor
LogPluginManager: Mounting plugin FacialAnimation
LogPluginManager: Mounting plugin GeometryMode
LogPluginManager: Mounting plugin MacGraphicsSwitching
LogPluginManager: Mounting plugin DatasmithContent
LogPluginManager: Mounting plugin MaterialAnalyzer
LogPluginManager: Mounting plugin UObjectPlugin
LogPluginManager: Mounting plugin PluginBrowser
LogPluginManager: Mounting plugin MobileLauncherProfileWizard
LogPluginManager: Mounting plugin OodleData
LogPluginManager: Mounting plugin SpeedTreeImporter
LogPluginManager: Mounting plugin StylusInput
LogPluginManager: Mounting plugin VariantManagerContent
LogPluginManager: Mounting plugin OodleNetwork
LogPluginManager: Mounting plugin AutomationUtils
LogPluginManager: Mounting plugin AlembicImporter
LogPluginManager: Mounting plugin BackChannel
LogPluginManager: Mounting plugin ChaosEditor
LogPluginManager: Mounting plugin ChaosClothEditor
LogPluginManager: Mounting plugin ChaosSolverPlugin
LogPluginManager: Mounting plugin Niagara
LogPluginManager: Mounting plugin ChaosNiagara
LogPluginManager: Mounting plugin ChaosCloth
LogPluginManager: Mounting plugin CharacterAI
LogPluginManager: Mounting plugin GeometryCache
LogPluginManager: Mounting plugin GeometryCollectionPlugin
LogPluginManager: Mounting plugin VisualStudioCodeSourceCodeAccess
LogPluginManager: Mounting plugin VisualStudioSourceCodeAccess
LogPluginManager: Mounting plugin XCodeSourceCodeAccess
LogPluginManager: Mounting plugin GeometryProcessing
LogPluginManager: Mounting plugin MeshModelingToolset
LogPluginManager: Mounting plugin ModelingToolsEditorMode
LogPluginManager: Mounting plugin MotoSynth
LogPluginManager: Mounting plugin PlatformCrypto
LogPluginManager: Mounting plugin OpenImageDenoise
LogPluginManager: Mounting plugin PlanarCut
LogPluginManager: Mounting plugin ProxyLODPlugin
LogPluginManager: Mounting plugin PythonScriptPlugin
LogPluginManager: Mounting plugin SkeletalReduction
LogPluginManager: Mounting plugin LuminPlatformFeatures
LogPluginManager: Mounting plugin MagicLeap
LogPluginManager: Mounting plugin MagicLeapLightEstimation
LogPluginManager: Mounting plugin MagicLeapMedia
LogPluginManager: Mounting plugin MagicLeapPassableWorld
LogPluginManager: Mounting plugin MLSDK
LogPluginManager: Mounting plugin AndroidMedia
LogPluginManager: Mounting plugin AvfMedia
LogPluginManager: Mounting plugin ImgMedia
LogPluginManager: Mounting plugin MediaCompositing
LogPluginManager: Mounting plugin MediaPlayerEditor
LogPluginManager: Mounting plugin WebMMedia
LogPluginManager: Mounting plugin WmfMedia
LogPluginManager: Mounting plugin TcpMessaging
LogPluginManager: Mounting plugin UdpMessaging
LogPluginManager: Mounting plugin ActorSequence
LogPluginManager: Mounting plugin LevelSequenceEditor
LogPluginManager: Mounting plugin MatineeToLevelSequence
LogPluginManager: Mounting plugin TemplateSequence
LogPluginManager: Mounting plugin OnlineSubsystem
LogPluginManager: Mounting plugin OnlineSubsystemNull
LogPluginManager: Mounting plugin OnlineSubsystemUtils
LogPluginManager: Mounting plugin LauncherChunkInstaller
LogPluginManager: Mounting plugin ActorLayerUtilities
LogPluginManager: Mounting plugin AndroidDeviceProfileSelector
LogPluginManager: Mounting plugin AndroidPermission
LogPluginManager: Mounting plugin AndroidMoviePlayer
LogPluginManager: Mounting plugin AppleImageUtils
LogPluginManager: Mounting plugin AppleMoviePlayer
LogPluginManager: Mounting plugin AssetTags
LogPluginManager: Mounting plugin ArchVisCharacter
LogPluginManager: Mounting plugin AudioCapture
LogPluginManager: Mounting plugin AudioSynesthesia
LogPluginManager: Mounting plugin CableComponent
LogPluginManager: Mounting plugin ChunkDownloader
LogPluginManager: Mounting plugin CustomMeshComponent
LogPluginManager: Mounting plugin EditableMesh
LogPluginManager: Mounting plugin ExampleDeviceProfileSelector
LogPluginManager: Mounting plugin GoogleCloudMessaging
LogPluginManager: Mounting plugin GooglePAD
LogPluginManager: Mounting plugin HairStrands
LogPluginManager: Mounting plugin ScreenshotTools
LogPluginManager: Mounting plugin IOSDeviceProfileSelector
LogPluginManager: Mounting plugin LinuxDeviceProfileSelector
LogPluginManager: Mounting plugin LocationServicesBPLibrary
LogPluginManager: Mounting plugin MobilePatchingUtils
LogPluginManager: Mounting plugin OpenXR
LogPluginManager: Mounting plugin OpenXREyeTracker
LogPluginManager: Mounting plugin OpenXRHandTracking
LogPluginManager: Mounting plugin PhysXVehicles
LogPluginManager: Mounting plugin Takes
LogPluginManager: Mounting plugin PostSplashScreen
LogPluginManager: Mounting plugin ProceduralMeshComponent
LogPluginManager: Mounting plugin PropertyAccessEditor
LogPluginManager: Mounting plugin SignificanceManager
LogPluginManager: Mounting plugin RuntimePhysXCooking
LogPluginManager: Mounting plugin SoundFields
LogPluginManager: Mounting plugin Synthesis
LogPluginManager: Mounting plugin WebMMoviePlayer
LogPluginManager: Mounting plugin WindowsMoviePlayer
LogPluginManager: Mounting plugin ContentBrowserAssetDataSource
LogPluginManager: Mounting plugin ContentBrowserClassDataSource
LogPluginManager: Mounting plugin ContentBrowserFileDataSource
LogPluginManager: Mounting plugin OnlineSubsystemIOS
LogPluginManager: Mounting plugin OnlineSubsystemGooglePlay
LogPluginManager: Mounting plugin OculusVR
LogPluginManager: Mounting plugin SteamVR
PixWinPlugin: PIX capture plugin failed to initialize! Check that the process is launched from PIX.
LogInit: Using libcurl 7.55.1-DEV
LogInit:  - built for x86_64-pc-win32
LogInit:  - supports SSL with OpenSSL/1.1.1
LogInit:  - supports HTTP deflate (compression) using libz 1.2.8
LogInit:  - other features:
LogInit:      CURL_VERSION_SSL
LogInit:      CURL_VERSION_LIBZ
LogInit:      CURL_VERSION_IPV6
LogInit:      CURL_VERSION_ASYNCHDNS
LogInit:      CURL_VERSION_LARGEFILE
LogInit:      CURL_VERSION_IDN
LogInit:  CurlRequestOptions (configurable via config and command line):
LogInit:  - bVerifyPeer = true  - Libcurl will verify peer certificate
LogInit:  - bUseHttpProxy = false  - Libcurl will NOT use HTTP proxy
LogInit:  - bDontReuseConnections = false  - Libcurl will reuse connections
LogInit:  - MaxHostConnections = 16  - Libcurl will limit the number of connections to a host
LogInit:  - LocalHostAddr = Default
LogInit:  - BufferSize = 65536
LogOnline: OSS: Creating online subsystem instance for: NULL
LogInit: WinSock: version 1.1 (2.2), MaxSocks=32767, MaxUdp=65467
LogOnline: OSS: TryLoadSubsystemAndSetDefault: Loaded subsystem for module [NULL]
LogOculusPluginWrapper: OculusPlugin initialized successfully
LogHMD: Failed initializing OVRPlugin 1.59.0
LogInit: Build: ++UE4+Release-4.27-CL-18319896
LogInit: Engine Version: 4.27.2-18319896+++UE4+Release-4.27
LogInit: Compatible Engine Version: 4.27.0-17155196+++UE4+Release-4.27
LogInit: Net CL: 17155196
LogInit: OS: Windows 10 (Release 2009) (), CPU: Intel(R) Core(TM) i5-9300H CPU @ 2.40GHz, GPU: Intel(R) UHD Graphics 630
LogInit: Compiled (64-bit): Nov 30 2021 07:12:08
LogInit: Compiled with Visual C++: 19.24.28315.00
LogInit: Build Configuration: Development
LogInit: Branch Name: ++UE4+Release-4.27
LogInit: Command Line: 
LogInit: Base Directory: D:/UE4-Windows/UE_4.27/Engine/Binaries/Win64/
LogInit: Allocator: TBB
LogInit: Installed Engine Build: 1
LogDevObjectVersion: Number of dev versions registered: 29
LogDevObjectVersion:   Dev-Blueprints (B0D832E4-1F89-4F0D-ACCF-7EB736FD4AA2): 10
LogDevObjectVersion:   Dev-Build (E1C64328-A22C-4D53-A36C-8E866417BD8C): 0
LogDevObjectVersion:   Dev-Core (375EC13C-06E4-48FB-B500-84F0262A717E): 4
LogDevObjectVersion:   Dev-Editor (E4B068ED-F494-42E9-A231-DA0B2E46BB41): 40
LogDevObjectVersion:   Dev-Framework (CFFC743F-43B0-4480-9391-14DF171D2073): 37
LogDevObjectVersion:   Dev-Mobile (B02B49B5-BB20-44E9-A304-32B752E40360): 3
LogDevObjectVersion:   Dev-Networking (A4E4105C-59A1-49B5-A7C5-40C4547EDFEE): 0
LogDevObjectVersion:   Dev-Online (39C831C9-5AE6-47DC-9A44-9C173E1C8E7C): 0
LogDevObjectVersion:   Dev-Physics (78F01B33-EBEA-4F98-B9B4-84EACCB95AA2): 14
LogDevObjectVersion:   Dev-Platform (6631380F-2D4D-43E0-8009-CF276956A95A): 0
LogDevObjectVersion:   Dev-Rendering (12F88B9F-8875-4AFC-A67C-D90C383ABD29): 45
LogDevObjectVersion:   Dev-Sequencer (7B5AE74C-D270-4C10-A958-57980B212A5A): 13
LogDevObjectVersion:   Dev-VR (D7296918-1DD6-4BDD-9DE2-64A83CC13884): 3
LogDevObjectVersion:   Dev-LoadTimes (C2A15278-BFE7-4AFE-6C17-90FF531DF755): 1
LogDevObjectVersion:   Private-Geometry (6EACA3D4-40EC-4CC1-B786-8BED09428FC5): 3
LogDevObjectVersion:   Dev-AnimPhys (29E575DD-E0A3-4627-9D10-D276232CDCEA): 17
LogDevObjectVersion:   Dev-Anim (AF43A65D-7FD3-4947-9873-3E8ED9C1BB05): 15
LogDevObjectVersion:   Dev-ReflectionCapture (6B266CEC-1EC7-4B8F-A30B-E4D90942FC07): 1
LogDevObjectVersion:   Dev-Automation (0DF73D61-A23F-47EA-B727-89E90C41499A): 1
LogDevObjectVersion:   FortniteMain (601D1886-AC64-4F84-AA16-D3DE0DEAC7D6): 47
LogDevObjectVersion:   FortniteRelease (E7086368-6B23-4C58-8439-1B7016265E91): 1
LogDevObjectVersion:   Dev-Enterprise (9DFFBCD6-494F-0158-E221-12823C92A888): 10
LogDevObjectVersion:   Dev-Niagara (F2AED0AC-9AFE-416F-8664-AA7FFA26D6FC): 1
LogDevObjectVersion:   Dev-Destruction (174F1F0B-B4C6-45A5-B13F-2EE8D0FB917D): 10
LogDevObjectVersion:   Dev-Physics-Ext (35F94A83-E258-406C-A318-09F59610247C): 41
LogDevObjectVersion:   Dev-PhysicsMaterial-Chaos (B68FC16E-8B1B-42E2-B453-215C058844FE): 1
LogDevObjectVersion:   Dev-CineCamera (B2E18506-4273-CFC2-A54E-F4BB758BBA07): 1
LogDevObjectVersion:   Dev-VirtualProduction (64F58936-FD1B-42BA-BA96-7289D5D0FA4E): 1
LogDevObjectVersion:   Dev-MediaFramework (6F0ED827-A609-4895-9C91-998D90180EA4): 2
LogInit: Presizing for max 25165824 objects, including 0 objects not considered by GC, pre-allocating 0 bytes for permanent pool.
LogConfig: Applying CVar settings from Section [/Script/Engine.StreamingSettings] File [D:/UTN-e-learning/Unreal-Engine/Unreal-Projects/TP_PreEntrega/Saved/Config/Windows/Engine.ini]
LogConfig: Setting CVar [[s.MinBulkDataSizeForAsyncLoading:131072]]
LogConfig: Setting CVar [[s.AsyncLoadingThreadEnabled:0]]
LogConfig: Setting CVar [[s.EventDrivenLoaderEnabled:1]]
LogConfig: Setting CVar [[s.WarnIfTimeLimitExceeded:0]]
LogConfig: Setting CVar [[s.TimeLimitExceededMultiplier:1.5]]
LogConfig: Setting CVar [[s.TimeLimitExceededMinTime:0.005]]
LogConfig: Setting CVar [[s.UseBackgroundLevelStreaming:1]]
LogConfig: Setting CVar [[s.PriorityAsyncLoadingExtraTime:15.0]]
LogConfig: Setting CVar [[s.LevelStreamingActorsUpdateTimeLimit:5.0]]
LogConfig: Setting CVar [[s.PriorityLevelStreamingActorsUpdateExtraTime:5.0]]
LogConfig: Setting CVar [[s.LevelStreamingComponentsRegistrationGranularity:10]]
LogConfig: Setting CVar [[s.UnregisterComponentsTimeLimit:1.0]]
LogConfig: Setting CVar [[s.LevelStreamingComponentsUnregistrationGranularity:5]]
LogConfig: Setting CVar [[s.FlushStreamingOnExit:1]]
LogInit: Object subsystem initialized
LogConfig: Setting CVar [[con.DebugEarlyDefault:1]]
LogConfig: Setting CVar [[r.setres:1280x720]]
LogConfig: Setting CVar [[fx.NiagaraAllowRuntimeScalabilityChanges:1]]
[2025.07.14-01.17.22:578][  0]LogConfig: Setting CVar [[r.VSync:0]]
[2025.07.14-01.17.22:578][  0]LogConfig: Setting CVar [[r.RHICmdBypass:0]]
[2025.07.14-01.17.22:578][  0]LogConfig: Applying CVar settings from Section [/Script/Engine.RendererSettings] File [D:/UTN-e-learning/Unreal-Engine/Unreal-Projects/TP_PreEntrega/Saved/Config/Windows/Engine.ini]
[2025.07.14-01.17.22:578][  0]LogConfig: Setting CVar [[r.GPUCrashDebugging:0]]
[2025.07.14-01.17.22:578][  0]LogConfig: Applying CVar settings from Section [/Script/Engine.RendererOverrideSettings] File [D:/UTN-e-learning/Unreal-Engine/Unreal-Projects/TP_PreEntrega/Saved/Config/Windows/Engine.ini]
[2025.07.14-01.17.22:578][  0]LogConfig: Applying CVar settings from Section [/Script/Engine.StreamingSettings] File [D:/UTN-e-learning/Unreal-Engine/Unreal-Projects/TP_PreEntrega/Saved/Config/Windows/Engine.ini]
[2025.07.14-01.17.22:578][  0]LogConfig: Setting CVar [[s.MinBulkDataSizeForAsyncLoading:131072]]
[2025.07.14-01.17.22:578][  0]LogConfig: Setting CVar [[s.AsyncLoadingThreadEnabled:0]]
[2025.07.14-01.17.22:578][  0]LogConfig: Setting CVar [[s.EventDrivenLoaderEnabled:1]]
[2025.07.14-01.17.22:578][  0]LogConfig: Setting CVar [[s.WarnIfTimeLimitExceeded:0]]
[2025.07.14-01.17.22:578][  0]LogConfig: Setting CVar [[s.TimeLimitExceededMultiplier:1.5]]
[2025.07.14-01.17.22:578][  0]LogConfig: Setting CVar [[s.TimeLimitExceededMinTime:0.005]]
[2025.07.14-01.17.22:578][  0]LogConfig: Setting CVar [[s.UseBackgroundLevelStreaming:1]]
[2025.07.14-01.17.22:578][  0]LogConfig: Setting CVar [[s.PriorityAsyncLoadingExtraTime:15.0]]
[2025.07.14-01.17.22:578][  0]LogConfig: Setting CVar [[s.LevelStreamingActorsUpdateTimeLimit:5.0]]
[2025.07.14-01.17.22:578][  0]LogConfig: Setting CVar [[s.PriorityLevelStreamingActorsUpdateExtraTime:5.0]]
[2025.07.14-01.17.22:578][  0]LogConfig: Setting CVar [[s.LevelStreamingComponentsRegistrationGranularity:10]]
[2025.07.14-01.17.22:578][  0]LogConfig: Setting CVar [[s.UnregisterComponentsTimeLimit:1.0]]
[2025.07.14-01.17.22:578][  0]LogConfig: Setting CVar [[s.LevelStreamingComponentsUnregistrationGranularity:5]]
[2025.07.14-01.17.22:578][  0]LogConfig: Setting CVar [[s.FlushStreamingOnExit:1]]
[2025.07.14-01.17.22:578][  0]LogConfig: Applying CVar settings from Section [/Script/Engine.GarbageCollectionSettings] File [D:/UTN-e-learning/Unreal-Engine/Unreal-Projects/TP_PreEntrega/Saved/Config/Windows/Engine.ini]
[2025.07.14-01.17.22:579][  0]LogConfig: Setting CVar [[gc.MaxObjectsNotConsideredByGC:1]]
[2025.07.14-01.17.22:579][  0]LogConfig: Setting CVar [[gc.SizeOfPermanentObjectPool:0]]
[2025.07.14-01.17.22:579][  0]LogConfig: Setting CVar [[gc.FlushStreamingOnGC:0]]
[2025.07.14-01.17.22:579][  0]LogConfig: Setting CVar [[gc.NumRetriesBeforeForcingGC:10]]
[2025.07.14-01.17.22:579][  0]LogConfig: Setting CVar [[gc.AllowParallelGC:1]]
[2025.07.14-01.17.22:579][  0]LogConfig: Setting CVar [[gc.TimeBetweenPurgingPendingKillObjects:61.1]]
[2025.07.14-01.17.22:579][  0]LogConfig: Setting CVar [[gc.MaxObjectsInEditor:25165824]]
[2025.07.14-01.17.22:579][  0]LogConfig: Setting CVar [[gc.IncrementalBeginDestroyEnabled:1]]
[2025.07.14-01.17.22:579][  0]LogConfig: Setting CVar [[gc.CreateGCClusters:1]]
[2025.07.14-01.17.22:579][  0]LogConfig: Setting CVar [[gc.MinGCClusterSize:5]]
[2025.07.14-01.17.22:579][  0]LogConfig: Setting CVar [[gc.ActorClusteringEnabled:0]]
[2025.07.14-01.17.22:579][  0]LogConfig: Setting CVar [[gc.BlueprintClusteringEnabled:0]]
[2025.07.14-01.17.22:579][  0]LogConfig: Setting CVar [[gc.UseDisregardForGCOnDedicatedServers:0]]
[2025.07.14-01.17.22:579][  0]LogConfig: Setting CVar [[gc.MultithreadedDestructionEnabled:1]]
[2025.07.14-01.17.22:579][  0]LogConfig: Applying CVar settings from Section [/Script/Engine.NetworkSettings] File [D:/UTN-e-learning/Unreal-Engine/Unreal-Projects/TP_PreEntrega/Saved/Config/Windows/Engine.ini]
[2025.07.14-01.17.22:579][  0]LogConfig: Applying CVar settings from Section [/Script/UnrealEd.CookerSettings] File [D:/UTN-e-learning/Unreal-Engine/Unreal-Projects/TP_PreEntrega/Saved/Config/Windows/Engine.ini]
[2025.07.14-01.17.22:604][  0]LogConfig: Applying CVar settings from Section [ViewDistanceQuality@3] File [D:/UTN-e-learning/Unreal-Engine/Unreal-Projects/TP_PreEntrega/Saved/Config/Windows/Scalability.ini]
[2025.07.14-01.17.22:604][  0]LogConfig: Setting CVar [[r.SkeletalMeshLODBias:0]]
[2025.07.14-01.17.22:604][  0]LogConfig: Setting CVar [[r.ViewDistanceScale:1.0]]
[2025.07.14-01.17.22:604][  0]LogConfig: Applying CVar settings from Section [AntiAliasingQuality@3] File [D:/UTN-e-learning/Unreal-Engine/Unreal-Projects/TP_PreEntrega/Saved/Config/Windows/Scalability.ini]
[2025.07.14-01.17.22:604][  0]LogConfig: Setting CVar [[r.PostProcessAAQuality:4]]
[2025.07.14-01.17.22:604][  0]LogConfig: Applying CVar settings from Section [ShadowQuality@3] File [D:/UTN-e-learning/Unreal-Engine/Unreal-Projects/TP_PreEntrega/Saved/Config/Windows/Scalability.ini]
[2025.07.14-01.17.22:604][  0]LogConfig: Setting CVar [[r.LightFunctionQuality:1]]
[2025.07.14-01.17.22:604][  0]LogConfig: Setting CVar [[r.ShadowQuality:5]]
[2025.07.14-01.17.22:604][  0]LogConfig: Setting CVar [[r.Shadow.CSM.MaxCascades:10]]
[2025.07.14-01.17.22:605][  0]LogConfig: Setting CVar [[r.Shadow.MaxResolution:2048]]
[2025.07.14-01.17.22:605][  0]LogConfig: Setting CVar [[r.Shadow.MaxCSMResolution:2048]]
[2025.07.14-01.17.22:605][  0]LogConfig: Setting CVar [[r.Shadow.RadiusThreshold:0.01]]
[2025.07.14-01.17.22:605][  0]LogConfig: Setting CVar [[r.Shadow.DistanceScale:1.0]]
[2025.07.14-01.17.22:605][  0]LogConfig: Setting CVar [[r.Shadow.CSM.TransitionScale:1.0]]
[2025.07.14-01.17.22:605][  0]LogConfig: Setting CVar [[r.Shadow.PreShadowResolutionFactor:1.0]]
[2025.07.14-01.17.22:605][  0]LogConfig: Setting CVar [[r.DistanceFieldShadowing:1]]
[2025.07.14-01.17.22:605][  0]LogConfig: Setting CVar [[r.DistanceFieldAO:1]]
[2025.07.14-01.17.22:605][  0]LogConfig: Setting CVar [[r.AOQuality:2]]
[2025.07.14-01.17.22:605][  0]LogConfig: Setting CVar [[r.VolumetricFog:1]]
[2025.07.14-01.17.22:605][  0]LogConfig: Setting CVar [[r.VolumetricFog.GridPixelSize:8]]
[2025.07.14-01.17.22:605][  0]LogConfig: Setting CVar [[r.VolumetricFog.GridSizeZ:128]]
[2025.07.14-01.17.22:605][  0]LogConfig: Setting CVar [[r.VolumetricFog.HistoryMissSupersampleCount:4]]
[2025.07.14-01.17.22:605][  0]LogConfig: Setting CVar [[r.LightMaxDrawDistanceScale:1]]
[2025.07.14-01.17.22:605][  0]LogConfig: Setting CVar [[r.CapsuleShadows:1]]
[2025.07.14-01.17.22:605][  0]LogConfig: Applying CVar settings from Section [PostProcessQuality@3] File [D:/UTN-e-learning/Unreal-Engine/Unreal-Projects/TP_PreEntrega/Saved/Config/Windows/Scalability.ini]
[2025.07.14-01.17.22:605][  0]LogConfig: Setting CVar [[r.MotionBlurQuality:4]]
[2025.07.14-01.17.22:605][  0]LogConfig: Setting CVar [[r.AmbientOcclusionMipLevelFactor:0.4]]
[2025.07.14-01.17.22:605][  0]LogConfig: Setting CVar [[r.AmbientOcclusionMaxQuality:100]]
[2025.07.14-01.17.22:605][  0]LogConfig: Setting CVar [[r.AmbientOcclusionLevels:-1]]
[2025.07.14-01.17.22:605][  0]LogConfig: Setting CVar [[r.AmbientOcclusionRadiusScale:1.0]]
[2025.07.14-01.17.22:605][  0]LogConfig: Setting CVar [[r.DepthOfFieldQuality:2]]
[2025.07.14-01.17.22:605][  0]LogConfig: Setting CVar [[r.RenderTargetPoolMin:400]]
[2025.07.14-01.17.22:605][  0]LogConfig: Setting CVar [[r.LensFlareQuality:2]]
[2025.07.14-01.17.22:605][  0]LogConfig: Setting CVar [[r.SceneColorFringeQuality:1]]
[2025.07.14-01.17.22:605][  0]LogConfig: Setting CVar [[r.EyeAdaptationQuality:2]]
[2025.07.14-01.17.22:605][  0]LogConfig: Setting CVar [[r.BloomQuality:5]]
[2025.07.14-01.17.22:605][  0]LogConfig: Setting CVar [[r.FastBlurThreshold:100]]
[2025.07.14-01.17.22:605][  0]LogConfig: Setting CVar [[r.Upscale.Quality:3]]
[2025.07.14-01.17.22:606][  0]LogConfig: Setting CVar [[r.Tonemapper.GrainQuantization:1]]
[2025.07.14-01.17.22:606][  0]LogConfig: Setting CVar [[r.LightShaftQuality:1]]
[2025.07.14-01.17.22:606][  0]LogConfig: Setting CVar [[r.Filter.SizeScale:1]]
[2025.07.14-01.17.22:606][  0]LogConfig: Setting CVar [[r.Tonemapper.Quality:5]]
[2025.07.14-01.17.22:606][  0]LogConfig: Setting CVar [[r.DOF.Gather.AccumulatorQuality:1        ; higher gathering accumulator quality]]
[2025.07.14-01.17.22:606][  0]LogConfig: Setting CVar [[r.DOF.Gather.PostfilterMethod:1          ; Median3x3 postfilering method]]
[2025.07.14-01.17.22:606][  0]LogConfig: Setting CVar [[r.DOF.Gather.EnableBokehSettings:0       ; no bokeh simulation when gathering]]
[2025.07.14-01.17.22:606][  0]LogConfig: Setting CVar [[r.DOF.Gather.RingCount:4                 ; medium number of samples when gathering]]
[2025.07.14-01.17.22:606][  0]LogConfig: Setting CVar [[r.DOF.Scatter.ForegroundCompositing:1    ; additive foreground scattering]]
[2025.07.14-01.17.22:606][  0]LogConfig: Setting CVar [[r.DOF.Scatter.BackgroundCompositing:2    ; additive background scattering]]
[2025.07.14-01.17.22:606][  0]LogConfig: Setting CVar [[r.DOF.Scatter.EnableBokehSettings:1      ; bokeh simulation when scattering]]
[2025.07.14-01.17.22:606][  0]LogConfig: Setting CVar [[r.DOF.Scatter.MaxSpriteRatio:0.1         ; only a maximum of 10% of scattered bokeh]]
[2025.07.14-01.17.22:606][  0]LogConfig: Setting CVar [[r.DOF.Recombine.Quality:1                ; cheap slight out of focus]]
[2025.07.14-01.17.22:606][  0]LogConfig: Setting CVar [[r.DOF.Recombine.EnableBokehSettings:0    ; no bokeh simulation on slight out of focus]]
[2025.07.14-01.17.22:606][  0]LogConfig: Setting CVar [[r.DOF.TemporalAAQuality:1                ; more stable temporal accumulation]]
[2025.07.14-01.17.22:606][  0]LogConfig: Setting CVar [[r.DOF.Kernel.MaxForegroundRadius:0.025]]
[2025.07.14-01.17.22:606][  0]LogConfig: Setting CVar [[r.DOF.Kernel.MaxBackgroundRadius:0.025]]
[2025.07.14-01.17.22:606][  0]LogConfig: Applying CVar settings from Section [TextureQuality@3] File [D:/UTN-e-learning/Unreal-Engine/Unreal-Projects/TP_PreEntrega/Saved/Config/Windows/Scalability.ini]
[2025.07.14-01.17.22:606][  0]LogConfig: Setting CVar [[r.Streaming.MipBias:0]]
[2025.07.14-01.17.22:606][  0]LogConfig: Setting CVar [[r.Streaming.AmortizeCPUToGPUCopy:0]]
[2025.07.14-01.17.22:606][  0]LogConfig: Setting CVar [[r.Streaming.MaxNumTexturesToStreamPerFrame:0]]
[2025.07.14-01.17.22:607][  0]LogConfig: Setting CVar [[r.Streaming.Boost:1]]
[2025.07.14-01.17.22:607][  0]LogConfig: Setting CVar [[r.MaxAnisotropy:8]]
[2025.07.14-01.17.22:607][  0]LogConfig: Setting CVar [[r.VT.MaxAnisotropy:8]]
[2025.07.14-01.17.22:607][  0]LogConfig: Setting CVar [[r.Streaming.LimitPoolSizeToVRAM:0]]
[2025.07.14-01.17.22:607][  0]LogConfig: Setting CVar [[r.Streaming.PoolSize:1000]]
[2025.07.14-01.17.22:607][  0]LogConfig: Setting CVar [[r.Streaming.MaxEffectiveScreenSize:0]]
[2025.07.14-01.17.22:607][  0]LogConfig: Applying CVar settings from Section [EffectsQuality@3] File [D:/UTN-e-learning/Unreal-Engine/Unreal-Projects/TP_PreEntrega/Saved/Config/Windows/Scalability.ini]
[2025.07.14-01.17.22:607][  0]LogConfig: Setting CVar [[r.TranslucencyLightingVolumeDim:64]]
[2025.07.14-01.17.22:607][  0]LogConfig: Setting CVar [[r.RefractionQuality:2]]
[2025.07.14-01.17.22:607][  0]LogConfig: Setting CVar [[r.SSR.Quality:3]]
[2025.07.14-01.17.22:607][  0]LogConfig: Setting CVar [[r.SSR.HalfResSceneColor:0]]
[2025.07.14-01.17.22:607][  0]LogConfig: Setting CVar [[r.SceneColorFormat:4]]
[2025.07.14-01.17.22:607][  0]LogConfig: Setting CVar [[r.DetailMode:2]]
[2025.07.14-01.17.22:607][  0]LogConfig: Setting CVar [[r.TranslucencyVolumeBlur:1]]
[2025.07.14-01.17.22:607][  0]LogConfig: Setting CVar [[r.MaterialQualityLevel:1 ; High quality]]
[2025.07.14-01.17.22:607][  0]LogConfig: Setting CVar [[r.AnisotropicMaterials:1]]
[2025.07.14-01.17.22:607][  0]LogConfig: Setting CVar [[r.SSS.Scale:1]]
[2025.07.14-01.17.22:607][  0]LogConfig: Setting CVar [[r.SSS.SampleSet:2]]
[2025.07.14-01.17.22:607][  0]LogConfig: Setting CVar [[r.SSS.Quality:1]]
[2025.07.14-01.17.22:607][  0]LogConfig: Setting CVar [[r.SSS.HalfRes:0]]
[2025.07.14-01.17.22:607][  0]LogConfig: Setting CVar [[r.SSGI.Quality:3]]
[2025.07.14-01.17.22:607][  0]LogConfig: Setting CVar [[r.EmitterSpawnRateScale:1.0]]
[2025.07.14-01.17.22:607][  0]LogConfig: Setting CVar [[r.ParticleLightQuality:2]]
[2025.07.14-01.17.22:607][  0]LogConfig: Setting CVar [[r.SkyAtmosphere.AerialPerspectiveLUT.FastApplyOnOpaque:1 ; Always have FastSkyLUT 1 in this case to avoid wrong sky]]
[2025.07.14-01.17.22:607][  0]LogConfig: Setting CVar [[r.SkyAtmosphere.AerialPerspectiveLUT.SampleCountMaxPerSlice:4]]
[2025.07.14-01.17.22:608][  0]LogConfig: Setting CVar [[r.SkyAtmosphere.AerialPerspectiveLUT.DepthResolution:16.0]]
[2025.07.14-01.17.22:608][  0]LogConfig: Setting CVar [[r.SkyAtmosphere.FastSkyLUT:1]]
[2025.07.14-01.17.22:608][  0]LogConfig: Setting CVar [[r.SkyAtmosphere.FastSkyLUT.SampleCountMin:4.0]]
[2025.07.14-01.17.22:608][  0]LogConfig: Setting CVar [[r.SkyAtmosphere.FastSkyLUT.SampleCountMax:128.0]]
[2025.07.14-01.17.22:608][  0]LogConfig: Setting CVar [[r.SkyAtmosphere.SampleCountMin:4.0]]
[2025.07.14-01.17.22:608][  0]LogConfig: Setting CVar [[r.SkyAtmosphere.SampleCountMax:128.0]]
[2025.07.14-01.17.22:608][  0]LogConfig: Setting CVar [[r.SkyAtmosphere.TransmittanceLUT.UseSmallFormat:0]]
[2025.07.14-01.17.22:608][  0]LogConfig: Setting CVar [[r.SkyAtmosphere.TransmittanceLUT.SampleCount:10.0]]
[2025.07.14-01.17.22:608][  0]LogConfig: Setting CVar [[r.SkyAtmosphere.MultiScatteringLUT.SampleCount:15.0]]
[2025.07.14-01.17.22:608][  0]LogConfig: Setting CVar [[r.SkyLight.RealTimeReflectionCapture:1]]
[2025.07.14-01.17.22:608][  0]LogConfig: Setting CVar [[fx.Niagara.QualityLevel:3]]
[2025.07.14-01.17.22:608][  0]LogConfig: Applying CVar settings from Section [FoliageQuality@3] File [D:/UTN-e-learning/Unreal-Engine/Unreal-Projects/TP_PreEntrega/Saved/Config/Windows/Scalability.ini]
[2025.07.14-01.17.22:608][  0]LogConfig: Setting CVar [[foliage.DensityScale:1.0]]
[2025.07.14-01.17.22:608][  0]LogConfig: Setting CVar [[grass.DensityScale:1.0]]
[2025.07.14-01.17.22:608][  0]LogConfig: Applying CVar settings from Section [ShadingQuality@3] File [D:/UTN-e-learning/Unreal-Engine/Unreal-Projects/TP_PreEntrega/Saved/Config/Windows/Scalability.ini]
[2025.07.14-01.17.22:608][  0]LogConfig: Setting CVar [[r.HairStrands.SkyLighting.IntegrationType:2]]
[2025.07.14-01.17.22:608][  0]LogConfig: Setting CVar [[r.HairStrands.SkyAO.SampleCount:4]]
[2025.07.14-01.17.22:608][  0]LogConfig: Setting CVar [[r.HairStrands.Visibility.MSAA.SamplePerPixel:4]]
[2025.07.14-01.17.22:608][  0]LogConfig: Setting CVar [[r.HairStrands.Interpolation.UseSingleGuide:0]]
[2025.07.14-01.17.22:608][  0]LogInit: Selected Device Profile: [Windows]
[2025.07.14-01.17.22:608][  0]LogInit: Applying CVar settings loaded from the selected device profile: [Windows]
[2025.07.14-01.17.22:609][  0]LogHAL: Display: Platform has ~ 32 GB [34200604672 / 34359738368 / 32], which maps to Largest [LargestMinGB=32, LargerMinGB=12, DefaultMinGB=8, SmallerMinGB=6, SmallestMinGB=0)
[2025.07.14-01.17.22:609][  0]LogInit: Going up to parent DeviceProfile []
[2025.07.14-01.17.22:609][  0]LogConfig: Applying CVar settings from Section [ViewDistanceQuality@3] File [D:/UTN-e-learning/Unreal-Engine/Unreal-Projects/TP_PreEntrega/Saved/Config/Windows/Scalability.ini]
[2025.07.14-01.17.22:609][  0]LogConfig: Setting CVar [[r.SkeletalMeshLODBias:0]]
[2025.07.14-01.17.22:609][  0]LogConfig: Setting CVar [[r.ViewDistanceScale:1.0]]
[2025.07.14-01.17.22:609][  0]LogConfig: Applying CVar settings from Section [AntiAliasingQuality@3] File [D:/UTN-e-learning/Unreal-Engine/Unreal-Projects/TP_PreEntrega/Saved/Config/Windows/Scalability.ini]
[2025.07.14-01.17.22:609][  0]LogConfig: Setting CVar [[r.PostProcessAAQuality:4]]
[2025.07.14-01.17.22:609][  0]LogConfig: Applying CVar settings from Section [ShadowQuality@3] File [D:/UTN-e-learning/Unreal-Engine/Unreal-Projects/TP_PreEntrega/Saved/Config/Windows/Scalability.ini]
[2025.07.14-01.17.22:609][  0]LogConfig: Setting CVar [[r.LightFunctionQuality:1]]
[2025.07.14-01.17.22:609][  0]LogConfig: Setting CVar [[r.ShadowQuality:5]]
[2025.07.14-01.17.22:609][  0]LogConfig: Setting CVar [[r.Shadow.CSM.MaxCascades:10]]
[2025.07.14-01.17.22:609][  0]LogConfig: Setting CVar [[r.Shadow.MaxResolution:2048]]
[2025.07.14-01.17.22:609][  0]LogConfig: Setting CVar [[r.Shadow.MaxCSMResolution:2048]]
[2025.07.14-01.17.22:609][  0]LogConfig: Setting CVar [[r.Shadow.RadiusThreshold:0.01]]
[2025.07.14-01.17.22:609][  0]LogConfig: Setting CVar [[r.Shadow.DistanceScale:1.0]]
[2025.07.14-01.17.22:609][  0]LogConfig: Setting CVar [[r.Shadow.CSM.TransitionScale:1.0]]
[2025.07.14-01.17.22:609][  0]LogConfig: Setting CVar [[r.Shadow.PreShadowResolutionFactor:1.0]]
[2025.07.14-01.17.22:609][  0]LogConfig: Setting CVar [[r.DistanceFieldShadowing:1]]
[2025.07.14-01.17.22:609][  0]LogConfig: Setting CVar [[r.DistanceFieldAO:1]]
[2025.07.14-01.17.22:609][  0]LogConfig: Setting CVar [[r.AOQuality:2]]
[2025.07.14-01.17.22:609][  0]LogConfig: Setting CVar [[r.VolumetricFog:1]]
[2025.07.14-01.17.22:609][  0]LogConfig: Setting CVar [[r.VolumetricFog.GridPixelSize:8]]
[2025.07.14-01.17.22:609][  0]LogConfig: Setting CVar [[r.VolumetricFog.GridSizeZ:128]]
[2025.07.14-01.17.22:610][  0]LogConfig: Setting CVar [[r.VolumetricFog.HistoryMissSupersampleCount:4]]
[2025.07.14-01.17.22:610][  0]LogConfig: Setting CVar [[r.LightMaxDrawDistanceScale:1]]
[2025.07.14-01.17.22:610][  0]LogConfig: Setting CVar [[r.CapsuleShadows:1]]
[2025.07.14-01.17.22:610][  0]LogConfig: Applying CVar settings from Section [PostProcessQuality@3] File [D:/UTN-e-learning/Unreal-Engine/Unreal-Projects/TP_PreEntrega/Saved/Config/Windows/Scalability.ini]
[2025.07.14-01.17.22:610][  0]LogConfig: Setting CVar [[r.MotionBlurQuality:4]]
[2025.07.14-01.17.22:610][  0]LogConfig: Setting CVar [[r.AmbientOcclusionMipLevelFactor:0.4]]
[2025.07.14-01.17.22:610][  0]LogConfig: Setting CVar [[r.AmbientOcclusionMaxQuality:100]]
[2025.07.14-01.17.22:610][  0]LogConfig: Setting CVar [[r.AmbientOcclusionLevels:-1]]
[2025.07.14-01.17.22:610][  0]LogConfig: Setting CVar [[r.AmbientOcclusionRadiusScale:1.0]]
[2025.07.14-01.17.22:610][  0]LogConfig: Setting CVar [[r.DepthOfFieldQuality:2]]
[2025.07.14-01.17.22:610][  0]LogConfig: Setting CVar [[r.RenderTargetPoolMin:400]]
[2025.07.14-01.17.22:610][  0]LogConfig: Setting CVar [[r.LensFlareQuality:2]]
[2025.07.14-01.17.22:610][  0]LogConfig: Setting CVar [[r.SceneColorFringeQuality:1]]
[2025.07.14-01.17.22:610][  0]LogConfig: Setting CVar [[r.EyeAdaptationQuality:2]]
[2025.07.14-01.17.22:610][  0]LogConfig: Setting CVar [[r.BloomQuality:5]]
[2025.07.14-01.17.22:610][  0]LogConfig: Setting CVar [[r.FastBlurThreshold:100]]
[2025.07.14-01.17.22:610][  0]LogConfig: Setting CVar [[r.Upscale.Quality:3]]
[2025.07.14-01.17.22:610][  0]LogConfig: Setting CVar [[r.Tonemapper.GrainQuantization:1]]
[2025.07.14-01.17.22:610][  0]LogConfig: Setting CVar [[r.LightShaftQuality:1]]
[2025.07.14-01.17.22:610][  0]LogConfig: Setting CVar [[r.Filter.SizeScale:1]]
[2025.07.14-01.17.22:610][  0]LogConfig: Setting CVar [[r.Tonemapper.Quality:5]]
[2025.07.14-01.17.22:610][  0]LogConfig: Setting CVar [[r.DOF.Gather.AccumulatorQuality:1        ; higher gathering accumulator quality]]
[2025.07.14-01.17.22:610][  0]LogConfig: Setting CVar [[r.DOF.Gather.PostfilterMethod:1          ; Median3x3 postfilering method]]
[2025.07.14-01.17.22:610][  0]LogConfig: Setting CVar [[r.DOF.Gather.EnableBokehSettings:0       ; no bokeh simulation when gathering]]
[2025.07.14-01.17.22:610][  0]LogConfig: Setting CVar [[r.DOF.Gather.RingCount:4                 ; medium number of samples when gathering]]
[2025.07.14-01.17.22:610][  0]LogConfig: Setting CVar [[r.DOF.Scatter.ForegroundCompositing:1    ; additive foreground scattering]]
[2025.07.14-01.17.22:610][  0]LogConfig: Setting CVar [[r.DOF.Scatter.BackgroundCompositing:2    ; additive background scattering]]
[2025.07.14-01.17.22:611][  0]LogConfig: Setting CVar [[r.DOF.Scatter.EnableBokehSettings:1      ; bokeh simulation when scattering]]
[2025.07.14-01.17.22:611][  0]LogConfig: Setting CVar [[r.DOF.Scatter.MaxSpriteRatio:0.1         ; only a maximum of 10% of scattered bokeh]]
[2025.07.14-01.17.22:611][  0]LogConfig: Setting CVar [[r.DOF.Recombine.Quality:1                ; cheap slight out of focus]]
[2025.07.14-01.17.22:611][  0]LogConfig: Setting CVar [[r.DOF.Recombine.EnableBokehSettings:0    ; no bokeh simulation on slight out of focus]]
[2025.07.14-01.17.22:611][  0]LogConfig: Setting CVar [[r.DOF.TemporalAAQuality:1                ; more stable temporal accumulation]]
[2025.07.14-01.17.22:611][  0]LogConfig: Setting CVar [[r.DOF.Kernel.MaxForegroundRadius:0.025]]
[2025.07.14-01.17.22:611][  0]LogConfig: Setting CVar [[r.DOF.Kernel.MaxBackgroundRadius:0.025]]
[2025.07.14-01.17.22:611][  0]LogConfig: Applying CVar settings from Section [TextureQuality@3] File [D:/UTN-e-learning/Unreal-Engine/Unreal-Projects/TP_PreEntrega/Saved/Config/Windows/Scalability.ini]
[2025.07.14-01.17.22:611][  0]LogConfig: Setting CVar [[r.Streaming.MipBias:0]]
[2025.07.14-01.17.22:611][  0]LogConfig: Setting CVar [[r.Streaming.AmortizeCPUToGPUCopy:0]]
[2025.07.14-01.17.22:611][  0]LogConfig: Setting CVar [[r.Streaming.MaxNumTexturesToStreamPerFrame:0]]
[2025.07.14-01.17.22:611][  0]LogConfig: Setting CVar [[r.Streaming.Boost:1]]
[2025.07.14-01.17.22:611][  0]LogConfig: Setting CVar [[r.MaxAnisotropy:8]]
[2025.07.14-01.17.22:611][  0]LogConfig: Setting CVar [[r.VT.MaxAnisotropy:8]]
[2025.07.14-01.17.22:611][  0]LogConfig: Setting CVar [[r.Streaming.LimitPoolSizeToVRAM:0]]
[2025.07.14-01.17.22:611][  0]LogConfig: Setting CVar [[r.Streaming.PoolSize:1000]]
[2025.07.14-01.17.22:611][  0]LogConfig: Setting CVar [[r.Streaming.MaxEffectiveScreenSize:0]]
[2025.07.14-01.17.22:611][  0]LogConfig: Applying CVar settings from Section [EffectsQuality@3] File [D:/UTN-e-learning/Unreal-Engine/Unreal-Projects/TP_PreEntrega/Saved/Config/Windows/Scalability.ini]
[2025.07.14-01.17.22:611][  0]LogConfig: Setting CVar [[r.TranslucencyLightingVolumeDim:64]]
[2025.07.14-01.17.22:611][  0]LogConfig: Setting CVar [[r.RefractionQuality:2]]
[2025.07.14-01.17.22:611][  0]LogConfig: Setting CVar [[r.SSR.Quality:3]]
[2025.07.14-01.17.22:611][  0]LogConfig: Setting CVar [[r.SSR.HalfResSceneColor:0]]
[2025.07.14-01.17.22:611][  0]LogConfig: Setting CVar [[r.SceneColorFormat:4]]
[2025.07.14-01.17.22:611][  0]LogConfig: Setting CVar [[r.DetailMode:2]]
[2025.07.14-01.17.22:611][  0]LogConfig: Setting CVar [[r.TranslucencyVolumeBlur:1]]
[2025.07.14-01.17.22:611][  0]LogConfig: Setting CVar [[r.MaterialQualityLevel:1 ; High quality]]
[2025.07.14-01.17.22:611][  0]LogConfig: Setting CVar [[r.AnisotropicMaterials:1]]
[2025.07.14-01.17.22:611][  0]LogConfig: Setting CVar [[r.SSS.Scale:1]]
[2025.07.14-01.17.22:612][  0]LogConfig: Setting CVar [[r.SSS.SampleSet:2]]
[2025.07.14-01.17.22:612][  0]LogConfig: Setting CVar [[r.SSS.Quality:1]]
[2025.07.14-01.17.22:612][  0]LogConfig: Setting CVar [[r.SSS.HalfRes:0]]
[2025.07.14-01.17.22:612][  0]LogConfig: Setting CVar [[r.SSGI.Quality:3]]
[2025.07.14-01.17.22:612][  0]LogConfig: Setting CVar [[r.EmitterSpawnRateScale:1.0]]
[2025.07.14-01.17.22:612][  0]LogConfig: Setting CVar [[r.ParticleLightQuality:2]]
[2025.07.14-01.17.22:612][  0]LogConfig: Setting CVar [[r.SkyAtmosphere.AerialPerspectiveLUT.FastApplyOnOpaque:1 ; Always have FastSkyLUT 1 in this case to avoid wrong sky]]
[2025.07.14-01.17.22:612][  0]LogConfig: Setting CVar [[r.SkyAtmosphere.AerialPerspectiveLUT.SampleCountMaxPerSlice:4]]
[2025.07.14-01.17.22:612][  0]LogConfig: Setting CVar [[r.SkyAtmosphere.AerialPerspectiveLUT.DepthResolution:16.0]]
[2025.07.14-01.17.22:612][  0]LogConfig: Setting CVar [[r.SkyAtmosphere.FastSkyLUT:1]]
[2025.07.14-01.17.22:612][  0]LogConfig: Setting CVar [[r.SkyAtmosphere.FastSkyLUT.SampleCountMin:4.0]]
[2025.07.14-01.17.22:612][  0]LogConfig: Setting CVar [[r.SkyAtmosphere.FastSkyLUT.SampleCountMax:128.0]]
[2025.07.14-01.17.22:612][  0]LogConfig: Setting CVar [[r.SkyAtmosphere.SampleCountMin:4.0]]
[2025.07.14-01.17.22:612][  0]LogConfig: Setting CVar [[r.SkyAtmosphere.SampleCountMax:128.0]]
[2025.07.14-01.17.22:612][  0]LogConfig: Setting CVar [[r.SkyAtmosphere.TransmittanceLUT.UseSmallFormat:0]]
[2025.07.14-01.17.22:612][  0]LogConfig: Setting CVar [[r.SkyAtmosphere.TransmittanceLUT.SampleCount:10.0]]
[2025.07.14-01.17.22:612][  0]LogConfig: Setting CVar [[r.SkyAtmosphere.MultiScatteringLUT.SampleCount:15.0]]
[2025.07.14-01.17.22:612][  0]LogConfig: Setting CVar [[r.SkyLight.RealTimeReflectionCapture:1]]
[2025.07.14-01.17.22:612][  0]LogConfig: Setting CVar [[fx.Niagara.QualityLevel:3]]
[2025.07.14-01.17.22:612][  0]LogConfig: Applying CVar settings from Section [FoliageQuality@3] File [D:/UTN-e-learning/Unreal-Engine/Unreal-Projects/TP_PreEntrega/Saved/Config/Windows/Scalability.ini]
[2025.07.14-01.17.22:612][  0]LogConfig: Setting CVar [[foliage.DensityScale:1.0]]
[2025.07.14-01.17.22:612][  0]LogConfig: Setting CVar [[grass.DensityScale:1.0]]
[2025.07.14-01.17.22:612][  0]LogConfig: Applying CVar settings from Section [ShadingQuality@3] File [D:/UTN-e-learning/Unreal-Engine/Unreal-Projects/TP_PreEntrega/Saved/Config/Windows/Scalability.ini]
[2025.07.14-01.17.22:612][  0]LogConfig: Setting CVar [[r.HairStrands.SkyLighting.IntegrationType:2]]
[2025.07.14-01.17.22:612][  0]LogConfig: Setting CVar [[r.HairStrands.SkyAO.SampleCount:4]]
[2025.07.14-01.17.22:612][  0]LogConfig: Setting CVar [[r.HairStrands.Visibility.MSAA.SamplePerPixel:4]]
[2025.07.14-01.17.22:612][  0]LogConfig: Setting CVar [[r.HairStrands.Interpolation.UseSingleGuide:0]]
[2025.07.14-01.17.22:613][  0]LogConfig: Applying CVar settings from Section [Startup] File [../../../Engine/Config/ConsoleVariables.ini]
[2025.07.14-01.17.22:613][  0]LogConfig: Setting CVar [[net.UseAdaptiveNetUpdateFrequency:0]]
[2025.07.14-01.17.22:613][  0]LogConfig: Setting CVar [[p.chaos.AllowCreatePhysxBodies:1]]
[2025.07.14-01.17.22:613][  0]LogConfig: Setting CVar [[fx.SkipVectorVMBackendOptimizations:1]]
[2025.07.14-01.17.22:613][  0]LogConfig: Applying CVar settings from Section [ConsoleVariables] File [D:/UTN-e-learning/Unreal-Engine/Unreal-Projects/TP_PreEntrega/Saved/Config/Windows/Engine.ini]
[2025.07.14-01.17.22:613][  0]LogConfig: Applying CVar settings from Section [ConsoleVariables] File [D:/UTN-e-learning/Unreal-Engine/Unreal-Projects/TP_PreEntrega/Saved/Config/Windows/Editor.ini]
[2025.07.14-01.17.22:613][  0]LogInit: Computer: LAPTOP-AHL2VAE2
[2025.07.14-01.17.22:613][  0]LogInit: User: ezequ
[2025.07.14-01.17.22:613][  0]LogInit: CPU Page size=4096, Cores=4
[2025.07.14-01.17.22:613][  0]LogInit: High frequency timer resolution =10.000000 MHz
[2025.07.14-01.17.22:613][  0]LogMemory: Memory total: Physical=31.9GB (32GB approx)
[2025.07.14-01.17.22:614][  0]LogMemory: Platform Memory Stats for Windows
[2025.07.14-01.17.22:614][  0]LogMemory: Process Physical Memory: 146.29 MB used, 146.29 MB peak
[2025.07.14-01.17.22:614][  0]LogMemory: Process Virtual Memory: 115.20 MB used, 115.20 MB peak
[2025.07.14-01.17.22:614][  0]LogMemory: Physical Memory: 10569.58 MB used,  22046.66 MB free, 32616.24 MB total
[2025.07.14-01.17.22:614][  0]LogMemory: Virtual Memory: 134180240.00 MB used,  37485.95 MB free, 134217728.00 MB total
[2025.07.14-01.17.22:625][  0]LogWindows: WindowsPlatformFeatures enabled
[2025.07.14-01.17.22:657][  0]LogInit: Physics initialised using underlying interface: PhysX
[2025.07.14-01.17.22:659][  0]LogInit: Overriding language with editor language configuration option (en).
[2025.07.14-01.17.22:659][  0]LogInit: Overriding language with editor locale configuration option (en).
[2025.07.14-01.17.22:895][  0]LogInit: Setting process to per monitor DPI aware
[2025.07.14-01.17.22:910][  0]LogWindowsTextInputMethodSystem: Display: IME system deactivated.
[2025.07.14-01.17.22:935][  0]LogSlate: New Slate User Created.  User Index 0, Is Virtual User: 0
[2025.07.14-01.17.22:935][  0]LogSlate: Slate User Registered.  User Index 0, Is Virtual User: 0
[2025.07.14-01.17.23:210][  0]LogD3D11RHI: Loaded GFSDK_Aftermath_Lib.x64.dll
[2025.07.14-01.17.23:215][  0]LogHMD: Failed to initialize OpenVR with code 110
[2025.07.14-01.17.23:215][  0]LogD3D11RHI: D3D11 min allowed feature level: 11_0
[2025.07.14-01.17.23:215][  0]LogD3D11RHI: D3D11 max allowed feature level: 11_0
[2025.07.14-01.17.23:215][  0]LogD3D11RHI: D3D11 adapters:
[2025.07.14-01.17.23:319][  0]LogD3D11RHI:    0. 'NVIDIA GeForce GTX 1050' (Feature Level 11_0)
[2025.07.14-01.17.23:319][  0]LogD3D11RHI:       2996/0/16308 MB DedicatedVideo/DedicatedSystem/SharedSystem, Outputs:1, VendorId:0x10de
[2025.07.14-01.17.23:350][  0]LogD3D11RHI:    1. 'Intel(R) UHD Graphics 630' (Feature Level 11_0)
[2025.07.14-01.17.23:350][  0]LogD3D11RHI:       128/0/16308 MB DedicatedVideo/DedicatedSystem/SharedSystem, Outputs:1, VendorId:0x8086
[2025.07.14-01.17.23:353][  0]LogD3D11RHI:    2. 'Microsoft Basic Render Driver' (Feature Level 11_0)
[2025.07.14-01.17.23:353][  0]LogD3D11RHI:       0/0/16308 MB DedicatedVideo/DedicatedSystem/SharedSystem, Outputs:0, VendorId:0x1414
[2025.07.14-01.17.23:353][  0]LogD3D11RHI: Chosen D3D11 Adapter:
[2025.07.14-01.17.23:353][  0]LogD3D11RHI:     Description : NVIDIA GeForce GTX 1050
[2025.07.14-01.17.23:353][  0]LogD3D11RHI:     VendorId    : 10de
[2025.07.14-01.17.23:353][  0]LogD3D11RHI:     DeviceId    : 1c91
[2025.07.14-01.17.23:353][  0]LogD3D11RHI:     SubSysId    : 13321025
[2025.07.14-01.17.23:353][  0]LogD3D11RHI:     Revision    : 00a1
[2025.07.14-01.17.23:353][  0]LogD3D11RHI:     DedicatedVideoMemory : 3141533696 bytes
[2025.07.14-01.17.23:353][  0]LogD3D11RHI:     DedicatedSystemMemory : 0 bytes
[2025.07.14-01.17.23:353][  0]LogD3D11RHI:     SharedSystemMemory : 17100302336 bytes
[2025.07.14-01.17.23:353][  0]LogD3D11RHI:     AdapterLuid : 0 100829
[2025.07.14-01.17.23:361][  0]LogD3D11RHI: Creating new Direct3DDevice
[2025.07.14-01.17.23:362][  0]LogD3D11RHI:     GPU DeviceId: 0x1c91 (for the marketing name, search the web for "GPU Device Id")
[2025.07.14-01.17.23:362][  0]LogWindows: EnumDisplayDevices:
[2025.07.14-01.17.23:362][  0]LogWindows:    0. 'Intel(R) UHD Graphics 630' (P:0 D:1)
[2025.07.14-01.17.23:362][  0]LogWindows:    1. 'Intel(R) UHD Graphics 630' (P:0 D:0)
[2025.07.14-01.17.23:363][  0]LogWindows:    2. 'Intel(R) UHD Graphics 630' (P:0 D:0)
[2025.07.14-01.17.23:363][  0]LogWindows:    3. 'NVIDIA GeForce GTX 1050' (P:1 D:1)
[2025.07.14-01.17.23:364][  0]LogWindows: DebugString: PrimaryIsNotTheChoosenAdapter PrimaryIsNotTheChoosenAdapter PrimaryIsNotTheChoosenAdapter 
[2025.07.14-01.17.23:364][  0]LogD3D11RHI:     Adapter Name: NVIDIA GeForce GTX 1050
[2025.07.14-01.17.23:364][  0]LogD3D11RHI:   Driver Version: 451.67 (internal:27.21.14.5167, unified:451.67)
[2025.07.14-01.17.23:364][  0]LogD3D11RHI:      Driver Date: 7-5-2020
[2025.07.14-01.17.23:364][  0]LogRHI: Texture pool is 2097 MB (70% of 2996 MB)
[2025.07.14-01.17.23:364][  0]LogD3D11RHI: Creating D3DDevice using adapter:
[2025.07.14-01.17.23:364][  0]LogD3D11RHI:     Description : NVIDIA GeForce GTX 1050
[2025.07.14-01.17.23:364][  0]LogD3D11RHI:     VendorId    : 10de
[2025.07.14-01.17.23:364][  0]LogD3D11RHI:     DeviceId    : 1c91
[2025.07.14-01.17.23:364][  0]LogD3D11RHI:     SubSysId    : 13321025
[2025.07.14-01.17.23:364][  0]LogD3D11RHI:     Revision    : 00a1
[2025.07.14-01.17.23:364][  0]LogD3D11RHI:     DedicatedVideoMemory : 3141533696 bytes
[2025.07.14-01.17.23:364][  0]LogD3D11RHI:     DedicatedSystemMemory : 0 bytes
[2025.07.14-01.17.23:364][  0]LogD3D11RHI:     SharedSystemMemory : 17100302336 bytes
[2025.07.14-01.17.23:364][  0]LogD3D11RHI:     AdapterLuid : 0 100829
[2025.07.14-01.17.23:459][  0]LogD3D11RHI: RHI has support for 64 bit atomics
[2025.07.14-01.17.23:459][  0]LogD3D11RHI: Async texture creation enabled
[2025.07.14-01.17.23:459][  0]LogD3D11RHI: Array index from any shader is supported
[2025.07.14-01.17.23:484][  0]LogD3D11RHI: GPU Timing Frequency: 1000.000000 (Debug: 2 1)
[2025.07.14-01.17.23:584][  0]LogRHI: GeForceNow SDK initialized: 1
[2025.07.14-01.17.24:153][  0]LogTargetPlatformManager: Display: Loaded TargetPlatform 'AllDesktop'
[2025.07.14-01.17.24:190][  0]LogTargetPlatformManager: Display: Loaded TargetPlatform 'Android'
[2025.07.14-01.17.24:190][  0]LogTargetPlatformManager: Display: Loaded TargetPlatform 'Android_ASTC'
[2025.07.14-01.17.24:190][  0]LogTargetPlatformManager: Display: Loaded TargetPlatform 'Android_DXT'
[2025.07.14-01.17.24:190][  0]LogTargetPlatformManager: Display: Loaded TargetPlatform 'Android_ETC2'
[2025.07.14-01.17.24:190][  0]LogTargetPlatformManager: Display: Loaded TargetPlatform 'AndroidClient'
[2025.07.14-01.17.24:190][  0]LogTargetPlatformManager: Display: Loaded TargetPlatform 'Android_ASTCClient'
[2025.07.14-01.17.24:190][  0]LogTargetPlatformManager: Display: Loaded TargetPlatform 'Android_DXTClient'
[2025.07.14-01.17.24:190][  0]LogTargetPlatformManager: Display: Loaded TargetPlatform 'Android_ETC2Client'
[2025.07.14-01.17.24:190][  0]LogTargetPlatformManager: Display: Loaded TargetPlatform 'Android_Multi'
[2025.07.14-01.17.24:190][  0]LogTargetPlatformManager: Display: Loaded TargetPlatform 'Android_MultiClient'
[2025.07.14-01.17.24:224][  0]LogTargetPlatformManager: Display: Loaded TargetPlatform 'IOSClient'
[2025.07.14-01.17.24:224][  0]LogTargetPlatformManager: Display: Loaded TargetPlatform 'IOS'
[2025.07.14-01.17.24:242][  0]LogTargetPlatformManager: Display: Loaded TargetPlatform 'Linux'
[2025.07.14-01.17.24:250][  0]LogTargetPlatformManager: Display: Loaded TargetPlatform 'LinuxNoEditor'
[2025.07.14-01.17.24:258][  0]LogTargetPlatformManager: Display: Loaded TargetPlatform 'LinuxClient'
[2025.07.14-01.17.24:267][  0]LogTargetPlatformManager: Display: Loaded TargetPlatform 'LinuxServer'
[2025.07.14-01.17.24:283][  0]LogTargetPlatformManager: Display: Loaded TargetPlatform 'LinuxAArch64NoEditor'
[2025.07.14-01.17.24:292][  0]LogTargetPlatformManager: Display: Loaded TargetPlatform 'LinuxAArch64Client'
[2025.07.14-01.17.24:301][  0]LogTargetPlatformManager: Display: Loaded TargetPlatform 'LinuxAArch64Server'
[2025.07.14-01.17.24:344][  0]LogTargetPlatformManager: Display: Loaded TargetPlatform 'Lumin'
[2025.07.14-01.17.24:344][  0]LogTargetPlatformManager: Display: Loaded TargetPlatform 'LuminClient'
[2025.07.14-01.17.24:360][  0]LogTargetPlatformManager: Display: Loaded TargetPlatform 'MacNoEditor'
[2025.07.14-01.17.24:371][  0]LogTargetPlatformManager: Display: Loaded TargetPlatform 'Mac'
[2025.07.14-01.17.24:379][  0]LogTargetPlatformManager: Display: Loaded TargetPlatform 'MacClient'
[2025.07.14-01.17.24:387][  0]LogTargetPlatformManager: Display: Loaded TargetPlatform 'MacServer'
[2025.07.14-01.17.24:404][  0]LogTargetPlatformManager: Display: Loaded TargetPlatform 'TVOSClient'
[2025.07.14-01.17.24:404][  0]LogTargetPlatformManager: Display: Loaded TargetPlatform 'TVOS'
[2025.07.14-01.17.24:420][  0]LogTargetPlatformManager: Display: Loaded TargetPlatform 'WindowsNoEditor'
[2025.07.14-01.17.24:429][  0]LogTargetPlatformManager: Display: Loaded TargetPlatform 'Windows'
[2025.07.14-01.17.24:435][  0]LogTargetPlatformManager: Display: Loaded TargetPlatform 'WindowsClient'
[2025.07.14-01.17.24:443][  0]LogTargetPlatformManager: Display: Loaded TargetPlatform 'WindowsServer'
[2025.07.14-01.17.24:443][  0]LogTargetPlatformManager: Display: Building Assets For Windows
[2025.07.14-01.17.24:457][  0]LogAudioDebug: Display: Lib vorbis DLL was dynamically loaded.
[2025.07.14-01.17.24:509][  0]LogTextureFormatOodle: Display: Oodle Texture 2.9.0 init RDO Off
[2025.07.14-01.17.24:561][  0]LogRendererCore: Ray tracing is disabled. Reason: r.RayTracing=0.
[2025.07.14-01.17.24:561][  0]LogShaderCompilers: Guid format shader working directory is -27 characters bigger than the processId version (../../../../../UTN-e-learning/Unreal-Engine/Unreal-Projects/TP_PreEntrega/Intermediate/Shaders/WorkingDirectory/7432/).
[2025.07.14-01.17.24:562][  0]LogShaderCompilers: Cleaned the shader compiler working directory 'C:/Users/ezequ/AppData/Local/Temp/UnrealShaderWorkingDir/E5575C3F4B48358D56FA5289A02133B1/'.
[2025.07.14-01.17.24:562][  0]LogXGEController: Cannot use XGE Controller as Incredibuild is not installed on this machine.
[2025.07.14-01.17.24:562][  0]LogShaderCompilers: Cannot use XGE Shader Compiler as Incredibuild is not installed on this machine.
[2025.07.14-01.17.24:562][  0]LogShaderCompilers: Display: Using Local Shader Compiler.
[2025.07.14-01.17.25:657][  0]LogDerivedDataCache: Display: Max Cache Size: 512 MB
[2025.07.14-01.17.25:746][  0]LogDerivedDataCache: Loaded boot cache 0.09s 112MB C:/Users/ezequ/AppData/Local/UnrealEngine/4.27/DerivedDataCache/Boot.ddc.
[2025.07.14-01.17.25:746][  0]LogDerivedDataCache: Display: Loaded Boot cache: C:/Users/ezequ/AppData/Local/UnrealEngine/4.27/DerivedDataCache/Boot.ddc
[2025.07.14-01.17.25:746][  0]LogDerivedDataCache: FDerivedDataBackendGraph:  Pak pak cache file ../../../../../UTN-e-learning/Unreal-Engine/Unreal-Projects/TP_PreEntrega/DerivedDataCache/DDC.ddp not found, will not use a pak cache.
[2025.07.14-01.17.25:746][  0]LogDerivedDataCache: Unable to find inner node Pak for hierarchical cache Hierarchy.
[2025.07.14-01.17.25:746][  0]LogDerivedDataCache: FDerivedDataBackendGraph:  CompressedPak pak cache file ../../../../../UTN-e-learning/Unreal-Engine/Unreal-Projects/TP_PreEntrega/DerivedDataCache/Compressed.ddp not found, will not use a pak cache.
[2025.07.14-01.17.25:746][  0]LogDerivedDataCache: Unable to find inner node CompressedPak for hierarchical cache Hierarchy.
[2025.07.14-01.17.25:772][  0]LogDerivedDataCache: Display: Pak cache opened for reading ../../../Engine/DerivedDataCache/Compressed.ddp.
[2025.07.14-01.17.25:773][  0]LogDerivedDataCache: FDerivedDataBackendGraph:  EnterprisePak pak cache file ../../../Enterprise/DerivedDataCache/Compressed.ddp not found, will not use a pak cache.
[2025.07.14-01.17.25:773][  0]LogDerivedDataCache: Unable to find inner node EnterprisePak for hierarchical cache Hierarchy.
[2025.07.14-01.17.25:792][  0]LogDerivedDataCache: Speed tests for C:/Users/ezequ/AppData/Local/UnrealEngine/Common/DerivedDataCache took 0.02 seconds
[2025.07.14-01.17.25:792][  0]LogDerivedDataCache: Display: Performance to C:/Users/ezequ/AppData/Local/UnrealEngine/Common/DerivedDataCache: Latency=0.06ms. RandomReadSpeed=517.56MBs, RandomWriteSpeed=56.42MBs. Assigned SpeedClass 'Local'
[2025.07.14-01.17.25:793][  0]LogDerivedDataCache: Using Local data cache path C:/Users/ezequ/AppData/Local/UnrealEngine/Common/DerivedDataCache: Writable
[2025.07.14-01.17.25:793][  0]LogDerivedDataCache: Shared data cache path not found in *engine.ini, will not use an Shared cache.
[2025.07.14-01.17.25:793][  0]LogDerivedDataCache: Unable to find inner node Shared for hierarchical cache Hierarchy.
[2025.07.14-01.17.25:895][  0]LogSlate: Using FreeType 2.10.0
[2025.07.14-01.17.25:896][  0]LogSlate: SlateFontServices - WITH_FREETYPE: 1, WITH_HARFBUZZ: 1
[2025.07.14-01.17.25:947][  0]LogAssetRegistry: FAssetRegistry took 0.0038 seconds to start up
[2025.07.14-01.17.26:345][  0]LogInit: Selected Device Profile: [Windows]
[2025.07.14-01.17.26:345][  0]LogInit: Active device profile: [000002A49E3F3900][000002A48F876240 49] Windows
[2025.07.14-01.17.26:345][  0]LogInit: Profiles: [000002A49E3F3900][000002A48F876240 49] Windows, [000002A49E3B0900][000002A48CAF43C0 49] WindowsNoEditor, [000002A49E3F0900][000002A48CAF8540 49] WindowsServer, [000002A49E3B3100][000002A48F87A680 49] WindowsClient, [000002A49E3F3000][000002A48F6F47C0 49] IOS, [000002A49E3B1200][000002A48F6F8900 49] iPadAir, [000002A49E3F1100][000002A48F700A40 49] iPadAir2, [000002A49E288100][000002A498F04D00 49] IPadPro, [000002A49E26BF00][000002A48F70CD40 49] iPadAir3, [000002A49E3F2B00][000002A498F28EC0 49] iPadAir4, [000002A49E268E00][000002A48F7B7040 49] iPadMini2, [000002A49E3F1500][000002A49BE151C0 49] iPadMini3, [000002A49E26AC00][000002A49B315340 49] iPadMini4, [000002A49E3F2300][000002A49B3194C0 49] iPadMini5, [000002A49E3B2B00][000002A49B329780 49] iPhone6, [000002A49E3B2A00][000002A49B31D7C0 49] iPodTouch6, [000002A49E269000][000002A49B351A80 49] iPhone7, [000002A49E269100][000002A49B335AC0 49] iPodTouch7, [000002A49E3B0B00][000002A49B3580C0 49] iPhone5S, [000002A49E26B000][000002A49B35C240 49] iPhone6Plus, [000002A49E3B1400][000002A49B3603C0 49] iPhone6S, [000002A49E269F00][000002A49B36C540 49] iPhone6SPlus, [000002A49E3B2100][000002A48F8606C0 49] iPhone7Plus, [000002A49E26BD00][000002A48F708800 49] iPhoneSE, [000002A49E3B1B00][000002A49B374940 49] iPhone8, [000002A49E269B00][000002A49BBA8A80 49] iPhone8Plus, [000002A49E3B0400][000002A498ED8BC0 49] iPhoneX, [000002A49E268400][000002A498F00D40 49] iPhoneXS, [000002A49E3B1C00][000002A497A68EC0 49] iPhoneXSMax, [000002A49E26AE00][000002A497A6D040 49] iPhoneXR, [000002A49E3B1500][000002A497A711C0 49] iPhone11, [000002A49E26A000][000002A49BE03340 49] iPhone11Pro, [000002A49E3B3500][000002A497A754C0 49] iPhone11ProMax, [000002A49E26B400][000002A49BBE9640 49] iPhoneSE2, [000002A49E3B3800][000002A49BBED7C0 49] iPhone12Mini, [000002A49E268B00][000002A497A79940 49] iPhone12, [000002A49E3B2400][000002A497A7DAC0 49] iPhone12Pro, [000002A49E26A400][000002A497A800C0 49] iPhone12ProMax, [000002A49E3B1000][000002A49B0EA240 49] iPadPro105, [000002A49E268300][000002A49B9163C0 49] iPadPro129, [000002A49E3B3000][000002A49B93C540 49] iPadPro97, [000002A49E26A100][000002A49BE2E6C0 49] iPadPro2_129, [000002A49E3B3C00][000002A49BE36840 49] iPad5, [000002A49E269A00][000002A49BFA29C0 49] iPad6, [000002A49E3B1100][000002A498EFCB00 49] iPad7, [000002A49E26AF00][000002A49BFC6C40 49] iPad8, [000002A49E3B0C00][000002A49BFCAD80 49] iPadPro11, [000002A49E26A800][000002A49BFD2F00 49] iPadPro2_11, [000002A49E3B0600][000002A49BFD7080 49] iPadPro3_129, [000002A49E269D00][000002A49BFDB200 49] iPadPro4_129, [000002A49E3B0D00][000002A49BFDF380 49] AppleTV, [000002A49E269200][000002A49BFE3500 49] AppleTV4K, [000002A49E3B1700][000002A49BFE7680 49] TVOS, [000002A49E26B500][000002A49BFF1800 49] Mac, [000002A49E3B3D00][000002A49BFF5980 49] MacClient, [000002A49E268800][000002A49BFF9B00 49] MacNoEditor, [000002A49E3B2D00][000002A49BFFC100 49] MacServer, [000002A49E26B100][000002A498EA2280 49] Linux, [000002A49E3B3600][000002A498EAE400 49] LinuxAArch64, [000002A49E269E00][000002A49B7CE580 49] LinuxNoEditor, [000002A49E3B1D00][000002A49B7D2700 49] LinuxAArch64NoEditor, [000002A49D440800][000002A49B7D6880 49] LinuxClient, [000002A49E288200][000002A49B7DAA00 49] LinuxAArch64Client, [000002A49D440300][000002A498EB2B80 49] LinuxServer, [000002A49E28BB00][000002A49BFCECC0 49] LinuxAArch64Server, [000002A49D440100][000002A498EC0E00 49] Android, [000002A49E289000][000002A498EC4F40 49] Android_Low, [000002A49D442000][000002A498ECD0C0 49] Android_Mid, [000002A49E28AA00][000002A498EB7240 49] Android_High, [000002A49D441100][000002A49B3693C0 49] Android_Default, [000002A49E289300][000002A498ED1540 49] Android_Adreno4xx, [000002A49D442100][000002A498ED56C0 49] Android_Adreno5xx_Low, [000002A49E288F00][000002A498EE9840 49] Android_Adreno5xx, [000002A49D440B00][000002A498EED9C0 49] Android_Adreno6xx, [000002A49E288A00][000002A498EF1B40 49] Android_Adreno6xx_Vulkan, [000002A49D441F00][000002A498EF4140 49] Android_Mali_T6xx, [000002A49E28A200][000002A498EF82C0 49] Android_Mali_T7xx, [000002A49D440700][000002A49BDE2440 49] Android_Mali_T8xx, [000002A49E288700][000002A49BDE65C0 49] Android_Mali_G71, [000002A49D442300][000002A49BDEA740 49] Android_Mali_G72, [000002A49E289F00][000002A49B9908C0 49] Android_Mali_G72_Vulkan, [000002A49D441900][000002A49B98CA40 49] Android_Mali_G76, [000002A49E28A400][000002A49B988BC0 49] Android_Mali_G76_Vulkan, [000002A49E3B2600][000002A49B978D40 49] Android_Mali_G77, [000002A49E26AD00][000002A498EC8E80 49] Android_Mali_G77_Vulkan, [000002A49E3B2200][000002A49B96EFC0 49] Android_Mali_G78, [000002A49E26A600][000002A49B92D100 49] Android_Mali_G78_Vulkan, [000002A49E3B2800][000002A49B929240 49] Android_Mali_G710, [000002A49E26B300][000002A49B91B3C0 49] Android_Mali_G710_Vulkan, [000002A49E28AD00][000002A49B913540 49] Android_Vulkan_SM5, [000002A49D441B00][000002A49B1036C0 49] Android_PowerVR_G6xxx, [000002A49E3B1600][000002A49B0FF840 49] Android_PowerVR_GT7xxx, [000002A49D441500][000002A49B0FB9C0 49] Android_PowerVR_GE8xxx, [000002A49E3B3B00][000002A49B365B40 49] Android_PowerVR_GM9xxx, [000002A49D441300][000002A49B370140 49] Android_PowerVR_GM9xxx_Vulkan, [000002A49E3B1800][000002A49BE322C0 49] Android_TegraK1, [000002A49D441200][000002A49BDEE440 49] Android_Unknown_Vulkan, [000002A49E3B0200][000002A49BDF25C0 49] Lumin, [000002A49D441700][000002A49BDF6740 49] Lumin_Desktop, [000002A49E3B0800][000002A49BDFA8C0 49] HoloLens, 
[2025.07.14-01.17.26:589][  0]LogMeshReduction: Using QuadricMeshReduction for automatic static mesh reduction
[2025.07.14-01.17.26:589][  0]LogMeshReduction: Using SimplygonMeshReduction for automatic skeletal mesh reduction
[2025.07.14-01.17.26:589][  0]LogMeshReduction: Using ProxyLODMeshReduction for automatic mesh merging
[2025.07.14-01.17.26:589][  0]LogMeshReduction: No distributed automatic mesh merging module available
[2025.07.14-01.17.26:589][  0]LogMeshMerging: No distributed automatic mesh merging module available
[2025.07.14-01.17.26:615][  0]LogNetVersion: TP_PreEntrega 1.0.0, NetCL: 17155196, EngineNetVer: 17, GameNetVer: 0 (Checksum: 2958971551)
[2025.07.14-01.17.27:180][  0]LogTexture: Default maximum texture size for cubemaps generated from long-lat sources has been changed from 512 to unlimited. In order to preserve old behaiour for '/Engine/MapTemplates/Sky/DaylightAmbientCubemap.DaylightAmbientCubemap', its maximum texture size has been explicitly set to 512.
[2025.07.14-01.17.27:337][  0]LogHMD: PokeAHoleMaterial loaded successfully
[2025.07.14-01.17.27:344][  0]LogUObjectArray: 18053 objects as part of root set at end of initial load.
[2025.07.14-01.17.27:344][  0]LogUObjectAllocator: 4611920 out of 0 bytes used by permanent object pool.
[2025.07.14-01.17.27:344][  0]LogUObjectArray: CloseDisregardForGC: 0/0 objects in disregard for GC pool
[2025.07.14-01.17.27:714][  0]LogNiagaraDebuggerClient: Niagara Debugger Client Initialized | Session: 212D32704ED75AABF8D7DB910955B582 | Instance: F474693C4D5ED6A0D5EB8BB01DC8F05F (LAPTOP-AHL2VAE2-7432).
[2025.07.14-01.17.27:766][  0]LogPython: Using Python 3.7.7
[2025.07.14-01.17.28:667][  0]LogTcpMessaging: Initializing TcpMessaging bridge
[2025.07.14-01.17.28:674][  0]LogUdpMessaging: Initializing bridge on interface 0.0.0.0:0 to multicast group 230.0.0.1:6666.
[2025.07.14-01.17.28:876][  0]SourceControl: Source control is disabled
[2025.07.14-01.17.28:876][  0]SourceControl: Source control is disabled
[2025.07.14-01.17.28:880][  0]SourceControl: Source control is disabled
[2025.07.14-01.17.28:884][  0]SourceControl: Source control is disabled
[2025.07.14-01.17.28:896][  0]SourceControl: Source control is disabled
[2025.07.14-01.17.29:105][  0]LogUProjectInfo: Found projects:
[2025.07.14-01.17.29:212][  0]LogOpenImageDenoise: OIDN starting up
[2025.07.14-01.17.29:288][  0]LogAndroidPermission: UAndroidPermissionCallbackProxy::GetInstance
[2025.07.14-01.17.29:326][  0]LogAudioCaptureCore: Display: No Audio Capture implementations found. Audio input will be silent.
[2025.07.14-01.17.29:326][  0]LogAudioCaptureCore: Display: No Audio Capture implementations found. Audio input will be silent.
[2025.07.14-01.17.29:503][  0]LogCollectionManager: Loaded 0 collections in 0.002595 seconds
[2025.07.14-01.17.29:514][  0]LogFileCache: Scanning file cache for directory 'D:/UTN-e-learning/Unreal-Engine/Unreal-Projects/TP_PreEntrega/Saved/Collections/' took 0.00s
[2025.07.14-01.17.29:514][  0]LogFileCache: Scanning file cache for directory 'D:/UTN-e-learning/Unreal-Engine/Unreal-Projects/TP_PreEntrega/Content/Developers/ezequ/Collections/' took 0.00s
[2025.07.14-01.17.29:514][  0]LogFileCache: Scanning file cache for directory 'D:/UTN-e-learning/Unreal-Engine/Unreal-Projects/TP_PreEntrega/Content/Collections/' took 0.00s
[2025.07.14-01.17.29:539][  0]LogOcInput: OculusInput pre-init called
[2025.07.14-01.17.29:962][  0]LogClass: Display: IntProperty FPhysicsConvexData::NumVertices is not initialized properly. Module:MeshModelingTools File:Public/Physics/CollisionPropertySets.h
[2025.07.14-01.17.29:962][  0]LogClass: Display: IntProperty FPhysicsConvexData::NumFaces is not initialized properly. Module:MeshModelingTools File:Public/Physics/CollisionPropertySets.h
[2025.07.14-01.17.29:962][  0]LogClass: Display: FloatProperty FPhysicsCapsuleData::Radius is not initialized properly. Module:MeshModelingTools File:Public/Physics/CollisionPropertySets.h
[2025.07.14-01.17.29:962][  0]LogClass: Display: FloatProperty FPhysicsCapsuleData::Length is not initialized properly. Module:MeshModelingTools File:Public/Physics/CollisionPropertySets.h
[2025.07.14-01.17.29:962][  0]LogClass: Display: StructProperty FPhysicsBoxData::Dimensions is not initialized properly. Module:MeshModelingTools File:Public/Physics/CollisionPropertySets.h
[2025.07.14-01.17.29:962][  0]LogClass: Display: FloatProperty FPhysicsSphereData::Radius is not initialized properly. Module:MeshModelingTools File:Public/Physics/CollisionPropertySets.h
[2025.07.14-01.17.29:962][  0]LogClass: Display: EnumProperty FLODLevelGenerateSettings::TargetMode is not initialized properly. Module:MeshModelingToolsEditorOnly File:Public/GenerateLODMeshesTool.h
[2025.07.14-01.17.29:962][  0]LogClass: Display: IntProperty FLODLevelGenerateSettings::TargetPercentage is not initialized properly. Module:MeshModelingToolsEditorOnly File:Public/GenerateLODMeshesTool.h
[2025.07.14-01.17.29:962][  0]LogClass: Display: IntProperty FLODLevelGenerateSettings::TargetCount is not initialized properly. Module:MeshModelingToolsEditorOnly File:Public/GenerateLODMeshesTool.h
[2025.07.14-01.17.29:962][  0]LogClass: Display: 9 Uninitialized script struct members found including 0 object properties
[2025.07.14-01.17.29:963][  0]LogEngine: Initializing Engine...
[2025.07.14-01.17.29:965][  0]LogHMD: Failed to enumerate extensions. Please check that you have a valid OpenXR runtime installed.
[2025.07.14-01.17.29:965][  0]LogHMD: Failed to initialize OpenVR with code 110
[2025.07.14-01.17.29:965][  0]LogMagicLeap: Warning: VR disabled because ZI is not enabled.  To enable, in the editor, Edit -> Project Settings -> Plugins -> Magic Leap Plugin -> Enable Zero Iteration
[2025.07.14-01.17.29:966][  0]LogStylusInput: Initializing StylusInput subsystem.
[2025.07.14-01.17.29:967][  0]LogStats: UGameplayTagsManager::InitializeManager -  0.000 s
[2025.07.14-01.17.30:129][  0]LogInit: Initializing FReadOnlyCVARCache
[2025.07.14-01.17.30:140][  0]LogAIModule: Creating AISystem for world Untitled
[2025.07.14-01.17.30:157][  0]LogAudio: Display: Initializing Audio Device Manager...
[2025.07.14-01.17.30:163][  0]LogAudio: Display: Loading Default Audio Settings Objects...
[2025.07.14-01.17.30:163][  0]LogAudio: Display: No default SoundConcurrencyObject specified (or failed to load).
[2025.07.14-01.17.30:166][  0]LogAudio: Display: Audio Device Manager Initialized
[2025.07.14-01.17.30:166][  0]LogAudio: Display: Creating Audio Device:                 Id: 1, Scope: Shared, Realtime: True
[2025.07.14-01.17.30:166][  0]LogAudioMixer: Display: Audio Mixer Platform Settings:
[2025.07.14-01.17.30:166][  0]LogAudioMixer: Display: 	Sample Rate:						  48000
[2025.07.14-01.17.30:166][  0]LogAudioMixer: Display: 	Callback Buffer Frame Size Requested: 1024
[2025.07.14-01.17.30:166][  0]LogAudioMixer: Display: 	Callback Buffer Frame Size To Use:	  1024
[2025.07.14-01.17.30:166][  0]LogAudioMixer: Display: 	Number of buffers to queue:			  2
[2025.07.14-01.17.30:166][  0]LogAudioMixer: Display: 	Max Channels (voices):				  32
[2025.07.14-01.17.30:166][  0]LogAudioMixer: Display: 	Number of Async Source Workers:		  0
[2025.07.14-01.17.30:166][  0]LogAudio: Display: AudioDevice MaxSources: 32
[2025.07.14-01.17.30:167][  0]LogAudio: Display: Audio Spatialization Plugin: None (built-in).
[2025.07.14-01.17.30:167][  0]LogAudio: Display: Audio Reverb Plugin: None (built-in).
[2025.07.14-01.17.30:167][  0]LogAudio: Display: Audio Occlusion Plugin: None (built-in).
[2025.07.14-01.17.30:167][  0]LogAudioMixer: Display: Initializing audio mixer.
[2025.07.14-01.17.30:185][  0]LogAudioMixer: Display: 0: FrontLeft
[2025.07.14-01.17.30:185][  0]LogAudioMixer: Display: 1: FrontRight
[2025.07.14-01.17.30:507][  0]LogAudioMixer: Display: Using Audio Device Headphones (SOUNDPEATS Mini HS Stereo)
[2025.07.14-01.17.30:508][  0]LogAudioMixer: Display: Initializing Sound Submixes...
[2025.07.14-01.17.30:510][  0]LogAudioMixer: Display: Creating Master Submix 'MasterSubmixDefault'
[2025.07.14-01.17.30:510][  0]LogAudioMixer: Display: Creating Master Submix 'MasterReverbSubmixDefault'
[2025.07.14-01.17.30:511][  0]LogAudioMixer: Display: Creating Master Submix 'MasterEQSubmixDefault'
[2025.07.14-01.17.30:511][  0]LogAudioMixer: FMixerPlatformXAudio2::StartAudioStream() called
[2025.07.14-01.17.30:511][  0]LogAudioMixer: Display: Output buffers initialized: Frames=1024, Channels=2, Samples=2048
[2025.07.14-01.17.30:512][  0]LogAudioMixer: Display: Starting AudioMixerPlatformInterface::RunInternal()
[2025.07.14-01.17.30:512][  0]LogAudioMixer: Display: FMixerPlatformXAudio2::SubmitBuffer() called for the first time
[2025.07.14-01.17.30:512][  0]LogInit: FAudioDevice initialized.
[2025.07.14-01.17.30:512][  0]LogAudio: Display: Audio Device (ID: 1) registered with world 'Untitled'.
[2025.07.14-01.17.30:512][  0]LogNetVersion: Set ProjectVersion to 1.0.0.0. Version Checksum will be recalculated on next use.
[2025.07.14-01.17.30:610][  0]LogDerivedDataCache: Saved boot cache 0.10s 97MB C:/Users/ezequ/AppData/Local/UnrealEngine/4.27/DerivedDataCache/Boot.ddc.
[2025.07.14-01.17.30:612][  0]LogInit: Texture streaming: Enabled
[2025.07.14-01.17.30:627][  0]LogAnalytics: Display: [UEEditor.Rocket.Release] APIServer = https://datarouter.ol.epicgames.com/. AppVersion = 4.27.2-18319896+++UE4+Release-4.27
[2025.07.14-01.17.30:639][  0]LogEngineSessionManager: EngineSessionManager initialized
[2025.07.14-01.17.30:639][  0]LogEditorSessionSummary: Verbose: Initializing EditorSessionSummaryWriter for editor session tracking
[2025.07.14-01.17.30:668][  0]LogEditorSessionSummary: EditorSessionSummaryWriter initialized
[2025.07.14-01.17.30:736][  0]LogInit: Transaction tracking system initialized
[2025.07.14-01.17.30:764][  0]BlueprintLog: New page: Editor Load
[2025.07.14-01.17.30:862][  0]LocalizationService: Localization service is disabled
[2025.07.14-01.17.30:901][  0]TimingProfiler: Initialize
[2025.07.14-01.17.30:901][  0]TimingProfiler: OnSessionChanged
[2025.07.14-01.17.30:901][  0]LoadingProfiler: Initialize
[2025.07.14-01.17.30:901][  0]LoadingProfiler: OnSessionChanged
[2025.07.14-01.17.30:902][  0]NetworkingProfiler: Initialize
[2025.07.14-01.17.30:902][  0]NetworkingProfiler: OnSessionChanged
[2025.07.14-01.17.30:902][  0]MemoryProfiler: Initialize
[2025.07.14-01.17.30:902][  0]MemoryProfiler: OnSessionChanged
[2025.07.14-01.17.31:142][  0]LogCook: Display: CookSettings for Memory: MemoryMaxUsedVirtual 0MiB, MemoryMaxUsedPhysical 16384MiB, MemoryMinFreeVirtual 0MiB, MemoryMinFreePhysical 1024MiB
[2025.07.14-01.17.31:142][  0]LogCook: Display: Mobile HDR setting 1
[2025.07.14-01.17.31:454][  0]LogFileCache: Scanning file cache for directory 'D:/UTN-e-learning/Unreal-Engine/Unreal-Projects/TP_PreEntrega/Content/' took 0.01s
[2025.07.14-01.17.31:881][  0]LogInit: Display: Engine is initialized. Leaving FEngineLoop::Init()
[2025.07.14-01.17.31:895][  0]SourceControl: Source control is disabled
[2025.07.14-01.17.31:895][  0]LogUnrealEdMisc: Loading editor; pre map load, took 11.267
[2025.07.14-01.17.31:895][  0]Cmd: MAP LOAD FILE="../../../../../UTN-e-learning/Unreal-Engine/Unreal-Projects/TP_PreEntrega/Content/ThirdPersonBP/Maps/ThirdPersonExampleMap.umap" TEMPLATE=0 SHOWPROGRESS=1 FEATURELEVEL=3
[2025.07.14-01.17.31:896][  0]LightingResults: New page: Lighting Build
[2025.07.14-01.17.31:897][  0]LogWorld: UWorld::CleanupWorld for Untitled, bSessionEnded=true, bCleanupResources=true
[2025.07.14-01.17.31:897][  0]LogSlate: InvalidateAllWidgets triggered.  All widgets were invalidated
[2025.07.14-01.17.31:897][  0]MapCheck: New page: Map Check
[2025.07.14-01.17.31:898][  0]LightingResults: New page: Lighting Build
[2025.07.14-01.17.31:903][  0]LogAudio: Display: Audio Device unregistered from world 'None'.
[2025.07.14-01.17.31:906][  0]LogUObjectHash: Compacting FUObjectHashTables data took   0.97ms
[2025.07.14-01.17.32:431][  0]LogMaterial: Display: Missing cached shadermap for M_Wood_Oak in PCD3D_SM5, Default, SM5 (DDC key hash: 25F079B23A8779D893B35C99558A0C014F5F8752), compiling. 
[2025.07.14-01.17.32:532][  0]LogShaderCompilers: Display: Submitted 25 shader compile jobs with 'Low' priority
[2025.07.14-01.17.32:560][  0]LogShaderCompilers: Display: Worker (1/5): shaders left to compile 25
[2025.07.14-01.17.32:560][  0]LogShaderCompilers: Display: Worker (2/5): shaders left to compile 19
[2025.07.14-01.17.32:560][  0]LogShaderCompilers: Display: Worker (3/5): shaders left to compile 13
[2025.07.14-01.17.32:560][  0]LogShaderCompilers: Display: Worker (4/5): shaders left to compile 7
[2025.07.14-01.17.32:560][  0]LogShaderCompilers: Display: Worker (5/5): shaders left to compile 1
[2025.07.14-01.17.32:560][  0]LogShaderCompilers: Display: Started 25 'Local' shader compile jobs with 'Low' priority
[2025.07.14-01.17.32:560][  0]LogMaterial: Display: Missing cached shadermap for lambert3 in PCD3D_SM5, Default, SM5 (DDC key hash: 413A473F6C1F033E4C91DB0C697F95E9D6B983AF), compiling. 
[2025.07.14-01.17.32:561][  0]LogMaterial: Warning: [AssetLog] D:\UTN-e-learning\Unreal-Engine\Unreal-Projects\TP_PreEntrega\Content\ThirdPersonBP\Blueprints\blueprints\Textures\lambert3.uasset: Failed to compile Material for platform PCD3D_SM5, Default Material will be used in game.
[2025.07.14-01.17.32:561][  0]LogMaterial: Display: 	(Node TextureSample) TextureSample> Sampler type is Normal, should be Color for /Game/ThirdPersonBP/Blueprints/blueprints/Textures/ROCK04LB.ROCK04LB
[2025.07.14-01.17.32:815][  0]LogAudio: Display: Audio Device (ID: 1) registered with world 'ThirdPersonExampleMap'.
[2025.07.14-01.17.32:819][  0]LogAIModule: Creating AISystem for world ThirdPersonExampleMap
[2025.07.14-01.17.32:863][  0]LogMaterial: Display: Material /Game/StarterContent/Materials/M_Wood_Walnut.M_Wood_Walnut needed to have new flag set bUsedWithSkeletalMesh !
[2025.07.14-01.17.32:869][  0]LogMaterial: Display: Missing cached shadermap for M_Wood_Walnut in PCD3D_SM5, Default, SM5 (DDC key hash: 7E029A7A42EE025397CDDEA4878CBB8EDDF77B26), compiling. 
[2025.07.14-01.17.32:994][  0]LogShaderCompilers: Display: Submitted 41 shader compile jobs with 'Low' priority
[2025.07.14-01.17.32:995][  0]MapCheck: Warning: M_Wood_Walnut Material /Game/StarterContent/Materials/M_Wood_Walnut.M_Wood_Walnut was missing the usage flag bUsedWithSkeletalMesh. If the material asset is not re-saved, it may not render correctly when run outside the editor. Fix
[2025.07.14-01.17.32:996][  0]LogMaterial: Display: Material /Game/StarterContent/Materials/M_Wood_Floor_Walnut_Polished.M_Wood_Floor_Walnut_Polished needed to have new flag set bUsedWithSkeletalMesh !
[2025.07.14-01.17.33:028][  0]LogMaterial: Display: Missing cached shadermap for M_Wood_Floor_Walnut_Polished in PCD3D_SM5, Default, SM5 (DDC key hash: C6464D9E6B6A0CE0254E78095588ED52C439935C), compiling. 
[2025.07.14-01.17.33:148][  0]LogShaderCompilers: Display: Submitted 41 shader compile jobs with 'Low' priority
[2025.07.14-01.17.33:149][  0]MapCheck: Warning: M_Wood_Floor_Walnut_Polished Material /Game/StarterContent/Materials/M_Wood_Floor_Walnut_Polished.M_Wood_Floor_Walnut_Polished was missing the usage flag bUsedWithSkeletalMesh. If the material asset is not re-saved, it may not render correctly when run outside the editor. Fix
[2025.07.14-01.17.33:150][  0]LogMaterial: Display: Material /Game/StarterContent/Materials/M_Wood_Oak.M_Wood_Oak needed to have new flag set bUsedWithSkeletalMesh !
[2025.07.14-01.17.33:154][  0]LogMaterial: Display: Missing cached shadermap for M_Wood_Oak in PCD3D_SM5, Default, SM5 (DDC key hash: 266B2DB8679EDC234C76E09A0CA356E0AA61500F), compiling. 
[2025.07.14-01.17.33:270][  0]LogShaderCompilers: Display: Submitted 16 shader compile jobs with 'Low' priority
[2025.07.14-01.17.33:271][  0]MapCheck: Warning: M_Wood_Oak Material /Game/StarterContent/Materials/M_Wood_Oak.M_Wood_Oak was missing the usage flag bUsedWithSkeletalMesh. If the material asset is not re-saved, it may not render correctly when run outside the editor. Fix
[2025.07.14-01.17.33:272][  0]LogMaterial: Display: Material /Game/StarterContent/Materials/M_Metal_Copper.M_Metal_Copper needed to have new flag set bUsedWithSkeletalMesh !
[2025.07.14-01.17.33:276][  0]LogMaterial: Display: Missing cached shadermap for M_Metal_Copper in PCD3D_SM5, Default, SM5 (DDC key hash: A27F9D61165EB999C16BE02F71C0BE3BCB8AD664), compiling. 
[2025.07.14-01.17.33:397][  0]LogShaderCompilers: Display: Submitted 41 shader compile jobs with 'Low' priority
[2025.07.14-01.17.33:397][  0]MapCheck: Warning: M_Metal_Copper Material /Game/StarterContent/Materials/M_Metal_Copper.M_Metal_Copper was missing the usage flag bUsedWithSkeletalMesh. If the material asset is not re-saved, it may not render correctly when run outside the editor. Fix
[2025.07.14-01.17.33:551][  0]LogEditorServer: Finished looking for orphan Actors (0.000 secs)
[2025.07.14-01.17.33:616][  0]LogUObjectHash: Compacting FUObjectHashTables data took   3.39ms
[2025.07.14-01.17.33:617][  0]Cmd: MAP CHECKDEP NOCLEARLOG
[2025.07.14-01.17.33:618][  0]MapCheck: Map check complete: 0 Error(s), 4 Warning(s), took 0.317ms to complete.
[2025.07.14-01.17.33:643][  0]LogFileHelpers: Loading map 'ThirdPersonExampleMap' took 1.747
[2025.07.14-01.17.33:651][  0]LogUnrealEdMisc: Total Editor Startup Time, took 13.022
[2025.07.14-01.17.34:030][  0]LogSlate: Updating window title bar state: overlay mode, drag disabled, window buttons hidden, title bar hidden
[2025.07.14-01.17.34:056][  0]LogSlate: Updating window title bar state: overlay mode, drag disabled, window buttons hidden, title bar hidden
[2025.07.14-01.17.34:084][  0]LogSlate: Updating window title bar state: overlay mode, drag disabled, window buttons hidden, title bar hidden
[2025.07.14-01.17.34:113][  0]LogSlate: Updating window title bar state: overlay mode, drag disabled, window buttons hidden, title bar hidden
[2025.07.14-01.17.34:206][  0]LogNativeClassHierarchy: Verbose: Native class hierarchy populated in 0.0484 seconds. Added 4208 classes and 963 folders.
[2025.07.14-01.17.34:214][  0]LogNativeClassHierarchy: Verbose: Native class hierarchy updated for 'WidgetCarousel' in 0.0007 seconds. Added 0 classes and 0 folders.
[2025.07.14-01.17.34:218][  0]LogPakFile: PakFile PrimaryIndexSize=187
[2025.07.14-01.17.34:218][  0]LogPakFile: PakFile PathHashIndexSize=101
[2025.07.14-01.17.34:219][  0]LogPakFile: PakFile FullDirectoryIndexSize=148
[2025.07.14-01.17.34:219][  0]LogShaderLibrary: Display: ShaderCodeLibraryPakFileMountedCallback: PakFile 'D:/UE4-Windows/UE_4.27/FeaturePacks/FP_FirstPerson.upack' (chunk index -1, root 'root:/') mounted
[2025.07.14-01.17.34:219][  0]LogShaderLibrary: Display: ShaderCodeLibraryPakFileMountedCallback: pending pak file info (ChunkID:-1 Root:root:/ File:D:/UE4-Windows/UE_4.27/FeaturePacks/FP_FirstPerson.upack)
[2025.07.14-01.17.34:219][  0]LogPakFile: OnPakFileMounted2Time == 0.000275
[2025.07.14-01.17.34:221][  0]LogPakFile: PakFile PrimaryIndexSize=189
[2025.07.14-01.17.34:221][  0]LogPakFile: PakFile PathHashIndexSize=101
[2025.07.14-01.17.34:222][  0]LogPakFile: PakFile FullDirectoryIndexSize=152
[2025.07.14-01.17.34:222][  0]LogShaderLibrary: Display: ShaderCodeLibraryPakFileMountedCallback: PakFile 'D:/UE4-Windows/UE_4.27/FeaturePacks/FP_FirstPersonBP.upack' (chunk index -1, root 'root:/') mounted
[2025.07.14-01.17.34:222][  0]LogShaderLibrary: Display: ShaderCodeLibraryPakFileMountedCallback: pending pak file info (ChunkID:-1 Root:root:/ File:D:/UE4-Windows/UE_4.27/FeaturePacks/FP_FirstPersonBP.upack)
[2025.07.14-01.17.34:222][  0]LogPakFile: OnPakFileMounted2Time == 0.000247
[2025.07.14-01.17.34:224][  0]LogPakFile: PakFile PrimaryIndexSize=191
[2025.07.14-01.17.34:224][  0]LogPakFile: PakFile PathHashIndexSize=101
[2025.07.14-01.17.34:224][  0]LogPakFile: PakFile FullDirectoryIndexSize=160
[2025.07.14-01.17.34:224][  0]LogShaderLibrary: Display: ShaderCodeLibraryPakFileMountedCallback: PakFile 'D:/UE4-Windows/UE_4.27/FeaturePacks/MobileStarterContent.upack' (chunk index -1, root 'root:/') mounted
[2025.07.14-01.17.34:224][  0]LogShaderLibrary: Display: ShaderCodeLibraryPakFileMountedCallback: pending pak file info (ChunkID:-1 Root:root:/ File:D:/UE4-Windows/UE_4.27/FeaturePacks/MobileStarterContent.upack)
[2025.07.14-01.17.34:225][  0]LogPakFile: OnPakFileMounted2Time == 0.000348
[2025.07.14-01.17.34:227][  0]LogPakFile: PakFile PrimaryIndexSize=185
[2025.07.14-01.17.34:227][  0]LogPakFile: PakFile PathHashIndexSize=101
[2025.07.14-01.17.34:227][  0]LogPakFile: PakFile FullDirectoryIndexSize=148
[2025.07.14-01.17.34:227][  0]LogShaderLibrary: Display: ShaderCodeLibraryPakFileMountedCallback: PakFile 'D:/UE4-Windows/UE_4.27/FeaturePacks/StarterContent.upack' (chunk index -1, root 'root:/') mounted
[2025.07.14-01.17.34:228][  0]LogShaderLibrary: Display: ShaderCodeLibraryPakFileMountedCallback: pending pak file info (ChunkID:-1 Root:root:/ File:D:/UE4-Windows/UE_4.27/FeaturePacks/StarterContent.upack)
[2025.07.14-01.17.34:228][  0]LogPakFile: OnPakFileMounted2Time == 0.000232
[2025.07.14-01.17.34:230][  0]LogPakFile: PakFile PrimaryIndexSize=190
[2025.07.14-01.17.34:230][  0]LogPakFile: PakFile PathHashIndexSize=101
[2025.07.14-01.17.34:230][  0]LogPakFile: PakFile FullDirectoryIndexSize=154
[2025.07.14-01.17.34:230][  0]LogShaderLibrary: Display: ShaderCodeLibraryPakFileMountedCallback: PakFile 'D:/UE4-Windows/UE_4.27/FeaturePacks/TP_2DSideScroller.upack' (chunk index -1, root 'root:/') mounted
[2025.07.14-01.17.34:230][  0]LogShaderLibrary: Display: ShaderCodeLibraryPakFileMountedCallback: pending pak file info (ChunkID:-1 Root:root:/ File:D:/UE4-Windows/UE_4.27/FeaturePacks/TP_2DSideScroller.upack)
[2025.07.14-01.17.34:230][  0]LogPakFile: OnPakFileMounted2Time == 0.000232
[2025.07.14-01.17.34:233][  0]LogPakFile: PakFile PrimaryIndexSize=192
[2025.07.14-01.17.34:233][  0]LogPakFile: PakFile PathHashIndexSize=101
[2025.07.14-01.17.34:233][  0]LogPakFile: PakFile FullDirectoryIndexSize=158
[2025.07.14-01.17.34:233][  0]LogShaderLibrary: Display: ShaderCodeLibraryPakFileMountedCallback: PakFile 'D:/UE4-Windows/UE_4.27/FeaturePacks/TP_2DSideScrollerBP.upack' (chunk index -1, root 'root:/') mounted
[2025.07.14-01.17.34:233][  0]LogShaderLibrary: Display: ShaderCodeLibraryPakFileMountedCallback: pending pak file info (ChunkID:-1 Root:root:/ File:D:/UE4-Windows/UE_4.27/FeaturePacks/TP_2DSideScrollerBP.upack)
[2025.07.14-01.17.34:233][  0]LogPakFile: OnPakFileMounted2Time == 0.000204
[2025.07.14-01.17.34:235][  0]LogPakFile: PakFile PrimaryIndexSize=182
[2025.07.14-01.17.34:236][  0]LogPakFile: PakFile PathHashIndexSize=101
[2025.07.14-01.17.34:236][  0]LogPakFile: PakFile FullDirectoryIndexSize=138
[2025.07.14-01.17.34:236][  0]LogShaderLibrary: Display: ShaderCodeLibraryPakFileMountedCallback: PakFile 'D:/UE4-Windows/UE_4.27/FeaturePacks/TP_Flying.upack' (chunk index -1, root 'root:/') mounted
[2025.07.14-01.17.34:236][  0]LogShaderLibrary: Display: ShaderCodeLibraryPakFileMountedCallback: pending pak file info (ChunkID:-1 Root:root:/ File:D:/UE4-Windows/UE_4.27/FeaturePacks/TP_Flying.upack)
[2025.07.14-01.17.34:236][  0]LogPakFile: OnPakFileMounted2Time == 0.000221
[2025.07.14-01.17.34:238][  0]LogPakFile: PakFile PrimaryIndexSize=184
[2025.07.14-01.17.34:238][  0]LogPakFile: PakFile PathHashIndexSize=101
[2025.07.14-01.17.34:239][  0]LogPakFile: PakFile FullDirectoryIndexSize=142
[2025.07.14-01.17.34:239][  0]LogShaderLibrary: Display: ShaderCodeLibraryPakFileMountedCallback: PakFile 'D:/UE4-Windows/UE_4.27/FeaturePacks/TP_FlyingBP.upack' (chunk index -1, root 'root:/') mounted
[2025.07.14-01.17.34:239][  0]LogShaderLibrary: Display: ShaderCodeLibraryPakFileMountedCallback: pending pak file info (ChunkID:-1 Root:root:/ File:D:/UE4-Windows/UE_4.27/FeaturePacks/TP_FlyingBP.upack)
[2025.07.14-01.17.34:239][  0]LogPakFile: OnPakFileMounted2Time == 0.000254
[2025.07.14-01.17.34:242][  0]LogPakFile: PakFile PrimaryIndexSize=188
[2025.07.14-01.17.34:242][  0]LogPakFile: PakFile PathHashIndexSize=101
[2025.07.14-01.17.34:242][  0]LogPakFile: PakFile FullDirectoryIndexSize=150
[2025.07.14-01.17.34:242][  0]LogShaderLibrary: Display: ShaderCodeLibraryPakFileMountedCallback: PakFile 'D:/UE4-Windows/UE_4.27/FeaturePacks/TP_HandheldARBP.upack' (chunk index -1, root 'root:/') mounted
[2025.07.14-01.17.34:242][  0]LogShaderLibrary: Display: ShaderCodeLibraryPakFileMountedCallback: pending pak file info (ChunkID:-1 Root:root:/ File:D:/UE4-Windows/UE_4.27/FeaturePacks/TP_HandheldARBP.upack)
[2025.07.14-01.17.34:242][  0]LogPakFile: OnPakFileMounted2Time == 0.000206
[2025.07.14-01.17.34:245][  0]LogPakFile: PakFile PrimaryIndexSize=182
[2025.07.14-01.17.34:245][  0]LogPakFile: PakFile PathHashIndexSize=101
[2025.07.14-01.17.34:245][  0]LogPakFile: PakFile FullDirectoryIndexSize=138
[2025.07.14-01.17.34:245][  0]LogShaderLibrary: Display: ShaderCodeLibraryPakFileMountedCallback: PakFile 'D:/UE4-Windows/UE_4.27/FeaturePacks/TP_Puzzle.upack' (chunk index -1, root 'root:/') mounted
[2025.07.14-01.17.34:245][  0]LogShaderLibrary: Display: ShaderCodeLibraryPakFileMountedCallback: pending pak file info (ChunkID:-1 Root:root:/ File:D:/UE4-Windows/UE_4.27/FeaturePacks/TP_Puzzle.upack)
[2025.07.14-01.17.34:246][  0]LogPakFile: OnPakFileMounted2Time == 0.000257
[2025.07.14-01.17.34:248][  0]LogPakFile: PakFile PrimaryIndexSize=184
[2025.07.14-01.17.34:248][  0]LogPakFile: PakFile PathHashIndexSize=101
[2025.07.14-01.17.34:248][  0]LogPakFile: PakFile FullDirectoryIndexSize=142
[2025.07.14-01.17.34:248][  0]LogShaderLibrary: Display: ShaderCodeLibraryPakFileMountedCallback: PakFile 'D:/UE4-Windows/UE_4.27/FeaturePacks/TP_PuzzleBP.upack' (chunk index -1, root 'root:/') mounted
[2025.07.14-01.17.34:248][  0]LogShaderLibrary: Display: ShaderCodeLibraryPakFileMountedCallback: pending pak file info (ChunkID:-1 Root:root:/ File:D:/UE4-Windows/UE_4.27/FeaturePacks/TP_PuzzleBP.upack)
[2025.07.14-01.17.34:248][  0]LogPakFile: OnPakFileMounted2Time == 0.000237
[2025.07.14-01.17.34:250][  0]LogPakFile: PakFile PrimaryIndexSize=183
[2025.07.14-01.17.34:251][  0]LogPakFile: PakFile PathHashIndexSize=101
[2025.07.14-01.17.34:251][  0]LogPakFile: PakFile FullDirectoryIndexSize=140
[2025.07.14-01.17.34:251][  0]LogShaderLibrary: Display: ShaderCodeLibraryPakFileMountedCallback: PakFile 'D:/UE4-Windows/UE_4.27/FeaturePacks/TP_Rolling.upack' (chunk index -1, root 'root:/') mounted
[2025.07.14-01.17.34:251][  0]LogShaderLibrary: Display: ShaderCodeLibraryPakFileMountedCallback: pending pak file info (ChunkID:-1 Root:root:/ File:D:/UE4-Windows/UE_4.27/FeaturePacks/TP_Rolling.upack)
[2025.07.14-01.17.34:251][  0]LogPakFile: OnPakFileMounted2Time == 0.000298
[2025.07.14-01.17.34:253][  0]LogPakFile: PakFile PrimaryIndexSize=185
[2025.07.14-01.17.34:254][  0]LogPakFile: PakFile PathHashIndexSize=101
[2025.07.14-01.17.34:254][  0]LogPakFile: PakFile FullDirectoryIndexSize=144
[2025.07.14-01.17.34:254][  0]LogShaderLibrary: Display: ShaderCodeLibraryPakFileMountedCallback: PakFile 'D:/UE4-Windows/UE_4.27/FeaturePacks/TP_RollingBP.upack' (chunk index -1, root 'root:/') mounted
[2025.07.14-01.17.34:254][  0]LogShaderLibrary: Display: ShaderCodeLibraryPakFileMountedCallback: pending pak file info (ChunkID:-1 Root:root:/ File:D:/UE4-Windows/UE_4.27/FeaturePacks/TP_RollingBP.upack)
[2025.07.14-01.17.34:254][  0]LogPakFile: OnPakFileMounted2Time == 0.000235
[2025.07.14-01.17.34:256][  0]LogPakFile: PakFile PrimaryIndexSize=188
[2025.07.14-01.17.34:256][  0]LogPakFile: PakFile PathHashIndexSize=101
[2025.07.14-01.17.34:256][  0]LogPakFile: PakFile FullDirectoryIndexSize=150
[2025.07.14-01.17.34:256][  0]LogShaderLibrary: Display: ShaderCodeLibraryPakFileMountedCallback: PakFile 'D:/UE4-Windows/UE_4.27/FeaturePacks/TP_SideScroller.upack' (chunk index -1, root 'root:/') mounted
[2025.07.14-01.17.34:257][  0]LogShaderLibrary: Display: ShaderCodeLibraryPakFileMountedCallback: pending pak file info (ChunkID:-1 Root:root:/ File:D:/UE4-Windows/UE_4.27/FeaturePacks/TP_SideScroller.upack)
[2025.07.14-01.17.34:257][  0]LogPakFile: OnPakFileMounted2Time == 0.000226
[2025.07.14-01.17.34:259][  0]LogPakFile: PakFile PrimaryIndexSize=190
[2025.07.14-01.17.34:259][  0]LogPakFile: PakFile PathHashIndexSize=101
[2025.07.14-01.17.34:259][  0]LogPakFile: PakFile FullDirectoryIndexSize=154
[2025.07.14-01.17.34:260][  0]LogShaderLibrary: Display: ShaderCodeLibraryPakFileMountedCallback: PakFile 'D:/UE4-Windows/UE_4.27/FeaturePacks/TP_SideScrollerBP.upack' (chunk index -1, root 'root:/') mounted
[2025.07.14-01.17.34:260][  0]LogShaderLibrary: Display: ShaderCodeLibraryPakFileMountedCallback: pending pak file info (ChunkID:-1 Root:root:/ File:D:/UE4-Windows/UE_4.27/FeaturePacks/TP_SideScrollerBP.upack)
[2025.07.14-01.17.34:260][  0]LogPakFile: OnPakFileMounted2Time == 0.000201
[2025.07.14-01.17.34:262][  0]LogPakFile: PakFile PrimaryIndexSize=187
[2025.07.14-01.17.34:262][  0]LogPakFile: PakFile PathHashIndexSize=101
[2025.07.14-01.17.34:262][  0]LogPakFile: PakFile FullDirectoryIndexSize=148
[2025.07.14-01.17.34:262][  0]LogShaderLibrary: Display: ShaderCodeLibraryPakFileMountedCallback: PakFile 'D:/UE4-Windows/UE_4.27/FeaturePacks/TP_ThirdPerson.upack' (chunk index -1, root 'root:/') mounted
[2025.07.14-01.17.34:263][  0]LogShaderLibrary: Display: ShaderCodeLibraryPakFileMountedCallback: pending pak file info (ChunkID:-1 Root:root:/ File:D:/UE4-Windows/UE_4.27/FeaturePacks/TP_ThirdPerson.upack)
[2025.07.14-01.17.34:263][  0]LogPakFile: OnPakFileMounted2Time == 0.000692
[2025.07.14-01.17.34:265][  0]LogPakFile: PakFile PrimaryIndexSize=189
[2025.07.14-01.17.34:265][  0]LogPakFile: PakFile PathHashIndexSize=101
[2025.07.14-01.17.34:266][  0]LogPakFile: PakFile FullDirectoryIndexSize=152
[2025.07.14-01.17.34:266][  0]LogShaderLibrary: Display: ShaderCodeLibraryPakFileMountedCallback: PakFile 'D:/UE4-Windows/UE_4.27/FeaturePacks/TP_ThirdPersonBP.upack' (chunk index -1, root 'root:/') mounted
[2025.07.14-01.17.34:266][  0]LogShaderLibrary: Display: ShaderCodeLibraryPakFileMountedCallback: pending pak file info (ChunkID:-1 Root:root:/ File:D:/UE4-Windows/UE_4.27/FeaturePacks/TP_ThirdPersonBP.upack)
[2025.07.14-01.17.34:266][  0]LogPakFile: OnPakFileMounted2Time == 0.000192
[2025.07.14-01.17.34:268][  0]LogPakFile: PakFile PrimaryIndexSize=183
[2025.07.14-01.17.34:268][  0]LogPakFile: PakFile PathHashIndexSize=101
[2025.07.14-01.17.34:268][  0]LogPakFile: PakFile FullDirectoryIndexSize=140
[2025.07.14-01.17.34:268][  0]LogShaderLibrary: Display: ShaderCodeLibraryPakFileMountedCallback: PakFile 'D:/UE4-Windows/UE_4.27/FeaturePacks/TP_TopDown.upack' (chunk index -1, root 'root:/') mounted
[2025.07.14-01.17.34:268][  0]LogShaderLibrary: Display: ShaderCodeLibraryPakFileMountedCallback: pending pak file info (ChunkID:-1 Root:root:/ File:D:/UE4-Windows/UE_4.27/FeaturePacks/TP_TopDown.upack)
[2025.07.14-01.17.34:268][  0]LogPakFile: OnPakFileMounted2Time == 0.000217
[2025.07.14-01.17.34:270][  0]LogPakFile: PakFile PrimaryIndexSize=185
[2025.07.14-01.17.34:270][  0]LogPakFile: PakFile PathHashIndexSize=101
[2025.07.14-01.17.34:270][  0]LogPakFile: PakFile FullDirectoryIndexSize=144
[2025.07.14-01.17.34:271][  0]LogShaderLibrary: Display: ShaderCodeLibraryPakFileMountedCallback: PakFile 'D:/UE4-Windows/UE_4.27/FeaturePacks/TP_TopDownBP.upack' (chunk index -1, root 'root:/') mounted
[2025.07.14-01.17.34:271][  0]LogShaderLibrary: Display: ShaderCodeLibraryPakFileMountedCallback: pending pak file info (ChunkID:-1 Root:root:/ File:D:/UE4-Windows/UE_4.27/FeaturePacks/TP_TopDownBP.upack)
[2025.07.14-01.17.34:271][  0]LogPakFile: OnPakFileMounted2Time == 0.000286
[2025.07.14-01.17.34:273][  0]LogPakFile: PakFile PrimaryIndexSize=185
[2025.07.14-01.17.34:273][  0]LogPakFile: PakFile PathHashIndexSize=101
[2025.07.14-01.17.34:273][  0]LogPakFile: PakFile FullDirectoryIndexSize=144
[2025.07.14-01.17.34:273][  0]LogShaderLibrary: Display: ShaderCodeLibraryPakFileMountedCallback: PakFile 'D:/UE4-Windows/UE_4.27/FeaturePacks/TP_TwinStick.upack' (chunk index -1, root 'root:/') mounted
[2025.07.14-01.17.34:274][  0]LogShaderLibrary: Display: ShaderCodeLibraryPakFileMountedCallback: pending pak file info (ChunkID:-1 Root:root:/ File:D:/UE4-Windows/UE_4.27/FeaturePacks/TP_TwinStick.upack)
[2025.07.14-01.17.34:274][  0]LogPakFile: OnPakFileMounted2Time == 0.000246
[2025.07.14-01.17.34:276][  0]LogPakFile: PakFile PrimaryIndexSize=187
[2025.07.14-01.17.34:276][  0]LogPakFile: PakFile PathHashIndexSize=101
[2025.07.14-01.17.34:276][  0]LogPakFile: PakFile FullDirectoryIndexSize=148
[2025.07.14-01.17.34:276][  0]LogShaderLibrary: Display: ShaderCodeLibraryPakFileMountedCallback: PakFile 'D:/UE4-Windows/UE_4.27/FeaturePacks/TP_TwinStickBP.upack' (chunk index -1, root 'root:/') mounted
[2025.07.14-01.17.34:276][  0]LogShaderLibrary: Display: ShaderCodeLibraryPakFileMountedCallback: pending pak file info (ChunkID:-1 Root:root:/ File:D:/UE4-Windows/UE_4.27/FeaturePacks/TP_TwinStickBP.upack)
[2025.07.14-01.17.34:276][  0]LogPakFile: OnPakFileMounted2Time == 0.000181
[2025.07.14-01.17.34:278][  0]LogPakFile: PakFile PrimaryIndexSize=183
[2025.07.14-01.17.34:278][  0]LogPakFile: PakFile PathHashIndexSize=101
[2025.07.14-01.17.34:278][  0]LogPakFile: PakFile FullDirectoryIndexSize=140
[2025.07.14-01.17.34:279][  0]LogShaderLibrary: Display: ShaderCodeLibraryPakFileMountedCallback: PakFile 'D:/UE4-Windows/UE_4.27/FeaturePacks/TP_Vehicle.upack' (chunk index -1, root 'root:/') mounted
[2025.07.14-01.17.34:279][  0]LogShaderLibrary: Display: ShaderCodeLibraryPakFileMountedCallback: pending pak file info (ChunkID:-1 Root:root:/ File:D:/UE4-Windows/UE_4.27/FeaturePacks/TP_Vehicle.upack)
[2025.07.14-01.17.34:279][  0]LogPakFile: OnPakFileMounted2Time == 0.000206
[2025.07.14-01.17.34:281][  0]LogPakFile: PakFile PrimaryIndexSize=186
[2025.07.14-01.17.34:281][  0]LogPakFile: PakFile PathHashIndexSize=101
[2025.07.14-01.17.34:281][  0]LogPakFile: PakFile FullDirectoryIndexSize=146
[2025.07.14-01.17.34:281][  0]LogShaderLibrary: Display: ShaderCodeLibraryPakFileMountedCallback: PakFile 'D:/UE4-Windows/UE_4.27/FeaturePacks/TP_VehicleAdv.upack' (chunk index -1, root 'root:/') mounted
[2025.07.14-01.17.34:281][  0]LogShaderLibrary: Display: ShaderCodeLibraryPakFileMountedCallback: pending pak file info (ChunkID:-1 Root:root:/ File:D:/UE4-Windows/UE_4.27/FeaturePacks/TP_VehicleAdv.upack)
[2025.07.14-01.17.34:281][  0]LogPakFile: OnPakFileMounted2Time == 0.000234
[2025.07.14-01.17.34:283][  0]LogPakFile: PakFile PrimaryIndexSize=188
[2025.07.14-01.17.34:283][  0]LogPakFile: PakFile PathHashIndexSize=101
[2025.07.14-01.17.34:284][  0]LogPakFile: PakFile FullDirectoryIndexSize=150
[2025.07.14-01.17.34:284][  0]LogShaderLibrary: Display: ShaderCodeLibraryPakFileMountedCallback: PakFile 'D:/UE4-Windows/UE_4.27/FeaturePacks/TP_VehicleAdvBP.upack' (chunk index -1, root 'root:/') mounted
[2025.07.14-01.17.34:284][  0]LogShaderLibrary: Display: ShaderCodeLibraryPakFileMountedCallback: pending pak file info (ChunkID:-1 Root:root:/ File:D:/UE4-Windows/UE_4.27/FeaturePacks/TP_VehicleAdvBP.upack)
[2025.07.14-01.17.34:284][  0]LogPakFile: OnPakFileMounted2Time == 0.000206
[2025.07.14-01.17.34:286][  0]LogPakFile: PakFile PrimaryIndexSize=185
[2025.07.14-01.17.34:286][  0]LogPakFile: PakFile PathHashIndexSize=101
[2025.07.14-01.17.34:286][  0]LogPakFile: PakFile FullDirectoryIndexSize=144
[2025.07.14-01.17.34:286][  0]LogShaderLibrary: Display: ShaderCodeLibraryPakFileMountedCallback: PakFile 'D:/UE4-Windows/UE_4.27/FeaturePacks/TP_VehicleBP.upack' (chunk index -1, root 'root:/') mounted
[2025.07.14-01.17.34:286][  0]LogShaderLibrary: Display: ShaderCodeLibraryPakFileMountedCallback: pending pak file info (ChunkID:-1 Root:root:/ File:D:/UE4-Windows/UE_4.27/FeaturePacks/TP_VehicleBP.upack)
[2025.07.14-01.17.34:287][  0]LogPakFile: OnPakFileMounted2Time == 0.000230
[2025.07.14-01.17.34:289][  0]LogPakFile: PakFile PrimaryIndexSize=192
[2025.07.14-01.17.34:289][  0]LogPakFile: PakFile PathHashIndexSize=101
[2025.07.14-01.17.34:289][  0]LogPakFile: PakFile FullDirectoryIndexSize=158
[2025.07.14-01.17.34:289][  0]LogShaderLibrary: Display: ShaderCodeLibraryPakFileMountedCallback: PakFile 'D:/UE4-Windows/UE_4.27/FeaturePacks/TP_VirtualRealityBP.upack' (chunk index -1, root 'root:/') mounted
[2025.07.14-01.17.34:290][  0]LogShaderLibrary: Display: ShaderCodeLibraryPakFileMountedCallback: pending pak file info (ChunkID:-1 Root:root:/ File:D:/UE4-Windows/UE_4.27/FeaturePacks/TP_VirtualRealityBP.upack)
[2025.07.14-01.17.34:290][  0]LogPakFile: OnPakFileMounted2Time == 0.000347
[2025.07.14-01.17.34:469][  0]LogNativeClassHierarchy: Verbose: Native class hierarchy updated for 'AddContentDialog' in 0.0009 seconds. Added 0 classes and 0 folders.
[2025.07.14-01.17.34:472][  0]LogNativeClassHierarchy: Verbose: Native class hierarchy updated for 'SceneOutliner' in 0.0007 seconds. Added 2 classes and 0 folders.
[2025.07.14-01.17.34:989][  0]LogSlate: Took 0.000396 seconds to synchronously load lazily loaded font '../../../Engine/Content/Slate/Fonts/Roboto-Regular.ttf' (155K)
[2025.07.14-01.17.34:995][  0]LogSlate: Took 0.000418 seconds to synchronously load lazily loaded font '../../../Engine/Content/Editor/Slate/Fonts/FontAwesome.ttf' (139K)
[2025.07.14-01.17.34:999][  0]LogSlate: Took 0.000580 seconds to synchronously load lazily loaded font '../../../Engine/Content/Slate/Fonts/Roboto-Bold.ttf' (160K)
[2025.07.14-01.17.35:398][  0]LogRenderer: Reallocating scene render targets to support 1208x572 Format 10 NumSamples 1 (Frame:1).
[2025.07.14-01.17.35:590][  0]LogSlate: Took 0.000627 seconds to synchronously load lazily loaded font '../../../Engine/Content/Slate/Fonts/Roboto-Light.ttf' (167K)
[2025.07.14-01.17.36:026][  0]LogNativeClassHierarchy: Verbose: Native class hierarchy updated for 'HierarchicalLODOutliner' in 0.0007 seconds. Added 0 classes and 0 folders.
[2025.07.14-01.17.36:027][  0]LogInput: Warning: Action Jump uses invalid key OculusGo_Left_Trigger_Click.
[2025.07.14-01.17.36:027][  0]LogInput: Warning: Action ResetVR uses invalid key OculusGo_Left_Trackpad_Click.
[2025.07.14-01.17.36:027][  0]LogInput: Warning: Use -RemoveInvalidKeys to remove instances of these keys from the action mapping.
[2025.07.14-01.17.36:027][  0]LogLoad: (Engine Initialization) Total time: 15.40 seconds
[2025.07.14-01.17.36:027][  0]LogLoad: (Engine Initialization) Total Blueprint compile time: 0.00 seconds
[2025.07.14-01.17.36:124][  0]LogContentStreaming: Texture pool size now 1000 MB
[2025.07.14-01.17.36:755][  3]LogAssetRegistry: Asset discovery search completed in 10.8096 seconds
[2025.07.14-01.17.36:895][  3]LogCollectionManager: Fixed up redirectors for 0 collections in 0.000009 seconds (updated 0 objects)
[2025.07.14-01.17.46:806][179]MapCheck: New page: Map Check
[2025.07.14-01.17.46:863][179]Cmd: MAP REBUILD ALLVISIBLE
[2025.07.14-01.17.46:864][179]LogEditorServer: Rebuildmap Clear paths rebuilt
[2025.07.14-01.17.47:267][179]LogWorld: UWorld::CleanupWorld for ThirdPersonExampleMap, bSessionEnded=true, bCleanupResources=false
[2025.07.14-01.17.47:567][179]LogNavigationDataBuild: Display: UNavigationSystemV1::Build started...
[2025.07.14-01.17.47:567][179]LogNavigationDataBuild: Display:    Building navigation data using PHYSICS_INTERFACE_PHYSX.
[2025.07.14-01.17.47:567][179]LogNavigationDataBuild: Display:    Building navigation data using WITH_PHYSX.
[2025.07.14-01.17.47:590][179]LogUObjectHash: Compacting FUObjectHashTables data took   2.66ms
[2025.07.14-01.17.53:653][179]LogShaderCompilers: Display: Worker (1/5): shaders left to compile 20
[2025.07.14-01.17.53:653][179]LogShaderCompilers: Display: Started 6 'Local' shader compile jobs with 'ForceLocal' priority
[2025.07.14-01.17.53:653][179]LogShaderCompilers: Display: Worker (2/5): shaders left to compile 14
[2025.07.14-01.17.53:653][179]LogShaderCompilers: Display: Started 4 'Local' shader compile jobs with 'ForceLocal' priority
[2025.07.14-01.17.53:653][179]LogShaderCompilers: Display: Worker (3/5): shaders left to compile 10
[2025.07.14-01.17.53:653][179]LogShaderCompilers: Display: Started 3 'Local' shader compile jobs with 'ForceLocal' priority
[2025.07.14-01.17.53:653][179]LogShaderCompilers: Display: Worker (4/5): shaders left to compile 7
[2025.07.14-01.17.53:653][179]LogShaderCompilers: Display: Started 2 'Local' shader compile jobs with 'ForceLocal' priority
[2025.07.14-01.17.53:653][179]LogShaderCompilers: Display: Worker (4/5): shaders left to compile 5
[2025.07.14-01.17.53:653][179]LogShaderCompilers: Display: Started 2 'Local' shader compile jobs with 'ForceLocal' priority
[2025.07.14-01.17.53:653][179]LogShaderCompilers: Display: Worker (3/5): shaders left to compile 3
[2025.07.14-01.17.53:654][179]LogShaderCompilers: Display: Started 1 'Local' shader compile jobs with 'ForceLocal' priority
[2025.07.14-01.17.53:654][179]LogShaderCompilers: Display: Worker (3/5): shaders left to compile 2
[2025.07.14-01.17.53:654][179]LogShaderCompilers: Display: Started 1 'Local' shader compile jobs with 'ForceLocal' priority
[2025.07.14-01.17.53:654][179]LogShaderCompilers: Display: Worker (2/5): shaders left to compile 1
[2025.07.14-01.17.53:654][179]LogShaderCompilers: Display: Started 1 'Local' shader compile jobs with 'ForceLocal' priority
[2025.07.14-01.17.53:654][179]LogShaderCompilers: Display: Worker (1/5): shaders left to compile 68
[2025.07.14-01.17.53:654][179]LogShaderCompilers: Display: Started 10 'Local' shader compile jobs with 'Normal' priority
[2025.07.14-01.17.53:654][179]LogLevel: Display: Export Material TexCoord Scales took 0.109 seconds.
[2025.07.14-01.17.53:659][179]TextureStreamingBuild: Display: Build Texture Streaming took 0.004 seconds.
[2025.07.14-01.17.53:684][179]LogUObjectHash: Compacting FUObjectHashTables data took   1.02ms
[2025.07.14-01.17.53:691][179]LightingResults: New page: Lighting Build - Jul 13, 2025, 7:17:53 PM
[2025.07.14-01.17.53:817][179]LogSwarmInterface: [OpenConnection] Registering TCP channel ...
[2025.07.14-01.17.54:121][179]LogSwarmInterface: [OpenConnection] Connecting to agent ...
[2025.07.14-01.17.54:169][179]LogSwarmInterface: [TryOpenConnection] Testing the Agent
[2025.07.14-01.17.56:090][179]LogShaderCompilers: Display: Worker (2/5): shaders left to compile 58
[2025.07.14-01.17.56:090][179]LogShaderCompilers: Display: Started 10 'Local' shader compile jobs with 'Normal' priority
[2025.07.14-01.17.56:090][179]LogShaderCompilers: Display: Worker (4/5): shaders left to compile 48
[2025.07.14-01.17.56:090][179]LogShaderCompilers: Display: Started 10 'Local' shader compile jobs with 'Normal' priority
[2025.07.14-01.17.56:090][179]LogShaderCompilers: Display: Worker (3/5): shaders left to compile 38
[2025.07.14-01.17.56:090][179]LogShaderCompilers: Display: Started 10 'Local' shader compile jobs with 'Normal' priority
[2025.07.14-01.17.56:090][179]LogSwarmInterface: [TryOpenConnection] Opening Connection to Agent
[2025.07.14-01.17.56:091][179]LogSwarmInterface: [TryOpenConnection] Local Process ID is 7432
[2025.07.14-01.18.04:298][179]LogStaticLightingSystem: Running Lightmass w/ ImmediateImport mode ENABLED
[2025.07.14-01.18.04:298][179]LogStaticLightingSystem: Running Lightmass w/ ImmediateProcess mode ENABLED
[2025.07.14-01.18.04:298][179]LogStaticLightingSystem: Running Lightmass w/ Sorting mode ENABLED
[2025.07.14-01.18.04:298][179]LogStaticLightingSystem: Running Lightmass w/ Mapping paddings ENABLED
[2025.07.14-01.18.04:298][179]LogStaticLightingSystem: Running Lightmass w/ Mapping debug paddings DISABLED
[2025.07.14-01.18.05:092][179]Cmd: MAP CHECK DONTDISPLAYDIALOG
[2025.07.14-01.18.05:093][179]MapCheck: New page: ThirdPersonExampleMap - Jul 13, 2025, 7:18:05 PM
[2025.07.14-01.18.05:169][179]MapCheck: Warning: Cube_2 Static mesh actor has NULL StaticMesh property 
[2025.07.14-01.18.05:169][179]MapCheck: Warning: Cube2 Static mesh actor has NULL StaticMesh property 
[2025.07.14-01.18.05:170][179]MapCheck: Map check complete: 0 Error(s), 2 Warning(s), took 77.899ms to complete.
[2025.07.14-01.18.05:176][179]LogEditorBuildUtils: Build time 0:18
[2025.07.14-01.18.05:343][179]LogAudioMixer: Resetting audio stream to device id 
[2025.07.14-01.18.05:358][179]LogAudioMixer: Display: 0: FrontLeft
[2025.07.14-01.18.05:358][179]LogAudioMixer: Display: 1: FrontRight
[2025.07.14-01.18.06:332][179]LogSlate: Took 0.000439 seconds to synchronously load lazily loaded font '../../../Engine/Content/Slate/Fonts/DroidSansMono.ttf' (77K)
[2025.07.14-01.18.06:394][180]LogAudioMixer: Resetting audio stream to device id 
[2025.07.14-01.18.06:433][180]LogAudioMixer: Display: 0: FrontLeft
[2025.07.14-01.18.06:433][180]LogAudioMixer: Display: 1: FrontRight
[2025.07.14-01.18.28:071][180]LogShaderCompilers: Display: Worker (4/5): shaders left to compile 28
[2025.07.14-01.18.28:071][180]LogShaderCompilers: Display: Started 8 'Local' shader compile jobs with 'Normal' priority
[2025.07.14-01.18.28:071][180]LogShaderCompilers: Display: Worker (1/5): shaders left to compile 20
[2025.07.14-01.18.28:071][180]LogShaderCompilers: Display: Started 6 'Local' shader compile jobs with 'Normal' priority
[2025.07.14-01.18.28:071][180]LogShaderCompilers: Display: Worker (3/5): shaders left to compile 14
[2025.07.14-01.18.28:071][180]LogShaderCompilers: Display: Started 4 'Local' shader compile jobs with 'Normal' priority
[2025.07.14-01.18.28:071][180]LogShaderCompilers: Display: Worker (2/5): shaders left to compile 10
[2025.07.14-01.18.28:071][180]LogShaderCompilers: Display: Started 3 'Local' shader compile jobs with 'Normal' priority
[2025.07.14-01.18.28:071][180]LogShaderCompilers: Display: Worker (3/5): shaders left to compile 7
[2025.07.14-01.18.28:071][180]LogShaderCompilers: Display: Started 2 'Local' shader compile jobs with 'Normal' priority
[2025.07.14-01.18.28:071][180]LogShaderCompilers: Display: Worker (2/5): shaders left to compile 5
[2025.07.14-01.18.28:071][180]LogShaderCompilers: Display: Started 2 'Local' shader compile jobs with 'Normal' priority
[2025.07.14-01.18.28:071][180]LogShaderCompilers: Display: Worker (3/5): shaders left to compile 3
[2025.07.14-01.18.28:071][180]LogShaderCompilers: Display: Started 1 'Local' shader compile jobs with 'Normal' priority
[2025.07.14-01.18.28:071][180]LogShaderCompilers: Display: Worker (3/5): shaders left to compile 2
[2025.07.14-01.18.28:072][180]LogShaderCompilers: Display: Started 1 'Local' shader compile jobs with 'Normal' priority
[2025.07.14-01.18.28:072][180]LogShaderCompilers: Display: Worker (3/5): shaders left to compile 1
[2025.07.14-01.18.28:072][180]LogShaderCompilers: Display: Started 1 'Local' shader compile jobs with 'Normal' priority
[2025.07.14-01.18.28:072][180]LogShaderCompilers: Display: Worker (2/5): shaders left to compile 51
[2025.07.14-01.18.28:072][180]LogShaderCompilers: Display: Started 10 'Local' shader compile jobs with 'Low' priority
[2025.07.14-01.18.28:072][180]LogShaderCompilers: Display: Worker (4/5): shaders left to compile 41
[2025.07.14-01.18.28:072][180]LogShaderCompilers: Display: Started 10 'Local' shader compile jobs with 'Low' priority
[2025.07.14-01.18.28:072][180]LogShaderCompilers: Display: Worker (3/5): shaders left to compile 31
[2025.07.14-01.18.28:072][180]LogShaderCompilers: Display: Started 8 'Local' shader compile jobs with 'Low' priority
[2025.07.14-01.18.28:072][180]LogShaderCompilers: Display: Worker (1/5): shaders left to compile 23
[2025.07.14-01.18.28:072][180]LogShaderCompilers: Display: Started 6 'Local' shader compile jobs with 'Low' priority
[2025.07.14-01.18.28:072][180]LogShaderCompilers: Display: Worker (2/5): shaders left to compile 17
[2025.07.14-01.18.28:072][180]LogShaderCompilers: Display: Started 5 'Local' shader compile jobs with 'Low' priority
[2025.07.14-01.18.28:072][180]LogShaderCompilers: Display: Worker (1/5): shaders left to compile 12
[2025.07.14-01.18.28:072][180]LogShaderCompilers: Display: Started 4 'Local' shader compile jobs with 'Low' priority
[2025.07.14-01.18.28:072][180]LogShaderCompilers: Display: Worker (3/5): shaders left to compile 8
[2025.07.14-01.18.28:072][180]LogShaderCompilers: Display: Started 3 'Local' shader compile jobs with 'Low' priority
[2025.07.14-01.18.28:072][180]LogShaderCompilers: Display: Worker (4/5): shaders left to compile 5
[2025.07.14-01.18.28:072][180]LogShaderCompilers: Display: Started 2 'Local' shader compile jobs with 'Low' priority
[2025.07.14-01.18.28:072][180]LogShaderCompilers: Display: Worker (3/5): shaders left to compile 3
[2025.07.14-01.18.28:072][180]LogShaderCompilers: Display: Started 1 'Local' shader compile jobs with 'Low' priority
[2025.07.14-01.18.28:072][180]LogShaderCompilers: Display: Worker (4/5): shaders left to compile 2
[2025.07.14-01.18.28:072][180]LogShaderCompilers: Display: Started 1 'Local' shader compile jobs with 'Low' priority
[2025.07.14-01.18.28:072][180]LogShaderCompilers: Display: Worker (3/5): shaders left to compile 1
[2025.07.14-01.18.28:072][180]LogShaderCompilers: Display: Started 1 'Local' shader compile jobs with 'Low' priority
[2025.07.14-01.18.28:187][182]LogSlate: Window 'Message Log' being destroyed
[2025.07.14-01.18.28:200][182]LogSlate: Window 'Message Log' being destroyed
[2025.07.14-01.18.28:317][184]LogUObjectHash: Compacting FUObjectHashTables data took   0.36ms
[2025.07.14-01.18.44:676][875]LogSlate: Took 0.000467 seconds to synchronously load lazily loaded font '../../../Engine/Content/Slate/Fonts/Roboto-Light.ttf' (167K)
[2025.07.14-01.18.44:733][875]LogAssetEditorSubsystem: Opening Asset editor for Blueprint /Game/ThirdPersonBP/Blueprints/blueprints/peoncito.peoncito
[2025.07.14-01.18.45:341][875]LogBlueprintEditor: Perf: 0.4 total seconds to load all 5 blueprint libraries in project. Avoid references to content in blueprint libraries to shorten this time.
[2025.07.14-01.18.45:341][875]LogBlueprintEditor: Perf: 0.2 seconds loading: /Engine/ArtTools/RenderToTexture/Macros/RenderToTextureMacros
[2025.07.14-01.18.45:551][875]Job is a success!
[2025.07.14-01.18.45:551][875]LogNativeClassHierarchy: Verbose: Native class hierarchy updated for 'BlueprintGraph' in 0.0020 seconds. Added 126 classes and 0 folders.
[2025.07.14-01.18.46:995][875]LogSlate: Took 0.000269 seconds to synchronously load lazily loaded font '../../../Engine/Content/Slate/Fonts/Roboto-BoldCondensed.ttf' (158K)
[2025.07.14-01.18.47:406][876]LogVolumetricLightmapImport: Imported Volumetric Lightmap in 0.017s
[2025.07.14-01.18.47:406][876]LogVolumetricLightmapImport:      Indirection Texture 16x16x16 = 0.0Mb
[2025.07.14-01.18.47:406][876]LogVolumetricLightmapImport:      BrickData (all levels) 0.2Mb
[2025.07.14-01.18.47:406][876]LogVolumetricLightmapImport:      Bricks at depth
[2025.07.14-01.18.47:406][876]LogVolumetricLightmapImport:          0: 2.0% covering 100.0% of volume
[2025.07.14-01.18.47:406][876]LogVolumetricLightmapImport:          1: 7.8% covering 6.2% of volume
[2025.07.14-01.18.47:406][876]LogVolumetricLightmapImport:          2: 90.2% covering 1.1% of volume
[2025.07.14-01.18.47:406][876]LogVolumetricLightmapImport:      Bricks in each level
[2025.07.14-01.18.47:406][876]LogVolumetricLightmapImport:          ThirdPersonExampleMap 			 51 bricks 	 100.0% (Persistent Level)
[2025.07.14-01.18.47:837][876]LogTexture: Display: Building textures: SkyOcclusion0_1 (OODLE_AutoDXT, 1024X512)
[2025.07.14-01.18.47:837][876]LogTexture: Display: Building textures: HQ_Lightmap0_1 (OODLE_AutoDXT, 1024X1024)
[2025.07.14-01.18.47:837][876]LogTextureFormatOodle: Display: non-RDO encode 1024 x 512 x 1 to format OODLE_AutoDXT (Oodle OodleTex_BC3) lambda=0 effort=20 
[2025.07.14-01.18.47:837][876]LogTextureFormatOodle: Display: non-RDO encode 1024 x 1024 x 1 to format OODLE_AutoDXT (Oodle OodleTex_BC3) lambda=0 effort=20 
[2025.07.14-01.18.47:837][876]LogTexture: Display: Building textures: SkyOcclusion0_2 (OODLE_AutoDXT, 512X256)
[2025.07.14-01.18.47:838][876]LogTexture: Display: Building textures: HQ_Lightmap0_2 (OODLE_AutoDXT, 512X512)
[2025.07.14-01.18.47:838][876]LogTexture: Display: Building textures: LQ_Lightmap_0_2 (OODLE_DXT1, 512X512)
[2025.07.14-01.18.47:838][876]LogTexture: Display: Building textures: LQ_Lightmap_0_1 (OODLE_DXT1, 1024X1024)
[2025.07.14-01.18.47:838][876]LogTexture: Display: Building textures: SkyOcclusion0_3 (OODLE_AutoDXT, 64X32)
[2025.07.14-01.18.47:838][876]LogTexture: Display: Building textures: HQ_Lightmap0_3 (OODLE_AutoDXT, 64X64)
[2025.07.14-01.18.47:838][876]LogTexture: Display: Building textures: LQ_Lightmap_0_3 (OODLE_DXT1, 64X64)
[2025.07.14-01.18.47:838][876]LogTextureFormatOodle: Display: non-RDO encode 1024 x 1024 x 1 to format OODLE_DXT1 (Oodle OodleTex_BC1_WithTransparency) lambda=0 effort=20 
[2025.07.14-01.18.48:037][876]LogTexture: Display: Building textures: ShadowMapTexture2D_1 (G8, 32X32)
[2025.07.14-01.18.48:214][876]LogTexture: Display: Building textures: ShadowMapTexture2D_0 (G8, 1024X1024)
[2025.07.14-01.18.48:215][876]LogStaticLightingSystem: ThirdPersonExampleMap_BuiltData storing lightmap data for 17 meshes in 3 LightmapResourceClusters (5.7 Meshes per cluster).
[2025.07.14-01.18.48:247][876]Lightmass on LAPTOP-AHL2VAE2: 19.2 sec total, 4.78 sec importing, 26 ms setup, 1.97 sec photons, 12.2 sec processing, 0 ms extra exporting [17/17 mappings]. Threads: 1:26 min total, 26.9 sec processing.
[2025.07.14-01.18.48:251][876]LogUObjectHash: Compacting FUObjectHashTables data took   3.07ms
[2025.07.14-01.18.48:290][876]LogStaticLightingSystem: Illumination: 54.3 sec (355 ms encoding lightmaps, 352 ms encoding shadowmaps)
[2025.07.14-01.18.48:290][876]LogStaticLightingSystem: Lightmap texture memory:  3.3 MB (3.3 MB streaming, 0.0 MB non-streaming), 6 textures
[2025.07.14-01.18.48:291][876]LogStaticLightingSystem: Shadowmap texture memory: 1.3 MB (1.3 MB streaming, 0.0 MB non-streaming), 2 textures
[2025.07.14-01.18.49:334][876]DumpUnbuiltLightIteractions
[2025.07.14-01.18.49:334][876]Lights with unbuilt interactions: 0
[2025.07.14-01.18.49:334][876]
[2025.07.14-01.18.49:334][876]Primitives with unbuilt interactions: 0
[2025.07.14-01.18.49:410][876]LogTexture: Display: Building textures: NewReflectionComponentTexture3884DE244CA9D1E5320A11B1C608A293 (BGRA8, 128X128)
[2025.07.14-01.18.49:435][876]LogSlate: Took 0.000198 seconds to synchronously load lazily loaded font '../../../Engine/Content/Slate/Fonts/Roboto-Italic.ttf' (157K)
[2025.07.14-01.18.49:468][877]Cmd: MAP CHECK NOTIFYRESULTS
[2025.07.14-01.18.49:468][877]MapCheck: New page: ThirdPersonExampleMap - Jul 13, 2025, 7:18:49 PM
[2025.07.14-01.18.49:468][877]MapCheck: Warning: Cube_2 Static mesh actor has NULL StaticMesh property 
[2025.07.14-01.18.49:468][877]MapCheck: Warning: Cube2 Static mesh actor has NULL StaticMesh property 
[2025.07.14-01.18.49:468][877]MapCheck: Map check complete: 0 Error(s), 2 Warning(s), took 0.558ms to complete.
[2025.07.14-01.18.52:066][981]LogRenderer: Reallocating scene render targets to support 1208x712 Format 10 NumSamples 1 (Frame:1).
[2025.07.14-01.22.12:176][760]LogSavePackage: Moving '../../../../../UTN-e-learning/Unreal-Engine/Unreal-Projects/TP_PreEntrega/Saved/peoncitoB666FCCF4176DE540C9FAC968ECA9E9D.tmp' to '../../../../../UTN-e-learning/Unreal-Engine/Unreal-Projects/TP_PreEntrega/Content/ThirdPersonBP/Blueprints/blueprints/peoncito.uasset'
[2025.07.14-01.22.12:215][760]AssetCheck: New page: Asset Save: peoncito
[2025.07.14-01.22.12:215][760]LogContentValidation: Display: Validating Blueprint /Game/ThirdPersonBP/Blueprints/blueprints/peoncito.peoncito
[2025.07.14-01.22.17:495][977]BlueprintLog: New page: Compile peoncito
[2025.07.14-01.22.17:719][977]LogUObjectHash: Compacting FUObjectHashTables data took   6.39ms
[2025.07.14-01.22.19:294][ 28]LogSavePackage: Moving '../../../../../UTN-e-learning/Unreal-Engine/Unreal-Projects/TP_PreEntrega/Saved/peoncito3CAFB7954AA156800BB958B750628F9D.tmp' to '../../../../../UTN-e-learning/Unreal-Engine/Unreal-Projects/TP_PreEntrega/Content/ThirdPersonBP/Blueprints/blueprints/peoncito.uasset'
[2025.07.14-01.22.19:350][ 28]AssetCheck: New page: Asset Save: peoncito
[2025.07.14-01.22.19:350][ 28]LogContentValidation: Display: Validating Blueprint /Game/ThirdPersonBP/Blueprints/blueprints/peoncito.peoncito
[2025.07.14-01.22.23:303][225]LogEditorViewport: Clicking on Actor (LMB): CharacterChild_C (CharacterChild)
[2025.07.14-01.22.24:548][269]Cmd: DELETE
[2025.07.14-01.22.24:548][269]Cmd: ACTOR DELETE
[2025.07.14-01.22.24:557][269]LogEditorActor: Deleted Actor: CharacterChild_C
[2025.07.14-01.22.24:623][269]LogUObjectHash: Compacting FUObjectHashTables data took   5.44ms
[2025.07.14-01.22.24:625][269]LogEditorActor: Deleted 1 Actors (0.077 secs)
[2025.07.14-01.22.25:917][346]LogEditorViewport: Clicking on Actor (LMB): StaticMeshActor (Floor)
[2025.07.14-01.22.26:315][361]LogUObjectHash: Compacting FUObjectHashTables data took   1.03ms
[2025.07.14-01.22.26:458][361]LogSavePackage: Moving '../../../../../UTN-e-learning/Unreal-Engine/Unreal-Projects/TP_PreEntrega/Saved/ThirdPersonExampleMapF7E7F04A4FCDA24CE4A33E9F2F7865F6.tmp' to '../../../../../UTN-e-learning/Unreal-Engine/Unreal-Projects/TP_PreEntrega/Content/ThirdPersonBP/Maps/ThirdPersonExampleMap.umap'
[2025.07.14-01.22.26:698][361]LogSavePackage: Moving '../../../../../UTN-e-learning/Unreal-Engine/Unreal-Projects/TP_PreEntrega/Saved/ThirdPersonExampleMap_BuiltData4E359BEE45F7D5772B7D85AD6CC7E511.tmp' to '../../../../../UTN-e-learning/Unreal-Engine/Unreal-Projects/TP_PreEntrega/Content/ThirdPersonBP/Maps/ThirdPersonExampleMap_BuiltData.uasset'
[2025.07.14-01.22.26:714][361]AssetCheck: New page: Asset Save: multiple assets
[2025.07.14-01.22.26:714][361]LogContentValidation: Display: Validating MapBuildDataRegistry /Game/ThirdPersonBP/Maps/ThirdPersonExampleMap_BuiltData.ThirdPersonExampleMap_BuiltData
[2025.07.14-01.22.26:714][361]LogContentValidation: Display: Validating World /Game/ThirdPersonBP/Maps/ThirdPersonExampleMap.ThirdPersonExampleMap
[2025.07.14-01.22.27:839][421]LogTemp: Repeating last play command: Selected Viewport
[2025.07.14-01.22.27:875][421]LogPlayLevel: PlayLevel: No blueprints needed recompiling
[2025.07.14-01.22.27:875][421]PIE: New page: PIE session: ThirdPersonExampleMap (Jul 13, 2025, 7:22:27 PM)
[2025.07.14-01.22.27:877][421]LogOnline: OSS: Creating online subsystem instance for: NULL
[2025.07.14-01.22.27:879][421]LogOnline: OSS: TryLoadSubsystemAndSetDefault: Loaded subsystem for module [NULL]
[2025.07.14-01.22.27:879][421]LogPlayLevel: Creating play world package: /Game/ThirdPersonBP/Maps/UEDPIE_0_ThirdPersonExampleMap
[2025.07.14-01.22.27:905][421]LogPlayLevel: PIE: StaticDuplicateObject took: (0.025512s)
[2025.07.14-01.22.27:907][421]LogAIModule: Creating AISystem for world ThirdPersonExampleMap
[2025.07.14-01.22.27:907][421]LogPlayLevel: PIE: World Init took: (0.002163s)
[2025.07.14-01.22.27:907][421]LogPlayLevel: PIE: Created PIE world by copying editor world from /Game/ThirdPersonBP/Maps/ThirdPersonExampleMap.ThirdPersonExampleMap to /Game/ThirdPersonBP/Maps/UEDPIE_0_ThirdPersonExampleMap.ThirdPersonExampleMap (0.027956s)
[2025.07.14-01.22.27:948][421]LogUObjectHash: Compacting FUObjectHashTables data took   4.30ms
[2025.07.14-01.22.27:950][421]LogAudio: Display: Creating Audio Device:                 Id: 2, Scope: Unique, Realtime: True
[2025.07.14-01.22.27:950][421]LogAudioMixer: Display: Audio Mixer Platform Settings:
[2025.07.14-01.22.27:950][421]LogAudioMixer: Display: 	Sample Rate:						  48000
[2025.07.14-01.22.27:950][421]LogAudioMixer: Display: 	Callback Buffer Frame Size Requested: 1024
[2025.07.14-01.22.27:950][421]LogAudioMixer: Display: 	Callback Buffer Frame Size To Use:	  1024
[2025.07.14-01.22.27:950][421]LogAudioMixer: Display: 	Number of buffers to queue:			  2
[2025.07.14-01.22.27:950][421]LogAudioMixer: Display: 	Max Channels (voices):				  32
[2025.07.14-01.22.27:950][421]LogAudioMixer: Display: 	Number of Async Source Workers:		  0
[2025.07.14-01.22.27:951][421]LogAudio: Display: AudioDevice MaxSources: 32
[2025.07.14-01.22.27:951][421]LogAudio: Display: Audio Spatialization Plugin: None (built-in).
[2025.07.14-01.22.27:951][421]LogAudio: Display: Audio Reverb Plugin: None (built-in).
[2025.07.14-01.22.27:951][421]LogAudio: Display: Audio Occlusion Plugin: None (built-in).
[2025.07.14-01.22.27:952][421]LogAudioMixer: Display: Initializing audio mixer.
[2025.07.14-01.22.27:961][421]LogAudioMixer: Display: 0: FrontLeft
[2025.07.14-01.22.27:961][421]LogAudioMixer: Display: 1: FrontRight
[2025.07.14-01.22.28:002][421]LogAudioMixer: Display: Using Audio Device Speakers (Realtek(R) Audio)
[2025.07.14-01.22.28:002][421]LogAudioMixer: Display: Initializing Sound Submixes...
[2025.07.14-01.22.28:002][421]LogAudioMixer: Display: Creating Master Submix 'MasterSubmixDefault'
[2025.07.14-01.22.28:003][421]LogAudioMixer: Display: Creating Master Submix 'MasterReverbSubmixDefault'
[2025.07.14-01.22.28:003][421]LogAudioMixer: Display: Creating Master Submix 'MasterEQSubmixDefault'
[2025.07.14-01.22.28:004][421]LogAudioMixer: FMixerPlatformXAudio2::StartAudioStream() called
[2025.07.14-01.22.28:004][421]LogAudioMixer: Display: Output buffers initialized: Frames=1024, Channels=2, Samples=2048
[2025.07.14-01.22.28:006][421]LogAudioMixer: Display: Starting AudioMixerPlatformInterface::RunInternal()
[2025.07.14-01.22.28:006][421]LogAudioMixer: Display: FMixerPlatformXAudio2::SubmitBuffer() called for the first time
[2025.07.14-01.22.28:006][421]LogInit: FAudioDevice initialized.
[2025.07.14-01.22.28:006][421]LogAudio: Display: Audio Device (ID: 2) registered with world 'ThirdPersonExampleMap'.
[2025.07.14-01.22.28:019][421]LogLoad: Game class is 'ReglasJuego_C'
[2025.07.14-01.22.28:030][421]LogWorld: Bringing World /Game/ThirdPersonBP/Maps/UEDPIE_0_ThirdPersonExampleMap.ThirdPersonExampleMap up for play (max tick rate 60) at 2025.07.13-22.22.28
[2025.07.14-01.22.28:031][421]LogWorld: Bringing up level for play took: 0.009127
[2025.07.14-01.22.28:031][421]LogOnline: OSS: Creating online subsystem instance for: :Context_24
[2025.07.14-01.22.28:035][421]LogNativeClassHierarchy: Verbose: Native class hierarchy updated for 'MovieSceneCapture' in 0.0004 seconds. Added 20 classes and 0 folders.
[2025.07.14-01.22.28:036][421]LogBlueprintUserMessages: [plataforma_2] Buenas buenas!
[2025.07.14-01.22.28:040][421]PIE: Server logged in
[2025.07.14-01.22.28:041][421]PIE: Play in editor total start time 0.186 seconds.
[2025.07.14-01.22.30:562][524]LogBlueprintUserMessages: [bala_C_0] El peoncito perdio 10 de vida!!!!
[2025.07.14-01.22.30:919][544]LogBlueprintUserMessages: [bala_C_5] Le reste 25 al bad fella
[2025.07.14-01.22.30:920][544]LogBlueprintUserMessages: [bala_C_6] Le reste 25 al bad fella
[2025.07.14-01.22.32:954][656]LogSlate: Updating window title bar state: overlay mode, drag disabled, window buttons hidden, title bar hidden
[2025.07.14-01.22.32:954][656]LogWorld: BeginTearingDown for /Game/ThirdPersonBP/Maps/UEDPIE_0_ThirdPersonExampleMap
[2025.07.14-01.22.32:954][656]LogWorld: UWorld::CleanupWorld for ThirdPersonExampleMap, bSessionEnded=true, bCleanupResources=true
[2025.07.14-01.22.32:956][656]LogSlate: InvalidateAllWidgets triggered.  All widgets were invalidated
[2025.07.14-01.22.32:968][656]LogPlayLevel: Display: Shutting down PIE online subsystems
[2025.07.14-01.22.33:005][656]LogSlate: InvalidateAllWidgets triggered.  All widgets were invalidated
[2025.07.14-01.22.33:046][656]LogSlate: Updating window title bar state: overlay mode, drag disabled, window buttons hidden, title bar hidden
[2025.07.14-01.22.33:046][656]LogAudioMixer: FMixerPlatformXAudio2::StopAudioStream() called
[2025.07.14-01.22.33:048][656]LogAudioMixer: FMixerPlatformXAudio2::StopAudioStream() called
[2025.07.14-01.22.33:100][656]LogUObjectHash: Compacting FUObjectHashTables data took   7.78ms
[2025.07.14-01.22.33:186][657]LogPlayLevel: Display: Destroying online subsystem :Context_24
[2025.07.14-01.22.46:464][353]LogEditorViewport: Clicking on Actor (LMB): peoncito_C (peoncito)
[2025.07.14-01.23.40:103][746]LogSavePackage: Moving '../../../../../UTN-e-learning/Unreal-Engine/Unreal-Projects/TP_PreEntrega/Saved/peoncito19F4E7A549D3403DFD8A858E6A89DAEC.tmp' to '../../../../../UTN-e-learning/Unreal-Engine/Unreal-Projects/TP_PreEntrega/Content/ThirdPersonBP/Blueprints/blueprints/peoncito.uasset'
[2025.07.14-01.23.40:140][746]AssetCheck: New page: Asset Save: peoncito
[2025.07.14-01.23.40:140][746]LogContentValidation: Display: Validating Blueprint /Game/ThirdPersonBP/Blueprints/blueprints/peoncito.peoncito
[2025.07.14-01.23.43:844][855]BlueprintLog: New page: Compile peoncito
[2025.07.14-01.23.44:141][855]LogUObjectHash: Compacting FUObjectHashTables data took   7.50ms
[2025.07.14-01.23.47:919][899]LogEditorViewport: Clicking on Actor (LMB): StaticMeshActor (Floor)
[2025.07.14-01.23.49:217][922]LogUObjectHash: Compacting FUObjectHashTables data took  13.87ms
[2025.07.14-01.23.49:451][922]LogSavePackage: Moving '../../../../../UTN-e-learning/Unreal-Engine/Unreal-Projects/TP_PreEntrega/Saved/ThirdPersonExampleMap7A5A12594A86766BF092F18515BF4E54.tmp' to '../../../../../UTN-e-learning/Unreal-Engine/Unreal-Projects/TP_PreEntrega/Content/ThirdPersonBP/Maps/ThirdPersonExampleMap.umap'
[2025.07.14-01.23.50:038][922]LogSavePackage: Moving '../../../../../UTN-e-learning/Unreal-Engine/Unreal-Projects/TP_PreEntrega/Saved/ThirdPersonExampleMap_BuiltData671112FB46F610BFC36898956F668901.tmp' to '../../../../../UTN-e-learning/Unreal-Engine/Unreal-Projects/TP_PreEntrega/Content/ThirdPersonBP/Maps/ThirdPersonExampleMap_BuiltData.uasset'
[2025.07.14-01.23.50:058][922]AssetCheck: New page: Asset Save: multiple assets
[2025.07.14-01.23.50:058][922]LogContentValidation: Display: Validating MapBuildDataRegistry /Game/ThirdPersonBP/Maps/ThirdPersonExampleMap_BuiltData.ThirdPersonExampleMap_BuiltData
[2025.07.14-01.23.50:058][922]LogContentValidation: Display: Validating World /Game/ThirdPersonBP/Maps/ThirdPersonExampleMap.ThirdPersonExampleMap
[2025.07.14-01.23.50:491][945]LogTemp: Repeating last play command: Selected Viewport
[2025.07.14-01.23.50:526][945]LogPlayLevel: PlayLevel: No blueprints needed recompiling
[2025.07.14-01.23.50:526][945]PIE: New page: PIE session: ThirdPersonExampleMap (Jul 13, 2025, 7:23:50 PM)
[2025.07.14-01.23.50:527][945]LogPlayLevel: Creating play world package: /Game/ThirdPersonBP/Maps/UEDPIE_0_ThirdPersonExampleMap
[2025.07.14-01.23.50:549][945]LogPlayLevel: PIE: StaticDuplicateObject took: (0.022673s)
[2025.07.14-01.23.50:551][945]LogAIModule: Creating AISystem for world ThirdPersonExampleMap
[2025.07.14-01.23.50:551][945]LogPlayLevel: PIE: World Init took: (0.001835s)
[2025.07.14-01.23.50:551][945]LogPlayLevel: PIE: Created PIE world by copying editor world from /Game/ThirdPersonBP/Maps/ThirdPersonExampleMap.ThirdPersonExampleMap to /Game/ThirdPersonBP/Maps/UEDPIE_0_ThirdPersonExampleMap.ThirdPersonExampleMap (0.024801s)
[2025.07.14-01.23.50:599][945]LogUObjectHash: Compacting FUObjectHashTables data took   5.07ms
[2025.07.14-01.23.50:601][945]LogAudio: Display: Creating Audio Device:                 Id: 3, Scope: Unique, Realtime: True
[2025.07.14-01.23.50:601][945]LogAudioMixer: Display: Audio Mixer Platform Settings:
[2025.07.14-01.23.50:601][945]LogAudioMixer: Display: 	Sample Rate:						  48000
[2025.07.14-01.23.50:601][945]LogAudioMixer: Display: 	Callback Buffer Frame Size Requested: 1024
[2025.07.14-01.23.50:601][945]LogAudioMixer: Display: 	Callback Buffer Frame Size To Use:	  1024
[2025.07.14-01.23.50:601][945]LogAudioMixer: Display: 	Number of buffers to queue:			  2
[2025.07.14-01.23.50:601][945]LogAudioMixer: Display: 	Max Channels (voices):				  32
[2025.07.14-01.23.50:601][945]LogAudioMixer: Display: 	Number of Async Source Workers:		  0
[2025.07.14-01.23.50:601][945]LogAudio: Display: AudioDevice MaxSources: 32
[2025.07.14-01.23.50:602][945]LogAudio: Display: Audio Spatialization Plugin: None (built-in).
[2025.07.14-01.23.50:602][945]LogAudio: Display: Audio Reverb Plugin: None (built-in).
[2025.07.14-01.23.50:602][945]LogAudio: Display: Audio Occlusion Plugin: None (built-in).
[2025.07.14-01.23.50:602][945]LogAudioMixer: Display: Initializing audio mixer.
[2025.07.14-01.23.50:611][945]LogAudioMixer: Display: 0: FrontLeft
[2025.07.14-01.23.50:611][945]LogAudioMixer: Display: 1: FrontRight
[2025.07.14-01.23.50:643][945]LogAudioMixer: Display: Using Audio Device Speakers (Realtek(R) Audio)
[2025.07.14-01.23.50:643][945]LogAudioMixer: Display: Initializing Sound Submixes...
[2025.07.14-01.23.50:643][945]LogAudioMixer: Display: Creating Master Submix 'MasterSubmixDefault'
[2025.07.14-01.23.50:643][945]LogAudioMixer: Display: Creating Master Submix 'MasterReverbSubmixDefault'
[2025.07.14-01.23.50:644][945]LogAudioMixer: Display: Creating Master Submix 'MasterEQSubmixDefault'
[2025.07.14-01.23.50:644][945]LogAudioMixer: FMixerPlatformXAudio2::StartAudioStream() called
[2025.07.14-01.23.50:644][945]LogAudioMixer: Display: Output buffers initialized: Frames=1024, Channels=2, Samples=2048
[2025.07.14-01.23.50:646][945]LogAudioMixer: Display: Starting AudioMixerPlatformInterface::RunInternal()
[2025.07.14-01.23.50:646][945]LogAudioMixer: Display: FMixerPlatformXAudio2::SubmitBuffer() called for the first time
[2025.07.14-01.23.50:646][945]LogInit: FAudioDevice initialized.
[2025.07.14-01.23.50:646][945]LogAudio: Display: Audio Device (ID: 3) registered with world 'ThirdPersonExampleMap'.
[2025.07.14-01.23.50:661][945]LogLoad: Game class is 'ReglasJuego_C'
[2025.07.14-01.23.50:671][945]LogWorld: Bringing World /Game/ThirdPersonBP/Maps/UEDPIE_0_ThirdPersonExampleMap.ThirdPersonExampleMap up for play (max tick rate 60) at 2025.07.13-22.23.50
[2025.07.14-01.23.50:672][945]LogWorld: Bringing up level for play took: 0.008632
[2025.07.14-01.23.50:672][945]LogOnline: OSS: Creating online subsystem instance for: :Context_25
[2025.07.14-01.23.50:675][945]LogBlueprintUserMessages: [plataforma_2] Buenas buenas!
[2025.07.14-01.23.50:678][945]PIE: Server logged in
[2025.07.14-01.23.50:679][945]PIE: Play in editor total start time 0.171 seconds.
[2025.07.14-01.23.53:491][ 96]LogBlueprintUserMessages: [bala_C_5] Le reste 25 al bad fella
[2025.07.14-01.23.53:492][ 96]LogBlueprintUserMessages: [bala_C_6] Le reste 25 al bad fella
[2025.07.14-01.23.55:161][185]LogBlueprintUserMessages: [bala_C_4] Le reste 25 al bad fella
[2025.07.14-01.23.56:420][252]LogBlueprintUserMessages: [bala_C_11] El peoncito perdio 10 de vida!!!!
[2025.07.14-01.23.57:006][279]LogSlate: Updating window title bar state: overlay mode, drag disabled, window buttons hidden, title bar hidden
[2025.07.14-01.23.57:007][279]LogWorld: BeginTearingDown for /Game/ThirdPersonBP/Maps/UEDPIE_0_ThirdPersonExampleMap
[2025.07.14-01.23.57:007][279]LogWorld: UWorld::CleanupWorld for ThirdPersonExampleMap, bSessionEnded=true, bCleanupResources=true
[2025.07.14-01.23.57:008][279]LogSlate: InvalidateAllWidgets triggered.  All widgets were invalidated
[2025.07.14-01.23.57:018][279]LogPlayLevel: Display: Shutting down PIE online subsystems
[2025.07.14-01.23.57:036][279]LogSlate: InvalidateAllWidgets triggered.  All widgets were invalidated
[2025.07.14-01.23.57:061][279]LogAudio: Display: Audio Device unregistered from world 'None'.
[2025.07.14-01.23.57:061][279]LogAudioMixer: FMixerPlatformXAudio2::StopAudioStream() called
[2025.07.14-01.23.57:063][279]LogAudioMixer: FMixerPlatformXAudio2::StopAudioStream() called
[2025.07.14-01.23.57:065][279]LogSlate: Updating window title bar state: overlay mode, drag disabled, window buttons hidden, title bar hidden
[2025.07.14-01.23.57:072][279]LogUObjectHash: Compacting FUObjectHashTables data took   3.61ms
[2025.07.14-01.23.57:135][280]LogPlayLevel: Display: Destroying online subsystem :Context_25
[2025.07.14-01.24.06:220][626]LogEditorViewport: Clicking on Actor (LMB): peoncito_C (peoncito)
[2025.07.14-01.24.32:405][310]LogSavePackage: Moving '../../../../../UTN-e-learning/Unreal-Engine/Unreal-Projects/TP_PreEntrega/Saved/peoncitoD930E8AE407EC6A640068787A406DF21.tmp' to '../../../../../UTN-e-learning/Unreal-Engine/Unreal-Projects/TP_PreEntrega/Content/ThirdPersonBP/Blueprints/blueprints/peoncito.uasset'
[2025.07.14-01.24.32:451][310]AssetCheck: New page: Asset Save: peoncito
[2025.07.14-01.24.32:451][310]LogContentValidation: Display: Validating Blueprint /Game/ThirdPersonBP/Blueprints/blueprints/peoncito.peoncito
[2025.07.14-01.24.34:036][347]LogTemp: Repeating last play command: Selected Viewport
[2025.07.14-01.24.34:090][347]BlueprintLog: New page: Pre-Play auto-recompile
[2025.07.14-01.24.34:100][347]LogPlayLevel: [PlayLevel] Compiling peoncito before play...
[2025.07.14-01.24.34:473][347]LogUObjectHash: Compacting FUObjectHashTables data took   7.53ms
[2025.07.14-01.24.34:476][347]LogPlayLevel: PlayLevel: Blueprint regeneration took 386 ms (1 blueprints)
[2025.07.14-01.24.34:476][347]PIE: New page: PIE session: ThirdPersonExampleMap (Jul 13, 2025, 7:24:34 PM)
[2025.07.14-01.24.34:476][347]LogPlayLevel: Creating play world package: /Game/ThirdPersonBP/Maps/UEDPIE_0_ThirdPersonExampleMap
[2025.07.14-01.24.34:511][347]LogPlayLevel: PIE: StaticDuplicateObject took: (0.034902s)
[2025.07.14-01.24.34:513][347]LogAIModule: Creating AISystem for world ThirdPersonExampleMap
[2025.07.14-01.24.34:514][347]LogPlayLevel: PIE: World Init took: (0.002643s)
[2025.07.14-01.24.34:514][347]LogPlayLevel: PIE: Created PIE world by copying editor world from /Game/ThirdPersonBP/Maps/ThirdPersonExampleMap.ThirdPersonExampleMap to /Game/ThirdPersonBP/Maps/UEDPIE_0_ThirdPersonExampleMap.ThirdPersonExampleMap (0.038029s)
[2025.07.14-01.24.34:579][347]LogUObjectHash: Compacting FUObjectHashTables data took   6.08ms
[2025.07.14-01.24.34:580][347]LogAudio: Display: Creating Audio Device:                 Id: 4, Scope: Unique, Realtime: True
[2025.07.14-01.24.34:580][347]LogAudioMixer: Display: Audio Mixer Platform Settings:
[2025.07.14-01.24.34:580][347]LogAudioMixer: Display: 	Sample Rate:						  48000
[2025.07.14-01.24.34:580][347]LogAudioMixer: Display: 	Callback Buffer Frame Size Requested: 1024
[2025.07.14-01.24.34:580][347]LogAudioMixer: Display: 	Callback Buffer Frame Size To Use:	  1024
[2025.07.14-01.24.34:580][347]LogAudioMixer: Display: 	Number of buffers to queue:			  2
[2025.07.14-01.24.34:580][347]LogAudioMixer: Display: 	Max Channels (voices):				  32
[2025.07.14-01.24.34:580][347]LogAudioMixer: Display: 	Number of Async Source Workers:		  0
[2025.07.14-01.24.34:581][347]LogAudio: Display: AudioDevice MaxSources: 32
[2025.07.14-01.24.34:581][347]LogAudio: Display: Audio Spatialization Plugin: None (built-in).
[2025.07.14-01.24.34:582][347]LogAudio: Display: Audio Reverb Plugin: None (built-in).
[2025.07.14-01.24.34:582][347]LogAudio: Display: Audio Occlusion Plugin: None (built-in).
[2025.07.14-01.24.34:582][347]LogAudioMixer: Display: Initializing audio mixer.
[2025.07.14-01.24.34:591][347]LogAudioMixer: Display: 0: FrontLeft
[2025.07.14-01.24.34:591][347]LogAudioMixer: Display: 1: FrontRight
[2025.07.14-01.24.34:627][347]LogAudioMixer: Display: Using Audio Device Speakers (Realtek(R) Audio)
[2025.07.14-01.24.34:628][347]LogAudioMixer: Display: Initializing Sound Submixes...
[2025.07.14-01.24.34:628][347]LogAudioMixer: Display: Creating Master Submix 'MasterSubmixDefault'
[2025.07.14-01.24.34:628][347]LogAudioMixer: Display: Creating Master Submix 'MasterReverbSubmixDefault'
[2025.07.14-01.24.34:628][347]LogAudioMixer: Display: Creating Master Submix 'MasterEQSubmixDefault'
[2025.07.14-01.24.34:629][347]LogAudioMixer: FMixerPlatformXAudio2::StartAudioStream() called
[2025.07.14-01.24.34:629][347]LogAudioMixer: Display: Output buffers initialized: Frames=1024, Channels=2, Samples=2048
[2025.07.14-01.24.34:630][347]LogAudioMixer: Display: Starting AudioMixerPlatformInterface::RunInternal()
[2025.07.14-01.24.34:631][347]LogAudioMixer: Display: FMixerPlatformXAudio2::SubmitBuffer() called for the first time
[2025.07.14-01.24.34:631][347]LogInit: FAudioDevice initialized.
[2025.07.14-01.24.34:631][347]LogAudio: Display: Audio Device (ID: 4) registered with world 'ThirdPersonExampleMap'.
[2025.07.14-01.24.34:652][347]LogLoad: Game class is 'ReglasJuego_C'
[2025.07.14-01.24.34:667][347]LogWorld: Bringing World /Game/ThirdPersonBP/Maps/UEDPIE_0_ThirdPersonExampleMap.ThirdPersonExampleMap up for play (max tick rate 60) at 2025.07.13-22.24.34
[2025.07.14-01.24.34:667][347]LogWorld: Bringing up level for play took: 0.013517
[2025.07.14-01.24.34:668][347]LogOnline: OSS: Creating online subsystem instance for: :Context_26
[2025.07.14-01.24.34:670][347]LogBlueprintUserMessages: [plataforma_2] Buenas buenas!
[2025.07.14-01.24.34:673][347]PIE: Server logged in
[2025.07.14-01.24.34:674][347]PIE: Play in editor total start time 0.614 seconds.
[2025.07.14-01.24.36:855][453]LogBlueprintUserMessages: [bala_C_0] El peoncito perdio 10 de vida!!!!
[2025.07.14-01.24.37:871][505]LogBlueprintUserMessages: [bala_C_3] El peoncito perdio 10 de vida!!!!
[2025.07.14-01.24.40:305][628]LogBlueprintUserMessages: [bala_C_12] Le reste 25 al bad fella
[2025.07.14-01.24.40:306][628]LogBlueprintUserMessages: [bala_C_13] Le reste 25 al bad fella
[2025.07.14-01.24.40:919][658]LogBlueprintUserMessages: [bala_C_11] El peoncito perdio 10 de vida!!!!
[2025.07.14-01.24.41:569][691]LogBlueprintUserMessages: [bala_C_13] El peoncito perdio 10 de vida!!!!
[2025.07.14-01.24.41:855][705]LogBlueprintUserMessages: [bala_C_15] El peoncito perdio 10 de vida!!!!
[2025.07.14-01.24.43:306][774]LogBlueprintUserMessages: [bala_C_20] Le reste 25 al bad fella
[2025.07.14-01.24.43:307][774]LogBlueprintUserMessages: [bala_C_21] Le reste 25 al bad fella
[2025.07.14-01.24.45:812][907]LogBlueprintUserMessages: [bala_C_26] El peoncito perdio 10 de vida!!!!
[2025.07.14-01.24.46:567][942]LogBlueprintUserMessages: [bala_C_28] El peoncito perdio 10 de vida!!!!
[2025.07.14-01.24.47:225][978]LogBlueprintUserMessages: [bala_C_25] Le reste 25 al bad fella
[2025.07.14-01.24.50:524][150]LogBlueprintUserMessages: [Balaza_C_9] Le reste 30 al peoncito
[2025.07.14-01.24.50:527][150]LogBlueprintUserMessages: [peoncito_2] El peoncito murio
[2025.07.14-01.24.50:527][150]LogBlueprintUserMessages: [ReglasJuego_C_0] Noo, perdiste!
[2025.07.14-01.24.50:531][150]LogScript: Warning: Accessed None trying to read property K2Node_DynamicCast_AsPeoncito
	BarraVIda_C /Engine/Transient.UnrealEdEngine_0:GameInstance_2.BarraVIda_C_0
	Function /Game/ThirdPersonBP/Blueprints/blueprints/BarraVIda.BarraVIda_C:GetText_0:0099
[2025.07.14-01.24.50:532][150]PIE: Error: Blueprint Runtime Error: "Accessed None trying to read property K2Node_DynamicCast_AsPeoncito". Blueprint:  BarraVIda Function:  Get Text 0 Graph:  GetText_0 Node:  Return Node
[2025.07.14-01.24.50:548][151]LogNet: Browse: /Game/ThirdPersonBP/Maps/Perdiste_Level
[2025.07.14-01.24.50:548][151]LogLoad: LoadMap: /Game/ThirdPersonBP/Maps/Perdiste_Level
[2025.07.14-01.24.50:548][151]LogWorld: BeginTearingDown for /Game/ThirdPersonBP/Maps/UEDPIE_0_ThirdPersonExampleMap
[2025.07.14-01.24.50:549][151]LogWorld: UWorld::CleanupWorld for ThirdPersonExampleMap, bSessionEnded=true, bCleanupResources=true
[2025.07.14-01.24.50:550][151]LogSlate: InvalidateAllWidgets triggered.  All widgets were invalidated
[2025.07.14-01.24.50:626][151]LogAudio: Display: Audio Device unregistered from world 'None'.
[2025.07.14-01.24.50:635][151]LogUObjectHash: Compacting FUObjectHashTables data took   4.54ms
[2025.07.14-01.24.50:678][151]LogAudio: Display: Audio Device (ID: 4) registered with world 'Perdiste_Level'.
[2025.07.14-01.24.50:681][151]LogAIModule: Creating AISystem for world Perdiste_Level
[2025.07.14-01.24.50:681][151]LogLoad: Game class is 'ReglasJuego_C'
[2025.07.14-01.24.50:773][151]LogWorld: Bringing World /Game/ThirdPersonBP/Maps/UEDPIE_0_Perdiste_Level.Perdiste_Level up for play (max tick rate 60) at 2025.07.13-22.24.50
[2025.07.14-01.24.50:773][151]LogWorld: Bringing up level for play took: 0.089842
[2025.07.14-01.24.50:774][151]LogGameMode: FindPlayerStart: PATHS NOT DEFINED or NO PLAYERSTART with positive rating
[2025.07.14-01.24.50:777][151]LogBlueprintUserMessages: [plataforma_2] Buenas buenas!
[2025.07.14-01.24.50:779][151]LogLoad: Took 0.230381 seconds to LoadMap(/Game/ThirdPersonBP/Maps/Perdiste_Level)
[2025.07.14-01.24.50:866][151]LogScript: Warning: Accessed None trying to read property K2Node_DynamicCast_AsPeoncito
	BarraVIda_C /Engine/Transient.UnrealEdEngine_0:GameInstance_2.BarraVIda_C_1
	Function /Game/ThirdPersonBP/Blueprints/blueprints/BarraVIda.BarraVIda_C:GetText_0:0099
[2025.07.14-01.24.50:866][151]PIE: Error: Blueprint Runtime Error: "Accessed None trying to read property K2Node_DynamicCast_AsPeoncito". Blueprint:  BarraVIda Function:  Get Text 0 Graph:  GetText_0 Node:  Return Node
[2025.07.14-01.24.50:947][152]LogScript: Warning: Accessed None trying to read property K2Node_DynamicCast_AsPeoncito
	BarraVIda_C /Engine/Transient.UnrealEdEngine_0:GameInstance_2.BarraVIda_C_1
	Function /Game/ThirdPersonBP/Blueprints/blueprints/BarraVIda.BarraVIda_C:GetText_0:0099
[2025.07.14-01.24.50:948][152]PIE: Error: Blueprint Runtime Error: "Accessed None trying to read property K2Node_DynamicCast_AsPeoncito". Blueprint:  BarraVIda Function:  Get Text 0 Graph:  GetText_0 Node:  Return Node
[2025.07.14-01.24.50:973][153]LogScript: Warning: Accessed None trying to read property K2Node_DynamicCast_AsPeoncito
	BarraVIda_C /Engine/Transient.UnrealEdEngine_0:GameInstance_2.BarraVIda_C_1
	Function /Game/ThirdPersonBP/Blueprints/blueprints/BarraVIda.BarraVIda_C:GetText_0:0099
[2025.07.14-01.24.50:973][153]PIE: Error: Blueprint Runtime Error: "Accessed None trying to read property K2Node_DynamicCast_AsPeoncito". Blueprint:  BarraVIda Function:  Get Text 0 Graph:  GetText_0 Node:  Return Node
[2025.07.14-01.24.50:998][154]LogScript: Warning: Accessed None trying to read property K2Node_DynamicCast_AsPeoncito
	BarraVIda_C /Engine/Transient.UnrealEdEngine_0:GameInstance_2.BarraVIda_C_1
	Function /Game/ThirdPersonBP/Blueprints/blueprints/BarraVIda.BarraVIda_C:GetText_0:0099
[2025.07.14-01.24.50:998][154]PIE: Error: Blueprint Runtime Error: "Accessed None trying to read property K2Node_DynamicCast_AsPeoncito". Blueprint:  BarraVIda Function:  Get Text 0 Graph:  GetText_0 Node:  Return Node
[2025.07.14-01.24.51:020][155]LogScript: Warning: Accessed None trying to read property K2Node_DynamicCast_AsPeoncito
	BarraVIda_C /Engine/Transient.UnrealEdEngine_0:GameInstance_2.BarraVIda_C_1
	Function /Game/ThirdPersonBP/Blueprints/blueprints/BarraVIda.BarraVIda_C:GetText_0:0099
[2025.07.14-01.24.51:020][155]PIE: Error: Blueprint Runtime Error: "Accessed None trying to read property K2Node_DynamicCast_AsPeoncito". Blueprint:  BarraVIda Function:  Get Text 0 Graph:  GetText_0 Node:  Return Node
[2025.07.14-01.24.51:037][156]LogScript: Warning: Accessed None trying to read property K2Node_DynamicCast_AsPeoncito
	BarraVIda_C /Engine/Transient.UnrealEdEngine_0:GameInstance_2.BarraVIda_C_1
	Function /Game/ThirdPersonBP/Blueprints/blueprints/BarraVIda.BarraVIda_C:GetText_0:0099
[2025.07.14-01.24.51:038][156]PIE: Error: Blueprint Runtime Error: "Accessed None trying to read property K2Node_DynamicCast_AsPeoncito". Blueprint:  BarraVIda Function:  Get Text 0 Graph:  GetText_0 Node:  Return Node
[2025.07.14-01.24.51:059][157]LogScript: Warning: Accessed None trying to read property K2Node_DynamicCast_AsPeoncito
	BarraVIda_C /Engine/Transient.UnrealEdEngine_0:GameInstance_2.BarraVIda_C_1
	Function /Game/ThirdPersonBP/Blueprints/blueprints/BarraVIda.BarraVIda_C:GetText_0:0099
[2025.07.14-01.24.51:060][157]PIE: Error: Blueprint Runtime Error: "Accessed None trying to read property K2Node_DynamicCast_AsPeoncito". Blueprint:  BarraVIda Function:  Get Text 0 Graph:  GetText_0 Node:  Return Node
[2025.07.14-01.24.51:079][158]LogScript: Warning: Accessed None trying to read property K2Node_DynamicCast_AsPeoncito
	BarraVIda_C /Engine/Transient.UnrealEdEngine_0:GameInstance_2.BarraVIda_C_1
	Function /Game/ThirdPersonBP/Blueprints/blueprints/BarraVIda.BarraVIda_C:GetText_0:0099
[2025.07.14-01.24.51:080][158]PIE: Error: Blueprint Runtime Error: "Accessed None trying to read property K2Node_DynamicCast_AsPeoncito". Blueprint:  BarraVIda Function:  Get Text 0 Graph:  GetText_0 Node:  Return Node
[2025.07.14-01.24.51:098][159]LogScript: Warning: Accessed None trying to read property K2Node_DynamicCast_AsPeoncito
	BarraVIda_C /Engine/Transient.UnrealEdEngine_0:GameInstance_2.BarraVIda_C_1
	Function /Game/ThirdPersonBP/Blueprints/blueprints/BarraVIda.BarraVIda_C:GetText_0:0099
[2025.07.14-01.24.51:099][159]PIE: Error: Blueprint Runtime Error: "Accessed None trying to read property K2Node_DynamicCast_AsPeoncito". Blueprint:  BarraVIda Function:  Get Text 0 Graph:  GetText_0 Node:  Return Node
[2025.07.14-01.24.51:115][160]LogScript: Warning: Accessed None trying to read property K2Node_DynamicCast_AsPeoncito
	BarraVIda_C /Engine/Transient.UnrealEdEngine_0:GameInstance_2.BarraVIda_C_1
	Function /Game/ThirdPersonBP/Blueprints/blueprints/BarraVIda.BarraVIda_C:GetText_0:0099
[2025.07.14-01.24.51:116][160]PIE: Error: Blueprint Runtime Error: "Accessed None trying to read property K2Node_DynamicCast_AsPeoncito". Blueprint:  BarraVIda Function:  Get Text 0 Graph:  GetText_0 Node:  Return Node
[2025.07.14-01.24.51:133][161]LogScript: Warning: Accessed None trying to read property K2Node_DynamicCast_AsPeoncito
	BarraVIda_C /Engine/Transient.UnrealEdEngine_0:GameInstance_2.BarraVIda_C_1
	Function /Game/ThirdPersonBP/Blueprints/blueprints/BarraVIda.BarraVIda_C:GetText_0:0099
[2025.07.14-01.24.51:133][161]PIE: Error: Blueprint Runtime Error: "Accessed None trying to read property K2Node_DynamicCast_AsPeoncito". Blueprint:  BarraVIda Function:  Get Text 0 Graph:  GetText_0 Node:  Return Node
[2025.07.14-01.24.51:150][162]LogScript: Warning: Accessed None trying to read property K2Node_DynamicCast_AsPeoncito
	BarraVIda_C /Engine/Transient.UnrealEdEngine_0:GameInstance_2.BarraVIda_C_1
	Function /Game/ThirdPersonBP/Blueprints/blueprints/BarraVIda.BarraVIda_C:GetText_0:0099
[2025.07.14-01.24.51:150][162]PIE: Error: Blueprint Runtime Error: "Accessed None trying to read property K2Node_DynamicCast_AsPeoncito". Blueprint:  BarraVIda Function:  Get Text 0 Graph:  GetText_0 Node:  Return Node
[2025.07.14-01.24.51:168][163]LogScript: Warning: Accessed None trying to read property K2Node_DynamicCast_AsPeoncito
	BarraVIda_C /Engine/Transient.UnrealEdEngine_0:GameInstance_2.BarraVIda_C_1
	Function /Game/ThirdPersonBP/Blueprints/blueprints/BarraVIda.BarraVIda_C:GetText_0:0099
[2025.07.14-01.24.51:168][163]PIE: Error: Blueprint Runtime Error: "Accessed None trying to read property K2Node_DynamicCast_AsPeoncito". Blueprint:  BarraVIda Function:  Get Text 0 Graph:  GetText_0 Node:  Return Node
[2025.07.14-01.24.51:187][164]LogScript: Warning: Accessed None trying to read property K2Node_DynamicCast_AsPeoncito
	BarraVIda_C /Engine/Transient.UnrealEdEngine_0:GameInstance_2.BarraVIda_C_1
	Function /Game/ThirdPersonBP/Blueprints/blueprints/BarraVIda.BarraVIda_C:GetText_0:0099
[2025.07.14-01.24.51:187][164]PIE: Error: Blueprint Runtime Error: "Accessed None trying to read property K2Node_DynamicCast_AsPeoncito". Blueprint:  BarraVIda Function:  Get Text 0 Graph:  GetText_0 Node:  Return Node
[2025.07.14-01.24.51:205][165]LogScript: Warning: Accessed None trying to read property K2Node_DynamicCast_AsPeoncito
	BarraVIda_C /Engine/Transient.UnrealEdEngine_0:GameInstance_2.BarraVIda_C_1
	Function /Game/ThirdPersonBP/Blueprints/blueprints/BarraVIda.BarraVIda_C:GetText_0:0099
[2025.07.14-01.24.51:205][165]PIE: Error: Blueprint Runtime Error: "Accessed None trying to read property K2Node_DynamicCast_AsPeoncito". Blueprint:  BarraVIda Function:  Get Text 0 Graph:  GetText_0 Node:  Return Node
[2025.07.14-01.24.51:273][166]LogSlate: Updating window title bar state: overlay mode, drag disabled, window buttons hidden, title bar hidden
[2025.07.14-01.24.51:273][166]LogWorld: BeginTearingDown for /Game/ThirdPersonBP/Maps/UEDPIE_0_Perdiste_Level
[2025.07.14-01.24.51:273][166]LogWorld: UWorld::CleanupWorld for Perdiste_Level, bSessionEnded=true, bCleanupResources=true
[2025.07.14-01.24.51:275][166]LogSlate: InvalidateAllWidgets triggered.  All widgets were invalidated
[2025.07.14-01.24.51:285][166]LogPlayLevel: Display: Shutting down PIE online subsystems
[2025.07.14-01.24.51:338][166]LogSlate: InvalidateAllWidgets triggered.  All widgets were invalidated
[2025.07.14-01.24.51:367][166]LogSlate: Updating window title bar state: overlay mode, drag disabled, window buttons hidden, title bar hidden
[2025.07.14-01.24.51:367][166]LogAudioMixer: FMixerPlatformXAudio2::StopAudioStream() called
[2025.07.14-01.24.51:369][166]LogAudioMixer: FMixerPlatformXAudio2::StopAudioStream() called
[2025.07.14-01.24.51:378][166]LogUObjectHash: Compacting FUObjectHashTables data took   3.99ms
[2025.07.14-01.24.51:669][167]LogPlayLevel: Display: Destroying online subsystem :Context_26
[2025.07.14-01.25.24:240][123]LogSlate: Window 'Message Log' being destroyed
[2025.07.14-01.25.24:307][123]LogSlate: Window 'Message Log' being destroyed
[2025.07.14-01.25.24:972][145]LogEditorViewport: Clicking on Actor (LMB): StaticMeshActor (Floor)
[2025.07.14-01.25.25:819][173]LogUObjectHash: Compacting FUObjectHashTables data took   5.30ms
[2025.07.14-01.25.25:942][173]LogSavePackage: Moving '../../../../../UTN-e-learning/Unreal-Engine/Unreal-Projects/TP_PreEntrega/Saved/ThirdPersonExampleMapB18EAB714AD2EE3467D186BA12FC5C79.tmp' to '../../../../../UTN-e-learning/Unreal-Engine/Unreal-Projects/TP_PreEntrega/Content/ThirdPersonBP/Maps/ThirdPersonExampleMap.umap'
[2025.07.14-01.25.26:166][173]LogSavePackage: Moving '../../../../../UTN-e-learning/Unreal-Engine/Unreal-Projects/TP_PreEntrega/Saved/ThirdPersonExampleMap_BuiltData0EBB23F44BE17CC0AC51758034722E89.tmp' to '../../../../../UTN-e-learning/Unreal-Engine/Unreal-Projects/TP_PreEntrega/Content/ThirdPersonBP/Maps/ThirdPersonExampleMap_BuiltData.uasset'
[2025.07.14-01.25.26:186][173]AssetCheck: New page: Asset Save: multiple assets
[2025.07.14-01.25.26:186][173]LogContentValidation: Display: Validating MapBuildDataRegistry /Game/ThirdPersonBP/Maps/ThirdPersonExampleMap_BuiltData.ThirdPersonExampleMap_BuiltData
[2025.07.14-01.25.26:186][173]LogContentValidation: Display: Validating World /Game/ThirdPersonBP/Maps/ThirdPersonExampleMap.ThirdPersonExampleMap
[2025.07.14-01.25.27:023][208]LogTemp: Repeating last play command: Selected Viewport
[2025.07.14-01.25.27:053][208]BlueprintLog: New page: Pre-Play auto-recompile
[2025.07.14-01.25.27:061][208]LogPlayLevel: [PlayLevel] Compiling peoncito before play...
[2025.07.14-01.25.27:200][208]LogUObjectHash: Compacting FUObjectHashTables data took   6.41ms
[2025.07.14-01.25.27:201][208]LogPlayLevel: PlayLevel: Blueprint regeneration took 149 ms (1 blueprints)
[2025.07.14-01.25.27:201][208]PIE: New page: PIE session: ThirdPersonExampleMap (Jul 13, 2025, 7:25:27 PM)
[2025.07.14-01.25.27:202][208]LogPlayLevel: Creating play world package: /Game/ThirdPersonBP/Maps/UEDPIE_0_ThirdPersonExampleMap
[2025.07.14-01.25.27:226][208]LogPlayLevel: PIE: StaticDuplicateObject took: (0.024415s)
[2025.07.14-01.25.27:228][208]LogAIModule: Creating AISystem for world ThirdPersonExampleMap
[2025.07.14-01.25.27:228][208]LogPlayLevel: PIE: World Init took: (0.002080s)
[2025.07.14-01.25.27:228][208]LogPlayLevel: PIE: Created PIE world by copying editor world from /Game/ThirdPersonBP/Maps/ThirdPersonExampleMap.ThirdPersonExampleMap to /Game/ThirdPersonBP/Maps/UEDPIE_0_ThirdPersonExampleMap.ThirdPersonExampleMap (0.026798s)
[2025.07.14-01.25.27:270][208]LogUObjectHash: Compacting FUObjectHashTables data took   4.85ms
[2025.07.14-01.25.27:271][208]LogAudio: Display: Creating Audio Device:                 Id: 5, Scope: Unique, Realtime: True
[2025.07.14-01.25.27:271][208]LogAudioMixer: Display: Audio Mixer Platform Settings:
[2025.07.14-01.25.27:271][208]LogAudioMixer: Display: 	Sample Rate:						  48000
[2025.07.14-01.25.27:271][208]LogAudioMixer: Display: 	Callback Buffer Frame Size Requested: 1024
[2025.07.14-01.25.27:271][208]LogAudioMixer: Display: 	Callback Buffer Frame Size To Use:	  1024
[2025.07.14-01.25.27:271][208]LogAudioMixer: Display: 	Number of buffers to queue:			  2
[2025.07.14-01.25.27:271][208]LogAudioMixer: Display: 	Max Channels (voices):				  32
[2025.07.14-01.25.27:271][208]LogAudioMixer: Display: 	Number of Async Source Workers:		  0
[2025.07.14-01.25.27:271][208]LogAudio: Display: AudioDevice MaxSources: 32
[2025.07.14-01.25.27:272][208]LogAudio: Display: Audio Spatialization Plugin: None (built-in).
[2025.07.14-01.25.27:272][208]LogAudio: Display: Audio Reverb Plugin: None (built-in).
[2025.07.14-01.25.27:272][208]LogAudio: Display: Audio Occlusion Plugin: None (built-in).
[2025.07.14-01.25.27:272][208]LogAudioMixer: Display: Initializing audio mixer.
[2025.07.14-01.25.27:280][208]LogAudioMixer: Display: 0: FrontLeft
[2025.07.14-01.25.27:280][208]LogAudioMixer: Display: 1: FrontRight
[2025.07.14-01.25.27:308][208]LogAudioMixer: Display: Using Audio Device Speakers (Realtek(R) Audio)
[2025.07.14-01.25.27:309][208]LogAudioMixer: Display: Initializing Sound Submixes...
[2025.07.14-01.25.27:309][208]LogAudioMixer: Display: Creating Master Submix 'MasterSubmixDefault'
[2025.07.14-01.25.27:309][208]LogAudioMixer: Display: Creating Master Submix 'MasterReverbSubmixDefault'
[2025.07.14-01.25.27:310][208]LogAudioMixer: Display: Creating Master Submix 'MasterEQSubmixDefault'
[2025.07.14-01.25.27:310][208]LogAudioMixer: FMixerPlatformXAudio2::StartAudioStream() called
[2025.07.14-01.25.27:310][208]LogAudioMixer: Display: Output buffers initialized: Frames=1024, Channels=2, Samples=2048
[2025.07.14-01.25.27:312][208]LogAudioMixer: Display: Starting AudioMixerPlatformInterface::RunInternal()
[2025.07.14-01.25.27:312][208]LogAudioMixer: Display: FMixerPlatformXAudio2::SubmitBuffer() called for the first time
[2025.07.14-01.25.27:312][208]LogInit: FAudioDevice initialized.
[2025.07.14-01.25.27:312][208]LogAudio: Display: Audio Device (ID: 5) registered with world 'ThirdPersonExampleMap'.
[2025.07.14-01.25.27:322][208]LogLoad: Game class is 'ReglasJuego_C'
[2025.07.14-01.25.27:332][208]LogWorld: Bringing World /Game/ThirdPersonBP/Maps/UEDPIE_0_ThirdPersonExampleMap.ThirdPersonExampleMap up for play (max tick rate 60) at 2025.07.13-22.25.27
[2025.07.14-01.25.27:333][208]LogWorld: Bringing up level for play took: 0.009219
[2025.07.14-01.25.27:333][208]LogOnline: OSS: Creating online subsystem instance for: :Context_28
[2025.07.14-01.25.27:336][208]LogBlueprintUserMessages: [plataforma_2] Buenas buenas!
[2025.07.14-01.25.27:339][208]PIE: Server logged in
[2025.07.14-01.25.27:340][208]PIE: Play in editor total start time 0.304 seconds.
[2025.07.14-01.25.30:021][339]LogBlueprintUserMessages: [bala_C_5] Le reste 25 al bad fella
[2025.07.14-01.25.30:022][339]LogBlueprintUserMessages: [bala_C_6] Le reste 25 al bad fella
[2025.07.14-01.25.30:182][346]LogBlueprintUserMessages: [bala_C_0] El peoncito perdio 10 de vida!!!!
[2025.07.14-01.25.30:686][369]LogBlueprintUserMessages: [bala_C_4] El peoncito perdio 10 de vida!!!!
[2025.07.14-01.25.30:903][376]LogSlate: Updating window title bar state: overlay mode, drag disabled, window buttons hidden, title bar hidden
[2025.07.14-01.25.30:904][376]LogWorld: BeginTearingDown for /Game/ThirdPersonBP/Maps/UEDPIE_0_ThirdPersonExampleMap
[2025.07.14-01.25.30:904][376]LogWorld: UWorld::CleanupWorld for ThirdPersonExampleMap, bSessionEnded=true, bCleanupResources=true
[2025.07.14-01.25.30:907][376]LogSlate: InvalidateAllWidgets triggered.  All widgets were invalidated
[2025.07.14-01.25.30:929][376]LogPlayLevel: Display: Shutting down PIE online subsystems
[2025.07.14-01.25.30:966][376]LogSlate: InvalidateAllWidgets triggered.  All widgets were invalidated
[2025.07.14-01.25.30:992][376]LogSlate: Updating window title bar state: overlay mode, drag disabled, window buttons hidden, title bar hidden
[2025.07.14-01.25.30:993][376]LogAudioMixer: FMixerPlatformXAudio2::StopAudioStream() called
[2025.07.14-01.25.30:995][376]LogAudioMixer: FMixerPlatformXAudio2::StopAudioStream() called
[2025.07.14-01.25.31:002][376]LogUObjectHash: Compacting FUObjectHashTables data took   3.25ms
[2025.07.14-01.25.31:105][377]LogPlayLevel: Display: Destroying online subsystem :Context_28
[2025.07.14-01.25.39:186][478]LogAudioMixer: Warning: Changing default audio render device to new device: {0.0.0.00000000}.{6fc8f5e5-082c-4d76-98df-d2046bc213d1}.
[2025.07.14-01.25.39:186][478]LogAudioMixer: Resetting audio stream to device id 
[2025.07.14-01.25.39:379][478]LogAudioMixer: Display: 0: FrontLeft
[2025.07.14-01.25.39:379][478]LogAudioMixer: Display: 1: FrontRight
[2025.07.14-01.25.47:549][707]LogSavePackage: Moving '../../../../../UTN-e-learning/Unreal-Engine/Unreal-Projects/TP_PreEntrega/Saved/peoncitoFB7618F24F61DDD75B19D19E18CABEC6.tmp' to '../../../../../UTN-e-learning/Unreal-Engine/Unreal-Projects/TP_PreEntrega/Content/ThirdPersonBP/Blueprints/blueprints/peoncito.uasset'
[2025.07.14-01.25.47:597][707]AssetCheck: New page: Asset Save: peoncito
[2025.07.14-01.25.47:597][707]LogContentValidation: Display: Validating Blueprint /Game/ThirdPersonBP/Blueprints/blueprints/peoncito.peoncito
[2025.07.14-01.25.50:294][823]LogTemp: Repeating last play command: Selected Viewport
[2025.07.14-01.25.50:331][823]BlueprintLog: New page: Pre-Play auto-recompile
[2025.07.14-01.25.50:340][823]LogPlayLevel: [PlayLevel] Compiling peoncito before play...
[2025.07.14-01.25.50:492][823]LogUObjectHash: Compacting FUObjectHashTables data took   5.38ms
[2025.07.14-01.25.50:495][823]LogPlayLevel: PlayLevel: Blueprint regeneration took 163 ms (1 blueprints)
[2025.07.14-01.25.50:495][823]PIE: New page: PIE session: ThirdPersonExampleMap (Jul 13, 2025, 7:25:50 PM)
[2025.07.14-01.25.50:495][823]LogPlayLevel: Creating play world package: /Game/ThirdPersonBP/Maps/UEDPIE_0_ThirdPersonExampleMap
[2025.07.14-01.25.50:524][823]LogPlayLevel: PIE: StaticDuplicateObject took: (0.028807s)
[2025.07.14-01.25.50:526][823]LogAIModule: Creating AISystem for world ThirdPersonExampleMap
[2025.07.14-01.25.50:527][823]LogPlayLevel: PIE: World Init took: (0.002620s)
[2025.07.14-01.25.50:527][823]LogPlayLevel: PIE: Created PIE world by copying editor world from /Game/ThirdPersonBP/Maps/ThirdPersonExampleMap.ThirdPersonExampleMap to /Game/ThirdPersonBP/Maps/UEDPIE_0_ThirdPersonExampleMap.ThirdPersonExampleMap (0.031791s)
[2025.07.14-01.25.50:593][823]LogUObjectHash: Compacting FUObjectHashTables data took   6.50ms
[2025.07.14-01.25.50:594][823]LogAudio: Display: Creating Audio Device:                 Id: 6, Scope: Unique, Realtime: True
[2025.07.14-01.25.50:594][823]LogAudioMixer: Display: Audio Mixer Platform Settings:
[2025.07.14-01.25.50:594][823]LogAudioMixer: Display: 	Sample Rate:						  48000
[2025.07.14-01.25.50:594][823]LogAudioMixer: Display: 	Callback Buffer Frame Size Requested: 1024
[2025.07.14-01.25.50:595][823]LogAudioMixer: Display: 	Callback Buffer Frame Size To Use:	  1024
[2025.07.14-01.25.50:595][823]LogAudioMixer: Display: 	Number of buffers to queue:			  2
[2025.07.14-01.25.50:595][823]LogAudioMixer: Display: 	Max Channels (voices):				  32
[2025.07.14-01.25.50:595][823]LogAudioMixer: Display: 	Number of Async Source Workers:		  0
[2025.07.14-01.25.50:595][823]LogAudio: Display: AudioDevice MaxSources: 32
[2025.07.14-01.25.50:596][823]LogAudio: Display: Audio Spatialization Plugin: None (built-in).
[2025.07.14-01.25.50:596][823]LogAudio: Display: Audio Reverb Plugin: None (built-in).
[2025.07.14-01.25.50:596][823]LogAudio: Display: Audio Occlusion Plugin: None (built-in).
[2025.07.14-01.25.50:596][823]LogAudioMixer: Display: Initializing audio mixer.
[2025.07.14-01.25.50:605][823]LogAudioMixer: Display: 0: FrontLeft
[2025.07.14-01.25.50:605][823]LogAudioMixer: Display: 1: FrontRight
[2025.07.14-01.25.50:636][823]LogAudioMixer: Display: Using Audio Device Headphones (SOUNDPEATS Mini HS Stereo)
[2025.07.14-01.25.50:637][823]LogAudioMixer: Display: Initializing Sound Submixes...
[2025.07.14-01.25.50:637][823]LogAudioMixer: Display: Creating Master Submix 'MasterSubmixDefault'
[2025.07.14-01.25.50:637][823]LogAudioMixer: Display: Creating Master Submix 'MasterReverbSubmixDefault'
[2025.07.14-01.25.50:638][823]LogAudioMixer: Display: Creating Master Submix 'MasterEQSubmixDefault'
[2025.07.14-01.25.50:638][823]LogAudioMixer: FMixerPlatformXAudio2::StartAudioStream() called
[2025.07.14-01.25.50:638][823]LogAudioMixer: Display: Output buffers initialized: Frames=1024, Channels=2, Samples=2048
[2025.07.14-01.25.50:640][823]LogAudioMixer: Display: Starting AudioMixerPlatformInterface::RunInternal()
[2025.07.14-01.25.50:640][823]LogAudioMixer: Display: FMixerPlatformXAudio2::SubmitBuffer() called for the first time
[2025.07.14-01.25.50:640][823]LogInit: FAudioDevice initialized.
[2025.07.14-01.25.50:640][823]LogAudio: Display: Audio Device (ID: 6) registered with world 'ThirdPersonExampleMap'.
[2025.07.14-01.25.50:654][823]LogLoad: Game class is 'ReglasJuego_C'
[2025.07.14-01.25.50:665][823]LogWorld: Bringing World /Game/ThirdPersonBP/Maps/UEDPIE_0_ThirdPersonExampleMap.ThirdPersonExampleMap up for play (max tick rate 60) at 2025.07.13-22.25.50
[2025.07.14-01.25.50:666][823]LogWorld: Bringing up level for play took: 0.010028
[2025.07.14-01.25.50:666][823]LogOnline: OSS: Creating online subsystem instance for: :Context_29
[2025.07.14-01.25.50:669][823]LogBlueprintUserMessages: [plataforma_2] Buenas buenas!
[2025.07.14-01.25.50:672][823]PIE: Server logged in
[2025.07.14-01.25.50:673][823]PIE: Play in editor total start time 0.362 seconds.
[2025.07.14-01.25.52:816][920]LogBlueprintUserMessages: [bala_C_1] El peoncito perdio 10 de vida!!!!
[2025.07.14-01.25.53:342][946]LogBlueprintUserMessages: [bala_C_5] Le reste 25 al bad fella
[2025.07.14-01.25.53:688][963]LogBlueprintUserMessages: [bala_C_0] El peoncito perdio 10 de vida!!!!
[2025.07.14-01.25.56:906][126]LogBlueprintUserMessages: [bala_C_13] El peoncito perdio 10 de vida!!!!
[2025.07.14-01.25.59:360][253]LogBlueprintUserMessages: [bala_C_20] Le reste 25 al bad fella
[2025.07.14-01.26.00:470][308]LogBlueprintUserMessages: [Curador_2] Le di vida al peoncito! ahora tiene:
[2025.07.14-01.26.00:470][308]LogBlueprintUserMessages: [Curador_2] 70.0
[2025.07.14-01.26.00:470][308]LogBlueprintUserMessages: [Curador_2] El curador ya curo las siguientes veces:
[2025.07.14-01.26.00:471][308]LogBlueprintUserMessages: [Curador_2] 1.0
[2025.07.14-01.26.00:999][334]LogBlueprintUserMessages: [bala_C_16] Le reste 50 al bad guy
[2025.07.14-01.26.01:429][356]LogBlueprintUserMessages: [Curador_2] no te puedo curar porque tu vida es mayor a 80, volve cuando tengas menos!
[2025.07.14-01.26.01:683][368]LogBlueprintUserMessages: [bala_C_21] El peoncito perdio 10 de vida!!!!
[2025.07.14-01.26.02:740][423]LogBlueprintUserMessages: [ReglasJuego_C_0] El puntaje subio!
[2025.07.14-01.26.02:740][423]LogBlueprintUserMessages: [ReglasJuego_C_0] 2
[2025.07.14-01.26.07:993][676]LogBlueprintUserMessages: [bala_C_36] Le reste 50 al bad guy
[2025.07.14-01.26.08:294][691]LogBlueprintUserMessages: [bala_C_35] El peoncito perdio 10 de vida!!!!
[2025.07.14-01.26.08:378][696]LogBlueprintUserMessages: [bala_C_45] Le reste 25 al bad fella
[2025.07.14-01.26.08:450][700]LogBlueprintUserMessages: [bala_C_39] Le reste 50 al bad guy
[2025.07.14-01.26.08:467][701]LogBlueprintUserMessages: [bad_guy_5] Bad guy  Destruido!
[2025.07.14-01.26.09:891][769]LogBlueprintUserMessages: [bala_C_41] El peoncito perdio 10 de vida!!!!
[2025.07.14-01.26.09:911][770]LogBlueprintUserMessages: [bala_C_41] El peoncito perdio 10 de vida!!!!
[2025.07.14-01.26.09:930][771]LogBlueprintUserMessages: [bala_C_41] El peoncito perdio 10 de vida!!!!
[2025.07.14-01.26.14:134][993]LogBlueprintUserMessages: [ReglasJuego_C_0] El puntaje subio!
[2025.07.14-01.26.14:134][993]LogBlueprintUserMessages: [ReglasJuego_C_0] 4
[2025.07.14-01.26.14:383][  5]LogBlueprintUserMessages: [bala_C_53] Le reste 25 al bad fella
[2025.07.14-01.26.14:407][  6]LogBlueprintUserMessages: [ReglasJuego_C_0] El puntaje subio!
[2025.07.14-01.26.14:408][  6]LogBlueprintUserMessages: [ReglasJuego_C_0] 6
[2025.07.14-01.26.16:785][121]LogBlueprintUserMessages: [peoncito_2] Te queda de vida:
[2025.07.14-01.26.16:785][121]LogBlueprintUserMessages: [peoncito_2] 38.0
[2025.07.14-01.26.16:809][122]LogBlueprintUserMessages: [peoncito_2] Te queda de vida:
[2025.07.14-01.26.16:809][122]LogBlueprintUserMessages: [peoncito_2] 36.0
[2025.07.14-01.26.16:830][123]LogBlueprintUserMessages: [peoncito_2] Te queda de vida:
[2025.07.14-01.26.16:830][123]LogBlueprintUserMessages: [peoncito_2] 34.0
[2025.07.14-01.26.16:851][124]LogBlueprintUserMessages: [peoncito_2] Te queda de vida:
[2025.07.14-01.26.16:851][124]LogBlueprintUserMessages: [peoncito_2] 32.0
[2025.07.14-01.26.16:872][125]LogBlueprintUserMessages: [peoncito_2] Te queda de vida:
[2025.07.14-01.26.16:872][125]LogBlueprintUserMessages: [peoncito_2] 30.0
[2025.07.14-01.26.16:892][126]LogBlueprintUserMessages: [peoncito_2] Te queda de vida:
[2025.07.14-01.26.16:893][126]LogBlueprintUserMessages: [peoncito_2] 28.0
[2025.07.14-01.26.16:912][127]LogBlueprintUserMessages: [peoncito_2] Te queda de vida:
[2025.07.14-01.26.16:912][127]LogBlueprintUserMessages: [peoncito_2] 26.0
[2025.07.14-01.26.16:932][128]LogBlueprintUserMessages: [peoncito_2] Te queda de vida:
[2025.07.14-01.26.16:932][128]LogBlueprintUserMessages: [peoncito_2] 24.0
[2025.07.14-01.26.16:953][129]LogBlueprintUserMessages: [peoncito_2] Te queda de vida:
[2025.07.14-01.26.16:953][129]LogBlueprintUserMessages: [peoncito_2] 22.0
[2025.07.14-01.26.16:971][130]LogBlueprintUserMessages: [peoncito_2] Te queda de vida:
[2025.07.14-01.26.16:971][130]LogBlueprintUserMessages: [peoncito_2] 20.0
[2025.07.14-01.26.16:989][131]LogBlueprintUserMessages: [peoncito_2] Te queda de vida:
[2025.07.14-01.26.16:989][131]LogBlueprintUserMessages: [peoncito_2] 18.0
[2025.07.14-01.26.17:008][132]LogBlueprintUserMessages: [peoncito_2] Te queda de vida:
[2025.07.14-01.26.17:008][132]LogBlueprintUserMessages: [peoncito_2] 16.0
[2025.07.14-01.26.17:027][133]LogBlueprintUserMessages: [peoncito_2] Te queda de vida:
[2025.07.14-01.26.17:027][133]LogBlueprintUserMessages: [peoncito_2] 14.0
[2025.07.14-01.26.17:052][134]LogBlueprintUserMessages: [peoncito_2] Te queda de vida:
[2025.07.14-01.26.17:053][134]LogBlueprintUserMessages: [peoncito_2] 12.0
[2025.07.14-01.26.17:076][135]LogBlueprintUserMessages: [peoncito_2] Te queda de vida:
[2025.07.14-01.26.17:076][135]LogBlueprintUserMessages: [peoncito_2] 10.0
[2025.07.14-01.26.17:101][136]LogBlueprintUserMessages: [peoncito_2] Te queda de vida:
[2025.07.14-01.26.17:101][136]LogBlueprintUserMessages: [peoncito_2] 8.0
[2025.07.14-01.26.18:745][211]LogBlueprintUserMessages: [bala_C_55] El peoncito perdio 10 de vida!!!!
[2025.07.14-01.26.18:748][211]LogBlueprintUserMessages: [peoncito_2] El peoncito murio
[2025.07.14-01.26.18:748][211]LogBlueprintUserMessages: [ReglasJuego_C_0] Noo, perdiste!
[2025.07.14-01.26.18:753][211]LogScript: Warning: Accessed None trying to read property K2Node_DynamicCast_AsPeoncito
	BarraVIda_C /Engine/Transient.UnrealEdEngine_0:GameInstance_4.BarraVIda_C_0
	Function /Game/ThirdPersonBP/Blueprints/blueprints/BarraVIda.BarraVIda_C:GetText_0:0099
[2025.07.14-01.26.18:753][211]PIE: Error: Blueprint Runtime Error: "Accessed None trying to read property K2Node_DynamicCast_AsPeoncito". Blueprint:  BarraVIda Function:  Get Text 0 Graph:  GetText_0 Node:  Return Node
[2025.07.14-01.26.18:771][212]LogNet: Browse: /Game/ThirdPersonBP/Maps/Perdiste_Level
[2025.07.14-01.26.18:771][212]LogLoad: LoadMap: /Game/ThirdPersonBP/Maps/Perdiste_Level
[2025.07.14-01.26.18:771][212]LogWorld: BeginTearingDown for /Game/ThirdPersonBP/Maps/UEDPIE_0_ThirdPersonExampleMap
[2025.07.14-01.26.18:772][212]LogWorld: UWorld::CleanupWorld for ThirdPersonExampleMap, bSessionEnded=true, bCleanupResources=true
[2025.07.14-01.26.18:775][212]LogSlate: InvalidateAllWidgets triggered.  All widgets were invalidated
[2025.07.14-01.26.18:875][212]LogAudio: Display: Audio Device unregistered from world 'None'.
[2025.07.14-01.26.18:881][212]LogUObjectHash: Compacting FUObjectHashTables data took   3.39ms
[2025.07.14-01.26.18:907][212]LogAudio: Display: Audio Device (ID: 6) registered with world 'Perdiste_Level'.
[2025.07.14-01.26.18:908][212]LogAIModule: Creating AISystem for world Perdiste_Level
[2025.07.14-01.26.18:909][212]LogLoad: Game class is 'ReglasJuego_C'
[2025.07.14-01.26.18:973][212]LogWorld: Bringing World /Game/ThirdPersonBP/Maps/UEDPIE_0_Perdiste_Level.Perdiste_Level up for play (max tick rate 60) at 2025.07.13-22.26.18
[2025.07.14-01.26.18:973][212]LogWorld: Bringing up level for play took: 0.063716
[2025.07.14-01.26.18:973][212]LogGameMode: FindPlayerStart: PATHS NOT DEFINED or NO PLAYERSTART with positive rating
[2025.07.14-01.26.18:975][212]LogBlueprintUserMessages: [plataforma_2] Buenas buenas!
[2025.07.14-01.26.18:976][212]LogLoad: Took 0.205268 seconds to LoadMap(/Game/ThirdPersonBP/Maps/Perdiste_Level)
[2025.07.14-01.26.19:032][212]LogScript: Warning: Accessed None trying to read property K2Node_DynamicCast_AsPeoncito
	BarraVIda_C /Engine/Transient.UnrealEdEngine_0:GameInstance_4.BarraVIda_C_1
	Function /Game/ThirdPersonBP/Blueprints/blueprints/BarraVIda.BarraVIda_C:GetText_0:0099
[2025.07.14-01.26.19:032][212]PIE: Error: Blueprint Runtime Error: "Accessed None trying to read property K2Node_DynamicCast_AsPeoncito". Blueprint:  BarraVIda Function:  Get Text 0 Graph:  GetText_0 Node:  Return Node
[2025.07.14-01.26.19:103][213]PIE: Error: Blueprint Runtime Error: "Accessed None trying to read property K2Node_DynamicCast_AsPeoncito". Blueprint:  BarraVIda Function:  Get Text 0 Graph:  GetText_0 Node:  Return Node
[2025.07.14-01.26.19:119][214]PIE: Error: Blueprint Runtime Error: "Accessed None trying to read property K2Node_DynamicCast_AsPeoncito". Blueprint:  BarraVIda Function:  Get Text 0 Graph:  GetText_0 Node:  Return Node
[2025.07.14-01.26.19:137][215]PIE: Error: Blueprint Runtime Error: "Accessed None trying to read property K2Node_DynamicCast_AsPeoncito". Blueprint:  BarraVIda Function:  Get Text 0 Graph:  GetText_0 Node:  Return Node
[2025.07.14-01.26.19:156][216]PIE: Error: Blueprint Runtime Error: "Accessed None trying to read property K2Node_DynamicCast_AsPeoncito". Blueprint:  BarraVIda Function:  Get Text 0 Graph:  GetText_0 Node:  Return Node
[2025.07.14-01.26.19:173][217]PIE: Error: Blueprint Runtime Error: "Accessed None trying to read property K2Node_DynamicCast_AsPeoncito". Blueprint:  BarraVIda Function:  Get Text 0 Graph:  GetText_0 Node:  Return Node
[2025.07.14-01.26.19:191][218]PIE: Error: Blueprint Runtime Error: "Accessed None trying to read property K2Node_DynamicCast_AsPeoncito". Blueprint:  BarraVIda Function:  Get Text 0 Graph:  GetText_0 Node:  Return Node
[2025.07.14-01.26.19:208][219]PIE: Error: Blueprint Runtime Error: "Accessed None trying to read property K2Node_DynamicCast_AsPeoncito". Blueprint:  BarraVIda Function:  Get Text 0 Graph:  GetText_0 Node:  Return Node
[2025.07.14-01.26.19:224][220]PIE: Error: Blueprint Runtime Error: "Accessed None trying to read property K2Node_DynamicCast_AsPeoncito". Blueprint:  BarraVIda Function:  Get Text 0 Graph:  GetText_0 Node:  Return Node
[2025.07.14-01.26.19:241][221]PIE: Error: Blueprint Runtime Error: "Accessed None trying to read property K2Node_DynamicCast_AsPeoncito". Blueprint:  BarraVIda Function:  Get Text 0 Graph:  GetText_0 Node:  Return Node
[2025.07.14-01.26.19:258][222]PIE: Error: Blueprint Runtime Error: "Accessed None trying to read property K2Node_DynamicCast_AsPeoncito". Blueprint:  BarraVIda Function:  Get Text 0 Graph:  GetText_0 Node:  Return Node
[2025.07.14-01.26.19:275][223]PIE: Error: Blueprint Runtime Error: "Accessed None trying to read property K2Node_DynamicCast_AsPeoncito". Blueprint:  BarraVIda Function:  Get Text 0 Graph:  GetText_0 Node:  Return Node
[2025.07.14-01.26.19:294][224]PIE: Error: Blueprint Runtime Error: "Accessed None trying to read property K2Node_DynamicCast_AsPeoncito". Blueprint:  BarraVIda Function:  Get Text 0 Graph:  GetText_0 Node:  Return Node
[2025.07.14-01.26.19:318][225]PIE: Error: Blueprint Runtime Error: "Accessed None trying to read property K2Node_DynamicCast_AsPeoncito". Blueprint:  BarraVIda Function:  Get Text 0 Graph:  GetText_0 Node:  Return Node
[2025.07.14-01.26.19:341][226]PIE: Error: Blueprint Runtime Error: "Accessed None trying to read property K2Node_DynamicCast_AsPeoncito". Blueprint:  BarraVIda Function:  Get Text 0 Graph:  GetText_0 Node:  Return Node
[2025.07.14-01.26.19:366][227]PIE: Error: Blueprint Runtime Error: "Accessed None trying to read property K2Node_DynamicCast_AsPeoncito". Blueprint:  BarraVIda Function:  Get Text 0 Graph:  GetText_0 Node:  Return Node
[2025.07.14-01.26.19:389][228]PIE: Error: Blueprint Runtime Error: "Accessed None trying to read property K2Node_DynamicCast_AsPeoncito". Blueprint:  BarraVIda Function:  Get Text 0 Graph:  GetText_0 Node:  Return Node
[2025.07.14-01.26.19:414][229]PIE: Error: Blueprint Runtime Error: "Accessed None trying to read property K2Node_DynamicCast_AsPeoncito". Blueprint:  BarraVIda Function:  Get Text 0 Graph:  GetText_0 Node:  Return Node
[2025.07.14-01.26.19:437][230]PIE: Error: Blueprint Runtime Error: "Accessed None trying to read property K2Node_DynamicCast_AsPeoncito". Blueprint:  BarraVIda Function:  Get Text 0 Graph:  GetText_0 Node:  Return Node
[2025.07.14-01.26.19:457][231]PIE: Error: Blueprint Runtime Error: "Accessed None trying to read property K2Node_DynamicCast_AsPeoncito". Blueprint:  BarraVIda Function:  Get Text 0 Graph:  GetText_0 Node:  Return Node
[2025.07.14-01.26.19:477][232]PIE: Error: Blueprint Runtime Error: "Accessed None trying to read property K2Node_DynamicCast_AsPeoncito". Blueprint:  BarraVIda Function:  Get Text 0 Graph:  GetText_0 Node:  Return Node
[2025.07.14-01.26.19:498][233]PIE: Error: Blueprint Runtime Error: "Accessed None trying to read property K2Node_DynamicCast_AsPeoncito". Blueprint:  BarraVIda Function:  Get Text 0 Graph:  GetText_0 Node:  Return Node
[2025.07.14-01.26.19:520][234]PIE: Error: Blueprint Runtime Error: "Accessed None trying to read property K2Node_DynamicCast_AsPeoncito". Blueprint:  BarraVIda Function:  Get Text 0 Graph:  GetText_0 Node:  Return Node
[2025.07.14-01.26.19:538][235]PIE: Error: Blueprint Runtime Error: "Accessed None trying to read property K2Node_DynamicCast_AsPeoncito". Blueprint:  BarraVIda Function:  Get Text 0 Graph:  GetText_0 Node:  Return Node
[2025.07.14-01.26.19:557][236]PIE: Error: Blueprint Runtime Error: "Accessed None trying to read property K2Node_DynamicCast_AsPeoncito". Blueprint:  BarraVIda Function:  Get Text 0 Graph:  GetText_0 Node:  Return Node
[2025.07.14-01.26.19:577][237]PIE: Error: Blueprint Runtime Error: "Accessed None trying to read property K2Node_DynamicCast_AsPeoncito". Blueprint:  BarraVIda Function:  Get Text 0 Graph:  GetText_0 Node:  Return Node
[2025.07.14-01.26.19:601][238]PIE: Error: Blueprint Runtime Error: "Accessed None trying to read property K2Node_DynamicCast_AsPeoncito". Blueprint:  BarraVIda Function:  Get Text 0 Graph:  GetText_0 Node:  Return Node
[2025.07.14-01.26.19:621][239]PIE: Error: Blueprint Runtime Error: "Accessed None trying to read property K2Node_DynamicCast_AsPeoncito". Blueprint:  BarraVIda Function:  Get Text 0 Graph:  GetText_0 Node:  Return Node
[2025.07.14-01.26.19:640][240]PIE: Error: Blueprint Runtime Error: "Accessed None trying to read property K2Node_DynamicCast_AsPeoncito". Blueprint:  BarraVIda Function:  Get Text 0 Graph:  GetText_0 Node:  Return Node
[2025.07.14-01.26.19:658][241]PIE: Error: Blueprint Runtime Error: "Accessed None trying to read property K2Node_DynamicCast_AsPeoncito". Blueprint:  BarraVIda Function:  Get Text 0 Graph:  GetText_0 Node:  Return Node
[2025.07.14-01.26.19:676][242]PIE: Error: Blueprint Runtime Error: "Accessed None trying to read property K2Node_DynamicCast_AsPeoncito". Blueprint:  BarraVIda Function:  Get Text 0 Graph:  GetText_0 Node:  Return Node
[2025.07.14-01.26.19:696][243]PIE: Error: Blueprint Runtime Error: "Accessed None trying to read property K2Node_DynamicCast_AsPeoncito". Blueprint:  BarraVIda Function:  Get Text 0 Graph:  GetText_0 Node:  Return Node
[2025.07.14-01.26.19:711][244]PIE: Error: Blueprint Runtime Error: "Accessed None trying to read property K2Node_DynamicCast_AsPeoncito". Blueprint:  BarraVIda Function:  Get Text 0 Graph:  GetText_0 Node:  Return Node
[2025.07.14-01.26.19:728][245]PIE: Error: Blueprint Runtime Error: "Accessed None trying to read property K2Node_DynamicCast_AsPeoncito". Blueprint:  BarraVIda Function:  Get Text 0 Graph:  GetText_0 Node:  Return Node
[2025.07.14-01.26.19:745][246]PIE: Error: Blueprint Runtime Error: "Accessed None trying to read property K2Node_DynamicCast_AsPeoncito". Blueprint:  BarraVIda Function:  Get Text 0 Graph:  GetText_0 Node:  Return Node
[2025.07.14-01.26.19:761][247]PIE: Error: Blueprint Runtime Error: "Accessed None trying to read property K2Node_DynamicCast_AsPeoncito". Blueprint:  BarraVIda Function:  Get Text 0 Graph:  GetText_0 Node:  Return Node
[2025.07.14-01.26.19:778][248]PIE: Error: Blueprint Runtime Error: "Accessed None trying to read property K2Node_DynamicCast_AsPeoncito". Blueprint:  BarraVIda Function:  Get Text 0 Graph:  GetText_0 Node:  Return Node
[2025.07.14-01.26.19:795][249]PIE: Error: Blueprint Runtime Error: "Accessed None trying to read property K2Node_DynamicCast_AsPeoncito". Blueprint:  BarraVIda Function:  Get Text 0 Graph:  GetText_0 Node:  Return Node
[2025.07.14-01.26.19:812][250]PIE: Error: Blueprint Runtime Error: "Accessed None trying to read property K2Node_DynamicCast_AsPeoncito". Blueprint:  BarraVIda Function:  Get Text 0 Graph:  GetText_0 Node:  Return Node
[2025.07.14-01.26.19:829][251]PIE: Error: Blueprint Runtime Error: "Accessed None trying to read property K2Node_DynamicCast_AsPeoncito". Blueprint:  BarraVIda Function:  Get Text 0 Graph:  GetText_0 Node:  Return Node
[2025.07.14-01.26.19:847][252]PIE: Error: Blueprint Runtime Error: "Accessed None trying to read property K2Node_DynamicCast_AsPeoncito". Blueprint:  BarraVIda Function:  Get Text 0 Graph:  GetText_0 Node:  Return Node
[2025.07.14-01.26.19:870][253]PIE: Error: Blueprint Runtime Error: "Accessed None trying to read property K2Node_DynamicCast_AsPeoncito". Blueprint:  BarraVIda Function:  Get Text 0 Graph:  GetText_0 Node:  Return Node
[2025.07.14-01.26.19:892][254]PIE: Error: Blueprint Runtime Error: "Accessed None trying to read property K2Node_DynamicCast_AsPeoncito". Blueprint:  BarraVIda Function:  Get Text 0 Graph:  GetText_0 Node:  Return Node
[2025.07.14-01.26.19:914][255]PIE: Error: Blueprint Runtime Error: "Accessed None trying to read property K2Node_DynamicCast_AsPeoncito". Blueprint:  BarraVIda Function:  Get Text 0 Graph:  GetText_0 Node:  Return Node
[2025.07.14-01.26.19:936][256]PIE: Error: Blueprint Runtime Error: "Accessed None trying to read property K2Node_DynamicCast_AsPeoncito". Blueprint:  BarraVIda Function:  Get Text 0 Graph:  GetText_0 Node:  Return Node
[2025.07.14-01.26.19:958][257]PIE: Error: Blueprint Runtime Error: "Accessed None trying to read property K2Node_DynamicCast_AsPeoncito". Blueprint:  BarraVIda Function:  Get Text 0 Graph:  GetText_0 Node:  Return Node
[2025.07.14-01.26.19:977][258]PIE: Error: Blueprint Runtime Error: "Accessed None trying to read property K2Node_DynamicCast_AsPeoncito". Blueprint:  BarraVIda Function:  Get Text 0 Graph:  GetText_0 Node:  Return Node
[2025.07.14-01.26.19:997][259]PIE: Error: Blueprint Runtime Error: "Accessed None trying to read property K2Node_DynamicCast_AsPeoncito". Blueprint:  BarraVIda Function:  Get Text 0 Graph:  GetText_0 Node:  Return Node
[2025.07.14-01.26.20:016][260]PIE: Error: Blueprint Runtime Error: "Accessed None trying to read property K2Node_DynamicCast_AsPeoncito". Blueprint:  BarraVIda Function:  Get Text 0 Graph:  GetText_0 Node:  Return Node
[2025.07.14-01.26.20:035][261]PIE: Error: Blueprint Runtime Error: "Accessed None trying to read property K2Node_DynamicCast_AsPeoncito". Blueprint:  BarraVIda Function:  Get Text 0 Graph:  GetText_0 Node:  Return Node
[2025.07.14-01.26.20:053][262]PIE: Error: Blueprint Runtime Error: "Accessed None trying to read property K2Node_DynamicCast_AsPeoncito". Blueprint:  BarraVIda Function:  Get Text 0 Graph:  GetText_0 Node:  Return Node
[2025.07.14-01.26.20:069][263]PIE: Error: Blueprint Runtime Error: "Accessed None trying to read property K2Node_DynamicCast_AsPeoncito". Blueprint:  BarraVIda Function:  Get Text 0 Graph:  GetText_0 Node:  Return Node
[2025.07.14-01.26.20:086][264]PIE: Error: Blueprint Runtime Error: "Accessed None trying to read property K2Node_DynamicCast_AsPeoncito". Blueprint:  BarraVIda Function:  Get Text 0 Graph:  GetText_0 Node:  Return Node
[2025.07.14-01.26.20:103][265]PIE: Error: Blueprint Runtime Error: "Accessed None trying to read property K2Node_DynamicCast_AsPeoncito". Blueprint:  BarraVIda Function:  Get Text 0 Graph:  GetText_0 Node:  Return Node
[2025.07.14-01.26.20:120][266]PIE: Error: Blueprint Runtime Error: "Accessed None trying to read property K2Node_DynamicCast_AsPeoncito". Blueprint:  BarraVIda Function:  Get Text 0 Graph:  GetText_0 Node:  Return Node
[2025.07.14-01.26.20:136][267]PIE: Error: Blueprint Runtime Error: "Accessed None trying to read property K2Node_DynamicCast_AsPeoncito". Blueprint:  BarraVIda Function:  Get Text 0 Graph:  GetText_0 Node:  Return Node
[2025.07.14-01.26.20:153][268]PIE: Error: Blueprint Runtime Error: "Accessed None trying to read property K2Node_DynamicCast_AsPeoncito". Blueprint:  BarraVIda Function:  Get Text 0 Graph:  GetText_0 Node:  Return Node
[2025.07.14-01.26.20:170][269]PIE: Error: Blueprint Runtime Error: "Accessed None trying to read property K2Node_DynamicCast_AsPeoncito". Blueprint:  BarraVIda Function:  Get Text 0 Graph:  GetText_0 Node:  Return Node
[2025.07.14-01.26.20:188][270]PIE: Error: Blueprint Runtime Error: "Accessed None trying to read property K2Node_DynamicCast_AsPeoncito". Blueprint:  BarraVIda Function:  Get Text 0 Graph:  GetText_0 Node:  Return Node
[2025.07.14-01.26.20:206][271]PIE: Error: Blueprint Runtime Error: "Accessed None trying to read property K2Node_DynamicCast_AsPeoncito". Blueprint:  BarraVIda Function:  Get Text 0 Graph:  GetText_0 Node:  Return Node
[2025.07.14-01.26.20:223][272]PIE: Error: Blueprint Runtime Error: "Accessed None trying to read property K2Node_DynamicCast_AsPeoncito". Blueprint:  BarraVIda Function:  Get Text 0 Graph:  GetText_0 Node:  Return Node
[2025.07.14-01.26.20:242][273]PIE: Error: Blueprint Runtime Error: "Accessed None trying to read property K2Node_DynamicCast_AsPeoncito". Blueprint:  BarraVIda Function:  Get Text 0 Graph:  GetText_0 Node:  Return Node
[2025.07.14-01.26.20:263][274]PIE: Error: Blueprint Runtime Error: "Accessed None trying to read property K2Node_DynamicCast_AsPeoncito". Blueprint:  BarraVIda Function:  Get Text 0 Graph:  GetText_0 Node:  Return Node
[2025.07.14-01.26.20:281][275]PIE: Error: Blueprint Runtime Error: "Accessed None trying to read property K2Node_DynamicCast_AsPeoncito". Blueprint:  BarraVIda Function:  Get Text 0 Graph:  GetText_0 Node:  Return Node
[2025.07.14-01.26.20:302][276]PIE: Error: Blueprint Runtime Error: "Accessed None trying to read property K2Node_DynamicCast_AsPeoncito". Blueprint:  BarraVIda Function:  Get Text 0 Graph:  GetText_0 Node:  Return Node
[2025.07.14-01.26.20:321][277]PIE: Error: Blueprint Runtime Error: "Accessed None trying to read property K2Node_DynamicCast_AsPeoncito". Blueprint:  BarraVIda Function:  Get Text 0 Graph:  GetText_0 Node:  Return Node
[2025.07.14-01.26.20:341][278]PIE: Error: Blueprint Runtime Error: "Accessed None trying to read property K2Node_DynamicCast_AsPeoncito". Blueprint:  BarraVIda Function:  Get Text 0 Graph:  GetText_0 Node:  Return Node
[2025.07.14-01.26.20:360][279]PIE: Error: Blueprint Runtime Error: "Accessed None trying to read property K2Node_DynamicCast_AsPeoncito". Blueprint:  BarraVIda Function:  Get Text 0 Graph:  GetText_0 Node:  Return Node
[2025.07.14-01.26.20:379][280]PIE: Error: Blueprint Runtime Error: "Accessed None trying to read property K2Node_DynamicCast_AsPeoncito". Blueprint:  BarraVIda Function:  Get Text 0 Graph:  GetText_0 Node:  Return Node
[2025.07.14-01.26.20:397][281]PIE: Error: Blueprint Runtime Error: "Accessed None trying to read property K2Node_DynamicCast_AsPeoncito". Blueprint:  BarraVIda Function:  Get Text 0 Graph:  GetText_0 Node:  Return Node
[2025.07.14-01.26.20:417][282]PIE: Error: Blueprint Runtime Error: "Accessed None trying to read property K2Node_DynamicCast_AsPeoncito". Blueprint:  BarraVIda Function:  Get Text 0 Graph:  GetText_0 Node:  Return Node
[2025.07.14-01.26.20:437][283]PIE: Error: Blueprint Runtime Error: "Accessed None trying to read property K2Node_DynamicCast_AsPeoncito". Blueprint:  BarraVIda Function:  Get Text 0 Graph:  GetText_0 Node:  Return Node
[2025.07.14-01.26.20:457][284]PIE: Error: Blueprint Runtime Error: "Accessed None trying to read property K2Node_DynamicCast_AsPeoncito". Blueprint:  BarraVIda Function:  Get Text 0 Graph:  GetText_0 Node:  Return Node
[2025.07.14-01.26.20:477][285]PIE: Error: Blueprint Runtime Error: "Accessed None trying to read property K2Node_DynamicCast_AsPeoncito". Blueprint:  BarraVIda Function:  Get Text 0 Graph:  GetText_0 Node:  Return Node
[2025.07.14-01.26.20:499][286]PIE: Error: Blueprint Runtime Error: "Accessed None trying to read property K2Node_DynamicCast_AsPeoncito". Blueprint:  BarraVIda Function:  Get Text 0 Graph:  GetText_0 Node:  Return Node
[2025.07.14-01.26.20:521][287]PIE: Error: Blueprint Runtime Error: "Accessed None trying to read property K2Node_DynamicCast_AsPeoncito". Blueprint:  BarraVIda Function:  Get Text 0 Graph:  GetText_0 Node:  Return Node
[2025.07.14-01.26.20:541][288]PIE: Error: Blueprint Runtime Error: "Accessed None trying to read property K2Node_DynamicCast_AsPeoncito". Blueprint:  BarraVIda Function:  Get Text 0 Graph:  GetText_0 Node:  Return Node
[2025.07.14-01.26.20:620][289]LogSlate: Updating window title bar state: overlay mode, drag disabled, window buttons hidden, title bar hidden
[2025.07.14-01.26.20:620][289]LogWorld: BeginTearingDown for /Game/ThirdPersonBP/Maps/UEDPIE_0_Perdiste_Level
[2025.07.14-01.26.20:620][289]LogWorld: UWorld::CleanupWorld for Perdiste_Level, bSessionEnded=true, bCleanupResources=true
[2025.07.14-01.26.20:621][289]LogSlate: InvalidateAllWidgets triggered.  All widgets were invalidated
[2025.07.14-01.26.20:636][289]LogPlayLevel: Display: Shutting down PIE online subsystems
[2025.07.14-01.26.20:663][289]LogSlate: InvalidateAllWidgets triggered.  All widgets were invalidated
[2025.07.14-01.26.20:696][289]LogSlate: Updating window title bar state: overlay mode, drag disabled, window buttons hidden, title bar hidden
[2025.07.14-01.26.20:697][289]LogAudioMixer: FMixerPlatformXAudio2::StopAudioStream() called
[2025.07.14-01.26.20:698][289]LogAudioMixer: FMixerPlatformXAudio2::StopAudioStream() called
[2025.07.14-01.26.20:710][289]LogUObjectHash: Compacting FUObjectHashTables data took   4.85ms
[2025.07.14-01.26.20:997][290]LogPlayLevel: Display: Destroying online subsystem :Context_29
[2025.07.14-01.26.22:796][355]LogSlate: Window 'Message Log' being destroyed
[2025.07.14-01.26.22:816][355]LogSlate: Window 'Message Log' being destroyed
[2025.07.14-01.26.23:675][388]LogTemp: Repeating last play command: Selected Viewport
[2025.07.14-01.26.23:716][388]LogPlayLevel: PlayLevel: No blueprints needed recompiling
[2025.07.14-01.26.23:717][388]PIE: New page: PIE session: ThirdPersonExampleMap (Jul 13, 2025, 7:26:23 PM)
[2025.07.14-01.26.23:717][388]LogPlayLevel: Creating play world package: /Game/ThirdPersonBP/Maps/UEDPIE_0_ThirdPersonExampleMap
[2025.07.14-01.26.23:752][388]LogPlayLevel: PIE: StaticDuplicateObject took: (0.034572s)
[2025.07.14-01.26.23:753][388]LogAIModule: Creating AISystem for world ThirdPersonExampleMap
[2025.07.14-01.26.23:754][388]LogPlayLevel: PIE: World Init took: (0.002031s)
[2025.07.14-01.26.23:754][388]LogPlayLevel: PIE: Created PIE world by copying editor world from /Game/ThirdPersonBP/Maps/ThirdPersonExampleMap.ThirdPersonExampleMap to /Game/ThirdPersonBP/Maps/UEDPIE_0_ThirdPersonExampleMap.ThirdPersonExampleMap (0.036925s)
[2025.07.14-01.26.23:806][388]LogUObjectHash: Compacting FUObjectHashTables data took   4.96ms
[2025.07.14-01.26.23:808][388]LogAudio: Display: Creating Audio Device:                 Id: 7, Scope: Unique, Realtime: True
[2025.07.14-01.26.23:808][388]LogAudioMixer: Display: Audio Mixer Platform Settings:
[2025.07.14-01.26.23:808][388]LogAudioMixer: Display: 	Sample Rate:						  48000
[2025.07.14-01.26.23:808][388]LogAudioMixer: Display: 	Callback Buffer Frame Size Requested: 1024
[2025.07.14-01.26.23:808][388]LogAudioMixer: Display: 	Callback Buffer Frame Size To Use:	  1024
[2025.07.14-01.26.23:808][388]LogAudioMixer: Display: 	Number of buffers to queue:			  2
[2025.07.14-01.26.23:808][388]LogAudioMixer: Display: 	Max Channels (voices):				  32
[2025.07.14-01.26.23:808][388]LogAudioMixer: Display: 	Number of Async Source Workers:		  0
[2025.07.14-01.26.23:808][388]LogAudio: Display: AudioDevice MaxSources: 32
[2025.07.14-01.26.23:809][388]LogAudio: Display: Audio Spatialization Plugin: None (built-in).
[2025.07.14-01.26.23:809][388]LogAudio: Display: Audio Reverb Plugin: None (built-in).
[2025.07.14-01.26.23:809][388]LogAudio: Display: Audio Occlusion Plugin: None (built-in).
[2025.07.14-01.26.23:809][388]LogAudioMixer: Display: Initializing audio mixer.
[2025.07.14-01.26.23:818][388]LogAudioMixer: Display: 0: FrontLeft
[2025.07.14-01.26.23:818][388]LogAudioMixer: Display: 1: FrontRight
[2025.07.14-01.26.23:844][388]LogAudioMixer: Display: Using Audio Device Headphones (SOUNDPEATS Mini HS Stereo)
[2025.07.14-01.26.23:844][388]LogAudioMixer: Display: Initializing Sound Submixes...
[2025.07.14-01.26.23:844][388]LogAudioMixer: Display: Creating Master Submix 'MasterSubmixDefault'
[2025.07.14-01.26.23:844][388]LogAudioMixer: Display: Creating Master Submix 'MasterReverbSubmixDefault'
[2025.07.14-01.26.23:845][388]LogAudioMixer: Display: Creating Master Submix 'MasterEQSubmixDefault'
[2025.07.14-01.26.23:845][388]LogAudioMixer: FMixerPlatformXAudio2::StartAudioStream() called
[2025.07.14-01.26.23:845][388]LogAudioMixer: Display: Output buffers initialized: Frames=1024, Channels=2, Samples=2048
[2025.07.14-01.26.23:847][388]LogAudioMixer: Display: Starting AudioMixerPlatformInterface::RunInternal()
[2025.07.14-01.26.23:848][388]LogAudioMixer: Display: FMixerPlatformXAudio2::SubmitBuffer() called for the first time
[2025.07.14-01.26.23:848][388]LogInit: FAudioDevice initialized.
[2025.07.14-01.26.23:848][388]LogAudio: Display: Audio Device (ID: 7) registered with world 'ThirdPersonExampleMap'.
[2025.07.14-01.26.23:861][388]LogLoad: Game class is 'ReglasJuego_C'
[2025.07.14-01.26.23:872][388]LogWorld: Bringing World /Game/ThirdPersonBP/Maps/UEDPIE_0_ThirdPersonExampleMap.ThirdPersonExampleMap up for play (max tick rate 60) at 2025.07.13-22.26.23
[2025.07.14-01.26.23:872][388]LogWorld: Bringing up level for play took: 0.010071
[2025.07.14-01.26.23:873][388]LogOnline: OSS: Creating online subsystem instance for: :Context_30
[2025.07.14-01.26.23:876][388]LogBlueprintUserMessages: [plataforma_2] Buenas buenas!
[2025.07.14-01.26.23:879][388]PIE: Server logged in
[2025.07.14-01.26.23:880][388]PIE: Play in editor total start time 0.187 seconds.
[2025.07.14-01.26.26:668][530]LogBlueprintUserMessages: [bala_C_7] Le reste 25 al bad fella
[2025.07.14-01.26.26:669][530]LogBlueprintUserMessages: [bala_C_8] Le reste 25 al bad fella
[2025.07.14-01.26.31:820][789]LogBlueprintUserMessages: [ReglasJuego_C_0] El puntaje subio!
[2025.07.14-01.26.31:820][789]LogBlueprintUserMessages: [ReglasJuego_C_0] 2
[2025.07.14-01.26.32:397][819]LogBlueprintUserMessages: [Curador_2] no te puedo curar porque tu vida es mayor a 80, volve cuando tengas menos!
[2025.07.14-01.26.32:688][831]LogBlueprintUserMessages: [bala_C_20] Le reste 25 al bad fella
[2025.07.14-01.26.35:282][956]LogBlueprintUserMessages: [Curador_2] no te puedo curar porque tu vida es mayor a 80, volve cuando tengas menos!
[2025.07.14-01.26.35:671][974]LogBlueprintUserMessages: [bala_C_26] Le reste 50 al bad guy
[2025.07.14-01.26.36:316][  4]LogBlueprintUserMessages: [bala_C_27] Le reste 50 al bad guy
[2025.07.14-01.26.36:336][  5]LogBlueprintUserMessages: [bad_guy2_2] Bad guy  Destruido!
[2025.07.14-01.26.38:699][115]LogBlueprintUserMessages: [bala_C_37] Le reste 25 al bad fella
[2025.07.14-01.26.40:786][213]LogBlueprintUserMessages: [peoncito_2] Te queda de vida:
[2025.07.14-01.26.40:786][213]LogBlueprintUserMessages: [peoncito_2] 98.0
[2025.07.14-01.26.40:815][214]LogBlueprintUserMessages: [peoncito_2] Te queda de vida:
[2025.07.14-01.26.40:816][214]LogBlueprintUserMessages: [peoncito_2] 96.0
[2025.07.14-01.26.40:940][220]LogBlueprintUserMessages: [ReglasJuego_C_0] El puntaje subio!
[2025.07.14-01.26.40:940][220]LogBlueprintUserMessages: [ReglasJuego_C_0] 4
[2025.07.14-01.26.41:754][261]LogBlueprintUserMessages: [ReglasJuego_C_0] El puntaje subio!
[2025.07.14-01.26.41:754][261]LogBlueprintUserMessages: [ReglasJuego_C_0] 6
[2025.07.14-01.26.41:891][269]LogBlueprintUserMessages: [peoncito_2] Te queda de vida:
[2025.07.14-01.26.41:891][269]LogBlueprintUserMessages: [peoncito_2] 94.0
[2025.07.14-01.26.41:911][270]LogBlueprintUserMessages: [peoncito_2] Te queda de vida:
[2025.07.14-01.26.41:912][270]LogBlueprintUserMessages: [peoncito_2] 92.0
[2025.07.14-01.26.41:931][271]LogBlueprintUserMessages: [peoncito_2] Te queda de vida:
[2025.07.14-01.26.41:932][271]LogBlueprintUserMessages: [peoncito_2] 90.0
[2025.07.14-01.26.41:953][272]LogBlueprintUserMessages: [peoncito_2] Te queda de vida:
[2025.07.14-01.26.41:953][272]LogBlueprintUserMessages: [peoncito_2] 88.0
[2025.07.14-01.26.41:973][273]LogBlueprintUserMessages: [peoncito_2] Te queda de vida:
[2025.07.14-01.26.41:973][273]LogBlueprintUserMessages: [peoncito_2] 86.0
[2025.07.14-01.26.41:994][274]LogBlueprintUserMessages: [peoncito_2] Te queda de vida:
[2025.07.14-01.26.41:994][274]LogBlueprintUserMessages: [peoncito_2] 84.0
[2025.07.14-01.26.42:017][275]LogBlueprintUserMessages: [peoncito_2] Te queda de vida:
[2025.07.14-01.26.42:017][275]LogBlueprintUserMessages: [peoncito_2] 82.0
[2025.07.14-01.26.42:040][276]LogBlueprintUserMessages: [peoncito_2] Te queda de vida:
[2025.07.14-01.26.42:040][276]LogBlueprintUserMessages: [peoncito_2] 80.0
[2025.07.14-01.26.42:061][277]LogBlueprintUserMessages: [peoncito_2] Te queda de vida:
[2025.07.14-01.26.42:061][277]LogBlueprintUserMessages: [peoncito_2] 78.0
[2025.07.14-01.26.42:084][278]LogBlueprintUserMessages: [peoncito_2] Te queda de vida:
[2025.07.14-01.26.42:084][278]LogBlueprintUserMessages: [peoncito_2] 76.0
[2025.07.14-01.26.42:106][279]LogBlueprintUserMessages: [peoncito_2] Te queda de vida:
[2025.07.14-01.26.42:106][279]LogBlueprintUserMessages: [peoncito_2] 74.0
[2025.07.14-01.26.42:131][280]LogBlueprintUserMessages: [peoncito_2] Te queda de vida:
[2025.07.14-01.26.42:131][280]LogBlueprintUserMessages: [peoncito_2] 72.0
[2025.07.14-01.26.42:150][281]LogBlueprintUserMessages: [ReglasJuego_C_0] El puntaje subio!
[2025.07.14-01.26.42:151][281]LogBlueprintUserMessages: [ReglasJuego_C_0] 8
[2025.07.14-01.26.42:152][281]LogBlueprintUserMessages: [peoncito_2] Te queda de vida:
[2025.07.14-01.26.42:152][281]LogBlueprintUserMessages: [peoncito_2] 70.0
[2025.07.14-01.26.42:174][282]LogBlueprintUserMessages: [peoncito_2] Te queda de vida:
[2025.07.14-01.26.42:174][282]LogBlueprintUserMessages: [peoncito_2] 68.0
[2025.07.14-01.26.42:195][283]LogBlueprintUserMessages: [peoncito_2] Te queda de vida:
[2025.07.14-01.26.42:196][283]LogBlueprintUserMessages: [peoncito_2] 66.0
[2025.07.14-01.26.42:216][284]LogBlueprintUserMessages: [peoncito_2] Te queda de vida:
[2025.07.14-01.26.42:216][284]LogBlueprintUserMessages: [peoncito_2] 64.0
[2025.07.14-01.26.42:240][285]LogBlueprintUserMessages: [peoncito_2] Te queda de vida:
[2025.07.14-01.26.42:240][285]LogBlueprintUserMessages: [peoncito_2] 62.0
[2025.07.14-01.26.42:262][286]LogBlueprintUserMessages: [peoncito_2] Te queda de vida:
[2025.07.14-01.26.42:263][286]LogBlueprintUserMessages: [peoncito_2] 60.0
[2025.07.14-01.26.42:424][294]LogBlueprintUserMessages: [Balaza_C_17] Le reste 30 al peoncito
[2025.07.14-01.26.42:443][295]LogBlueprintUserMessages: [Balaza_C_17] Le reste 30 al peoncito
[2025.07.14-01.26.42:445][295]LogBlueprintUserMessages: [peoncito_2] Te moriste!
[2025.07.14-01.26.42:445][295]LogBlueprintUserMessages: [ReglasJuego_C_0] Noo, perdiste!
[2025.07.14-01.26.42:450][295]LogScript: Warning: Accessed None trying to read property K2Node_DynamicCast_AsPeoncito
	BarraVIda_C /Engine/Transient.UnrealEdEngine_0:GameInstance_5.BarraVIda_C_0
	Function /Game/ThirdPersonBP/Blueprints/blueprints/BarraVIda.BarraVIda_C:GetText_0:0099
[2025.07.14-01.26.42:450][295]PIE: Error: Blueprint Runtime Error: "Accessed None trying to read property K2Node_DynamicCast_AsPeoncito". Blueprint:  BarraVIda Function:  Get Text 0 Graph:  GetText_0 Node:  Return Node
[2025.07.14-01.26.42:463][296]LogNet: Browse: /Game/ThirdPersonBP/Maps/Perdiste_Level
[2025.07.14-01.26.42:464][296]LogLoad: LoadMap: /Game/ThirdPersonBP/Maps/Perdiste_Level
[2025.07.14-01.26.42:464][296]LogWorld: BeginTearingDown for /Game/ThirdPersonBP/Maps/UEDPIE_0_ThirdPersonExampleMap
[2025.07.14-01.26.42:465][296]LogWorld: UWorld::CleanupWorld for ThirdPersonExampleMap, bSessionEnded=true, bCleanupResources=true
[2025.07.14-01.26.42:466][296]LogSlate: InvalidateAllWidgets triggered.  All widgets were invalidated
[2025.07.14-01.26.42:541][296]LogAudio: Display: Audio Device unregistered from world 'None'.
[2025.07.14-01.26.42:546][296]LogUObjectHash: Compacting FUObjectHashTables data took   3.38ms
[2025.07.14-01.26.42:573][296]LogAudio: Display: Audio Device (ID: 7) registered with world 'Perdiste_Level'.
[2025.07.14-01.26.42:575][296]LogAIModule: Creating AISystem for world Perdiste_Level
[2025.07.14-01.26.42:575][296]LogLoad: Game class is 'ReglasJuego_C'
[2025.07.14-01.26.42:653][296]LogWorld: Bringing World /Game/ThirdPersonBP/Maps/UEDPIE_0_Perdiste_Level.Perdiste_Level up for play (max tick rate 60) at 2025.07.13-22.26.42
[2025.07.14-01.26.42:653][296]LogWorld: Bringing up level for play took: 0.076641
[2025.07.14-01.26.42:654][296]LogGameMode: FindPlayerStart: PATHS NOT DEFINED or NO PLAYERSTART with positive rating
[2025.07.14-01.26.42:656][296]LogBlueprintUserMessages: [plataforma_2] Buenas buenas!
[2025.07.14-01.26.42:658][296]LogLoad: Took 0.194617 seconds to LoadMap(/Game/ThirdPersonBP/Maps/Perdiste_Level)
[2025.07.14-01.26.42:725][296]PIE: Error: Blueprint Runtime Error: "Accessed None trying to read property K2Node_DynamicCast_AsPeoncito". Blueprint:  BarraVIda Function:  Get Text 0 Graph:  GetText_0 Node:  Return Node
[2025.07.14-01.26.42:757][297]PIE: Error: Blueprint Runtime Error: "Accessed None trying to read property K2Node_DynamicCast_AsPeoncito". Blueprint:  BarraVIda Function:  Get Text 0 Graph:  GetText_0 Node:  Return Node
[2025.07.14-01.26.42:773][298]PIE: Error: Blueprint Runtime Error: "Accessed None trying to read property K2Node_DynamicCast_AsPeoncito". Blueprint:  BarraVIda Function:  Get Text 0 Graph:  GetText_0 Node:  Return Node
[2025.07.14-01.26.42:791][299]PIE: Error: Blueprint Runtime Error: "Accessed None trying to read property K2Node_DynamicCast_AsPeoncito". Blueprint:  BarraVIda Function:  Get Text 0 Graph:  GetText_0 Node:  Return Node
[2025.07.14-01.26.42:810][300]PIE: Error: Blueprint Runtime Error: "Accessed None trying to read property K2Node_DynamicCast_AsPeoncito". Blueprint:  BarraVIda Function:  Get Text 0 Graph:  GetText_0 Node:  Return Node
[2025.07.14-01.26.42:831][301]PIE: Error: Blueprint Runtime Error: "Accessed None trying to read property K2Node_DynamicCast_AsPeoncito". Blueprint:  BarraVIda Function:  Get Text 0 Graph:  GetText_0 Node:  Return Node
[2025.07.14-01.26.42:850][302]PIE: Error: Blueprint Runtime Error: "Accessed None trying to read property K2Node_DynamicCast_AsPeoncito". Blueprint:  BarraVIda Function:  Get Text 0 Graph:  GetText_0 Node:  Return Node
[2025.07.14-01.26.42:868][303]PIE: Error: Blueprint Runtime Error: "Accessed None trying to read property K2Node_DynamicCast_AsPeoncito". Blueprint:  BarraVIda Function:  Get Text 0 Graph:  GetText_0 Node:  Return Node
[2025.07.14-01.26.42:888][304]PIE: Error: Blueprint Runtime Error: "Accessed None trying to read property K2Node_DynamicCast_AsPeoncito". Blueprint:  BarraVIda Function:  Get Text 0 Graph:  GetText_0 Node:  Return Node
[2025.07.14-01.26.42:906][305]PIE: Error: Blueprint Runtime Error: "Accessed None trying to read property K2Node_DynamicCast_AsPeoncito". Blueprint:  BarraVIda Function:  Get Text 0 Graph:  GetText_0 Node:  Return Node
[2025.07.14-01.26.42:925][306]PIE: Error: Blueprint Runtime Error: "Accessed None trying to read property K2Node_DynamicCast_AsPeoncito". Blueprint:  BarraVIda Function:  Get Text 0 Graph:  GetText_0 Node:  Return Node
[2025.07.14-01.26.42:944][307]PIE: Error: Blueprint Runtime Error: "Accessed None trying to read property K2Node_DynamicCast_AsPeoncito". Blueprint:  BarraVIda Function:  Get Text 0 Graph:  GetText_0 Node:  Return Node
[2025.07.14-01.26.42:962][308]PIE: Error: Blueprint Runtime Error: "Accessed None trying to read property K2Node_DynamicCast_AsPeoncito". Blueprint:  BarraVIda Function:  Get Text 0 Graph:  GetText_0 Node:  Return Node
[2025.07.14-01.26.42:982][309]PIE: Error: Blueprint Runtime Error: "Accessed None trying to read property K2Node_DynamicCast_AsPeoncito". Blueprint:  BarraVIda Function:  Get Text 0 Graph:  GetText_0 Node:  Return Node
[2025.07.14-01.26.43:000][310]PIE: Error: Blueprint Runtime Error: "Accessed None trying to read property K2Node_DynamicCast_AsPeoncito". Blueprint:  BarraVIda Function:  Get Text 0 Graph:  GetText_0 Node:  Return Node
[2025.07.14-01.26.43:018][311]PIE: Error: Blueprint Runtime Error: "Accessed None trying to read property K2Node_DynamicCast_AsPeoncito". Blueprint:  BarraVIda Function:  Get Text 0 Graph:  GetText_0 Node:  Return Node
[2025.07.14-01.26.43:038][312]PIE: Error: Blueprint Runtime Error: "Accessed None trying to read property K2Node_DynamicCast_AsPeoncito". Blueprint:  BarraVIda Function:  Get Text 0 Graph:  GetText_0 Node:  Return Node
[2025.07.14-01.26.43:058][313]PIE: Error: Blueprint Runtime Error: "Accessed None trying to read property K2Node_DynamicCast_AsPeoncito". Blueprint:  BarraVIda Function:  Get Text 0 Graph:  GetText_0 Node:  Return Node
[2025.07.14-01.26.43:076][314]PIE: Error: Blueprint Runtime Error: "Accessed None trying to read property K2Node_DynamicCast_AsPeoncito". Blueprint:  BarraVIda Function:  Get Text 0 Graph:  GetText_0 Node:  Return Node
[2025.07.14-01.26.43:096][315]PIE: Error: Blueprint Runtime Error: "Accessed None trying to read property K2Node_DynamicCast_AsPeoncito". Blueprint:  BarraVIda Function:  Get Text 0 Graph:  GetText_0 Node:  Return Node
[2025.07.14-01.26.43:120][316]PIE: Error: Blueprint Runtime Error: "Accessed None trying to read property K2Node_DynamicCast_AsPeoncito". Blueprint:  BarraVIda Function:  Get Text 0 Graph:  GetText_0 Node:  Return Node
[2025.07.14-01.26.43:140][317]PIE: Error: Blueprint Runtime Error: "Accessed None trying to read property K2Node_DynamicCast_AsPeoncito". Blueprint:  BarraVIda Function:  Get Text 0 Graph:  GetText_0 Node:  Return Node
[2025.07.14-01.26.43:160][318]PIE: Error: Blueprint Runtime Error: "Accessed None trying to read property K2Node_DynamicCast_AsPeoncito". Blueprint:  BarraVIda Function:  Get Text 0 Graph:  GetText_0 Node:  Return Node
[2025.07.14-01.26.43:179][319]PIE: Error: Blueprint Runtime Error: "Accessed None trying to read property K2Node_DynamicCast_AsPeoncito". Blueprint:  BarraVIda Function:  Get Text 0 Graph:  GetText_0 Node:  Return Node
[2025.07.14-01.26.43:201][320]PIE: Error: Blueprint Runtime Error: "Accessed None trying to read property K2Node_DynamicCast_AsPeoncito". Blueprint:  BarraVIda Function:  Get Text 0 Graph:  GetText_0 Node:  Return Node
[2025.07.14-01.26.43:218][321]PIE: Error: Blueprint Runtime Error: "Accessed None trying to read property K2Node_DynamicCast_AsPeoncito". Blueprint:  BarraVIda Function:  Get Text 0 Graph:  GetText_0 Node:  Return Node
[2025.07.14-01.26.43:236][322]PIE: Error: Blueprint Runtime Error: "Accessed None trying to read property K2Node_DynamicCast_AsPeoncito". Blueprint:  BarraVIda Function:  Get Text 0 Graph:  GetText_0 Node:  Return Node
[2025.07.14-01.26.43:254][323]PIE: Error: Blueprint Runtime Error: "Accessed None trying to read property K2Node_DynamicCast_AsPeoncito". Blueprint:  BarraVIda Function:  Get Text 0 Graph:  GetText_0 Node:  Return Node
[2025.07.14-01.26.43:273][324]PIE: Error: Blueprint Runtime Error: "Accessed None trying to read property K2Node_DynamicCast_AsPeoncito". Blueprint:  BarraVIda Function:  Get Text 0 Graph:  GetText_0 Node:  Return Node
[2025.07.14-01.26.43:291][325]PIE: Error: Blueprint Runtime Error: "Accessed None trying to read property K2Node_DynamicCast_AsPeoncito". Blueprint:  BarraVIda Function:  Get Text 0 Graph:  GetText_0 Node:  Return Node
[2025.07.14-01.26.43:311][326]PIE: Error: Blueprint Runtime Error: "Accessed None trying to read property K2Node_DynamicCast_AsPeoncito". Blueprint:  BarraVIda Function:  Get Text 0 Graph:  GetText_0 Node:  Return Node
[2025.07.14-01.26.43:330][327]PIE: Error: Blueprint Runtime Error: "Accessed None trying to read property K2Node_DynamicCast_AsPeoncito". Blueprint:  BarraVIda Function:  Get Text 0 Graph:  GetText_0 Node:  Return Node
[2025.07.14-01.26.43:352][328]PIE: Error: Blueprint Runtime Error: "Accessed None trying to read property K2Node_DynamicCast_AsPeoncito". Blueprint:  BarraVIda Function:  Get Text 0 Graph:  GetText_0 Node:  Return Node
[2025.07.14-01.26.43:372][329]PIE: Error: Blueprint Runtime Error: "Accessed None trying to read property K2Node_DynamicCast_AsPeoncito". Blueprint:  BarraVIda Function:  Get Text 0 Graph:  GetText_0 Node:  Return Node
[2025.07.14-01.26.43:391][330]PIE: Error: Blueprint Runtime Error: "Accessed None trying to read property K2Node_DynamicCast_AsPeoncito". Blueprint:  BarraVIda Function:  Get Text 0 Graph:  GetText_0 Node:  Return Node
[2025.07.14-01.26.43:413][331]PIE: Error: Blueprint Runtime Error: "Accessed None trying to read property K2Node_DynamicCast_AsPeoncito". Blueprint:  BarraVIda Function:  Get Text 0 Graph:  GetText_0 Node:  Return Node
[2025.07.14-01.26.43:433][332]PIE: Error: Blueprint Runtime Error: "Accessed None trying to read property K2Node_DynamicCast_AsPeoncito". Blueprint:  BarraVIda Function:  Get Text 0 Graph:  GetText_0 Node:  Return Node
[2025.07.14-01.26.43:452][333]PIE: Error: Blueprint Runtime Error: "Accessed None trying to read property K2Node_DynamicCast_AsPeoncito". Blueprint:  BarraVIda Function:  Get Text 0 Graph:  GetText_0 Node:  Return Node
[2025.07.14-01.26.43:529][334]LogSlate: Updating window title bar state: overlay mode, drag disabled, window buttons hidden, title bar hidden
[2025.07.14-01.26.43:529][334]LogWorld: BeginTearingDown for /Game/ThirdPersonBP/Maps/UEDPIE_0_Perdiste_Level
[2025.07.14-01.26.43:530][334]LogWorld: UWorld::CleanupWorld for Perdiste_Level, bSessionEnded=true, bCleanupResources=true
[2025.07.14-01.26.43:531][334]LogSlate: InvalidateAllWidgets triggered.  All widgets were invalidated
[2025.07.14-01.26.43:540][334]LogPlayLevel: Display: Shutting down PIE online subsystems
[2025.07.14-01.26.43:563][334]LogSlate: InvalidateAllWidgets triggered.  All widgets were invalidated
[2025.07.14-01.26.43:598][334]LogSlate: Updating window title bar state: overlay mode, drag disabled, window buttons hidden, title bar hidden
[2025.07.14-01.26.43:599][334]LogAudioMixer: FMixerPlatformXAudio2::StopAudioStream() called
[2025.07.14-01.26.43:600][334]LogAudioMixer: FMixerPlatformXAudio2::StopAudioStream() called
[2025.07.14-01.26.43:611][334]LogUObjectHash: Compacting FUObjectHashTables data took   4.21ms
[2025.07.14-01.26.43:846][335]LogPlayLevel: Display: Destroying online subsystem :Context_30
[2025.07.14-01.26.45:447][389]LogSlate: Window 'Message Log' being destroyed
[2025.07.14-01.26.45:479][389]LogSlate: Window 'Message Log' being destroyed
[2025.07.14-01.26.46:318][424]LogTemp: Repeating last play command: Selected Viewport
[2025.07.14-01.26.46:358][424]LogPlayLevel: PlayLevel: No blueprints needed recompiling
[2025.07.14-01.26.46:358][424]PIE: New page: PIE session: ThirdPersonExampleMap (Jul 13, 2025, 7:26:46 PM)
[2025.07.14-01.26.46:358][424]LogPlayLevel: Creating play world package: /Game/ThirdPersonBP/Maps/UEDPIE_0_ThirdPersonExampleMap
[2025.07.14-01.26.46:392][424]LogPlayLevel: PIE: StaticDuplicateObject took: (0.033955s)
[2025.07.14-01.26.46:394][424]LogAIModule: Creating AISystem for world ThirdPersonExampleMap
[2025.07.14-01.26.46:394][424]LogPlayLevel: PIE: World Init took: (0.001957s)
[2025.07.14-01.26.46:394][424]LogPlayLevel: PIE: Created PIE world by copying editor world from /Game/ThirdPersonBP/Maps/ThirdPersonExampleMap.ThirdPersonExampleMap to /Game/ThirdPersonBP/Maps/UEDPIE_0_ThirdPersonExampleMap.ThirdPersonExampleMap (0.036222s)
[2025.07.14-01.26.46:454][424]LogUObjectHash: Compacting FUObjectHashTables data took   5.36ms
[2025.07.14-01.26.46:456][424]LogAudio: Display: Creating Audio Device:                 Id: 8, Scope: Unique, Realtime: True
[2025.07.14-01.26.46:456][424]LogAudioMixer: Display: Audio Mixer Platform Settings:
[2025.07.14-01.26.46:456][424]LogAudioMixer: Display: 	Sample Rate:						  48000
[2025.07.14-01.26.46:457][424]LogAudioMixer: Display: 	Callback Buffer Frame Size Requested: 1024
[2025.07.14-01.26.46:457][424]LogAudioMixer: Display: 	Callback Buffer Frame Size To Use:	  1024
[2025.07.14-01.26.46:457][424]LogAudioMixer: Display: 	Number of buffers to queue:			  2
[2025.07.14-01.26.46:457][424]LogAudioMixer: Display: 	Max Channels (voices):				  32
[2025.07.14-01.26.46:457][424]LogAudioMixer: Display: 	Number of Async Source Workers:		  0
[2025.07.14-01.26.46:457][424]LogAudio: Display: AudioDevice MaxSources: 32
[2025.07.14-01.26.46:458][424]LogAudio: Display: Audio Spatialization Plugin: None (built-in).
[2025.07.14-01.26.46:458][424]LogAudio: Display: Audio Reverb Plugin: None (built-in).
[2025.07.14-01.26.46:458][424]LogAudio: Display: Audio Occlusion Plugin: None (built-in).
[2025.07.14-01.26.46:458][424]LogAudioMixer: Display: Initializing audio mixer.
[2025.07.14-01.26.46:467][424]LogAudioMixer: Display: 0: FrontLeft
[2025.07.14-01.26.46:467][424]LogAudioMixer: Display: 1: FrontRight
[2025.07.14-01.26.46:496][424]LogAudioMixer: Display: Using Audio Device Headphones (SOUNDPEATS Mini HS Stereo)
[2025.07.14-01.26.46:496][424]LogAudioMixer: Display: Initializing Sound Submixes...
[2025.07.14-01.26.46:496][424]LogAudioMixer: Display: Creating Master Submix 'MasterSubmixDefault'
[2025.07.14-01.26.46:497][424]LogAudioMixer: Display: Creating Master Submix 'MasterReverbSubmixDefault'
[2025.07.14-01.26.46:497][424]LogAudioMixer: Display: Creating Master Submix 'MasterEQSubmixDefault'
[2025.07.14-01.26.46:497][424]LogAudioMixer: FMixerPlatformXAudio2::StartAudioStream() called
[2025.07.14-01.26.46:498][424]LogAudioMixer: Display: Output buffers initialized: Frames=1024, Channels=2, Samples=2048
[2025.07.14-01.26.46:500][424]LogAudioMixer: Display: Starting AudioMixerPlatformInterface::RunInternal()
[2025.07.14-01.26.46:500][424]LogAudioMixer: Display: FMixerPlatformXAudio2::SubmitBuffer() called for the first time
[2025.07.14-01.26.46:500][424]LogInit: FAudioDevice initialized.
[2025.07.14-01.26.46:500][424]LogAudio: Display: Audio Device (ID: 8) registered with world 'ThirdPersonExampleMap'.
[2025.07.14-01.26.46:513][424]LogLoad: Game class is 'ReglasJuego_C'
[2025.07.14-01.26.46:523][424]LogWorld: Bringing World /Game/ThirdPersonBP/Maps/UEDPIE_0_ThirdPersonExampleMap.ThirdPersonExampleMap up for play (max tick rate 60) at 2025.07.13-22.26.46
[2025.07.14-01.26.46:524][424]LogWorld: Bringing up level for play took: 0.009425
[2025.07.14-01.26.46:524][424]LogOnline: OSS: Creating online subsystem instance for: :Context_31
[2025.07.14-01.26.46:528][424]LogBlueprintUserMessages: [plataforma_2] Buenas buenas!
[2025.07.14-01.26.46:532][424]PIE: Server logged in
[2025.07.14-01.26.46:533][424]PIE: Play in editor total start time 0.198 seconds.
[2025.07.14-01.26.49:319][557]LogBlueprintUserMessages: [bala_C_7] Le reste 25 al bad fella
[2025.07.14-01.26.51:114][642]LogBlueprintUserMessages: [bala_C_11] Le reste 25 al bad fella
[2025.07.14-01.26.51:432][657]LogBlueprintUserMessages: [bala_C_12] Le reste 25 al bad fella
[2025.07.14-01.26.51:803][674]LogBlueprintUserMessages: [bala_C_15] Le reste 25 al bad fella
[2025.07.14-01.26.52:161][691]LogBlueprintUserMessages: [bala_C_16] Le reste 25 al bad fella
[2025.07.14-01.26.52:182][692]LogBlueprintUserMessages: [bad_fella_2] Bad fella  Destruido!
[2025.07.14-01.26.55:781][864]LogBlueprintUserMessages: [bala_C_24] Le reste 25 a la torreta
[2025.07.14-01.26.55:781][864]LogBlueprintUserMessages: [Torreta2_5] algo me ataveso!
[2025.07.14-01.26.55:925][870]LogBlueprintUserMessages: [bala_C_21] El peoncito perdio 10 de vida!!!!
[2025.07.14-01.26.56:136][881]LogBlueprintUserMessages: [bala_C_21] El peoncito perdio 10 de vida!!!!
[2025.07.14-01.26.56:137][881]LogBlueprintUserMessages: [bala_C_27] Le reste 25 a la torreta
[2025.07.14-01.26.56:137][881]LogBlueprintUserMessages: [Torreta2_5] algo me ataveso!
[2025.07.14-01.26.56:155][882]LogBlueprintUserMessages: [Torreta2_5] Torreta Destruida!
[2025.07.14-01.27.00:075][ 68]LogBlueprintUserMessages: [bala_C_40] Le reste 25 a la torreta
[2025.07.14-01.27.00:075][ 68]LogBlueprintUserMessages: [Torreta_2] algo me ataveso!
[2025.07.14-01.27.00:753][100]LogBlueprintUserMessages: [bala_C_41] Le reste 25 a la torreta
[2025.07.14-01.27.00:753][100]LogBlueprintUserMessages: [Torreta_2] algo me ataveso!
[2025.07.14-01.27.00:772][101]LogBlueprintUserMessages: [Torreta_2] Torreta Destruida!
[2025.07.14-01.27.02:589][190]LogBlueprintUserMessages: [bala_C_47] El peoncito perdio 10 de vida!!!!
[2025.07.14-01.27.03:632][238]LogBlueprintUserMessages: [bala_C_49] El peoncito perdio 10 de vida!!!!
[2025.07.14-01.27.04:372][272]LogBlueprintUserMessages: [bala_C_54] Le reste 25 al bad fella
[2025.07.14-01.27.05:149][307]LogBlueprintUserMessages: [bala_C_53] Le reste 50 al bad guy
[2025.07.14-01.27.05:570][326]LogBlueprintUserMessages: [bala_C_50] Le reste 25 al bad fella
[2025.07.14-01.27.05:700][332]LogBlueprintUserMessages: [bala_C_50] El peoncito perdio 10 de vida!!!!
[2025.07.14-01.27.05:720][333]LogBlueprintUserMessages: [bala_C_50] El peoncito perdio 10 de vida!!!!
[2025.07.14-01.27.06:165][354]LogBlueprintUserMessages: [bala_C_58] Le reste 50 al bad guy
[2025.07.14-01.27.06:185][355]LogBlueprintUserMessages: [bad_guy2_2] Bad guy  Destruido!
[2025.07.14-01.27.06:319][362]LogBlueprintUserMessages: [bala_C_60] El peoncito perdio 10 de vida!!!!
[2025.07.14-01.27.07:534][420]LogBlueprintUserMessages: [bala_C_57] Le reste 25 al bad fella
[2025.07.14-01.27.07:556][421]LogBlueprintUserMessages: [bad_fella2_2] Bad fella  Destruido!
[2025.07.14-01.27.10:350][571]LogBlueprintUserMessages: [Curador_2] Le di vida al peoncito! ahora tiene:
[2025.07.14-01.27.10:351][571]LogBlueprintUserMessages: [Curador_2] 30.0
[2025.07.14-01.27.10:351][571]LogBlueprintUserMessages: [Curador_2] El curador ya curo las siguientes veces:
[2025.07.14-01.27.10:351][571]LogBlueprintUserMessages: [Curador_2] 1.0
[2025.07.14-01.27.11:305][619]LogBlueprintUserMessages: [Balaza_C_14] Le reste 30 al peoncito
[2025.07.14-01.27.11:938][654]LogBlueprintUserMessages: [Curador_2] Le di vida al peoncito! ahora tiene:
[2025.07.14-01.27.11:938][654]LogBlueprintUserMessages: [Curador_2] 20.0
[2025.07.14-01.27.11:938][654]LogBlueprintUserMessages: [Curador_2] El curador ya curo las siguientes veces:
[2025.07.14-01.27.11:938][654]LogBlueprintUserMessages: [Curador_2] 2.0
[2025.07.14-01.27.12:877][704]LogBlueprintUserMessages: [Balaza_C_15] Le reste 30 al peoncito
[2025.07.14-01.27.14:063][770]LogBlueprintUserMessages: [Curador_2] Le di vida al peoncito! ahora tiene:
[2025.07.14-01.27.14:063][770]LogBlueprintUserMessages: [Curador_2] 10.0
[2025.07.14-01.27.14:063][770]LogBlueprintUserMessages: [Curador_2] El curador ya curo las siguientes veces:
[2025.07.14-01.27.14:063][770]LogBlueprintUserMessages: [Curador_2] 3.0
[2025.07.14-01.27.14:153][775]LogBlueprintUserMessages: [Curador_2] Le di vida al peoncito! ahora tiene:
[2025.07.14-01.27.14:153][775]LogBlueprintUserMessages: [Curador_2] 30.0
[2025.07.14-01.27.14:153][775]LogBlueprintUserMessages: [Curador_2] El curador ya curo las siguientes veces:
[2025.07.14-01.27.14:153][775]LogBlueprintUserMessages: [Curador_2] 4.0
[2025.07.14-01.27.15:695][853]LogBlueprintUserMessages: [Curador_2] Le di vida al peoncito! ahora tiene:
[2025.07.14-01.27.15:695][853]LogBlueprintUserMessages: [Curador_2] 50.0
[2025.07.14-01.27.15:695][853]LogBlueprintUserMessages: [Curador_2] El curador ya curo las siguientes veces:
[2025.07.14-01.27.15:695][853]LogBlueprintUserMessages: [Curador_2] 5.0
[2025.07.14-01.27.17:056][925]LogBlueprintUserMessages: [ReglasJuego_C_0] El puntaje subio!
[2025.07.14-01.27.17:056][925]LogBlueprintUserMessages: [ReglasJuego_C_0] 2
[2025.07.14-01.27.20:667][112]LogBlueprintUserMessages: [bala_C_76] El peoncito perdio 10 de vida!!!!
[2025.07.14-01.27.20:689][113]LogBlueprintUserMessages: [bala_C_76] El peoncito perdio 10 de vida!!!!
[2025.07.14-01.27.21:174][137]LogBlueprintUserMessages: [bala_C_77] Le reste 50 al bad guy
[2025.07.14-01.27.22:256][192]LogBlueprintUserMessages: [bala_C_80] Le reste 50 al bad guy
[2025.07.14-01.27.22:272][193]LogBlueprintUserMessages: [bad_guy_5] Bad guy  Destruido!
[2025.07.14-01.27.23:093][235]LogBlueprintUserMessages: [Curador_2] Le di vida al peoncito! ahora tiene:
[2025.07.14-01.27.23:093][235]LogBlueprintUserMessages: [Curador_2] 50.0
[2025.07.14-01.27.23:093][235]LogBlueprintUserMessages: [Curador_2] El curador ya curo las siguientes veces:
[2025.07.14-01.27.23:093][235]LogBlueprintUserMessages: [Curador_2] 6.0
[2025.07.14-01.27.23:749][271]LogBlueprintUserMessages: [Balaza_C_21] Le reste 30 al peoncito
[2025.07.14-01.27.29:097][552]LogBlueprintUserMessages: [bala_C_85] Le reste 25 a la torreta
[2025.07.14-01.27.29:098][552]LogBlueprintUserMessages: [Torreta3_2] algo me ataveso!
[2025.07.14-01.27.29:536][575]LogBlueprintUserMessages: [bala_C_86] Le reste 25 a la torreta
[2025.07.14-01.27.29:536][575]LogBlueprintUserMessages: [Torreta3_2] algo me ataveso!
[2025.07.14-01.27.29:553][576]LogBlueprintUserMessages: [Torreta3_2] Torreta Destruida!
[2025.07.14-01.27.33:205][773]LogBlueprintUserMessages: [ReglasJuego_C_0] El puntaje subio!
[2025.07.14-01.27.33:205][773]LogBlueprintUserMessages: [ReglasJuego_C_0] 4
[2025.07.14-01.27.33:792][806]LogBlueprintUserMessages: [peoncito_2] Te queda de vida:
[2025.07.14-01.27.33:792][806]LogBlueprintUserMessages: [peoncito_2] 38.0
[2025.07.14-01.27.33:817][807]LogBlueprintUserMessages: [peoncito_2] Te queda de vida:
[2025.07.14-01.27.33:817][807]LogBlueprintUserMessages: [peoncito_2] 36.0
[2025.07.14-01.27.33:837][808]LogBlueprintUserMessages: [peoncito_2] Te queda de vida:
[2025.07.14-01.27.33:837][808]LogBlueprintUserMessages: [peoncito_2] 34.0
[2025.07.14-01.27.33:856][809]LogBlueprintUserMessages: [peoncito_2] Te queda de vida:
[2025.07.14-01.27.33:856][809]LogBlueprintUserMessages: [peoncito_2] 32.0
[2025.07.14-01.27.33:874][810]LogBlueprintUserMessages: [peoncito_2] Te queda de vida:
[2025.07.14-01.27.33:875][810]LogBlueprintUserMessages: [peoncito_2] 30.0
[2025.07.14-01.27.33:893][811]LogBlueprintUserMessages: [peoncito_2] Te queda de vida:
[2025.07.14-01.27.33:893][811]LogBlueprintUserMessages: [peoncito_2] 28.0
[2025.07.14-01.27.33:913][812]LogBlueprintUserMessages: [peoncito_2] Te queda de vida:
[2025.07.14-01.27.33:914][812]LogBlueprintUserMessages: [peoncito_2] 26.0
[2025.07.14-01.27.33:936][813]LogBlueprintUserMessages: [peoncito_2] Te queda de vida:
[2025.07.14-01.27.33:937][813]LogBlueprintUserMessages: [peoncito_2] 24.0
[2025.07.14-01.27.33:962][814]LogBlueprintUserMessages: [peoncito_2] Te queda de vida:
[2025.07.14-01.27.33:963][814]LogBlueprintUserMessages: [peoncito_2] 22.0
[2025.07.14-01.27.33:984][815]LogBlueprintUserMessages: [peoncito_2] Te queda de vida:
[2025.07.14-01.27.33:984][815]LogBlueprintUserMessages: [peoncito_2] 20.0
[2025.07.14-01.27.34:007][816]LogBlueprintUserMessages: [peoncito_2] Te queda de vida:
[2025.07.14-01.27.34:007][816]LogBlueprintUserMessages: [peoncito_2] 18.0
[2025.07.14-01.27.34:029][817]LogBlueprintUserMessages: [peoncito_2] Te queda de vida:
[2025.07.14-01.27.34:029][817]LogBlueprintUserMessages: [peoncito_2] 16.0
[2025.07.14-01.27.34:055][818]LogBlueprintUserMessages: [peoncito_2] Te queda de vida:
[2025.07.14-01.27.34:055][818]LogBlueprintUserMessages: [peoncito_2] 14.0
[2025.07.14-01.27.34:079][819]LogBlueprintUserMessages: [peoncito_2] Te queda de vida:
[2025.07.14-01.27.34:079][819]LogBlueprintUserMessages: [peoncito_2] 12.0
[2025.07.14-01.27.34:103][820]LogBlueprintUserMessages: [peoncito_2] Te queda de vida:
[2025.07.14-01.27.34:103][820]LogBlueprintUserMessages: [peoncito_2] 10.0
[2025.07.14-01.27.34:125][821]LogBlueprintUserMessages: [peoncito_2] Te queda de vida:
[2025.07.14-01.27.34:126][821]LogBlueprintUserMessages: [peoncito_2] 8.0
[2025.07.14-01.27.34:339][833]LogBlueprintUserMessages: [peoncito_2] Te queda de vida:
[2025.07.14-01.27.34:339][833]LogBlueprintUserMessages: [peoncito_2] 6.0
[2025.07.14-01.27.34:356][834]LogBlueprintUserMessages: [peoncito_2] Te queda de vida:
[2025.07.14-01.27.34:356][834]LogBlueprintUserMessages: [peoncito_2] 4.0
[2025.07.14-01.27.34:374][835]LogBlueprintUserMessages: [peoncito_2] Te queda de vida:
[2025.07.14-01.27.34:374][835]LogBlueprintUserMessages: [peoncito_2] 2.0
[2025.07.14-01.27.34:391][836]LogBlueprintUserMessages: [peoncito_2] Te moriste!
[2025.07.14-01.27.34:391][836]LogBlueprintUserMessages: [ReglasJuego_C_0] Noo, perdiste!
[2025.07.14-01.27.34:396][836]LogScript: Warning: Accessed None trying to read property K2Node_DynamicCast_AsPeoncito
	BarraVIda_C /Engine/Transient.UnrealEdEngine_0:GameInstance_6.BarraVIda_C_0
	Function /Game/ThirdPersonBP/Blueprints/blueprints/BarraVIda.BarraVIda_C:GetText_0:0099
[2025.07.14-01.27.34:396][836]PIE: Error: Blueprint Runtime Error: "Accessed None trying to read property K2Node_DynamicCast_AsPeoncito". Blueprint:  BarraVIda Function:  Get Text 0 Graph:  GetText_0 Node:  Return Node
[2025.07.14-01.27.34:410][837]LogNet: Browse: /Game/ThirdPersonBP/Maps/Perdiste_Level
[2025.07.14-01.27.34:410][837]LogLoad: LoadMap: /Game/ThirdPersonBP/Maps/Perdiste_Level
[2025.07.14-01.27.34:410][837]LogWorld: BeginTearingDown for /Game/ThirdPersonBP/Maps/UEDPIE_0_ThirdPersonExampleMap
[2025.07.14-01.27.34:410][837]LogWorld: UWorld::CleanupWorld for ThirdPersonExampleMap, bSessionEnded=true, bCleanupResources=true
[2025.07.14-01.27.34:412][837]LogSlate: InvalidateAllWidgets triggered.  All widgets were invalidated
[2025.07.14-01.27.34:472][837]LogAudio: Display: Audio Device unregistered from world 'None'.
[2025.07.14-01.27.34:479][837]LogUObjectHash: Compacting FUObjectHashTables data took   4.73ms
[2025.07.14-01.27.34:504][837]LogAudio: Display: Audio Device (ID: 8) registered with world 'Perdiste_Level'.
[2025.07.14-01.27.34:506][837]LogAIModule: Creating AISystem for world Perdiste_Level
[2025.07.14-01.27.34:506][837]LogLoad: Game class is 'ReglasJuego_C'
[2025.07.14-01.27.34:571][837]LogWorld: Bringing World /Game/ThirdPersonBP/Maps/UEDPIE_0_Perdiste_Level.Perdiste_Level up for play (max tick rate 60) at 2025.07.13-22.27.34
[2025.07.14-01.27.34:572][837]LogWorld: Bringing up level for play took: 0.064599
[2025.07.14-01.27.34:572][837]LogGameMode: FindPlayerStart: PATHS NOT DEFINED or NO PLAYERSTART with positive rating
[2025.07.14-01.27.34:574][837]LogBlueprintUserMessages: [plataforma_2] Buenas buenas!
[2025.07.14-01.27.34:576][837]LogLoad: Took 0.165564 seconds to LoadMap(/Game/ThirdPersonBP/Maps/Perdiste_Level)
[2025.07.14-01.27.34:635][837]PIE: Error: Blueprint Runtime Error: "Accessed None trying to read property K2Node_DynamicCast_AsPeoncito". Blueprint:  BarraVIda Function:  Get Text 0 Graph:  GetText_0 Node:  Return Node
[2025.07.14-01.27.34:660][838]PIE: Error: Blueprint Runtime Error: "Accessed None trying to read property K2Node_DynamicCast_AsPeoncito". Blueprint:  BarraVIda Function:  Get Text 0 Graph:  GetText_0 Node:  Return Node
[2025.07.14-01.27.34:682][839]PIE: Error: Blueprint Runtime Error: "Accessed None trying to read property K2Node_DynamicCast_AsPeoncito". Blueprint:  BarraVIda Function:  Get Text 0 Graph:  GetText_0 Node:  Return Node
[2025.07.14-01.27.34:703][840]PIE: Error: Blueprint Runtime Error: "Accessed None trying to read property K2Node_DynamicCast_AsPeoncito". Blueprint:  BarraVIda Function:  Get Text 0 Graph:  GetText_0 Node:  Return Node
[2025.07.14-01.27.34:723][841]PIE: Error: Blueprint Runtime Error: "Accessed None trying to read property K2Node_DynamicCast_AsPeoncito". Blueprint:  BarraVIda Function:  Get Text 0 Graph:  GetText_0 Node:  Return Node
[2025.07.14-01.27.34:744][842]PIE: Error: Blueprint Runtime Error: "Accessed None trying to read property K2Node_DynamicCast_AsPeoncito". Blueprint:  BarraVIda Function:  Get Text 0 Graph:  GetText_0 Node:  Return Node
[2025.07.14-01.27.34:766][843]PIE: Error: Blueprint Runtime Error: "Accessed None trying to read property K2Node_DynamicCast_AsPeoncito". Blueprint:  BarraVIda Function:  Get Text 0 Graph:  GetText_0 Node:  Return Node
[2025.07.14-01.27.34:786][844]PIE: Error: Blueprint Runtime Error: "Accessed None trying to read property K2Node_DynamicCast_AsPeoncito". Blueprint:  BarraVIda Function:  Get Text 0 Graph:  GetText_0 Node:  Return Node
[2025.07.14-01.27.34:804][845]PIE: Error: Blueprint Runtime Error: "Accessed None trying to read property K2Node_DynamicCast_AsPeoncito". Blueprint:  BarraVIda Function:  Get Text 0 Graph:  GetText_0 Node:  Return Node
[2025.07.14-01.27.34:821][846]PIE: Error: Blueprint Runtime Error: "Accessed None trying to read property K2Node_DynamicCast_AsPeoncito". Blueprint:  BarraVIda Function:  Get Text 0 Graph:  GetText_0 Node:  Return Node
[2025.07.14-01.27.34:839][847]PIE: Error: Blueprint Runtime Error: "Accessed None trying to read property K2Node_DynamicCast_AsPeoncito". Blueprint:  BarraVIda Function:  Get Text 0 Graph:  GetText_0 Node:  Return Node
[2025.07.14-01.27.34:856][848]PIE: Error: Blueprint Runtime Error: "Accessed None trying to read property K2Node_DynamicCast_AsPeoncito". Blueprint:  BarraVIda Function:  Get Text 0 Graph:  GetText_0 Node:  Return Node
[2025.07.14-01.27.34:872][849]PIE: Error: Blueprint Runtime Error: "Accessed None trying to read property K2Node_DynamicCast_AsPeoncito". Blueprint:  BarraVIda Function:  Get Text 0 Graph:  GetText_0 Node:  Return Node
[2025.07.14-01.27.34:889][850]PIE: Error: Blueprint Runtime Error: "Accessed None trying to read property K2Node_DynamicCast_AsPeoncito". Blueprint:  BarraVIda Function:  Get Text 0 Graph:  GetText_0 Node:  Return Node
[2025.07.14-01.27.34:905][851]PIE: Error: Blueprint Runtime Error: "Accessed None trying to read property K2Node_DynamicCast_AsPeoncito". Blueprint:  BarraVIda Function:  Get Text 0 Graph:  GetText_0 Node:  Return Node
[2025.07.14-01.27.34:922][852]PIE: Error: Blueprint Runtime Error: "Accessed None trying to read property K2Node_DynamicCast_AsPeoncito". Blueprint:  BarraVIda Function:  Get Text 0 Graph:  GetText_0 Node:  Return Node
[2025.07.14-01.27.34:938][853]PIE: Error: Blueprint Runtime Error: "Accessed None trying to read property K2Node_DynamicCast_AsPeoncito". Blueprint:  BarraVIda Function:  Get Text 0 Graph:  GetText_0 Node:  Return Node
[2025.07.14-01.27.34:955][854]PIE: Error: Blueprint Runtime Error: "Accessed None trying to read property K2Node_DynamicCast_AsPeoncito". Blueprint:  BarraVIda Function:  Get Text 0 Graph:  GetText_0 Node:  Return Node
[2025.07.14-01.27.34:971][855]PIE: Error: Blueprint Runtime Error: "Accessed None trying to read property K2Node_DynamicCast_AsPeoncito". Blueprint:  BarraVIda Function:  Get Text 0 Graph:  GetText_0 Node:  Return Node
[2025.07.14-01.27.34:988][856]PIE: Error: Blueprint Runtime Error: "Accessed None trying to read property K2Node_DynamicCast_AsPeoncito". Blueprint:  BarraVIda Function:  Get Text 0 Graph:  GetText_0 Node:  Return Node
[2025.07.14-01.27.35:005][857]PIE: Error: Blueprint Runtime Error: "Accessed None trying to read property K2Node_DynamicCast_AsPeoncito". Blueprint:  BarraVIda Function:  Get Text 0 Graph:  GetText_0 Node:  Return Node
[2025.07.14-01.27.35:022][858]PIE: Error: Blueprint Runtime Error: "Accessed None trying to read property K2Node_DynamicCast_AsPeoncito". Blueprint:  BarraVIda Function:  Get Text 0 Graph:  GetText_0 Node:  Return Node
[2025.07.14-01.27.35:043][859]PIE: Error: Blueprint Runtime Error: "Accessed None trying to read property K2Node_DynamicCast_AsPeoncito". Blueprint:  BarraVIda Function:  Get Text 0 Graph:  GetText_0 Node:  Return Node
[2025.07.14-01.27.35:067][860]PIE: Error: Blueprint Runtime Error: "Accessed None trying to read property K2Node_DynamicCast_AsPeoncito". Blueprint:  BarraVIda Function:  Get Text 0 Graph:  GetText_0 Node:  Return Node
[2025.07.14-01.27.35:092][861]PIE: Error: Blueprint Runtime Error: "Accessed None trying to read property K2Node_DynamicCast_AsPeoncito". Blueprint:  BarraVIda Function:  Get Text 0 Graph:  GetText_0 Node:  Return Node
[2025.07.14-01.27.35:113][862]PIE: Error: Blueprint Runtime Error: "Accessed None trying to read property K2Node_DynamicCast_AsPeoncito". Blueprint:  BarraVIda Function:  Get Text 0 Graph:  GetText_0 Node:  Return Node
[2025.07.14-01.27.35:137][863]PIE: Error: Blueprint Runtime Error: "Accessed None trying to read property K2Node_DynamicCast_AsPeoncito". Blueprint:  BarraVIda Function:  Get Text 0 Graph:  GetText_0 Node:  Return Node
[2025.07.14-01.27.35:159][864]PIE: Error: Blueprint Runtime Error: "Accessed None trying to read property K2Node_DynamicCast_AsPeoncito". Blueprint:  BarraVIda Function:  Get Text 0 Graph:  GetText_0 Node:  Return Node
[2025.07.14-01.27.35:178][865]PIE: Error: Blueprint Runtime Error: "Accessed None trying to read property K2Node_DynamicCast_AsPeoncito". Blueprint:  BarraVIda Function:  Get Text 0 Graph:  GetText_0 Node:  Return Node
[2025.07.14-01.27.35:198][866]PIE: Error: Blueprint Runtime Error: "Accessed None trying to read property K2Node_DynamicCast_AsPeoncito". Blueprint:  BarraVIda Function:  Get Text 0 Graph:  GetText_0 Node:  Return Node
[2025.07.14-01.27.35:219][867]PIE: Error: Blueprint Runtime Error: "Accessed None trying to read property K2Node_DynamicCast_AsPeoncito". Blueprint:  BarraVIda Function:  Get Text 0 Graph:  GetText_0 Node:  Return Node
[2025.07.14-01.27.35:239][868]PIE: Error: Blueprint Runtime Error: "Accessed None trying to read property K2Node_DynamicCast_AsPeoncito". Blueprint:  BarraVIda Function:  Get Text 0 Graph:  GetText_0 Node:  Return Node
[2025.07.14-01.27.35:258][869]PIE: Error: Blueprint Runtime Error: "Accessed None trying to read property K2Node_DynamicCast_AsPeoncito". Blueprint:  BarraVIda Function:  Get Text 0 Graph:  GetText_0 Node:  Return Node
[2025.07.14-01.27.35:275][870]PIE: Error: Blueprint Runtime Error: "Accessed None trying to read property K2Node_DynamicCast_AsPeoncito". Blueprint:  BarraVIda Function:  Get Text 0 Graph:  GetText_0 Node:  Return Node
[2025.07.14-01.27.35:292][871]PIE: Error: Blueprint Runtime Error: "Accessed None trying to read property K2Node_DynamicCast_AsPeoncito". Blueprint:  BarraVIda Function:  Get Text 0 Graph:  GetText_0 Node:  Return Node
[2025.07.14-01.27.35:309][872]PIE: Error: Blueprint Runtime Error: "Accessed None trying to read property K2Node_DynamicCast_AsPeoncito". Blueprint:  BarraVIda Function:  Get Text 0 Graph:  GetText_0 Node:  Return Node
[2025.07.14-01.27.35:326][873]PIE: Error: Blueprint Runtime Error: "Accessed None trying to read property K2Node_DynamicCast_AsPeoncito". Blueprint:  BarraVIda Function:  Get Text 0 Graph:  GetText_0 Node:  Return Node
[2025.07.14-01.27.35:344][874]PIE: Error: Blueprint Runtime Error: "Accessed None trying to read property K2Node_DynamicCast_AsPeoncito". Blueprint:  BarraVIda Function:  Get Text 0 Graph:  GetText_0 Node:  Return Node
[2025.07.14-01.27.35:365][875]PIE: Error: Blueprint Runtime Error: "Accessed None trying to read property K2Node_DynamicCast_AsPeoncito". Blueprint:  BarraVIda Function:  Get Text 0 Graph:  GetText_0 Node:  Return Node
[2025.07.14-01.27.35:387][876]PIE: Error: Blueprint Runtime Error: "Accessed None trying to read property K2Node_DynamicCast_AsPeoncito". Blueprint:  BarraVIda Function:  Get Text 0 Graph:  GetText_0 Node:  Return Node
[2025.07.14-01.27.35:405][877]PIE: Error: Blueprint Runtime Error: "Accessed None trying to read property K2Node_DynamicCast_AsPeoncito". Blueprint:  BarraVIda Function:  Get Text 0 Graph:  GetText_0 Node:  Return Node
[2025.07.14-01.27.35:424][878]PIE: Error: Blueprint Runtime Error: "Accessed None trying to read property K2Node_DynamicCast_AsPeoncito". Blueprint:  BarraVIda Function:  Get Text 0 Graph:  GetText_0 Node:  Return Node
[2025.07.14-01.27.35:442][879]PIE: Error: Blueprint Runtime Error: "Accessed None trying to read property K2Node_DynamicCast_AsPeoncito". Blueprint:  BarraVIda Function:  Get Text 0 Graph:  GetText_0 Node:  Return Node
[2025.07.14-01.27.35:461][880]PIE: Error: Blueprint Runtime Error: "Accessed None trying to read property K2Node_DynamicCast_AsPeoncito". Blueprint:  BarraVIda Function:  Get Text 0 Graph:  GetText_0 Node:  Return Node
[2025.07.14-01.27.35:479][881]PIE: Error: Blueprint Runtime Error: "Accessed None trying to read property K2Node_DynamicCast_AsPeoncito". Blueprint:  BarraVIda Function:  Get Text 0 Graph:  GetText_0 Node:  Return Node
[2025.07.14-01.27.35:499][882]PIE: Error: Blueprint Runtime Error: "Accessed None trying to read property K2Node_DynamicCast_AsPeoncito". Blueprint:  BarraVIda Function:  Get Text 0 Graph:  GetText_0 Node:  Return Node
[2025.07.14-01.27.35:518][883]PIE: Error: Blueprint Runtime Error: "Accessed None trying to read property K2Node_DynamicCast_AsPeoncito". Blueprint:  BarraVIda Function:  Get Text 0 Graph:  GetText_0 Node:  Return Node
[2025.07.14-01.27.35:538][884]PIE: Error: Blueprint Runtime Error: "Accessed None trying to read property K2Node_DynamicCast_AsPeoncito". Blueprint:  BarraVIda Function:  Get Text 0 Graph:  GetText_0 Node:  Return Node
[2025.07.14-01.27.35:558][885]PIE: Error: Blueprint Runtime Error: "Accessed None trying to read property K2Node_DynamicCast_AsPeoncito". Blueprint:  BarraVIda Function:  Get Text 0 Graph:  GetText_0 Node:  Return Node
[2025.07.14-01.27.35:575][886]PIE: Error: Blueprint Runtime Error: "Accessed None trying to read property K2Node_DynamicCast_AsPeoncito". Blueprint:  BarraVIda Function:  Get Text 0 Graph:  GetText_0 Node:  Return Node
[2025.07.14-01.27.35:594][887]PIE: Error: Blueprint Runtime Error: "Accessed None trying to read property K2Node_DynamicCast_AsPeoncito". Blueprint:  BarraVIda Function:  Get Text 0 Graph:  GetText_0 Node:  Return Node
[2025.07.14-01.27.35:613][888]PIE: Error: Blueprint Runtime Error: "Accessed None trying to read property K2Node_DynamicCast_AsPeoncito". Blueprint:  BarraVIda Function:  Get Text 0 Graph:  GetText_0 Node:  Return Node
[2025.07.14-01.27.35:634][889]PIE: Error: Blueprint Runtime Error: "Accessed None trying to read property K2Node_DynamicCast_AsPeoncito". Blueprint:  BarraVIda Function:  Get Text 0 Graph:  GetText_0 Node:  Return Node
[2025.07.14-01.27.35:653][890]PIE: Error: Blueprint Runtime Error: "Accessed None trying to read property K2Node_DynamicCast_AsPeoncito". Blueprint:  BarraVIda Function:  Get Text 0 Graph:  GetText_0 Node:  Return Node
[2025.07.14-01.27.35:672][891]PIE: Error: Blueprint Runtime Error: "Accessed None trying to read property K2Node_DynamicCast_AsPeoncito". Blueprint:  BarraVIda Function:  Get Text 0 Graph:  GetText_0 Node:  Return Node
[2025.07.14-01.27.35:690][892]PIE: Error: Blueprint Runtime Error: "Accessed None trying to read property K2Node_DynamicCast_AsPeoncito". Blueprint:  BarraVIda Function:  Get Text 0 Graph:  GetText_0 Node:  Return Node
[2025.07.14-01.27.35:707][893]PIE: Error: Blueprint Runtime Error: "Accessed None trying to read property K2Node_DynamicCast_AsPeoncito". Blueprint:  BarraVIda Function:  Get Text 0 Graph:  GetText_0 Node:  Return Node
[2025.07.14-01.27.35:725][894]PIE: Error: Blueprint Runtime Error: "Accessed None trying to read property K2Node_DynamicCast_AsPeoncito". Blueprint:  BarraVIda Function:  Get Text 0 Graph:  GetText_0 Node:  Return Node
[2025.07.14-01.27.35:740][895]PIE: Error: Blueprint Runtime Error: "Accessed None trying to read property K2Node_DynamicCast_AsPeoncito". Blueprint:  BarraVIda Function:  Get Text 0 Graph:  GetText_0 Node:  Return Node
[2025.07.14-01.27.35:759][896]PIE: Error: Blueprint Runtime Error: "Accessed None trying to read property K2Node_DynamicCast_AsPeoncito". Blueprint:  BarraVIda Function:  Get Text 0 Graph:  GetText_0 Node:  Return Node
[2025.07.14-01.27.35:775][897]PIE: Error: Blueprint Runtime Error: "Accessed None trying to read property K2Node_DynamicCast_AsPeoncito". Blueprint:  BarraVIda Function:  Get Text 0 Graph:  GetText_0 Node:  Return Node
[2025.07.14-01.27.35:792][898]PIE: Error: Blueprint Runtime Error: "Accessed None trying to read property K2Node_DynamicCast_AsPeoncito". Blueprint:  BarraVIda Function:  Get Text 0 Graph:  GetText_0 Node:  Return Node
[2025.07.14-01.27.35:809][899]PIE: Error: Blueprint Runtime Error: "Accessed None trying to read property K2Node_DynamicCast_AsPeoncito". Blueprint:  BarraVIda Function:  Get Text 0 Graph:  GetText_0 Node:  Return Node
[2025.07.14-01.27.35:827][900]PIE: Error: Blueprint Runtime Error: "Accessed None trying to read property K2Node_DynamicCast_AsPeoncito". Blueprint:  BarraVIda Function:  Get Text 0 Graph:  GetText_0 Node:  Return Node
[2025.07.14-01.27.35:847][901]PIE: Error: Blueprint Runtime Error: "Accessed None trying to read property K2Node_DynamicCast_AsPeoncito". Blueprint:  BarraVIda Function:  Get Text 0 Graph:  GetText_0 Node:  Return Node
[2025.07.14-01.27.35:869][902]PIE: Error: Blueprint Runtime Error: "Accessed None trying to read property K2Node_DynamicCast_AsPeoncito". Blueprint:  BarraVIda Function:  Get Text 0 Graph:  GetText_0 Node:  Return Node
[2025.07.14-01.27.35:887][903]PIE: Error: Blueprint Runtime Error: "Accessed None trying to read property K2Node_DynamicCast_AsPeoncito". Blueprint:  BarraVIda Function:  Get Text 0 Graph:  GetText_0 Node:  Return Node
[2025.07.14-01.27.35:905][904]PIE: Error: Blueprint Runtime Error: "Accessed None trying to read property K2Node_DynamicCast_AsPeoncito". Blueprint:  BarraVIda Function:  Get Text 0 Graph:  GetText_0 Node:  Return Node
[2025.07.14-01.27.35:922][905]PIE: Error: Blueprint Runtime Error: "Accessed None trying to read property K2Node_DynamicCast_AsPeoncito". Blueprint:  BarraVIda Function:  Get Text 0 Graph:  GetText_0 Node:  Return Node
[2025.07.14-01.27.35:938][906]PIE: Error: Blueprint Runtime Error: "Accessed None trying to read property K2Node_DynamicCast_AsPeoncito". Blueprint:  BarraVIda Function:  Get Text 0 Graph:  GetText_0 Node:  Return Node
[2025.07.14-01.27.35:954][907]PIE: Error: Blueprint Runtime Error: "Accessed None trying to read property K2Node_DynamicCast_AsPeoncito". Blueprint:  BarraVIda Function:  Get Text 0 Graph:  GetText_0 Node:  Return Node
[2025.07.14-01.27.35:971][908]PIE: Error: Blueprint Runtime Error: "Accessed None trying to read property K2Node_DynamicCast_AsPeoncito". Blueprint:  BarraVIda Function:  Get Text 0 Graph:  GetText_0 Node:  Return Node
[2025.07.14-01.27.35:988][909]PIE: Error: Blueprint Runtime Error: "Accessed None trying to read property K2Node_DynamicCast_AsPeoncito". Blueprint:  BarraVIda Function:  Get Text 0 Graph:  GetText_0 Node:  Return Node
[2025.07.14-01.27.36:005][910]PIE: Error: Blueprint Runtime Error: "Accessed None trying to read property K2Node_DynamicCast_AsPeoncito". Blueprint:  BarraVIda Function:  Get Text 0 Graph:  GetText_0 Node:  Return Node
[2025.07.14-01.27.36:022][911]PIE: Error: Blueprint Runtime Error: "Accessed None trying to read property K2Node_DynamicCast_AsPeoncito". Blueprint:  BarraVIda Function:  Get Text 0 Graph:  GetText_0 Node:  Return Node
[2025.07.14-01.27.36:038][912]PIE: Error: Blueprint Runtime Error: "Accessed None trying to read property K2Node_DynamicCast_AsPeoncito". Blueprint:  BarraVIda Function:  Get Text 0 Graph:  GetText_0 Node:  Return Node
[2025.07.14-01.27.36:056][913]PIE: Error: Blueprint Runtime Error: "Accessed None trying to read property K2Node_DynamicCast_AsPeoncito". Blueprint:  BarraVIda Function:  Get Text 0 Graph:  GetText_0 Node:  Return Node
[2025.07.14-01.27.36:072][914]PIE: Error: Blueprint Runtime Error: "Accessed None trying to read property K2Node_DynamicCast_AsPeoncito". Blueprint:  BarraVIda Function:  Get Text 0 Graph:  GetText_0 Node:  Return Node
[2025.07.14-01.27.36:089][915]PIE: Error: Blueprint Runtime Error: "Accessed None trying to read property K2Node_DynamicCast_AsPeoncito". Blueprint:  BarraVIda Function:  Get Text 0 Graph:  GetText_0 Node:  Return Node
[2025.07.14-01.27.36:108][916]PIE: Error: Blueprint Runtime Error: "Accessed None trying to read property K2Node_DynamicCast_AsPeoncito". Blueprint:  BarraVIda Function:  Get Text 0 Graph:  GetText_0 Node:  Return Node
[2025.07.14-01.27.36:125][917]PIE: Error: Blueprint Runtime Error: "Accessed None trying to read property K2Node_DynamicCast_AsPeoncito". Blueprint:  BarraVIda Function:  Get Text 0 Graph:  GetText_0 Node:  Return Node
[2025.07.14-01.27.36:144][918]PIE: Error: Blueprint Runtime Error: "Accessed None trying to read property K2Node_DynamicCast_AsPeoncito". Blueprint:  BarraVIda Function:  Get Text 0 Graph:  GetText_0 Node:  Return Node
[2025.07.14-01.27.36:163][919]PIE: Error: Blueprint Runtime Error: "Accessed None trying to read property K2Node_DynamicCast_AsPeoncito". Blueprint:  BarraVIda Function:  Get Text 0 Graph:  GetText_0 Node:  Return Node
[2025.07.14-01.27.36:184][920]PIE: Error: Blueprint Runtime Error: "Accessed None trying to read property K2Node_DynamicCast_AsPeoncito". Blueprint:  BarraVIda Function:  Get Text 0 Graph:  GetText_0 Node:  Return Node
[2025.07.14-01.27.36:206][921]PIE: Error: Blueprint Runtime Error: "Accessed None trying to read property K2Node_DynamicCast_AsPeoncito". Blueprint:  BarraVIda Function:  Get Text 0 Graph:  GetText_0 Node:  Return Node
[2025.07.14-01.27.36:227][922]PIE: Error: Blueprint Runtime Error: "Accessed None trying to read property K2Node_DynamicCast_AsPeoncito". Blueprint:  BarraVIda Function:  Get Text 0 Graph:  GetText_0 Node:  Return Node
[2025.07.14-01.27.36:249][923]PIE: Error: Blueprint Runtime Error: "Accessed None trying to read property K2Node_DynamicCast_AsPeoncito". Blueprint:  BarraVIda Function:  Get Text 0 Graph:  GetText_0 Node:  Return Node
[2025.07.14-01.27.36:271][924]PIE: Error: Blueprint Runtime Error: "Accessed None trying to read property K2Node_DynamicCast_AsPeoncito". Blueprint:  BarraVIda Function:  Get Text 0 Graph:  GetText_0 Node:  Return Node
[2025.07.14-01.27.36:289][925]PIE: Error: Blueprint Runtime Error: "Accessed None trying to read property K2Node_DynamicCast_AsPeoncito". Blueprint:  BarraVIda Function:  Get Text 0 Graph:  GetText_0 Node:  Return Node
[2025.07.14-01.27.36:307][926]PIE: Error: Blueprint Runtime Error: "Accessed None trying to read property K2Node_DynamicCast_AsPeoncito". Blueprint:  BarraVIda Function:  Get Text 0 Graph:  GetText_0 Node:  Return Node
[2025.07.14-01.27.36:324][927]PIE: Error: Blueprint Runtime Error: "Accessed None trying to read property K2Node_DynamicCast_AsPeoncito". Blueprint:  BarraVIda Function:  Get Text 0 Graph:  GetText_0 Node:  Return Node
[2025.07.14-01.27.36:341][928]PIE: Error: Blueprint Runtime Error: "Accessed None trying to read property K2Node_DynamicCast_AsPeoncito". Blueprint:  BarraVIda Function:  Get Text 0 Graph:  GetText_0 Node:  Return Node
[2025.07.14-01.27.36:358][929]PIE: Error: Blueprint Runtime Error: "Accessed None trying to read property K2Node_DynamicCast_AsPeoncito". Blueprint:  BarraVIda Function:  Get Text 0 Graph:  GetText_0 Node:  Return Node
[2025.07.14-01.27.36:377][930]PIE: Error: Blueprint Runtime Error: "Accessed None trying to read property K2Node_DynamicCast_AsPeoncito". Blueprint:  BarraVIda Function:  Get Text 0 Graph:  GetText_0 Node:  Return Node
[2025.07.14-01.27.36:398][931]PIE: Error: Blueprint Runtime Error: "Accessed None trying to read property K2Node_DynamicCast_AsPeoncito". Blueprint:  BarraVIda Function:  Get Text 0 Graph:  GetText_0 Node:  Return Node
[2025.07.14-01.27.36:418][932]PIE: Error: Blueprint Runtime Error: "Accessed None trying to read property K2Node_DynamicCast_AsPeoncito". Blueprint:  BarraVIda Function:  Get Text 0 Graph:  GetText_0 Node:  Return Node
[2025.07.14-01.27.36:437][933]PIE: Error: Blueprint Runtime Error: "Accessed None trying to read property K2Node_DynamicCast_AsPeoncito". Blueprint:  BarraVIda Function:  Get Text 0 Graph:  GetText_0 Node:  Return Node
[2025.07.14-01.27.36:454][934]PIE: Error: Blueprint Runtime Error: "Accessed None trying to read property K2Node_DynamicCast_AsPeoncito". Blueprint:  BarraVIda Function:  Get Text 0 Graph:  GetText_0 Node:  Return Node
[2025.07.14-01.27.36:471][935]PIE: Error: Blueprint Runtime Error: "Accessed None trying to read property K2Node_DynamicCast_AsPeoncito". Blueprint:  BarraVIda Function:  Get Text 0 Graph:  GetText_0 Node:  Return Node
[2025.07.14-01.27.36:487][936]PIE: Error: Blueprint Runtime Error: "Accessed None trying to read property K2Node_DynamicCast_AsPeoncito". Blueprint:  BarraVIda Function:  Get Text 0 Graph:  GetText_0 Node:  Return Node
[2025.07.14-01.27.36:506][937]PIE: Error: Blueprint Runtime Error: "Accessed None trying to read property K2Node_DynamicCast_AsPeoncito". Blueprint:  BarraVIda Function:  Get Text 0 Graph:  GetText_0 Node:  Return Node
[2025.07.14-01.27.36:523][938]PIE: Error: Blueprint Runtime Error: "Accessed None trying to read property K2Node_DynamicCast_AsPeoncito". Blueprint:  BarraVIda Function:  Get Text 0 Graph:  GetText_0 Node:  Return Node
[2025.07.14-01.27.36:541][939]PIE: Error: Blueprint Runtime Error: "Accessed None trying to read property K2Node_DynamicCast_AsPeoncito". Blueprint:  BarraVIda Function:  Get Text 0 Graph:  GetText_0 Node:  Return Node
[2025.07.14-01.27.36:560][940]PIE: Error: Blueprint Runtime Error: "Accessed None trying to read property K2Node_DynamicCast_AsPeoncito". Blueprint:  BarraVIda Function:  Get Text 0 Graph:  GetText_0 Node:  Return Node
[2025.07.14-01.27.36:579][941]PIE: Error: Blueprint Runtime Error: "Accessed None trying to read property K2Node_DynamicCast_AsPeoncito". Blueprint:  BarraVIda Function:  Get Text 0 Graph:  GetText_0 Node:  Return Node
[2025.07.14-01.27.36:600][942]PIE: Error: Blueprint Runtime Error: "Accessed None trying to read property K2Node_DynamicCast_AsPeoncito". Blueprint:  BarraVIda Function:  Get Text 0 Graph:  GetText_0 Node:  Return Node
[2025.07.14-01.27.36:621][943]PIE: Error: Blueprint Runtime Error: "Accessed None trying to read property K2Node_DynamicCast_AsPeoncito". Blueprint:  BarraVIda Function:  Get Text 0 Graph:  GetText_0 Node:  Return Node
[2025.07.14-01.27.36:641][944]PIE: Error: Blueprint Runtime Error: "Accessed None trying to read property K2Node_DynamicCast_AsPeoncito". Blueprint:  BarraVIda Function:  Get Text 0 Graph:  GetText_0 Node:  Return Node
[2025.07.14-01.27.36:662][945]PIE: Error: Blueprint Runtime Error: "Accessed None trying to read property K2Node_DynamicCast_AsPeoncito". Blueprint:  BarraVIda Function:  Get Text 0 Graph:  GetText_0 Node:  Return Node
[2025.07.14-01.27.36:681][946]PIE: Error: Blueprint Runtime Error: "Accessed None trying to read property K2Node_DynamicCast_AsPeoncito". Blueprint:  BarraVIda Function:  Get Text 0 Graph:  GetText_0 Node:  Return Node
[2025.07.14-01.27.36:700][947]PIE: Error: Blueprint Runtime Error: "Accessed None trying to read property K2Node_DynamicCast_AsPeoncito". Blueprint:  BarraVIda Function:  Get Text 0 Graph:  GetText_0 Node:  Return Node
[2025.07.14-01.27.36:721][948]PIE: Error: Blueprint Runtime Error: "Accessed None trying to read property K2Node_DynamicCast_AsPeoncito". Blueprint:  BarraVIda Function:  Get Text 0 Graph:  GetText_0 Node:  Return Node
[2025.07.14-01.27.36:740][949]PIE: Error: Blueprint Runtime Error: "Accessed None trying to read property K2Node_DynamicCast_AsPeoncito". Blueprint:  BarraVIda Function:  Get Text 0 Graph:  GetText_0 Node:  Return Node
[2025.07.14-01.27.36:759][950]PIE: Error: Blueprint Runtime Error: "Accessed None trying to read property K2Node_DynamicCast_AsPeoncito". Blueprint:  BarraVIda Function:  Get Text 0 Graph:  GetText_0 Node:  Return Node
[2025.07.14-01.27.36:779][951]PIE: Error: Blueprint Runtime Error: "Accessed None trying to read property K2Node_DynamicCast_AsPeoncito". Blueprint:  BarraVIda Function:  Get Text 0 Graph:  GetText_0 Node:  Return Node
[2025.07.14-01.27.36:800][952]PIE: Error: Blueprint Runtime Error: "Accessed None trying to read property K2Node_DynamicCast_AsPeoncito". Blueprint:  BarraVIda Function:  Get Text 0 Graph:  GetText_0 Node:  Return Node
[2025.07.14-01.27.36:823][953]PIE: Error: Blueprint Runtime Error: "Accessed None trying to read property K2Node_DynamicCast_AsPeoncito". Blueprint:  BarraVIda Function:  Get Text 0 Graph:  GetText_0 Node:  Return Node
[2025.07.14-01.27.36:842][954]PIE: Error: Blueprint Runtime Error: "Accessed None trying to read property K2Node_DynamicCast_AsPeoncito". Blueprint:  BarraVIda Function:  Get Text 0 Graph:  GetText_0 Node:  Return Node
[2025.07.14-01.27.36:861][955]PIE: Error: Blueprint Runtime Error: "Accessed None trying to read property K2Node_DynamicCast_AsPeoncito". Blueprint:  BarraVIda Function:  Get Text 0 Graph:  GetText_0 Node:  Return Node
[2025.07.14-01.27.36:878][956]PIE: Error: Blueprint Runtime Error: "Accessed None trying to read property K2Node_DynamicCast_AsPeoncito". Blueprint:  BarraVIda Function:  Get Text 0 Graph:  GetText_0 Node:  Return Node
[2025.07.14-01.27.36:896][957]PIE: Error: Blueprint Runtime Error: "Accessed None trying to read property K2Node_DynamicCast_AsPeoncito". Blueprint:  BarraVIda Function:  Get Text 0 Graph:  GetText_0 Node:  Return Node
[2025.07.14-01.27.36:913][958]PIE: Error: Blueprint Runtime Error: "Accessed None trying to read property K2Node_DynamicCast_AsPeoncito". Blueprint:  BarraVIda Function:  Get Text 0 Graph:  GetText_0 Node:  Return Node
[2025.07.14-01.27.37:002][959]LogSlate: Updating window title bar state: overlay mode, drag disabled, window buttons hidden, title bar hidden
[2025.07.14-01.27.37:002][959]LogWorld: BeginTearingDown for /Game/ThirdPersonBP/Maps/UEDPIE_0_Perdiste_Level
[2025.07.14-01.27.37:003][959]LogWorld: UWorld::CleanupWorld for Perdiste_Level, bSessionEnded=true, bCleanupResources=true
[2025.07.14-01.27.37:004][959]LogSlate: InvalidateAllWidgets triggered.  All widgets were invalidated
[2025.07.14-01.27.37:011][959]LogPlayLevel: Display: Shutting down PIE online subsystems
[2025.07.14-01.27.37:033][959]LogSlate: InvalidateAllWidgets triggered.  All widgets were invalidated
[2025.07.14-01.27.37:068][959]LogSlate: Updating window title bar state: overlay mode, drag disabled, window buttons hidden, title bar hidden
[2025.07.14-01.27.37:070][959]LogAudioMixer: FMixerPlatformXAudio2::StopAudioStream() called
[2025.07.14-01.27.37:071][959]LogAudioMixer: FMixerPlatformXAudio2::StopAudioStream() called
[2025.07.14-01.27.37:083][959]LogUObjectHash: Compacting FUObjectHashTables data took   5.05ms
[2025.07.14-01.27.37:333][960]LogPlayLevel: Display: Destroying online subsystem :Context_31
[2025.07.14-01.27.38:606][  3]LogSlate: Window 'Message Log' being destroyed
[2025.07.14-01.27.38:646][  3]LogSlate: Window 'Message Log' being destroyed
[2025.07.14-01.27.39:443][ 34]LogTemp: Repeating last play command: Selected Viewport
[2025.07.14-01.27.39:484][ 34]LogPlayLevel: PlayLevel: No blueprints needed recompiling
[2025.07.14-01.27.39:485][ 34]PIE: New page: PIE session: ThirdPersonExampleMap (Jul 13, 2025, 7:27:39 PM)
[2025.07.14-01.27.39:485][ 34]LogPlayLevel: Creating play world package: /Game/ThirdPersonBP/Maps/UEDPIE_0_ThirdPersonExampleMap
[2025.07.14-01.27.39:517][ 34]LogPlayLevel: PIE: StaticDuplicateObject took: (0.032283s)
[2025.07.14-01.27.39:519][ 34]LogAIModule: Creating AISystem for world ThirdPersonExampleMap
[2025.07.14-01.27.39:519][ 34]LogPlayLevel: PIE: World Init took: (0.001912s)
[2025.07.14-01.27.39:519][ 34]LogPlayLevel: PIE: Created PIE world by copying editor world from /Game/ThirdPersonBP/Maps/ThirdPersonExampleMap.ThirdPersonExampleMap to /Game/ThirdPersonBP/Maps/UEDPIE_0_ThirdPersonExampleMap.ThirdPersonExampleMap (0.034494s)
[2025.07.14-01.27.39:571][ 34]LogUObjectHash: Compacting FUObjectHashTables data took   4.79ms
[2025.07.14-01.27.39:573][ 34]LogAudio: Display: Creating Audio Device:                 Id: 9, Scope: Unique, Realtime: True
[2025.07.14-01.27.39:573][ 34]LogAudioMixer: Display: Audio Mixer Platform Settings:
[2025.07.14-01.27.39:573][ 34]LogAudioMixer: Display: 	Sample Rate:						  48000
[2025.07.14-01.27.39:573][ 34]LogAudioMixer: Display: 	Callback Buffer Frame Size Requested: 1024
[2025.07.14-01.27.39:573][ 34]LogAudioMixer: Display: 	Callback Buffer Frame Size To Use:	  1024
[2025.07.14-01.27.39:573][ 34]LogAudioMixer: Display: 	Number of buffers to queue:			  2
[2025.07.14-01.27.39:573][ 34]LogAudioMixer: Display: 	Max Channels (voices):				  32
[2025.07.14-01.27.39:573][ 34]LogAudioMixer: Display: 	Number of Async Source Workers:		  0
[2025.07.14-01.27.39:573][ 34]LogAudio: Display: AudioDevice MaxSources: 32
[2025.07.14-01.27.39:574][ 34]LogAudio: Display: Audio Spatialization Plugin: None (built-in).
[2025.07.14-01.27.39:574][ 34]LogAudio: Display: Audio Reverb Plugin: None (built-in).
[2025.07.14-01.27.39:574][ 34]LogAudio: Display: Audio Occlusion Plugin: None (built-in).
[2025.07.14-01.27.39:574][ 34]LogAudioMixer: Display: Initializing audio mixer.
[2025.07.14-01.27.39:582][ 34]LogAudioMixer: Display: 0: FrontLeft
[2025.07.14-01.27.39:582][ 34]LogAudioMixer: Display: 1: FrontRight
[2025.07.14-01.27.39:607][ 34]LogAudioMixer: Display: Using Audio Device Headphones (SOUNDPEATS Mini HS Stereo)
[2025.07.14-01.27.39:607][ 34]LogAudioMixer: Display: Initializing Sound Submixes...
[2025.07.14-01.27.39:608][ 34]LogAudioMixer: Display: Creating Master Submix 'MasterSubmixDefault'
[2025.07.14-01.27.39:608][ 34]LogAudioMixer: Display: Creating Master Submix 'MasterReverbSubmixDefault'
[2025.07.14-01.27.39:608][ 34]LogAudioMixer: Display: Creating Master Submix 'MasterEQSubmixDefault'
[2025.07.14-01.27.39:608][ 34]LogAudioMixer: FMixerPlatformXAudio2::StartAudioStream() called
[2025.07.14-01.27.39:608][ 34]LogAudioMixer: Display: Output buffers initialized: Frames=1024, Channels=2, Samples=2048
[2025.07.14-01.27.39:610][ 34]LogAudioMixer: Display: Starting AudioMixerPlatformInterface::RunInternal()
[2025.07.14-01.27.39:610][ 34]LogAudioMixer: Display: FMixerPlatformXAudio2::SubmitBuffer() called for the first time
[2025.07.14-01.27.39:610][ 34]LogInit: FAudioDevice initialized.
[2025.07.14-01.27.39:610][ 34]LogAudio: Display: Audio Device (ID: 9) registered with world 'ThirdPersonExampleMap'.
[2025.07.14-01.27.39:624][ 34]LogLoad: Game class is 'ReglasJuego_C'
[2025.07.14-01.27.39:633][ 34]LogWorld: Bringing World /Game/ThirdPersonBP/Maps/UEDPIE_0_ThirdPersonExampleMap.ThirdPersonExampleMap up for play (max tick rate 60) at 2025.07.13-22.27.39
[2025.07.14-01.27.39:634][ 34]LogWorld: Bringing up level for play took: 0.008552
[2025.07.14-01.27.39:634][ 34]LogOnline: OSS: Creating online subsystem instance for: :Context_32
[2025.07.14-01.27.39:637][ 34]LogBlueprintUserMessages: [plataforma_2] Buenas buenas!
[2025.07.14-01.27.39:639][ 34]PIE: Server logged in
[2025.07.14-01.27.39:640][ 34]PIE: Play in editor total start time 0.179 seconds.
[2025.07.14-01.27.42:433][173]LogBlueprintUserMessages: [bala_C_4] Le reste 25 al bad fella
[2025.07.14-01.27.44:028][250]LogBlueprintUserMessages: [bala_C_8] El peoncito perdio 10 de vida!!!!
[2025.07.14-01.27.45:053][300]LogBlueprintUserMessages: [bala_C_13] El peoncito perdio 10 de vida!!!!
[2025.07.14-01.27.45:609][327]LogBlueprintUserMessages: [bala_C_15] Le reste 50 al bad guy
[2025.07.14-01.27.45:652][329]LogBlueprintUserMessages: [Balaza_C_3] Le reste 30 al peoncito
[2025.07.14-01.27.45:787][335]LogBlueprintUserMessages: [bala_C_17] El peoncito perdio 10 de vida!!!!
[2025.07.14-01.27.46:611][376]LogBlueprintUserMessages: [bala_C_19] El peoncito perdio 10 de vida!!!!
[2025.07.14-01.27.47:642][428]LogBlueprintUserMessages: [bala_C_21] El peoncito perdio 10 de vida!!!!
[2025.07.14-01.27.48:358][463]LogBlueprintUserMessages: [bala_C_23] Le reste 50 al bad guy
[2025.07.14-01.27.48:374][464]LogBlueprintUserMessages: [bad_guy2_2] Bad guy  Destruido!
[2025.07.14-01.27.48:447][467]LogBlueprintUserMessages: [bala_C_24] Le reste 25 al bad fella
[2025.07.14-01.27.48:574][471]LogBlueprintUserMessages: [bala_C_26] El peoncito perdio 10 de vida!!!!
[2025.07.14-01.27.51:462][609]LogBlueprintUserMessages: [Curador_2] Le di vida al peoncito! ahora tiene:
[2025.07.14-01.27.51:462][609]LogBlueprintUserMessages: [Curador_2] 10.0
[2025.07.14-01.27.51:462][609]LogBlueprintUserMessages: [Curador_2] El curador ya curo las siguientes veces:
[2025.07.14-01.27.51:463][609]LogBlueprintUserMessages: [Curador_2] 1.0
[2025.07.14-01.27.52:375][645]LogBlueprintUserMessages: [Curador_2] Le di vida al peoncito! ahora tiene:
[2025.07.14-01.27.52:376][645]LogBlueprintUserMessages: [Curador_2] 30.0
[2025.07.14-01.27.52:376][645]LogBlueprintUserMessages: [Curador_2] El curador ya curo las siguientes veces:
[2025.07.14-01.27.52:376][645]LogBlueprintUserMessages: [Curador_2] 2.0
[2025.07.14-01.27.55:091][764]LogBlueprintUserMessages: [Curador_2] Le di vida al peoncito! ahora tiene:
[2025.07.14-01.27.55:091][764]LogBlueprintUserMessages: [Curador_2] 50.0
[2025.07.14-01.27.55:091][764]LogBlueprintUserMessages: [Curador_2] El curador ya curo las siguientes veces:
[2025.07.14-01.27.55:091][764]LogBlueprintUserMessages: [Curador_2] 3.0
[2025.07.14-01.27.55:756][796]LogBlueprintUserMessages: [ReglasJuego_C_0] El puntaje subio!
[2025.07.14-01.27.55:756][796]LogBlueprintUserMessages: [ReglasJuego_C_0] 2
[2025.07.14-01.27.56:755][850]LogBlueprintUserMessages: [bala_C_34] El peoncito perdio 10 de vida!!!!
[2025.07.14-01.27.56:962][861]LogBlueprintUserMessages: [bala_C_33] El peoncito perdio 10 de vida!!!!
[2025.07.14-01.27.57:232][873]LogBlueprintUserMessages: [Balaza_C_8] Le reste 30 al peoncito
[2025.07.14-01.27.57:476][886]LogBlueprintUserMessages: [bala_C_37] Le reste 25 al bad fella
[2025.07.14-01.28.02:335][121]LogBlueprintUserMessages: [bala_C_44] Le reste 25 a la torreta
[2025.07.14-01.28.02:335][121]LogBlueprintUserMessages: [Torreta_2] algo me ataveso!
[2025.07.14-01.28.02:698][139]LogBlueprintUserMessages: [bala_C_45] Le reste 25 a la torreta
[2025.07.14-01.28.02:699][139]LogBlueprintUserMessages: [Torreta_2] algo me ataveso!
[2025.07.14-01.28.02:721][140]LogBlueprintUserMessages: [Torreta_2] Torreta Destruida!
[2025.07.14-01.28.03:501][177]LogBlueprintUserMessages: [bala_C_49] Le reste 25 al bad fella
[2025.07.14-01.28.03:526][178]LogBlueprintUserMessages: [bad_fella_2] Bad fella  Destruido!
[2025.07.14-01.28.05:864][292]LogBlueprintUserMessages: [bala_C_52] Le reste 25 a la torreta
[2025.07.14-01.28.05:865][292]LogBlueprintUserMessages: [Torreta2_5] algo me ataveso!
[2025.07.14-01.28.06:190][308]LogBlueprintUserMessages: [bala_C_53] Le reste 25 a la torreta
[2025.07.14-01.28.06:190][308]LogBlueprintUserMessages: [Torreta2_5] algo me ataveso!
[2025.07.14-01.28.06:206][309]LogBlueprintUserMessages: [Torreta2_5] Torreta Destruida!
[2025.07.14-01.28.06:628][328]LogBlueprintUserMessages: [bala_C_50] Le reste 25 al bad fella
[2025.07.14-01.28.11:165][557]LogBlueprintUserMessages: [bala_C_64] Le reste 25 a la torreta
[2025.07.14-01.28.11:166][557]LogBlueprintUserMessages: [Torreta3_2] algo me ataveso!
[2025.07.14-01.28.11:544][575]LogBlueprintUserMessages: [bala_C_65] Le reste 25 a la torreta
[2025.07.14-01.28.11:544][575]LogBlueprintUserMessages: [Torreta3_2] algo me ataveso!
[2025.07.14-01.28.11:562][576]LogBlueprintUserMessages: [Torreta3_2] Torreta Destruida!
[2025.07.14-01.28.12:532][624]LogBlueprintUserMessages: [bala_C_70] Le reste 25 al bad fella
[2025.07.14-01.28.13:693][680]LogBlueprintUserMessages: [bala_C_71] El peoncito perdio 10 de vida!!!!
[2025.07.14-01.28.15:725][780]LogBlueprintUserMessages: [bala_C_73] El peoncito perdio 10 de vida!!!!
[2025.07.14-01.28.15:726][780]LogBlueprintUserMessages: [peoncito_2] El peoncito murio
[2025.07.14-01.28.15:726][780]LogBlueprintUserMessages: [ReglasJuego_C_0] Noo, perdiste!
[2025.07.14-01.28.15:730][780]LogScript: Warning: Accessed None trying to read property K2Node_DynamicCast_AsPeoncito
	BarraVIda_C /Engine/Transient.UnrealEdEngine_0:GameInstance_7.BarraVIda_C_0
	Function /Game/ThirdPersonBP/Blueprints/blueprints/BarraVIda.BarraVIda_C:GetText_0:0099
[2025.07.14-01.28.15:730][780]PIE: Error: Blueprint Runtime Error: "Accessed None trying to read property K2Node_DynamicCast_AsPeoncito". Blueprint:  BarraVIda Function:  Get Text 0 Graph:  GetText_0 Node:  Return Node
[2025.07.14-01.28.15:743][781]LogNet: Browse: /Game/ThirdPersonBP/Maps/Perdiste_Level
[2025.07.14-01.28.15:743][781]LogLoad: LoadMap: /Game/ThirdPersonBP/Maps/Perdiste_Level
[2025.07.14-01.28.15:743][781]LogWorld: BeginTearingDown for /Game/ThirdPersonBP/Maps/UEDPIE_0_ThirdPersonExampleMap
[2025.07.14-01.28.15:743][781]LogWorld: UWorld::CleanupWorld for ThirdPersonExampleMap, bSessionEnded=true, bCleanupResources=true
[2025.07.14-01.28.15:745][781]LogSlate: InvalidateAllWidgets triggered.  All widgets were invalidated
[2025.07.14-01.28.15:821][781]LogAudio: Display: Audio Device unregistered from world 'None'.
[2025.07.14-01.28.15:827][781]LogUObjectHash: Compacting FUObjectHashTables data took   4.17ms
[2025.07.14-01.28.15:853][781]LogAudio: Display: Audio Device (ID: 9) registered with world 'Perdiste_Level'.
[2025.07.14-01.28.15:854][781]LogAIModule: Creating AISystem for world Perdiste_Level
[2025.07.14-01.28.15:855][781]LogLoad: Game class is 'ReglasJuego_C'
[2025.07.14-01.28.15:920][781]LogWorld: Bringing World /Game/ThirdPersonBP/Maps/UEDPIE_0_Perdiste_Level.Perdiste_Level up for play (max tick rate 60) at 2025.07.13-22.28.15
[2025.07.14-01.28.15:920][781]LogWorld: Bringing up level for play took: 0.064275
[2025.07.14-01.28.15:921][781]LogGameMode: FindPlayerStart: PATHS NOT DEFINED or NO PLAYERSTART with positive rating
[2025.07.14-01.28.15:923][781]LogBlueprintUserMessages: [plataforma_2] Buenas buenas!
[2025.07.14-01.28.15:925][781]LogLoad: Took 0.181692 seconds to LoadMap(/Game/ThirdPersonBP/Maps/Perdiste_Level)
[2025.07.14-01.28.15:992][781]PIE: Error: Blueprint Runtime Error: "Accessed None trying to read property K2Node_DynamicCast_AsPeoncito". Blueprint:  BarraVIda Function:  Get Text 0 Graph:  GetText_0 Node:  Return Node
[2025.07.14-01.28.16:021][782]PIE: Error: Blueprint Runtime Error: "Accessed None trying to read property K2Node_DynamicCast_AsPeoncito". Blueprint:  BarraVIda Function:  Get Text 0 Graph:  GetText_0 Node:  Return Node
[2025.07.14-01.28.16:039][783]PIE: Error: Blueprint Runtime Error: "Accessed None trying to read property K2Node_DynamicCast_AsPeoncito". Blueprint:  BarraVIda Function:  Get Text 0 Graph:  GetText_0 Node:  Return Node
[2025.07.14-01.28.16:056][784]PIE: Error: Blueprint Runtime Error: "Accessed None trying to read property K2Node_DynamicCast_AsPeoncito". Blueprint:  BarraVIda Function:  Get Text 0 Graph:  GetText_0 Node:  Return Node
[2025.07.14-01.28.16:074][785]PIE: Error: Blueprint Runtime Error: "Accessed None trying to read property K2Node_DynamicCast_AsPeoncito". Blueprint:  BarraVIda Function:  Get Text 0 Graph:  GetText_0 Node:  Return Node
[2025.07.14-01.28.16:091][786]PIE: Error: Blueprint Runtime Error: "Accessed None trying to read property K2Node_DynamicCast_AsPeoncito". Blueprint:  BarraVIda Function:  Get Text 0 Graph:  GetText_0 Node:  Return Node
[2025.07.14-01.28.16:108][787]PIE: Error: Blueprint Runtime Error: "Accessed None trying to read property K2Node_DynamicCast_AsPeoncito". Blueprint:  BarraVIda Function:  Get Text 0 Graph:  GetText_0 Node:  Return Node
[2025.07.14-01.28.16:125][788]PIE: Error: Blueprint Runtime Error: "Accessed None trying to read property K2Node_DynamicCast_AsPeoncito". Blueprint:  BarraVIda Function:  Get Text 0 Graph:  GetText_0 Node:  Return Node
[2025.07.14-01.28.16:142][789]PIE: Error: Blueprint Runtime Error: "Accessed None trying to read property K2Node_DynamicCast_AsPeoncito". Blueprint:  BarraVIda Function:  Get Text 0 Graph:  GetText_0 Node:  Return Node
[2025.07.14-01.28.16:161][790]PIE: Error: Blueprint Runtime Error: "Accessed None trying to read property K2Node_DynamicCast_AsPeoncito". Blueprint:  BarraVIda Function:  Get Text 0 Graph:  GetText_0 Node:  Return Node
[2025.07.14-01.28.16:181][791]PIE: Error: Blueprint Runtime Error: "Accessed None trying to read property K2Node_DynamicCast_AsPeoncito". Blueprint:  BarraVIda Function:  Get Text 0 Graph:  GetText_0 Node:  Return Node
[2025.07.14-01.28.16:200][792]PIE: Error: Blueprint Runtime Error: "Accessed None trying to read property K2Node_DynamicCast_AsPeoncito". Blueprint:  BarraVIda Function:  Get Text 0 Graph:  GetText_0 Node:  Return Node
[2025.07.14-01.28.16:218][793]PIE: Error: Blueprint Runtime Error: "Accessed None trying to read property K2Node_DynamicCast_AsPeoncito". Blueprint:  BarraVIda Function:  Get Text 0 Graph:  GetText_0 Node:  Return Node
[2025.07.14-01.28.16:236][794]PIE: Error: Blueprint Runtime Error: "Accessed None trying to read property K2Node_DynamicCast_AsPeoncito". Blueprint:  BarraVIda Function:  Get Text 0 Graph:  GetText_0 Node:  Return Node
[2025.07.14-01.28.16:256][795]PIE: Error: Blueprint Runtime Error: "Accessed None trying to read property K2Node_DynamicCast_AsPeoncito". Blueprint:  BarraVIda Function:  Get Text 0 Graph:  GetText_0 Node:  Return Node
[2025.07.14-01.28.16:275][796]PIE: Error: Blueprint Runtime Error: "Accessed None trying to read property K2Node_DynamicCast_AsPeoncito". Blueprint:  BarraVIda Function:  Get Text 0 Graph:  GetText_0 Node:  Return Node
[2025.07.14-01.28.16:295][797]PIE: Error: Blueprint Runtime Error: "Accessed None trying to read property K2Node_DynamicCast_AsPeoncito". Blueprint:  BarraVIda Function:  Get Text 0 Graph:  GetText_0 Node:  Return Node
[2025.07.14-01.28.16:315][798]PIE: Error: Blueprint Runtime Error: "Accessed None trying to read property K2Node_DynamicCast_AsPeoncito". Blueprint:  BarraVIda Function:  Get Text 0 Graph:  GetText_0 Node:  Return Node
[2025.07.14-01.28.16:337][799]PIE: Error: Blueprint Runtime Error: "Accessed None trying to read property K2Node_DynamicCast_AsPeoncito". Blueprint:  BarraVIda Function:  Get Text 0 Graph:  GetText_0 Node:  Return Node
[2025.07.14-01.28.16:358][800]PIE: Error: Blueprint Runtime Error: "Accessed None trying to read property K2Node_DynamicCast_AsPeoncito". Blueprint:  BarraVIda Function:  Get Text 0 Graph:  GetText_0 Node:  Return Node
[2025.07.14-01.28.16:379][801]PIE: Error: Blueprint Runtime Error: "Accessed None trying to read property K2Node_DynamicCast_AsPeoncito". Blueprint:  BarraVIda Function:  Get Text 0 Graph:  GetText_0 Node:  Return Node
[2025.07.14-01.28.16:399][802]PIE: Error: Blueprint Runtime Error: "Accessed None trying to read property K2Node_DynamicCast_AsPeoncito". Blueprint:  BarraVIda Function:  Get Text 0 Graph:  GetText_0 Node:  Return Node
[2025.07.14-01.28.16:421][803]PIE: Error: Blueprint Runtime Error: "Accessed None trying to read property K2Node_DynamicCast_AsPeoncito". Blueprint:  BarraVIda Function:  Get Text 0 Graph:  GetText_0 Node:  Return Node
[2025.07.14-01.28.16:441][804]PIE: Error: Blueprint Runtime Error: "Accessed None trying to read property K2Node_DynamicCast_AsPeoncito". Blueprint:  BarraVIda Function:  Get Text 0 Graph:  GetText_0 Node:  Return Node
[2025.07.14-01.28.16:461][805]PIE: Error: Blueprint Runtime Error: "Accessed None trying to read property K2Node_DynamicCast_AsPeoncito". Blueprint:  BarraVIda Function:  Get Text 0 Graph:  GetText_0 Node:  Return Node
[2025.07.14-01.28.16:480][806]PIE: Error: Blueprint Runtime Error: "Accessed None trying to read property K2Node_DynamicCast_AsPeoncito". Blueprint:  BarraVIda Function:  Get Text 0 Graph:  GetText_0 Node:  Return Node
[2025.07.14-01.28.16:496][807]PIE: Error: Blueprint Runtime Error: "Accessed None trying to read property K2Node_DynamicCast_AsPeoncito". Blueprint:  BarraVIda Function:  Get Text 0 Graph:  GetText_0 Node:  Return Node
[2025.07.14-01.28.16:514][808]PIE: Error: Blueprint Runtime Error: "Accessed None trying to read property K2Node_DynamicCast_AsPeoncito". Blueprint:  BarraVIda Function:  Get Text 0 Graph:  GetText_0 Node:  Return Node
[2025.07.14-01.28.16:530][809]PIE: Error: Blueprint Runtime Error: "Accessed None trying to read property K2Node_DynamicCast_AsPeoncito". Blueprint:  BarraVIda Function:  Get Text 0 Graph:  GetText_0 Node:  Return Node
[2025.07.14-01.28.16:547][810]PIE: Error: Blueprint Runtime Error: "Accessed None trying to read property K2Node_DynamicCast_AsPeoncito". Blueprint:  BarraVIda Function:  Get Text 0 Graph:  GetText_0 Node:  Return Node
[2025.07.14-01.28.16:564][811]PIE: Error: Blueprint Runtime Error: "Accessed None trying to read property K2Node_DynamicCast_AsPeoncito". Blueprint:  BarraVIda Function:  Get Text 0 Graph:  GetText_0 Node:  Return Node
[2025.07.14-01.28.16:582][812]PIE: Error: Blueprint Runtime Error: "Accessed None trying to read property K2Node_DynamicCast_AsPeoncito". Blueprint:  BarraVIda Function:  Get Text 0 Graph:  GetText_0 Node:  Return Node
[2025.07.14-01.28.16:601][813]PIE: Error: Blueprint Runtime Error: "Accessed None trying to read property K2Node_DynamicCast_AsPeoncito". Blueprint:  BarraVIda Function:  Get Text 0 Graph:  GetText_0 Node:  Return Node
[2025.07.14-01.28.16:617][814]PIE: Error: Blueprint Runtime Error: "Accessed None trying to read property K2Node_DynamicCast_AsPeoncito". Blueprint:  BarraVIda Function:  Get Text 0 Graph:  GetText_0 Node:  Return Node
[2025.07.14-01.28.16:634][815]PIE: Error: Blueprint Runtime Error: "Accessed None trying to read property K2Node_DynamicCast_AsPeoncito". Blueprint:  BarraVIda Function:  Get Text 0 Graph:  GetText_0 Node:  Return Node
[2025.07.14-01.28.16:652][816]PIE: Error: Blueprint Runtime Error: "Accessed None trying to read property K2Node_DynamicCast_AsPeoncito". Blueprint:  BarraVIda Function:  Get Text 0 Graph:  GetText_0 Node:  Return Node
[2025.07.14-01.28.16:672][817]PIE: Error: Blueprint Runtime Error: "Accessed None trying to read property K2Node_DynamicCast_AsPeoncito". Blueprint:  BarraVIda Function:  Get Text 0 Graph:  GetText_0 Node:  Return Node
[2025.07.14-01.28.16:690][818]PIE: Error: Blueprint Runtime Error: "Accessed None trying to read property K2Node_DynamicCast_AsPeoncito". Blueprint:  BarraVIda Function:  Get Text 0 Graph:  GetText_0 Node:  Return Node
[2025.07.14-01.28.16:706][819]PIE: Error: Blueprint Runtime Error: "Accessed None trying to read property K2Node_DynamicCast_AsPeoncito". Blueprint:  BarraVIda Function:  Get Text 0 Graph:  GetText_0 Node:  Return Node
[2025.07.14-01.28.16:723][820]PIE: Error: Blueprint Runtime Error: "Accessed None trying to read property K2Node_DynamicCast_AsPeoncito". Blueprint:  BarraVIda Function:  Get Text 0 Graph:  GetText_0 Node:  Return Node
[2025.07.14-01.28.16:740][821]PIE: Error: Blueprint Runtime Error: "Accessed None trying to read property K2Node_DynamicCast_AsPeoncito". Blueprint:  BarraVIda Function:  Get Text 0 Graph:  GetText_0 Node:  Return Node
[2025.07.14-01.28.16:758][822]PIE: Error: Blueprint Runtime Error: "Accessed None trying to read property K2Node_DynamicCast_AsPeoncito". Blueprint:  BarraVIda Function:  Get Text 0 Graph:  GetText_0 Node:  Return Node
[2025.07.14-01.28.16:774][823]PIE: Error: Blueprint Runtime Error: "Accessed None trying to read property K2Node_DynamicCast_AsPeoncito". Blueprint:  BarraVIda Function:  Get Text 0 Graph:  GetText_0 Node:  Return Node
[2025.07.14-01.28.16:791][824]PIE: Error: Blueprint Runtime Error: "Accessed None trying to read property K2Node_DynamicCast_AsPeoncito". Blueprint:  BarraVIda Function:  Get Text 0 Graph:  GetText_0 Node:  Return Node
[2025.07.14-01.28.16:809][825]PIE: Error: Blueprint Runtime Error: "Accessed None trying to read property K2Node_DynamicCast_AsPeoncito". Blueprint:  BarraVIda Function:  Get Text 0 Graph:  GetText_0 Node:  Return Node
[2025.07.14-01.28.16:826][826]PIE: Error: Blueprint Runtime Error: "Accessed None trying to read property K2Node_DynamicCast_AsPeoncito". Blueprint:  BarraVIda Function:  Get Text 0 Graph:  GetText_0 Node:  Return Node
[2025.07.14-01.28.16:847][827]PIE: Error: Blueprint Runtime Error: "Accessed None trying to read property K2Node_DynamicCast_AsPeoncito". Blueprint:  BarraVIda Function:  Get Text 0 Graph:  GetText_0 Node:  Return Node
[2025.07.14-01.28.16:864][828]PIE: Error: Blueprint Runtime Error: "Accessed None trying to read property K2Node_DynamicCast_AsPeoncito". Blueprint:  BarraVIda Function:  Get Text 0 Graph:  GetText_0 Node:  Return Node
[2025.07.14-01.28.16:883][829]PIE: Error: Blueprint Runtime Error: "Accessed None trying to read property K2Node_DynamicCast_AsPeoncito". Blueprint:  BarraVIda Function:  Get Text 0 Graph:  GetText_0 Node:  Return Node
[2025.07.14-01.28.16:914][830]PIE: Error: Blueprint Runtime Error: "Accessed None trying to read property K2Node_DynamicCast_AsPeoncito". Blueprint:  BarraVIda Function:  Get Text 0 Graph:  GetText_0 Node:  Return Node
[2025.07.14-01.28.16:936][831]PIE: Error: Blueprint Runtime Error: "Accessed None trying to read property K2Node_DynamicCast_AsPeoncito". Blueprint:  BarraVIda Function:  Get Text 0 Graph:  GetText_0 Node:  Return Node
[2025.07.14-01.28.16:958][832]PIE: Error: Blueprint Runtime Error: "Accessed None trying to read property K2Node_DynamicCast_AsPeoncito". Blueprint:  BarraVIda Function:  Get Text 0 Graph:  GetText_0 Node:  Return Node
[2025.07.14-01.28.16:979][833]PIE: Error: Blueprint Runtime Error: "Accessed None trying to read property K2Node_DynamicCast_AsPeoncito". Blueprint:  BarraVIda Function:  Get Text 0 Graph:  GetText_0 Node:  Return Node
[2025.07.14-01.28.17:000][834]PIE: Error: Blueprint Runtime Error: "Accessed None trying to read property K2Node_DynamicCast_AsPeoncito". Blueprint:  BarraVIda Function:  Get Text 0 Graph:  GetText_0 Node:  Return Node
[2025.07.14-01.28.17:021][835]PIE: Error: Blueprint Runtime Error: "Accessed None trying to read property K2Node_DynamicCast_AsPeoncito". Blueprint:  BarraVIda Function:  Get Text 0 Graph:  GetText_0 Node:  Return Node
[2025.07.14-01.28.17:039][836]PIE: Error: Blueprint Runtime Error: "Accessed None trying to read property K2Node_DynamicCast_AsPeoncito". Blueprint:  BarraVIda Function:  Get Text 0 Graph:  GetText_0 Node:  Return Node
[2025.07.14-01.28.17:057][837]PIE: Error: Blueprint Runtime Error: "Accessed None trying to read property K2Node_DynamicCast_AsPeoncito". Blueprint:  BarraVIda Function:  Get Text 0 Graph:  GetText_0 Node:  Return Node
[2025.07.14-01.28.17:076][838]PIE: Error: Blueprint Runtime Error: "Accessed None trying to read property K2Node_DynamicCast_AsPeoncito". Blueprint:  BarraVIda Function:  Get Text 0 Graph:  GetText_0 Node:  Return Node
[2025.07.14-01.28.17:092][839]PIE: Error: Blueprint Runtime Error: "Accessed None trying to read property K2Node_DynamicCast_AsPeoncito". Blueprint:  BarraVIda Function:  Get Text 0 Graph:  GetText_0 Node:  Return Node
[2025.07.14-01.28.17:109][840]PIE: Error: Blueprint Runtime Error: "Accessed None trying to read property K2Node_DynamicCast_AsPeoncito". Blueprint:  BarraVIda Function:  Get Text 0 Graph:  GetText_0 Node:  Return Node
[2025.07.14-01.28.17:126][841]PIE: Error: Blueprint Runtime Error: "Accessed None trying to read property K2Node_DynamicCast_AsPeoncito". Blueprint:  BarraVIda Function:  Get Text 0 Graph:  GetText_0 Node:  Return Node
[2025.07.14-01.28.17:145][842]PIE: Error: Blueprint Runtime Error: "Accessed None trying to read property K2Node_DynamicCast_AsPeoncito". Blueprint:  BarraVIda Function:  Get Text 0 Graph:  GetText_0 Node:  Return Node
[2025.07.14-01.28.17:163][843]PIE: Error: Blueprint Runtime Error: "Accessed None trying to read property K2Node_DynamicCast_AsPeoncito". Blueprint:  BarraVIda Function:  Get Text 0 Graph:  GetText_0 Node:  Return Node
[2025.07.14-01.28.17:182][844]PIE: Error: Blueprint Runtime Error: "Accessed None trying to read property K2Node_DynamicCast_AsPeoncito". Blueprint:  BarraVIda Function:  Get Text 0 Graph:  GetText_0 Node:  Return Node
[2025.07.14-01.28.17:202][845]PIE: Error: Blueprint Runtime Error: "Accessed None trying to read property K2Node_DynamicCast_AsPeoncito". Blueprint:  BarraVIda Function:  Get Text 0 Graph:  GetText_0 Node:  Return Node
[2025.07.14-01.28.17:221][846]PIE: Error: Blueprint Runtime Error: "Accessed None trying to read property K2Node_DynamicCast_AsPeoncito". Blueprint:  BarraVIda Function:  Get Text 0 Graph:  GetText_0 Node:  Return Node
[2025.07.14-01.28.17:239][847]PIE: Error: Blueprint Runtime Error: "Accessed None trying to read property K2Node_DynamicCast_AsPeoncito". Blueprint:  BarraVIda Function:  Get Text 0 Graph:  GetText_0 Node:  Return Node
[2025.07.14-01.28.17:257][848]PIE: Error: Blueprint Runtime Error: "Accessed None trying to read property K2Node_DynamicCast_AsPeoncito". Blueprint:  BarraVIda Function:  Get Text 0 Graph:  GetText_0 Node:  Return Node
[2025.07.14-01.28.17:274][849]PIE: Error: Blueprint Runtime Error: "Accessed None trying to read property K2Node_DynamicCast_AsPeoncito". Blueprint:  BarraVIda Function:  Get Text 0 Graph:  GetText_0 Node:  Return Node
[2025.07.14-01.28.17:291][850]PIE: Error: Blueprint Runtime Error: "Accessed None trying to read property K2Node_DynamicCast_AsPeoncito". Blueprint:  BarraVIda Function:  Get Text 0 Graph:  GetText_0 Node:  Return Node
[2025.07.14-01.28.17:307][851]PIE: Error: Blueprint Runtime Error: "Accessed None trying to read property K2Node_DynamicCast_AsPeoncito". Blueprint:  BarraVIda Function:  Get Text 0 Graph:  GetText_0 Node:  Return Node
[2025.07.14-01.28.17:324][852]PIE: Error: Blueprint Runtime Error: "Accessed None trying to read property K2Node_DynamicCast_AsPeoncito". Blueprint:  BarraVIda Function:  Get Text 0 Graph:  GetText_0 Node:  Return Node
[2025.07.14-01.28.17:342][853]PIE: Error: Blueprint Runtime Error: "Accessed None trying to read property K2Node_DynamicCast_AsPeoncito". Blueprint:  BarraVIda Function:  Get Text 0 Graph:  GetText_0 Node:  Return Node
[2025.07.14-01.28.17:361][854]PIE: Error: Blueprint Runtime Error: "Accessed None trying to read property K2Node_DynamicCast_AsPeoncito". Blueprint:  BarraVIda Function:  Get Text 0 Graph:  GetText_0 Node:  Return Node
[2025.07.14-01.28.17:380][855]PIE: Error: Blueprint Runtime Error: "Accessed None trying to read property K2Node_DynamicCast_AsPeoncito". Blueprint:  BarraVIda Function:  Get Text 0 Graph:  GetText_0 Node:  Return Node
[2025.07.14-01.28.17:402][856]PIE: Error: Blueprint Runtime Error: "Accessed None trying to read property K2Node_DynamicCast_AsPeoncito". Blueprint:  BarraVIda Function:  Get Text 0 Graph:  GetText_0 Node:  Return Node
[2025.07.14-01.28.17:421][857]PIE: Error: Blueprint Runtime Error: "Accessed None trying to read property K2Node_DynamicCast_AsPeoncito". Blueprint:  BarraVIda Function:  Get Text 0 Graph:  GetText_0 Node:  Return Node
[2025.07.14-01.28.17:441][858]PIE: Error: Blueprint Runtime Error: "Accessed None trying to read property K2Node_DynamicCast_AsPeoncito". Blueprint:  BarraVIda Function:  Get Text 0 Graph:  GetText_0 Node:  Return Node
[2025.07.14-01.28.17:460][859]PIE: Error: Blueprint Runtime Error: "Accessed None trying to read property K2Node_DynamicCast_AsPeoncito". Blueprint:  BarraVIda Function:  Get Text 0 Graph:  GetText_0 Node:  Return Node
[2025.07.14-01.28.17:478][860]PIE: Error: Blueprint Runtime Error: "Accessed None trying to read property K2Node_DynamicCast_AsPeoncito". Blueprint:  BarraVIda Function:  Get Text 0 Graph:  GetText_0 Node:  Return Node
[2025.07.14-01.28.17:497][861]PIE: Error: Blueprint Runtime Error: "Accessed None trying to read property K2Node_DynamicCast_AsPeoncito". Blueprint:  BarraVIda Function:  Get Text 0 Graph:  GetText_0 Node:  Return Node
[2025.07.14-01.28.17:513][862]PIE: Error: Blueprint Runtime Error: "Accessed None trying to read property K2Node_DynamicCast_AsPeoncito". Blueprint:  BarraVIda Function:  Get Text 0 Graph:  GetText_0 Node:  Return Node
[2025.07.14-01.28.17:530][863]PIE: Error: Blueprint Runtime Error: "Accessed None trying to read property K2Node_DynamicCast_AsPeoncito". Blueprint:  BarraVIda Function:  Get Text 0 Graph:  GetText_0 Node:  Return Node
[2025.07.14-01.28.17:547][864]PIE: Error: Blueprint Runtime Error: "Accessed None trying to read property K2Node_DynamicCast_AsPeoncito". Blueprint:  BarraVIda Function:  Get Text 0 Graph:  GetText_0 Node:  Return Node
[2025.07.14-01.28.17:564][865]PIE: Error: Blueprint Runtime Error: "Accessed None trying to read property K2Node_DynamicCast_AsPeoncito". Blueprint:  BarraVIda Function:  Get Text 0 Graph:  GetText_0 Node:  Return Node
[2025.07.14-01.28.17:581][866]PIE: Error: Blueprint Runtime Error: "Accessed None trying to read property K2Node_DynamicCast_AsPeoncito". Blueprint:  BarraVIda Function:  Get Text 0 Graph:  GetText_0 Node:  Return Node
[2025.07.14-01.28.17:600][867]PIE: Error: Blueprint Runtime Error: "Accessed None trying to read property K2Node_DynamicCast_AsPeoncito". Blueprint:  BarraVIda Function:  Get Text 0 Graph:  GetText_0 Node:  Return Node
[2025.07.14-01.28.17:619][868]PIE: Error: Blueprint Runtime Error: "Accessed None trying to read property K2Node_DynamicCast_AsPeoncito". Blueprint:  BarraVIda Function:  Get Text 0 Graph:  GetText_0 Node:  Return Node
[2025.07.14-01.28.17:636][869]PIE: Error: Blueprint Runtime Error: "Accessed None trying to read property K2Node_DynamicCast_AsPeoncito". Blueprint:  BarraVIda Function:  Get Text 0 Graph:  GetText_0 Node:  Return Node
[2025.07.14-01.28.17:654][870]PIE: Error: Blueprint Runtime Error: "Accessed None trying to read property K2Node_DynamicCast_AsPeoncito". Blueprint:  BarraVIda Function:  Get Text 0 Graph:  GetText_0 Node:  Return Node
[2025.07.14-01.28.17:672][871]PIE: Error: Blueprint Runtime Error: "Accessed None trying to read property K2Node_DynamicCast_AsPeoncito". Blueprint:  BarraVIda Function:  Get Text 0 Graph:  GetText_0 Node:  Return Node
[2025.07.14-01.28.17:690][872]PIE: Error: Blueprint Runtime Error: "Accessed None trying to read property K2Node_DynamicCast_AsPeoncito". Blueprint:  BarraVIda Function:  Get Text 0 Graph:  GetText_0 Node:  Return Node
[2025.07.14-01.28.17:709][873]PIE: Error: Blueprint Runtime Error: "Accessed None trying to read property K2Node_DynamicCast_AsPeoncito". Blueprint:  BarraVIda Function:  Get Text 0 Graph:  GetText_0 Node:  Return Node
[2025.07.14-01.28.17:727][874]PIE: Error: Blueprint Runtime Error: "Accessed None trying to read property K2Node_DynamicCast_AsPeoncito". Blueprint:  BarraVIda Function:  Get Text 0 Graph:  GetText_0 Node:  Return Node
[2025.07.14-01.28.17:745][875]PIE: Error: Blueprint Runtime Error: "Accessed None trying to read property K2Node_DynamicCast_AsPeoncito". Blueprint:  BarraVIda Function:  Get Text 0 Graph:  GetText_0 Node:  Return Node
[2025.07.14-01.28.17:762][876]PIE: Error: Blueprint Runtime Error: "Accessed None trying to read property K2Node_DynamicCast_AsPeoncito". Blueprint:  BarraVIda Function:  Get Text 0 Graph:  GetText_0 Node:  Return Node
[2025.07.14-01.28.17:781][877]PIE: Error: Blueprint Runtime Error: "Accessed None trying to read property K2Node_DynamicCast_AsPeoncito". Blueprint:  BarraVIda Function:  Get Text 0 Graph:  GetText_0 Node:  Return Node
[2025.07.14-01.28.17:799][878]PIE: Error: Blueprint Runtime Error: "Accessed None trying to read property K2Node_DynamicCast_AsPeoncito". Blueprint:  BarraVIda Function:  Get Text 0 Graph:  GetText_0 Node:  Return Node
[2025.07.14-01.28.17:817][879]PIE: Error: Blueprint Runtime Error: "Accessed None trying to read property K2Node_DynamicCast_AsPeoncito". Blueprint:  BarraVIda Function:  Get Text 0 Graph:  GetText_0 Node:  Return Node
[2025.07.14-01.28.17:835][880]PIE: Error: Blueprint Runtime Error: "Accessed None trying to read property K2Node_DynamicCast_AsPeoncito". Blueprint:  BarraVIda Function:  Get Text 0 Graph:  GetText_0 Node:  Return Node
[2025.07.14-01.28.17:854][881]PIE: Error: Blueprint Runtime Error: "Accessed None trying to read property K2Node_DynamicCast_AsPeoncito". Blueprint:  BarraVIda Function:  Get Text 0 Graph:  GetText_0 Node:  Return Node
[2025.07.14-01.28.17:874][882]PIE: Error: Blueprint Runtime Error: "Accessed None trying to read property K2Node_DynamicCast_AsPeoncito". Blueprint:  BarraVIda Function:  Get Text 0 Graph:  GetText_0 Node:  Return Node
[2025.07.14-01.28.17:895][883]PIE: Error: Blueprint Runtime Error: "Accessed None trying to read property K2Node_DynamicCast_AsPeoncito". Blueprint:  BarraVIda Function:  Get Text 0 Graph:  GetText_0 Node:  Return Node
[2025.07.14-01.28.17:975][884]LogSlate: Updating window title bar state: overlay mode, drag disabled, window buttons hidden, title bar hidden
[2025.07.14-01.28.17:976][884]LogWorld: BeginTearingDown for /Game/ThirdPersonBP/Maps/UEDPIE_0_Perdiste_Level
[2025.07.14-01.28.17:976][884]LogWorld: UWorld::CleanupWorld for Perdiste_Level, bSessionEnded=true, bCleanupResources=true
[2025.07.14-01.28.17:978][884]LogSlate: InvalidateAllWidgets triggered.  All widgets were invalidated
[2025.07.14-01.28.17:993][884]LogPlayLevel: Display: Shutting down PIE online subsystems
[2025.07.14-01.28.18:021][884]LogSlate: InvalidateAllWidgets triggered.  All widgets were invalidated
[2025.07.14-01.28.18:046][884]LogSlate: Updating window title bar state: overlay mode, drag disabled, window buttons hidden, title bar hidden
[2025.07.14-01.28.18:047][884]LogAudioMixer: FMixerPlatformXAudio2::StopAudioStream() called
[2025.07.14-01.28.18:048][884]LogAudioMixer: FMixerPlatformXAudio2::StopAudioStream() called
[2025.07.14-01.28.18:057][884]LogUObjectHash: Compacting FUObjectHashTables data took   3.42ms
[2025.07.14-01.28.18:300][885]LogPlayLevel: Display: Destroying online subsystem :Context_32
[2025.07.14-01.28.19:528][926]LogTemp: Repeating last play command: Selected Viewport
[2025.07.14-01.28.19:559][926]LogPlayLevel: PlayLevel: No blueprints needed recompiling
[2025.07.14-01.28.19:559][926]PIE: New page: PIE session: ThirdPersonExampleMap (Jul 13, 2025, 7:28:19 PM)
[2025.07.14-01.28.19:559][926]LogPlayLevel: Creating play world package: /Game/ThirdPersonBP/Maps/UEDPIE_0_ThirdPersonExampleMap
[2025.07.14-01.28.19:582][926]LogPlayLevel: PIE: StaticDuplicateObject took: (0.022628s)
[2025.07.14-01.28.19:583][926]LogAIModule: Creating AISystem for world ThirdPersonExampleMap
[2025.07.14-01.28.19:584][926]LogPlayLevel: PIE: World Init took: (0.001916s)
[2025.07.14-01.28.19:584][926]LogPlayLevel: PIE: Created PIE world by copying editor world from /Game/ThirdPersonBP/Maps/ThirdPersonExampleMap.ThirdPersonExampleMap to /Game/ThirdPersonBP/Maps/UEDPIE_0_ThirdPersonExampleMap.ThirdPersonExampleMap (0.024889s)
[2025.07.14-01.28.19:624][926]LogUObjectHash: Compacting FUObjectHashTables data took   4.75ms
[2025.07.14-01.28.19:625][926]LogAudio: Display: Creating Audio Device:                 Id: 10, Scope: Unique, Realtime: True
[2025.07.14-01.28.19:626][926]LogAudioMixer: Display: Audio Mixer Platform Settings:
[2025.07.14-01.28.19:626][926]LogAudioMixer: Display: 	Sample Rate:						  48000
[2025.07.14-01.28.19:626][926]LogAudioMixer: Display: 	Callback Buffer Frame Size Requested: 1024
[2025.07.14-01.28.19:626][926]LogAudioMixer: Display: 	Callback Buffer Frame Size To Use:	  1024
[2025.07.14-01.28.19:626][926]LogAudioMixer: Display: 	Number of buffers to queue:			  2
[2025.07.14-01.28.19:626][926]LogAudioMixer: Display: 	Max Channels (voices):				  32
[2025.07.14-01.28.19:626][926]LogAudioMixer: Display: 	Number of Async Source Workers:		  0
[2025.07.14-01.28.19:626][926]LogAudio: Display: AudioDevice MaxSources: 32
[2025.07.14-01.28.19:627][926]LogAudio: Display: Audio Spatialization Plugin: None (built-in).
[2025.07.14-01.28.19:627][926]LogAudio: Display: Audio Reverb Plugin: None (built-in).
[2025.07.14-01.28.19:627][926]LogAudio: Display: Audio Occlusion Plugin: None (built-in).
[2025.07.14-01.28.19:627][926]LogAudioMixer: Display: Initializing audio mixer.
[2025.07.14-01.28.19:635][926]LogAudioMixer: Display: 0: FrontLeft
[2025.07.14-01.28.19:635][926]LogAudioMixer: Display: 1: FrontRight
[2025.07.14-01.28.19:660][926]LogAudioMixer: Display: Using Audio Device Headphones (SOUNDPEATS Mini HS Stereo)
[2025.07.14-01.28.19:660][926]LogAudioMixer: Display: Initializing Sound Submixes...
[2025.07.14-01.28.19:660][926]LogAudioMixer: Display: Creating Master Submix 'MasterSubmixDefault'
[2025.07.14-01.28.19:660][926]LogAudioMixer: Display: Creating Master Submix 'MasterReverbSubmixDefault'
[2025.07.14-01.28.19:661][926]LogAudioMixer: Display: Creating Master Submix 'MasterEQSubmixDefault'
[2025.07.14-01.28.19:661][926]LogAudioMixer: FMixerPlatformXAudio2::StartAudioStream() called
[2025.07.14-01.28.19:661][926]LogAudioMixer: Display: Output buffers initialized: Frames=1024, Channels=2, Samples=2048
[2025.07.14-01.28.19:663][926]LogAudioMixer: Display: Starting AudioMixerPlatformInterface::RunInternal()
[2025.07.14-01.28.19:663][926]LogAudioMixer: Display: FMixerPlatformXAudio2::SubmitBuffer() called for the first time
[2025.07.14-01.28.19:663][926]LogInit: FAudioDevice initialized.
[2025.07.14-01.28.19:663][926]LogAudio: Display: Audio Device (ID: 10) registered with world 'ThirdPersonExampleMap'.
[2025.07.14-01.28.19:677][926]LogLoad: Game class is 'ReglasJuego_C'
[2025.07.14-01.28.19:686][926]LogWorld: Bringing World /Game/ThirdPersonBP/Maps/UEDPIE_0_ThirdPersonExampleMap.ThirdPersonExampleMap up for play (max tick rate 60) at 2025.07.13-22.28.19
[2025.07.14-01.28.19:687][926]LogWorld: Bringing up level for play took: 0.009839
[2025.07.14-01.28.19:687][926]LogOnline: OSS: Creating online subsystem instance for: :Context_33
[2025.07.14-01.28.19:690][926]LogBlueprintUserMessages: [plataforma_2] Buenas buenas!
[2025.07.14-01.28.19:694][926]PIE: Server logged in
[2025.07.14-01.28.19:695][926]PIE: Play in editor total start time 0.154 seconds.
[2025.07.14-01.28.20:986][984]LogSlate: Window 'Message Log' being destroyed
[2025.07.14-01.28.21:019][984]LogSlate: Window 'Message Log' being destroyed
[2025.07.14-01.28.22:168][ 37]LogBlueprintUserMessages: [bala_C_1] El peoncito perdio 10 de vida!!!!
[2025.07.14-01.28.22:615][ 60]LogBlueprintUserMessages: [bala_C_6] Le reste 25 al bad fella
[2025.07.14-01.28.26:131][245]LogBlueprintUserMessages: [bala_C_13] El peoncito perdio 10 de vida!!!!
[2025.07.14-01.28.26:498][264]LogBlueprintUserMessages: [bala_C_15] Le reste 50 al bad guy
[2025.07.14-01.28.26:961][286]LogBlueprintUserMessages: [bala_C_16] Le reste 50 al bad guy
[2025.07.14-01.28.26:980][287]LogBlueprintUserMessages: [bad_guy_5] Bad guy  Destruido!
[2025.07.14-01.28.30:157][436]LogBlueprintUserMessages: [bala_C_24] Le reste 25 a la torreta
[2025.07.14-01.28.30:157][436]LogBlueprintUserMessages: [Torreta3_2] algo me ataveso!
[2025.07.14-01.28.30:242][440]LogBlueprintUserMessages: [bala_C_26] Le reste 25 a la torreta
[2025.07.14-01.28.30:242][440]LogBlueprintUserMessages: [Torreta3_2] algo me ataveso!
[2025.07.14-01.28.30:260][441]LogBlueprintUserMessages: [Torreta3_2] Torreta Destruida!
[2025.07.14-01.28.31:236][491]LogBlueprintUserMessages: [bala_C_23] El peoncito perdio 10 de vida!!!!
[2025.07.14-01.28.31:350][497]LogBlueprintUserMessages: [bala_C_23] El peoncito perdio 10 de vida!!!!
[2025.07.14-01.28.31:638][506]LogBlueprintUserMessages: [bala_C_31] Le reste 25 al bad fella
[2025.07.14-01.28.31:678][508]LogBlueprintUserMessages: [Balaza_C_6] Le reste 30 al peoncito
[2025.07.14-01.28.34:993][681]LogBlueprintUserMessages: [Curador_2] Le di vida al peoncito! ahora tiene:
[2025.07.14-01.28.34:994][681]LogBlueprintUserMessages: [Curador_2] 30.0
[2025.07.14-01.28.34:994][681]LogBlueprintUserMessages: [Curador_2] El curador ya curo las siguientes veces:
[2025.07.14-01.28.34:994][681]LogBlueprintUserMessages: [Curador_2] 1.0
[2025.07.14-01.28.35:796][719]LogBlueprintUserMessages: [Curador_2] Le di vida al peoncito! ahora tiene:
[2025.07.14-01.28.35:796][719]LogBlueprintUserMessages: [Curador_2] 50.0
[2025.07.14-01.28.35:796][719]LogBlueprintUserMessages: [Curador_2] El curador ya curo las siguientes veces:
[2025.07.14-01.28.35:796][719]LogBlueprintUserMessages: [Curador_2] 2.0
[2025.07.14-01.28.36:342][750]LogBlueprintUserMessages: [Curador_2] Le di vida al peoncito! ahora tiene:
[2025.07.14-01.28.36:343][750]LogBlueprintUserMessages: [Curador_2] 70.0
[2025.07.14-01.28.36:343][750]LogBlueprintUserMessages: [Curador_2] El curador ya curo las siguientes veces:
[2025.07.14-01.28.36:343][750]LogBlueprintUserMessages: [Curador_2] 3.0
[2025.07.14-01.28.37:095][788]LogBlueprintUserMessages: [ReglasJuego_C_0] El puntaje subio!
[2025.07.14-01.28.37:096][788]LogBlueprintUserMessages: [ReglasJuego_C_0] 2
[2025.07.14-01.28.37:298][798]LogBlueprintUserMessages: [bala_C_36] El peoncito perdio 10 de vida!!!!
[2025.07.14-01.28.37:457][805]LogBlueprintUserMessages: [bala_C_35] El peoncito perdio 10 de vida!!!!
[2025.07.14-01.28.37:666][813]LogBlueprintUserMessages: [bala_C_39] Le reste 25 al bad fella
[2025.07.14-01.28.39:289][894]LogBlueprintUserMessages: [bala_C_40] El peoncito perdio 10 de vida!!!!
[2025.07.14-01.28.39:884][924]LogBlueprintUserMessages: [bala_C_41] El peoncito perdio 10 de vida!!!!
[2025.07.14-01.28.40:526][955]LogBlueprintUserMessages: [bala_C_42] El peoncito perdio 10 de vida!!!!
[2025.07.14-01.28.40:979][978]LogBlueprintUserMessages: [bala_C_42] El peoncito perdio 10 de vida!!!!
[2025.07.14-01.28.41:000][979]LogBlueprintUserMessages: [bala_C_42] El peoncito perdio 10 de vida!!!!
[2025.07.14-01.28.41:019][980]LogBlueprintUserMessages: [bala_C_42] El peoncito perdio 10 de vida!!!!
[2025.07.14-01.28.41:408][997]LogBlueprintUserMessages: [bala_C_45] Le reste 50 al bad guy
[2025.07.14-01.28.42:099][ 29]LogBlueprintUserMessages: [bala_C_47] Le reste 50 al bad guy
[2025.07.14-01.28.42:126][ 30]LogBlueprintUserMessages: [bad_guy2_2] Bad guy  Destruido!
[2025.07.14-01.28.42:780][ 64]LogBlueprintUserMessages: [bala_C_49] El peoncito perdio 10 de vida!!!!
[2025.07.14-01.28.42:781][ 64]LogBlueprintUserMessages: [peoncito_2] El peoncito murio
[2025.07.14-01.28.42:781][ 64]LogBlueprintUserMessages: [ReglasJuego_C_0] Noo, perdiste!
[2025.07.14-01.28.42:784][ 64]LogScript: Warning: Accessed None trying to read property K2Node_DynamicCast_AsPeoncito
	BarraVIda_C /Engine/Transient.UnrealEdEngine_0:GameInstance_8.BarraVIda_C_0
	Function /Game/ThirdPersonBP/Blueprints/blueprints/BarraVIda.BarraVIda_C:GetText_0:0099
[2025.07.14-01.28.42:785][ 64]PIE: Error: Blueprint Runtime Error: "Accessed None trying to read property K2Node_DynamicCast_AsPeoncito". Blueprint:  BarraVIda Function:  Get Text 0 Graph:  GetText_0 Node:  Return Node
[2025.07.14-01.28.42:798][ 65]LogNet: Browse: /Game/ThirdPersonBP/Maps/Perdiste_Level
[2025.07.14-01.28.42:798][ 65]LogLoad: LoadMap: /Game/ThirdPersonBP/Maps/Perdiste_Level
[2025.07.14-01.28.42:798][ 65]LogWorld: BeginTearingDown for /Game/ThirdPersonBP/Maps/UEDPIE_0_ThirdPersonExampleMap
[2025.07.14-01.28.42:799][ 65]LogWorld: UWorld::CleanupWorld for ThirdPersonExampleMap, bSessionEnded=true, bCleanupResources=true
[2025.07.14-01.28.42:800][ 65]LogSlate: InvalidateAllWidgets triggered.  All widgets were invalidated
[2025.07.14-01.28.42:872][ 65]LogAudio: Display: Audio Device unregistered from world 'None'.
[2025.07.14-01.28.42:878][ 65]LogUObjectHash: Compacting FUObjectHashTables data took   4.18ms
[2025.07.14-01.28.42:905][ 65]LogAudio: Display: Audio Device (ID: 10) registered with world 'Perdiste_Level'.
[2025.07.14-01.28.42:907][ 65]LogAIModule: Creating AISystem for world Perdiste_Level
[2025.07.14-01.28.42:908][ 65]LogLoad: Game class is 'ReglasJuego_C'
[2025.07.14-01.28.42:985][ 65]LogWorld: Bringing World /Game/ThirdPersonBP/Maps/UEDPIE_0_Perdiste_Level.Perdiste_Level up for play (max tick rate 60) at 2025.07.13-22.28.42
[2025.07.14-01.28.42:985][ 65]LogWorld: Bringing up level for play took: 0.076275
[2025.07.14-01.28.42:986][ 65]LogGameMode: FindPlayerStart: PATHS NOT DEFINED or NO PLAYERSTART with positive rating
[2025.07.14-01.28.42:988][ 65]LogBlueprintUserMessages: [plataforma_2] Buenas buenas!
[2025.07.14-01.28.42:989][ 65]LogLoad: Took 0.191656 seconds to LoadMap(/Game/ThirdPersonBP/Maps/Perdiste_Level)
[2025.07.14-01.28.43:037][ 65]PIE: Error: Blueprint Runtime Error: "Accessed None trying to read property K2Node_DynamicCast_AsPeoncito". Blueprint:  BarraVIda Function:  Get Text 0 Graph:  GetText_0 Node:  Return Node
[2025.07.14-01.28.43:056][ 66]PIE: Error: Blueprint Runtime Error: "Accessed None trying to read property K2Node_DynamicCast_AsPeoncito". Blueprint:  BarraVIda Function:  Get Text 0 Graph:  GetText_0 Node:  Return Node
[2025.07.14-01.28.43:075][ 67]PIE: Error: Blueprint Runtime Error: "Accessed None trying to read property K2Node_DynamicCast_AsPeoncito". Blueprint:  BarraVIda Function:  Get Text 0 Graph:  GetText_0 Node:  Return Node
[2025.07.14-01.28.43:092][ 68]PIE: Error: Blueprint Runtime Error: "Accessed None trying to read property K2Node_DynamicCast_AsPeoncito". Blueprint:  BarraVIda Function:  Get Text 0 Graph:  GetText_0 Node:  Return Node
[2025.07.14-01.28.43:109][ 69]PIE: Error: Blueprint Runtime Error: "Accessed None trying to read property K2Node_DynamicCast_AsPeoncito". Blueprint:  BarraVIda Function:  Get Text 0 Graph:  GetText_0 Node:  Return Node
[2025.07.14-01.28.43:126][ 70]PIE: Error: Blueprint Runtime Error: "Accessed None trying to read property K2Node_DynamicCast_AsPeoncito". Blueprint:  BarraVIda Function:  Get Text 0 Graph:  GetText_0 Node:  Return Node
[2025.07.14-01.28.43:144][ 71]PIE: Error: Blueprint Runtime Error: "Accessed None trying to read property K2Node_DynamicCast_AsPeoncito". Blueprint:  BarraVIda Function:  Get Text 0 Graph:  GetText_0 Node:  Return Node
[2025.07.14-01.28.43:162][ 72]PIE: Error: Blueprint Runtime Error: "Accessed None trying to read property K2Node_DynamicCast_AsPeoncito". Blueprint:  BarraVIda Function:  Get Text 0 Graph:  GetText_0 Node:  Return Node
[2025.07.14-01.28.43:183][ 73]PIE: Error: Blueprint Runtime Error: "Accessed None trying to read property K2Node_DynamicCast_AsPeoncito". Blueprint:  BarraVIda Function:  Get Text 0 Graph:  GetText_0 Node:  Return Node
[2025.07.14-01.28.43:204][ 74]PIE: Error: Blueprint Runtime Error: "Accessed None trying to read property K2Node_DynamicCast_AsPeoncito". Blueprint:  BarraVIda Function:  Get Text 0 Graph:  GetText_0 Node:  Return Node
[2025.07.14-01.28.43:226][ 75]PIE: Error: Blueprint Runtime Error: "Accessed None trying to read property K2Node_DynamicCast_AsPeoncito". Blueprint:  BarraVIda Function:  Get Text 0 Graph:  GetText_0 Node:  Return Node
[2025.07.14-01.28.43:246][ 76]PIE: Error: Blueprint Runtime Error: "Accessed None trying to read property K2Node_DynamicCast_AsPeoncito". Blueprint:  BarraVIda Function:  Get Text 0 Graph:  GetText_0 Node:  Return Node
[2025.07.14-01.28.43:264][ 77]PIE: Error: Blueprint Runtime Error: "Accessed None trying to read property K2Node_DynamicCast_AsPeoncito". Blueprint:  BarraVIda Function:  Get Text 0 Graph:  GetText_0 Node:  Return Node
[2025.07.14-01.28.43:284][ 78]PIE: Error: Blueprint Runtime Error: "Accessed None trying to read property K2Node_DynamicCast_AsPeoncito". Blueprint:  BarraVIda Function:  Get Text 0 Graph:  GetText_0 Node:  Return Node
[2025.07.14-01.28.43:305][ 79]PIE: Error: Blueprint Runtime Error: "Accessed None trying to read property K2Node_DynamicCast_AsPeoncito". Blueprint:  BarraVIda Function:  Get Text 0 Graph:  GetText_0 Node:  Return Node
[2025.07.14-01.28.43:327][ 80]PIE: Error: Blueprint Runtime Error: "Accessed None trying to read property K2Node_DynamicCast_AsPeoncito". Blueprint:  BarraVIda Function:  Get Text 0 Graph:  GetText_0 Node:  Return Node
[2025.07.14-01.28.43:347][ 81]PIE: Error: Blueprint Runtime Error: "Accessed None trying to read property K2Node_DynamicCast_AsPeoncito". Blueprint:  BarraVIda Function:  Get Text 0 Graph:  GetText_0 Node:  Return Node
[2025.07.14-01.28.43:366][ 82]PIE: Error: Blueprint Runtime Error: "Accessed None trying to read property K2Node_DynamicCast_AsPeoncito". Blueprint:  BarraVIda Function:  Get Text 0 Graph:  GetText_0 Node:  Return Node
[2025.07.14-01.28.43:388][ 83]PIE: Error: Blueprint Runtime Error: "Accessed None trying to read property K2Node_DynamicCast_AsPeoncito". Blueprint:  BarraVIda Function:  Get Text 0 Graph:  GetText_0 Node:  Return Node
[2025.07.14-01.28.43:408][ 84]PIE: Error: Blueprint Runtime Error: "Accessed None trying to read property K2Node_DynamicCast_AsPeoncito". Blueprint:  BarraVIda Function:  Get Text 0 Graph:  GetText_0 Node:  Return Node
[2025.07.14-01.28.43:425][ 85]PIE: Error: Blueprint Runtime Error: "Accessed None trying to read property K2Node_DynamicCast_AsPeoncito". Blueprint:  BarraVIda Function:  Get Text 0 Graph:  GetText_0 Node:  Return Node
[2025.07.14-01.28.43:444][ 86]PIE: Error: Blueprint Runtime Error: "Accessed None trying to read property K2Node_DynamicCast_AsPeoncito". Blueprint:  BarraVIda Function:  Get Text 0 Graph:  GetText_0 Node:  Return Node
[2025.07.14-01.28.43:464][ 87]PIE: Error: Blueprint Runtime Error: "Accessed None trying to read property K2Node_DynamicCast_AsPeoncito". Blueprint:  BarraVIda Function:  Get Text 0 Graph:  GetText_0 Node:  Return Node
[2025.07.14-01.28.43:483][ 88]PIE: Error: Blueprint Runtime Error: "Accessed None trying to read property K2Node_DynamicCast_AsPeoncito". Blueprint:  BarraVIda Function:  Get Text 0 Graph:  GetText_0 Node:  Return Node
[2025.07.14-01.28.43:502][ 89]PIE: Error: Blueprint Runtime Error: "Accessed None trying to read property K2Node_DynamicCast_AsPeoncito". Blueprint:  BarraVIda Function:  Get Text 0 Graph:  GetText_0 Node:  Return Node
[2025.07.14-01.28.43:520][ 90]PIE: Error: Blueprint Runtime Error: "Accessed None trying to read property K2Node_DynamicCast_AsPeoncito". Blueprint:  BarraVIda Function:  Get Text 0 Graph:  GetText_0 Node:  Return Node
[2025.07.14-01.28.43:539][ 91]PIE: Error: Blueprint Runtime Error: "Accessed None trying to read property K2Node_DynamicCast_AsPeoncito". Blueprint:  BarraVIda Function:  Get Text 0 Graph:  GetText_0 Node:  Return Node
[2025.07.14-01.28.43:559][ 92]PIE: Error: Blueprint Runtime Error: "Accessed None trying to read property K2Node_DynamicCast_AsPeoncito". Blueprint:  BarraVIda Function:  Get Text 0 Graph:  GetText_0 Node:  Return Node
[2025.07.14-01.28.43:576][ 93]PIE: Error: Blueprint Runtime Error: "Accessed None trying to read property K2Node_DynamicCast_AsPeoncito". Blueprint:  BarraVIda Function:  Get Text 0 Graph:  GetText_0 Node:  Return Node
[2025.07.14-01.28.43:593][ 94]PIE: Error: Blueprint Runtime Error: "Accessed None trying to read property K2Node_DynamicCast_AsPeoncito". Blueprint:  BarraVIda Function:  Get Text 0 Graph:  GetText_0 Node:  Return Node
[2025.07.14-01.28.43:612][ 95]PIE: Error: Blueprint Runtime Error: "Accessed None trying to read property K2Node_DynamicCast_AsPeoncito". Blueprint:  BarraVIda Function:  Get Text 0 Graph:  GetText_0 Node:  Return Node
[2025.07.14-01.28.43:631][ 96]PIE: Error: Blueprint Runtime Error: "Accessed None trying to read property K2Node_DynamicCast_AsPeoncito". Blueprint:  BarraVIda Function:  Get Text 0 Graph:  GetText_0 Node:  Return Node
[2025.07.14-01.28.43:651][ 97]PIE: Error: Blueprint Runtime Error: "Accessed None trying to read property K2Node_DynamicCast_AsPeoncito". Blueprint:  BarraVIda Function:  Get Text 0 Graph:  GetText_0 Node:  Return Node
[2025.07.14-01.28.43:671][ 98]PIE: Error: Blueprint Runtime Error: "Accessed None trying to read property K2Node_DynamicCast_AsPeoncito". Blueprint:  BarraVIda Function:  Get Text 0 Graph:  GetText_0 Node:  Return Node
[2025.07.14-01.28.43:692][ 99]PIE: Error: Blueprint Runtime Error: "Accessed None trying to read property K2Node_DynamicCast_AsPeoncito". Blueprint:  BarraVIda Function:  Get Text 0 Graph:  GetText_0 Node:  Return Node
[2025.07.14-01.28.43:711][100]PIE: Error: Blueprint Runtime Error: "Accessed None trying to read property K2Node_DynamicCast_AsPeoncito". Blueprint:  BarraVIda Function:  Get Text 0 Graph:  GetText_0 Node:  Return Node
[2025.07.14-01.28.43:729][101]PIE: Error: Blueprint Runtime Error: "Accessed None trying to read property K2Node_DynamicCast_AsPeoncito". Blueprint:  BarraVIda Function:  Get Text 0 Graph:  GetText_0 Node:  Return Node
[2025.07.14-01.28.43:745][102]PIE: Error: Blueprint Runtime Error: "Accessed None trying to read property K2Node_DynamicCast_AsPeoncito". Blueprint:  BarraVIda Function:  Get Text 0 Graph:  GetText_0 Node:  Return Node
[2025.07.14-01.28.43:762][103]PIE: Error: Blueprint Runtime Error: "Accessed None trying to read property K2Node_DynamicCast_AsPeoncito". Blueprint:  BarraVIda Function:  Get Text 0 Graph:  GetText_0 Node:  Return Node
[2025.07.14-01.28.43:780][104]PIE: Error: Blueprint Runtime Error: "Accessed None trying to read property K2Node_DynamicCast_AsPeoncito". Blueprint:  BarraVIda Function:  Get Text 0 Graph:  GetText_0 Node:  Return Node
[2025.07.14-01.28.43:796][105]PIE: Error: Blueprint Runtime Error: "Accessed None trying to read property K2Node_DynamicCast_AsPeoncito". Blueprint:  BarraVIda Function:  Get Text 0 Graph:  GetText_0 Node:  Return Node
[2025.07.14-01.28.43:811][106]PIE: Error: Blueprint Runtime Error: "Accessed None trying to read property K2Node_DynamicCast_AsPeoncito". Blueprint:  BarraVIda Function:  Get Text 0 Graph:  GetText_0 Node:  Return Node
[2025.07.14-01.28.43:828][107]PIE: Error: Blueprint Runtime Error: "Accessed None trying to read property K2Node_DynamicCast_AsPeoncito". Blueprint:  BarraVIda Function:  Get Text 0 Graph:  GetText_0 Node:  Return Node
[2025.07.14-01.28.43:845][108]PIE: Error: Blueprint Runtime Error: "Accessed None trying to read property K2Node_DynamicCast_AsPeoncito". Blueprint:  BarraVIda Function:  Get Text 0 Graph:  GetText_0 Node:  Return Node
[2025.07.14-01.28.43:862][109]PIE: Error: Blueprint Runtime Error: "Accessed None trying to read property K2Node_DynamicCast_AsPeoncito". Blueprint:  BarraVIda Function:  Get Text 0 Graph:  GetText_0 Node:  Return Node
[2025.07.14-01.28.43:879][110]PIE: Error: Blueprint Runtime Error: "Accessed None trying to read property K2Node_DynamicCast_AsPeoncito". Blueprint:  BarraVIda Function:  Get Text 0 Graph:  GetText_0 Node:  Return Node
[2025.07.14-01.28.43:896][111]PIE: Error: Blueprint Runtime Error: "Accessed None trying to read property K2Node_DynamicCast_AsPeoncito". Blueprint:  BarraVIda Function:  Get Text 0 Graph:  GetText_0 Node:  Return Node
[2025.07.14-01.28.43:913][112]PIE: Error: Blueprint Runtime Error: "Accessed None trying to read property K2Node_DynamicCast_AsPeoncito". Blueprint:  BarraVIda Function:  Get Text 0 Graph:  GetText_0 Node:  Return Node
[2025.07.14-01.28.43:928][113]PIE: Error: Blueprint Runtime Error: "Accessed None trying to read property K2Node_DynamicCast_AsPeoncito". Blueprint:  BarraVIda Function:  Get Text 0 Graph:  GetText_0 Node:  Return Node
[2025.07.14-01.28.43:945][114]PIE: Error: Blueprint Runtime Error: "Accessed None trying to read property K2Node_DynamicCast_AsPeoncito". Blueprint:  BarraVIda Function:  Get Text 0 Graph:  GetText_0 Node:  Return Node
[2025.07.14-01.28.43:963][115]PIE: Error: Blueprint Runtime Error: "Accessed None trying to read property K2Node_DynamicCast_AsPeoncito". Blueprint:  BarraVIda Function:  Get Text 0 Graph:  GetText_0 Node:  Return Node
[2025.07.14-01.28.43:981][116]PIE: Error: Blueprint Runtime Error: "Accessed None trying to read property K2Node_DynamicCast_AsPeoncito". Blueprint:  BarraVIda Function:  Get Text 0 Graph:  GetText_0 Node:  Return Node
[2025.07.14-01.28.44:002][117]PIE: Error: Blueprint Runtime Error: "Accessed None trying to read property K2Node_DynamicCast_AsPeoncito". Blueprint:  BarraVIda Function:  Get Text 0 Graph:  GetText_0 Node:  Return Node
[2025.07.14-01.28.44:023][118]PIE: Error: Blueprint Runtime Error: "Accessed None trying to read property K2Node_DynamicCast_AsPeoncito". Blueprint:  BarraVIda Function:  Get Text 0 Graph:  GetText_0 Node:  Return Node
[2025.07.14-01.28.44:043][119]PIE: Error: Blueprint Runtime Error: "Accessed None trying to read property K2Node_DynamicCast_AsPeoncito". Blueprint:  BarraVIda Function:  Get Text 0 Graph:  GetText_0 Node:  Return Node
[2025.07.14-01.28.44:063][120]PIE: Error: Blueprint Runtime Error: "Accessed None trying to read property K2Node_DynamicCast_AsPeoncito". Blueprint:  BarraVIda Function:  Get Text 0 Graph:  GetText_0 Node:  Return Node
[2025.07.14-01.28.44:081][121]PIE: Error: Blueprint Runtime Error: "Accessed None trying to read property K2Node_DynamicCast_AsPeoncito". Blueprint:  BarraVIda Function:  Get Text 0 Graph:  GetText_0 Node:  Return Node
[2025.07.14-01.28.44:101][122]PIE: Error: Blueprint Runtime Error: "Accessed None trying to read property K2Node_DynamicCast_AsPeoncito". Blueprint:  BarraVIda Function:  Get Text 0 Graph:  GetText_0 Node:  Return Node
[2025.07.14-01.28.44:120][123]PIE: Error: Blueprint Runtime Error: "Accessed None trying to read property K2Node_DynamicCast_AsPeoncito". Blueprint:  BarraVIda Function:  Get Text 0 Graph:  GetText_0 Node:  Return Node
[2025.07.14-01.28.44:137][124]PIE: Error: Blueprint Runtime Error: "Accessed None trying to read property K2Node_DynamicCast_AsPeoncito". Blueprint:  BarraVIda Function:  Get Text 0 Graph:  GetText_0 Node:  Return Node
[2025.07.14-01.28.44:154][125]PIE: Error: Blueprint Runtime Error: "Accessed None trying to read property K2Node_DynamicCast_AsPeoncito". Blueprint:  BarraVIda Function:  Get Text 0 Graph:  GetText_0 Node:  Return Node
[2025.07.14-01.28.44:171][126]PIE: Error: Blueprint Runtime Error: "Accessed None trying to read property K2Node_DynamicCast_AsPeoncito". Blueprint:  BarraVIda Function:  Get Text 0 Graph:  GetText_0 Node:  Return Node
[2025.07.14-01.28.44:189][127]PIE: Error: Blueprint Runtime Error: "Accessed None trying to read property K2Node_DynamicCast_AsPeoncito". Blueprint:  BarraVIda Function:  Get Text 0 Graph:  GetText_0 Node:  Return Node
[2025.07.14-01.28.44:202][128]PIE: Error: Blueprint Runtime Error: "Accessed None trying to read property K2Node_DynamicCast_AsPeoncito". Blueprint:  BarraVIda Function:  Get Text 0 Graph:  GetText_0 Node:  Return Node
[2025.07.14-01.28.44:220][129]PIE: Error: Blueprint Runtime Error: "Accessed None trying to read property K2Node_DynamicCast_AsPeoncito". Blueprint:  BarraVIda Function:  Get Text 0 Graph:  GetText_0 Node:  Return Node
[2025.07.14-01.28.44:238][130]PIE: Error: Blueprint Runtime Error: "Accessed None trying to read property K2Node_DynamicCast_AsPeoncito". Blueprint:  BarraVIda Function:  Get Text 0 Graph:  GetText_0 Node:  Return Node
[2025.07.14-01.28.44:257][131]PIE: Error: Blueprint Runtime Error: "Accessed None trying to read property K2Node_DynamicCast_AsPeoncito". Blueprint:  BarraVIda Function:  Get Text 0 Graph:  GetText_0 Node:  Return Node
[2025.07.14-01.28.44:279][132]PIE: Error: Blueprint Runtime Error: "Accessed None trying to read property K2Node_DynamicCast_AsPeoncito". Blueprint:  BarraVIda Function:  Get Text 0 Graph:  GetText_0 Node:  Return Node
[2025.07.14-01.28.44:300][133]PIE: Error: Blueprint Runtime Error: "Accessed None trying to read property K2Node_DynamicCast_AsPeoncito". Blueprint:  BarraVIda Function:  Get Text 0 Graph:  GetText_0 Node:  Return Node
[2025.07.14-01.28.44:323][134]PIE: Error: Blueprint Runtime Error: "Accessed None trying to read property K2Node_DynamicCast_AsPeoncito". Blueprint:  BarraVIda Function:  Get Text 0 Graph:  GetText_0 Node:  Return Node
[2025.07.14-01.28.44:343][135]PIE: Error: Blueprint Runtime Error: "Accessed None trying to read property K2Node_DynamicCast_AsPeoncito". Blueprint:  BarraVIda Function:  Get Text 0 Graph:  GetText_0 Node:  Return Node
[2025.07.14-01.28.44:363][136]PIE: Error: Blueprint Runtime Error: "Accessed None trying to read property K2Node_DynamicCast_AsPeoncito". Blueprint:  BarraVIda Function:  Get Text 0 Graph:  GetText_0 Node:  Return Node
[2025.07.14-01.28.44:382][137]PIE: Error: Blueprint Runtime Error: "Accessed None trying to read property K2Node_DynamicCast_AsPeoncito". Blueprint:  BarraVIda Function:  Get Text 0 Graph:  GetText_0 Node:  Return Node
[2025.07.14-01.28.44:404][138]PIE: Error: Blueprint Runtime Error: "Accessed None trying to read property K2Node_DynamicCast_AsPeoncito". Blueprint:  BarraVIda Function:  Get Text 0 Graph:  GetText_0 Node:  Return Node
[2025.07.14-01.28.44:427][139]PIE: Error: Blueprint Runtime Error: "Accessed None trying to read property K2Node_DynamicCast_AsPeoncito". Blueprint:  BarraVIda Function:  Get Text 0 Graph:  GetText_0 Node:  Return Node
[2025.07.14-01.28.44:446][140]PIE: Error: Blueprint Runtime Error: "Accessed None trying to read property K2Node_DynamicCast_AsPeoncito". Blueprint:  BarraVIda Function:  Get Text 0 Graph:  GetText_0 Node:  Return Node
[2025.07.14-01.28.44:463][141]PIE: Error: Blueprint Runtime Error: "Accessed None trying to read property K2Node_DynamicCast_AsPeoncito". Blueprint:  BarraVIda Function:  Get Text 0 Graph:  GetText_0 Node:  Return Node
[2025.07.14-01.28.44:480][142]PIE: Error: Blueprint Runtime Error: "Accessed None trying to read property K2Node_DynamicCast_AsPeoncito". Blueprint:  BarraVIda Function:  Get Text 0 Graph:  GetText_0 Node:  Return Node
[2025.07.14-01.28.44:499][143]PIE: Error: Blueprint Runtime Error: "Accessed None trying to read property K2Node_DynamicCast_AsPeoncito". Blueprint:  BarraVIda Function:  Get Text 0 Graph:  GetText_0 Node:  Return Node
[2025.07.14-01.28.44:519][144]PIE: Error: Blueprint Runtime Error: "Accessed None trying to read property K2Node_DynamicCast_AsPeoncito". Blueprint:  BarraVIda Function:  Get Text 0 Graph:  GetText_0 Node:  Return Node
[2025.07.14-01.28.44:536][145]PIE: Error: Blueprint Runtime Error: "Accessed None trying to read property K2Node_DynamicCast_AsPeoncito". Blueprint:  BarraVIda Function:  Get Text 0 Graph:  GetText_0 Node:  Return Node
[2025.07.14-01.28.44:552][146]PIE: Error: Blueprint Runtime Error: "Accessed None trying to read property K2Node_DynamicCast_AsPeoncito". Blueprint:  BarraVIda Function:  Get Text 0 Graph:  GetText_0 Node:  Return Node
[2025.07.14-01.28.44:570][147]PIE: Error: Blueprint Runtime Error: "Accessed None trying to read property K2Node_DynamicCast_AsPeoncito". Blueprint:  BarraVIda Function:  Get Text 0 Graph:  GetText_0 Node:  Return Node
[2025.07.14-01.28.44:587][148]PIE: Error: Blueprint Runtime Error: "Accessed None trying to read property K2Node_DynamicCast_AsPeoncito". Blueprint:  BarraVIda Function:  Get Text 0 Graph:  GetText_0 Node:  Return Node
[2025.07.14-01.28.44:604][149]PIE: Error: Blueprint Runtime Error: "Accessed None trying to read property K2Node_DynamicCast_AsPeoncito". Blueprint:  BarraVIda Function:  Get Text 0 Graph:  GetText_0 Node:  Return Node
[2025.07.14-01.28.44:623][150]PIE: Error: Blueprint Runtime Error: "Accessed None trying to read property K2Node_DynamicCast_AsPeoncito". Blueprint:  BarraVIda Function:  Get Text 0 Graph:  GetText_0 Node:  Return Node
[2025.07.14-01.28.44:642][151]PIE: Error: Blueprint Runtime Error: "Accessed None trying to read property K2Node_DynamicCast_AsPeoncito". Blueprint:  BarraVIda Function:  Get Text 0 Graph:  GetText_0 Node:  Return Node
[2025.07.14-01.28.44:659][152]PIE: Error: Blueprint Runtime Error: "Accessed None trying to read property K2Node_DynamicCast_AsPeoncito". Blueprint:  BarraVIda Function:  Get Text 0 Graph:  GetText_0 Node:  Return Node
[2025.07.14-01.28.44:676][153]PIE: Error: Blueprint Runtime Error: "Accessed None trying to read property K2Node_DynamicCast_AsPeoncito". Blueprint:  BarraVIda Function:  Get Text 0 Graph:  GetText_0 Node:  Return Node
[2025.07.14-01.28.44:693][154]PIE: Error: Blueprint Runtime Error: "Accessed None trying to read property K2Node_DynamicCast_AsPeoncito". Blueprint:  BarraVIda Function:  Get Text 0 Graph:  GetText_0 Node:  Return Node
[2025.07.14-01.28.44:710][155]PIE: Error: Blueprint Runtime Error: "Accessed None trying to read property K2Node_DynamicCast_AsPeoncito". Blueprint:  BarraVIda Function:  Get Text 0 Graph:  GetText_0 Node:  Return Node
[2025.07.14-01.28.44:728][156]PIE: Error: Blueprint Runtime Error: "Accessed None trying to read property K2Node_DynamicCast_AsPeoncito". Blueprint:  BarraVIda Function:  Get Text 0 Graph:  GetText_0 Node:  Return Node
[2025.07.14-01.28.44:821][157]LogSlate: Updating window title bar state: overlay mode, drag disabled, window buttons hidden, title bar hidden
[2025.07.14-01.28.44:822][157]LogWorld: BeginTearingDown for /Game/ThirdPersonBP/Maps/UEDPIE_0_Perdiste_Level
[2025.07.14-01.28.44:822][157]LogWorld: UWorld::CleanupWorld for Perdiste_Level, bSessionEnded=true, bCleanupResources=true
[2025.07.14-01.28.44:823][157]LogSlate: InvalidateAllWidgets triggered.  All widgets were invalidated
[2025.07.14-01.28.44:833][157]LogPlayLevel: Display: Shutting down PIE online subsystems
[2025.07.14-01.28.44:855][157]LogSlate: InvalidateAllWidgets triggered.  All widgets were invalidated
[2025.07.14-01.28.44:878][157]LogSlate: Updating window title bar state: overlay mode, drag disabled, window buttons hidden, title bar hidden
[2025.07.14-01.28.44:878][157]LogAudioMixer: FMixerPlatformXAudio2::StopAudioStream() called
[2025.07.14-01.28.44:880][157]LogAudioMixer: FMixerPlatformXAudio2::StopAudioStream() called
[2025.07.14-01.28.44:887][157]LogUObjectHash: Compacting FUObjectHashTables data took   3.32ms
[2025.07.14-01.28.45:137][158]LogPlayLevel: Display: Destroying online subsystem :Context_33
[2025.07.14-01.28.46:641][209]LogSlate: Window 'Message Log' being destroyed
[2025.07.14-01.28.46:692][209]LogSlate: Window 'Message Log' being destroyed
[2025.07.14-01.28.47:344][233]LogTemp: Repeating last play command: Selected Viewport
[2025.07.14-01.28.47:383][233]LogPlayLevel: PlayLevel: No blueprints needed recompiling
[2025.07.14-01.28.47:383][233]PIE: New page: PIE session: ThirdPersonExampleMap (Jul 13, 2025, 7:28:47 PM)
[2025.07.14-01.28.47:383][233]LogPlayLevel: Creating play world package: /Game/ThirdPersonBP/Maps/UEDPIE_0_ThirdPersonExampleMap
[2025.07.14-01.28.47:415][233]LogPlayLevel: PIE: StaticDuplicateObject took: (0.031958s)
[2025.07.14-01.28.47:417][233]LogAIModule: Creating AISystem for world ThirdPersonExampleMap
[2025.07.14-01.28.47:417][233]LogPlayLevel: PIE: World Init took: (0.002193s)
[2025.07.14-01.28.47:418][233]LogPlayLevel: PIE: Created PIE world by copying editor world from /Game/ThirdPersonBP/Maps/ThirdPersonExampleMap.ThirdPersonExampleMap to /Game/ThirdPersonBP/Maps/UEDPIE_0_ThirdPersonExampleMap.ThirdPersonExampleMap (0.034543s)
[2025.07.14-01.28.47:471][233]LogUObjectHash: Compacting FUObjectHashTables data took   6.09ms
[2025.07.14-01.28.47:473][233]LogAudio: Display: Creating Audio Device:                 Id: 11, Scope: Unique, Realtime: True
[2025.07.14-01.28.47:473][233]LogAudioMixer: Display: Audio Mixer Platform Settings:
[2025.07.14-01.28.47:473][233]LogAudioMixer: Display: 	Sample Rate:						  48000
[2025.07.14-01.28.47:473][233]LogAudioMixer: Display: 	Callback Buffer Frame Size Requested: 1024
[2025.07.14-01.28.47:473][233]LogAudioMixer: Display: 	Callback Buffer Frame Size To Use:	  1024
[2025.07.14-01.28.47:473][233]LogAudioMixer: Display: 	Number of buffers to queue:			  2
[2025.07.14-01.28.47:473][233]LogAudioMixer: Display: 	Max Channels (voices):				  32
[2025.07.14-01.28.47:473][233]LogAudioMixer: Display: 	Number of Async Source Workers:		  0
[2025.07.14-01.28.47:474][233]LogAudio: Display: AudioDevice MaxSources: 32
[2025.07.14-01.28.47:474][233]LogAudio: Display: Audio Spatialization Plugin: None (built-in).
[2025.07.14-01.28.47:474][233]LogAudio: Display: Audio Reverb Plugin: None (built-in).
[2025.07.14-01.28.47:474][233]LogAudio: Display: Audio Occlusion Plugin: None (built-in).
[2025.07.14-01.28.47:474][233]LogAudioMixer: Display: Initializing audio mixer.
[2025.07.14-01.28.47:482][233]LogAudioMixer: Display: 0: FrontLeft
[2025.07.14-01.28.47:482][233]LogAudioMixer: Display: 1: FrontRight
[2025.07.14-01.28.47:509][233]LogAudioMixer: Display: Using Audio Device Headphones (SOUNDPEATS Mini HS Stereo)
[2025.07.14-01.28.47:510][233]LogAudioMixer: Display: Initializing Sound Submixes...
[2025.07.14-01.28.47:510][233]LogAudioMixer: Display: Creating Master Submix 'MasterSubmixDefault'
[2025.07.14-01.28.47:510][233]LogAudioMixer: Display: Creating Master Submix 'MasterReverbSubmixDefault'
[2025.07.14-01.28.47:510][233]LogAudioMixer: Display: Creating Master Submix 'MasterEQSubmixDefault'
[2025.07.14-01.28.47:511][233]LogAudioMixer: FMixerPlatformXAudio2::StartAudioStream() called
[2025.07.14-01.28.47:511][233]LogAudioMixer: Display: Output buffers initialized: Frames=1024, Channels=2, Samples=2048
[2025.07.14-01.28.47:512][233]LogAudioMixer: Display: Starting AudioMixerPlatformInterface::RunInternal()
[2025.07.14-01.28.47:512][233]LogAudioMixer: Display: FMixerPlatformXAudio2::SubmitBuffer() called for the first time
[2025.07.14-01.28.47:512][233]LogInit: FAudioDevice initialized.
[2025.07.14-01.28.47:512][233]LogAudio: Display: Audio Device (ID: 11) registered with world 'ThirdPersonExampleMap'.
[2025.07.14-01.28.47:523][233]LogLoad: Game class is 'ReglasJuego_C'
[2025.07.14-01.28.47:531][233]LogWorld: Bringing World /Game/ThirdPersonBP/Maps/UEDPIE_0_ThirdPersonExampleMap.ThirdPersonExampleMap up for play (max tick rate 60) at 2025.07.13-22.28.47
[2025.07.14-01.28.47:531][233]LogWorld: Bringing up level for play took: 0.007870
[2025.07.14-01.28.47:532][233]LogOnline: OSS: Creating online subsystem instance for: :Context_34
[2025.07.14-01.28.47:534][233]LogBlueprintUserMessages: [plataforma_2] Buenas buenas!
[2025.07.14-01.28.47:537][233]PIE: Server logged in
[2025.07.14-01.28.47:538][233]PIE: Play in editor total start time 0.177 seconds.
[2025.07.14-01.28.53:116][487]LogBlueprintUserMessages: [bala_C_16] El peoncito perdio 10 de vida!!!!
[2025.07.14-01.28.53:141][488]LogBlueprintUserMessages: [bala_C_16] El peoncito perdio 10 de vida!!!!
[2025.07.14-01.28.53:818][518]LogBlueprintUserMessages: [bala_C_16] Le reste 25 a la torreta
[2025.07.14-01.28.53:818][518]LogBlueprintUserMessages: [Torreta2_5] algo me ataveso!
[2025.07.14-01.28.54:188][534]LogBlueprintUserMessages: [bala_C_17] El peoncito perdio 10 de vida!!!!
[2025.07.14-01.28.54:190][534]LogBlueprintUserMessages: [bala_C_20] Le reste 25 a la torreta
[2025.07.14-01.28.54:190][534]LogBlueprintUserMessages: [Torreta2_5] algo me ataveso!
[2025.07.14-01.28.54:213][535]LogBlueprintUserMessages: [Torreta2_5] Torreta Destruida!
[2025.07.14-01.28.55:500][588]LogBlueprintUserMessages: [bala_C_17] Le reste 25 al bad fella
[2025.07.14-01.28.58:520][719]LogBlueprintUserMessages: [bala_C_28] El peoncito perdio 10 de vida!!!!
[2025.07.14-01.28.59:352][754]LogBlueprintUserMessages: [bala_C_39] Le reste 25 al bad fella
[2025.07.14-01.28.59:530][762]LogBlueprintUserMessages: [bala_C_29] El peoncito perdio 10 de vida!!!!
[2025.07.14-01.28.59:552][763]LogBlueprintUserMessages: [bala_C_29] El peoncito perdio 10 de vida!!!!
[2025.07.14-01.29.00:701][814]LogBlueprintUserMessages: [bala_C_38] El peoncito perdio 10 de vida!!!!
[2025.07.14-01.29.00:882][823]LogBlueprintUserMessages: [bala_C_40] Le reste 25 al bad fella
[2025.07.14-01.29.00:923][825]LogBlueprintUserMessages: [bala_C_44] Le reste 25 al bad fella
[2025.07.14-01.29.01:820][869]LogBlueprintUserMessages: [bala_C_42] Le reste 25 al bad fella
[2025.07.14-01.29.02:712][912]LogBlueprintUserMessages: [bala_C_48] El peoncito perdio 10 de vida!!!!
[2025.07.14-01.29.03:645][958]LogBlueprintUserMessages: [bala_C_46] El peoncito perdio 10 de vida!!!!
[2025.07.14-01.29.05:268][ 35]LogBlueprintUserMessages: [bala_C_53] Le reste 25 al bad fella
[2025.07.14-01.29.05:289][ 36]LogBlueprintUserMessages: [bad_fella_2] Bad fella  Destruido!
[2025.07.14-01.29.05:506][ 47]LogBlueprintUserMessages: [bala_C_52] El peoncito perdio 10 de vida!!!!
[2025.07.14-01.29.05:509][ 47]LogBlueprintUserMessages: [peoncito_2] El peoncito murio
[2025.07.14-01.29.05:509][ 47]LogBlueprintUserMessages: [ReglasJuego_C_0] Noo, perdiste!
[2025.07.14-01.29.05:513][ 47]LogScript: Warning: Accessed None trying to read property K2Node_DynamicCast_AsPeoncito
	BarraVIda_C /Engine/Transient.UnrealEdEngine_0:GameInstance_9.BarraVIda_C_0
	Function /Game/ThirdPersonBP/Blueprints/blueprints/BarraVIda.BarraVIda_C:GetText_0:0099
[2025.07.14-01.29.05:513][ 47]PIE: Error: Blueprint Runtime Error: "Accessed None trying to read property K2Node_DynamicCast_AsPeoncito". Blueprint:  BarraVIda Function:  Get Text 0 Graph:  GetText_0 Node:  Return Node
[2025.07.14-01.29.05:533][ 48]LogNet: Browse: /Game/ThirdPersonBP/Maps/Perdiste_Level
[2025.07.14-01.29.05:533][ 48]LogLoad: LoadMap: /Game/ThirdPersonBP/Maps/Perdiste_Level
[2025.07.14-01.29.05:533][ 48]LogWorld: BeginTearingDown for /Game/ThirdPersonBP/Maps/UEDPIE_0_ThirdPersonExampleMap
[2025.07.14-01.29.05:534][ 48]LogWorld: UWorld::CleanupWorld for ThirdPersonExampleMap, bSessionEnded=true, bCleanupResources=true
[2025.07.14-01.29.05:536][ 48]LogSlate: InvalidateAllWidgets triggered.  All widgets were invalidated
[2025.07.14-01.29.05:608][ 48]LogAudio: Display: Audio Device unregistered from world 'None'.
[2025.07.14-01.29.05:617][ 48]LogUObjectHash: Compacting FUObjectHashTables data took   5.58ms
[2025.07.14-01.29.05:654][ 48]LogAudio: Display: Audio Device (ID: 11) registered with world 'Perdiste_Level'.
[2025.07.14-01.29.05:656][ 48]LogAIModule: Creating AISystem for world Perdiste_Level
[2025.07.14-01.29.05:657][ 48]LogLoad: Game class is 'ReglasJuego_C'
[2025.07.14-01.29.05:722][ 48]LogWorld: Bringing World /Game/ThirdPersonBP/Maps/UEDPIE_0_Perdiste_Level.Perdiste_Level up for play (max tick rate 60) at 2025.07.13-22.29.05
[2025.07.14-01.29.05:723][ 48]LogWorld: Bringing up level for play took: 0.064003
[2025.07.14-01.29.05:723][ 48]LogGameMode: FindPlayerStart: PATHS NOT DEFINED or NO PLAYERSTART with positive rating
[2025.07.14-01.29.05:725][ 48]LogBlueprintUserMessages: [plataforma_2] Buenas buenas!
[2025.07.14-01.29.05:726][ 48]LogLoad: Took 0.193104 seconds to LoadMap(/Game/ThirdPersonBP/Maps/Perdiste_Level)
[2025.07.14-01.29.05:783][ 48]PIE: Error: Blueprint Runtime Error: "Accessed None trying to read property K2Node_DynamicCast_AsPeoncito". Blueprint:  BarraVIda Function:  Get Text 0 Graph:  GetText_0 Node:  Return Node
[2025.07.14-01.29.05:806][ 49]PIE: Error: Blueprint Runtime Error: "Accessed None trying to read property K2Node_DynamicCast_AsPeoncito". Blueprint:  BarraVIda Function:  Get Text 0 Graph:  GetText_0 Node:  Return Node
[2025.07.14-01.29.05:823][ 50]PIE: Error: Blueprint Runtime Error: "Accessed None trying to read property K2Node_DynamicCast_AsPeoncito". Blueprint:  BarraVIda Function:  Get Text 0 Graph:  GetText_0 Node:  Return Node
[2025.07.14-01.29.05:843][ 51]PIE: Error: Blueprint Runtime Error: "Accessed None trying to read property K2Node_DynamicCast_AsPeoncito". Blueprint:  BarraVIda Function:  Get Text 0 Graph:  GetText_0 Node:  Return Node
[2025.07.14-01.29.05:861][ 52]PIE: Error: Blueprint Runtime Error: "Accessed None trying to read property K2Node_DynamicCast_AsPeoncito". Blueprint:  BarraVIda Function:  Get Text 0 Graph:  GetText_0 Node:  Return Node
[2025.07.14-01.29.05:880][ 53]PIE: Error: Blueprint Runtime Error: "Accessed None trying to read property K2Node_DynamicCast_AsPeoncito". Blueprint:  BarraVIda Function:  Get Text 0 Graph:  GetText_0 Node:  Return Node
[2025.07.14-01.29.05:900][ 54]PIE: Error: Blueprint Runtime Error: "Accessed None trying to read property K2Node_DynamicCast_AsPeoncito". Blueprint:  BarraVIda Function:  Get Text 0 Graph:  GetText_0 Node:  Return Node
[2025.07.14-01.29.05:921][ 55]PIE: Error: Blueprint Runtime Error: "Accessed None trying to read property K2Node_DynamicCast_AsPeoncito". Blueprint:  BarraVIda Function:  Get Text 0 Graph:  GetText_0 Node:  Return Node
[2025.07.14-01.29.05:943][ 56]PIE: Error: Blueprint Runtime Error: "Accessed None trying to read property K2Node_DynamicCast_AsPeoncito". Blueprint:  BarraVIda Function:  Get Text 0 Graph:  GetText_0 Node:  Return Node
[2025.07.14-01.29.05:965][ 57]PIE: Error: Blueprint Runtime Error: "Accessed None trying to read property K2Node_DynamicCast_AsPeoncito". Blueprint:  BarraVIda Function:  Get Text 0 Graph:  GetText_0 Node:  Return Node
[2025.07.14-01.29.05:987][ 58]PIE: Error: Blueprint Runtime Error: "Accessed None trying to read property K2Node_DynamicCast_AsPeoncito". Blueprint:  BarraVIda Function:  Get Text 0 Graph:  GetText_0 Node:  Return Node
[2025.07.14-01.29.06:009][ 59]PIE: Error: Blueprint Runtime Error: "Accessed None trying to read property K2Node_DynamicCast_AsPeoncito". Blueprint:  BarraVIda Function:  Get Text 0 Graph:  GetText_0 Node:  Return Node
[2025.07.14-01.29.06:027][ 60]PIE: Error: Blueprint Runtime Error: "Accessed None trying to read property K2Node_DynamicCast_AsPeoncito". Blueprint:  BarraVIda Function:  Get Text 0 Graph:  GetText_0 Node:  Return Node
[2025.07.14-01.29.06:044][ 61]PIE: Error: Blueprint Runtime Error: "Accessed None trying to read property K2Node_DynamicCast_AsPeoncito". Blueprint:  BarraVIda Function:  Get Text 0 Graph:  GetText_0 Node:  Return Node
[2025.07.14-01.29.06:062][ 62]PIE: Error: Blueprint Runtime Error: "Accessed None trying to read property K2Node_DynamicCast_AsPeoncito". Blueprint:  BarraVIda Function:  Get Text 0 Graph:  GetText_0 Node:  Return Node
[2025.07.14-01.29.06:080][ 63]PIE: Error: Blueprint Runtime Error: "Accessed None trying to read property K2Node_DynamicCast_AsPeoncito". Blueprint:  BarraVIda Function:  Get Text 0 Graph:  GetText_0 Node:  Return Node
[2025.07.14-01.29.06:100][ 64]PIE: Error: Blueprint Runtime Error: "Accessed None trying to read property K2Node_DynamicCast_AsPeoncito". Blueprint:  BarraVIda Function:  Get Text 0 Graph:  GetText_0 Node:  Return Node
[2025.07.14-01.29.06:118][ 65]PIE: Error: Blueprint Runtime Error: "Accessed None trying to read property K2Node_DynamicCast_AsPeoncito". Blueprint:  BarraVIda Function:  Get Text 0 Graph:  GetText_0 Node:  Return Node
[2025.07.14-01.29.06:137][ 66]PIE: Error: Blueprint Runtime Error: "Accessed None trying to read property K2Node_DynamicCast_AsPeoncito". Blueprint:  BarraVIda Function:  Get Text 0 Graph:  GetText_0 Node:  Return Node
[2025.07.14-01.29.06:153][ 67]PIE: Error: Blueprint Runtime Error: "Accessed None trying to read property K2Node_DynamicCast_AsPeoncito". Blueprint:  BarraVIda Function:  Get Text 0 Graph:  GetText_0 Node:  Return Node
[2025.07.14-01.29.06:170][ 68]PIE: Error: Blueprint Runtime Error: "Accessed None trying to read property K2Node_DynamicCast_AsPeoncito". Blueprint:  BarraVIda Function:  Get Text 0 Graph:  GetText_0 Node:  Return Node
[2025.07.14-01.29.06:192][ 69]PIE: Error: Blueprint Runtime Error: "Accessed None trying to read property K2Node_DynamicCast_AsPeoncito". Blueprint:  BarraVIda Function:  Get Text 0 Graph:  GetText_0 Node:  Return Node
[2025.07.14-01.29.06:213][ 70]PIE: Error: Blueprint Runtime Error: "Accessed None trying to read property K2Node_DynamicCast_AsPeoncito". Blueprint:  BarraVIda Function:  Get Text 0 Graph:  GetText_0 Node:  Return Node
[2025.07.14-01.29.06:233][ 71]PIE: Error: Blueprint Runtime Error: "Accessed None trying to read property K2Node_DynamicCast_AsPeoncito". Blueprint:  BarraVIda Function:  Get Text 0 Graph:  GetText_0 Node:  Return Node
[2025.07.14-01.29.06:255][ 72]PIE: Error: Blueprint Runtime Error: "Accessed None trying to read property K2Node_DynamicCast_AsPeoncito". Blueprint:  BarraVIda Function:  Get Text 0 Graph:  GetText_0 Node:  Return Node
[2025.07.14-01.29.06:274][ 73]PIE: Error: Blueprint Runtime Error: "Accessed None trying to read property K2Node_DynamicCast_AsPeoncito". Blueprint:  BarraVIda Function:  Get Text 0 Graph:  GetText_0 Node:  Return Node
[2025.07.14-01.29.06:292][ 74]PIE: Error: Blueprint Runtime Error: "Accessed None trying to read property K2Node_DynamicCast_AsPeoncito". Blueprint:  BarraVIda Function:  Get Text 0 Graph:  GetText_0 Node:  Return Node
[2025.07.14-01.29.06:310][ 75]PIE: Error: Blueprint Runtime Error: "Accessed None trying to read property K2Node_DynamicCast_AsPeoncito". Blueprint:  BarraVIda Function:  Get Text 0 Graph:  GetText_0 Node:  Return Node
[2025.07.14-01.29.06:327][ 76]PIE: Error: Blueprint Runtime Error: "Accessed None trying to read property K2Node_DynamicCast_AsPeoncito". Blueprint:  BarraVIda Function:  Get Text 0 Graph:  GetText_0 Node:  Return Node
[2025.07.14-01.29.06:346][ 77]PIE: Error: Blueprint Runtime Error: "Accessed None trying to read property K2Node_DynamicCast_AsPeoncito". Blueprint:  BarraVIda Function:  Get Text 0 Graph:  GetText_0 Node:  Return Node
[2025.07.14-01.29.06:451][ 78]LogSlate: Updating window title bar state: overlay mode, drag disabled, window buttons hidden, title bar hidden
[2025.07.14-01.29.06:451][ 78]LogWorld: BeginTearingDown for /Game/ThirdPersonBP/Maps/UEDPIE_0_Perdiste_Level
[2025.07.14-01.29.06:452][ 78]LogWorld: UWorld::CleanupWorld for Perdiste_Level, bSessionEnded=true, bCleanupResources=true
[2025.07.14-01.29.06:454][ 78]LogSlate: InvalidateAllWidgets triggered.  All widgets were invalidated
[2025.07.14-01.29.06:470][ 78]LogPlayLevel: Display: Shutting down PIE online subsystems
[2025.07.14-01.29.06:502][ 78]LogSlate: InvalidateAllWidgets triggered.  All widgets were invalidated
[2025.07.14-01.29.06:525][ 78]LogSlate: Updating window title bar state: overlay mode, drag disabled, window buttons hidden, title bar hidden
[2025.07.14-01.29.06:525][ 78]LogAudioMixer: FMixerPlatformXAudio2::StopAudioStream() called
[2025.07.14-01.29.06:527][ 78]LogAudioMixer: FMixerPlatformXAudio2::StopAudioStream() called
[2025.07.14-01.29.06:533][ 78]LogUObjectHash: Compacting FUObjectHashTables data took   2.98ms
[2025.07.14-01.29.06:778][ 79]LogPlayLevel: Display: Destroying online subsystem :Context_34
[2025.07.14-01.29.08:147][123]LogSlate: Window 'Message Log' being destroyed
[2025.07.14-01.29.08:190][123]LogSlate: Window 'Message Log' being destroyed
[2025.07.14-01.29.08:828][148]LogTemp: Repeating last play command: Selected Viewport
[2025.07.14-01.29.08:858][148]LogPlayLevel: PlayLevel: No blueprints needed recompiling
[2025.07.14-01.29.08:859][148]PIE: New page: PIE session: ThirdPersonExampleMap (Jul 13, 2025, 7:29:08 PM)
[2025.07.14-01.29.08:889][148]LogPlayLevel: Creating play world package: /Game/ThirdPersonBP/Maps/UEDPIE_0_ThirdPersonExampleMap
[2025.07.14-01.29.08:925][148]LogPlayLevel: PIE: StaticDuplicateObject took: (0.036257s)
[2025.07.14-01.29.08:926][148]LogAIModule: Creating AISystem for world ThirdPersonExampleMap
[2025.07.14-01.29.08:927][148]LogPlayLevel: PIE: World Init took: (0.001343s)
[2025.07.14-01.29.08:927][148]LogPlayLevel: PIE: Created PIE world by copying editor world from /Game/ThirdPersonBP/Maps/ThirdPersonExampleMap.ThirdPersonExampleMap to /Game/ThirdPersonBP/Maps/UEDPIE_0_ThirdPersonExampleMap.ThirdPersonExampleMap (0.037956s)
[2025.07.14-01.29.08:958][148]LogUObjectHash: Compacting FUObjectHashTables data took   3.87ms
[2025.07.14-01.29.08:959][148]LogAudio: Display: Creating Audio Device:                 Id: 12, Scope: Unique, Realtime: True
[2025.07.14-01.29.08:959][148]LogAudioMixer: Display: Audio Mixer Platform Settings:
[2025.07.14-01.29.08:959][148]LogAudioMixer: Display: 	Sample Rate:						  48000
[2025.07.14-01.29.08:959][148]LogAudioMixer: Display: 	Callback Buffer Frame Size Requested: 1024
[2025.07.14-01.29.08:959][148]LogAudioMixer: Display: 	Callback Buffer Frame Size To Use:	  1024
[2025.07.14-01.29.08:959][148]LogAudioMixer: Display: 	Number of buffers to queue:			  2
[2025.07.14-01.29.08:959][148]LogAudioMixer: Display: 	Max Channels (voices):				  32
[2025.07.14-01.29.08:959][148]LogAudioMixer: Display: 	Number of Async Source Workers:		  0
[2025.07.14-01.29.08:959][148]LogAudio: Display: AudioDevice MaxSources: 32
[2025.07.14-01.29.08:960][148]LogAudio: Display: Audio Spatialization Plugin: None (built-in).
[2025.07.14-01.29.08:960][148]LogAudio: Display: Audio Reverb Plugin: None (built-in).
[2025.07.14-01.29.08:960][148]LogAudio: Display: Audio Occlusion Plugin: None (built-in).
[2025.07.14-01.29.08:960][148]LogAudioMixer: Display: Initializing audio mixer.
[2025.07.14-01.29.08:966][148]LogAudioMixer: Display: 0: FrontLeft
[2025.07.14-01.29.08:966][148]LogAudioMixer: Display: 1: FrontRight
[2025.07.14-01.29.08:991][148]LogAudioMixer: Display: Using Audio Device Headphones (SOUNDPEATS Mini HS Stereo)
[2025.07.14-01.29.08:991][148]LogAudioMixer: Display: Initializing Sound Submixes...
[2025.07.14-01.29.08:991][148]LogAudioMixer: Display: Creating Master Submix 'MasterSubmixDefault'
[2025.07.14-01.29.08:991][148]LogAudioMixer: Display: Creating Master Submix 'MasterReverbSubmixDefault'
[2025.07.14-01.29.08:992][148]LogAudioMixer: Display: Creating Master Submix 'MasterEQSubmixDefault'
[2025.07.14-01.29.08:992][148]LogAudioMixer: FMixerPlatformXAudio2::StartAudioStream() called
[2025.07.14-01.29.08:992][148]LogAudioMixer: Display: Output buffers initialized: Frames=1024, Channels=2, Samples=2048
[2025.07.14-01.29.08:994][148]LogAudioMixer: Display: Starting AudioMixerPlatformInterface::RunInternal()
[2025.07.14-01.29.08:994][148]LogAudioMixer: Display: FMixerPlatformXAudio2::SubmitBuffer() called for the first time
[2025.07.14-01.29.08:994][148]LogInit: FAudioDevice initialized.
[2025.07.14-01.29.08:994][148]LogAudio: Display: Audio Device (ID: 12) registered with world 'ThirdPersonExampleMap'.
[2025.07.14-01.29.09:005][148]LogLoad: Game class is 'ReglasJuego_C'
[2025.07.14-01.29.09:017][148]LogWorld: Bringing World /Game/ThirdPersonBP/Maps/UEDPIE_0_ThirdPersonExampleMap.ThirdPersonExampleMap up for play (max tick rate 60) at 2025.07.13-22.29.09
[2025.07.14-01.29.09:017][148]LogWorld: Bringing up level for play took: 0.009546
[2025.07.14-01.29.09:018][148]LogOnline: OSS: Creating online subsystem instance for: :Context_35
[2025.07.14-01.29.09:021][148]LogBlueprintUserMessages: [plataforma_2] Buenas buenas!
[2025.07.14-01.29.09:024][148]PIE: Server logged in
[2025.07.14-01.29.09:025][148]PIE: Play in editor total start time 0.183 seconds.
[2025.07.14-01.29.14:565][419]LogBlueprintUserMessages: [bala_C_8] El peoncito perdio 10 de vida!!!!
[2025.07.14-01.29.14:812][429]LogBlueprintUserMessages: [bala_C_8] El peoncito perdio 10 de vida!!!!
[2025.07.14-01.29.14:839][430]LogBlueprintUserMessages: [bala_C_12] Le reste 25 al bad fella
[2025.07.14-01.29.15:254][450]LogBlueprintUserMessages: [bala_C_10] Le reste 50 al bad guy
[2025.07.14-01.29.15:646][469]LogBlueprintUserMessages: [bala_C_15] Le reste 50 al bad guy
[2025.07.14-01.29.15:670][470]LogBlueprintUserMessages: [bad_guy2_2] Bad guy  Destruido!
[2025.07.14-01.29.15:852][477]LogBlueprintUserMessages: [bala_C_7] El peoncito perdio 10 de vida!!!!
[2025.07.14-01.29.17:991][579]LogBlueprintUserMessages: [bala_C_14] El peoncito perdio 10 de vida!!!!
[2025.07.14-01.29.18:188][589]LogBlueprintUserMessages: [bala_C_12] El peoncito perdio 10 de vida!!!!
[2025.07.14-01.29.20:863][705]LogBlueprintUserMessages: [bala_C_25] Le reste 25 al bad fella
[2025.07.14-01.29.20:865][705]LogBlueprintUserMessages: [bala_C_26] Le reste 25 al bad fella
[2025.07.14-01.29.21:014][710]LogBlueprintUserMessages: [bala_C_24] Le reste 25 a la torreta
[2025.07.14-01.29.21:015][710]LogBlueprintUserMessages: [Torreta_2] algo me ataveso!
[2025.07.14-01.29.21:659][738]LogBlueprintUserMessages: [bala_C_28] Le reste 25 a la torreta
[2025.07.14-01.29.21:659][738]LogBlueprintUserMessages: [Torreta_2] algo me ataveso!
[2025.07.14-01.29.21:682][739]LogBlueprintUserMessages: [Torreta_2] Torreta Destruida!
[2025.07.14-01.29.23:192][808]LogBlueprintUserMessages: [bala_C_26] El peoncito perdio 10 de vida!!!!
[2025.07.14-01.29.25:516][917]LogBlueprintUserMessages: [bala_C_36] Le reste 25 a la torreta
[2025.07.14-01.29.25:516][917]LogBlueprintUserMessages: [Torreta2_5] algo me ataveso!
[2025.07.14-01.29.25:984][937]LogBlueprintUserMessages: [bala_C_37] Le reste 25 a la torreta
[2025.07.14-01.29.25:984][937]LogBlueprintUserMessages: [Torreta2_5] algo me ataveso!
[2025.07.14-01.29.26:008][938]LogBlueprintUserMessages: [Torreta2_5] Torreta Destruida!
[2025.07.14-01.29.26:880][976]LogBlueprintUserMessages: [bala_C_42] Le reste 25 al bad fella
[2025.07.14-01.29.26:881][976]LogBlueprintUserMessages: [bala_C_43] Le reste 25 al bad fella
[2025.07.14-01.29.29:213][ 76]LogBlueprintUserMessages: [bala_C_39] El peoncito perdio 10 de vida!!!!
[2025.07.14-01.29.30:387][124]LogBlueprintUserMessages: [bala_C_44] Le reste 25 al bad fella
[2025.07.14-01.29.31:092][153]LogBlueprintUserMessages: [bala_C_47] El peoncito perdio 10 de vida!!!!
[2025.07.14-01.29.32:914][231]LogBlueprintUserMessages: [bala_C_56] Le reste 25 al bad fella
[2025.07.14-01.29.32:938][232]LogBlueprintUserMessages: [bad_fella_2] Bad fella  Destruido!
[2025.07.14-01.29.39:426][551]LogBlueprintUserMessages: [Curador_2] Le di vida al peoncito! ahora tiene:
[2025.07.14-01.29.39:426][551]LogBlueprintUserMessages: [Curador_2] 20.0
[2025.07.14-01.29.39:426][551]LogBlueprintUserMessages: [Curador_2] El curador ya curo las siguientes veces:
[2025.07.14-01.29.39:426][551]LogBlueprintUserMessages: [Curador_2] 1.0
[2025.07.14-01.29.39:427][551]LogBlueprintUserMessages: [Balaza_C_16] Le reste 30 al peoncito
[2025.07.14-01.29.40:879][624]LogBlueprintUserMessages: [Curador_2] Le di vida al peoncito! ahora tiene:
[2025.07.14-01.29.40:879][624]LogBlueprintUserMessages: [Curador_2] 10.0
[2025.07.14-01.29.40:879][624]LogBlueprintUserMessages: [Curador_2] El curador ya curo las siguientes veces:
[2025.07.14-01.29.40:879][624]LogBlueprintUserMessages: [Curador_2] 2.0
[2025.07.14-01.29.42:529][706]LogBlueprintUserMessages: [ReglasJuego_C_0] El puntaje subio!
[2025.07.14-01.29.42:529][706]LogBlueprintUserMessages: [ReglasJuego_C_0] 2
[2025.07.14-01.29.42:912][724]LogBlueprintUserMessages: [Curador_2] Le di vida al peoncito! ahora tiene:
[2025.07.14-01.29.42:912][724]LogBlueprintUserMessages: [Curador_2] 30.0
[2025.07.14-01.29.42:912][724]LogBlueprintUserMessages: [Curador_2] El curador ya curo las siguientes veces:
[2025.07.14-01.29.42:912][724]LogBlueprintUserMessages: [Curador_2] 3.0
[2025.07.14-01.29.43:605][759]LogBlueprintUserMessages: [Curador_2] Le di vida al peoncito! ahora tiene:
[2025.07.14-01.29.43:605][759]LogBlueprintUserMessages: [Curador_2] 50.0
[2025.07.14-01.29.43:605][759]LogBlueprintUserMessages: [Curador_2] El curador ya curo las siguientes veces:
[2025.07.14-01.29.43:605][759]LogBlueprintUserMessages: [Curador_2] 4.0
[2025.07.14-01.29.45:159][834]LogBlueprintUserMessages: [bala_C_68] El peoncito perdio 10 de vida!!!!
[2025.07.14-01.29.45:205][836]LogBlueprintUserMessages: [bala_C_67] El peoncito perdio 10 de vida!!!!
[2025.07.14-01.29.45:226][837]LogBlueprintUserMessages: [bala_C_68] El peoncito perdio 10 de vida!!!!
[2025.07.14-01.29.46:181][883]LogBlueprintUserMessages: [Curador_2] Le di vida al peoncito! ahora tiene:
[2025.07.14-01.29.46:181][883]LogBlueprintUserMessages: [Curador_2] 40.0
[2025.07.14-01.29.46:181][883]LogBlueprintUserMessages: [Curador_2] El curador ya curo las siguientes veces:
[2025.07.14-01.29.46:181][883]LogBlueprintUserMessages: [Curador_2] 5.0
[2025.07.14-01.29.46:721][909]LogBlueprintUserMessages: [Curador_2] Le di vida al peoncito! ahora tiene:
[2025.07.14-01.29.46:721][909]LogBlueprintUserMessages: [Curador_2] 60.0
[2025.07.14-01.29.46:721][909]LogBlueprintUserMessages: [Curador_2] El curador ya curo las siguientes veces:
[2025.07.14-01.29.46:721][909]LogBlueprintUserMessages: [Curador_2] 6.0
[2025.07.14-01.29.49:679][ 55]LogBlueprintUserMessages: [bala_C_74] El peoncito perdio 10 de vida!!!!
[2025.07.14-01.29.50:251][ 82]LogBlueprintUserMessages: [bala_C_75] El peoncito perdio 10 de vida!!!!
[2025.07.14-01.29.50:930][115]LogBlueprintUserMessages: [bala_C_76] El peoncito perdio 10 de vida!!!!
[2025.07.14-01.29.51:134][125]LogBlueprintUserMessages: [bala_C_77] Le reste 50 al bad guy
[2025.07.14-01.29.51:315][133]LogBlueprintUserMessages: [bala_C_78] Le reste 50 al bad guy
[2025.07.14-01.29.51:315][133]LogBlueprintUserMessages: [bad_guy_5] Bad guy  Destruido!
[2025.07.14-01.29.51:315][133]LogScript: Warning: FLatentActionManager::ProcessLatentActions: CallbackTarget is None.
[2025.07.14-01.29.55:302][323]LogBlueprintUserMessages: [bala_C_82] Le reste 25 a la torreta
[2025.07.14-01.29.55:302][323]LogBlueprintUserMessages: [Torreta3_2] algo me ataveso!
[2025.07.14-01.29.55:701][343]LogBlueprintUserMessages: [bala_C_83] Le reste 25 a la torreta
[2025.07.14-01.29.55:701][343]LogBlueprintUserMessages: [Torreta3_2] algo me ataveso!
[2025.07.14-01.29.55:721][344]LogBlueprintUserMessages: [Torreta3_2] Torreta Destruida!
[2025.07.14-01.29.55:876][350]LogBlueprintUserMessages: [bala_C_85] El peoncito perdio 10 de vida!!!!
[2025.07.14-01.29.55:900][351]LogBlueprintUserMessages: [bala_C_85] El peoncito perdio 10 de vida!!!!
[2025.07.14-01.29.55:923][352]LogBlueprintUserMessages: [bala_C_85] El peoncito perdio 10 de vida!!!!
[2025.07.14-01.29.55:950][353]LogBlueprintUserMessages: [bala_C_85] El peoncito perdio 10 de vida!!!!
[2025.07.14-01.29.55:974][354]LogBlueprintUserMessages: [bala_C_85] El peoncito perdio 10 de vida!!!!
[2025.07.14-01.29.55:976][354]LogBlueprintUserMessages: [peoncito_2] El peoncito murio
[2025.07.14-01.29.55:976][354]LogBlueprintUserMessages: [ReglasJuego_C_0] Noo, perdiste!
[2025.07.14-01.29.55:980][354]LogScript: Warning: Accessed None trying to read property K2Node_DynamicCast_AsPeoncito
	BarraVIda_C /Engine/Transient.UnrealEdEngine_0:GameInstance_10.BarraVIda_C_0
	Function /Game/ThirdPersonBP/Blueprints/blueprints/BarraVIda.BarraVIda_C:GetText_0:0099
[2025.07.14-01.29.55:982][354]PIE: Error: Blueprint Runtime Error: "Accessed None trying to read property K2Node_DynamicCast_AsPeoncito". Blueprint:  BarraVIda Function:  Get Text 0 Graph:  GetText_0 Node:  Return Node
[2025.07.14-01.29.55:998][355]LogNet: Browse: /Game/ThirdPersonBP/Maps/Perdiste_Level
[2025.07.14-01.29.55:999][355]LogLoad: LoadMap: /Game/ThirdPersonBP/Maps/Perdiste_Level
[2025.07.14-01.29.55:999][355]LogWorld: BeginTearingDown for /Game/ThirdPersonBP/Maps/UEDPIE_0_ThirdPersonExampleMap
[2025.07.14-01.29.55:999][355]LogWorld: UWorld::CleanupWorld for ThirdPersonExampleMap, bSessionEnded=true, bCleanupResources=true
[2025.07.14-01.29.56:002][355]LogSlate: InvalidateAllWidgets triggered.  All widgets were invalidated
[2025.07.14-01.29.56:074][355]LogAudio: Display: Audio Device unregistered from world 'None'.
[2025.07.14-01.29.56:079][355]LogUObjectHash: Compacting FUObjectHashTables data took   3.11ms
[2025.07.14-01.29.56:104][355]LogAudio: Display: Audio Device (ID: 12) registered with world 'Perdiste_Level'.
[2025.07.14-01.29.56:105][355]LogAIModule: Creating AISystem for world Perdiste_Level
[2025.07.14-01.29.56:106][355]LogLoad: Game class is 'ReglasJuego_C'
[2025.07.14-01.29.56:171][355]LogWorld: Bringing World /Game/ThirdPersonBP/Maps/UEDPIE_0_Perdiste_Level.Perdiste_Level up for play (max tick rate 60) at 2025.07.13-22.29.56
[2025.07.14-01.29.56:171][355]LogWorld: Bringing up level for play took: 0.064851
[2025.07.14-01.29.56:172][355]LogGameMode: FindPlayerStart: PATHS NOT DEFINED or NO PLAYERSTART with positive rating
[2025.07.14-01.29.56:174][355]LogBlueprintUserMessages: [plataforma_2] Buenas buenas!
[2025.07.14-01.29.56:175][355]LogLoad: Took 0.176939 seconds to LoadMap(/Game/ThirdPersonBP/Maps/Perdiste_Level)
[2025.07.14-01.29.56:239][355]PIE: Error: Blueprint Runtime Error: "Accessed None trying to read property K2Node_DynamicCast_AsPeoncito". Blueprint:  BarraVIda Function:  Get Text 0 Graph:  GetText_0 Node:  Return Node
[2025.07.14-01.29.56:266][356]PIE: Error: Blueprint Runtime Error: "Accessed None trying to read property K2Node_DynamicCast_AsPeoncito". Blueprint:  BarraVIda Function:  Get Text 0 Graph:  GetText_0 Node:  Return Node
[2025.07.14-01.29.56:284][357]PIE: Error: Blueprint Runtime Error: "Accessed None trying to read property K2Node_DynamicCast_AsPeoncito". Blueprint:  BarraVIda Function:  Get Text 0 Graph:  GetText_0 Node:  Return Node
[2025.07.14-01.29.56:304][358]PIE: Error: Blueprint Runtime Error: "Accessed None trying to read property K2Node_DynamicCast_AsPeoncito". Blueprint:  BarraVIda Function:  Get Text 0 Graph:  GetText_0 Node:  Return Node
[2025.07.14-01.29.56:331][359]PIE: Error: Blueprint Runtime Error: "Accessed None trying to read property K2Node_DynamicCast_AsPeoncito". Blueprint:  BarraVIda Function:  Get Text 0 Graph:  GetText_0 Node:  Return Node
[2025.07.14-01.29.56:357][360]PIE: Error: Blueprint Runtime Error: "Accessed None trying to read property K2Node_DynamicCast_AsPeoncito". Blueprint:  BarraVIda Function:  Get Text 0 Graph:  GetText_0 Node:  Return Node
[2025.07.14-01.29.56:379][361]PIE: Error: Blueprint Runtime Error: "Accessed None trying to read property K2Node_DynamicCast_AsPeoncito". Blueprint:  BarraVIda Function:  Get Text 0 Graph:  GetText_0 Node:  Return Node
[2025.07.14-01.29.56:399][362]PIE: Error: Blueprint Runtime Error: "Accessed None trying to read property K2Node_DynamicCast_AsPeoncito". Blueprint:  BarraVIda Function:  Get Text 0 Graph:  GetText_0 Node:  Return Node
[2025.07.14-01.29.56:419][363]PIE: Error: Blueprint Runtime Error: "Accessed None trying to read property K2Node_DynamicCast_AsPeoncito". Blueprint:  BarraVIda Function:  Get Text 0 Graph:  GetText_0 Node:  Return Node
[2025.07.14-01.29.56:440][364]PIE: Error: Blueprint Runtime Error: "Accessed None trying to read property K2Node_DynamicCast_AsPeoncito". Blueprint:  BarraVIda Function:  Get Text 0 Graph:  GetText_0 Node:  Return Node
[2025.07.14-01.29.56:461][365]PIE: Error: Blueprint Runtime Error: "Accessed None trying to read property K2Node_DynamicCast_AsPeoncito". Blueprint:  BarraVIda Function:  Get Text 0 Graph:  GetText_0 Node:  Return Node
[2025.07.14-01.29.56:482][366]PIE: Error: Blueprint Runtime Error: "Accessed None trying to read property K2Node_DynamicCast_AsPeoncito". Blueprint:  BarraVIda Function:  Get Text 0 Graph:  GetText_0 Node:  Return Node
[2025.07.14-01.29.56:503][367]PIE: Error: Blueprint Runtime Error: "Accessed None trying to read property K2Node_DynamicCast_AsPeoncito". Blueprint:  BarraVIda Function:  Get Text 0 Graph:  GetText_0 Node:  Return Node
[2025.07.14-01.29.56:524][368]PIE: Error: Blueprint Runtime Error: "Accessed None trying to read property K2Node_DynamicCast_AsPeoncito". Blueprint:  BarraVIda Function:  Get Text 0 Graph:  GetText_0 Node:  Return Node
[2025.07.14-01.29.56:543][369]PIE: Error: Blueprint Runtime Error: "Accessed None trying to read property K2Node_DynamicCast_AsPeoncito". Blueprint:  BarraVIda Function:  Get Text 0 Graph:  GetText_0 Node:  Return Node
[2025.07.14-01.29.56:561][370]PIE: Error: Blueprint Runtime Error: "Accessed None trying to read property K2Node_DynamicCast_AsPeoncito". Blueprint:  BarraVIda Function:  Get Text 0 Graph:  GetText_0 Node:  Return Node
[2025.07.14-01.29.56:579][371]PIE: Error: Blueprint Runtime Error: "Accessed None trying to read property K2Node_DynamicCast_AsPeoncito". Blueprint:  BarraVIda Function:  Get Text 0 Graph:  GetText_0 Node:  Return Node
[2025.07.14-01.29.56:596][372]PIE: Error: Blueprint Runtime Error: "Accessed None trying to read property K2Node_DynamicCast_AsPeoncito". Blueprint:  BarraVIda Function:  Get Text 0 Graph:  GetText_0 Node:  Return Node
[2025.07.14-01.29.56:614][373]PIE: Error: Blueprint Runtime Error: "Accessed None trying to read property K2Node_DynamicCast_AsPeoncito". Blueprint:  BarraVIda Function:  Get Text 0 Graph:  GetText_0 Node:  Return Node
[2025.07.14-01.29.56:634][374]PIE: Error: Blueprint Runtime Error: "Accessed None trying to read property K2Node_DynamicCast_AsPeoncito". Blueprint:  BarraVIda Function:  Get Text 0 Graph:  GetText_0 Node:  Return Node
[2025.07.14-01.29.56:652][375]PIE: Error: Blueprint Runtime Error: "Accessed None trying to read property K2Node_DynamicCast_AsPeoncito". Blueprint:  BarraVIda Function:  Get Text 0 Graph:  GetText_0 Node:  Return Node
[2025.07.14-01.29.56:672][376]PIE: Error: Blueprint Runtime Error: "Accessed None trying to read property K2Node_DynamicCast_AsPeoncito". Blueprint:  BarraVIda Function:  Get Text 0 Graph:  GetText_0 Node:  Return Node
[2025.07.14-01.29.56:692][377]PIE: Error: Blueprint Runtime Error: "Accessed None trying to read property K2Node_DynamicCast_AsPeoncito". Blueprint:  BarraVIda Function:  Get Text 0 Graph:  GetText_0 Node:  Return Node
[2025.07.14-01.29.56:710][378]PIE: Error: Blueprint Runtime Error: "Accessed None trying to read property K2Node_DynamicCast_AsPeoncito". Blueprint:  BarraVIda Function:  Get Text 0 Graph:  GetText_0 Node:  Return Node
[2025.07.14-01.29.56:726][379]PIE: Error: Blueprint Runtime Error: "Accessed None trying to read property K2Node_DynamicCast_AsPeoncito". Blueprint:  BarraVIda Function:  Get Text 0 Graph:  GetText_0 Node:  Return Node
[2025.07.14-01.29.56:743][380]PIE: Error: Blueprint Runtime Error: "Accessed None trying to read property K2Node_DynamicCast_AsPeoncito". Blueprint:  BarraVIda Function:  Get Text 0 Graph:  GetText_0 Node:  Return Node
[2025.07.14-01.29.56:760][381]PIE: Error: Blueprint Runtime Error: "Accessed None trying to read property K2Node_DynamicCast_AsPeoncito". Blueprint:  BarraVIda Function:  Get Text 0 Graph:  GetText_0 Node:  Return Node
[2025.07.14-01.29.56:777][382]PIE: Error: Blueprint Runtime Error: "Accessed None trying to read property K2Node_DynamicCast_AsPeoncito". Blueprint:  BarraVIda Function:  Get Text 0 Graph:  GetText_0 Node:  Return Node
[2025.07.14-01.29.56:793][383]PIE: Error: Blueprint Runtime Error: "Accessed None trying to read property K2Node_DynamicCast_AsPeoncito". Blueprint:  BarraVIda Function:  Get Text 0 Graph:  GetText_0 Node:  Return Node
[2025.07.14-01.29.56:809][384]PIE: Error: Blueprint Runtime Error: "Accessed None trying to read property K2Node_DynamicCast_AsPeoncito". Blueprint:  BarraVIda Function:  Get Text 0 Graph:  GetText_0 Node:  Return Node
[2025.07.14-01.29.56:826][385]PIE: Error: Blueprint Runtime Error: "Accessed None trying to read property K2Node_DynamicCast_AsPeoncito". Blueprint:  BarraVIda Function:  Get Text 0 Graph:  GetText_0 Node:  Return Node
[2025.07.14-01.29.56:843][386]PIE: Error: Blueprint Runtime Error: "Accessed None trying to read property K2Node_DynamicCast_AsPeoncito". Blueprint:  BarraVIda Function:  Get Text 0 Graph:  GetText_0 Node:  Return Node
[2025.07.14-01.29.56:861][387]PIE: Error: Blueprint Runtime Error: "Accessed None trying to read property K2Node_DynamicCast_AsPeoncito". Blueprint:  BarraVIda Function:  Get Text 0 Graph:  GetText_0 Node:  Return Node
[2025.07.14-01.29.56:879][388]PIE: Error: Blueprint Runtime Error: "Accessed None trying to read property K2Node_DynamicCast_AsPeoncito". Blueprint:  BarraVIda Function:  Get Text 0 Graph:  GetText_0 Node:  Return Node
[2025.07.14-01.29.56:898][389]PIE: Error: Blueprint Runtime Error: "Accessed None trying to read property K2Node_DynamicCast_AsPeoncito". Blueprint:  BarraVIda Function:  Get Text 0 Graph:  GetText_0 Node:  Return Node
[2025.07.14-01.29.56:917][390]PIE: Error: Blueprint Runtime Error: "Accessed None trying to read property K2Node_DynamicCast_AsPeoncito". Blueprint:  BarraVIda Function:  Get Text 0 Graph:  GetText_0 Node:  Return Node
[2025.07.14-01.29.56:935][391]PIE: Error: Blueprint Runtime Error: "Accessed None trying to read property K2Node_DynamicCast_AsPeoncito". Blueprint:  BarraVIda Function:  Get Text 0 Graph:  GetText_0 Node:  Return Node
[2025.07.14-01.29.56:954][392]PIE: Error: Blueprint Runtime Error: "Accessed None trying to read property K2Node_DynamicCast_AsPeoncito". Blueprint:  BarraVIda Function:  Get Text 0 Graph:  GetText_0 Node:  Return Node
[2025.07.14-01.29.56:972][393]PIE: Error: Blueprint Runtime Error: "Accessed None trying to read property K2Node_DynamicCast_AsPeoncito". Blueprint:  BarraVIda Function:  Get Text 0 Graph:  GetText_0 Node:  Return Node
[2025.07.14-01.29.56:992][394]PIE: Error: Blueprint Runtime Error: "Accessed None trying to read property K2Node_DynamicCast_AsPeoncito". Blueprint:  BarraVIda Function:  Get Text 0 Graph:  GetText_0 Node:  Return Node
[2025.07.14-01.29.57:010][395]PIE: Error: Blueprint Runtime Error: "Accessed None trying to read property K2Node_DynamicCast_AsPeoncito". Blueprint:  BarraVIda Function:  Get Text 0 Graph:  GetText_0 Node:  Return Node
[2025.07.14-01.29.57:026][396]PIE: Error: Blueprint Runtime Error: "Accessed None trying to read property K2Node_DynamicCast_AsPeoncito". Blueprint:  BarraVIda Function:  Get Text 0 Graph:  GetText_0 Node:  Return Node
[2025.07.14-01.29.57:044][397]PIE: Error: Blueprint Runtime Error: "Accessed None trying to read property K2Node_DynamicCast_AsPeoncito". Blueprint:  BarraVIda Function:  Get Text 0 Graph:  GetText_0 Node:  Return Node
[2025.07.14-01.29.57:060][398]PIE: Error: Blueprint Runtime Error: "Accessed None trying to read property K2Node_DynamicCast_AsPeoncito". Blueprint:  BarraVIda Function:  Get Text 0 Graph:  GetText_0 Node:  Return Node
[2025.07.14-01.29.57:076][399]PIE: Error: Blueprint Runtime Error: "Accessed None trying to read property K2Node_DynamicCast_AsPeoncito". Blueprint:  BarraVIda Function:  Get Text 0 Graph:  GetText_0 Node:  Return Node
[2025.07.14-01.29.57:093][400]PIE: Error: Blueprint Runtime Error: "Accessed None trying to read property K2Node_DynamicCast_AsPeoncito". Blueprint:  BarraVIda Function:  Get Text 0 Graph:  GetText_0 Node:  Return Node
[2025.07.14-01.29.57:110][401]PIE: Error: Blueprint Runtime Error: "Accessed None trying to read property K2Node_DynamicCast_AsPeoncito". Blueprint:  BarraVIda Function:  Get Text 0 Graph:  GetText_0 Node:  Return Node
[2025.07.14-01.29.57:127][402]PIE: Error: Blueprint Runtime Error: "Accessed None trying to read property K2Node_DynamicCast_AsPeoncito". Blueprint:  BarraVIda Function:  Get Text 0 Graph:  GetText_0 Node:  Return Node
[2025.07.14-01.29.57:144][403]PIE: Error: Blueprint Runtime Error: "Accessed None trying to read property K2Node_DynamicCast_AsPeoncito". Blueprint:  BarraVIda Function:  Get Text 0 Graph:  GetText_0 Node:  Return Node
[2025.07.14-01.29.57:159][404]PIE: Error: Blueprint Runtime Error: "Accessed None trying to read property K2Node_DynamicCast_AsPeoncito". Blueprint:  BarraVIda Function:  Get Text 0 Graph:  GetText_0 Node:  Return Node
[2025.07.14-01.29.57:177][405]PIE: Error: Blueprint Runtime Error: "Accessed None trying to read property K2Node_DynamicCast_AsPeoncito". Blueprint:  BarraVIda Function:  Get Text 0 Graph:  GetText_0 Node:  Return Node
[2025.07.14-01.29.57:196][406]PIE: Error: Blueprint Runtime Error: "Accessed None trying to read property K2Node_DynamicCast_AsPeoncito". Blueprint:  BarraVIda Function:  Get Text 0 Graph:  GetText_0 Node:  Return Node
[2025.07.14-01.29.57:215][407]PIE: Error: Blueprint Runtime Error: "Accessed None trying to read property K2Node_DynamicCast_AsPeoncito". Blueprint:  BarraVIda Function:  Get Text 0 Graph:  GetText_0 Node:  Return Node
[2025.07.14-01.29.57:237][408]PIE: Error: Blueprint Runtime Error: "Accessed None trying to read property K2Node_DynamicCast_AsPeoncito". Blueprint:  BarraVIda Function:  Get Text 0 Graph:  GetText_0 Node:  Return Node
[2025.07.14-01.29.57:260][409]PIE: Error: Blueprint Runtime Error: "Accessed None trying to read property K2Node_DynamicCast_AsPeoncito". Blueprint:  BarraVIda Function:  Get Text 0 Graph:  GetText_0 Node:  Return Node
[2025.07.14-01.29.57:279][410]PIE: Error: Blueprint Runtime Error: "Accessed None trying to read property K2Node_DynamicCast_AsPeoncito". Blueprint:  BarraVIda Function:  Get Text 0 Graph:  GetText_0 Node:  Return Node
[2025.07.14-01.29.57:300][411]PIE: Error: Blueprint Runtime Error: "Accessed None trying to read property K2Node_DynamicCast_AsPeoncito". Blueprint:  BarraVIda Function:  Get Text 0 Graph:  GetText_0 Node:  Return Node
[2025.07.14-01.29.57:320][412]PIE: Error: Blueprint Runtime Error: "Accessed None trying to read property K2Node_DynamicCast_AsPeoncito". Blueprint:  BarraVIda Function:  Get Text 0 Graph:  GetText_0 Node:  Return Node
[2025.07.14-01.29.57:336][413]PIE: Error: Blueprint Runtime Error: "Accessed None trying to read property K2Node_DynamicCast_AsPeoncito". Blueprint:  BarraVIda Function:  Get Text 0 Graph:  GetText_0 Node:  Return Node
[2025.07.14-01.29.57:361][414]PIE: Error: Blueprint Runtime Error: "Accessed None trying to read property K2Node_DynamicCast_AsPeoncito". Blueprint:  BarraVIda Function:  Get Text 0 Graph:  GetText_0 Node:  Return Node
[2025.07.14-01.29.57:381][415]PIE: Error: Blueprint Runtime Error: "Accessed None trying to read property K2Node_DynamicCast_AsPeoncito". Blueprint:  BarraVIda Function:  Get Text 0 Graph:  GetText_0 Node:  Return Node
[2025.07.14-01.29.57:401][416]PIE: Error: Blueprint Runtime Error: "Accessed None trying to read property K2Node_DynamicCast_AsPeoncito". Blueprint:  BarraVIda Function:  Get Text 0 Graph:  GetText_0 Node:  Return Node
[2025.07.14-01.29.57:424][417]PIE: Error: Blueprint Runtime Error: "Accessed None trying to read property K2Node_DynamicCast_AsPeoncito". Blueprint:  BarraVIda Function:  Get Text 0 Graph:  GetText_0 Node:  Return Node
[2025.07.14-01.29.57:445][418]PIE: Error: Blueprint Runtime Error: "Accessed None trying to read property K2Node_DynamicCast_AsPeoncito". Blueprint:  BarraVIda Function:  Get Text 0 Graph:  GetText_0 Node:  Return Node
[2025.07.14-01.29.57:466][419]PIE: Error: Blueprint Runtime Error: "Accessed None trying to read property K2Node_DynamicCast_AsPeoncito". Blueprint:  BarraVIda Function:  Get Text 0 Graph:  GetText_0 Node:  Return Node
[2025.07.14-01.29.57:488][420]PIE: Error: Blueprint Runtime Error: "Accessed None trying to read property K2Node_DynamicCast_AsPeoncito". Blueprint:  BarraVIda Function:  Get Text 0 Graph:  GetText_0 Node:  Return Node
[2025.07.14-01.29.57:510][421]PIE: Error: Blueprint Runtime Error: "Accessed None trying to read property K2Node_DynamicCast_AsPeoncito". Blueprint:  BarraVIda Function:  Get Text 0 Graph:  GetText_0 Node:  Return Node
[2025.07.14-01.29.57:533][422]PIE: Error: Blueprint Runtime Error: "Accessed None trying to read property K2Node_DynamicCast_AsPeoncito". Blueprint:  BarraVIda Function:  Get Text 0 Graph:  GetText_0 Node:  Return Node
[2025.07.14-01.29.57:553][423]PIE: Error: Blueprint Runtime Error: "Accessed None trying to read property K2Node_DynamicCast_AsPeoncito". Blueprint:  BarraVIda Function:  Get Text 0 Graph:  GetText_0 Node:  Return Node
[2025.07.14-01.29.57:575][424]PIE: Error: Blueprint Runtime Error: "Accessed None trying to read property K2Node_DynamicCast_AsPeoncito". Blueprint:  BarraVIda Function:  Get Text 0 Graph:  GetText_0 Node:  Return Node
[2025.07.14-01.29.57:596][425]PIE: Error: Blueprint Runtime Error: "Accessed None trying to read property K2Node_DynamicCast_AsPeoncito". Blueprint:  BarraVIda Function:  Get Text 0 Graph:  GetText_0 Node:  Return Node
[2025.07.14-01.29.57:616][426]PIE: Error: Blueprint Runtime Error: "Accessed None trying to read property K2Node_DynamicCast_AsPeoncito". Blueprint:  BarraVIda Function:  Get Text 0 Graph:  GetText_0 Node:  Return Node
[2025.07.14-01.29.57:636][427]PIE: Error: Blueprint Runtime Error: "Accessed None trying to read property K2Node_DynamicCast_AsPeoncito". Blueprint:  BarraVIda Function:  Get Text 0 Graph:  GetText_0 Node:  Return Node
[2025.07.14-01.29.57:656][428]PIE: Error: Blueprint Runtime Error: "Accessed None trying to read property K2Node_DynamicCast_AsPeoncito". Blueprint:  BarraVIda Function:  Get Text 0 Graph:  GetText_0 Node:  Return Node
[2025.07.14-01.29.57:675][429]PIE: Error: Blueprint Runtime Error: "Accessed None trying to read property K2Node_DynamicCast_AsPeoncito". Blueprint:  BarraVIda Function:  Get Text 0 Graph:  GetText_0 Node:  Return Node
[2025.07.14-01.29.57:694][430]PIE: Error: Blueprint Runtime Error: "Accessed None trying to read property K2Node_DynamicCast_AsPeoncito". Blueprint:  BarraVIda Function:  Get Text 0 Graph:  GetText_0 Node:  Return Node
[2025.07.14-01.29.57:711][431]PIE: Error: Blueprint Runtime Error: "Accessed None trying to read property K2Node_DynamicCast_AsPeoncito". Blueprint:  BarraVIda Function:  Get Text 0 Graph:  GetText_0 Node:  Return Node
[2025.07.14-01.29.57:727][432]PIE: Error: Blueprint Runtime Error: "Accessed None trying to read property K2Node_DynamicCast_AsPeoncito". Blueprint:  BarraVIda Function:  Get Text 0 Graph:  GetText_0 Node:  Return Node
[2025.07.14-01.29.57:745][433]PIE: Error: Blueprint Runtime Error: "Accessed None trying to read property K2Node_DynamicCast_AsPeoncito". Blueprint:  BarraVIda Function:  Get Text 0 Graph:  GetText_0 Node:  Return Node
[2025.07.14-01.29.57:761][434]PIE: Error: Blueprint Runtime Error: "Accessed None trying to read property K2Node_DynamicCast_AsPeoncito". Blueprint:  BarraVIda Function:  Get Text 0 Graph:  GetText_0 Node:  Return Node
[2025.07.14-01.29.57:779][435]PIE: Error: Blueprint Runtime Error: "Accessed None trying to read property K2Node_DynamicCast_AsPeoncito". Blueprint:  BarraVIda Function:  Get Text 0 Graph:  GetText_0 Node:  Return Node
[2025.07.14-01.29.57:797][436]PIE: Error: Blueprint Runtime Error: "Accessed None trying to read property K2Node_DynamicCast_AsPeoncito". Blueprint:  BarraVIda Function:  Get Text 0 Graph:  GetText_0 Node:  Return Node
[2025.07.14-01.29.57:816][437]PIE: Error: Blueprint Runtime Error: "Accessed None trying to read property K2Node_DynamicCast_AsPeoncito". Blueprint:  BarraVIda Function:  Get Text 0 Graph:  GetText_0 Node:  Return Node
[2025.07.14-01.29.57:837][438]PIE: Error: Blueprint Runtime Error: "Accessed None trying to read property K2Node_DynamicCast_AsPeoncito". Blueprint:  BarraVIda Function:  Get Text 0 Graph:  GetText_0 Node:  Return Node
[2025.07.14-01.29.57:863][439]PIE: Error: Blueprint Runtime Error: "Accessed None trying to read property K2Node_DynamicCast_AsPeoncito". Blueprint:  BarraVIda Function:  Get Text 0 Graph:  GetText_0 Node:  Return Node
[2025.07.14-01.29.57:884][440]PIE: Error: Blueprint Runtime Error: "Accessed None trying to read property K2Node_DynamicCast_AsPeoncito". Blueprint:  BarraVIda Function:  Get Text 0 Graph:  GetText_0 Node:  Return Node
[2025.07.14-01.29.57:902][441]PIE: Error: Blueprint Runtime Error: "Accessed None trying to read property K2Node_DynamicCast_AsPeoncito". Blueprint:  BarraVIda Function:  Get Text 0 Graph:  GetText_0 Node:  Return Node
[2025.07.14-01.29.57:920][442]PIE: Error: Blueprint Runtime Error: "Accessed None trying to read property K2Node_DynamicCast_AsPeoncito". Blueprint:  BarraVIda Function:  Get Text 0 Graph:  GetText_0 Node:  Return Node
[2025.07.14-01.29.57:939][443]PIE: Error: Blueprint Runtime Error: "Accessed None trying to read property K2Node_DynamicCast_AsPeoncito". Blueprint:  BarraVIda Function:  Get Text 0 Graph:  GetText_0 Node:  Return Node
[2025.07.14-01.29.57:961][444]PIE: Error: Blueprint Runtime Error: "Accessed None trying to read property K2Node_DynamicCast_AsPeoncito". Blueprint:  BarraVIda Function:  Get Text 0 Graph:  GetText_0 Node:  Return Node
[2025.07.14-01.29.57:980][445]PIE: Error: Blueprint Runtime Error: "Accessed None trying to read property K2Node_DynamicCast_AsPeoncito". Blueprint:  BarraVIda Function:  Get Text 0 Graph:  GetText_0 Node:  Return Node
[2025.07.14-01.29.57:996][446]PIE: Error: Blueprint Runtime Error: "Accessed None trying to read property K2Node_DynamicCast_AsPeoncito". Blueprint:  BarraVIda Function:  Get Text 0 Graph:  GetText_0 Node:  Return Node
[2025.07.14-01.29.58:013][447]PIE: Error: Blueprint Runtime Error: "Accessed None trying to read property K2Node_DynamicCast_AsPeoncito". Blueprint:  BarraVIda Function:  Get Text 0 Graph:  GetText_0 Node:  Return Node
[2025.07.14-01.29.58:030][448]PIE: Error: Blueprint Runtime Error: "Accessed None trying to read property K2Node_DynamicCast_AsPeoncito". Blueprint:  BarraVIda Function:  Get Text 0 Graph:  GetText_0 Node:  Return Node
[2025.07.14-01.29.58:048][449]PIE: Error: Blueprint Runtime Error: "Accessed None trying to read property K2Node_DynamicCast_AsPeoncito". Blueprint:  BarraVIda Function:  Get Text 0 Graph:  GetText_0 Node:  Return Node
[2025.07.14-01.29.58:065][450]PIE: Error: Blueprint Runtime Error: "Accessed None trying to read property K2Node_DynamicCast_AsPeoncito". Blueprint:  BarraVIda Function:  Get Text 0 Graph:  GetText_0 Node:  Return Node
[2025.07.14-01.29.58:084][451]PIE: Error: Blueprint Runtime Error: "Accessed None trying to read property K2Node_DynamicCast_AsPeoncito". Blueprint:  BarraVIda Function:  Get Text 0 Graph:  GetText_0 Node:  Return Node
[2025.07.14-01.29.58:102][452]PIE: Error: Blueprint Runtime Error: "Accessed None trying to read property K2Node_DynamicCast_AsPeoncito". Blueprint:  BarraVIda Function:  Get Text 0 Graph:  GetText_0 Node:  Return Node
[2025.07.14-01.29.58:122][453]PIE: Error: Blueprint Runtime Error: "Accessed None trying to read property K2Node_DynamicCast_AsPeoncito". Blueprint:  BarraVIda Function:  Get Text 0 Graph:  GetText_0 Node:  Return Node
[2025.07.14-01.29.58:144][454]PIE: Error: Blueprint Runtime Error: "Accessed None trying to read property K2Node_DynamicCast_AsPeoncito". Blueprint:  BarraVIda Function:  Get Text 0 Graph:  GetText_0 Node:  Return Node
[2025.07.14-01.29.58:163][455]PIE: Error: Blueprint Runtime Error: "Accessed None trying to read property K2Node_DynamicCast_AsPeoncito". Blueprint:  BarraVIda Function:  Get Text 0 Graph:  GetText_0 Node:  Return Node
[2025.07.14-01.29.58:181][456]PIE: Error: Blueprint Runtime Error: "Accessed None trying to read property K2Node_DynamicCast_AsPeoncito". Blueprint:  BarraVIda Function:  Get Text 0 Graph:  GetText_0 Node:  Return Node
[2025.07.14-01.29.58:199][457]PIE: Error: Blueprint Runtime Error: "Accessed None trying to read property K2Node_DynamicCast_AsPeoncito". Blueprint:  BarraVIda Function:  Get Text 0 Graph:  GetText_0 Node:  Return Node
[2025.07.14-01.29.58:217][458]PIE: Error: Blueprint Runtime Error: "Accessed None trying to read property K2Node_DynamicCast_AsPeoncito". Blueprint:  BarraVIda Function:  Get Text 0 Graph:  GetText_0 Node:  Return Node
[2025.07.14-01.29.58:236][459]PIE: Error: Blueprint Runtime Error: "Accessed None trying to read property K2Node_DynamicCast_AsPeoncito". Blueprint:  BarraVIda Function:  Get Text 0 Graph:  GetText_0 Node:  Return Node
[2025.07.14-01.29.58:252][460]PIE: Error: Blueprint Runtime Error: "Accessed None trying to read property K2Node_DynamicCast_AsPeoncito". Blueprint:  BarraVIda Function:  Get Text 0 Graph:  GetText_0 Node:  Return Node
[2025.07.14-01.29.58:270][461]PIE: Error: Blueprint Runtime Error: "Accessed None trying to read property K2Node_DynamicCast_AsPeoncito". Blueprint:  BarraVIda Function:  Get Text 0 Graph:  GetText_0 Node:  Return Node
[2025.07.14-01.29.58:288][462]PIE: Error: Blueprint Runtime Error: "Accessed None trying to read property K2Node_DynamicCast_AsPeoncito". Blueprint:  BarraVIda Function:  Get Text 0 Graph:  GetText_0 Node:  Return Node
[2025.07.14-01.29.58:307][463]PIE: Error: Blueprint Runtime Error: "Accessed None trying to read property K2Node_DynamicCast_AsPeoncito". Blueprint:  BarraVIda Function:  Get Text 0 Graph:  GetText_0 Node:  Return Node
[2025.07.14-01.29.58:324][464]PIE: Error: Blueprint Runtime Error: "Accessed None trying to read property K2Node_DynamicCast_AsPeoncito". Blueprint:  BarraVIda Function:  Get Text 0 Graph:  GetText_0 Node:  Return Node
[2025.07.14-01.29.58:341][465]PIE: Error: Blueprint Runtime Error: "Accessed None trying to read property K2Node_DynamicCast_AsPeoncito". Blueprint:  BarraVIda Function:  Get Text 0 Graph:  GetText_0 Node:  Return Node
[2025.07.14-01.29.58:358][466]PIE: Error: Blueprint Runtime Error: "Accessed None trying to read property K2Node_DynamicCast_AsPeoncito". Blueprint:  BarraVIda Function:  Get Text 0 Graph:  GetText_0 Node:  Return Node
[2025.07.14-01.29.58:378][467]PIE: Error: Blueprint Runtime Error: "Accessed None trying to read property K2Node_DynamicCast_AsPeoncito". Blueprint:  BarraVIda Function:  Get Text 0 Graph:  GetText_0 Node:  Return Node
[2025.07.14-01.29.58:396][468]PIE: Error: Blueprint Runtime Error: "Accessed None trying to read property K2Node_DynamicCast_AsPeoncito". Blueprint:  BarraVIda Function:  Get Text 0 Graph:  GetText_0 Node:  Return Node
[2025.07.14-01.29.58:416][469]PIE: Error: Blueprint Runtime Error: "Accessed None trying to read property K2Node_DynamicCast_AsPeoncito". Blueprint:  BarraVIda Function:  Get Text 0 Graph:  GetText_0 Node:  Return Node
[2025.07.14-01.29.58:433][470]PIE: Error: Blueprint Runtime Error: "Accessed None trying to read property K2Node_DynamicCast_AsPeoncito". Blueprint:  BarraVIda Function:  Get Text 0 Graph:  GetText_0 Node:  Return Node
[2025.07.14-01.29.58:453][471]PIE: Error: Blueprint Runtime Error: "Accessed None trying to read property K2Node_DynamicCast_AsPeoncito". Blueprint:  BarraVIda Function:  Get Text 0 Graph:  GetText_0 Node:  Return Node
[2025.07.14-01.29.58:475][472]PIE: Error: Blueprint Runtime Error: "Accessed None trying to read property K2Node_DynamicCast_AsPeoncito". Blueprint:  BarraVIda Function:  Get Text 0 Graph:  GetText_0 Node:  Return Node
[2025.07.14-01.29.58:498][473]PIE: Error: Blueprint Runtime Error: "Accessed None trying to read property K2Node_DynamicCast_AsPeoncito". Blueprint:  BarraVIda Function:  Get Text 0 Graph:  GetText_0 Node:  Return Node
[2025.07.14-01.29.58:520][474]PIE: Error: Blueprint Runtime Error: "Accessed None trying to read property K2Node_DynamicCast_AsPeoncito". Blueprint:  BarraVIda Function:  Get Text 0 Graph:  GetText_0 Node:  Return Node
[2025.07.14-01.29.58:538][475]PIE: Error: Blueprint Runtime Error: "Accessed None trying to read property K2Node_DynamicCast_AsPeoncito". Blueprint:  BarraVIda Function:  Get Text 0 Graph:  GetText_0 Node:  Return Node
[2025.07.14-01.29.58:555][476]PIE: Error: Blueprint Runtime Error: "Accessed None trying to read property K2Node_DynamicCast_AsPeoncito". Blueprint:  BarraVIda Function:  Get Text 0 Graph:  GetText_0 Node:  Return Node
[2025.07.14-01.29.58:571][477]PIE: Error: Blueprint Runtime Error: "Accessed None trying to read property K2Node_DynamicCast_AsPeoncito". Blueprint:  BarraVIda Function:  Get Text 0 Graph:  GetText_0 Node:  Return Node
[2025.07.14-01.29.58:587][478]PIE: Error: Blueprint Runtime Error: "Accessed None trying to read property K2Node_DynamicCast_AsPeoncito". Blueprint:  BarraVIda Function:  Get Text 0 Graph:  GetText_0 Node:  Return Node
[2025.07.14-01.29.58:604][479]PIE: Error: Blueprint Runtime Error: "Accessed None trying to read property K2Node_DynamicCast_AsPeoncito". Blueprint:  BarraVIda Function:  Get Text 0 Graph:  GetText_0 Node:  Return Node
[2025.07.14-01.29.58:622][480]PIE: Error: Blueprint Runtime Error: "Accessed None trying to read property K2Node_DynamicCast_AsPeoncito". Blueprint:  BarraVIda Function:  Get Text 0 Graph:  GetText_0 Node:  Return Node
[2025.07.14-01.29.58:642][481]PIE: Error: Blueprint Runtime Error: "Accessed None trying to read property K2Node_DynamicCast_AsPeoncito". Blueprint:  BarraVIda Function:  Get Text 0 Graph:  GetText_0 Node:  Return Node
[2025.07.14-01.29.58:662][482]PIE: Error: Blueprint Runtime Error: "Accessed None trying to read property K2Node_DynamicCast_AsPeoncito". Blueprint:  BarraVIda Function:  Get Text 0 Graph:  GetText_0 Node:  Return Node
[2025.07.14-01.29.58:682][483]PIE: Error: Blueprint Runtime Error: "Accessed None trying to read property K2Node_DynamicCast_AsPeoncito". Blueprint:  BarraVIda Function:  Get Text 0 Graph:  GetText_0 Node:  Return Node
[2025.07.14-01.29.58:704][484]PIE: Error: Blueprint Runtime Error: "Accessed None trying to read property K2Node_DynamicCast_AsPeoncito". Blueprint:  BarraVIda Function:  Get Text 0 Graph:  GetText_0 Node:  Return Node
[2025.07.14-01.29.58:724][485]PIE: Error: Blueprint Runtime Error: "Accessed None trying to read property K2Node_DynamicCast_AsPeoncito". Blueprint:  BarraVIda Function:  Get Text 0 Graph:  GetText_0 Node:  Return Node
[2025.07.14-01.29.58:744][486]PIE: Error: Blueprint Runtime Error: "Accessed None trying to read property K2Node_DynamicCast_AsPeoncito". Blueprint:  BarraVIda Function:  Get Text 0 Graph:  GetText_0 Node:  Return Node
[2025.07.14-01.29.58:764][487]PIE: Error: Blueprint Runtime Error: "Accessed None trying to read property K2Node_DynamicCast_AsPeoncito". Blueprint:  BarraVIda Function:  Get Text 0 Graph:  GetText_0 Node:  Return Node
[2025.07.14-01.29.58:783][488]PIE: Error: Blueprint Runtime Error: "Accessed None trying to read property K2Node_DynamicCast_AsPeoncito". Blueprint:  BarraVIda Function:  Get Text 0 Graph:  GetText_0 Node:  Return Node
[2025.07.14-01.29.58:802][489]PIE: Error: Blueprint Runtime Error: "Accessed None trying to read property K2Node_DynamicCast_AsPeoncito". Blueprint:  BarraVIda Function:  Get Text 0 Graph:  GetText_0 Node:  Return Node
[2025.07.14-01.29.58:820][490]PIE: Error: Blueprint Runtime Error: "Accessed None trying to read property K2Node_DynamicCast_AsPeoncito". Blueprint:  BarraVIda Function:  Get Text 0 Graph:  GetText_0 Node:  Return Node
[2025.07.14-01.29.58:837][491]PIE: Error: Blueprint Runtime Error: "Accessed None trying to read property K2Node_DynamicCast_AsPeoncito". Blueprint:  BarraVIda Function:  Get Text 0 Graph:  GetText_0 Node:  Return Node
[2025.07.14-01.29.58:853][492]PIE: Error: Blueprint Runtime Error: "Accessed None trying to read property K2Node_DynamicCast_AsPeoncito". Blueprint:  BarraVIda Function:  Get Text 0 Graph:  GetText_0 Node:  Return Node
[2025.07.14-01.29.58:871][493]PIE: Error: Blueprint Runtime Error: "Accessed None trying to read property K2Node_DynamicCast_AsPeoncito". Blueprint:  BarraVIda Function:  Get Text 0 Graph:  GetText_0 Node:  Return Node
[2025.07.14-01.29.58:888][494]PIE: Error: Blueprint Runtime Error: "Accessed None trying to read property K2Node_DynamicCast_AsPeoncito". Blueprint:  BarraVIda Function:  Get Text 0 Graph:  GetText_0 Node:  Return Node
[2025.07.14-01.29.58:906][495]PIE: Error: Blueprint Runtime Error: "Accessed None trying to read property K2Node_DynamicCast_AsPeoncito". Blueprint:  BarraVIda Function:  Get Text 0 Graph:  GetText_0 Node:  Return Node
[2025.07.14-01.29.58:925][496]PIE: Error: Blueprint Runtime Error: "Accessed None trying to read property K2Node_DynamicCast_AsPeoncito". Blueprint:  BarraVIda Function:  Get Text 0 Graph:  GetText_0 Node:  Return Node
[2025.07.14-01.29.58:945][497]PIE: Error: Blueprint Runtime Error: "Accessed None trying to read property K2Node_DynamicCast_AsPeoncito". Blueprint:  BarraVIda Function:  Get Text 0 Graph:  GetText_0 Node:  Return Node
[2025.07.14-01.29.58:965][498]PIE: Error: Blueprint Runtime Error: "Accessed None trying to read property K2Node_DynamicCast_AsPeoncito". Blueprint:  BarraVIda Function:  Get Text 0 Graph:  GetText_0 Node:  Return Node
[2025.07.14-01.29.58:984][499]PIE: Error: Blueprint Runtime Error: "Accessed None trying to read property K2Node_DynamicCast_AsPeoncito". Blueprint:  BarraVIda Function:  Get Text 0 Graph:  GetText_0 Node:  Return Node
[2025.07.14-01.29.59:004][500]PIE: Error: Blueprint Runtime Error: "Accessed None trying to read property K2Node_DynamicCast_AsPeoncito". Blueprint:  BarraVIda Function:  Get Text 0 Graph:  GetText_0 Node:  Return Node
[2025.07.14-01.29.59:026][501]PIE: Error: Blueprint Runtime Error: "Accessed None trying to read property K2Node_DynamicCast_AsPeoncito". Blueprint:  BarraVIda Function:  Get Text 0 Graph:  GetText_0 Node:  Return Node
[2025.07.14-01.29.59:045][502]PIE: Error: Blueprint Runtime Error: "Accessed None trying to read property K2Node_DynamicCast_AsPeoncito". Blueprint:  BarraVIda Function:  Get Text 0 Graph:  GetText_0 Node:  Return Node
[2025.07.14-01.29.59:063][503]PIE: Error: Blueprint Runtime Error: "Accessed None trying to read property K2Node_DynamicCast_AsPeoncito". Blueprint:  BarraVIda Function:  Get Text 0 Graph:  GetText_0 Node:  Return Node
[2025.07.14-01.29.59:083][504]PIE: Error: Blueprint Runtime Error: "Accessed None trying to read property K2Node_DynamicCast_AsPeoncito". Blueprint:  BarraVIda Function:  Get Text 0 Graph:  GetText_0 Node:  Return Node
[2025.07.14-01.29.59:103][505]PIE: Error: Blueprint Runtime Error: "Accessed None trying to read property K2Node_DynamicCast_AsPeoncito". Blueprint:  BarraVIda Function:  Get Text 0 Graph:  GetText_0 Node:  Return Node
[2025.07.14-01.29.59:124][506]PIE: Error: Blueprint Runtime Error: "Accessed None trying to read property K2Node_DynamicCast_AsPeoncito". Blueprint:  BarraVIda Function:  Get Text 0 Graph:  GetText_0 Node:  Return Node
[2025.07.14-01.29.59:143][507]PIE: Error: Blueprint Runtime Error: "Accessed None trying to read property K2Node_DynamicCast_AsPeoncito". Blueprint:  BarraVIda Function:  Get Text 0 Graph:  GetText_0 Node:  Return Node
[2025.07.14-01.29.59:163][508]PIE: Error: Blueprint Runtime Error: "Accessed None trying to read property K2Node_DynamicCast_AsPeoncito". Blueprint:  BarraVIda Function:  Get Text 0 Graph:  GetText_0 Node:  Return Node
[2025.07.14-01.29.59:182][509]PIE: Error: Blueprint Runtime Error: "Accessed None trying to read property K2Node_DynamicCast_AsPeoncito". Blueprint:  BarraVIda Function:  Get Text 0 Graph:  GetText_0 Node:  Return Node
[2025.07.14-01.29.59:200][510]PIE: Error: Blueprint Runtime Error: "Accessed None trying to read property K2Node_DynamicCast_AsPeoncito". Blueprint:  BarraVIda Function:  Get Text 0 Graph:  GetText_0 Node:  Return Node
[2025.07.14-01.29.59:218][511]PIE: Error: Blueprint Runtime Error: "Accessed None trying to read property K2Node_DynamicCast_AsPeoncito". Blueprint:  BarraVIda Function:  Get Text 0 Graph:  GetText_0 Node:  Return Node
[2025.07.14-01.29.59:236][512]PIE: Error: Blueprint Runtime Error: "Accessed None trying to read property K2Node_DynamicCast_AsPeoncito". Blueprint:  BarraVIda Function:  Get Text 0 Graph:  GetText_0 Node:  Return Node
[2025.07.14-01.29.59:256][513]PIE: Error: Blueprint Runtime Error: "Accessed None trying to read property K2Node_DynamicCast_AsPeoncito". Blueprint:  BarraVIda Function:  Get Text 0 Graph:  GetText_0 Node:  Return Node
[2025.07.14-01.29.59:275][514]PIE: Error: Blueprint Runtime Error: "Accessed None trying to read property K2Node_DynamicCast_AsPeoncito". Blueprint:  BarraVIda Function:  Get Text 0 Graph:  GetText_0 Node:  Return Node
[2025.07.14-01.29.59:293][515]PIE: Error: Blueprint Runtime Error: "Accessed None trying to read property K2Node_DynamicCast_AsPeoncito". Blueprint:  BarraVIda Function:  Get Text 0 Graph:  GetText_0 Node:  Return Node
[2025.07.14-01.29.59:310][516]PIE: Error: Blueprint Runtime Error: "Accessed None trying to read property K2Node_DynamicCast_AsPeoncito". Blueprint:  BarraVIda Function:  Get Text 0 Graph:  GetText_0 Node:  Return Node
[2025.07.14-01.29.59:328][517]PIE: Error: Blueprint Runtime Error: "Accessed None trying to read property K2Node_DynamicCast_AsPeoncito". Blueprint:  BarraVIda Function:  Get Text 0 Graph:  GetText_0 Node:  Return Node
[2025.07.14-01.29.59:346][518]PIE: Error: Blueprint Runtime Error: "Accessed None trying to read property K2Node_DynamicCast_AsPeoncito". Blueprint:  BarraVIda Function:  Get Text 0 Graph:  GetText_0 Node:  Return Node
[2025.07.14-01.29.59:367][519]PIE: Error: Blueprint Runtime Error: "Accessed None trying to read property K2Node_DynamicCast_AsPeoncito". Blueprint:  BarraVIda Function:  Get Text 0 Graph:  GetText_0 Node:  Return Node
[2025.07.14-01.29.59:389][520]PIE: Error: Blueprint Runtime Error: "Accessed None trying to read property K2Node_DynamicCast_AsPeoncito". Blueprint:  BarraVIda Function:  Get Text 0 Graph:  GetText_0 Node:  Return Node
[2025.07.14-01.29.59:409][521]PIE: Error: Blueprint Runtime Error: "Accessed None trying to read property K2Node_DynamicCast_AsPeoncito". Blueprint:  BarraVIda Function:  Get Text 0 Graph:  GetText_0 Node:  Return Node
[2025.07.14-01.29.59:427][522]PIE: Error: Blueprint Runtime Error: "Accessed None trying to read property K2Node_DynamicCast_AsPeoncito". Blueprint:  BarraVIda Function:  Get Text 0 Graph:  GetText_0 Node:  Return Node
[2025.07.14-01.29.59:444][523]PIE: Error: Blueprint Runtime Error: "Accessed None trying to read property K2Node_DynamicCast_AsPeoncito". Blueprint:  BarraVIda Function:  Get Text 0 Graph:  GetText_0 Node:  Return Node
[2025.07.14-01.29.59:462][524]PIE: Error: Blueprint Runtime Error: "Accessed None trying to read property K2Node_DynamicCast_AsPeoncito". Blueprint:  BarraVIda Function:  Get Text 0 Graph:  GetText_0 Node:  Return Node
[2025.07.14-01.29.59:482][525]PIE: Error: Blueprint Runtime Error: "Accessed None trying to read property K2Node_DynamicCast_AsPeoncito". Blueprint:  BarraVIda Function:  Get Text 0 Graph:  GetText_0 Node:  Return Node
[2025.07.14-01.29.59:500][526]PIE: Error: Blueprint Runtime Error: "Accessed None trying to read property K2Node_DynamicCast_AsPeoncito". Blueprint:  BarraVIda Function:  Get Text 0 Graph:  GetText_0 Node:  Return Node
[2025.07.14-01.29.59:516][527]PIE: Error: Blueprint Runtime Error: "Accessed None trying to read property K2Node_DynamicCast_AsPeoncito". Blueprint:  BarraVIda Function:  Get Text 0 Graph:  GetText_0 Node:  Return Node
[2025.07.14-01.29.59:532][528]PIE: Error: Blueprint Runtime Error: "Accessed None trying to read property K2Node_DynamicCast_AsPeoncito". Blueprint:  BarraVIda Function:  Get Text 0 Graph:  GetText_0 Node:  Return Node
[2025.07.14-01.29.59:550][529]PIE: Error: Blueprint Runtime Error: "Accessed None trying to read property K2Node_DynamicCast_AsPeoncito". Blueprint:  BarraVIda Function:  Get Text 0 Graph:  GetText_0 Node:  Return Node
[2025.07.14-01.29.59:567][530]PIE: Error: Blueprint Runtime Error: "Accessed None trying to read property K2Node_DynamicCast_AsPeoncito". Blueprint:  BarraVIda Function:  Get Text 0 Graph:  GetText_0 Node:  Return Node
[2025.07.14-01.29.59:585][531]PIE: Error: Blueprint Runtime Error: "Accessed None trying to read property K2Node_DynamicCast_AsPeoncito". Blueprint:  BarraVIda Function:  Get Text 0 Graph:  GetText_0 Node:  Return Node
[2025.07.14-01.29.59:604][532]PIE: Error: Blueprint Runtime Error: "Accessed None trying to read property K2Node_DynamicCast_AsPeoncito". Blueprint:  BarraVIda Function:  Get Text 0 Graph:  GetText_0 Node:  Return Node
[2025.07.14-01.29.59:626][533]PIE: Error: Blueprint Runtime Error: "Accessed None trying to read property K2Node_DynamicCast_AsPeoncito". Blueprint:  BarraVIda Function:  Get Text 0 Graph:  GetText_0 Node:  Return Node
[2025.07.14-01.29.59:646][534]PIE: Error: Blueprint Runtime Error: "Accessed None trying to read property K2Node_DynamicCast_AsPeoncito". Blueprint:  BarraVIda Function:  Get Text 0 Graph:  GetText_0 Node:  Return Node
[2025.07.14-01.29.59:664][535]PIE: Error: Blueprint Runtime Error: "Accessed None trying to read property K2Node_DynamicCast_AsPeoncito". Blueprint:  BarraVIda Function:  Get Text 0 Graph:  GetText_0 Node:  Return Node
[2025.07.14-01.29.59:682][536]PIE: Error: Blueprint Runtime Error: "Accessed None trying to read property K2Node_DynamicCast_AsPeoncito". Blueprint:  BarraVIda Function:  Get Text 0 Graph:  GetText_0 Node:  Return Node
[2025.07.14-01.29.59:700][537]PIE: Error: Blueprint Runtime Error: "Accessed None trying to read property K2Node_DynamicCast_AsPeoncito". Blueprint:  BarraVIda Function:  Get Text 0 Graph:  GetText_0 Node:  Return Node
[2025.07.14-01.29.59:719][538]PIE: Error: Blueprint Runtime Error: "Accessed None trying to read property K2Node_DynamicCast_AsPeoncito". Blueprint:  BarraVIda Function:  Get Text 0 Graph:  GetText_0 Node:  Return Node
[2025.07.14-01.29.59:738][539]PIE: Error: Blueprint Runtime Error: "Accessed None trying to read property K2Node_DynamicCast_AsPeoncito". Blueprint:  BarraVIda Function:  Get Text 0 Graph:  GetText_0 Node:  Return Node
[2025.07.14-01.29.59:758][540]PIE: Error: Blueprint Runtime Error: "Accessed None trying to read property K2Node_DynamicCast_AsPeoncito". Blueprint:  BarraVIda Function:  Get Text 0 Graph:  GetText_0 Node:  Return Node
[2025.07.14-01.29.59:776][541]PIE: Error: Blueprint Runtime Error: "Accessed None trying to read property K2Node_DynamicCast_AsPeoncito". Blueprint:  BarraVIda Function:  Get Text 0 Graph:  GetText_0 Node:  Return Node
[2025.07.14-01.29.59:795][542]PIE: Error: Blueprint Runtime Error: "Accessed None trying to read property K2Node_DynamicCast_AsPeoncito". Blueprint:  BarraVIda Function:  Get Text 0 Graph:  GetText_0 Node:  Return Node
[2025.07.14-01.29.59:813][543]PIE: Error: Blueprint Runtime Error: "Accessed None trying to read property K2Node_DynamicCast_AsPeoncito". Blueprint:  BarraVIda Function:  Get Text 0 Graph:  GetText_0 Node:  Return Node
[2025.07.14-01.29.59:832][544]PIE: Error: Blueprint Runtime Error: "Accessed None trying to read property K2Node_DynamicCast_AsPeoncito". Blueprint:  BarraVIda Function:  Get Text 0 Graph:  GetText_0 Node:  Return Node
[2025.07.14-01.29.59:850][545]PIE: Error: Blueprint Runtime Error: "Accessed None trying to read property K2Node_DynamicCast_AsPeoncito". Blueprint:  BarraVIda Function:  Get Text 0 Graph:  GetText_0 Node:  Return Node
[2025.07.14-01.29.59:870][546]PIE: Error: Blueprint Runtime Error: "Accessed None trying to read property K2Node_DynamicCast_AsPeoncito". Blueprint:  BarraVIda Function:  Get Text 0 Graph:  GetText_0 Node:  Return Node
[2025.07.14-01.29.59:892][547]PIE: Error: Blueprint Runtime Error: "Accessed None trying to read property K2Node_DynamicCast_AsPeoncito". Blueprint:  BarraVIda Function:  Get Text 0 Graph:  GetText_0 Node:  Return Node
[2025.07.14-01.29.59:912][548]PIE: Error: Blueprint Runtime Error: "Accessed None trying to read property K2Node_DynamicCast_AsPeoncito". Blueprint:  BarraVIda Function:  Get Text 0 Graph:  GetText_0 Node:  Return Node
[2025.07.14-01.29.59:931][549]PIE: Error: Blueprint Runtime Error: "Accessed None trying to read property K2Node_DynamicCast_AsPeoncito". Blueprint:  BarraVIda Function:  Get Text 0 Graph:  GetText_0 Node:  Return Node
[2025.07.14-01.29.59:952][550]PIE: Error: Blueprint Runtime Error: "Accessed None trying to read property K2Node_DynamicCast_AsPeoncito". Blueprint:  BarraVIda Function:  Get Text 0 Graph:  GetText_0 Node:  Return Node
[2025.07.14-01.29.59:970][551]PIE: Error: Blueprint Runtime Error: "Accessed None trying to read property K2Node_DynamicCast_AsPeoncito". Blueprint:  BarraVIda Function:  Get Text 0 Graph:  GetText_0 Node:  Return Node
[2025.07.14-01.29.59:989][552]PIE: Error: Blueprint Runtime Error: "Accessed None trying to read property K2Node_DynamicCast_AsPeoncito". Blueprint:  BarraVIda Function:  Get Text 0 Graph:  GetText_0 Node:  Return Node
[2025.07.14-01.30.00:007][553]PIE: Error: Blueprint Runtime Error: "Accessed None trying to read property K2Node_DynamicCast_AsPeoncito". Blueprint:  BarraVIda Function:  Get Text 0 Graph:  GetText_0 Node:  Return Node
[2025.07.14-01.30.00:028][554]PIE: Error: Blueprint Runtime Error: "Accessed None trying to read property K2Node_DynamicCast_AsPeoncito". Blueprint:  BarraVIda Function:  Get Text 0 Graph:  GetText_0 Node:  Return Node
[2025.07.14-01.30.00:044][555]PIE: Error: Blueprint Runtime Error: "Accessed None trying to read property K2Node_DynamicCast_AsPeoncito". Blueprint:  BarraVIda Function:  Get Text 0 Graph:  GetText_0 Node:  Return Node
[2025.07.14-01.30.00:060][556]PIE: Error: Blueprint Runtime Error: "Accessed None trying to read property K2Node_DynamicCast_AsPeoncito". Blueprint:  BarraVIda Function:  Get Text 0 Graph:  GetText_0 Node:  Return Node
[2025.07.14-01.30.00:078][557]PIE: Error: Blueprint Runtime Error: "Accessed None trying to read property K2Node_DynamicCast_AsPeoncito". Blueprint:  BarraVIda Function:  Get Text 0 Graph:  GetText_0 Node:  Return Node
[2025.07.14-01.30.00:096][558]PIE: Error: Blueprint Runtime Error: "Accessed None trying to read property K2Node_DynamicCast_AsPeoncito". Blueprint:  BarraVIda Function:  Get Text 0 Graph:  GetText_0 Node:  Return Node
[2025.07.14-01.30.00:116][559]PIE: Error: Blueprint Runtime Error: "Accessed None trying to read property K2Node_DynamicCast_AsPeoncito". Blueprint:  BarraVIda Function:  Get Text 0 Graph:  GetText_0 Node:  Return Node
[2025.07.14-01.30.00:140][560]PIE: Error: Blueprint Runtime Error: "Accessed None trying to read property K2Node_DynamicCast_AsPeoncito". Blueprint:  BarraVIda Function:  Get Text 0 Graph:  GetText_0 Node:  Return Node
[2025.07.14-01.30.00:167][561]PIE: Error: Blueprint Runtime Error: "Accessed None trying to read property K2Node_DynamicCast_AsPeoncito". Blueprint:  BarraVIda Function:  Get Text 0 Graph:  GetText_0 Node:  Return Node
[2025.07.14-01.30.00:194][562]PIE: Error: Blueprint Runtime Error: "Accessed None trying to read property K2Node_DynamicCast_AsPeoncito". Blueprint:  BarraVIda Function:  Get Text 0 Graph:  GetText_0 Node:  Return Node
[2025.07.14-01.30.00:222][563]PIE: Error: Blueprint Runtime Error: "Accessed None trying to read property K2Node_DynamicCast_AsPeoncito". Blueprint:  BarraVIda Function:  Get Text 0 Graph:  GetText_0 Node:  Return Node
[2025.07.14-01.30.00:245][564]PIE: Error: Blueprint Runtime Error: "Accessed None trying to read property K2Node_DynamicCast_AsPeoncito". Blueprint:  BarraVIda Function:  Get Text 0 Graph:  GetText_0 Node:  Return Node
[2025.07.14-01.30.00:263][565]PIE: Error: Blueprint Runtime Error: "Accessed None trying to read property K2Node_DynamicCast_AsPeoncito". Blueprint:  BarraVIda Function:  Get Text 0 Graph:  GetText_0 Node:  Return Node
[2025.07.14-01.30.00:281][566]PIE: Error: Blueprint Runtime Error: "Accessed None trying to read property K2Node_DynamicCast_AsPeoncito". Blueprint:  BarraVIda Function:  Get Text 0 Graph:  GetText_0 Node:  Return Node
[2025.07.14-01.30.00:299][567]PIE: Error: Blueprint Runtime Error: "Accessed None trying to read property K2Node_DynamicCast_AsPeoncito". Blueprint:  BarraVIda Function:  Get Text 0 Graph:  GetText_0 Node:  Return Node
[2025.07.14-01.30.00:319][568]PIE: Error: Blueprint Runtime Error: "Accessed None trying to read property K2Node_DynamicCast_AsPeoncito". Blueprint:  BarraVIda Function:  Get Text 0 Graph:  GetText_0 Node:  Return Node
[2025.07.14-01.30.00:335][569]PIE: Error: Blueprint Runtime Error: "Accessed None trying to read property K2Node_DynamicCast_AsPeoncito". Blueprint:  BarraVIda Function:  Get Text 0 Graph:  GetText_0 Node:  Return Node
[2025.07.14-01.30.00:353][570]PIE: Error: Blueprint Runtime Error: "Accessed None trying to read property K2Node_DynamicCast_AsPeoncito". Blueprint:  BarraVIda Function:  Get Text 0 Graph:  GetText_0 Node:  Return Node
[2025.07.14-01.30.00:375][571]PIE: Error: Blueprint Runtime Error: "Accessed None trying to read property K2Node_DynamicCast_AsPeoncito". Blueprint:  BarraVIda Function:  Get Text 0 Graph:  GetText_0 Node:  Return Node
[2025.07.14-01.30.00:396][572]PIE: Error: Blueprint Runtime Error: "Accessed None trying to read property K2Node_DynamicCast_AsPeoncito". Blueprint:  BarraVIda Function:  Get Text 0 Graph:  GetText_0 Node:  Return Node
[2025.07.14-01.30.00:416][573]PIE: Error: Blueprint Runtime Error: "Accessed None trying to read property K2Node_DynamicCast_AsPeoncito". Blueprint:  BarraVIda Function:  Get Text 0 Graph:  GetText_0 Node:  Return Node
[2025.07.14-01.30.00:435][574]PIE: Error: Blueprint Runtime Error: "Accessed None trying to read property K2Node_DynamicCast_AsPeoncito". Blueprint:  BarraVIda Function:  Get Text 0 Graph:  GetText_0 Node:  Return Node
[2025.07.14-01.30.00:455][575]PIE: Error: Blueprint Runtime Error: "Accessed None trying to read property K2Node_DynamicCast_AsPeoncito". Blueprint:  BarraVIda Function:  Get Text 0 Graph:  GetText_0 Node:  Return Node
[2025.07.14-01.30.00:476][576]PIE: Error: Blueprint Runtime Error: "Accessed None trying to read property K2Node_DynamicCast_AsPeoncito". Blueprint:  BarraVIda Function:  Get Text 0 Graph:  GetText_0 Node:  Return Node
[2025.07.14-01.30.00:495][577]PIE: Error: Blueprint Runtime Error: "Accessed None trying to read property K2Node_DynamicCast_AsPeoncito". Blueprint:  BarraVIda Function:  Get Text 0 Graph:  GetText_0 Node:  Return Node
[2025.07.14-01.30.00:513][578]PIE: Error: Blueprint Runtime Error: "Accessed None trying to read property K2Node_DynamicCast_AsPeoncito". Blueprint:  BarraVIda Function:  Get Text 0 Graph:  GetText_0 Node:  Return Node
[2025.07.14-01.30.00:533][579]PIE: Error: Blueprint Runtime Error: "Accessed None trying to read property K2Node_DynamicCast_AsPeoncito". Blueprint:  BarraVIda Function:  Get Text 0 Graph:  GetText_0 Node:  Return Node
[2025.07.14-01.30.00:553][580]PIE: Error: Blueprint Runtime Error: "Accessed None trying to read property K2Node_DynamicCast_AsPeoncito". Blueprint:  BarraVIda Function:  Get Text 0 Graph:  GetText_0 Node:  Return Node
[2025.07.14-01.30.00:572][581]PIE: Error: Blueprint Runtime Error: "Accessed None trying to read property K2Node_DynamicCast_AsPeoncito". Blueprint:  BarraVIda Function:  Get Text 0 Graph:  GetText_0 Node:  Return Node
[2025.07.14-01.30.00:589][582]PIE: Error: Blueprint Runtime Error: "Accessed None trying to read property K2Node_DynamicCast_AsPeoncito". Blueprint:  BarraVIda Function:  Get Text 0 Graph:  GetText_0 Node:  Return Node
[2025.07.14-01.30.00:607][583]PIE: Error: Blueprint Runtime Error: "Accessed None trying to read property K2Node_DynamicCast_AsPeoncito". Blueprint:  BarraVIda Function:  Get Text 0 Graph:  GetText_0 Node:  Return Node
[2025.07.14-01.30.00:626][584]PIE: Error: Blueprint Runtime Error: "Accessed None trying to read property K2Node_DynamicCast_AsPeoncito". Blueprint:  BarraVIda Function:  Get Text 0 Graph:  GetText_0 Node:  Return Node
[2025.07.14-01.30.00:644][585]PIE: Error: Blueprint Runtime Error: "Accessed None trying to read property K2Node_DynamicCast_AsPeoncito". Blueprint:  BarraVIda Function:  Get Text 0 Graph:  GetText_0 Node:  Return Node
[2025.07.14-01.30.00:660][586]PIE: Error: Blueprint Runtime Error: "Accessed None trying to read property K2Node_DynamicCast_AsPeoncito". Blueprint:  BarraVIda Function:  Get Text 0 Graph:  GetText_0 Node:  Return Node
[2025.07.14-01.30.00:677][587]PIE: Error: Blueprint Runtime Error: "Accessed None trying to read property K2Node_DynamicCast_AsPeoncito". Blueprint:  BarraVIda Function:  Get Text 0 Graph:  GetText_0 Node:  Return Node
[2025.07.14-01.30.00:693][588]PIE: Error: Blueprint Runtime Error: "Accessed None trying to read property K2Node_DynamicCast_AsPeoncito". Blueprint:  BarraVIda Function:  Get Text 0 Graph:  GetText_0 Node:  Return Node
[2025.07.14-01.30.00:711][589]PIE: Error: Blueprint Runtime Error: "Accessed None trying to read property K2Node_DynamicCast_AsPeoncito". Blueprint:  BarraVIda Function:  Get Text 0 Graph:  GetText_0 Node:  Return Node
[2025.07.14-01.30.00:779][590]LogSlate: Updating window title bar state: overlay mode, drag disabled, window buttons hidden, title bar hidden
[2025.07.14-01.30.00:779][590]LogWorld: BeginTearingDown for /Game/ThirdPersonBP/Maps/UEDPIE_0_Perdiste_Level
[2025.07.14-01.30.00:779][590]LogWorld: UWorld::CleanupWorld for Perdiste_Level, bSessionEnded=true, bCleanupResources=true
[2025.07.14-01.30.00:781][590]LogSlate: InvalidateAllWidgets triggered.  All widgets were invalidated
[2025.07.14-01.30.00:790][590]LogPlayLevel: Display: Shutting down PIE online subsystems
[2025.07.14-01.30.00:812][590]LogSlate: InvalidateAllWidgets triggered.  All widgets were invalidated
[2025.07.14-01.30.00:844][590]LogSlate: Updating window title bar state: overlay mode, drag disabled, window buttons hidden, title bar hidden
[2025.07.14-01.30.00:844][590]LogAudioMixer: FMixerPlatformXAudio2::StopAudioStream() called
[2025.07.14-01.30.00:846][590]LogAudioMixer: FMixerPlatformXAudio2::StopAudioStream() called
[2025.07.14-01.30.00:856][590]LogUObjectHash: Compacting FUObjectHashTables data took   4.21ms
[2025.07.14-01.30.01:103][591]LogPlayLevel: Display: Destroying online subsystem :Context_35
[2025.07.14-01.30.02:415][630]LogSlate: Window 'Message Log' being destroyed
[2025.07.14-01.30.02:456][630]LogSlate: Window 'Message Log' being destroyed
[2025.07.14-01.30.03:082][654]LogTemp: Repeating last play command: Selected Viewport
[2025.07.14-01.30.03:122][654]LogPlayLevel: PlayLevel: No blueprints needed recompiling
[2025.07.14-01.30.03:122][654]PIE: New page: PIE session: ThirdPersonExampleMap (Jul 13, 2025, 7:30:03 PM)
[2025.07.14-01.30.03:122][654]LogPlayLevel: Creating play world package: /Game/ThirdPersonBP/Maps/UEDPIE_0_ThirdPersonExampleMap
[2025.07.14-01.30.03:156][654]LogPlayLevel: PIE: StaticDuplicateObject took: (0.033791s)
[2025.07.14-01.30.03:158][654]LogAIModule: Creating AISystem for world ThirdPersonExampleMap
[2025.07.14-01.30.03:158][654]LogPlayLevel: PIE: World Init took: (0.002044s)
[2025.07.14-01.30.03:158][654]LogPlayLevel: PIE: Created PIE world by copying editor world from /Game/ThirdPersonBP/Maps/ThirdPersonExampleMap.ThirdPersonExampleMap to /Game/ThirdPersonBP/Maps/UEDPIE_0_ThirdPersonExampleMap.ThirdPersonExampleMap (0.036163s)
[2025.07.14-01.30.03:217][654]LogUObjectHash: Compacting FUObjectHashTables data took   5.02ms
[2025.07.14-01.30.03:219][654]LogAudio: Display: Creating Audio Device:                 Id: 13, Scope: Unique, Realtime: True
[2025.07.14-01.30.03:219][654]LogAudioMixer: Display: Audio Mixer Platform Settings:
[2025.07.14-01.30.03:219][654]LogAudioMixer: Display: 	Sample Rate:						  48000
[2025.07.14-01.30.03:219][654]LogAudioMixer: Display: 	Callback Buffer Frame Size Requested: 1024
[2025.07.14-01.30.03:219][654]LogAudioMixer: Display: 	Callback Buffer Frame Size To Use:	  1024
[2025.07.14-01.30.03:219][654]LogAudioMixer: Display: 	Number of buffers to queue:			  2
[2025.07.14-01.30.03:219][654]LogAudioMixer: Display: 	Max Channels (voices):				  32
[2025.07.14-01.30.03:219][654]LogAudioMixer: Display: 	Number of Async Source Workers:		  0
[2025.07.14-01.30.03:219][654]LogAudio: Display: AudioDevice MaxSources: 32
[2025.07.14-01.30.03:220][654]LogAudio: Display: Audio Spatialization Plugin: None (built-in).
[2025.07.14-01.30.03:220][654]LogAudio: Display: Audio Reverb Plugin: None (built-in).
[2025.07.14-01.30.03:220][654]LogAudio: Display: Audio Occlusion Plugin: None (built-in).
[2025.07.14-01.30.03:220][654]LogAudioMixer: Display: Initializing audio mixer.
[2025.07.14-01.30.03:229][654]LogAudioMixer: Display: 0: FrontLeft
[2025.07.14-01.30.03:229][654]LogAudioMixer: Display: 1: FrontRight
[2025.07.14-01.30.03:255][654]LogAudioMixer: Display: Using Audio Device Headphones (SOUNDPEATS Mini HS Stereo)
[2025.07.14-01.30.03:255][654]LogAudioMixer: Display: Initializing Sound Submixes...
[2025.07.14-01.30.03:255][654]LogAudioMixer: Display: Creating Master Submix 'MasterSubmixDefault'
[2025.07.14-01.30.03:255][654]LogAudioMixer: Display: Creating Master Submix 'MasterReverbSubmixDefault'
[2025.07.14-01.30.03:256][654]LogAudioMixer: Display: Creating Master Submix 'MasterEQSubmixDefault'
[2025.07.14-01.30.03:256][654]LogAudioMixer: FMixerPlatformXAudio2::StartAudioStream() called
[2025.07.14-01.30.03:256][654]LogAudioMixer: Display: Output buffers initialized: Frames=1024, Channels=2, Samples=2048
[2025.07.14-01.30.03:257][654]LogAudioMixer: Display: Starting AudioMixerPlatformInterface::RunInternal()
[2025.07.14-01.30.03:257][654]LogAudioMixer: Display: FMixerPlatformXAudio2::SubmitBuffer() called for the first time
[2025.07.14-01.30.03:257][654]LogInit: FAudioDevice initialized.
[2025.07.14-01.30.03:258][654]LogAudio: Display: Audio Device (ID: 13) registered with world 'ThirdPersonExampleMap'.
[2025.07.14-01.30.03:278][654]LogLoad: Game class is 'ReglasJuego_C'
[2025.07.14-01.30.03:290][654]LogWorld: Bringing World /Game/ThirdPersonBP/Maps/UEDPIE_0_ThirdPersonExampleMap.ThirdPersonExampleMap up for play (max tick rate 60) at 2025.07.13-22.30.03
[2025.07.14-01.30.03:290][654]LogWorld: Bringing up level for play took: 0.009391
[2025.07.14-01.30.03:290][654]LogOnline: OSS: Creating online subsystem instance for: :Context_36
[2025.07.14-01.30.03:292][654]LogBlueprintUserMessages: [plataforma_2] Buenas buenas!
[2025.07.14-01.30.03:295][654]PIE: Server logged in
[2025.07.14-01.30.03:295][654]PIE: Play in editor total start time 0.195 seconds.
[2025.07.14-01.30.06:593][811]LogBlueprintUserMessages: [bala_C_5] El peoncito perdio 10 de vida!!!!
[2025.07.14-01.30.07:055][832]LogBlueprintUserMessages: [Balaza_C_1] Le reste 30 al peoncito
[2025.07.14-01.30.07:179][838]LogBlueprintUserMessages: [bala_C_7] Le reste 50 al bad guy
[2025.07.14-01.30.07:316][844]LogBlueprintUserMessages: [bala_C_8] El peoncito perdio 10 de vida!!!!
[2025.07.14-01.30.07:359][846]LogBlueprintUserMessages: [bala_C_10] Le reste 50 al bad guy
[2025.07.14-01.30.07:381][847]LogBlueprintUserMessages: [bad_guy2_2] Bad guy  Destruido!
[2025.07.14-01.30.08:115][880]LogBlueprintUserMessages: [bala_C_3] Le reste 25 al bad fella
[2025.07.14-01.30.09:092][925]LogBlueprintUserMessages: [bala_C_14] Le reste 25 al bad fella
[2025.07.14-01.30.10:264][979]LogBlueprintUserMessages: [bala_C_16] Le reste 25 a la torreta
[2025.07.14-01.30.10:264][979]LogBlueprintUserMessages: [Torreta_2] algo me ataveso!
[2025.07.14-01.30.11:030][ 13]LogBlueprintUserMessages: [bala_C_14] Le reste 25 al bad fella
[2025.07.14-01.30.11:186][ 20]LogBlueprintUserMessages: [bala_C_19] Le reste 25 a la torreta
[2025.07.14-01.30.11:186][ 20]LogBlueprintUserMessages: [Torreta_2] algo me ataveso!
[2025.07.14-01.30.11:206][ 21]LogBlueprintUserMessages: [Torreta_2] Torreta Destruida!
[2025.07.14-01.30.12:108][ 61]LogBlueprintUserMessages: [bala_C_22] Le reste 25 al bad fella
[2025.07.14-01.30.12:229][ 67]LogBlueprintUserMessages: [bala_C_22] Le reste 25 al bad fella
[2025.07.14-01.30.12:250][ 68]LogBlueprintUserMessages: [bad_fella2_2] Bad fella  Destruido!
[2025.07.14-01.30.12:605][ 85]LogBlueprintUserMessages: [bala_C_22] El peoncito perdio 10 de vida!!!!
[2025.07.14-01.30.15:124][199]LogBlueprintUserMessages: [bala_C_30] Le reste 25 al bad fella
[2025.07.14-01.30.15:144][200]LogBlueprintUserMessages: [bala_C_26] Le reste 25 a la torreta
[2025.07.14-01.30.15:144][200]LogBlueprintUserMessages: [Torreta2_5] algo me ataveso!
[2025.07.14-01.30.15:608][221]LogBlueprintUserMessages: [bala_C_28] Le reste 25 a la torreta
[2025.07.14-01.30.15:609][221]LogBlueprintUserMessages: [Torreta2_5] algo me ataveso!
[2025.07.14-01.30.15:627][222]LogBlueprintUserMessages: [Torreta2_5] Torreta Destruida!
[2025.07.14-01.30.18:145][330]LogBlueprintUserMessages: [bala_C_39] Le reste 25 al bad fella
[2025.07.14-01.30.22:276][512]LogBlueprintUserMessages: [Balaza2_C_5] Le reste 50 al peoncito
[2025.07.14-01.30.22:278][512]LogBlueprintUserMessages: [peoncito_2] El peoncito murio
[2025.07.14-01.30.22:278][512]LogBlueprintUserMessages: [ReglasJuego_C_0] Noo, perdiste!
[2025.07.14-01.30.22:282][512]LogScript: Warning: Accessed None trying to read property K2Node_DynamicCast_AsPeoncito
	BarraVIda_C /Engine/Transient.UnrealEdEngine_0:GameInstance_11.BarraVIda_C_0
	Function /Game/ThirdPersonBP/Blueprints/blueprints/BarraVIda.BarraVIda_C:GetText_0:0099
[2025.07.14-01.30.22:282][512]PIE: Error: Blueprint Runtime Error: "Accessed None trying to read property K2Node_DynamicCast_AsPeoncito". Blueprint:  BarraVIda Function:  Get Text 0 Graph:  GetText_0 Node:  Return Node
[2025.07.14-01.30.22:299][513]LogNet: Browse: /Game/ThirdPersonBP/Maps/Perdiste_Level
[2025.07.14-01.30.22:299][513]LogLoad: LoadMap: /Game/ThirdPersonBP/Maps/Perdiste_Level
[2025.07.14-01.30.22:299][513]LogWorld: BeginTearingDown for /Game/ThirdPersonBP/Maps/UEDPIE_0_ThirdPersonExampleMap
[2025.07.14-01.30.22:300][513]LogWorld: UWorld::CleanupWorld for ThirdPersonExampleMap, bSessionEnded=true, bCleanupResources=true
[2025.07.14-01.30.22:301][513]LogSlate: InvalidateAllWidgets triggered.  All widgets were invalidated
[2025.07.14-01.30.22:379][513]LogAudio: Display: Audio Device unregistered from world 'None'.
[2025.07.14-01.30.22:385][513]LogUObjectHash: Compacting FUObjectHashTables data took   4.41ms
[2025.07.14-01.30.22:415][513]LogAudio: Display: Audio Device (ID: 13) registered with world 'Perdiste_Level'.
[2025.07.14-01.30.22:417][513]LogAIModule: Creating AISystem for world Perdiste_Level
[2025.07.14-01.30.22:418][513]LogLoad: Game class is 'ReglasJuego_C'
[2025.07.14-01.30.22:487][513]LogWorld: Bringing World /Game/ThirdPersonBP/Maps/UEDPIE_0_Perdiste_Level.Perdiste_Level up for play (max tick rate 60) at 2025.07.13-22.30.22
[2025.07.14-01.30.22:488][513]LogWorld: Bringing up level for play took: 0.068693
[2025.07.14-01.30.22:488][513]LogGameMode: FindPlayerStart: PATHS NOT DEFINED or NO PLAYERSTART with positive rating
[2025.07.14-01.30.22:491][513]LogBlueprintUserMessages: [plataforma_2] Buenas buenas!
[2025.07.14-01.30.22:493][513]LogLoad: Took 0.193815 seconds to LoadMap(/Game/ThirdPersonBP/Maps/Perdiste_Level)
[2025.07.14-01.30.22:551][513]PIE: Error: Blueprint Runtime Error: "Accessed None trying to read property K2Node_DynamicCast_AsPeoncito". Blueprint:  BarraVIda Function:  Get Text 0 Graph:  GetText_0 Node:  Return Node
[2025.07.14-01.30.22:580][514]PIE: Error: Blueprint Runtime Error: "Accessed None trying to read property K2Node_DynamicCast_AsPeoncito". Blueprint:  BarraVIda Function:  Get Text 0 Graph:  GetText_0 Node:  Return Node
[2025.07.14-01.30.22:597][515]PIE: Error: Blueprint Runtime Error: "Accessed None trying to read property K2Node_DynamicCast_AsPeoncito". Blueprint:  BarraVIda Function:  Get Text 0 Graph:  GetText_0 Node:  Return Node
[2025.07.14-01.30.22:614][516]PIE: Error: Blueprint Runtime Error: "Accessed None trying to read property K2Node_DynamicCast_AsPeoncito". Blueprint:  BarraVIda Function:  Get Text 0 Graph:  GetText_0 Node:  Return Node
[2025.07.14-01.30.22:632][517]PIE: Error: Blueprint Runtime Error: "Accessed None trying to read property K2Node_DynamicCast_AsPeoncito". Blueprint:  BarraVIda Function:  Get Text 0 Graph:  GetText_0 Node:  Return Node
[2025.07.14-01.30.22:651][518]PIE: Error: Blueprint Runtime Error: "Accessed None trying to read property K2Node_DynamicCast_AsPeoncito". Blueprint:  BarraVIda Function:  Get Text 0 Graph:  GetText_0 Node:  Return Node
[2025.07.14-01.30.22:670][519]PIE: Error: Blueprint Runtime Error: "Accessed None trying to read property K2Node_DynamicCast_AsPeoncito". Blueprint:  BarraVIda Function:  Get Text 0 Graph:  GetText_0 Node:  Return Node
[2025.07.14-01.30.22:690][520]PIE: Error: Blueprint Runtime Error: "Accessed None trying to read property K2Node_DynamicCast_AsPeoncito". Blueprint:  BarraVIda Function:  Get Text 0 Graph:  GetText_0 Node:  Return Node
[2025.07.14-01.30.22:713][521]PIE: Error: Blueprint Runtime Error: "Accessed None trying to read property K2Node_DynamicCast_AsPeoncito". Blueprint:  BarraVIda Function:  Get Text 0 Graph:  GetText_0 Node:  Return Node
[2025.07.14-01.30.22:734][522]PIE: Error: Blueprint Runtime Error: "Accessed None trying to read property K2Node_DynamicCast_AsPeoncito". Blueprint:  BarraVIda Function:  Get Text 0 Graph:  GetText_0 Node:  Return Node
[2025.07.14-01.30.22:756][523]PIE: Error: Blueprint Runtime Error: "Accessed None trying to read property K2Node_DynamicCast_AsPeoncito". Blueprint:  BarraVIda Function:  Get Text 0 Graph:  GetText_0 Node:  Return Node
[2025.07.14-01.30.22:778][524]PIE: Error: Blueprint Runtime Error: "Accessed None trying to read property K2Node_DynamicCast_AsPeoncito". Blueprint:  BarraVIda Function:  Get Text 0 Graph:  GetText_0 Node:  Return Node
[2025.07.14-01.30.22:799][525]PIE: Error: Blueprint Runtime Error: "Accessed None trying to read property K2Node_DynamicCast_AsPeoncito". Blueprint:  BarraVIda Function:  Get Text 0 Graph:  GetText_0 Node:  Return Node
[2025.07.14-01.30.22:819][526]PIE: Error: Blueprint Runtime Error: "Accessed None trying to read property K2Node_DynamicCast_AsPeoncito". Blueprint:  BarraVIda Function:  Get Text 0 Graph:  GetText_0 Node:  Return Node
[2025.07.14-01.30.22:843][527]PIE: Error: Blueprint Runtime Error: "Accessed None trying to read property K2Node_DynamicCast_AsPeoncito". Blueprint:  BarraVIda Function:  Get Text 0 Graph:  GetText_0 Node:  Return Node
[2025.07.14-01.30.22:862][528]PIE: Error: Blueprint Runtime Error: "Accessed None trying to read property K2Node_DynamicCast_AsPeoncito". Blueprint:  BarraVIda Function:  Get Text 0 Graph:  GetText_0 Node:  Return Node
[2025.07.14-01.30.22:880][529]PIE: Error: Blueprint Runtime Error: "Accessed None trying to read property K2Node_DynamicCast_AsPeoncito". Blueprint:  BarraVIda Function:  Get Text 0 Graph:  GetText_0 Node:  Return Node
[2025.07.14-01.30.22:899][530]PIE: Error: Blueprint Runtime Error: "Accessed None trying to read property K2Node_DynamicCast_AsPeoncito". Blueprint:  BarraVIda Function:  Get Text 0 Graph:  GetText_0 Node:  Return Node
[2025.07.14-01.30.22:915][531]PIE: Error: Blueprint Runtime Error: "Accessed None trying to read property K2Node_DynamicCast_AsPeoncito". Blueprint:  BarraVIda Function:  Get Text 0 Graph:  GetText_0 Node:  Return Node
[2025.07.14-01.30.22:933][532]PIE: Error: Blueprint Runtime Error: "Accessed None trying to read property K2Node_DynamicCast_AsPeoncito". Blueprint:  BarraVIda Function:  Get Text 0 Graph:  GetText_0 Node:  Return Node
[2025.07.14-01.30.22:953][533]PIE: Error: Blueprint Runtime Error: "Accessed None trying to read property K2Node_DynamicCast_AsPeoncito". Blueprint:  BarraVIda Function:  Get Text 0 Graph:  GetText_0 Node:  Return Node
[2025.07.14-01.30.22:971][534]PIE: Error: Blueprint Runtime Error: "Accessed None trying to read property K2Node_DynamicCast_AsPeoncito". Blueprint:  BarraVIda Function:  Get Text 0 Graph:  GetText_0 Node:  Return Node
[2025.07.14-01.30.22:990][535]PIE: Error: Blueprint Runtime Error: "Accessed None trying to read property K2Node_DynamicCast_AsPeoncito". Blueprint:  BarraVIda Function:  Get Text 0 Graph:  GetText_0 Node:  Return Node
[2025.07.14-01.30.23:009][536]PIE: Error: Blueprint Runtime Error: "Accessed None trying to read property K2Node_DynamicCast_AsPeoncito". Blueprint:  BarraVIda Function:  Get Text 0 Graph:  GetText_0 Node:  Return Node
[2025.07.14-01.30.23:028][537]PIE: Error: Blueprint Runtime Error: "Accessed None trying to read property K2Node_DynamicCast_AsPeoncito". Blueprint:  BarraVIda Function:  Get Text 0 Graph:  GetText_0 Node:  Return Node
[2025.07.14-01.30.23:046][538]PIE: Error: Blueprint Runtime Error: "Accessed None trying to read property K2Node_DynamicCast_AsPeoncito". Blueprint:  BarraVIda Function:  Get Text 0 Graph:  GetText_0 Node:  Return Node
[2025.07.14-01.30.23:062][539]PIE: Error: Blueprint Runtime Error: "Accessed None trying to read property K2Node_DynamicCast_AsPeoncito". Blueprint:  BarraVIda Function:  Get Text 0 Graph:  GetText_0 Node:  Return Node
[2025.07.14-01.30.23:079][540]PIE: Error: Blueprint Runtime Error: "Accessed None trying to read property K2Node_DynamicCast_AsPeoncito". Blueprint:  BarraVIda Function:  Get Text 0 Graph:  GetText_0 Node:  Return Node
[2025.07.14-01.30.23:096][541]PIE: Error: Blueprint Runtime Error: "Accessed None trying to read property K2Node_DynamicCast_AsPeoncito". Blueprint:  BarraVIda Function:  Get Text 0 Graph:  GetText_0 Node:  Return Node
[2025.07.14-01.30.23:113][542]PIE: Error: Blueprint Runtime Error: "Accessed None trying to read property K2Node_DynamicCast_AsPeoncito". Blueprint:  BarraVIda Function:  Get Text 0 Graph:  GetText_0 Node:  Return Node
[2025.07.14-01.30.23:132][543]PIE: Error: Blueprint Runtime Error: "Accessed None trying to read property K2Node_DynamicCast_AsPeoncito". Blueprint:  BarraVIda Function:  Get Text 0 Graph:  GetText_0 Node:  Return Node
[2025.07.14-01.30.23:152][544]PIE: Error: Blueprint Runtime Error: "Accessed None trying to read property K2Node_DynamicCast_AsPeoncito". Blueprint:  BarraVIda Function:  Get Text 0 Graph:  GetText_0 Node:  Return Node
[2025.07.14-01.30.23:172][545]PIE: Error: Blueprint Runtime Error: "Accessed None trying to read property K2Node_DynamicCast_AsPeoncito". Blueprint:  BarraVIda Function:  Get Text 0 Graph:  GetText_0 Node:  Return Node
[2025.07.14-01.30.23:192][546]PIE: Error: Blueprint Runtime Error: "Accessed None trying to read property K2Node_DynamicCast_AsPeoncito". Blueprint:  BarraVIda Function:  Get Text 0 Graph:  GetText_0 Node:  Return Node
[2025.07.14-01.30.23:213][547]PIE: Error: Blueprint Runtime Error: "Accessed None trying to read property K2Node_DynamicCast_AsPeoncito". Blueprint:  BarraVIda Function:  Get Text 0 Graph:  GetText_0 Node:  Return Node
[2025.07.14-01.30.23:233][548]PIE: Error: Blueprint Runtime Error: "Accessed None trying to read property K2Node_DynamicCast_AsPeoncito". Blueprint:  BarraVIda Function:  Get Text 0 Graph:  GetText_0 Node:  Return Node
[2025.07.14-01.30.23:254][549]PIE: Error: Blueprint Runtime Error: "Accessed None trying to read property K2Node_DynamicCast_AsPeoncito". Blueprint:  BarraVIda Function:  Get Text 0 Graph:  GetText_0 Node:  Return Node
[2025.07.14-01.30.23:274][550]PIE: Error: Blueprint Runtime Error: "Accessed None trying to read property K2Node_DynamicCast_AsPeoncito". Blueprint:  BarraVIda Function:  Get Text 0 Graph:  GetText_0 Node:  Return Node
[2025.07.14-01.30.23:293][551]PIE: Error: Blueprint Runtime Error: "Accessed None trying to read property K2Node_DynamicCast_AsPeoncito". Blueprint:  BarraVIda Function:  Get Text 0 Graph:  GetText_0 Node:  Return Node
[2025.07.14-01.30.23:315][552]PIE: Error: Blueprint Runtime Error: "Accessed None trying to read property K2Node_DynamicCast_AsPeoncito". Blueprint:  BarraVIda Function:  Get Text 0 Graph:  GetText_0 Node:  Return Node
[2025.07.14-01.30.23:335][553]PIE: Error: Blueprint Runtime Error: "Accessed None trying to read property K2Node_DynamicCast_AsPeoncito". Blueprint:  BarraVIda Function:  Get Text 0 Graph:  GetText_0 Node:  Return Node
[2025.07.14-01.30.23:352][554]PIE: Error: Blueprint Runtime Error: "Accessed None trying to read property K2Node_DynamicCast_AsPeoncito". Blueprint:  BarraVIda Function:  Get Text 0 Graph:  GetText_0 Node:  Return Node
[2025.07.14-01.30.23:372][555]PIE: Error: Blueprint Runtime Error: "Accessed None trying to read property K2Node_DynamicCast_AsPeoncito". Blueprint:  BarraVIda Function:  Get Text 0 Graph:  GetText_0 Node:  Return Node
[2025.07.14-01.30.23:392][556]PIE: Error: Blueprint Runtime Error: "Accessed None trying to read property K2Node_DynamicCast_AsPeoncito". Blueprint:  BarraVIda Function:  Get Text 0 Graph:  GetText_0 Node:  Return Node
[2025.07.14-01.30.23:413][557]PIE: Error: Blueprint Runtime Error: "Accessed None trying to read property K2Node_DynamicCast_AsPeoncito". Blueprint:  BarraVIda Function:  Get Text 0 Graph:  GetText_0 Node:  Return Node
[2025.07.14-01.30.23:430][558]PIE: Error: Blueprint Runtime Error: "Accessed None trying to read property K2Node_DynamicCast_AsPeoncito". Blueprint:  BarraVIda Function:  Get Text 0 Graph:  GetText_0 Node:  Return Node
[2025.07.14-01.30.23:448][559]PIE: Error: Blueprint Runtime Error: "Accessed None trying to read property K2Node_DynamicCast_AsPeoncito". Blueprint:  BarraVIda Function:  Get Text 0 Graph:  GetText_0 Node:  Return Node
[2025.07.14-01.30.23:465][560]PIE: Error: Blueprint Runtime Error: "Accessed None trying to read property K2Node_DynamicCast_AsPeoncito". Blueprint:  BarraVIda Function:  Get Text 0 Graph:  GetText_0 Node:  Return Node
[2025.07.14-01.30.23:484][561]PIE: Error: Blueprint Runtime Error: "Accessed None trying to read property K2Node_DynamicCast_AsPeoncito". Blueprint:  BarraVIda Function:  Get Text 0 Graph:  GetText_0 Node:  Return Node
[2025.07.14-01.30.23:503][562]PIE: Error: Blueprint Runtime Error: "Accessed None trying to read property K2Node_DynamicCast_AsPeoncito". Blueprint:  BarraVIda Function:  Get Text 0 Graph:  GetText_0 Node:  Return Node
[2025.07.14-01.30.23:523][563]PIE: Error: Blueprint Runtime Error: "Accessed None trying to read property K2Node_DynamicCast_AsPeoncito". Blueprint:  BarraVIda Function:  Get Text 0 Graph:  GetText_0 Node:  Return Node
[2025.07.14-01.30.23:545][564]PIE: Error: Blueprint Runtime Error: "Accessed None trying to read property K2Node_DynamicCast_AsPeoncito". Blueprint:  BarraVIda Function:  Get Text 0 Graph:  GetText_0 Node:  Return Node
[2025.07.14-01.30.23:565][565]PIE: Error: Blueprint Runtime Error: "Accessed None trying to read property K2Node_DynamicCast_AsPeoncito". Blueprint:  BarraVIda Function:  Get Text 0 Graph:  GetText_0 Node:  Return Node
[2025.07.14-01.30.23:583][566]PIE: Error: Blueprint Runtime Error: "Accessed None trying to read property K2Node_DynamicCast_AsPeoncito". Blueprint:  BarraVIda Function:  Get Text 0 Graph:  GetText_0 Node:  Return Node
[2025.07.14-01.30.23:601][567]PIE: Error: Blueprint Runtime Error: "Accessed None trying to read property K2Node_DynamicCast_AsPeoncito". Blueprint:  BarraVIda Function:  Get Text 0 Graph:  GetText_0 Node:  Return Node
[2025.07.14-01.30.23:618][568]PIE: Error: Blueprint Runtime Error: "Accessed None trying to read property K2Node_DynamicCast_AsPeoncito". Blueprint:  BarraVIda Function:  Get Text 0 Graph:  GetText_0 Node:  Return Node
[2025.07.14-01.30.23:636][569]PIE: Error: Blueprint Runtime Error: "Accessed None trying to read property K2Node_DynamicCast_AsPeoncito". Blueprint:  BarraVIda Function:  Get Text 0 Graph:  GetText_0 Node:  Return Node
[2025.07.14-01.30.23:655][570]PIE: Error: Blueprint Runtime Error: "Accessed None trying to read property K2Node_DynamicCast_AsPeoncito". Blueprint:  BarraVIda Function:  Get Text 0 Graph:  GetText_0 Node:  Return Node
[2025.07.14-01.30.23:672][571]PIE: Error: Blueprint Runtime Error: "Accessed None trying to read property K2Node_DynamicCast_AsPeoncito". Blueprint:  BarraVIda Function:  Get Text 0 Graph:  GetText_0 Node:  Return Node
[2025.07.14-01.30.23:689][572]PIE: Error: Blueprint Runtime Error: "Accessed None trying to read property K2Node_DynamicCast_AsPeoncito". Blueprint:  BarraVIda Function:  Get Text 0 Graph:  GetText_0 Node:  Return Node
[2025.07.14-01.30.23:709][573]PIE: Error: Blueprint Runtime Error: "Accessed None trying to read property K2Node_DynamicCast_AsPeoncito". Blueprint:  BarraVIda Function:  Get Text 0 Graph:  GetText_0 Node:  Return Node
[2025.07.14-01.30.23:727][574]PIE: Error: Blueprint Runtime Error: "Accessed None trying to read property K2Node_DynamicCast_AsPeoncito". Blueprint:  BarraVIda Function:  Get Text 0 Graph:  GetText_0 Node:  Return Node
[2025.07.14-01.30.23:744][575]PIE: Error: Blueprint Runtime Error: "Accessed None trying to read property K2Node_DynamicCast_AsPeoncito". Blueprint:  BarraVIda Function:  Get Text 0 Graph:  GetText_0 Node:  Return Node
[2025.07.14-01.30.23:761][576]PIE: Error: Blueprint Runtime Error: "Accessed None trying to read property K2Node_DynamicCast_AsPeoncito". Blueprint:  BarraVIda Function:  Get Text 0 Graph:  GetText_0 Node:  Return Node
[2025.07.14-01.30.23:778][577]PIE: Error: Blueprint Runtime Error: "Accessed None trying to read property K2Node_DynamicCast_AsPeoncito". Blueprint:  BarraVIda Function:  Get Text 0 Graph:  GetText_0 Node:  Return Node
[2025.07.14-01.30.23:794][578]PIE: Error: Blueprint Runtime Error: "Accessed None trying to read property K2Node_DynamicCast_AsPeoncito". Blueprint:  BarraVIda Function:  Get Text 0 Graph:  GetText_0 Node:  Return Node
[2025.07.14-01.30.23:811][579]PIE: Error: Blueprint Runtime Error: "Accessed None trying to read property K2Node_DynamicCast_AsPeoncito". Blueprint:  BarraVIda Function:  Get Text 0 Graph:  GetText_0 Node:  Return Node
[2025.07.14-01.30.23:827][580]PIE: Error: Blueprint Runtime Error: "Accessed None trying to read property K2Node_DynamicCast_AsPeoncito". Blueprint:  BarraVIda Function:  Get Text 0 Graph:  GetText_0 Node:  Return Node
[2025.07.14-01.30.23:845][581]PIE: Error: Blueprint Runtime Error: "Accessed None trying to read property K2Node_DynamicCast_AsPeoncito". Blueprint:  BarraVIda Function:  Get Text 0 Graph:  GetText_0 Node:  Return Node
[2025.07.14-01.30.23:862][582]PIE: Error: Blueprint Runtime Error: "Accessed None trying to read property K2Node_DynamicCast_AsPeoncito". Blueprint:  BarraVIda Function:  Get Text 0 Graph:  GetText_0 Node:  Return Node
[2025.07.14-01.30.23:881][583]PIE: Error: Blueprint Runtime Error: "Accessed None trying to read property K2Node_DynamicCast_AsPeoncito". Blueprint:  BarraVIda Function:  Get Text 0 Graph:  GetText_0 Node:  Return Node
[2025.07.14-01.30.23:899][584]PIE: Error: Blueprint Runtime Error: "Accessed None trying to read property K2Node_DynamicCast_AsPeoncito". Blueprint:  BarraVIda Function:  Get Text 0 Graph:  GetText_0 Node:  Return Node
[2025.07.14-01.30.23:916][585]PIE: Error: Blueprint Runtime Error: "Accessed None trying to read property K2Node_DynamicCast_AsPeoncito". Blueprint:  BarraVIda Function:  Get Text 0 Graph:  GetText_0 Node:  Return Node
[2025.07.14-01.30.23:937][586]PIE: Error: Blueprint Runtime Error: "Accessed None trying to read property K2Node_DynamicCast_AsPeoncito". Blueprint:  BarraVIda Function:  Get Text 0 Graph:  GetText_0 Node:  Return Node
[2025.07.14-01.30.23:959][587]PIE: Error: Blueprint Runtime Error: "Accessed None trying to read property K2Node_DynamicCast_AsPeoncito". Blueprint:  BarraVIda Function:  Get Text 0 Graph:  GetText_0 Node:  Return Node
[2025.07.14-01.30.23:980][588]PIE: Error: Blueprint Runtime Error: "Accessed None trying to read property K2Node_DynamicCast_AsPeoncito". Blueprint:  BarraVIda Function:  Get Text 0 Graph:  GetText_0 Node:  Return Node
[2025.07.14-01.30.23:999][589]PIE: Error: Blueprint Runtime Error: "Accessed None trying to read property K2Node_DynamicCast_AsPeoncito". Blueprint:  BarraVIda Function:  Get Text 0 Graph:  GetText_0 Node:  Return Node
[2025.07.14-01.30.24:019][590]PIE: Error: Blueprint Runtime Error: "Accessed None trying to read property K2Node_DynamicCast_AsPeoncito". Blueprint:  BarraVIda Function:  Get Text 0 Graph:  GetText_0 Node:  Return Node
[2025.07.14-01.30.24:036][591]PIE: Error: Blueprint Runtime Error: "Accessed None trying to read property K2Node_DynamicCast_AsPeoncito". Blueprint:  BarraVIda Function:  Get Text 0 Graph:  GetText_0 Node:  Return Node
[2025.07.14-01.30.24:055][592]PIE: Error: Blueprint Runtime Error: "Accessed None trying to read property K2Node_DynamicCast_AsPeoncito". Blueprint:  BarraVIda Function:  Get Text 0 Graph:  GetText_0 Node:  Return Node
[2025.07.14-01.30.24:075][593]PIE: Error: Blueprint Runtime Error: "Accessed None trying to read property K2Node_DynamicCast_AsPeoncito". Blueprint:  BarraVIda Function:  Get Text 0 Graph:  GetText_0 Node:  Return Node
[2025.07.14-01.30.24:095][594]PIE: Error: Blueprint Runtime Error: "Accessed None trying to read property K2Node_DynamicCast_AsPeoncito". Blueprint:  BarraVIda Function:  Get Text 0 Graph:  GetText_0 Node:  Return Node
[2025.07.14-01.30.24:112][595]PIE: Error: Blueprint Runtime Error: "Accessed None trying to read property K2Node_DynamicCast_AsPeoncito". Blueprint:  BarraVIda Function:  Get Text 0 Graph:  GetText_0 Node:  Return Node
[2025.07.14-01.30.24:180][596]LogSlate: Updating window title bar state: overlay mode, drag disabled, window buttons hidden, title bar hidden
[2025.07.14-01.30.24:181][596]LogWorld: BeginTearingDown for /Game/ThirdPersonBP/Maps/UEDPIE_0_Perdiste_Level
[2025.07.14-01.30.24:181][596]LogWorld: UWorld::CleanupWorld for Perdiste_Level, bSessionEnded=true, bCleanupResources=true
[2025.07.14-01.30.24:182][596]LogSlate: InvalidateAllWidgets triggered.  All widgets were invalidated
[2025.07.14-01.30.24:192][596]LogPlayLevel: Display: Shutting down PIE online subsystems
[2025.07.14-01.30.24:222][596]LogSlate: InvalidateAllWidgets triggered.  All widgets were invalidated
[2025.07.14-01.30.24:256][596]LogSlate: Updating window title bar state: overlay mode, drag disabled, window buttons hidden, title bar hidden
[2025.07.14-01.30.24:256][596]LogAudioMixer: FMixerPlatformXAudio2::StopAudioStream() called
[2025.07.14-01.30.24:258][596]LogAudioMixer: FMixerPlatformXAudio2::StopAudioStream() called
[2025.07.14-01.30.24:267][596]LogUObjectHash: Compacting FUObjectHashTables data took   3.81ms
[2025.07.14-01.30.24:531][597]LogPlayLevel: Display: Destroying online subsystem :Context_36
[2025.07.14-01.30.25:787][637]LogSlate: Window 'Message Log' being destroyed
[2025.07.14-01.30.25:829][637]LogSlate: Window 'Message Log' being destroyed
[2025.07.14-01.30.26:567][664]LogTemp: Repeating last play command: Selected Viewport
[2025.07.14-01.30.26:604][664]LogPlayLevel: PlayLevel: No blueprints needed recompiling
[2025.07.14-01.30.26:604][664]PIE: New page: PIE session: ThirdPersonExampleMap (Jul 13, 2025, 7:30:26 PM)
[2025.07.14-01.30.26:604][664]LogPlayLevel: Creating play world package: /Game/ThirdPersonBP/Maps/UEDPIE_0_ThirdPersonExampleMap
[2025.07.14-01.30.26:627][664]LogPlayLevel: PIE: StaticDuplicateObject took: (0.023292s)
[2025.07.14-01.30.26:628][664]LogAIModule: Creating AISystem for world ThirdPersonExampleMap
[2025.07.14-01.30.26:628][664]LogPlayLevel: PIE: World Init took: (0.001253s)
[2025.07.14-01.30.26:628][664]LogPlayLevel: PIE: Created PIE world by copying editor world from /Game/ThirdPersonBP/Maps/ThirdPersonExampleMap.ThirdPersonExampleMap to /Game/ThirdPersonBP/Maps/UEDPIE_0_ThirdPersonExampleMap.ThirdPersonExampleMap (0.024759s)
[2025.07.14-01.30.26:667][664]LogUObjectHash: Compacting FUObjectHashTables data took   4.15ms
[2025.07.14-01.30.26:668][664]LogAudio: Display: Creating Audio Device:                 Id: 14, Scope: Unique, Realtime: True
[2025.07.14-01.30.26:668][664]LogAudioMixer: Display: Audio Mixer Platform Settings:
[2025.07.14-01.30.26:668][664]LogAudioMixer: Display: 	Sample Rate:						  48000
[2025.07.14-01.30.26:668][664]LogAudioMixer: Display: 	Callback Buffer Frame Size Requested: 1024
[2025.07.14-01.30.26:668][664]LogAudioMixer: Display: 	Callback Buffer Frame Size To Use:	  1024
[2025.07.14-01.30.26:668][664]LogAudioMixer: Display: 	Number of buffers to queue:			  2
[2025.07.14-01.30.26:668][664]LogAudioMixer: Display: 	Max Channels (voices):				  32
[2025.07.14-01.30.26:669][664]LogAudioMixer: Display: 	Number of Async Source Workers:		  0
[2025.07.14-01.30.26:669][664]LogAudio: Display: AudioDevice MaxSources: 32
[2025.07.14-01.30.26:669][664]LogAudio: Display: Audio Spatialization Plugin: None (built-in).
[2025.07.14-01.30.26:669][664]LogAudio: Display: Audio Reverb Plugin: None (built-in).
[2025.07.14-01.30.26:669][664]LogAudio: Display: Audio Occlusion Plugin: None (built-in).
[2025.07.14-01.30.26:669][664]LogAudioMixer: Display: Initializing audio mixer.
[2025.07.14-01.30.26:676][664]LogAudioMixer: Display: 0: FrontLeft
[2025.07.14-01.30.26:676][664]LogAudioMixer: Display: 1: FrontRight
[2025.07.14-01.30.26:695][664]LogAudioMixer: Display: Using Audio Device Headphones (SOUNDPEATS Mini HS Stereo)
[2025.07.14-01.30.26:695][664]LogAudioMixer: Display: Initializing Sound Submixes...
[2025.07.14-01.30.26:695][664]LogAudioMixer: Display: Creating Master Submix 'MasterSubmixDefault'
[2025.07.14-01.30.26:695][664]LogAudioMixer: Display: Creating Master Submix 'MasterReverbSubmixDefault'
[2025.07.14-01.30.26:696][664]LogAudioMixer: Display: Creating Master Submix 'MasterEQSubmixDefault'
[2025.07.14-01.30.26:696][664]LogAudioMixer: FMixerPlatformXAudio2::StartAudioStream() called
[2025.07.14-01.30.26:696][664]LogAudioMixer: Display: Output buffers initialized: Frames=1024, Channels=2, Samples=2048
[2025.07.14-01.30.26:697][664]LogAudioMixer: Display: Starting AudioMixerPlatformInterface::RunInternal()
[2025.07.14-01.30.26:697][664]LogAudioMixer: Display: FMixerPlatformXAudio2::SubmitBuffer() called for the first time
[2025.07.14-01.30.26:697][664]LogInit: FAudioDevice initialized.
[2025.07.14-01.30.26:697][664]LogAudio: Display: Audio Device (ID: 14) registered with world 'ThirdPersonExampleMap'.
[2025.07.14-01.30.26:717][664]LogLoad: Game class is 'ReglasJuego_C'
[2025.07.14-01.30.26:733][664]LogWorld: Bringing World /Game/ThirdPersonBP/Maps/UEDPIE_0_ThirdPersonExampleMap.ThirdPersonExampleMap up for play (max tick rate 60) at 2025.07.13-22.30.26
[2025.07.14-01.30.26:733][664]LogWorld: Bringing up level for play took: 0.013647
[2025.07.14-01.30.26:734][664]LogOnline: OSS: Creating online subsystem instance for: :Context_37
[2025.07.14-01.30.26:736][664]LogBlueprintUserMessages: [plataforma_2] Buenas buenas!
[2025.07.14-01.30.26:738][664]PIE: Server logged in
[2025.07.14-01.30.26:739][664]PIE: Play in editor total start time 0.155 seconds.
[2025.07.14-01.30.30:165][809]LogBlueprintUserMessages: [bala_C_6] El peoncito perdio 10 de vida!!!!
[2025.07.14-01.30.30:185][810]LogBlueprintUserMessages: [bala_C_6] El peoncito perdio 10 de vida!!!!
[2025.07.14-01.30.31:866][882]LogBlueprintUserMessages: [bala_C_11] Le reste 25 a la torreta
[2025.07.14-01.30.31:866][882]LogBlueprintUserMessages: [Torreta2_5] algo me ataveso!
[2025.07.14-01.30.31:990][887]LogBlueprintUserMessages: [bala_C_14] Le reste 25 a la torreta
[2025.07.14-01.30.31:990][887]LogBlueprintUserMessages: [Torreta2_5] algo me ataveso!
[2025.07.14-01.30.32:013][888]LogBlueprintUserMessages: [Torreta2_5] Torreta Destruida!
[2025.07.14-01.30.32:565][912]LogBlueprintUserMessages: [bala_C_16] Le reste 25 al bad fella
[2025.07.14-01.30.33:080][932]LogBlueprintUserMessages: [bala_C_8] El peoncito perdio 10 de vida!!!!
[2025.07.14-01.30.35:222][ 20]LogBlueprintUserMessages: [bala_C_25] Le reste 25 al bad fella
[2025.07.14-01.30.35:839][ 48]LogBlueprintUserMessages: [bala_C_27] Le reste 25 al bad fella
[2025.07.14-01.30.36:566][ 79]LogBlueprintUserMessages: [bala_C_19] El peoncito perdio 10 de vida!!!!
[2025.07.14-01.30.37:388][115]LogBlueprintUserMessages: [bala_C_19] Le reste 25 al bad fella
[2025.07.14-01.30.37:411][116]LogBlueprintUserMessages: [bad_fella_2] Bad fella  Destruido!
[2025.07.14-01.30.38:181][150]LogBlueprintUserMessages: [bala_C_30] El peoncito perdio 10 de vida!!!!
[2025.07.14-01.30.43:768][403]LogBlueprintUserMessages: [bala_C_42] Le reste 25 al bad fella
[2025.07.14-01.30.44:244][425]LogBlueprintUserMessages: [Curador_2] Le di vida al peoncito! ahora tiene:
[2025.07.14-01.30.44:244][425]LogBlueprintUserMessages: [Curador_2] 50.0
[2025.07.14-01.30.44:245][425]LogBlueprintUserMessages: [Curador_2] El curador ya curo las siguientes veces:
[2025.07.14-01.30.44:245][425]LogBlueprintUserMessages: [Curador_2] 1.0
[2025.07.14-01.30.44:270][426]LogBlueprintUserMessages: [Curador_2] Le di vida al peoncito! ahora tiene:
[2025.07.14-01.30.44:270][426]LogBlueprintUserMessages: [Curador_2] 70.0
[2025.07.14-01.30.44:270][426]LogBlueprintUserMessages: [Curador_2] El curador ya curo las siguientes veces:
[2025.07.14-01.30.44:270][426]LogBlueprintUserMessages: [Curador_2] 2.0
[2025.07.14-01.30.44:804][451]LogBlueprintUserMessages: [ReglasJuego_C_0] El puntaje subio!
[2025.07.14-01.30.44:804][451]LogBlueprintUserMessages: [ReglasJuego_C_0] 2
[2025.07.14-01.30.45:540][487]LogBlueprintUserMessages: [Curador_2] no te puedo curar porque tu vida es mayor a 80, volve cuando tengas menos!
[2025.07.14-01.30.45:954][507]LogBlueprintUserMessages: [bala_C_47] El peoncito perdio 10 de vida!!!!
[2025.07.14-01.30.46:362][525]LogBlueprintUserMessages: [bala_C_47] El peoncito perdio 10 de vida!!!!
[2025.07.14-01.30.46:699][541]LogBlueprintUserMessages: [bala_C_47] El peoncito perdio 10 de vida!!!!
[2025.07.14-01.30.48:619][634]LogBlueprintUserMessages: [bala_C_58] El peoncito perdio 10 de vida!!!!
[2025.07.14-01.30.49:539][678]LogBlueprintUserMessages: [bala_C_63] Le reste 50 al bad guy
[2025.07.14-01.30.50:118][705]LogBlueprintUserMessages: [bala_C_64] Le reste 50 al bad guy
[2025.07.14-01.30.50:140][706]LogBlueprintUserMessages: [bad_guy_5] Bad guy  Destruido!
[2025.07.14-01.30.50:549][726]LogBlueprintUserMessages: [bala_C_56] El peoncito perdio 10 de vida!!!!
[2025.07.14-01.30.50:658][731]LogBlueprintUserMessages: [bala_C_56] El peoncito perdio 10 de vida!!!!
[2025.07.14-01.30.52:598][825]LogBlueprintUserMessages: [bala_C_65] El peoncito perdio 10 de vida!!!!
[2025.07.14-01.30.55:420][959]LogBlueprintUserMessages: [bala_C_73] Le reste 25 a la torreta
[2025.07.14-01.30.55:420][959]LogBlueprintUserMessages: [Torreta3_2] algo me ataveso!
[2025.07.14-01.30.55:595][967]LogBlueprintUserMessages: [bala_C_74] Le reste 25 a la torreta
[2025.07.14-01.30.55:596][967]LogBlueprintUserMessages: [Torreta3_2] algo me ataveso!
[2025.07.14-01.30.55:596][967]LogBlueprintUserMessages: [Torreta3_2] Torreta Destruida!
[2025.07.14-01.30.56:638][ 15]LogBlueprintUserMessages: [bala_C_78] Le reste 25 al bad fella
[2025.07.14-01.30.56:723][ 19]LogBlueprintUserMessages: [Balaza_C_26] Le reste 30 al peoncito
[2025.07.14-01.30.56:726][ 19]LogBlueprintUserMessages: [peoncito_2] El peoncito murio
[2025.07.14-01.30.56:727][ 19]LogBlueprintUserMessages: [ReglasJuego_C_0] Noo, perdiste!
[2025.07.14-01.30.56:732][ 19]LogScript: Warning: Accessed None trying to read property K2Node_DynamicCast_AsPeoncito
	BarraVIda_C /Engine/Transient.UnrealEdEngine_0:GameInstance_12.BarraVIda_C_0
	Function /Game/ThirdPersonBP/Blueprints/blueprints/BarraVIda.BarraVIda_C:GetText_0:0099
[2025.07.14-01.30.56:732][ 19]PIE: Error: Blueprint Runtime Error: "Accessed None trying to read property K2Node_DynamicCast_AsPeoncito". Blueprint:  BarraVIda Function:  Get Text 0 Graph:  GetText_0 Node:  Return Node
[2025.07.14-01.30.56:747][ 20]LogNet: Browse: /Game/ThirdPersonBP/Maps/Perdiste_Level
[2025.07.14-01.30.56:748][ 20]LogLoad: LoadMap: /Game/ThirdPersonBP/Maps/Perdiste_Level
[2025.07.14-01.30.56:748][ 20]LogWorld: BeginTearingDown for /Game/ThirdPersonBP/Maps/UEDPIE_0_ThirdPersonExampleMap
[2025.07.14-01.30.56:748][ 20]LogWorld: UWorld::CleanupWorld for ThirdPersonExampleMap, bSessionEnded=true, bCleanupResources=true
[2025.07.14-01.30.56:750][ 20]LogSlate: InvalidateAllWidgets triggered.  All widgets were invalidated
[2025.07.14-01.30.56:817][ 20]LogAudio: Display: Audio Device unregistered from world 'None'.
[2025.07.14-01.30.56:824][ 20]LogUObjectHash: Compacting FUObjectHashTables data took   4.14ms
[2025.07.14-01.30.56:847][ 20]LogAudio: Display: Audio Device (ID: 14) registered with world 'Perdiste_Level'.
[2025.07.14-01.30.56:848][ 20]LogAIModule: Creating AISystem for world Perdiste_Level
[2025.07.14-01.30.56:848][ 20]LogLoad: Game class is 'ReglasJuego_C'
[2025.07.14-01.30.56:901][ 20]LogWorld: Bringing World /Game/ThirdPersonBP/Maps/UEDPIE_0_Perdiste_Level.Perdiste_Level up for play (max tick rate 60) at 2025.07.13-22.30.56
[2025.07.14-01.30.56:901][ 20]LogWorld: Bringing up level for play took: 0.050841
[2025.07.14-01.30.56:902][ 20]LogGameMode: FindPlayerStart: PATHS NOT DEFINED or NO PLAYERSTART with positive rating
[2025.07.14-01.30.56:904][ 20]LogBlueprintUserMessages: [plataforma_2] Buenas buenas!
[2025.07.14-01.30.56:905][ 20]LogLoad: Took 0.157020 seconds to LoadMap(/Game/ThirdPersonBP/Maps/Perdiste_Level)
[2025.07.14-01.30.56:965][ 20]PIE: Error: Blueprint Runtime Error: "Accessed None trying to read property K2Node_DynamicCast_AsPeoncito". Blueprint:  BarraVIda Function:  Get Text 0 Graph:  GetText_0 Node:  Return Node
[2025.07.14-01.30.56:991][ 21]PIE: Error: Blueprint Runtime Error: "Accessed None trying to read property K2Node_DynamicCast_AsPeoncito". Blueprint:  BarraVIda Function:  Get Text 0 Graph:  GetText_0 Node:  Return Node
[2025.07.14-01.30.57:012][ 22]PIE: Error: Blueprint Runtime Error: "Accessed None trying to read property K2Node_DynamicCast_AsPeoncito". Blueprint:  BarraVIda Function:  Get Text 0 Graph:  GetText_0 Node:  Return Node
[2025.07.14-01.30.57:031][ 23]PIE: Error: Blueprint Runtime Error: "Accessed None trying to read property K2Node_DynamicCast_AsPeoncito". Blueprint:  BarraVIda Function:  Get Text 0 Graph:  GetText_0 Node:  Return Node
[2025.07.14-01.30.57:048][ 24]PIE: Error: Blueprint Runtime Error: "Accessed None trying to read property K2Node_DynamicCast_AsPeoncito". Blueprint:  BarraVIda Function:  Get Text 0 Graph:  GetText_0 Node:  Return Node
[2025.07.14-01.30.57:068][ 25]PIE: Error: Blueprint Runtime Error: "Accessed None trying to read property K2Node_DynamicCast_AsPeoncito". Blueprint:  BarraVIda Function:  Get Text 0 Graph:  GetText_0 Node:  Return Node
[2025.07.14-01.30.57:087][ 26]PIE: Error: Blueprint Runtime Error: "Accessed None trying to read property K2Node_DynamicCast_AsPeoncito". Blueprint:  BarraVIda Function:  Get Text 0 Graph:  GetText_0 Node:  Return Node
[2025.07.14-01.30.57:109][ 27]PIE: Error: Blueprint Runtime Error: "Accessed None trying to read property K2Node_DynamicCast_AsPeoncito". Blueprint:  BarraVIda Function:  Get Text 0 Graph:  GetText_0 Node:  Return Node
[2025.07.14-01.30.57:131][ 28]PIE: Error: Blueprint Runtime Error: "Accessed None trying to read property K2Node_DynamicCast_AsPeoncito". Blueprint:  BarraVIda Function:  Get Text 0 Graph:  GetText_0 Node:  Return Node
[2025.07.14-01.30.57:180][ 29]PIE: Error: Blueprint Runtime Error: "Accessed None trying to read property K2Node_DynamicCast_AsPeoncito". Blueprint:  BarraVIda Function:  Get Text 0 Graph:  GetText_0 Node:  Return Node
[2025.07.14-01.30.57:200][ 30]PIE: Error: Blueprint Runtime Error: "Accessed None trying to read property K2Node_DynamicCast_AsPeoncito". Blueprint:  BarraVIda Function:  Get Text 0 Graph:  GetText_0 Node:  Return Node
[2025.07.14-01.30.57:221][ 31]PIE: Error: Blueprint Runtime Error: "Accessed None trying to read property K2Node_DynamicCast_AsPeoncito". Blueprint:  BarraVIda Function:  Get Text 0 Graph:  GetText_0 Node:  Return Node
[2025.07.14-01.30.57:242][ 32]PIE: Error: Blueprint Runtime Error: "Accessed None trying to read property K2Node_DynamicCast_AsPeoncito". Blueprint:  BarraVIda Function:  Get Text 0 Graph:  GetText_0 Node:  Return Node
[2025.07.14-01.30.57:262][ 33]PIE: Error: Blueprint Runtime Error: "Accessed None trying to read property K2Node_DynamicCast_AsPeoncito". Blueprint:  BarraVIda Function:  Get Text 0 Graph:  GetText_0 Node:  Return Node
[2025.07.14-01.30.57:279][ 34]PIE: Error: Blueprint Runtime Error: "Accessed None trying to read property K2Node_DynamicCast_AsPeoncito". Blueprint:  BarraVIda Function:  Get Text 0 Graph:  GetText_0 Node:  Return Node
[2025.07.14-01.30.57:295][ 35]PIE: Error: Blueprint Runtime Error: "Accessed None trying to read property K2Node_DynamicCast_AsPeoncito". Blueprint:  BarraVIda Function:  Get Text 0 Graph:  GetText_0 Node:  Return Node
[2025.07.14-01.30.57:312][ 36]PIE: Error: Blueprint Runtime Error: "Accessed None trying to read property K2Node_DynamicCast_AsPeoncito". Blueprint:  BarraVIda Function:  Get Text 0 Graph:  GetText_0 Node:  Return Node
[2025.07.14-01.30.57:330][ 37]PIE: Error: Blueprint Runtime Error: "Accessed None trying to read property K2Node_DynamicCast_AsPeoncito". Blueprint:  BarraVIda Function:  Get Text 0 Graph:  GetText_0 Node:  Return Node
[2025.07.14-01.30.57:350][ 38]PIE: Error: Blueprint Runtime Error: "Accessed None trying to read property K2Node_DynamicCast_AsPeoncito". Blueprint:  BarraVIda Function:  Get Text 0 Graph:  GetText_0 Node:  Return Node
[2025.07.14-01.30.57:371][ 39]PIE: Error: Blueprint Runtime Error: "Accessed None trying to read property K2Node_DynamicCast_AsPeoncito". Blueprint:  BarraVIda Function:  Get Text 0 Graph:  GetText_0 Node:  Return Node
[2025.07.14-01.30.57:390][ 40]PIE: Error: Blueprint Runtime Error: "Accessed None trying to read property K2Node_DynamicCast_AsPeoncito". Blueprint:  BarraVIda Function:  Get Text 0 Graph:  GetText_0 Node:  Return Node
[2025.07.14-01.30.57:414][ 41]PIE: Error: Blueprint Runtime Error: "Accessed None trying to read property K2Node_DynamicCast_AsPeoncito". Blueprint:  BarraVIda Function:  Get Text 0 Graph:  GetText_0 Node:  Return Node
[2025.07.14-01.30.57:432][ 42]PIE: Error: Blueprint Runtime Error: "Accessed None trying to read property K2Node_DynamicCast_AsPeoncito". Blueprint:  BarraVIda Function:  Get Text 0 Graph:  GetText_0 Node:  Return Node
[2025.07.14-01.30.57:452][ 43]PIE: Error: Blueprint Runtime Error: "Accessed None trying to read property K2Node_DynamicCast_AsPeoncito". Blueprint:  BarraVIda Function:  Get Text 0 Graph:  GetText_0 Node:  Return Node
[2025.07.14-01.30.57:469][ 44]PIE: Error: Blueprint Runtime Error: "Accessed None trying to read property K2Node_DynamicCast_AsPeoncito". Blueprint:  BarraVIda Function:  Get Text 0 Graph:  GetText_0 Node:  Return Node
[2025.07.14-01.30.57:487][ 45]PIE: Error: Blueprint Runtime Error: "Accessed None trying to read property K2Node_DynamicCast_AsPeoncito". Blueprint:  BarraVIda Function:  Get Text 0 Graph:  GetText_0 Node:  Return Node
[2025.07.14-01.30.57:507][ 46]PIE: Error: Blueprint Runtime Error: "Accessed None trying to read property K2Node_DynamicCast_AsPeoncito". Blueprint:  BarraVIda Function:  Get Text 0 Graph:  GetText_0 Node:  Return Node
[2025.07.14-01.30.57:528][ 47]PIE: Error: Blueprint Runtime Error: "Accessed None trying to read property K2Node_DynamicCast_AsPeoncito". Blueprint:  BarraVIda Function:  Get Text 0 Graph:  GetText_0 Node:  Return Node
[2025.07.14-01.30.57:547][ 48]PIE: Error: Blueprint Runtime Error: "Accessed None trying to read property K2Node_DynamicCast_AsPeoncito". Blueprint:  BarraVIda Function:  Get Text 0 Graph:  GetText_0 Node:  Return Node
[2025.07.14-01.30.57:567][ 49]PIE: Error: Blueprint Runtime Error: "Accessed None trying to read property K2Node_DynamicCast_AsPeoncito". Blueprint:  BarraVIda Function:  Get Text 0 Graph:  GetText_0 Node:  Return Node
[2025.07.14-01.30.57:587][ 50]PIE: Error: Blueprint Runtime Error: "Accessed None trying to read property K2Node_DynamicCast_AsPeoncito". Blueprint:  BarraVIda Function:  Get Text 0 Graph:  GetText_0 Node:  Return Node
[2025.07.14-01.30.57:607][ 51]PIE: Error: Blueprint Runtime Error: "Accessed None trying to read property K2Node_DynamicCast_AsPeoncito". Blueprint:  BarraVIda Function:  Get Text 0 Graph:  GetText_0 Node:  Return Node
[2025.07.14-01.30.57:629][ 52]PIE: Error: Blueprint Runtime Error: "Accessed None trying to read property K2Node_DynamicCast_AsPeoncito". Blueprint:  BarraVIda Function:  Get Text 0 Graph:  GetText_0 Node:  Return Node
[2025.07.14-01.30.57:649][ 53]PIE: Error: Blueprint Runtime Error: "Accessed None trying to read property K2Node_DynamicCast_AsPeoncito". Blueprint:  BarraVIda Function:  Get Text 0 Graph:  GetText_0 Node:  Return Node
[2025.07.14-01.30.57:670][ 54]PIE: Error: Blueprint Runtime Error: "Accessed None trying to read property K2Node_DynamicCast_AsPeoncito". Blueprint:  BarraVIda Function:  Get Text 0 Graph:  GetText_0 Node:  Return Node
[2025.07.14-01.30.57:693][ 55]PIE: Error: Blueprint Runtime Error: "Accessed None trying to read property K2Node_DynamicCast_AsPeoncito". Blueprint:  BarraVIda Function:  Get Text 0 Graph:  GetText_0 Node:  Return Node
[2025.07.14-01.30.57:714][ 56]PIE: Error: Blueprint Runtime Error: "Accessed None trying to read property K2Node_DynamicCast_AsPeoncito". Blueprint:  BarraVIda Function:  Get Text 0 Graph:  GetText_0 Node:  Return Node
[2025.07.14-01.30.57:733][ 57]PIE: Error: Blueprint Runtime Error: "Accessed None trying to read property K2Node_DynamicCast_AsPeoncito". Blueprint:  BarraVIda Function:  Get Text 0 Graph:  GetText_0 Node:  Return Node
[2025.07.14-01.30.57:752][ 58]PIE: Error: Blueprint Runtime Error: "Accessed None trying to read property K2Node_DynamicCast_AsPeoncito". Blueprint:  BarraVIda Function:  Get Text 0 Graph:  GetText_0 Node:  Return Node
[2025.07.14-01.30.57:771][ 59]PIE: Error: Blueprint Runtime Error: "Accessed None trying to read property K2Node_DynamicCast_AsPeoncito". Blueprint:  BarraVIda Function:  Get Text 0 Graph:  GetText_0 Node:  Return Node
[2025.07.14-01.30.57:790][ 60]PIE: Error: Blueprint Runtime Error: "Accessed None trying to read property K2Node_DynamicCast_AsPeoncito". Blueprint:  BarraVIda Function:  Get Text 0 Graph:  GetText_0 Node:  Return Node
[2025.07.14-01.30.57:811][ 61]PIE: Error: Blueprint Runtime Error: "Accessed None trying to read property K2Node_DynamicCast_AsPeoncito". Blueprint:  BarraVIda Function:  Get Text 0 Graph:  GetText_0 Node:  Return Node
[2025.07.14-01.30.57:830][ 62]PIE: Error: Blueprint Runtime Error: "Accessed None trying to read property K2Node_DynamicCast_AsPeoncito". Blueprint:  BarraVIda Function:  Get Text 0 Graph:  GetText_0 Node:  Return Node
[2025.07.14-01.30.57:850][ 63]PIE: Error: Blueprint Runtime Error: "Accessed None trying to read property K2Node_DynamicCast_AsPeoncito". Blueprint:  BarraVIda Function:  Get Text 0 Graph:  GetText_0 Node:  Return Node
[2025.07.14-01.30.57:869][ 64]PIE: Error: Blueprint Runtime Error: "Accessed None trying to read property K2Node_DynamicCast_AsPeoncito". Blueprint:  BarraVIda Function:  Get Text 0 Graph:  GetText_0 Node:  Return Node
[2025.07.14-01.30.57:890][ 65]PIE: Error: Blueprint Runtime Error: "Accessed None trying to read property K2Node_DynamicCast_AsPeoncito". Blueprint:  BarraVIda Function:  Get Text 0 Graph:  GetText_0 Node:  Return Node
[2025.07.14-01.30.57:913][ 66]PIE: Error: Blueprint Runtime Error: "Accessed None trying to read property K2Node_DynamicCast_AsPeoncito". Blueprint:  BarraVIda Function:  Get Text 0 Graph:  GetText_0 Node:  Return Node
[2025.07.14-01.30.57:931][ 67]PIE: Error: Blueprint Runtime Error: "Accessed None trying to read property K2Node_DynamicCast_AsPeoncito". Blueprint:  BarraVIda Function:  Get Text 0 Graph:  GetText_0 Node:  Return Node
[2025.07.14-01.30.57:952][ 68]PIE: Error: Blueprint Runtime Error: "Accessed None trying to read property K2Node_DynamicCast_AsPeoncito". Blueprint:  BarraVIda Function:  Get Text 0 Graph:  GetText_0 Node:  Return Node
[2025.07.14-01.30.57:971][ 69]PIE: Error: Blueprint Runtime Error: "Accessed None trying to read property K2Node_DynamicCast_AsPeoncito". Blueprint:  BarraVIda Function:  Get Text 0 Graph:  GetText_0 Node:  Return Node
[2025.07.14-01.30.57:991][ 70]PIE: Error: Blueprint Runtime Error: "Accessed None trying to read property K2Node_DynamicCast_AsPeoncito". Blueprint:  BarraVIda Function:  Get Text 0 Graph:  GetText_0 Node:  Return Node
[2025.07.14-01.30.58:014][ 71]PIE: Error: Blueprint Runtime Error: "Accessed None trying to read property K2Node_DynamicCast_AsPeoncito". Blueprint:  BarraVIda Function:  Get Text 0 Graph:  GetText_0 Node:  Return Node
[2025.07.14-01.30.58:034][ 72]PIE: Error: Blueprint Runtime Error: "Accessed None trying to read property K2Node_DynamicCast_AsPeoncito". Blueprint:  BarraVIda Function:  Get Text 0 Graph:  GetText_0 Node:  Return Node
[2025.07.14-01.30.58:052][ 73]PIE: Error: Blueprint Runtime Error: "Accessed None trying to read property K2Node_DynamicCast_AsPeoncito". Blueprint:  BarraVIda Function:  Get Text 0 Graph:  GetText_0 Node:  Return Node
[2025.07.14-01.30.58:071][ 74]PIE: Error: Blueprint Runtime Error: "Accessed None trying to read property K2Node_DynamicCast_AsPeoncito". Blueprint:  BarraVIda Function:  Get Text 0 Graph:  GetText_0 Node:  Return Node
[2025.07.14-01.30.58:093][ 75]PIE: Error: Blueprint Runtime Error: "Accessed None trying to read property K2Node_DynamicCast_AsPeoncito". Blueprint:  BarraVIda Function:  Get Text 0 Graph:  GetText_0 Node:  Return Node
[2025.07.14-01.30.58:114][ 76]PIE: Error: Blueprint Runtime Error: "Accessed None trying to read property K2Node_DynamicCast_AsPeoncito". Blueprint:  BarraVIda Function:  Get Text 0 Graph:  GetText_0 Node:  Return Node
[2025.07.14-01.30.58:136][ 77]PIE: Error: Blueprint Runtime Error: "Accessed None trying to read property K2Node_DynamicCast_AsPeoncito". Blueprint:  BarraVIda Function:  Get Text 0 Graph:  GetText_0 Node:  Return Node
[2025.07.14-01.30.58:158][ 78]PIE: Error: Blueprint Runtime Error: "Accessed None trying to read property K2Node_DynamicCast_AsPeoncito". Blueprint:  BarraVIda Function:  Get Text 0 Graph:  GetText_0 Node:  Return Node
[2025.07.14-01.30.58:179][ 79]PIE: Error: Blueprint Runtime Error: "Accessed None trying to read property K2Node_DynamicCast_AsPeoncito". Blueprint:  BarraVIda Function:  Get Text 0 Graph:  GetText_0 Node:  Return Node
[2025.07.14-01.30.58:198][ 80]PIE: Error: Blueprint Runtime Error: "Accessed None trying to read property K2Node_DynamicCast_AsPeoncito". Blueprint:  BarraVIda Function:  Get Text 0 Graph:  GetText_0 Node:  Return Node
[2025.07.14-01.30.58:217][ 81]PIE: Error: Blueprint Runtime Error: "Accessed None trying to read property K2Node_DynamicCast_AsPeoncito". Blueprint:  BarraVIda Function:  Get Text 0 Graph:  GetText_0 Node:  Return Node
[2025.07.14-01.30.58:237][ 82]PIE: Error: Blueprint Runtime Error: "Accessed None trying to read property K2Node_DynamicCast_AsPeoncito". Blueprint:  BarraVIda Function:  Get Text 0 Graph:  GetText_0 Node:  Return Node
[2025.07.14-01.30.58:256][ 83]PIE: Error: Blueprint Runtime Error: "Accessed None trying to read property K2Node_DynamicCast_AsPeoncito". Blueprint:  BarraVIda Function:  Get Text 0 Graph:  GetText_0 Node:  Return Node
[2025.07.14-01.30.58:277][ 84]PIE: Error: Blueprint Runtime Error: "Accessed None trying to read property K2Node_DynamicCast_AsPeoncito". Blueprint:  BarraVIda Function:  Get Text 0 Graph:  GetText_0 Node:  Return Node
[2025.07.14-01.30.58:299][ 85]PIE: Error: Blueprint Runtime Error: "Accessed None trying to read property K2Node_DynamicCast_AsPeoncito". Blueprint:  BarraVIda Function:  Get Text 0 Graph:  GetText_0 Node:  Return Node
[2025.07.14-01.30.58:317][ 86]PIE: Error: Blueprint Runtime Error: "Accessed None trying to read property K2Node_DynamicCast_AsPeoncito". Blueprint:  BarraVIda Function:  Get Text 0 Graph:  GetText_0 Node:  Return Node
[2025.07.14-01.30.58:337][ 87]PIE: Error: Blueprint Runtime Error: "Accessed None trying to read property K2Node_DynamicCast_AsPeoncito". Blueprint:  BarraVIda Function:  Get Text 0 Graph:  GetText_0 Node:  Return Node
[2025.07.14-01.30.58:360][ 88]PIE: Error: Blueprint Runtime Error: "Accessed None trying to read property K2Node_DynamicCast_AsPeoncito". Blueprint:  BarraVIda Function:  Get Text 0 Graph:  GetText_0 Node:  Return Node
[2025.07.14-01.30.58:380][ 89]PIE: Error: Blueprint Runtime Error: "Accessed None trying to read property K2Node_DynamicCast_AsPeoncito". Blueprint:  BarraVIda Function:  Get Text 0 Graph:  GetText_0 Node:  Return Node
[2025.07.14-01.30.58:471][ 90]LogSlate: Updating window title bar state: overlay mode, drag disabled, window buttons hidden, title bar hidden
[2025.07.14-01.30.58:471][ 90]LogWorld: BeginTearingDown for /Game/ThirdPersonBP/Maps/UEDPIE_0_Perdiste_Level
[2025.07.14-01.30.58:472][ 90]LogWorld: UWorld::CleanupWorld for Perdiste_Level, bSessionEnded=true, bCleanupResources=true
[2025.07.14-01.30.58:474][ 90]LogSlate: InvalidateAllWidgets triggered.  All widgets were invalidated
[2025.07.14-01.30.58:485][ 90]LogPlayLevel: Display: Shutting down PIE online subsystems
[2025.07.14-01.30.58:509][ 90]LogSlate: InvalidateAllWidgets triggered.  All widgets were invalidated
[2025.07.14-01.30.58:533][ 90]LogSlate: Updating window title bar state: overlay mode, drag disabled, window buttons hidden, title bar hidden
[2025.07.14-01.30.58:534][ 90]LogAudioMixer: FMixerPlatformXAudio2::StopAudioStream() called
[2025.07.14-01.30.58:535][ 90]LogAudioMixer: FMixerPlatformXAudio2::StopAudioStream() called
[2025.07.14-01.30.58:544][ 90]LogUObjectHash: Compacting FUObjectHashTables data took   3.36ms
[2025.07.14-01.30.58:770][ 91]LogPlayLevel: Display: Destroying online subsystem :Context_37
[2025.07.14-01.30.59:838][124]LogSlate: Window 'Message Log' being destroyed
[2025.07.14-01.30.59:885][124]LogSlate: Window 'Message Log' being destroyed
[2025.07.14-01.31.00:501][145]LogTemp: Repeating last play command: Selected Viewport
[2025.07.14-01.31.00:538][145]LogPlayLevel: PlayLevel: No blueprints needed recompiling
[2025.07.14-01.31.00:539][145]PIE: New page: PIE session: ThirdPersonExampleMap (Jul 13, 2025, 7:31:00 PM)
[2025.07.14-01.31.00:539][145]LogPlayLevel: Creating play world package: /Game/ThirdPersonBP/Maps/UEDPIE_0_ThirdPersonExampleMap
[2025.07.14-01.31.00:564][145]LogPlayLevel: PIE: StaticDuplicateObject took: (0.025577s)
[2025.07.14-01.31.00:566][145]LogAIModule: Creating AISystem for world ThirdPersonExampleMap
[2025.07.14-01.31.00:566][145]LogPlayLevel: PIE: World Init took: (0.001346s)
[2025.07.14-01.31.00:566][145]LogPlayLevel: PIE: Created PIE world by copying editor world from /Game/ThirdPersonBP/Maps/ThirdPersonExampleMap.ThirdPersonExampleMap to /Game/ThirdPersonBP/Maps/UEDPIE_0_ThirdPersonExampleMap.ThirdPersonExampleMap (0.027194s)
[2025.07.14-01.31.00:605][145]LogUObjectHash: Compacting FUObjectHashTables data took   4.10ms
[2025.07.14-01.31.00:606][145]LogAudio: Display: Creating Audio Device:                 Id: 15, Scope: Unique, Realtime: True
[2025.07.14-01.31.00:606][145]LogAudioMixer: Display: Audio Mixer Platform Settings:
[2025.07.14-01.31.00:606][145]LogAudioMixer: Display: 	Sample Rate:						  48000
[2025.07.14-01.31.00:606][145]LogAudioMixer: Display: 	Callback Buffer Frame Size Requested: 1024
[2025.07.14-01.31.00:606][145]LogAudioMixer: Display: 	Callback Buffer Frame Size To Use:	  1024
[2025.07.14-01.31.00:606][145]LogAudioMixer: Display: 	Number of buffers to queue:			  2
[2025.07.14-01.31.00:607][145]LogAudioMixer: Display: 	Max Channels (voices):				  32
[2025.07.14-01.31.00:607][145]LogAudioMixer: Display: 	Number of Async Source Workers:		  0
[2025.07.14-01.31.00:607][145]LogAudio: Display: AudioDevice MaxSources: 32
[2025.07.14-01.31.00:607][145]LogAudio: Display: Audio Spatialization Plugin: None (built-in).
[2025.07.14-01.31.00:607][145]LogAudio: Display: Audio Reverb Plugin: None (built-in).
[2025.07.14-01.31.00:607][145]LogAudio: Display: Audio Occlusion Plugin: None (built-in).
[2025.07.14-01.31.00:608][145]LogAudioMixer: Display: Initializing audio mixer.
[2025.07.14-01.31.00:615][145]LogAudioMixer: Display: 0: FrontLeft
[2025.07.14-01.31.00:615][145]LogAudioMixer: Display: 1: FrontRight
[2025.07.14-01.31.00:638][145]LogAudioMixer: Display: Using Audio Device Headphones (SOUNDPEATS Mini HS Stereo)
[2025.07.14-01.31.00:639][145]LogAudioMixer: Display: Initializing Sound Submixes...
[2025.07.14-01.31.00:639][145]LogAudioMixer: Display: Creating Master Submix 'MasterSubmixDefault'
[2025.07.14-01.31.00:639][145]LogAudioMixer: Display: Creating Master Submix 'MasterReverbSubmixDefault'
[2025.07.14-01.31.00:639][145]LogAudioMixer: Display: Creating Master Submix 'MasterEQSubmixDefault'
[2025.07.14-01.31.00:640][145]LogAudioMixer: FMixerPlatformXAudio2::StartAudioStream() called
[2025.07.14-01.31.00:640][145]LogAudioMixer: Display: Output buffers initialized: Frames=1024, Channels=2, Samples=2048
[2025.07.14-01.31.00:642][145]LogAudioMixer: Display: Starting AudioMixerPlatformInterface::RunInternal()
[2025.07.14-01.31.00:642][145]LogAudioMixer: Display: FMixerPlatformXAudio2::SubmitBuffer() called for the first time
[2025.07.14-01.31.00:642][145]LogInit: FAudioDevice initialized.
[2025.07.14-01.31.00:642][145]LogAudio: Display: Audio Device (ID: 15) registered with world 'ThirdPersonExampleMap'.
[2025.07.14-01.31.00:655][145]LogLoad: Game class is 'ReglasJuego_C'
[2025.07.14-01.31.00:665][145]LogWorld: Bringing World /Game/ThirdPersonBP/Maps/UEDPIE_0_ThirdPersonExampleMap.ThirdPersonExampleMap up for play (max tick rate 60) at 2025.07.13-22.31.00
[2025.07.14-01.31.00:665][145]LogWorld: Bringing up level for play took: 0.008914
[2025.07.14-01.31.00:665][145]LogOnline: OSS: Creating online subsystem instance for: :Context_38
[2025.07.14-01.31.00:668][145]LogBlueprintUserMessages: [plataforma_2] Buenas buenas!
[2025.07.14-01.31.00:671][145]PIE: Server logged in
[2025.07.14-01.31.00:672][145]PIE: Play in editor total start time 0.153 seconds.
[2025.07.14-01.31.03:485][276]LogBlueprintUserMessages: [bala_C_4] Le reste 25 al bad fella
[2025.07.14-01.31.04:858][342]LogBlueprintUserMessages: [bala_C_10] Le reste 25 a la torreta
[2025.07.14-01.31.04:858][342]LogBlueprintUserMessages: [Torreta3_2] algo me ataveso!
[2025.07.14-01.31.05:211][359]LogBlueprintUserMessages: [bala_C_11] Le reste 25 a la torreta
[2025.07.14-01.31.05:211][359]LogBlueprintUserMessages: [Torreta3_2] algo me ataveso!
[2025.07.14-01.31.05:230][360]LogBlueprintUserMessages: [Torreta3_2] Torreta Destruida!
[2025.07.14-01.31.05:510][374]LogBlueprintUserMessages: [bala_C_9] El peoncito perdio 10 de vida!!!!
[2025.07.14-01.31.06:422][413]LogBlueprintUserMessages: [bala_C_14] El peoncito perdio 10 de vida!!!!
[2025.07.14-01.31.07:413][457]LogBlueprintUserMessages: [bala_C_6] El peoncito perdio 10 de vida!!!!
[2025.07.14-01.31.08:300][496]LogBlueprintUserMessages: [bala_C_19] Le reste 50 al bad guy
[2025.07.14-01.31.08:340][498]LogBlueprintUserMessages: [bala_C_8] El peoncito perdio 10 de vida!!!!
[2025.07.14-01.31.08:689][513]LogBlueprintUserMessages: [bala_C_21] El peoncito perdio 10 de vida!!!!
[2025.07.14-01.31.09:027][528]LogBlueprintUserMessages: [bala_C_22] Le reste 50 al bad guy
[2025.07.14-01.31.09:048][529]LogBlueprintUserMessages: [bad_guy_5] Bad guy  Destruido!
[2025.07.14-01.31.09:328][542]LogBlueprintUserMessages: [bala_C_13] El peoncito perdio 10 de vida!!!!
[2025.07.14-01.31.10:103][578]LogBlueprintUserMessages: [bala_C_16] El peoncito perdio 10 de vida!!!!
[2025.07.14-01.31.13:620][745]LogBlueprintUserMessages: [Curador_2] Le di vida al peoncito! ahora tiene:
[2025.07.14-01.31.13:620][745]LogBlueprintUserMessages: [Curador_2] 30.0
[2025.07.14-01.31.13:620][745]LogBlueprintUserMessages: [Curador_2] El curador ya curo las siguientes veces:
[2025.07.14-01.31.13:620][745]LogBlueprintUserMessages: [Curador_2] 1.0
[2025.07.14-01.31.14:953][810]LogBlueprintUserMessages: [Curador_2] Le di vida al peoncito! ahora tiene:
[2025.07.14-01.31.14:953][810]LogBlueprintUserMessages: [Curador_2] 50.0
[2025.07.14-01.31.14:953][810]LogBlueprintUserMessages: [Curador_2] El curador ya curo las siguientes veces:
[2025.07.14-01.31.14:953][810]LogBlueprintUserMessages: [Curador_2] 2.0
[2025.07.14-01.31.16:174][869]LogBlueprintUserMessages: [ReglasJuego_C_0] El puntaje subio!
[2025.07.14-01.31.16:174][869]LogBlueprintUserMessages: [ReglasJuego_C_0] 2
[2025.07.14-01.31.16:246][872]LogBlueprintUserMessages: [bala_C_33] El peoncito perdio 10 de vida!!!!
[2025.07.14-01.31.16:431][880]LogBlueprintUserMessages: [Curador_2] Le di vida al peoncito! ahora tiene:
[2025.07.14-01.31.16:432][880]LogBlueprintUserMessages: [Curador_2] 60.0
[2025.07.14-01.31.16:432][880]LogBlueprintUserMessages: [Curador_2] El curador ya curo las siguientes veces:
[2025.07.14-01.31.16:432][880]LogBlueprintUserMessages: [Curador_2] 3.0
[2025.07.14-01.31.17:093][913]LogBlueprintUserMessages: [bala_C_34] El peoncito perdio 10 de vida!!!!
[2025.07.14-01.31.18:523][983]LogBlueprintUserMessages: [bala_C_39] Le reste 25 al bad fella
[2025.07.14-01.31.18:611][987]LogBlueprintUserMessages: [Curador_2] Le di vida al peoncito! ahora tiene:
[2025.07.14-01.31.18:611][987]LogBlueprintUserMessages: [Curador_2] 70.0
[2025.07.14-01.31.18:611][987]LogBlueprintUserMessages: [Curador_2] El curador ya curo las siguientes veces:
[2025.07.14-01.31.18:611][987]LogBlueprintUserMessages: [Curador_2] 4.0
[2025.07.14-01.31.21:705][125]LogBlueprintUserMessages: [bala_C_43] Le reste 25 al bad fella
[2025.07.14-01.31.21:955][137]LogBlueprintUserMessages: [bala_C_41] El peoncito perdio 10 de vida!!!!
[2025.07.14-01.31.23:021][184]LogBlueprintUserMessages: [bala_C_42] El peoncito perdio 10 de vida!!!!
[2025.07.14-01.31.23:336][200]LogSlate: Window 'Message Log' being destroyed
[2025.07.14-01.31.23:365][200]LogSlate: Window 'Message Log' being destroyed
[2025.07.14-01.31.23:933][228]LogBlueprintUserMessages: [bala_C_44] El peoncito perdio 10 de vida!!!!
[2025.07.14-01.31.26:565][351]LogBlueprintUserMessages: [bala_C_49] El peoncito perdio 10 de vida!!!!
[2025.07.14-01.31.26:589][352]LogBlueprintUserMessages: [bala_C_49] El peoncito perdio 10 de vida!!!!
[2025.07.14-01.31.26:609][353]LogBlueprintUserMessages: [bala_C_49] El peoncito perdio 10 de vida!!!!
[2025.07.14-01.31.26:629][354]LogBlueprintUserMessages: [bala_C_49] El peoncito perdio 10 de vida!!!!
[2025.07.14-01.31.26:652][355]LogBlueprintUserMessages: [bala_C_49] El peoncito perdio 10 de vida!!!!
[2025.07.14-01.31.26:676][356]LogBlueprintUserMessages: [bala_C_49] El peoncito perdio 10 de vida!!!!
[2025.07.14-01.31.26:678][356]LogBlueprintUserMessages: [peoncito_2] El peoncito murio
[2025.07.14-01.31.26:678][356]LogBlueprintUserMessages: [ReglasJuego_C_0] Noo, perdiste!
[2025.07.14-01.31.26:679][356]LogScript: Warning: FLatentActionManager::ProcessLatentActions: CallbackTarget is None.
[2025.07.14-01.31.26:683][356]LogScript: Warning: Accessed None trying to read property K2Node_DynamicCast_AsPeoncito
	BarraVIda_C /Engine/Transient.UnrealEdEngine_0:GameInstance_13.BarraVIda_C_0
	Function /Game/ThirdPersonBP/Blueprints/blueprints/BarraVIda.BarraVIda_C:GetText_0:0099
[2025.07.14-01.31.26:683][356]PIE: Error: Blueprint Runtime Error: "Accessed None trying to read property K2Node_DynamicCast_AsPeoncito". Blueprint:  BarraVIda Function:  Get Text 0 Graph:  GetText_0 Node:  Return Node
[2025.07.14-01.31.26:700][357]LogNet: Browse: /Game/ThirdPersonBP/Maps/Perdiste_Level
[2025.07.14-01.31.26:701][357]LogLoad: LoadMap: /Game/ThirdPersonBP/Maps/Perdiste_Level
[2025.07.14-01.31.26:701][357]LogWorld: BeginTearingDown for /Game/ThirdPersonBP/Maps/UEDPIE_0_ThirdPersonExampleMap
[2025.07.14-01.31.26:701][357]LogWorld: UWorld::CleanupWorld for ThirdPersonExampleMap, bSessionEnded=true, bCleanupResources=true
[2025.07.14-01.31.26:703][357]LogSlate: InvalidateAllWidgets triggered.  All widgets were invalidated
[2025.07.14-01.31.26:769][357]LogAudio: Display: Audio Device unregistered from world 'None'.
[2025.07.14-01.31.26:775][357]LogUObjectHash: Compacting FUObjectHashTables data took   4.31ms
[2025.07.14-01.31.26:805][357]LogAudio: Display: Audio Device (ID: 15) registered with world 'Perdiste_Level'.
[2025.07.14-01.31.26:807][357]LogAIModule: Creating AISystem for world Perdiste_Level
[2025.07.14-01.31.26:808][357]LogLoad: Game class is 'ReglasJuego_C'
[2025.07.14-01.31.26:864][357]LogWorld: Bringing World /Game/ThirdPersonBP/Maps/UEDPIE_0_Perdiste_Level.Perdiste_Level up for play (max tick rate 60) at 2025.07.13-22.31.26
[2025.07.14-01.31.26:864][357]LogWorld: Bringing up level for play took: 0.055690
[2025.07.14-01.31.26:864][357]LogGameMode: FindPlayerStart: PATHS NOT DEFINED or NO PLAYERSTART with positive rating
[2025.07.14-01.31.26:866][357]LogBlueprintUserMessages: [plataforma_2] Buenas buenas!
[2025.07.14-01.31.26:867][357]LogLoad: Took 0.166927 seconds to LoadMap(/Game/ThirdPersonBP/Maps/Perdiste_Level)
[2025.07.14-01.31.26:918][357]PIE: Error: Blueprint Runtime Error: "Accessed None trying to read property K2Node_DynamicCast_AsPeoncito". Blueprint:  BarraVIda Function:  Get Text 0 Graph:  GetText_0 Node:  Return Node
[2025.07.14-01.31.26:944][358]PIE: Error: Blueprint Runtime Error: "Accessed None trying to read property K2Node_DynamicCast_AsPeoncito". Blueprint:  BarraVIda Function:  Get Text 0 Graph:  GetText_0 Node:  Return Node
[2025.07.14-01.31.26:961][359]PIE: Error: Blueprint Runtime Error: "Accessed None trying to read property K2Node_DynamicCast_AsPeoncito". Blueprint:  BarraVIda Function:  Get Text 0 Graph:  GetText_0 Node:  Return Node
[2025.07.14-01.31.26:979][360]PIE: Error: Blueprint Runtime Error: "Accessed None trying to read property K2Node_DynamicCast_AsPeoncito". Blueprint:  BarraVIda Function:  Get Text 0 Graph:  GetText_0 Node:  Return Node
[2025.07.14-01.31.26:997][361]PIE: Error: Blueprint Runtime Error: "Accessed None trying to read property K2Node_DynamicCast_AsPeoncito". Blueprint:  BarraVIda Function:  Get Text 0 Graph:  GetText_0 Node:  Return Node
[2025.07.14-01.31.27:014][362]PIE: Error: Blueprint Runtime Error: "Accessed None trying to read property K2Node_DynamicCast_AsPeoncito". Blueprint:  BarraVIda Function:  Get Text 0 Graph:  GetText_0 Node:  Return Node
[2025.07.14-01.31.27:031][363]PIE: Error: Blueprint Runtime Error: "Accessed None trying to read property K2Node_DynamicCast_AsPeoncito". Blueprint:  BarraVIda Function:  Get Text 0 Graph:  GetText_0 Node:  Return Node
[2025.07.14-01.31.27:049][364]PIE: Error: Blueprint Runtime Error: "Accessed None trying to read property K2Node_DynamicCast_AsPeoncito". Blueprint:  BarraVIda Function:  Get Text 0 Graph:  GetText_0 Node:  Return Node
[2025.07.14-01.31.27:068][365]PIE: Error: Blueprint Runtime Error: "Accessed None trying to read property K2Node_DynamicCast_AsPeoncito". Blueprint:  BarraVIda Function:  Get Text 0 Graph:  GetText_0 Node:  Return Node
[2025.07.14-01.31.27:090][366]PIE: Error: Blueprint Runtime Error: "Accessed None trying to read property K2Node_DynamicCast_AsPeoncito". Blueprint:  BarraVIda Function:  Get Text 0 Graph:  GetText_0 Node:  Return Node
[2025.07.14-01.31.27:113][367]PIE: Error: Blueprint Runtime Error: "Accessed None trying to read property K2Node_DynamicCast_AsPeoncito". Blueprint:  BarraVIda Function:  Get Text 0 Graph:  GetText_0 Node:  Return Node
[2025.07.14-01.31.27:135][368]PIE: Error: Blueprint Runtime Error: "Accessed None trying to read property K2Node_DynamicCast_AsPeoncito". Blueprint:  BarraVIda Function:  Get Text 0 Graph:  GetText_0 Node:  Return Node
[2025.07.14-01.31.27:157][369]PIE: Error: Blueprint Runtime Error: "Accessed None trying to read property K2Node_DynamicCast_AsPeoncito". Blueprint:  BarraVIda Function:  Get Text 0 Graph:  GetText_0 Node:  Return Node
[2025.07.14-01.31.27:178][370]PIE: Error: Blueprint Runtime Error: "Accessed None trying to read property K2Node_DynamicCast_AsPeoncito". Blueprint:  BarraVIda Function:  Get Text 0 Graph:  GetText_0 Node:  Return Node
[2025.07.14-01.31.27:202][371]PIE: Error: Blueprint Runtime Error: "Accessed None trying to read property K2Node_DynamicCast_AsPeoncito". Blueprint:  BarraVIda Function:  Get Text 0 Graph:  GetText_0 Node:  Return Node
[2025.07.14-01.31.27:223][372]PIE: Error: Blueprint Runtime Error: "Accessed None trying to read property K2Node_DynamicCast_AsPeoncito". Blueprint:  BarraVIda Function:  Get Text 0 Graph:  GetText_0 Node:  Return Node
[2025.07.14-01.31.27:246][373]PIE: Error: Blueprint Runtime Error: "Accessed None trying to read property K2Node_DynamicCast_AsPeoncito". Blueprint:  BarraVIda Function:  Get Text 0 Graph:  GetText_0 Node:  Return Node
[2025.07.14-01.31.27:267][374]PIE: Error: Blueprint Runtime Error: "Accessed None trying to read property K2Node_DynamicCast_AsPeoncito". Blueprint:  BarraVIda Function:  Get Text 0 Graph:  GetText_0 Node:  Return Node
[2025.07.14-01.31.27:287][375]PIE: Error: Blueprint Runtime Error: "Accessed None trying to read property K2Node_DynamicCast_AsPeoncito". Blueprint:  BarraVIda Function:  Get Text 0 Graph:  GetText_0 Node:  Return Node
[2025.07.14-01.31.27:306][376]PIE: Error: Blueprint Runtime Error: "Accessed None trying to read property K2Node_DynamicCast_AsPeoncito". Blueprint:  BarraVIda Function:  Get Text 0 Graph:  GetText_0 Node:  Return Node
[2025.07.14-01.31.27:324][377]PIE: Error: Blueprint Runtime Error: "Accessed None trying to read property K2Node_DynamicCast_AsPeoncito". Blueprint:  BarraVIda Function:  Get Text 0 Graph:  GetText_0 Node:  Return Node
[2025.07.14-01.31.27:343][378]PIE: Error: Blueprint Runtime Error: "Accessed None trying to read property K2Node_DynamicCast_AsPeoncito". Blueprint:  BarraVIda Function:  Get Text 0 Graph:  GetText_0 Node:  Return Node
[2025.07.14-01.31.27:364][379]PIE: Error: Blueprint Runtime Error: "Accessed None trying to read property K2Node_DynamicCast_AsPeoncito". Blueprint:  BarraVIda Function:  Get Text 0 Graph:  GetText_0 Node:  Return Node
[2025.07.14-01.31.27:384][380]PIE: Error: Blueprint Runtime Error: "Accessed None trying to read property K2Node_DynamicCast_AsPeoncito". Blueprint:  BarraVIda Function:  Get Text 0 Graph:  GetText_0 Node:  Return Node
[2025.07.14-01.31.27:404][381]PIE: Error: Blueprint Runtime Error: "Accessed None trying to read property K2Node_DynamicCast_AsPeoncito". Blueprint:  BarraVIda Function:  Get Text 0 Graph:  GetText_0 Node:  Return Node
[2025.07.14-01.31.27:422][382]PIE: Error: Blueprint Runtime Error: "Accessed None trying to read property K2Node_DynamicCast_AsPeoncito". Blueprint:  BarraVIda Function:  Get Text 0 Graph:  GetText_0 Node:  Return Node
[2025.07.14-01.31.27:440][383]PIE: Error: Blueprint Runtime Error: "Accessed None trying to read property K2Node_DynamicCast_AsPeoncito". Blueprint:  BarraVIda Function:  Get Text 0 Graph:  GetText_0 Node:  Return Node
[2025.07.14-01.31.27:459][384]PIE: Error: Blueprint Runtime Error: "Accessed None trying to read property K2Node_DynamicCast_AsPeoncito". Blueprint:  BarraVIda Function:  Get Text 0 Graph:  GetText_0 Node:  Return Node
[2025.07.14-01.31.27:479][385]PIE: Error: Blueprint Runtime Error: "Accessed None trying to read property K2Node_DynamicCast_AsPeoncito". Blueprint:  BarraVIda Function:  Get Text 0 Graph:  GetText_0 Node:  Return Node
[2025.07.14-01.31.27:498][386]PIE: Error: Blueprint Runtime Error: "Accessed None trying to read property K2Node_DynamicCast_AsPeoncito". Blueprint:  BarraVIda Function:  Get Text 0 Graph:  GetText_0 Node:  Return Node
[2025.07.14-01.31.27:519][387]PIE: Error: Blueprint Runtime Error: "Accessed None trying to read property K2Node_DynamicCast_AsPeoncito". Blueprint:  BarraVIda Function:  Get Text 0 Graph:  GetText_0 Node:  Return Node
[2025.07.14-01.31.27:541][388]PIE: Error: Blueprint Runtime Error: "Accessed None trying to read property K2Node_DynamicCast_AsPeoncito". Blueprint:  BarraVIda Function:  Get Text 0 Graph:  GetText_0 Node:  Return Node
[2025.07.14-01.31.27:560][389]PIE: Error: Blueprint Runtime Error: "Accessed None trying to read property K2Node_DynamicCast_AsPeoncito". Blueprint:  BarraVIda Function:  Get Text 0 Graph:  GetText_0 Node:  Return Node
[2025.07.14-01.31.27:581][390]PIE: Error: Blueprint Runtime Error: "Accessed None trying to read property K2Node_DynamicCast_AsPeoncito". Blueprint:  BarraVIda Function:  Get Text 0 Graph:  GetText_0 Node:  Return Node
[2025.07.14-01.31.27:600][391]PIE: Error: Blueprint Runtime Error: "Accessed None trying to read property K2Node_DynamicCast_AsPeoncito". Blueprint:  BarraVIda Function:  Get Text 0 Graph:  GetText_0 Node:  Return Node
[2025.07.14-01.31.27:621][392]PIE: Error: Blueprint Runtime Error: "Accessed None trying to read property K2Node_DynamicCast_AsPeoncito". Blueprint:  BarraVIda Function:  Get Text 0 Graph:  GetText_0 Node:  Return Node
[2025.07.14-01.31.27:640][393]PIE: Error: Blueprint Runtime Error: "Accessed None trying to read property K2Node_DynamicCast_AsPeoncito". Blueprint:  BarraVIda Function:  Get Text 0 Graph:  GetText_0 Node:  Return Node
[2025.07.14-01.31.27:661][394]PIE: Error: Blueprint Runtime Error: "Accessed None trying to read property K2Node_DynamicCast_AsPeoncito". Blueprint:  BarraVIda Function:  Get Text 0 Graph:  GetText_0 Node:  Return Node
[2025.07.14-01.31.27:681][395]PIE: Error: Blueprint Runtime Error: "Accessed None trying to read property K2Node_DynamicCast_AsPeoncito". Blueprint:  BarraVIda Function:  Get Text 0 Graph:  GetText_0 Node:  Return Node
[2025.07.14-01.31.27:700][396]PIE: Error: Blueprint Runtime Error: "Accessed None trying to read property K2Node_DynamicCast_AsPeoncito". Blueprint:  BarraVIda Function:  Get Text 0 Graph:  GetText_0 Node:  Return Node
[2025.07.14-01.31.27:719][397]PIE: Error: Blueprint Runtime Error: "Accessed None trying to read property K2Node_DynamicCast_AsPeoncito". Blueprint:  BarraVIda Function:  Get Text 0 Graph:  GetText_0 Node:  Return Node
[2025.07.14-01.31.27:739][398]PIE: Error: Blueprint Runtime Error: "Accessed None trying to read property K2Node_DynamicCast_AsPeoncito". Blueprint:  BarraVIda Function:  Get Text 0 Graph:  GetText_0 Node:  Return Node
[2025.07.14-01.31.27:759][399]PIE: Error: Blueprint Runtime Error: "Accessed None trying to read property K2Node_DynamicCast_AsPeoncito". Blueprint:  BarraVIda Function:  Get Text 0 Graph:  GetText_0 Node:  Return Node
[2025.07.14-01.31.27:778][400]PIE: Error: Blueprint Runtime Error: "Accessed None trying to read property K2Node_DynamicCast_AsPeoncito". Blueprint:  BarraVIda Function:  Get Text 0 Graph:  GetText_0 Node:  Return Node
[2025.07.14-01.31.27:798][401]PIE: Error: Blueprint Runtime Error: "Accessed None trying to read property K2Node_DynamicCast_AsPeoncito". Blueprint:  BarraVIda Function:  Get Text 0 Graph:  GetText_0 Node:  Return Node
[2025.07.14-01.31.27:816][402]PIE: Error: Blueprint Runtime Error: "Accessed None trying to read property K2Node_DynamicCast_AsPeoncito". Blueprint:  BarraVIda Function:  Get Text 0 Graph:  GetText_0 Node:  Return Node
[2025.07.14-01.31.27:834][403]PIE: Error: Blueprint Runtime Error: "Accessed None trying to read property K2Node_DynamicCast_AsPeoncito". Blueprint:  BarraVIda Function:  Get Text 0 Graph:  GetText_0 Node:  Return Node
[2025.07.14-01.31.27:852][404]PIE: Error: Blueprint Runtime Error: "Accessed None trying to read property K2Node_DynamicCast_AsPeoncito". Blueprint:  BarraVIda Function:  Get Text 0 Graph:  GetText_0 Node:  Return Node
[2025.07.14-01.31.27:869][405]PIE: Error: Blueprint Runtime Error: "Accessed None trying to read property K2Node_DynamicCast_AsPeoncito". Blueprint:  BarraVIda Function:  Get Text 0 Graph:  GetText_0 Node:  Return Node
[2025.07.14-01.31.27:887][406]PIE: Error: Blueprint Runtime Error: "Accessed None trying to read property K2Node_DynamicCast_AsPeoncito". Blueprint:  BarraVIda Function:  Get Text 0 Graph:  GetText_0 Node:  Return Node
[2025.07.14-01.31.27:906][407]PIE: Error: Blueprint Runtime Error: "Accessed None trying to read property K2Node_DynamicCast_AsPeoncito". Blueprint:  BarraVIda Function:  Get Text 0 Graph:  GetText_0 Node:  Return Node
[2025.07.14-01.31.27:924][408]PIE: Error: Blueprint Runtime Error: "Accessed None trying to read property K2Node_DynamicCast_AsPeoncito". Blueprint:  BarraVIda Function:  Get Text 0 Graph:  GetText_0 Node:  Return Node
[2025.07.14-01.31.27:942][409]PIE: Error: Blueprint Runtime Error: "Accessed None trying to read property K2Node_DynamicCast_AsPeoncito". Blueprint:  BarraVIda Function:  Get Text 0 Graph:  GetText_0 Node:  Return Node
[2025.07.14-01.31.27:960][410]PIE: Error: Blueprint Runtime Error: "Accessed None trying to read property K2Node_DynamicCast_AsPeoncito". Blueprint:  BarraVIda Function:  Get Text 0 Graph:  GetText_0 Node:  Return Node
[2025.07.14-01.31.27:976][411]PIE: Error: Blueprint Runtime Error: "Accessed None trying to read property K2Node_DynamicCast_AsPeoncito". Blueprint:  BarraVIda Function:  Get Text 0 Graph:  GetText_0 Node:  Return Node
[2025.07.14-01.31.27:994][412]PIE: Error: Blueprint Runtime Error: "Accessed None trying to read property K2Node_DynamicCast_AsPeoncito". Blueprint:  BarraVIda Function:  Get Text 0 Graph:  GetText_0 Node:  Return Node
[2025.07.14-01.31.28:011][413]PIE: Error: Blueprint Runtime Error: "Accessed None trying to read property K2Node_DynamicCast_AsPeoncito". Blueprint:  BarraVIda Function:  Get Text 0 Graph:  GetText_0 Node:  Return Node
[2025.07.14-01.31.28:031][414]PIE: Error: Blueprint Runtime Error: "Accessed None trying to read property K2Node_DynamicCast_AsPeoncito". Blueprint:  BarraVIda Function:  Get Text 0 Graph:  GetText_0 Node:  Return Node
[2025.07.14-01.31.28:050][415]PIE: Error: Blueprint Runtime Error: "Accessed None trying to read property K2Node_DynamicCast_AsPeoncito". Blueprint:  BarraVIda Function:  Get Text 0 Graph:  GetText_0 Node:  Return Node
[2025.07.14-01.31.28:070][416]PIE: Error: Blueprint Runtime Error: "Accessed None trying to read property K2Node_DynamicCast_AsPeoncito". Blueprint:  BarraVIda Function:  Get Text 0 Graph:  GetText_0 Node:  Return Node
[2025.07.14-01.31.28:090][417]PIE: Error: Blueprint Runtime Error: "Accessed None trying to read property K2Node_DynamicCast_AsPeoncito". Blueprint:  BarraVIda Function:  Get Text 0 Graph:  GetText_0 Node:  Return Node
[2025.07.14-01.31.28:109][418]PIE: Error: Blueprint Runtime Error: "Accessed None trying to read property K2Node_DynamicCast_AsPeoncito". Blueprint:  BarraVIda Function:  Get Text 0 Graph:  GetText_0 Node:  Return Node
[2025.07.14-01.31.28:125][419]PIE: Error: Blueprint Runtime Error: "Accessed None trying to read property K2Node_DynamicCast_AsPeoncito". Blueprint:  BarraVIda Function:  Get Text 0 Graph:  GetText_0 Node:  Return Node
[2025.07.14-01.31.28:142][420]PIE: Error: Blueprint Runtime Error: "Accessed None trying to read property K2Node_DynamicCast_AsPeoncito". Blueprint:  BarraVIda Function:  Get Text 0 Graph:  GetText_0 Node:  Return Node
[2025.07.14-01.31.28:158][421]PIE: Error: Blueprint Runtime Error: "Accessed None trying to read property K2Node_DynamicCast_AsPeoncito". Blueprint:  BarraVIda Function:  Get Text 0 Graph:  GetText_0 Node:  Return Node
[2025.07.14-01.31.28:177][422]PIE: Error: Blueprint Runtime Error: "Accessed None trying to read property K2Node_DynamicCast_AsPeoncito". Blueprint:  BarraVIda Function:  Get Text 0 Graph:  GetText_0 Node:  Return Node
[2025.07.14-01.31.28:194][423]PIE: Error: Blueprint Runtime Error: "Accessed None trying to read property K2Node_DynamicCast_AsPeoncito". Blueprint:  BarraVIda Function:  Get Text 0 Graph:  GetText_0 Node:  Return Node
[2025.07.14-01.31.28:215][424]PIE: Error: Blueprint Runtime Error: "Accessed None trying to read property K2Node_DynamicCast_AsPeoncito". Blueprint:  BarraVIda Function:  Get Text 0 Graph:  GetText_0 Node:  Return Node
[2025.07.14-01.31.28:235][425]PIE: Error: Blueprint Runtime Error: "Accessed None trying to read property K2Node_DynamicCast_AsPeoncito". Blueprint:  BarraVIda Function:  Get Text 0 Graph:  GetText_0 Node:  Return Node
[2025.07.14-01.31.28:259][426]PIE: Error: Blueprint Runtime Error: "Accessed None trying to read property K2Node_DynamicCast_AsPeoncito". Blueprint:  BarraVIda Function:  Get Text 0 Graph:  GetText_0 Node:  Return Node
[2025.07.14-01.31.28:283][427]PIE: Error: Blueprint Runtime Error: "Accessed None trying to read property K2Node_DynamicCast_AsPeoncito". Blueprint:  BarraVIda Function:  Get Text 0 Graph:  GetText_0 Node:  Return Node
[2025.07.14-01.31.28:305][428]PIE: Error: Blueprint Runtime Error: "Accessed None trying to read property K2Node_DynamicCast_AsPeoncito". Blueprint:  BarraVIda Function:  Get Text 0 Graph:  GetText_0 Node:  Return Node
[2025.07.14-01.31.28:325][429]PIE: Error: Blueprint Runtime Error: "Accessed None trying to read property K2Node_DynamicCast_AsPeoncito". Blueprint:  BarraVIda Function:  Get Text 0 Graph:  GetText_0 Node:  Return Node
[2025.07.14-01.31.28:345][430]PIE: Error: Blueprint Runtime Error: "Accessed None trying to read property K2Node_DynamicCast_AsPeoncito". Blueprint:  BarraVIda Function:  Get Text 0 Graph:  GetText_0 Node:  Return Node
[2025.07.14-01.31.28:367][431]PIE: Error: Blueprint Runtime Error: "Accessed None trying to read property K2Node_DynamicCast_AsPeoncito". Blueprint:  BarraVIda Function:  Get Text 0 Graph:  GetText_0 Node:  Return Node
[2025.07.14-01.31.28:386][432]PIE: Error: Blueprint Runtime Error: "Accessed None trying to read property K2Node_DynamicCast_AsPeoncito". Blueprint:  BarraVIda Function:  Get Text 0 Graph:  GetText_0 Node:  Return Node
[2025.07.14-01.31.28:405][433]PIE: Error: Blueprint Runtime Error: "Accessed None trying to read property K2Node_DynamicCast_AsPeoncito". Blueprint:  BarraVIda Function:  Get Text 0 Graph:  GetText_0 Node:  Return Node
[2025.07.14-01.31.28:425][434]PIE: Error: Blueprint Runtime Error: "Accessed None trying to read property K2Node_DynamicCast_AsPeoncito". Blueprint:  BarraVIda Function:  Get Text 0 Graph:  GetText_0 Node:  Return Node
[2025.07.14-01.31.28:445][435]PIE: Error: Blueprint Runtime Error: "Accessed None trying to read property K2Node_DynamicCast_AsPeoncito". Blueprint:  BarraVIda Function:  Get Text 0 Graph:  GetText_0 Node:  Return Node
[2025.07.14-01.31.28:465][436]PIE: Error: Blueprint Runtime Error: "Accessed None trying to read property K2Node_DynamicCast_AsPeoncito". Blueprint:  BarraVIda Function:  Get Text 0 Graph:  GetText_0 Node:  Return Node
[2025.07.14-01.31.28:482][437]PIE: Error: Blueprint Runtime Error: "Accessed None trying to read property K2Node_DynamicCast_AsPeoncito". Blueprint:  BarraVIda Function:  Get Text 0 Graph:  GetText_0 Node:  Return Node
[2025.07.14-01.31.28:502][438]PIE: Error: Blueprint Runtime Error: "Accessed None trying to read property K2Node_DynamicCast_AsPeoncito". Blueprint:  BarraVIda Function:  Get Text 0 Graph:  GetText_0 Node:  Return Node
[2025.07.14-01.31.28:525][439]PIE: Error: Blueprint Runtime Error: "Accessed None trying to read property K2Node_DynamicCast_AsPeoncito". Blueprint:  BarraVIda Function:  Get Text 0 Graph:  GetText_0 Node:  Return Node
[2025.07.14-01.31.28:546][440]PIE: Error: Blueprint Runtime Error: "Accessed None trying to read property K2Node_DynamicCast_AsPeoncito". Blueprint:  BarraVIda Function:  Get Text 0 Graph:  GetText_0 Node:  Return Node
[2025.07.14-01.31.28:632][441]LogSlate: Updating window title bar state: overlay mode, drag disabled, window buttons hidden, title bar hidden
[2025.07.14-01.31.28:632][441]LogWorld: BeginTearingDown for /Game/ThirdPersonBP/Maps/UEDPIE_0_Perdiste_Level
[2025.07.14-01.31.28:632][441]LogWorld: UWorld::CleanupWorld for Perdiste_Level, bSessionEnded=true, bCleanupResources=true
[2025.07.14-01.31.28:633][441]LogSlate: InvalidateAllWidgets triggered.  All widgets were invalidated
[2025.07.14-01.31.28:643][441]LogPlayLevel: Display: Shutting down PIE online subsystems
[2025.07.14-01.31.28:668][441]LogSlate: InvalidateAllWidgets triggered.  All widgets were invalidated
[2025.07.14-01.31.28:698][441]LogSlate: Updating window title bar state: overlay mode, drag disabled, window buttons hidden, title bar hidden
[2025.07.14-01.31.28:698][441]LogAudioMixer: FMixerPlatformXAudio2::StopAudioStream() called
[2025.07.14-01.31.28:700][441]LogAudioMixer: FMixerPlatformXAudio2::StopAudioStream() called
[2025.07.14-01.31.28:708][441]LogUObjectHash: Compacting FUObjectHashTables data took   3.85ms
[2025.07.14-01.31.28:959][442]LogPlayLevel: Display: Destroying online subsystem :Context_38
[2025.07.14-01.31.32:181][554]LogSlate: Window 'Message Log' being destroyed
[2025.07.14-01.31.32:224][554]LogSlate: Window 'Message Log' being destroyed
[2025.07.14-01.31.35:037][663]LogTemp: Repeating last play command: Selected Viewport
[2025.07.14-01.31.35:076][663]LogPlayLevel: PlayLevel: No blueprints needed recompiling
[2025.07.14-01.31.35:076][663]PIE: New page: PIE session: ThirdPersonExampleMap (Jul 13, 2025, 7:31:35 PM)
[2025.07.14-01.31.35:076][663]LogPlayLevel: Creating play world package: /Game/ThirdPersonBP/Maps/UEDPIE_0_ThirdPersonExampleMap
[2025.07.14-01.31.35:101][663]LogPlayLevel: PIE: StaticDuplicateObject took: (0.025147s)
[2025.07.14-01.31.35:103][663]LogAIModule: Creating AISystem for world ThirdPersonExampleMap
[2025.07.14-01.31.35:103][663]LogPlayLevel: PIE: World Init took: (0.001314s)
[2025.07.14-01.31.35:103][663]LogPlayLevel: PIE: Created PIE world by copying editor world from /Game/ThirdPersonBP/Maps/ThirdPersonExampleMap.ThirdPersonExampleMap to /Game/ThirdPersonBP/Maps/UEDPIE_0_ThirdPersonExampleMap.ThirdPersonExampleMap (0.026690s)
[2025.07.14-01.31.35:144][663]LogUObjectHash: Compacting FUObjectHashTables data took   4.74ms
[2025.07.14-01.31.35:146][663]LogAudio: Display: Creating Audio Device:                 Id: 16, Scope: Unique, Realtime: True
[2025.07.14-01.31.35:146][663]LogAudioMixer: Display: Audio Mixer Platform Settings:
[2025.07.14-01.31.35:146][663]LogAudioMixer: Display: 	Sample Rate:						  48000
[2025.07.14-01.31.35:146][663]LogAudioMixer: Display: 	Callback Buffer Frame Size Requested: 1024
[2025.07.14-01.31.35:146][663]LogAudioMixer: Display: 	Callback Buffer Frame Size To Use:	  1024
[2025.07.14-01.31.35:146][663]LogAudioMixer: Display: 	Number of buffers to queue:			  2
[2025.07.14-01.31.35:146][663]LogAudioMixer: Display: 	Max Channels (voices):				  32
[2025.07.14-01.31.35:146][663]LogAudioMixer: Display: 	Number of Async Source Workers:		  0
[2025.07.14-01.31.35:146][663]LogAudio: Display: AudioDevice MaxSources: 32
[2025.07.14-01.31.35:147][663]LogAudio: Display: Audio Spatialization Plugin: None (built-in).
[2025.07.14-01.31.35:147][663]LogAudio: Display: Audio Reverb Plugin: None (built-in).
[2025.07.14-01.31.35:147][663]LogAudio: Display: Audio Occlusion Plugin: None (built-in).
[2025.07.14-01.31.35:147][663]LogAudioMixer: Display: Initializing audio mixer.
[2025.07.14-01.31.35:154][663]LogAudioMixer: Display: 0: FrontLeft
[2025.07.14-01.31.35:154][663]LogAudioMixer: Display: 1: FrontRight
[2025.07.14-01.31.35:178][663]LogAudioMixer: Display: Using Audio Device Headphones (SOUNDPEATS Mini HS Stereo)
[2025.07.14-01.31.35:178][663]LogAudioMixer: Display: Initializing Sound Submixes...
[2025.07.14-01.31.35:178][663]LogAudioMixer: Display: Creating Master Submix 'MasterSubmixDefault'
[2025.07.14-01.31.35:178][663]LogAudioMixer: Display: Creating Master Submix 'MasterReverbSubmixDefault'
[2025.07.14-01.31.35:179][663]LogAudioMixer: Display: Creating Master Submix 'MasterEQSubmixDefault'
[2025.07.14-01.31.35:179][663]LogAudioMixer: FMixerPlatformXAudio2::StartAudioStream() called
[2025.07.14-01.31.35:179][663]LogAudioMixer: Display: Output buffers initialized: Frames=1024, Channels=2, Samples=2048
[2025.07.14-01.31.35:181][663]LogAudioMixer: Display: Starting AudioMixerPlatformInterface::RunInternal()
[2025.07.14-01.31.35:181][663]LogAudioMixer: Display: FMixerPlatformXAudio2::SubmitBuffer() called for the first time
[2025.07.14-01.31.35:181][663]LogInit: FAudioDevice initialized.
[2025.07.14-01.31.35:181][663]LogAudio: Display: Audio Device (ID: 16) registered with world 'ThirdPersonExampleMap'.
[2025.07.14-01.31.35:192][663]LogLoad: Game class is 'ReglasJuego_C'
[2025.07.14-01.31.35:201][663]LogWorld: Bringing World /Game/ThirdPersonBP/Maps/UEDPIE_0_ThirdPersonExampleMap.ThirdPersonExampleMap up for play (max tick rate 60) at 2025.07.13-22.31.35
[2025.07.14-01.31.35:202][663]LogWorld: Bringing up level for play took: 0.008117
[2025.07.14-01.31.35:202][663]LogOnline: OSS: Creating online subsystem instance for: :Context_39
[2025.07.14-01.31.35:204][663]LogBlueprintUserMessages: [plataforma_2] Buenas buenas!
[2025.07.14-01.31.35:207][663]PIE: Server logged in
[2025.07.14-01.31.35:208][663]PIE: Play in editor total start time 0.154 seconds.
[2025.07.14-01.31.38:027][800]LogBlueprintUserMessages: [bala_C_5] Le reste 25 al bad fella
[2025.07.14-01.31.41:028][949]LogBlueprintUserMessages: [bala_C_12] Le reste 25 al bad fella
[2025.07.14-01.31.41:214][958]LogBlueprintUserMessages: [bala_C_11] El peoncito perdio 10 de vida!!!!
[2025.07.14-01.31.41:273][961]LogBlueprintUserMessages: [Balaza_C_0] Le reste 30 al peoncito
[2025.07.14-01.31.42:522][ 21]LogBlueprintUserMessages: [bala_C_16] El peoncito perdio 10 de vida!!!!
[2025.07.14-01.31.42:778][ 34]LogBlueprintUserMessages: [bala_C_17] Le reste 50 al bad guy
[2025.07.14-01.31.43:170][ 53]LogBlueprintUserMessages: [bala_C_18] Le reste 50 al bad guy
[2025.07.14-01.31.43:186][ 54]LogBlueprintUserMessages: [bad_guy_5] Bad guy  Destruido!
[2025.07.14-01.31.44:039][ 96]LogBlueprintUserMessages: [bala_C_23] Le reste 25 al bad fella
[2025.07.14-01.31.46:310][205]LogBlueprintUserMessages: [bala_C_26] Le reste 25 a la torreta
[2025.07.14-01.31.46:310][205]LogBlueprintUserMessages: [Torreta3_2] algo me ataveso!
[2025.07.14-01.31.46:517][215]LogBlueprintUserMessages: [Balaza2_C_0] Le reste 50 al peoncito
[2025.07.14-01.31.46:518][215]LogBlueprintUserMessages: [peoncito_2] El peoncito murio
[2025.07.14-01.31.46:518][215]LogBlueprintUserMessages: [ReglasJuego_C_0] Noo, perdiste!
[2025.07.14-01.31.46:522][215]LogScript: Warning: Accessed None trying to read property K2Node_DynamicCast_AsPeoncito
	BarraVIda_C /Engine/Transient.UnrealEdEngine_0:GameInstance_14.BarraVIda_C_0
	Function /Game/ThirdPersonBP/Blueprints/blueprints/BarraVIda.BarraVIda_C:GetText_0:0099
[2025.07.14-01.31.46:522][215]PIE: Error: Blueprint Runtime Error: "Accessed None trying to read property K2Node_DynamicCast_AsPeoncito". Blueprint:  BarraVIda Function:  Get Text 0 Graph:  GetText_0 Node:  Return Node
[2025.07.14-01.31.46:538][216]LogNet: Browse: /Game/ThirdPersonBP/Maps/Perdiste_Level
[2025.07.14-01.31.46:538][216]LogLoad: LoadMap: /Game/ThirdPersonBP/Maps/Perdiste_Level
[2025.07.14-01.31.46:538][216]LogWorld: BeginTearingDown for /Game/ThirdPersonBP/Maps/UEDPIE_0_ThirdPersonExampleMap
[2025.07.14-01.31.46:539][216]LogWorld: UWorld::CleanupWorld for ThirdPersonExampleMap, bSessionEnded=true, bCleanupResources=true
[2025.07.14-01.31.46:541][216]LogSlate: InvalidateAllWidgets triggered.  All widgets were invalidated
[2025.07.14-01.31.46:623][216]LogAudio: Display: Audio Device unregistered from world 'None'.
[2025.07.14-01.31.46:629][216]LogUObjectHash: Compacting FUObjectHashTables data took   3.14ms
[2025.07.14-01.31.46:652][216]LogAudio: Display: Audio Device (ID: 16) registered with world 'Perdiste_Level'.
[2025.07.14-01.31.46:654][216]LogAIModule: Creating AISystem for world Perdiste_Level
[2025.07.14-01.31.46:654][216]LogLoad: Game class is 'ReglasJuego_C'
[2025.07.14-01.31.46:714][216]LogWorld: Bringing World /Game/ThirdPersonBP/Maps/UEDPIE_0_Perdiste_Level.Perdiste_Level up for play (max tick rate 60) at 2025.07.13-22.31.46
[2025.07.14-01.31.46:714][216]LogWorld: Bringing up level for play took: 0.059844
[2025.07.14-01.31.46:715][216]LogGameMode: FindPlayerStart: PATHS NOT DEFINED or NO PLAYERSTART with positive rating
[2025.07.14-01.31.46:716][216]LogBlueprintUserMessages: [plataforma_2] Buenas buenas!
[2025.07.14-01.31.46:717][216]LogLoad: Took 0.179722 seconds to LoadMap(/Game/ThirdPersonBP/Maps/Perdiste_Level)
[2025.07.14-01.31.46:765][216]PIE: Error: Blueprint Runtime Error: "Accessed None trying to read property K2Node_DynamicCast_AsPeoncito". Blueprint:  BarraVIda Function:  Get Text 0 Graph:  GetText_0 Node:  Return Node
[2025.07.14-01.31.46:788][217]PIE: Error: Blueprint Runtime Error: "Accessed None trying to read property K2Node_DynamicCast_AsPeoncito". Blueprint:  BarraVIda Function:  Get Text 0 Graph:  GetText_0 Node:  Return Node
[2025.07.14-01.31.46:807][218]PIE: Error: Blueprint Runtime Error: "Accessed None trying to read property K2Node_DynamicCast_AsPeoncito". Blueprint:  BarraVIda Function:  Get Text 0 Graph:  GetText_0 Node:  Return Node
[2025.07.14-01.31.46:827][219]PIE: Error: Blueprint Runtime Error: "Accessed None trying to read property K2Node_DynamicCast_AsPeoncito". Blueprint:  BarraVIda Function:  Get Text 0 Graph:  GetText_0 Node:  Return Node
[2025.07.14-01.31.46:850][220]PIE: Error: Blueprint Runtime Error: "Accessed None trying to read property K2Node_DynamicCast_AsPeoncito". Blueprint:  BarraVIda Function:  Get Text 0 Graph:  GetText_0 Node:  Return Node
[2025.07.14-01.31.46:869][221]PIE: Error: Blueprint Runtime Error: "Accessed None trying to read property K2Node_DynamicCast_AsPeoncito". Blueprint:  BarraVIda Function:  Get Text 0 Graph:  GetText_0 Node:  Return Node
[2025.07.14-01.31.46:889][222]PIE: Error: Blueprint Runtime Error: "Accessed None trying to read property K2Node_DynamicCast_AsPeoncito". Blueprint:  BarraVIda Function:  Get Text 0 Graph:  GetText_0 Node:  Return Node
[2025.07.14-01.31.46:914][223]PIE: Error: Blueprint Runtime Error: "Accessed None trying to read property K2Node_DynamicCast_AsPeoncito". Blueprint:  BarraVIda Function:  Get Text 0 Graph:  GetText_0 Node:  Return Node
[2025.07.14-01.31.46:937][224]PIE: Error: Blueprint Runtime Error: "Accessed None trying to read property K2Node_DynamicCast_AsPeoncito". Blueprint:  BarraVIda Function:  Get Text 0 Graph:  GetText_0 Node:  Return Node
[2025.07.14-01.31.46:960][225]PIE: Error: Blueprint Runtime Error: "Accessed None trying to read property K2Node_DynamicCast_AsPeoncito". Blueprint:  BarraVIda Function:  Get Text 0 Graph:  GetText_0 Node:  Return Node
[2025.07.14-01.31.46:981][226]PIE: Error: Blueprint Runtime Error: "Accessed None trying to read property K2Node_DynamicCast_AsPeoncito". Blueprint:  BarraVIda Function:  Get Text 0 Graph:  GetText_0 Node:  Return Node
[2025.07.14-01.31.47:005][227]PIE: Error: Blueprint Runtime Error: "Accessed None trying to read property K2Node_DynamicCast_AsPeoncito". Blueprint:  BarraVIda Function:  Get Text 0 Graph:  GetText_0 Node:  Return Node
[2025.07.14-01.31.47:026][228]PIE: Error: Blueprint Runtime Error: "Accessed None trying to read property K2Node_DynamicCast_AsPeoncito". Blueprint:  BarraVIda Function:  Get Text 0 Graph:  GetText_0 Node:  Return Node
[2025.07.14-01.31.47:048][229]PIE: Error: Blueprint Runtime Error: "Accessed None trying to read property K2Node_DynamicCast_AsPeoncito". Blueprint:  BarraVIda Function:  Get Text 0 Graph:  GetText_0 Node:  Return Node
[2025.07.14-01.31.47:067][230]PIE: Error: Blueprint Runtime Error: "Accessed None trying to read property K2Node_DynamicCast_AsPeoncito". Blueprint:  BarraVIda Function:  Get Text 0 Graph:  GetText_0 Node:  Return Node
[2025.07.14-01.31.47:083][231]PIE: Error: Blueprint Runtime Error: "Accessed None trying to read property K2Node_DynamicCast_AsPeoncito". Blueprint:  BarraVIda Function:  Get Text 0 Graph:  GetText_0 Node:  Return Node
[2025.07.14-01.31.47:099][232]PIE: Error: Blueprint Runtime Error: "Accessed None trying to read property K2Node_DynamicCast_AsPeoncito". Blueprint:  BarraVIda Function:  Get Text 0 Graph:  GetText_0 Node:  Return Node
[2025.07.14-01.31.47:116][233]PIE: Error: Blueprint Runtime Error: "Accessed None trying to read property K2Node_DynamicCast_AsPeoncito". Blueprint:  BarraVIda Function:  Get Text 0 Graph:  GetText_0 Node:  Return Node
[2025.07.14-01.31.47:132][234]PIE: Error: Blueprint Runtime Error: "Accessed None trying to read property K2Node_DynamicCast_AsPeoncito". Blueprint:  BarraVIda Function:  Get Text 0 Graph:  GetText_0 Node:  Return Node
[2025.07.14-01.31.47:149][235]PIE: Error: Blueprint Runtime Error: "Accessed None trying to read property K2Node_DynamicCast_AsPeoncito". Blueprint:  BarraVIda Function:  Get Text 0 Graph:  GetText_0 Node:  Return Node
[2025.07.14-01.31.47:167][236]PIE: Error: Blueprint Runtime Error: "Accessed None trying to read property K2Node_DynamicCast_AsPeoncito". Blueprint:  BarraVIda Function:  Get Text 0 Graph:  GetText_0 Node:  Return Node
[2025.07.14-01.31.47:183][237]PIE: Error: Blueprint Runtime Error: "Accessed None trying to read property K2Node_DynamicCast_AsPeoncito". Blueprint:  BarraVIda Function:  Get Text 0 Graph:  GetText_0 Node:  Return Node
[2025.07.14-01.31.47:201][238]PIE: Error: Blueprint Runtime Error: "Accessed None trying to read property K2Node_DynamicCast_AsPeoncito". Blueprint:  BarraVIda Function:  Get Text 0 Graph:  GetText_0 Node:  Return Node
[2025.07.14-01.31.47:221][239]PIE: Error: Blueprint Runtime Error: "Accessed None trying to read property K2Node_DynamicCast_AsPeoncito". Blueprint:  BarraVIda Function:  Get Text 0 Graph:  GetText_0 Node:  Return Node
[2025.07.14-01.31.47:242][240]PIE: Error: Blueprint Runtime Error: "Accessed None trying to read property K2Node_DynamicCast_AsPeoncito". Blueprint:  BarraVIda Function:  Get Text 0 Graph:  GetText_0 Node:  Return Node
[2025.07.14-01.31.47:264][241]PIE: Error: Blueprint Runtime Error: "Accessed None trying to read property K2Node_DynamicCast_AsPeoncito". Blueprint:  BarraVIda Function:  Get Text 0 Graph:  GetText_0 Node:  Return Node
[2025.07.14-01.31.47:285][242]PIE: Error: Blueprint Runtime Error: "Accessed None trying to read property K2Node_DynamicCast_AsPeoncito". Blueprint:  BarraVIda Function:  Get Text 0 Graph:  GetText_0 Node:  Return Node
[2025.07.14-01.31.47:308][243]PIE: Error: Blueprint Runtime Error: "Accessed None trying to read property K2Node_DynamicCast_AsPeoncito". Blueprint:  BarraVIda Function:  Get Text 0 Graph:  GetText_0 Node:  Return Node
[2025.07.14-01.31.47:330][244]PIE: Error: Blueprint Runtime Error: "Accessed None trying to read property K2Node_DynamicCast_AsPeoncito". Blueprint:  BarraVIda Function:  Get Text 0 Graph:  GetText_0 Node:  Return Node
[2025.07.14-01.31.47:353][245]PIE: Error: Blueprint Runtime Error: "Accessed None trying to read property K2Node_DynamicCast_AsPeoncito". Blueprint:  BarraVIda Function:  Get Text 0 Graph:  GetText_0 Node:  Return Node
[2025.07.14-01.31.47:371][246]PIE: Error: Blueprint Runtime Error: "Accessed None trying to read property K2Node_DynamicCast_AsPeoncito". Blueprint:  BarraVIda Function:  Get Text 0 Graph:  GetText_0 Node:  Return Node
[2025.07.14-01.31.47:391][247]PIE: Error: Blueprint Runtime Error: "Accessed None trying to read property K2Node_DynamicCast_AsPeoncito". Blueprint:  BarraVIda Function:  Get Text 0 Graph:  GetText_0 Node:  Return Node
[2025.07.14-01.31.47:415][248]PIE: Error: Blueprint Runtime Error: "Accessed None trying to read property K2Node_DynamicCast_AsPeoncito". Blueprint:  BarraVIda Function:  Get Text 0 Graph:  GetText_0 Node:  Return Node
[2025.07.14-01.31.47:432][249]PIE: Error: Blueprint Runtime Error: "Accessed None trying to read property K2Node_DynamicCast_AsPeoncito". Blueprint:  BarraVIda Function:  Get Text 0 Graph:  GetText_0 Node:  Return Node
[2025.07.14-01.31.47:450][250]PIE: Error: Blueprint Runtime Error: "Accessed None trying to read property K2Node_DynamicCast_AsPeoncito". Blueprint:  BarraVIda Function:  Get Text 0 Graph:  GetText_0 Node:  Return Node
[2025.07.14-01.31.47:467][251]PIE: Error: Blueprint Runtime Error: "Accessed None trying to read property K2Node_DynamicCast_AsPeoncito". Blueprint:  BarraVIda Function:  Get Text 0 Graph:  GetText_0 Node:  Return Node
[2025.07.14-01.31.47:486][252]PIE: Error: Blueprint Runtime Error: "Accessed None trying to read property K2Node_DynamicCast_AsPeoncito". Blueprint:  BarraVIda Function:  Get Text 0 Graph:  GetText_0 Node:  Return Node
[2025.07.14-01.31.47:506][253]PIE: Error: Blueprint Runtime Error: "Accessed None trying to read property K2Node_DynamicCast_AsPeoncito". Blueprint:  BarraVIda Function:  Get Text 0 Graph:  GetText_0 Node:  Return Node
[2025.07.14-01.31.47:524][254]PIE: Error: Blueprint Runtime Error: "Accessed None trying to read property K2Node_DynamicCast_AsPeoncito". Blueprint:  BarraVIda Function:  Get Text 0 Graph:  GetText_0 Node:  Return Node
[2025.07.14-01.31.47:544][255]PIE: Error: Blueprint Runtime Error: "Accessed None trying to read property K2Node_DynamicCast_AsPeoncito". Blueprint:  BarraVIda Function:  Get Text 0 Graph:  GetText_0 Node:  Return Node
[2025.07.14-01.31.47:562][256]PIE: Error: Blueprint Runtime Error: "Accessed None trying to read property K2Node_DynamicCast_AsPeoncito". Blueprint:  BarraVIda Function:  Get Text 0 Graph:  GetText_0 Node:  Return Node
[2025.07.14-01.31.47:579][257]PIE: Error: Blueprint Runtime Error: "Accessed None trying to read property K2Node_DynamicCast_AsPeoncito". Blueprint:  BarraVIda Function:  Get Text 0 Graph:  GetText_0 Node:  Return Node
[2025.07.14-01.31.47:598][258]PIE: Error: Blueprint Runtime Error: "Accessed None trying to read property K2Node_DynamicCast_AsPeoncito". Blueprint:  BarraVIda Function:  Get Text 0 Graph:  GetText_0 Node:  Return Node
[2025.07.14-01.31.47:616][259]PIE: Error: Blueprint Runtime Error: "Accessed None trying to read property K2Node_DynamicCast_AsPeoncito". Blueprint:  BarraVIda Function:  Get Text 0 Graph:  GetText_0 Node:  Return Node
[2025.07.14-01.31.47:634][260]PIE: Error: Blueprint Runtime Error: "Accessed None trying to read property K2Node_DynamicCast_AsPeoncito". Blueprint:  BarraVIda Function:  Get Text 0 Graph:  GetText_0 Node:  Return Node
[2025.07.14-01.31.47:653][261]PIE: Error: Blueprint Runtime Error: "Accessed None trying to read property K2Node_DynamicCast_AsPeoncito". Blueprint:  BarraVIda Function:  Get Text 0 Graph:  GetText_0 Node:  Return Node
[2025.07.14-01.31.47:670][262]PIE: Error: Blueprint Runtime Error: "Accessed None trying to read property K2Node_DynamicCast_AsPeoncito". Blueprint:  BarraVIda Function:  Get Text 0 Graph:  GetText_0 Node:  Return Node
[2025.07.14-01.31.47:693][263]PIE: Error: Blueprint Runtime Error: "Accessed None trying to read property K2Node_DynamicCast_AsPeoncito". Blueprint:  BarraVIda Function:  Get Text 0 Graph:  GetText_0 Node:  Return Node
[2025.07.14-01.31.47:716][264]PIE: Error: Blueprint Runtime Error: "Accessed None trying to read property K2Node_DynamicCast_AsPeoncito". Blueprint:  BarraVIda Function:  Get Text 0 Graph:  GetText_0 Node:  Return Node
[2025.07.14-01.31.47:736][265]PIE: Error: Blueprint Runtime Error: "Accessed None trying to read property K2Node_DynamicCast_AsPeoncito". Blueprint:  BarraVIda Function:  Get Text 0 Graph:  GetText_0 Node:  Return Node
[2025.07.14-01.31.47:756][266]PIE: Error: Blueprint Runtime Error: "Accessed None trying to read property K2Node_DynamicCast_AsPeoncito". Blueprint:  BarraVIda Function:  Get Text 0 Graph:  GetText_0 Node:  Return Node
[2025.07.14-01.31.47:777][267]PIE: Error: Blueprint Runtime Error: "Accessed None trying to read property K2Node_DynamicCast_AsPeoncito". Blueprint:  BarraVIda Function:  Get Text 0 Graph:  GetText_0 Node:  Return Node
[2025.07.14-01.31.47:797][268]PIE: Error: Blueprint Runtime Error: "Accessed None trying to read property K2Node_DynamicCast_AsPeoncito". Blueprint:  BarraVIda Function:  Get Text 0 Graph:  GetText_0 Node:  Return Node
[2025.07.14-01.31.47:816][269]PIE: Error: Blueprint Runtime Error: "Accessed None trying to read property K2Node_DynamicCast_AsPeoncito". Blueprint:  BarraVIda Function:  Get Text 0 Graph:  GetText_0 Node:  Return Node
[2025.07.14-01.31.47:835][270]PIE: Error: Blueprint Runtime Error: "Accessed None trying to read property K2Node_DynamicCast_AsPeoncito". Blueprint:  BarraVIda Function:  Get Text 0 Graph:  GetText_0 Node:  Return Node
[2025.07.14-01.31.47:852][271]PIE: Error: Blueprint Runtime Error: "Accessed None trying to read property K2Node_DynamicCast_AsPeoncito". Blueprint:  BarraVIda Function:  Get Text 0 Graph:  GetText_0 Node:  Return Node
[2025.07.14-01.31.47:922][272]LogSlate: Updating window title bar state: overlay mode, drag disabled, window buttons hidden, title bar hidden
[2025.07.14-01.31.47:922][272]LogWorld: BeginTearingDown for /Game/ThirdPersonBP/Maps/UEDPIE_0_Perdiste_Level
[2025.07.14-01.31.47:922][272]LogWorld: UWorld::CleanupWorld for Perdiste_Level, bSessionEnded=true, bCleanupResources=true
[2025.07.14-01.31.47:924][272]LogSlate: InvalidateAllWidgets triggered.  All widgets were invalidated
[2025.07.14-01.31.47:933][272]LogPlayLevel: Display: Shutting down PIE online subsystems
[2025.07.14-01.31.47:958][272]LogSlate: InvalidateAllWidgets triggered.  All widgets were invalidated
[2025.07.14-01.31.47:988][272]LogSlate: Updating window title bar state: overlay mode, drag disabled, window buttons hidden, title bar hidden
[2025.07.14-01.31.47:989][272]LogAudioMixer: FMixerPlatformXAudio2::StopAudioStream() called
[2025.07.14-01.31.47:990][272]LogAudioMixer: FMixerPlatformXAudio2::StopAudioStream() called
[2025.07.14-01.31.47:999][272]LogUObjectHash: Compacting FUObjectHashTables data took   3.53ms
[2025.07.14-01.31.48:237][273]LogPlayLevel: Display: Destroying online subsystem :Context_39
[2025.07.14-01.31.49:989][329]LogSlate: Window 'Message Log' being destroyed
[2025.07.14-01.31.50:035][329]LogSlate: Window 'Message Log' being destroyed
[2025.07.14-01.31.50:762][355]LogTemp: Repeating last play command: Selected Viewport
[2025.07.14-01.31.50:801][355]LogPlayLevel: PlayLevel: No blueprints needed recompiling
[2025.07.14-01.31.50:802][355]PIE: New page: PIE session: ThirdPersonExampleMap (Jul 13, 2025, 7:31:50 PM)
[2025.07.14-01.31.50:802][355]LogPlayLevel: Creating play world package: /Game/ThirdPersonBP/Maps/UEDPIE_0_ThirdPersonExampleMap
[2025.07.14-01.31.50:826][355]LogPlayLevel: PIE: StaticDuplicateObject took: (0.023814s)
[2025.07.14-01.31.50:827][355]LogAIModule: Creating AISystem for world ThirdPersonExampleMap
[2025.07.14-01.31.50:827][355]LogPlayLevel: PIE: World Init took: (0.001363s)
[2025.07.14-01.31.50:827][355]LogPlayLevel: PIE: Created PIE world by copying editor world from /Game/ThirdPersonBP/Maps/ThirdPersonExampleMap.ThirdPersonExampleMap to /Game/ThirdPersonBP/Maps/UEDPIE_0_ThirdPersonExampleMap.ThirdPersonExampleMap (0.025430s)
[2025.07.14-01.31.50:864][355]LogUObjectHash: Compacting FUObjectHashTables data took   4.09ms
[2025.07.14-01.31.50:865][355]LogAudio: Display: Creating Audio Device:                 Id: 17, Scope: Unique, Realtime: True
[2025.07.14-01.31.50:865][355]LogAudioMixer: Display: Audio Mixer Platform Settings:
[2025.07.14-01.31.50:865][355]LogAudioMixer: Display: 	Sample Rate:						  48000
[2025.07.14-01.31.50:865][355]LogAudioMixer: Display: 	Callback Buffer Frame Size Requested: 1024
[2025.07.14-01.31.50:865][355]LogAudioMixer: Display: 	Callback Buffer Frame Size To Use:	  1024
[2025.07.14-01.31.50:866][355]LogAudioMixer: Display: 	Number of buffers to queue:			  2
[2025.07.14-01.31.50:866][355]LogAudioMixer: Display: 	Max Channels (voices):				  32
[2025.07.14-01.31.50:866][355]LogAudioMixer: Display: 	Number of Async Source Workers:		  0
[2025.07.14-01.31.50:866][355]LogAudio: Display: AudioDevice MaxSources: 32
[2025.07.14-01.31.50:866][355]LogAudio: Display: Audio Spatialization Plugin: None (built-in).
[2025.07.14-01.31.50:866][355]LogAudio: Display: Audio Reverb Plugin: None (built-in).
[2025.07.14-01.31.50:866][355]LogAudio: Display: Audio Occlusion Plugin: None (built-in).
[2025.07.14-01.31.50:866][355]LogAudioMixer: Display: Initializing audio mixer.
[2025.07.14-01.31.50:872][355]LogAudioMixer: Display: 0: FrontLeft
[2025.07.14-01.31.50:872][355]LogAudioMixer: Display: 1: FrontRight
[2025.07.14-01.31.50:889][355]LogAudioMixer: Display: Using Audio Device Headphones (SOUNDPEATS Mini HS Stereo)
[2025.07.14-01.31.50:889][355]LogAudioMixer: Display: Initializing Sound Submixes...
[2025.07.14-01.31.50:889][355]LogAudioMixer: Display: Creating Master Submix 'MasterSubmixDefault'
[2025.07.14-01.31.50:889][355]LogAudioMixer: Display: Creating Master Submix 'MasterReverbSubmixDefault'
[2025.07.14-01.31.50:890][355]LogAudioMixer: Display: Creating Master Submix 'MasterEQSubmixDefault'
[2025.07.14-01.31.50:890][355]LogAudioMixer: FMixerPlatformXAudio2::StartAudioStream() called
[2025.07.14-01.31.50:890][355]LogAudioMixer: Display: Output buffers initialized: Frames=1024, Channels=2, Samples=2048
[2025.07.14-01.31.50:891][355]LogAudioMixer: Display: Starting AudioMixerPlatformInterface::RunInternal()
[2025.07.14-01.31.50:891][355]LogAudioMixer: Display: FMixerPlatformXAudio2::SubmitBuffer() called for the first time
[2025.07.14-01.31.50:892][355]LogInit: FAudioDevice initialized.
[2025.07.14-01.31.50:892][355]LogAudio: Display: Audio Device (ID: 17) registered with world 'ThirdPersonExampleMap'.
[2025.07.14-01.31.50:899][355]LogLoad: Game class is 'ReglasJuego_C'
[2025.07.14-01.31.50:907][355]LogWorld: Bringing World /Game/ThirdPersonBP/Maps/UEDPIE_0_ThirdPersonExampleMap.ThirdPersonExampleMap up for play (max tick rate 60) at 2025.07.13-22.31.50
[2025.07.14-01.31.50:907][355]LogWorld: Bringing up level for play took: 0.006865
[2025.07.14-01.31.50:908][355]LogOnline: OSS: Creating online subsystem instance for: :Context_40
[2025.07.14-01.31.50:910][355]LogBlueprintUserMessages: [plataforma_2] Buenas buenas!
[2025.07.14-01.31.50:913][355]PIE: Server logged in
[2025.07.14-01.31.50:914][355]PIE: Play in editor total start time 0.133 seconds.
[2025.07.14-01.31.53:762][477]LogBlueprintUserMessages: [bala_C_6] Le reste 25 al bad fella
[2025.07.14-01.31.54:141][493]LogBlueprintUserMessages: [bala_C_7] El peoncito perdio 10 de vida!!!!
[2025.07.14-01.31.54:468][507]LogBlueprintUserMessages: [bala_C_8] Le reste 25 al bad fella
[2025.07.14-01.31.54:760][519]LogBlueprintUserMessages: [bala_C_9] Le reste 25 al bad fella
[2025.07.14-01.31.55:087][534]LogBlueprintUserMessages: [bala_C_12] Le reste 25 al bad fella
[2025.07.14-01.31.55:565][555]LogBlueprintUserMessages: [bala_C_13] Le reste 25 al bad fella
[2025.07.14-01.31.55:587][556]LogBlueprintUserMessages: [bad_fella_2] Bad fella  Destruido!
[2025.07.14-01.31.56:547][593]LogBlueprintUserMessages: [bala_C_5] El peoncito perdio 10 de vida!!!!
[2025.07.14-01.31.59:456][713]LogBlueprintUserMessages: [bala_C_21] Le reste 25 a la torreta
[2025.07.14-01.31.59:456][713]LogBlueprintUserMessages: [Torreta2_5] algo me ataveso!
[2025.07.14-01.31.59:818][729]LogBlueprintUserMessages: [bala_C_24] Le reste 25 a la torreta
[2025.07.14-01.31.59:818][729]LogBlueprintUserMessages: [Torreta2_5] algo me ataveso!
[2025.07.14-01.31.59:838][730]LogBlueprintUserMessages: [Torreta2_5] Torreta Destruida!
[2025.07.14-01.32.00:682][765]LogBlueprintUserMessages: [peoncito_2] Te queda de vida:
[2025.07.14-01.32.00:682][765]LogBlueprintUserMessages: [peoncito_2] 78.0
[2025.07.14-01.32.00:703][766]LogBlueprintUserMessages: [peoncito_2] Te queda de vida:
[2025.07.14-01.32.00:704][766]LogBlueprintUserMessages: [peoncito_2] 76.0
[2025.07.14-01.32.00:728][767]LogBlueprintUserMessages: [peoncito_2] Te queda de vida:
[2025.07.14-01.32.00:728][767]LogBlueprintUserMessages: [peoncito_2] 74.0
[2025.07.14-01.32.00:755][768]LogBlueprintUserMessages: [peoncito_2] Te queda de vida:
[2025.07.14-01.32.00:755][768]LogBlueprintUserMessages: [peoncito_2] 72.0
[2025.07.14-01.32.00:788][769]LogBlueprintUserMessages: [peoncito_2] Te queda de vida:
[2025.07.14-01.32.00:789][769]LogBlueprintUserMessages: [peoncito_2] 70.0
[2025.07.14-01.32.00:815][770]LogBlueprintUserMessages: [bala_C_30] El peoncito perdio 10 de vida!!!!
[2025.07.14-01.32.00:817][770]LogBlueprintUserMessages: [peoncito_2] Te queda de vida:
[2025.07.14-01.32.00:817][770]LogBlueprintUserMessages: [peoncito_2] 58.0
[2025.07.14-01.32.00:843][771]LogBlueprintUserMessages: [bala_C_30] El peoncito perdio 10 de vida!!!!
[2025.07.14-01.32.00:845][771]LogBlueprintUserMessages: [peoncito_2] Te queda de vida:
[2025.07.14-01.32.00:845][771]LogBlueprintUserMessages: [peoncito_2] 46.0
[2025.07.14-01.32.00:873][772]LogBlueprintUserMessages: [bala_C_30] El peoncito perdio 10 de vida!!!!
[2025.07.14-01.32.00:907][773]LogBlueprintUserMessages: [bala_C_30] El peoncito perdio 10 de vida!!!!
[2025.07.14-01.32.02:047][822]LogBlueprintUserMessages: [bala_C_27] El peoncito perdio 10 de vida!!!!
[2025.07.14-01.32.02:793][854]LogBlueprintUserMessages: [bala_C_35] Le reste 25 al bad fella
[2025.07.14-01.32.06:049][  9]LogBlueprintUserMessages: [Curador_2] Le di vida al peoncito! ahora tiene:
[2025.07.14-01.32.06:049][  9]LogBlueprintUserMessages: [Curador_2] 16.0
[2025.07.14-01.32.06:049][  9]LogBlueprintUserMessages: [Curador_2] El curador ya curo las siguientes veces:
[2025.07.14-01.32.06:049][  9]LogBlueprintUserMessages: [Curador_2] 1.0
[2025.07.14-01.32.07:098][ 60]LogBlueprintUserMessages: [Curador_2] Le di vida al peoncito! ahora tiene:
[2025.07.14-01.32.07:098][ 60]LogBlueprintUserMessages: [Curador_2] 36.0
[2025.07.14-01.32.07:098][ 60]LogBlueprintUserMessages: [Curador_2] El curador ya curo las siguientes veces:
[2025.07.14-01.32.07:098][ 60]LogBlueprintUserMessages: [Curador_2] 2.0
[2025.07.14-01.32.07:999][102]LogBlueprintUserMessages: [bala_C_43] El peoncito perdio 10 de vida!!!!
[2025.07.14-01.32.08:385][121]LogBlueprintUserMessages: [bala_C_42] El peoncito perdio 10 de vida!!!!
[2025.07.14-01.32.08:411][122]LogBlueprintUserMessages: [bala_C_42] El peoncito perdio 10 de vida!!!!
[2025.07.14-01.32.08:521][127]LogBlueprintUserMessages: [Curador_2] Le di vida al peoncito! ahora tiene:
[2025.07.14-01.32.08:521][127]LogBlueprintUserMessages: [Curador_2] 26.0
[2025.07.14-01.32.08:521][127]LogBlueprintUserMessages: [Curador_2] El curador ya curo las siguientes veces:
[2025.07.14-01.32.08:522][127]LogBlueprintUserMessages: [Curador_2] 3.0
[2025.07.14-01.32.09:101][153]LogBlueprintUserMessages: [ReglasJuego_C_0] El puntaje subio!
[2025.07.14-01.32.09:101][153]LogBlueprintUserMessages: [ReglasJuego_C_0] 2
[2025.07.14-01.32.09:451][169]LogBlueprintUserMessages: [bala_C_46] El peoncito perdio 10 de vida!!!!
[2025.07.14-01.32.09:758][184]LogBlueprintUserMessages: [Balaza_C_9] Le reste 30 al peoncito
[2025.07.14-01.32.10:554][223]LogBlueprintUserMessages: [bala_C_48] El peoncito perdio 10 de vida!!!!
[2025.07.14-01.32.10:556][223]LogBlueprintUserMessages: [peoncito_2] El peoncito murio
[2025.07.14-01.32.10:556][223]LogBlueprintUserMessages: [ReglasJuego_C_0] Noo, perdiste!
[2025.07.14-01.32.10:561][223]LogScript: Warning: Accessed None trying to read property K2Node_DynamicCast_AsPeoncito
	BarraVIda_C /Engine/Transient.UnrealEdEngine_0:GameInstance_15.BarraVIda_C_0
	Function /Game/ThirdPersonBP/Blueprints/blueprints/BarraVIda.BarraVIda_C:GetText_0:0099
[2025.07.14-01.32.10:561][223]PIE: Error: Blueprint Runtime Error: "Accessed None trying to read property K2Node_DynamicCast_AsPeoncito". Blueprint:  BarraVIda Function:  Get Text 0 Graph:  GetText_0 Node:  Return Node
[2025.07.14-01.32.10:583][224]LogNet: Browse: /Game/ThirdPersonBP/Maps/Perdiste_Level
[2025.07.14-01.32.10:583][224]LogLoad: LoadMap: /Game/ThirdPersonBP/Maps/Perdiste_Level
[2025.07.14-01.32.10:583][224]LogWorld: BeginTearingDown for /Game/ThirdPersonBP/Maps/UEDPIE_0_ThirdPersonExampleMap
[2025.07.14-01.32.10:584][224]LogWorld: UWorld::CleanupWorld for ThirdPersonExampleMap, bSessionEnded=true, bCleanupResources=true
[2025.07.14-01.32.10:586][224]LogSlate: InvalidateAllWidgets triggered.  All widgets were invalidated
[2025.07.14-01.32.10:678][224]LogAudio: Display: Audio Device unregistered from world 'None'.
[2025.07.14-01.32.10:684][224]LogUObjectHash: Compacting FUObjectHashTables data took   4.06ms
[2025.07.14-01.32.10:711][224]LogAudio: Display: Audio Device (ID: 17) registered with world 'Perdiste_Level'.
[2025.07.14-01.32.10:712][224]LogAIModule: Creating AISystem for world Perdiste_Level
[2025.07.14-01.32.10:712][224]LogLoad: Game class is 'ReglasJuego_C'
[2025.07.14-01.32.10:768][224]LogWorld: Bringing World /Game/ThirdPersonBP/Maps/UEDPIE_0_Perdiste_Level.Perdiste_Level up for play (max tick rate 60) at 2025.07.13-22.32.10
[2025.07.14-01.32.10:768][224]LogWorld: Bringing up level for play took: 0.054169
[2025.07.14-01.32.10:768][224]LogGameMode: FindPlayerStart: PATHS NOT DEFINED or NO PLAYERSTART with positive rating
[2025.07.14-01.32.10:770][224]LogBlueprintUserMessages: [plataforma_2] Buenas buenas!
[2025.07.14-01.32.10:771][224]LogLoad: Took 0.187588 seconds to LoadMap(/Game/ThirdPersonBP/Maps/Perdiste_Level)
[2025.07.14-01.32.10:816][224]PIE: Error: Blueprint Runtime Error: "Accessed None trying to read property K2Node_DynamicCast_AsPeoncito". Blueprint:  BarraVIda Function:  Get Text 0 Graph:  GetText_0 Node:  Return Node
[2025.07.14-01.32.10:837][225]PIE: Error: Blueprint Runtime Error: "Accessed None trying to read property K2Node_DynamicCast_AsPeoncito". Blueprint:  BarraVIda Function:  Get Text 0 Graph:  GetText_0 Node:  Return Node
[2025.07.14-01.32.10:854][226]PIE: Error: Blueprint Runtime Error: "Accessed None trying to read property K2Node_DynamicCast_AsPeoncito". Blueprint:  BarraVIda Function:  Get Text 0 Graph:  GetText_0 Node:  Return Node
[2025.07.14-01.32.10:872][227]PIE: Error: Blueprint Runtime Error: "Accessed None trying to read property K2Node_DynamicCast_AsPeoncito". Blueprint:  BarraVIda Function:  Get Text 0 Graph:  GetText_0 Node:  Return Node
[2025.07.14-01.32.10:895][228]PIE: Error: Blueprint Runtime Error: "Accessed None trying to read property K2Node_DynamicCast_AsPeoncito". Blueprint:  BarraVIda Function:  Get Text 0 Graph:  GetText_0 Node:  Return Node
[2025.07.14-01.32.10:913][229]PIE: Error: Blueprint Runtime Error: "Accessed None trying to read property K2Node_DynamicCast_AsPeoncito". Blueprint:  BarraVIda Function:  Get Text 0 Graph:  GetText_0 Node:  Return Node
[2025.07.14-01.32.10:935][230]PIE: Error: Blueprint Runtime Error: "Accessed None trying to read property K2Node_DynamicCast_AsPeoncito". Blueprint:  BarraVIda Function:  Get Text 0 Graph:  GetText_0 Node:  Return Node
[2025.07.14-01.32.10:957][231]PIE: Error: Blueprint Runtime Error: "Accessed None trying to read property K2Node_DynamicCast_AsPeoncito". Blueprint:  BarraVIda Function:  Get Text 0 Graph:  GetText_0 Node:  Return Node
[2025.07.14-01.32.10:981][232]PIE: Error: Blueprint Runtime Error: "Accessed None trying to read property K2Node_DynamicCast_AsPeoncito". Blueprint:  BarraVIda Function:  Get Text 0 Graph:  GetText_0 Node:  Return Node
[2025.07.14-01.32.11:008][233]PIE: Error: Blueprint Runtime Error: "Accessed None trying to read property K2Node_DynamicCast_AsPeoncito". Blueprint:  BarraVIda Function:  Get Text 0 Graph:  GetText_0 Node:  Return Node
[2025.07.14-01.32.11:035][234]PIE: Error: Blueprint Runtime Error: "Accessed None trying to read property K2Node_DynamicCast_AsPeoncito". Blueprint:  BarraVIda Function:  Get Text 0 Graph:  GetText_0 Node:  Return Node
[2025.07.14-01.32.11:056][235]PIE: Error: Blueprint Runtime Error: "Accessed None trying to read property K2Node_DynamicCast_AsPeoncito". Blueprint:  BarraVIda Function:  Get Text 0 Graph:  GetText_0 Node:  Return Node
[2025.07.14-01.32.11:074][236]PIE: Error: Blueprint Runtime Error: "Accessed None trying to read property K2Node_DynamicCast_AsPeoncito". Blueprint:  BarraVIda Function:  Get Text 0 Graph:  GetText_0 Node:  Return Node
[2025.07.14-01.32.11:091][237]PIE: Error: Blueprint Runtime Error: "Accessed None trying to read property K2Node_DynamicCast_AsPeoncito". Blueprint:  BarraVIda Function:  Get Text 0 Graph:  GetText_0 Node:  Return Node
[2025.07.14-01.32.11:112][238]PIE: Error: Blueprint Runtime Error: "Accessed None trying to read property K2Node_DynamicCast_AsPeoncito". Blueprint:  BarraVIda Function:  Get Text 0 Graph:  GetText_0 Node:  Return Node
[2025.07.14-01.32.11:133][239]PIE: Error: Blueprint Runtime Error: "Accessed None trying to read property K2Node_DynamicCast_AsPeoncito". Blueprint:  BarraVIda Function:  Get Text 0 Graph:  GetText_0 Node:  Return Node
[2025.07.14-01.32.11:155][240]PIE: Error: Blueprint Runtime Error: "Accessed None trying to read property K2Node_DynamicCast_AsPeoncito". Blueprint:  BarraVIda Function:  Get Text 0 Graph:  GetText_0 Node:  Return Node
[2025.07.14-01.32.11:176][241]PIE: Error: Blueprint Runtime Error: "Accessed None trying to read property K2Node_DynamicCast_AsPeoncito". Blueprint:  BarraVIda Function:  Get Text 0 Graph:  GetText_0 Node:  Return Node
[2025.07.14-01.32.11:197][242]PIE: Error: Blueprint Runtime Error: "Accessed None trying to read property K2Node_DynamicCast_AsPeoncito". Blueprint:  BarraVIda Function:  Get Text 0 Graph:  GetText_0 Node:  Return Node
[2025.07.14-01.32.11:214][243]PIE: Error: Blueprint Runtime Error: "Accessed None trying to read property K2Node_DynamicCast_AsPeoncito". Blueprint:  BarraVIda Function:  Get Text 0 Graph:  GetText_0 Node:  Return Node
[2025.07.14-01.32.11:234][244]PIE: Error: Blueprint Runtime Error: "Accessed None trying to read property K2Node_DynamicCast_AsPeoncito". Blueprint:  BarraVIda Function:  Get Text 0 Graph:  GetText_0 Node:  Return Node
[2025.07.14-01.32.11:252][245]PIE: Error: Blueprint Runtime Error: "Accessed None trying to read property K2Node_DynamicCast_AsPeoncito". Blueprint:  BarraVIda Function:  Get Text 0 Graph:  GetText_0 Node:  Return Node
[2025.07.14-01.32.11:270][246]PIE: Error: Blueprint Runtime Error: "Accessed None trying to read property K2Node_DynamicCast_AsPeoncito". Blueprint:  BarraVIda Function:  Get Text 0 Graph:  GetText_0 Node:  Return Node
[2025.07.14-01.32.11:290][247]PIE: Error: Blueprint Runtime Error: "Accessed None trying to read property K2Node_DynamicCast_AsPeoncito". Blueprint:  BarraVIda Function:  Get Text 0 Graph:  GetText_0 Node:  Return Node
[2025.07.14-01.32.11:312][248]PIE: Error: Blueprint Runtime Error: "Accessed None trying to read property K2Node_DynamicCast_AsPeoncito". Blueprint:  BarraVIda Function:  Get Text 0 Graph:  GetText_0 Node:  Return Node
[2025.07.14-01.32.11:333][249]PIE: Error: Blueprint Runtime Error: "Accessed None trying to read property K2Node_DynamicCast_AsPeoncito". Blueprint:  BarraVIda Function:  Get Text 0 Graph:  GetText_0 Node:  Return Node
[2025.07.14-01.32.11:354][250]PIE: Error: Blueprint Runtime Error: "Accessed None trying to read property K2Node_DynamicCast_AsPeoncito". Blueprint:  BarraVIda Function:  Get Text 0 Graph:  GetText_0 Node:  Return Node
[2025.07.14-01.32.11:374][251]PIE: Error: Blueprint Runtime Error: "Accessed None trying to read property K2Node_DynamicCast_AsPeoncito". Blueprint:  BarraVIda Function:  Get Text 0 Graph:  GetText_0 Node:  Return Node
[2025.07.14-01.32.11:395][252]PIE: Error: Blueprint Runtime Error: "Accessed None trying to read property K2Node_DynamicCast_AsPeoncito". Blueprint:  BarraVIda Function:  Get Text 0 Graph:  GetText_0 Node:  Return Node
[2025.07.14-01.32.11:416][253]PIE: Error: Blueprint Runtime Error: "Accessed None trying to read property K2Node_DynamicCast_AsPeoncito". Blueprint:  BarraVIda Function:  Get Text 0 Graph:  GetText_0 Node:  Return Node
[2025.07.14-01.32.11:435][254]PIE: Error: Blueprint Runtime Error: "Accessed None trying to read property K2Node_DynamicCast_AsPeoncito". Blueprint:  BarraVIda Function:  Get Text 0 Graph:  GetText_0 Node:  Return Node
[2025.07.14-01.32.11:453][255]PIE: Error: Blueprint Runtime Error: "Accessed None trying to read property K2Node_DynamicCast_AsPeoncito". Blueprint:  BarraVIda Function:  Get Text 0 Graph:  GetText_0 Node:  Return Node
[2025.07.14-01.32.11:471][256]PIE: Error: Blueprint Runtime Error: "Accessed None trying to read property K2Node_DynamicCast_AsPeoncito". Blueprint:  BarraVIda Function:  Get Text 0 Graph:  GetText_0 Node:  Return Node
[2025.07.14-01.32.11:490][257]PIE: Error: Blueprint Runtime Error: "Accessed None trying to read property K2Node_DynamicCast_AsPeoncito". Blueprint:  BarraVIda Function:  Get Text 0 Graph:  GetText_0 Node:  Return Node
[2025.07.14-01.32.11:509][258]PIE: Error: Blueprint Runtime Error: "Accessed None trying to read property K2Node_DynamicCast_AsPeoncito". Blueprint:  BarraVIda Function:  Get Text 0 Graph:  GetText_0 Node:  Return Node
[2025.07.14-01.32.11:530][259]PIE: Error: Blueprint Runtime Error: "Accessed None trying to read property K2Node_DynamicCast_AsPeoncito". Blueprint:  BarraVIda Function:  Get Text 0 Graph:  GetText_0 Node:  Return Node
[2025.07.14-01.32.11:550][260]PIE: Error: Blueprint Runtime Error: "Accessed None trying to read property K2Node_DynamicCast_AsPeoncito". Blueprint:  BarraVIda Function:  Get Text 0 Graph:  GetText_0 Node:  Return Node
[2025.07.14-01.32.11:568][261]PIE: Error: Blueprint Runtime Error: "Accessed None trying to read property K2Node_DynamicCast_AsPeoncito". Blueprint:  BarraVIda Function:  Get Text 0 Graph:  GetText_0 Node:  Return Node
[2025.07.14-01.32.11:587][262]PIE: Error: Blueprint Runtime Error: "Accessed None trying to read property K2Node_DynamicCast_AsPeoncito". Blueprint:  BarraVIda Function:  Get Text 0 Graph:  GetText_0 Node:  Return Node
[2025.07.14-01.32.11:607][263]PIE: Error: Blueprint Runtime Error: "Accessed None trying to read property K2Node_DynamicCast_AsPeoncito". Blueprint:  BarraVIda Function:  Get Text 0 Graph:  GetText_0 Node:  Return Node
[2025.07.14-01.32.11:627][264]PIE: Error: Blueprint Runtime Error: "Accessed None trying to read property K2Node_DynamicCast_AsPeoncito". Blueprint:  BarraVIda Function:  Get Text 0 Graph:  GetText_0 Node:  Return Node
[2025.07.14-01.32.11:648][265]PIE: Error: Blueprint Runtime Error: "Accessed None trying to read property K2Node_DynamicCast_AsPeoncito". Blueprint:  BarraVIda Function:  Get Text 0 Graph:  GetText_0 Node:  Return Node
[2025.07.14-01.32.11:667][266]PIE: Error: Blueprint Runtime Error: "Accessed None trying to read property K2Node_DynamicCast_AsPeoncito". Blueprint:  BarraVIda Function:  Get Text 0 Graph:  GetText_0 Node:  Return Node
[2025.07.14-01.32.11:686][267]PIE: Error: Blueprint Runtime Error: "Accessed None trying to read property K2Node_DynamicCast_AsPeoncito". Blueprint:  BarraVIda Function:  Get Text 0 Graph:  GetText_0 Node:  Return Node
[2025.07.14-01.32.11:704][268]PIE: Error: Blueprint Runtime Error: "Accessed None trying to read property K2Node_DynamicCast_AsPeoncito". Blueprint:  BarraVIda Function:  Get Text 0 Graph:  GetText_0 Node:  Return Node
[2025.07.14-01.32.11:721][269]PIE: Error: Blueprint Runtime Error: "Accessed None trying to read property K2Node_DynamicCast_AsPeoncito". Blueprint:  BarraVIda Function:  Get Text 0 Graph:  GetText_0 Node:  Return Node
[2025.07.14-01.32.11:738][270]PIE: Error: Blueprint Runtime Error: "Accessed None trying to read property K2Node_DynamicCast_AsPeoncito". Blueprint:  BarraVIda Function:  Get Text 0 Graph:  GetText_0 Node:  Return Node
[2025.07.14-01.32.11:759][271]PIE: Error: Blueprint Runtime Error: "Accessed None trying to read property K2Node_DynamicCast_AsPeoncito". Blueprint:  BarraVIda Function:  Get Text 0 Graph:  GetText_0 Node:  Return Node
[2025.07.14-01.32.11:778][272]PIE: Error: Blueprint Runtime Error: "Accessed None trying to read property K2Node_DynamicCast_AsPeoncito". Blueprint:  BarraVIda Function:  Get Text 0 Graph:  GetText_0 Node:  Return Node
[2025.07.14-01.32.11:800][273]PIE: Error: Blueprint Runtime Error: "Accessed None trying to read property K2Node_DynamicCast_AsPeoncito". Blueprint:  BarraVIda Function:  Get Text 0 Graph:  GetText_0 Node:  Return Node
[2025.07.14-01.32.11:819][274]PIE: Error: Blueprint Runtime Error: "Accessed None trying to read property K2Node_DynamicCast_AsPeoncito". Blueprint:  BarraVIda Function:  Get Text 0 Graph:  GetText_0 Node:  Return Node
[2025.07.14-01.32.11:841][275]PIE: Error: Blueprint Runtime Error: "Accessed None trying to read property K2Node_DynamicCast_AsPeoncito". Blueprint:  BarraVIda Function:  Get Text 0 Graph:  GetText_0 Node:  Return Node
[2025.07.14-01.32.11:861][276]PIE: Error: Blueprint Runtime Error: "Accessed None trying to read property K2Node_DynamicCast_AsPeoncito". Blueprint:  BarraVIda Function:  Get Text 0 Graph:  GetText_0 Node:  Return Node
[2025.07.14-01.32.11:882][277]PIE: Error: Blueprint Runtime Error: "Accessed None trying to read property K2Node_DynamicCast_AsPeoncito". Blueprint:  BarraVIda Function:  Get Text 0 Graph:  GetText_0 Node:  Return Node
[2025.07.14-01.32.11:906][278]PIE: Error: Blueprint Runtime Error: "Accessed None trying to read property K2Node_DynamicCast_AsPeoncito". Blueprint:  BarraVIda Function:  Get Text 0 Graph:  GetText_0 Node:  Return Node
[2025.07.14-01.32.11:996][279]LogSlate: Updating window title bar state: overlay mode, drag disabled, window buttons hidden, title bar hidden
[2025.07.14-01.32.11:996][279]LogWorld: BeginTearingDown for /Game/ThirdPersonBP/Maps/UEDPIE_0_Perdiste_Level
[2025.07.14-01.32.11:996][279]LogWorld: UWorld::CleanupWorld for Perdiste_Level, bSessionEnded=true, bCleanupResources=true
[2025.07.14-01.32.11:998][279]LogSlate: InvalidateAllWidgets triggered.  All widgets were invalidated
[2025.07.14-01.32.12:014][279]LogPlayLevel: Display: Shutting down PIE online subsystems
[2025.07.14-01.32.12:049][279]LogSlate: InvalidateAllWidgets triggered.  All widgets were invalidated
[2025.07.14-01.32.12:071][279]LogSlate: Updating window title bar state: overlay mode, drag disabled, window buttons hidden, title bar hidden
[2025.07.14-01.32.12:072][279]LogAudioMixer: FMixerPlatformXAudio2::StopAudioStream() called
[2025.07.14-01.32.12:073][279]LogAudioMixer: FMixerPlatformXAudio2::StopAudioStream() called
[2025.07.14-01.32.12:081][279]LogUObjectHash: Compacting FUObjectHashTables data took   3.10ms
[2025.07.14-01.32.12:361][280]LogPlayLevel: Display: Destroying online subsystem :Context_40
[2025.07.14-01.32.15:315][370]LogSlate: Window 'Message Log' being destroyed
[2025.07.14-01.32.15:359][370]LogSlate: Window 'Message Log' being destroyed
[2025.07.14-01.32.17:199][434]LogEditorViewport: Clicking on Actor (LMB): ChildEnemy_C (ChildEnemy)
[2025.07.14-01.32.22:082][619]LogEditorViewport: Clicking on Actor (LMB): ChildEnemy_C (ChildEnemy)
[2025.07.14-01.32.22:192][622]LogEditorViewport: Clicking on Component (LMB): StaticMeshComponent (Cube)
[2025.07.14-01.32.23:183][656]LogEditorViewport: Clicking on Component (LMB): StaticMeshComponent (Cube)
[2025.07.14-01.32.23:282][659]LogEditorViewport: Clicking on Actor (double click): ChildEnemy_C (ChildEnemy)
[2025.07.14-01.32.37:988][248]LogEditorViewport: Clicking on Actor (LMB): ChildEnemy_C (ChildEnemy)
[2025.07.14-01.32.39:272][311]Cmd: DELETE
[2025.07.14-01.32.39:272][311]Cmd: ACTOR DELETE
[2025.07.14-01.32.39:278][311]LogEditorActor: Deleted Actor: ChildEnemy_C
[2025.07.14-01.32.39:331][311]LogUObjectHash: Compacting FUObjectHashTables data took   6.77ms
[2025.07.14-01.32.39:335][311]LogEditorActor: Deleted 1 Actors (0.062 secs)
[2025.07.14-01.32.40:760][383]LogUObjectHash: Compacting FUObjectHashTables data took   1.18ms
[2025.07.14-01.32.40:865][383]LogSavePackage: Moving '../../../../../UTN-e-learning/Unreal-Engine/Unreal-Projects/TP_PreEntrega/Saved/ThirdPersonExampleMap6B9C400B41D6AD454080648E0AC3CB5A.tmp' to '../../../../../UTN-e-learning/Unreal-Engine/Unreal-Projects/TP_PreEntrega/Content/ThirdPersonBP/Maps/ThirdPersonExampleMap.umap'
[2025.07.14-01.32.41:053][383]LogSavePackage: Moving '../../../../../UTN-e-learning/Unreal-Engine/Unreal-Projects/TP_PreEntrega/Saved/ThirdPersonExampleMap_BuiltData8CBCA6304A66C7B433DB58BFF0A4798A.tmp' to '../../../../../UTN-e-learning/Unreal-Engine/Unreal-Projects/TP_PreEntrega/Content/ThirdPersonBP/Maps/ThirdPersonExampleMap_BuiltData.uasset'
[2025.07.14-01.32.41:069][383]AssetCheck: New page: Asset Save: multiple assets
[2025.07.14-01.32.41:069][383]LogContentValidation: Display: Validating MapBuildDataRegistry /Game/ThirdPersonBP/Maps/ThirdPersonExampleMap_BuiltData.ThirdPersonExampleMap_BuiltData
[2025.07.14-01.32.41:069][383]LogContentValidation: Display: Validating World /Game/ThirdPersonBP/Maps/ThirdPersonExampleMap.ThirdPersonExampleMap
[2025.07.14-01.32.42:260][441]LogTemp: Repeating last play command: Selected Viewport
[2025.07.14-01.32.42:296][441]LogPlayLevel: PlayLevel: No blueprints needed recompiling
[2025.07.14-01.32.42:296][441]PIE: New page: PIE session: ThirdPersonExampleMap (Jul 13, 2025, 7:32:42 PM)
[2025.07.14-01.32.42:296][441]LogPlayLevel: Creating play world package: /Game/ThirdPersonBP/Maps/UEDPIE_0_ThirdPersonExampleMap
[2025.07.14-01.32.42:320][441]LogPlayLevel: PIE: StaticDuplicateObject took: (0.023635s)
[2025.07.14-01.32.42:321][441]LogAIModule: Creating AISystem for world ThirdPersonExampleMap
[2025.07.14-01.32.42:321][441]LogPlayLevel: PIE: World Init took: (0.001220s)
[2025.07.14-01.32.42:321][441]LogPlayLevel: PIE: Created PIE world by copying editor world from /Game/ThirdPersonBP/Maps/ThirdPersonExampleMap.ThirdPersonExampleMap to /Game/ThirdPersonBP/Maps/UEDPIE_0_ThirdPersonExampleMap.ThirdPersonExampleMap (0.025071s)
[2025.07.14-01.32.42:364][441]LogUObjectHash: Compacting FUObjectHashTables data took   4.56ms
[2025.07.14-01.32.42:365][441]LogAudio: Display: Creating Audio Device:                 Id: 18, Scope: Unique, Realtime: True
[2025.07.14-01.32.42:365][441]LogAudioMixer: Display: Audio Mixer Platform Settings:
[2025.07.14-01.32.42:365][441]LogAudioMixer: Display: 	Sample Rate:						  48000
[2025.07.14-01.32.42:365][441]LogAudioMixer: Display: 	Callback Buffer Frame Size Requested: 1024
[2025.07.14-01.32.42:365][441]LogAudioMixer: Display: 	Callback Buffer Frame Size To Use:	  1024
[2025.07.14-01.32.42:365][441]LogAudioMixer: Display: 	Number of buffers to queue:			  2
[2025.07.14-01.32.42:365][441]LogAudioMixer: Display: 	Max Channels (voices):				  32
[2025.07.14-01.32.42:365][441]LogAudioMixer: Display: 	Number of Async Source Workers:		  0
[2025.07.14-01.32.42:365][441]LogAudio: Display: AudioDevice MaxSources: 32
[2025.07.14-01.32.42:366][441]LogAudio: Display: Audio Spatialization Plugin: None (built-in).
[2025.07.14-01.32.42:366][441]LogAudio: Display: Audio Reverb Plugin: None (built-in).
[2025.07.14-01.32.42:366][441]LogAudio: Display: Audio Occlusion Plugin: None (built-in).
[2025.07.14-01.32.42:366][441]LogAudioMixer: Display: Initializing audio mixer.
[2025.07.14-01.32.42:374][441]LogAudioMixer: Display: 0: FrontLeft
[2025.07.14-01.32.42:374][441]LogAudioMixer: Display: 1: FrontRight
[2025.07.14-01.32.42:399][441]LogAudioMixer: Display: Using Audio Device Headphones (SOUNDPEATS Mini HS Stereo)
[2025.07.14-01.32.42:400][441]LogAudioMixer: Display: Initializing Sound Submixes...
[2025.07.14-01.32.42:400][441]LogAudioMixer: Display: Creating Master Submix 'MasterSubmixDefault'
[2025.07.14-01.32.42:400][441]LogAudioMixer: Display: Creating Master Submix 'MasterReverbSubmixDefault'
[2025.07.14-01.32.42:400][441]LogAudioMixer: Display: Creating Master Submix 'MasterEQSubmixDefault'
[2025.07.14-01.32.42:400][441]LogAudioMixer: FMixerPlatformXAudio2::StartAudioStream() called
[2025.07.14-01.32.42:400][441]LogAudioMixer: Display: Output buffers initialized: Frames=1024, Channels=2, Samples=2048
[2025.07.14-01.32.42:402][441]LogAudioMixer: Display: Starting AudioMixerPlatformInterface::RunInternal()
[2025.07.14-01.32.42:403][441]LogAudioMixer: Display: FMixerPlatformXAudio2::SubmitBuffer() called for the first time
[2025.07.14-01.32.42:403][441]LogInit: FAudioDevice initialized.
[2025.07.14-01.32.42:403][441]LogAudio: Display: Audio Device (ID: 18) registered with world 'ThirdPersonExampleMap'.
[2025.07.14-01.32.42:416][441]LogLoad: Game class is 'ReglasJuego_C'
[2025.07.14-01.32.42:425][441]LogWorld: Bringing World /Game/ThirdPersonBP/Maps/UEDPIE_0_ThirdPersonExampleMap.ThirdPersonExampleMap up for play (max tick rate 60) at 2025.07.13-22.32.42
[2025.07.14-01.32.42:426][441]LogWorld: Bringing up level for play took: 0.008921
[2025.07.14-01.32.42:426][441]LogOnline: OSS: Creating online subsystem instance for: :Context_41
[2025.07.14-01.32.42:429][441]LogBlueprintUserMessages: [plataforma_2] Buenas buenas!
[2025.07.14-01.32.42:432][441]PIE: Server logged in
[2025.07.14-01.32.42:433][441]PIE: Play in editor total start time 0.156 seconds.
[2025.07.14-01.32.45:320][595]LogBlueprintUserMessages: [bala_C_5] Le reste 25 al bad fella
[2025.07.14-01.32.45:605][611]LogBlueprintUserMessages: [bala_C_8] Le reste 25 al bad fella
[2025.07.14-01.32.46:208][642]LogBlueprintUserMessages: [bala_C_9] Le reste 25 al bad fella
[2025.07.14-01.32.46:266][645]LogBlueprintUserMessages: [bala_C_4] El peoncito perdio 10 de vida!!!!
[2025.07.14-01.32.46:641][665]LogBlueprintUserMessages: [bala_C_4] El peoncito perdio 10 de vida!!!!
[2025.07.14-01.32.46:664][666]LogBlueprintUserMessages: [bala_C_4] El peoncito perdio 10 de vida!!!!
[2025.07.14-01.32.46:689][667]LogBlueprintUserMessages: [bala_C_4] El peoncito perdio 10 de vida!!!!
[2025.07.14-01.32.46:717][668]LogBlueprintUserMessages: [bala_C_4] El peoncito perdio 10 de vida!!!!
[2025.07.14-01.32.46:742][669]LogBlueprintUserMessages: [bala_C_4] El peoncito perdio 10 de vida!!!!
[2025.07.14-01.32.46:761][670]LogBlueprintUserMessages: [bala_C_4] El peoncito perdio 10 de vida!!!!
[2025.07.14-01.32.46:779][671]LogBlueprintUserMessages: [bala_C_4] El peoncito perdio 10 de vida!!!!
[2025.07.14-01.32.46:818][673]LogBlueprintUserMessages: [bala_C_12] Le reste 25 al bad fella
[2025.07.14-01.32.46:834][674]LogBlueprintUserMessages: [bad_fella2_2] Bad fella  Destruido!
[2025.07.14-01.32.48:258][748]LogBlueprintUserMessages: [bala_C_16] Le reste 25 al bad fella
[2025.07.14-01.32.51:264][914]LogBlueprintUserMessages: [bala_C_23] Le reste 25 al bad fella
[2025.07.14-01.32.52:161][966]LogBlueprintUserMessages: [Curador_2] Le di vida al peoncito! ahora tiene:
[2025.07.14-01.32.52:161][966]LogBlueprintUserMessages: [Curador_2] 20.0
[2025.07.14-01.32.52:161][966]LogBlueprintUserMessages: [Curador_2] El curador ya curo las siguientes veces:
[2025.07.14-01.32.52:161][966]LogBlueprintUserMessages: [Curador_2] 1.0
[2025.07.14-01.32.53:166][ 19]LogBlueprintUserMessages: [ReglasJuego_C_0] El puntaje subio!
[2025.07.14-01.32.53:166][ 19]LogBlueprintUserMessages: [ReglasJuego_C_0] 2
[2025.07.14-01.32.53:862][ 58]LogBlueprintUserMessages: [Curador_2] Le di vida al peoncito! ahora tiene:
[2025.07.14-01.32.53:863][ 58]LogBlueprintUserMessages: [Curador_2] 40.0
[2025.07.14-01.32.53:863][ 58]LogBlueprintUserMessages: [Curador_2] El curador ya curo las siguientes veces:
[2025.07.14-01.32.53:863][ 58]LogBlueprintUserMessages: [Curador_2] 2.0
[2025.07.14-01.32.54:418][ 88]LogBlueprintUserMessages: [bala_C_26] El peoncito perdio 10 de vida!!!!
[2025.07.14-01.32.54:641][ 99]LogBlueprintUserMessages: [bala_C_27] El peoncito perdio 10 de vida!!!!
[2025.07.14-01.32.55:334][136]LogBlueprintUserMessages: [bala_C_28] El peoncito perdio 10 de vida!!!!
[2025.07.14-01.32.57:618][261]LogBlueprintUserMessages: [bala_C_32] El peoncito perdio 10 de vida!!!!
[2025.07.14-01.32.57:637][262]LogBlueprintUserMessages: [bala_C_32] El peoncito perdio 10 de vida!!!!
[2025.07.14-01.32.57:658][263]LogBlueprintUserMessages: [bala_C_32] El peoncito perdio 10 de vida!!!!
[2025.07.14-01.32.57:661][263]LogBlueprintUserMessages: [peoncito_2] El peoncito murio
[2025.07.14-01.32.57:661][263]LogBlueprintUserMessages: [ReglasJuego_C_0] Noo, perdiste!
[2025.07.14-01.32.57:666][263]LogScript: Warning: Accessed None trying to read property K2Node_DynamicCast_AsPeoncito
	BarraVIda_C /Engine/Transient.UnrealEdEngine_0:GameInstance_16.BarraVIda_C_0
	Function /Game/ThirdPersonBP/Blueprints/blueprints/BarraVIda.BarraVIda_C:GetText_0:0099
[2025.07.14-01.32.57:667][263]PIE: Error: Blueprint Runtime Error: "Accessed None trying to read property K2Node_DynamicCast_AsPeoncito". Blueprint:  BarraVIda Function:  Get Text 0 Graph:  GetText_0 Node:  Return Node
[2025.07.14-01.32.57:683][264]LogNet: Browse: /Game/ThirdPersonBP/Maps/Perdiste_Level
[2025.07.14-01.32.57:683][264]LogLoad: LoadMap: /Game/ThirdPersonBP/Maps/Perdiste_Level
[2025.07.14-01.32.57:683][264]LogWorld: BeginTearingDown for /Game/ThirdPersonBP/Maps/UEDPIE_0_ThirdPersonExampleMap
[2025.07.14-01.32.57:684][264]LogWorld: UWorld::CleanupWorld for ThirdPersonExampleMap, bSessionEnded=true, bCleanupResources=true
[2025.07.14-01.32.57:685][264]LogSlate: InvalidateAllWidgets triggered.  All widgets were invalidated
[2025.07.14-01.32.57:761][264]LogAudio: Display: Audio Device unregistered from world 'None'.
[2025.07.14-01.32.57:768][264]LogUObjectHash: Compacting FUObjectHashTables data took   3.41ms
[2025.07.14-01.32.57:792][264]LogAudio: Display: Audio Device (ID: 18) registered with world 'Perdiste_Level'.
[2025.07.14-01.32.57:794][264]LogAIModule: Creating AISystem for world Perdiste_Level
[2025.07.14-01.32.57:794][264]LogLoad: Game class is 'ReglasJuego_C'
[2025.07.14-01.32.57:867][264]LogWorld: Bringing World /Game/ThirdPersonBP/Maps/UEDPIE_0_Perdiste_Level.Perdiste_Level up for play (max tick rate 60) at 2025.07.13-22.32.57
[2025.07.14-01.32.57:868][264]LogWorld: Bringing up level for play took: 0.071900
[2025.07.14-01.32.57:868][264]LogGameMode: FindPlayerStart: PATHS NOT DEFINED or NO PLAYERSTART with positive rating
[2025.07.14-01.32.57:871][264]LogBlueprintUserMessages: [plataforma_2] Buenas buenas!
[2025.07.14-01.32.57:872][264]LogLoad: Took 0.189614 seconds to LoadMap(/Game/ThirdPersonBP/Maps/Perdiste_Level)
[2025.07.14-01.32.57:947][264]PIE: Error: Blueprint Runtime Error: "Accessed None trying to read property K2Node_DynamicCast_AsPeoncito". Blueprint:  BarraVIda Function:  Get Text 0 Graph:  GetText_0 Node:  Return Node
[2025.07.14-01.32.57:971][265]PIE: Error: Blueprint Runtime Error: "Accessed None trying to read property K2Node_DynamicCast_AsPeoncito". Blueprint:  BarraVIda Function:  Get Text 0 Graph:  GetText_0 Node:  Return Node
[2025.07.14-01.32.57:986][266]PIE: Error: Blueprint Runtime Error: "Accessed None trying to read property K2Node_DynamicCast_AsPeoncito". Blueprint:  BarraVIda Function:  Get Text 0 Graph:  GetText_0 Node:  Return Node
[2025.07.14-01.32.58:002][267]PIE: Error: Blueprint Runtime Error: "Accessed None trying to read property K2Node_DynamicCast_AsPeoncito". Blueprint:  BarraVIda Function:  Get Text 0 Graph:  GetText_0 Node:  Return Node
[2025.07.14-01.32.58:019][268]PIE: Error: Blueprint Runtime Error: "Accessed None trying to read property K2Node_DynamicCast_AsPeoncito". Blueprint:  BarraVIda Function:  Get Text 0 Graph:  GetText_0 Node:  Return Node
[2025.07.14-01.32.58:036][269]PIE: Error: Blueprint Runtime Error: "Accessed None trying to read property K2Node_DynamicCast_AsPeoncito". Blueprint:  BarraVIda Function:  Get Text 0 Graph:  GetText_0 Node:  Return Node
[2025.07.14-01.32.58:056][270]PIE: Error: Blueprint Runtime Error: "Accessed None trying to read property K2Node_DynamicCast_AsPeoncito". Blueprint:  BarraVIda Function:  Get Text 0 Graph:  GetText_0 Node:  Return Node
[2025.07.14-01.32.58:073][271]PIE: Error: Blueprint Runtime Error: "Accessed None trying to read property K2Node_DynamicCast_AsPeoncito". Blueprint:  BarraVIda Function:  Get Text 0 Graph:  GetText_0 Node:  Return Node
[2025.07.14-01.32.58:092][272]PIE: Error: Blueprint Runtime Error: "Accessed None trying to read property K2Node_DynamicCast_AsPeoncito". Blueprint:  BarraVIda Function:  Get Text 0 Graph:  GetText_0 Node:  Return Node
[2025.07.14-01.32.58:111][273]PIE: Error: Blueprint Runtime Error: "Accessed None trying to read property K2Node_DynamicCast_AsPeoncito". Blueprint:  BarraVIda Function:  Get Text 0 Graph:  GetText_0 Node:  Return Node
[2025.07.14-01.32.58:127][274]PIE: Error: Blueprint Runtime Error: "Accessed None trying to read property K2Node_DynamicCast_AsPeoncito". Blueprint:  BarraVIda Function:  Get Text 0 Graph:  GetText_0 Node:  Return Node
[2025.07.14-01.32.58:144][275]PIE: Error: Blueprint Runtime Error: "Accessed None trying to read property K2Node_DynamicCast_AsPeoncito". Blueprint:  BarraVIda Function:  Get Text 0 Graph:  GetText_0 Node:  Return Node
[2025.07.14-01.32.58:161][276]PIE: Error: Blueprint Runtime Error: "Accessed None trying to read property K2Node_DynamicCast_AsPeoncito". Blueprint:  BarraVIda Function:  Get Text 0 Graph:  GetText_0 Node:  Return Node
[2025.07.14-01.32.58:177][277]PIE: Error: Blueprint Runtime Error: "Accessed None trying to read property K2Node_DynamicCast_AsPeoncito". Blueprint:  BarraVIda Function:  Get Text 0 Graph:  GetText_0 Node:  Return Node
[2025.07.14-01.32.58:195][278]PIE: Error: Blueprint Runtime Error: "Accessed None trying to read property K2Node_DynamicCast_AsPeoncito". Blueprint:  BarraVIda Function:  Get Text 0 Graph:  GetText_0 Node:  Return Node
[2025.07.14-01.32.58:212][279]PIE: Error: Blueprint Runtime Error: "Accessed None trying to read property K2Node_DynamicCast_AsPeoncito". Blueprint:  BarraVIda Function:  Get Text 0 Graph:  GetText_0 Node:  Return Node
[2025.07.14-01.32.58:230][280]PIE: Error: Blueprint Runtime Error: "Accessed None trying to read property K2Node_DynamicCast_AsPeoncito". Blueprint:  BarraVIda Function:  Get Text 0 Graph:  GetText_0 Node:  Return Node
[2025.07.14-01.32.58:246][281]PIE: Error: Blueprint Runtime Error: "Accessed None trying to read property K2Node_DynamicCast_AsPeoncito". Blueprint:  BarraVIda Function:  Get Text 0 Graph:  GetText_0 Node:  Return Node
[2025.07.14-01.32.58:262][282]PIE: Error: Blueprint Runtime Error: "Accessed None trying to read property K2Node_DynamicCast_AsPeoncito". Blueprint:  BarraVIda Function:  Get Text 0 Graph:  GetText_0 Node:  Return Node
[2025.07.14-01.32.58:280][283]PIE: Error: Blueprint Runtime Error: "Accessed None trying to read property K2Node_DynamicCast_AsPeoncito". Blueprint:  BarraVIda Function:  Get Text 0 Graph:  GetText_0 Node:  Return Node
[2025.07.14-01.32.58:300][284]PIE: Error: Blueprint Runtime Error: "Accessed None trying to read property K2Node_DynamicCast_AsPeoncito". Blueprint:  BarraVIda Function:  Get Text 0 Graph:  GetText_0 Node:  Return Node
[2025.07.14-01.32.58:319][285]PIE: Error: Blueprint Runtime Error: "Accessed None trying to read property K2Node_DynamicCast_AsPeoncito". Blueprint:  BarraVIda Function:  Get Text 0 Graph:  GetText_0 Node:  Return Node
[2025.07.14-01.32.58:335][286]PIE: Error: Blueprint Runtime Error: "Accessed None trying to read property K2Node_DynamicCast_AsPeoncito". Blueprint:  BarraVIda Function:  Get Text 0 Graph:  GetText_0 Node:  Return Node
[2025.07.14-01.32.58:353][287]PIE: Error: Blueprint Runtime Error: "Accessed None trying to read property K2Node_DynamicCast_AsPeoncito". Blueprint:  BarraVIda Function:  Get Text 0 Graph:  GetText_0 Node:  Return Node
[2025.07.14-01.32.58:369][288]PIE: Error: Blueprint Runtime Error: "Accessed None trying to read property K2Node_DynamicCast_AsPeoncito". Blueprint:  BarraVIda Function:  Get Text 0 Graph:  GetText_0 Node:  Return Node
[2025.07.14-01.32.58:385][289]PIE: Error: Blueprint Runtime Error: "Accessed None trying to read property K2Node_DynamicCast_AsPeoncito". Blueprint:  BarraVIda Function:  Get Text 0 Graph:  GetText_0 Node:  Return Node
[2025.07.14-01.32.58:402][290]PIE: Error: Blueprint Runtime Error: "Accessed None trying to read property K2Node_DynamicCast_AsPeoncito". Blueprint:  BarraVIda Function:  Get Text 0 Graph:  GetText_0 Node:  Return Node
[2025.07.14-01.32.58:419][291]PIE: Error: Blueprint Runtime Error: "Accessed None trying to read property K2Node_DynamicCast_AsPeoncito". Blueprint:  BarraVIda Function:  Get Text 0 Graph:  GetText_0 Node:  Return Node
[2025.07.14-01.32.58:435][292]PIE: Error: Blueprint Runtime Error: "Accessed None trying to read property K2Node_DynamicCast_AsPeoncito". Blueprint:  BarraVIda Function:  Get Text 0 Graph:  GetText_0 Node:  Return Node
[2025.07.14-01.32.58:452][293]PIE: Error: Blueprint Runtime Error: "Accessed None trying to read property K2Node_DynamicCast_AsPeoncito". Blueprint:  BarraVIda Function:  Get Text 0 Graph:  GetText_0 Node:  Return Node
[2025.07.14-01.32.58:468][294]PIE: Error: Blueprint Runtime Error: "Accessed None trying to read property K2Node_DynamicCast_AsPeoncito". Blueprint:  BarraVIda Function:  Get Text 0 Graph:  GetText_0 Node:  Return Node
[2025.07.14-01.32.58:485][295]PIE: Error: Blueprint Runtime Error: "Accessed None trying to read property K2Node_DynamicCast_AsPeoncito". Blueprint:  BarraVIda Function:  Get Text 0 Graph:  GetText_0 Node:  Return Node
[2025.07.14-01.32.58:502][296]PIE: Error: Blueprint Runtime Error: "Accessed None trying to read property K2Node_DynamicCast_AsPeoncito". Blueprint:  BarraVIda Function:  Get Text 0 Graph:  GetText_0 Node:  Return Node
[2025.07.14-01.32.58:519][297]PIE: Error: Blueprint Runtime Error: "Accessed None trying to read property K2Node_DynamicCast_AsPeoncito". Blueprint:  BarraVIda Function:  Get Text 0 Graph:  GetText_0 Node:  Return Node
[2025.07.14-01.32.58:535][298]PIE: Error: Blueprint Runtime Error: "Accessed None trying to read property K2Node_DynamicCast_AsPeoncito". Blueprint:  BarraVIda Function:  Get Text 0 Graph:  GetText_0 Node:  Return Node
[2025.07.14-01.32.58:551][299]PIE: Error: Blueprint Runtime Error: "Accessed None trying to read property K2Node_DynamicCast_AsPeoncito". Blueprint:  BarraVIda Function:  Get Text 0 Graph:  GetText_0 Node:  Return Node
[2025.07.14-01.32.58:568][300]PIE: Error: Blueprint Runtime Error: "Accessed None trying to read property K2Node_DynamicCast_AsPeoncito". Blueprint:  BarraVIda Function:  Get Text 0 Graph:  GetText_0 Node:  Return Node
[2025.07.14-01.32.58:584][301]PIE: Error: Blueprint Runtime Error: "Accessed None trying to read property K2Node_DynamicCast_AsPeoncito". Blueprint:  BarraVIda Function:  Get Text 0 Graph:  GetText_0 Node:  Return Node
[2025.07.14-01.32.58:601][302]PIE: Error: Blueprint Runtime Error: "Accessed None trying to read property K2Node_DynamicCast_AsPeoncito". Blueprint:  BarraVIda Function:  Get Text 0 Graph:  GetText_0 Node:  Return Node
[2025.07.14-01.32.58:618][303]PIE: Error: Blueprint Runtime Error: "Accessed None trying to read property K2Node_DynamicCast_AsPeoncito". Blueprint:  BarraVIda Function:  Get Text 0 Graph:  GetText_0 Node:  Return Node
[2025.07.14-01.32.58:635][304]PIE: Error: Blueprint Runtime Error: "Accessed None trying to read property K2Node_DynamicCast_AsPeoncito". Blueprint:  BarraVIda Function:  Get Text 0 Graph:  GetText_0 Node:  Return Node
[2025.07.14-01.32.58:651][305]PIE: Error: Blueprint Runtime Error: "Accessed None trying to read property K2Node_DynamicCast_AsPeoncito". Blueprint:  BarraVIda Function:  Get Text 0 Graph:  GetText_0 Node:  Return Node
[2025.07.14-01.32.58:668][306]PIE: Error: Blueprint Runtime Error: "Accessed None trying to read property K2Node_DynamicCast_AsPeoncito". Blueprint:  BarraVIda Function:  Get Text 0 Graph:  GetText_0 Node:  Return Node
[2025.07.14-01.32.58:685][307]PIE: Error: Blueprint Runtime Error: "Accessed None trying to read property K2Node_DynamicCast_AsPeoncito". Blueprint:  BarraVIda Function:  Get Text 0 Graph:  GetText_0 Node:  Return Node
[2025.07.14-01.32.58:702][308]PIE: Error: Blueprint Runtime Error: "Accessed None trying to read property K2Node_DynamicCast_AsPeoncito". Blueprint:  BarraVIda Function:  Get Text 0 Graph:  GetText_0 Node:  Return Node
[2025.07.14-01.32.58:719][309]PIE: Error: Blueprint Runtime Error: "Accessed None trying to read property K2Node_DynamicCast_AsPeoncito". Blueprint:  BarraVIda Function:  Get Text 0 Graph:  GetText_0 Node:  Return Node
[2025.07.14-01.32.58:736][310]PIE: Error: Blueprint Runtime Error: "Accessed None trying to read property K2Node_DynamicCast_AsPeoncito". Blueprint:  BarraVIda Function:  Get Text 0 Graph:  GetText_0 Node:  Return Node
[2025.07.14-01.32.58:753][311]PIE: Error: Blueprint Runtime Error: "Accessed None trying to read property K2Node_DynamicCast_AsPeoncito". Blueprint:  BarraVIda Function:  Get Text 0 Graph:  GetText_0 Node:  Return Node
[2025.07.14-01.32.58:769][312]PIE: Error: Blueprint Runtime Error: "Accessed None trying to read property K2Node_DynamicCast_AsPeoncito". Blueprint:  BarraVIda Function:  Get Text 0 Graph:  GetText_0 Node:  Return Node
[2025.07.14-01.32.58:786][313]PIE: Error: Blueprint Runtime Error: "Accessed None trying to read property K2Node_DynamicCast_AsPeoncito". Blueprint:  BarraVIda Function:  Get Text 0 Graph:  GetText_0 Node:  Return Node
[2025.07.14-01.32.58:803][314]PIE: Error: Blueprint Runtime Error: "Accessed None trying to read property K2Node_DynamicCast_AsPeoncito". Blueprint:  BarraVIda Function:  Get Text 0 Graph:  GetText_0 Node:  Return Node
[2025.07.14-01.32.58:820][315]PIE: Error: Blueprint Runtime Error: "Accessed None trying to read property K2Node_DynamicCast_AsPeoncito". Blueprint:  BarraVIda Function:  Get Text 0 Graph:  GetText_0 Node:  Return Node
[2025.07.14-01.32.58:836][316]PIE: Error: Blueprint Runtime Error: "Accessed None trying to read property K2Node_DynamicCast_AsPeoncito". Blueprint:  BarraVIda Function:  Get Text 0 Graph:  GetText_0 Node:  Return Node
[2025.07.14-01.32.58:851][317]PIE: Error: Blueprint Runtime Error: "Accessed None trying to read property K2Node_DynamicCast_AsPeoncito". Blueprint:  BarraVIda Function:  Get Text 0 Graph:  GetText_0 Node:  Return Node
[2025.07.14-01.32.58:868][318]PIE: Error: Blueprint Runtime Error: "Accessed None trying to read property K2Node_DynamicCast_AsPeoncito". Blueprint:  BarraVIda Function:  Get Text 0 Graph:  GetText_0 Node:  Return Node
[2025.07.14-01.32.58:886][319]PIE: Error: Blueprint Runtime Error: "Accessed None trying to read property K2Node_DynamicCast_AsPeoncito". Blueprint:  BarraVIda Function:  Get Text 0 Graph:  GetText_0 Node:  Return Node
[2025.07.14-01.32.58:903][320]PIE: Error: Blueprint Runtime Error: "Accessed None trying to read property K2Node_DynamicCast_AsPeoncito". Blueprint:  BarraVIda Function:  Get Text 0 Graph:  GetText_0 Node:  Return Node
[2025.07.14-01.32.58:921][321]PIE: Error: Blueprint Runtime Error: "Accessed None trying to read property K2Node_DynamicCast_AsPeoncito". Blueprint:  BarraVIda Function:  Get Text 0 Graph:  GetText_0 Node:  Return Node
[2025.07.14-01.32.58:941][322]PIE: Error: Blueprint Runtime Error: "Accessed None trying to read property K2Node_DynamicCast_AsPeoncito". Blueprint:  BarraVIda Function:  Get Text 0 Graph:  GetText_0 Node:  Return Node
[2025.07.14-01.32.58:964][323]PIE: Error: Blueprint Runtime Error: "Accessed None trying to read property K2Node_DynamicCast_AsPeoncito". Blueprint:  BarraVIda Function:  Get Text 0 Graph:  GetText_0 Node:  Return Node
[2025.07.14-01.32.58:987][324]PIE: Error: Blueprint Runtime Error: "Accessed None trying to read property K2Node_DynamicCast_AsPeoncito". Blueprint:  BarraVIda Function:  Get Text 0 Graph:  GetText_0 Node:  Return Node
[2025.07.14-01.32.59:008][325]PIE: Error: Blueprint Runtime Error: "Accessed None trying to read property K2Node_DynamicCast_AsPeoncito". Blueprint:  BarraVIda Function:  Get Text 0 Graph:  GetText_0 Node:  Return Node
[2025.07.14-01.32.59:027][326]PIE: Error: Blueprint Runtime Error: "Accessed None trying to read property K2Node_DynamicCast_AsPeoncito". Blueprint:  BarraVIda Function:  Get Text 0 Graph:  GetText_0 Node:  Return Node
[2025.07.14-01.32.59:044][327]PIE: Error: Blueprint Runtime Error: "Accessed None trying to read property K2Node_DynamicCast_AsPeoncito". Blueprint:  BarraVIda Function:  Get Text 0 Graph:  GetText_0 Node:  Return Node
[2025.07.14-01.32.59:060][328]PIE: Error: Blueprint Runtime Error: "Accessed None trying to read property K2Node_DynamicCast_AsPeoncito". Blueprint:  BarraVIda Function:  Get Text 0 Graph:  GetText_0 Node:  Return Node
[2025.07.14-01.32.59:077][329]PIE: Error: Blueprint Runtime Error: "Accessed None trying to read property K2Node_DynamicCast_AsPeoncito". Blueprint:  BarraVIda Function:  Get Text 0 Graph:  GetText_0 Node:  Return Node
[2025.07.14-01.32.59:094][330]PIE: Error: Blueprint Runtime Error: "Accessed None trying to read property K2Node_DynamicCast_AsPeoncito". Blueprint:  BarraVIda Function:  Get Text 0 Graph:  GetText_0 Node:  Return Node
[2025.07.14-01.32.59:110][331]PIE: Error: Blueprint Runtime Error: "Accessed None trying to read property K2Node_DynamicCast_AsPeoncito". Blueprint:  BarraVIda Function:  Get Text 0 Graph:  GetText_0 Node:  Return Node
[2025.07.14-01.32.59:127][332]PIE: Error: Blueprint Runtime Error: "Accessed None trying to read property K2Node_DynamicCast_AsPeoncito". Blueprint:  BarraVIda Function:  Get Text 0 Graph:  GetText_0 Node:  Return Node
[2025.07.14-01.32.59:143][333]PIE: Error: Blueprint Runtime Error: "Accessed None trying to read property K2Node_DynamicCast_AsPeoncito". Blueprint:  BarraVIda Function:  Get Text 0 Graph:  GetText_0 Node:  Return Node
[2025.07.14-01.32.59:204][334]LogSlate: Updating window title bar state: overlay mode, drag disabled, window buttons hidden, title bar hidden
[2025.07.14-01.32.59:205][334]LogWorld: BeginTearingDown for /Game/ThirdPersonBP/Maps/UEDPIE_0_Perdiste_Level
[2025.07.14-01.32.59:205][334]LogWorld: UWorld::CleanupWorld for Perdiste_Level, bSessionEnded=true, bCleanupResources=true
[2025.07.14-01.32.59:206][334]LogSlate: InvalidateAllWidgets triggered.  All widgets were invalidated
[2025.07.14-01.32.59:220][334]LogPlayLevel: Display: Shutting down PIE online subsystems
[2025.07.14-01.32.59:225][334]LogSlate: InvalidateAllWidgets triggered.  All widgets were invalidated
[2025.07.14-01.32.59:257][334]LogSlate: Updating window title bar state: overlay mode, drag disabled, window buttons hidden, title bar hidden
[2025.07.14-01.32.59:258][334]LogAudioMixer: FMixerPlatformXAudio2::StopAudioStream() called
[2025.07.14-01.32.59:259][334]LogAudioMixer: FMixerPlatformXAudio2::StopAudioStream() called
[2025.07.14-01.32.59:268][334]LogUObjectHash: Compacting FUObjectHashTables data took   3.34ms
[2025.07.14-01.32.59:489][335]LogPlayLevel: Display: Destroying online subsystem :Context_41
[2025.07.14-01.33.00:774][384]LogSlate: Window 'Message Log' being destroyed
[2025.07.14-01.33.00:792][384]LogSlate: Window 'Message Log' being destroyed
[2025.07.14-01.33.01:386][411]LogTemp: Repeating last play command: Selected Viewport
[2025.07.14-01.33.01:417][411]LogPlayLevel: PlayLevel: No blueprints needed recompiling
[2025.07.14-01.33.01:418][411]PIE: New page: PIE session: ThirdPersonExampleMap (Jul 13, 2025, 7:33:01 PM)
[2025.07.14-01.33.01:418][411]LogPlayLevel: Creating play world package: /Game/ThirdPersonBP/Maps/UEDPIE_0_ThirdPersonExampleMap
[2025.07.14-01.33.01:447][411]LogPlayLevel: PIE: StaticDuplicateObject took: (0.029224s)
[2025.07.14-01.33.01:449][411]LogAIModule: Creating AISystem for world ThirdPersonExampleMap
[2025.07.14-01.33.01:450][411]LogPlayLevel: PIE: World Init took: (0.002961s)
[2025.07.14-01.33.01:450][411]LogPlayLevel: PIE: Created PIE world by copying editor world from /Game/ThirdPersonBP/Maps/ThirdPersonExampleMap.ThirdPersonExampleMap to /Game/ThirdPersonBP/Maps/UEDPIE_0_ThirdPersonExampleMap.ThirdPersonExampleMap (0.032567s)
[2025.07.14-01.33.01:500][411]LogUObjectHash: Compacting FUObjectHashTables data took   4.73ms
[2025.07.14-01.33.01:502][411]LogAudio: Display: Creating Audio Device:                 Id: 19, Scope: Unique, Realtime: True
[2025.07.14-01.33.01:502][411]LogAudioMixer: Display: Audio Mixer Platform Settings:
[2025.07.14-01.33.01:502][411]LogAudioMixer: Display: 	Sample Rate:						  48000
[2025.07.14-01.33.01:502][411]LogAudioMixer: Display: 	Callback Buffer Frame Size Requested: 1024
[2025.07.14-01.33.01:502][411]LogAudioMixer: Display: 	Callback Buffer Frame Size To Use:	  1024
[2025.07.14-01.33.01:502][411]LogAudioMixer: Display: 	Number of buffers to queue:			  2
[2025.07.14-01.33.01:502][411]LogAudioMixer: Display: 	Max Channels (voices):				  32
[2025.07.14-01.33.01:502][411]LogAudioMixer: Display: 	Number of Async Source Workers:		  0
[2025.07.14-01.33.01:502][411]LogAudio: Display: AudioDevice MaxSources: 32
[2025.07.14-01.33.01:503][411]LogAudio: Display: Audio Spatialization Plugin: None (built-in).
[2025.07.14-01.33.01:503][411]LogAudio: Display: Audio Reverb Plugin: None (built-in).
[2025.07.14-01.33.01:503][411]LogAudio: Display: Audio Occlusion Plugin: None (built-in).
[2025.07.14-01.33.01:503][411]LogAudioMixer: Display: Initializing audio mixer.
[2025.07.14-01.33.01:512][411]LogAudioMixer: Display: 0: FrontLeft
[2025.07.14-01.33.01:512][411]LogAudioMixer: Display: 1: FrontRight
[2025.07.14-01.33.01:540][411]LogAudioMixer: Display: Using Audio Device Headphones (SOUNDPEATS Mini HS Stereo)
[2025.07.14-01.33.01:541][411]LogAudioMixer: Display: Initializing Sound Submixes...
[2025.07.14-01.33.01:541][411]LogAudioMixer: Display: Creating Master Submix 'MasterSubmixDefault'
[2025.07.14-01.33.01:541][411]LogAudioMixer: Display: Creating Master Submix 'MasterReverbSubmixDefault'
[2025.07.14-01.33.01:542][411]LogAudioMixer: Display: Creating Master Submix 'MasterEQSubmixDefault'
[2025.07.14-01.33.01:542][411]LogAudioMixer: FMixerPlatformXAudio2::StartAudioStream() called
[2025.07.14-01.33.01:542][411]LogAudioMixer: Display: Output buffers initialized: Frames=1024, Channels=2, Samples=2048
[2025.07.14-01.33.01:544][411]LogAudioMixer: Display: Starting AudioMixerPlatformInterface::RunInternal()
[2025.07.14-01.33.01:544][411]LogAudioMixer: Display: FMixerPlatformXAudio2::SubmitBuffer() called for the first time
[2025.07.14-01.33.01:544][411]LogInit: FAudioDevice initialized.
[2025.07.14-01.33.01:544][411]LogAudio: Display: Audio Device (ID: 19) registered with world 'ThirdPersonExampleMap'.
[2025.07.14-01.33.01:558][411]LogLoad: Game class is 'ReglasJuego_C'
[2025.07.14-01.33.01:568][411]LogWorld: Bringing World /Game/ThirdPersonBP/Maps/UEDPIE_0_ThirdPersonExampleMap.ThirdPersonExampleMap up for play (max tick rate 60) at 2025.07.13-22.33.01
[2025.07.14-01.33.01:568][411]LogWorld: Bringing up level for play took: 0.009299
[2025.07.14-01.33.01:568][411]LogOnline: OSS: Creating online subsystem instance for: :Context_42
[2025.07.14-01.33.01:571][411]LogBlueprintUserMessages: [plataforma_2] Buenas buenas!
[2025.07.14-01.33.01:574][411]PIE: Server logged in
[2025.07.14-01.33.01:575][411]PIE: Play in editor total start time 0.174 seconds.
[2025.07.14-01.33.07:384][728]LogBlueprintUserMessages: [bala_C_11] Le reste 25 al bad fella
[2025.07.14-01.33.07:799][750]LogBlueprintUserMessages: [Curador_2] no te puedo curar porque tu vida es mayor a 80, volve cuando tengas menos!
[2025.07.14-01.33.08:640][795]LogBlueprintUserMessages: [Curador_2] no te puedo curar porque tu vida es mayor a 80, volve cuando tengas menos!
[2025.07.14-01.33.09:370][834]LogBlueprintUserMessages: [bala_C_12] El peoncito perdio 10 de vida!!!!
[2025.07.14-01.33.09:392][835]LogBlueprintUserMessages: [bala_C_12] El peoncito perdio 10 de vida!!!!
[2025.07.14-01.33.11:603][951]LogBlueprintUserMessages: [bala_C_20] El peoncito perdio 10 de vida!!!!
[2025.07.14-01.33.12:682][ 10]LogBlueprintUserMessages: [bala_C_25] El peoncito perdio 10 de vida!!!!
[2025.07.14-01.33.12:712][ 11]LogBlueprintUserMessages: [bala_C_25] El peoncito perdio 10 de vida!!!!
[2025.07.14-01.33.13:148][ 27]LogBlueprintUserMessages: [bala_C_25] Le reste 50 al bad guy
[2025.07.14-01.33.13:350][ 36]LogBlueprintUserMessages: [bala_C_26] Le reste 50 al bad guy
[2025.07.14-01.33.13:370][ 37]LogBlueprintUserMessages: [bad_guy_5] Bad guy  Destruido!
[2025.07.14-01.33.15:476][141]LogBlueprintUserMessages: [ReglasJuego_C_0] El puntaje subio!
[2025.07.14-01.33.15:477][141]LogBlueprintUserMessages: [ReglasJuego_C_0] 2
[2025.07.14-01.33.16:218][180]LogBlueprintUserMessages: [Curador_2] Le di vida al peoncito! ahora tiene:
[2025.07.14-01.33.16:218][180]LogBlueprintUserMessages: [Curador_2] 50.0
[2025.07.14-01.33.16:218][180]LogBlueprintUserMessages: [Curador_2] El curador ya curo las siguientes veces:
[2025.07.14-01.33.16:218][180]LogBlueprintUserMessages: [Curador_2] 1.0
[2025.07.14-01.33.16:864][216]LogBlueprintUserMessages: [Curador_2] Le di vida al peoncito! ahora tiene:
[2025.07.14-01.33.16:864][216]LogBlueprintUserMessages: [Curador_2] 70.0
[2025.07.14-01.33.16:864][216]LogBlueprintUserMessages: [Curador_2] El curador ya curo las siguientes veces:
[2025.07.14-01.33.16:865][216]LogBlueprintUserMessages: [Curador_2] 2.0
[2025.07.14-01.33.18:472][300]LogBlueprintUserMessages: [Curador_2] no te puedo curar porque tu vida es mayor a 80, volve cuando tengas menos!
[2025.07.14-01.33.19:309][346]LogBlueprintUserMessages: [bala_C_35] El peoncito perdio 10 de vida!!!!
[2025.07.14-01.33.19:419][352]LogBlueprintUserMessages: [bala_C_38] Le reste 25 al bad fella
[2025.07.14-01.33.19:879][377]LogBlueprintUserMessages: [bala_C_36] El peoncito perdio 10 de vida!!!!
[2025.07.14-01.33.20:493][410]LogBlueprintUserMessages: [bala_C_39] El peoncito perdio 10 de vida!!!!
[2025.07.14-01.33.21:220][447]LogBlueprintUserMessages: [bala_C_41] El peoncito perdio 10 de vida!!!!
[2025.07.14-01.33.21:240][448]LogBlueprintUserMessages: [bala_C_41] El peoncito perdio 10 de vida!!!!
[2025.07.14-01.33.21:325][452]LogBlueprintUserMessages: [bala_C_40] Le reste 50 al bad guy
[2025.07.14-01.33.21:457][458]LogBlueprintUserMessages: [bala_C_42] Le reste 50 al bad guy
[2025.07.14-01.33.21:484][459]LogBlueprintUserMessages: [bad_guy2_2] Bad guy  Destruido!
[2025.07.14-01.33.25:441][654]LogBlueprintUserMessages: [bala_C_52] Le reste 25 al bad fella
[2025.07.14-01.33.28:423][802]LogBlueprintUserMessages: [bala_C_54] Le reste 25 a la torreta
[2025.07.14-01.33.28:423][802]LogBlueprintUserMessages: [Torreta_2] algo me ataveso!
[2025.07.14-01.33.28:567][809]LogBlueprintUserMessages: [bala_C_52] El peoncito perdio 10 de vida!!!!
[2025.07.14-01.33.29:232][841]LogBlueprintUserMessages: [bala_C_56] Le reste 25 a la torreta
[2025.07.14-01.33.29:232][841]LogBlueprintUserMessages: [Torreta_2] algo me ataveso!
[2025.07.14-01.33.29:249][842]LogBlueprintUserMessages: [Torreta_2] Torreta Destruida!
[2025.07.14-01.33.31:448][958]LogBlueprintUserMessages: [bala_C_59] Le reste 25 al bad fella
[2025.07.14-01.33.31:465][959]LogBlueprintUserMessages: [bad_fella_2] Bad fella  Destruido!
[2025.07.14-01.33.31:916][984]LogBlueprintUserMessages: [Balaza_C_20] Le reste 30 al peoncito
[2025.07.14-01.33.31:918][984]LogBlueprintUserMessages: [peoncito_2] El peoncito murio
[2025.07.14-01.33.31:918][984]LogBlueprintUserMessages: [ReglasJuego_C_0] Noo, perdiste!
[2025.07.14-01.33.31:922][984]LogScript: Warning: Accessed None trying to read property K2Node_DynamicCast_AsPeoncito
	BarraVIda_C /Engine/Transient.UnrealEdEngine_0:GameInstance_17.BarraVIda_C_0
	Function /Game/ThirdPersonBP/Blueprints/blueprints/BarraVIda.BarraVIda_C:GetText_0:0099
[2025.07.14-01.33.31:922][984]PIE: Error: Blueprint Runtime Error: "Accessed None trying to read property K2Node_DynamicCast_AsPeoncito". Blueprint:  BarraVIda Function:  Get Text 0 Graph:  GetText_0 Node:  Return Node
[2025.07.14-01.33.31:933][985]LogNet: Browse: /Game/ThirdPersonBP/Maps/Perdiste_Level
[2025.07.14-01.33.31:933][985]LogLoad: LoadMap: /Game/ThirdPersonBP/Maps/Perdiste_Level
[2025.07.14-01.33.31:933][985]LogWorld: BeginTearingDown for /Game/ThirdPersonBP/Maps/UEDPIE_0_ThirdPersonExampleMap
[2025.07.14-01.33.31:934][985]LogWorld: UWorld::CleanupWorld for ThirdPersonExampleMap, bSessionEnded=true, bCleanupResources=true
[2025.07.14-01.33.31:935][985]LogSlate: InvalidateAllWidgets triggered.  All widgets were invalidated
[2025.07.14-01.33.31:998][985]LogAudio: Display: Audio Device unregistered from world 'None'.
[2025.07.14-01.33.32:003][985]LogUObjectHash: Compacting FUObjectHashTables data took   3.58ms
[2025.07.14-01.33.32:032][985]LogAudio: Display: Audio Device (ID: 19) registered with world 'Perdiste_Level'.
[2025.07.14-01.33.32:034][985]LogAIModule: Creating AISystem for world Perdiste_Level
[2025.07.14-01.33.32:034][985]LogLoad: Game class is 'ReglasJuego_C'
[2025.07.14-01.33.32:117][985]LogWorld: Bringing World /Game/ThirdPersonBP/Maps/UEDPIE_0_Perdiste_Level.Perdiste_Level up for play (max tick rate 60) at 2025.07.13-22.33.32
[2025.07.14-01.33.32:118][985]LogWorld: Bringing up level for play took: 0.081367
[2025.07.14-01.33.32:118][985]LogGameMode: FindPlayerStart: PATHS NOT DEFINED or NO PLAYERSTART with positive rating
[2025.07.14-01.33.32:122][985]LogBlueprintUserMessages: [plataforma_2] Buenas buenas!
[2025.07.14-01.33.32:123][985]LogLoad: Took 0.189917 seconds to LoadMap(/Game/ThirdPersonBP/Maps/Perdiste_Level)
[2025.07.14-01.33.32:186][985]PIE: Error: Blueprint Runtime Error: "Accessed None trying to read property K2Node_DynamicCast_AsPeoncito". Blueprint:  BarraVIda Function:  Get Text 0 Graph:  GetText_0 Node:  Return Node
[2025.07.14-01.33.32:231][986]PIE: Error: Blueprint Runtime Error: "Accessed None trying to read property K2Node_DynamicCast_AsPeoncito". Blueprint:  BarraVIda Function:  Get Text 0 Graph:  GetText_0 Node:  Return Node
[2025.07.14-01.33.32:247][987]PIE: Error: Blueprint Runtime Error: "Accessed None trying to read property K2Node_DynamicCast_AsPeoncito". Blueprint:  BarraVIda Function:  Get Text 0 Graph:  GetText_0 Node:  Return Node
[2025.07.14-01.33.32:264][988]PIE: Error: Blueprint Runtime Error: "Accessed None trying to read property K2Node_DynamicCast_AsPeoncito". Blueprint:  BarraVIda Function:  Get Text 0 Graph:  GetText_0 Node:  Return Node
[2025.07.14-01.33.32:281][989]PIE: Error: Blueprint Runtime Error: "Accessed None trying to read property K2Node_DynamicCast_AsPeoncito". Blueprint:  BarraVIda Function:  Get Text 0 Graph:  GetText_0 Node:  Return Node
[2025.07.14-01.33.32:297][990]PIE: Error: Blueprint Runtime Error: "Accessed None trying to read property K2Node_DynamicCast_AsPeoncito". Blueprint:  BarraVIda Function:  Get Text 0 Graph:  GetText_0 Node:  Return Node
[2025.07.14-01.33.32:317][991]PIE: Error: Blueprint Runtime Error: "Accessed None trying to read property K2Node_DynamicCast_AsPeoncito". Blueprint:  BarraVIda Function:  Get Text 0 Graph:  GetText_0 Node:  Return Node
[2025.07.14-01.33.32:335][992]PIE: Error: Blueprint Runtime Error: "Accessed None trying to read property K2Node_DynamicCast_AsPeoncito". Blueprint:  BarraVIda Function:  Get Text 0 Graph:  GetText_0 Node:  Return Node
[2025.07.14-01.33.32:353][993]PIE: Error: Blueprint Runtime Error: "Accessed None trying to read property K2Node_DynamicCast_AsPeoncito". Blueprint:  BarraVIda Function:  Get Text 0 Graph:  GetText_0 Node:  Return Node
[2025.07.14-01.33.32:371][994]PIE: Error: Blueprint Runtime Error: "Accessed None trying to read property K2Node_DynamicCast_AsPeoncito". Blueprint:  BarraVIda Function:  Get Text 0 Graph:  GetText_0 Node:  Return Node
[2025.07.14-01.33.32:387][995]PIE: Error: Blueprint Runtime Error: "Accessed None trying to read property K2Node_DynamicCast_AsPeoncito". Blueprint:  BarraVIda Function:  Get Text 0 Graph:  GetText_0 Node:  Return Node
[2025.07.14-01.33.32:403][996]PIE: Error: Blueprint Runtime Error: "Accessed None trying to read property K2Node_DynamicCast_AsPeoncito". Blueprint:  BarraVIda Function:  Get Text 0 Graph:  GetText_0 Node:  Return Node
[2025.07.14-01.33.32:420][997]PIE: Error: Blueprint Runtime Error: "Accessed None trying to read property K2Node_DynamicCast_AsPeoncito". Blueprint:  BarraVIda Function:  Get Text 0 Graph:  GetText_0 Node:  Return Node
[2025.07.14-01.33.32:436][998]PIE: Error: Blueprint Runtime Error: "Accessed None trying to read property K2Node_DynamicCast_AsPeoncito". Blueprint:  BarraVIda Function:  Get Text 0 Graph:  GetText_0 Node:  Return Node
[2025.07.14-01.33.32:453][999]PIE: Error: Blueprint Runtime Error: "Accessed None trying to read property K2Node_DynamicCast_AsPeoncito". Blueprint:  BarraVIda Function:  Get Text 0 Graph:  GetText_0 Node:  Return Node
[2025.07.14-01.33.32:471][  0]PIE: Error: Blueprint Runtime Error: "Accessed None trying to read property K2Node_DynamicCast_AsPeoncito". Blueprint:  BarraVIda Function:  Get Text 0 Graph:  GetText_0 Node:  Return Node
[2025.07.14-01.33.32:487][  1]PIE: Error: Blueprint Runtime Error: "Accessed None trying to read property K2Node_DynamicCast_AsPeoncito". Blueprint:  BarraVIda Function:  Get Text 0 Graph:  GetText_0 Node:  Return Node
[2025.07.14-01.33.32:505][  2]PIE: Error: Blueprint Runtime Error: "Accessed None trying to read property K2Node_DynamicCast_AsPeoncito". Blueprint:  BarraVIda Function:  Get Text 0 Graph:  GetText_0 Node:  Return Node
[2025.07.14-01.33.32:520][  3]PIE: Error: Blueprint Runtime Error: "Accessed None trying to read property K2Node_DynamicCast_AsPeoncito". Blueprint:  BarraVIda Function:  Get Text 0 Graph:  GetText_0 Node:  Return Node
[2025.07.14-01.33.32:536][  4]PIE: Error: Blueprint Runtime Error: "Accessed None trying to read property K2Node_DynamicCast_AsPeoncito". Blueprint:  BarraVIda Function:  Get Text 0 Graph:  GetText_0 Node:  Return Node
[2025.07.14-01.33.32:553][  5]PIE: Error: Blueprint Runtime Error: "Accessed None trying to read property K2Node_DynamicCast_AsPeoncito". Blueprint:  BarraVIda Function:  Get Text 0 Graph:  GetText_0 Node:  Return Node
[2025.07.14-01.33.32:570][  6]PIE: Error: Blueprint Runtime Error: "Accessed None trying to read property K2Node_DynamicCast_AsPeoncito". Blueprint:  BarraVIda Function:  Get Text 0 Graph:  GetText_0 Node:  Return Node
[2025.07.14-01.33.32:586][  7]PIE: Error: Blueprint Runtime Error: "Accessed None trying to read property K2Node_DynamicCast_AsPeoncito". Blueprint:  BarraVIda Function:  Get Text 0 Graph:  GetText_0 Node:  Return Node
[2025.07.14-01.33.32:603][  8]PIE: Error: Blueprint Runtime Error: "Accessed None trying to read property K2Node_DynamicCast_AsPeoncito". Blueprint:  BarraVIda Function:  Get Text 0 Graph:  GetText_0 Node:  Return Node
[2025.07.14-01.33.32:620][  9]PIE: Error: Blueprint Runtime Error: "Accessed None trying to read property K2Node_DynamicCast_AsPeoncito". Blueprint:  BarraVIda Function:  Get Text 0 Graph:  GetText_0 Node:  Return Node
[2025.07.14-01.33.32:637][ 10]PIE: Error: Blueprint Runtime Error: "Accessed None trying to read property K2Node_DynamicCast_AsPeoncito". Blueprint:  BarraVIda Function:  Get Text 0 Graph:  GetText_0 Node:  Return Node
[2025.07.14-01.33.32:654][ 11]PIE: Error: Blueprint Runtime Error: "Accessed None trying to read property K2Node_DynamicCast_AsPeoncito". Blueprint:  BarraVIda Function:  Get Text 0 Graph:  GetText_0 Node:  Return Node
[2025.07.14-01.33.32:671][ 12]PIE: Error: Blueprint Runtime Error: "Accessed None trying to read property K2Node_DynamicCast_AsPeoncito". Blueprint:  BarraVIda Function:  Get Text 0 Graph:  GetText_0 Node:  Return Node
[2025.07.14-01.33.32:690][ 13]PIE: Error: Blueprint Runtime Error: "Accessed None trying to read property K2Node_DynamicCast_AsPeoncito". Blueprint:  BarraVIda Function:  Get Text 0 Graph:  GetText_0 Node:  Return Node
[2025.07.14-01.33.32:708][ 14]PIE: Error: Blueprint Runtime Error: "Accessed None trying to read property K2Node_DynamicCast_AsPeoncito". Blueprint:  BarraVIda Function:  Get Text 0 Graph:  GetText_0 Node:  Return Node
[2025.07.14-01.33.32:725][ 15]PIE: Error: Blueprint Runtime Error: "Accessed None trying to read property K2Node_DynamicCast_AsPeoncito". Blueprint:  BarraVIda Function:  Get Text 0 Graph:  GetText_0 Node:  Return Node
[2025.07.14-01.33.32:742][ 16]PIE: Error: Blueprint Runtime Error: "Accessed None trying to read property K2Node_DynamicCast_AsPeoncito". Blueprint:  BarraVIda Function:  Get Text 0 Graph:  GetText_0 Node:  Return Node
[2025.07.14-01.33.32:758][ 17]PIE: Error: Blueprint Runtime Error: "Accessed None trying to read property K2Node_DynamicCast_AsPeoncito". Blueprint:  BarraVIda Function:  Get Text 0 Graph:  GetText_0 Node:  Return Node
[2025.07.14-01.33.32:774][ 18]PIE: Error: Blueprint Runtime Error: "Accessed None trying to read property K2Node_DynamicCast_AsPeoncito". Blueprint:  BarraVIda Function:  Get Text 0 Graph:  GetText_0 Node:  Return Node
[2025.07.14-01.33.32:791][ 19]PIE: Error: Blueprint Runtime Error: "Accessed None trying to read property K2Node_DynamicCast_AsPeoncito". Blueprint:  BarraVIda Function:  Get Text 0 Graph:  GetText_0 Node:  Return Node
[2025.07.14-01.33.32:807][ 20]PIE: Error: Blueprint Runtime Error: "Accessed None trying to read property K2Node_DynamicCast_AsPeoncito". Blueprint:  BarraVIda Function:  Get Text 0 Graph:  GetText_0 Node:  Return Node
[2025.07.14-01.33.32:825][ 21]PIE: Error: Blueprint Runtime Error: "Accessed None trying to read property K2Node_DynamicCast_AsPeoncito". Blueprint:  BarraVIda Function:  Get Text 0 Graph:  GetText_0 Node:  Return Node
[2025.07.14-01.33.32:842][ 22]PIE: Error: Blueprint Runtime Error: "Accessed None trying to read property K2Node_DynamicCast_AsPeoncito". Blueprint:  BarraVIda Function:  Get Text 0 Graph:  GetText_0 Node:  Return Node
[2025.07.14-01.33.32:858][ 23]PIE: Error: Blueprint Runtime Error: "Accessed None trying to read property K2Node_DynamicCast_AsPeoncito". Blueprint:  BarraVIda Function:  Get Text 0 Graph:  GetText_0 Node:  Return Node
[2025.07.14-01.33.32:876][ 24]PIE: Error: Blueprint Runtime Error: "Accessed None trying to read property K2Node_DynamicCast_AsPeoncito". Blueprint:  BarraVIda Function:  Get Text 0 Graph:  GetText_0 Node:  Return Node
[2025.07.14-01.33.32:892][ 25]PIE: Error: Blueprint Runtime Error: "Accessed None trying to read property K2Node_DynamicCast_AsPeoncito". Blueprint:  BarraVIda Function:  Get Text 0 Graph:  GetText_0 Node:  Return Node
[2025.07.14-01.33.32:912][ 26]PIE: Error: Blueprint Runtime Error: "Accessed None trying to read property K2Node_DynamicCast_AsPeoncito". Blueprint:  BarraVIda Function:  Get Text 0 Graph:  GetText_0 Node:  Return Node
[2025.07.14-01.33.32:933][ 27]PIE: Error: Blueprint Runtime Error: "Accessed None trying to read property K2Node_DynamicCast_AsPeoncito". Blueprint:  BarraVIda Function:  Get Text 0 Graph:  GetText_0 Node:  Return Node
[2025.07.14-01.33.32:957][ 28]PIE: Error: Blueprint Runtime Error: "Accessed None trying to read property K2Node_DynamicCast_AsPeoncito". Blueprint:  BarraVIda Function:  Get Text 0 Graph:  GetText_0 Node:  Return Node
[2025.07.14-01.33.32:979][ 29]PIE: Error: Blueprint Runtime Error: "Accessed None trying to read property K2Node_DynamicCast_AsPeoncito". Blueprint:  BarraVIda Function:  Get Text 0 Graph:  GetText_0 Node:  Return Node
[2025.07.14-01.33.33:003][ 30]PIE: Error: Blueprint Runtime Error: "Accessed None trying to read property K2Node_DynamicCast_AsPeoncito". Blueprint:  BarraVIda Function:  Get Text 0 Graph:  GetText_0 Node:  Return Node
[2025.07.14-01.33.33:026][ 31]PIE: Error: Blueprint Runtime Error: "Accessed None trying to read property K2Node_DynamicCast_AsPeoncito". Blueprint:  BarraVIda Function:  Get Text 0 Graph:  GetText_0 Node:  Return Node
[2025.07.14-01.33.33:048][ 32]PIE: Error: Blueprint Runtime Error: "Accessed None trying to read property K2Node_DynamicCast_AsPeoncito". Blueprint:  BarraVIda Function:  Get Text 0 Graph:  GetText_0 Node:  Return Node
[2025.07.14-01.33.33:065][ 33]PIE: Error: Blueprint Runtime Error: "Accessed None trying to read property K2Node_DynamicCast_AsPeoncito". Blueprint:  BarraVIda Function:  Get Text 0 Graph:  GetText_0 Node:  Return Node
[2025.07.14-01.33.33:085][ 34]PIE: Error: Blueprint Runtime Error: "Accessed None trying to read property K2Node_DynamicCast_AsPeoncito". Blueprint:  BarraVIda Function:  Get Text 0 Graph:  GetText_0 Node:  Return Node
[2025.07.14-01.33.33:103][ 35]PIE: Error: Blueprint Runtime Error: "Accessed None trying to read property K2Node_DynamicCast_AsPeoncito". Blueprint:  BarraVIda Function:  Get Text 0 Graph:  GetText_0 Node:  Return Node
[2025.07.14-01.33.33:119][ 36]PIE: Error: Blueprint Runtime Error: "Accessed None trying to read property K2Node_DynamicCast_AsPeoncito". Blueprint:  BarraVIda Function:  Get Text 0 Graph:  GetText_0 Node:  Return Node
[2025.07.14-01.33.33:135][ 37]PIE: Error: Blueprint Runtime Error: "Accessed None trying to read property K2Node_DynamicCast_AsPeoncito". Blueprint:  BarraVIda Function:  Get Text 0 Graph:  GetText_0 Node:  Return Node
[2025.07.14-01.33.33:150][ 38]PIE: Error: Blueprint Runtime Error: "Accessed None trying to read property K2Node_DynamicCast_AsPeoncito". Blueprint:  BarraVIda Function:  Get Text 0 Graph:  GetText_0 Node:  Return Node
[2025.07.14-01.33.33:167][ 39]PIE: Error: Blueprint Runtime Error: "Accessed None trying to read property K2Node_DynamicCast_AsPeoncito". Blueprint:  BarraVIda Function:  Get Text 0 Graph:  GetText_0 Node:  Return Node
[2025.07.14-01.33.33:184][ 40]PIE: Error: Blueprint Runtime Error: "Accessed None trying to read property K2Node_DynamicCast_AsPeoncito". Blueprint:  BarraVIda Function:  Get Text 0 Graph:  GetText_0 Node:  Return Node
[2025.07.14-01.33.33:201][ 41]PIE: Error: Blueprint Runtime Error: "Accessed None trying to read property K2Node_DynamicCast_AsPeoncito". Blueprint:  BarraVIda Function:  Get Text 0 Graph:  GetText_0 Node:  Return Node
[2025.07.14-01.33.33:220][ 42]PIE: Error: Blueprint Runtime Error: "Accessed None trying to read property K2Node_DynamicCast_AsPeoncito". Blueprint:  BarraVIda Function:  Get Text 0 Graph:  GetText_0 Node:  Return Node
[2025.07.14-01.33.33:238][ 43]PIE: Error: Blueprint Runtime Error: "Accessed None trying to read property K2Node_DynamicCast_AsPeoncito". Blueprint:  BarraVIda Function:  Get Text 0 Graph:  GetText_0 Node:  Return Node
[2025.07.14-01.33.33:256][ 44]PIE: Error: Blueprint Runtime Error: "Accessed None trying to read property K2Node_DynamicCast_AsPeoncito". Blueprint:  BarraVIda Function:  Get Text 0 Graph:  GetText_0 Node:  Return Node
[2025.07.14-01.33.33:274][ 45]PIE: Error: Blueprint Runtime Error: "Accessed None trying to read property K2Node_DynamicCast_AsPeoncito". Blueprint:  BarraVIda Function:  Get Text 0 Graph:  GetText_0 Node:  Return Node
[2025.07.14-01.33.33:292][ 46]PIE: Error: Blueprint Runtime Error: "Accessed None trying to read property K2Node_DynamicCast_AsPeoncito". Blueprint:  BarraVIda Function:  Get Text 0 Graph:  GetText_0 Node:  Return Node
[2025.07.14-01.33.33:310][ 47]PIE: Error: Blueprint Runtime Error: "Accessed None trying to read property K2Node_DynamicCast_AsPeoncito". Blueprint:  BarraVIda Function:  Get Text 0 Graph:  GetText_0 Node:  Return Node
[2025.07.14-01.33.33:326][ 48]PIE: Error: Blueprint Runtime Error: "Accessed None trying to read property K2Node_DynamicCast_AsPeoncito". Blueprint:  BarraVIda Function:  Get Text 0 Graph:  GetText_0 Node:  Return Node
[2025.07.14-01.33.33:342][ 49]PIE: Error: Blueprint Runtime Error: "Accessed None trying to read property K2Node_DynamicCast_AsPeoncito". Blueprint:  BarraVIda Function:  Get Text 0 Graph:  GetText_0 Node:  Return Node
[2025.07.14-01.33.33:359][ 50]PIE: Error: Blueprint Runtime Error: "Accessed None trying to read property K2Node_DynamicCast_AsPeoncito". Blueprint:  BarraVIda Function:  Get Text 0 Graph:  GetText_0 Node:  Return Node
[2025.07.14-01.33.33:375][ 51]PIE: Error: Blueprint Runtime Error: "Accessed None trying to read property K2Node_DynamicCast_AsPeoncito". Blueprint:  BarraVIda Function:  Get Text 0 Graph:  GetText_0 Node:  Return Node
[2025.07.14-01.33.33:392][ 52]PIE: Error: Blueprint Runtime Error: "Accessed None trying to read property K2Node_DynamicCast_AsPeoncito". Blueprint:  BarraVIda Function:  Get Text 0 Graph:  GetText_0 Node:  Return Node
[2025.07.14-01.33.33:409][ 53]PIE: Error: Blueprint Runtime Error: "Accessed None trying to read property K2Node_DynamicCast_AsPeoncito". Blueprint:  BarraVIda Function:  Get Text 0 Graph:  GetText_0 Node:  Return Node
[2025.07.14-01.33.33:425][ 54]PIE: Error: Blueprint Runtime Error: "Accessed None trying to read property K2Node_DynamicCast_AsPeoncito". Blueprint:  BarraVIda Function:  Get Text 0 Graph:  GetText_0 Node:  Return Node
[2025.07.14-01.33.33:441][ 55]PIE: Error: Blueprint Runtime Error: "Accessed None trying to read property K2Node_DynamicCast_AsPeoncito". Blueprint:  BarraVIda Function:  Get Text 0 Graph:  GetText_0 Node:  Return Node
[2025.07.14-01.33.33:458][ 56]PIE: Error: Blueprint Runtime Error: "Accessed None trying to read property K2Node_DynamicCast_AsPeoncito". Blueprint:  BarraVIda Function:  Get Text 0 Graph:  GetText_0 Node:  Return Node
[2025.07.14-01.33.33:475][ 57]PIE: Error: Blueprint Runtime Error: "Accessed None trying to read property K2Node_DynamicCast_AsPeoncito". Blueprint:  BarraVIda Function:  Get Text 0 Graph:  GetText_0 Node:  Return Node
[2025.07.14-01.33.33:493][ 58]PIE: Error: Blueprint Runtime Error: "Accessed None trying to read property K2Node_DynamicCast_AsPeoncito". Blueprint:  BarraVIda Function:  Get Text 0 Graph:  GetText_0 Node:  Return Node
[2025.07.14-01.33.33:511][ 59]PIE: Error: Blueprint Runtime Error: "Accessed None trying to read property K2Node_DynamicCast_AsPeoncito". Blueprint:  BarraVIda Function:  Get Text 0 Graph:  GetText_0 Node:  Return Node
[2025.07.14-01.33.33:531][ 60]PIE: Error: Blueprint Runtime Error: "Accessed None trying to read property K2Node_DynamicCast_AsPeoncito". Blueprint:  BarraVIda Function:  Get Text 0 Graph:  GetText_0 Node:  Return Node
[2025.07.14-01.33.33:552][ 61]PIE: Error: Blueprint Runtime Error: "Accessed None trying to read property K2Node_DynamicCast_AsPeoncito". Blueprint:  BarraVIda Function:  Get Text 0 Graph:  GetText_0 Node:  Return Node
[2025.07.14-01.33.33:574][ 62]PIE: Error: Blueprint Runtime Error: "Accessed None trying to read property K2Node_DynamicCast_AsPeoncito". Blueprint:  BarraVIda Function:  Get Text 0 Graph:  GetText_0 Node:  Return Node
[2025.07.14-01.33.33:593][ 63]PIE: Error: Blueprint Runtime Error: "Accessed None trying to read property K2Node_DynamicCast_AsPeoncito". Blueprint:  BarraVIda Function:  Get Text 0 Graph:  GetText_0 Node:  Return Node
[2025.07.14-01.33.33:611][ 64]PIE: Error: Blueprint Runtime Error: "Accessed None trying to read property K2Node_DynamicCast_AsPeoncito". Blueprint:  BarraVIda Function:  Get Text 0 Graph:  GetText_0 Node:  Return Node
[2025.07.14-01.33.33:627][ 65]PIE: Error: Blueprint Runtime Error: "Accessed None trying to read property K2Node_DynamicCast_AsPeoncito". Blueprint:  BarraVIda Function:  Get Text 0 Graph:  GetText_0 Node:  Return Node
[2025.07.14-01.33.33:644][ 66]PIE: Error: Blueprint Runtime Error: "Accessed None trying to read property K2Node_DynamicCast_AsPeoncito". Blueprint:  BarraVIda Function:  Get Text 0 Graph:  GetText_0 Node:  Return Node
[2025.07.14-01.33.33:661][ 67]PIE: Error: Blueprint Runtime Error: "Accessed None trying to read property K2Node_DynamicCast_AsPeoncito". Blueprint:  BarraVIda Function:  Get Text 0 Graph:  GetText_0 Node:  Return Node
[2025.07.14-01.33.33:677][ 68]PIE: Error: Blueprint Runtime Error: "Accessed None trying to read property K2Node_DynamicCast_AsPeoncito". Blueprint:  BarraVIda Function:  Get Text 0 Graph:  GetText_0 Node:  Return Node
[2025.07.14-01.33.33:694][ 69]PIE: Error: Blueprint Runtime Error: "Accessed None trying to read property K2Node_DynamicCast_AsPeoncito". Blueprint:  BarraVIda Function:  Get Text 0 Graph:  GetText_0 Node:  Return Node
[2025.07.14-01.33.33:712][ 70]PIE: Error: Blueprint Runtime Error: "Accessed None trying to read property K2Node_DynamicCast_AsPeoncito". Blueprint:  BarraVIda Function:  Get Text 0 Graph:  GetText_0 Node:  Return Node
[2025.07.14-01.33.33:729][ 71]PIE: Error: Blueprint Runtime Error: "Accessed None trying to read property K2Node_DynamicCast_AsPeoncito". Blueprint:  BarraVIda Function:  Get Text 0 Graph:  GetText_0 Node:  Return Node
[2025.07.14-01.33.33:747][ 72]PIE: Error: Blueprint Runtime Error: "Accessed None trying to read property K2Node_DynamicCast_AsPeoncito". Blueprint:  BarraVIda Function:  Get Text 0 Graph:  GetText_0 Node:  Return Node
[2025.07.14-01.33.33:764][ 73]PIE: Error: Blueprint Runtime Error: "Accessed None trying to read property K2Node_DynamicCast_AsPeoncito". Blueprint:  BarraVIda Function:  Get Text 0 Graph:  GetText_0 Node:  Return Node
[2025.07.14-01.33.33:783][ 74]PIE: Error: Blueprint Runtime Error: "Accessed None trying to read property K2Node_DynamicCast_AsPeoncito". Blueprint:  BarraVIda Function:  Get Text 0 Graph:  GetText_0 Node:  Return Node
[2025.07.14-01.33.33:801][ 75]PIE: Error: Blueprint Runtime Error: "Accessed None trying to read property K2Node_DynamicCast_AsPeoncito". Blueprint:  BarraVIda Function:  Get Text 0 Graph:  GetText_0 Node:  Return Node
[2025.07.14-01.33.33:818][ 76]PIE: Error: Blueprint Runtime Error: "Accessed None trying to read property K2Node_DynamicCast_AsPeoncito". Blueprint:  BarraVIda Function:  Get Text 0 Graph:  GetText_0 Node:  Return Node
[2025.07.14-01.33.33:837][ 77]PIE: Error: Blueprint Runtime Error: "Accessed None trying to read property K2Node_DynamicCast_AsPeoncito". Blueprint:  BarraVIda Function:  Get Text 0 Graph:  GetText_0 Node:  Return Node
[2025.07.14-01.33.33:856][ 78]PIE: Error: Blueprint Runtime Error: "Accessed None trying to read property K2Node_DynamicCast_AsPeoncito". Blueprint:  BarraVIda Function:  Get Text 0 Graph:  GetText_0 Node:  Return Node
[2025.07.14-01.33.33:872][ 79]PIE: Error: Blueprint Runtime Error: "Accessed None trying to read property K2Node_DynamicCast_AsPeoncito". Blueprint:  BarraVIda Function:  Get Text 0 Graph:  GetText_0 Node:  Return Node
[2025.07.14-01.33.33:889][ 80]PIE: Error: Blueprint Runtime Error: "Accessed None trying to read property K2Node_DynamicCast_AsPeoncito". Blueprint:  BarraVIda Function:  Get Text 0 Graph:  GetText_0 Node:  Return Node
[2025.07.14-01.33.33:905][ 81]PIE: Error: Blueprint Runtime Error: "Accessed None trying to read property K2Node_DynamicCast_AsPeoncito". Blueprint:  BarraVIda Function:  Get Text 0 Graph:  GetText_0 Node:  Return Node
[2025.07.14-01.33.33:923][ 82]PIE: Error: Blueprint Runtime Error: "Accessed None trying to read property K2Node_DynamicCast_AsPeoncito". Blueprint:  BarraVIda Function:  Get Text 0 Graph:  GetText_0 Node:  Return Node
[2025.07.14-01.33.33:939][ 83]PIE: Error: Blueprint Runtime Error: "Accessed None trying to read property K2Node_DynamicCast_AsPeoncito". Blueprint:  BarraVIda Function:  Get Text 0 Graph:  GetText_0 Node:  Return Node
[2025.07.14-01.33.33:956][ 84]PIE: Error: Blueprint Runtime Error: "Accessed None trying to read property K2Node_DynamicCast_AsPeoncito". Blueprint:  BarraVIda Function:  Get Text 0 Graph:  GetText_0 Node:  Return Node
[2025.07.14-01.33.33:974][ 85]PIE: Error: Blueprint Runtime Error: "Accessed None trying to read property K2Node_DynamicCast_AsPeoncito". Blueprint:  BarraVIda Function:  Get Text 0 Graph:  GetText_0 Node:  Return Node
[2025.07.14-01.33.33:993][ 86]PIE: Error: Blueprint Runtime Error: "Accessed None trying to read property K2Node_DynamicCast_AsPeoncito". Blueprint:  BarraVIda Function:  Get Text 0 Graph:  GetText_0 Node:  Return Node
[2025.07.14-01.33.34:011][ 87]PIE: Error: Blueprint Runtime Error: "Accessed None trying to read property K2Node_DynamicCast_AsPeoncito". Blueprint:  BarraVIda Function:  Get Text 0 Graph:  GetText_0 Node:  Return Node
[2025.07.14-01.33.34:027][ 88]PIE: Error: Blueprint Runtime Error: "Accessed None trying to read property K2Node_DynamicCast_AsPeoncito". Blueprint:  BarraVIda Function:  Get Text 0 Graph:  GetText_0 Node:  Return Node
[2025.07.14-01.33.34:044][ 89]PIE: Error: Blueprint Runtime Error: "Accessed None trying to read property K2Node_DynamicCast_AsPeoncito". Blueprint:  BarraVIda Function:  Get Text 0 Graph:  GetText_0 Node:  Return Node
[2025.07.14-01.33.34:060][ 90]PIE: Error: Blueprint Runtime Error: "Accessed None trying to read property K2Node_DynamicCast_AsPeoncito". Blueprint:  BarraVIda Function:  Get Text 0 Graph:  GetText_0 Node:  Return Node
[2025.07.14-01.33.34:076][ 91]PIE: Error: Blueprint Runtime Error: "Accessed None trying to read property K2Node_DynamicCast_AsPeoncito". Blueprint:  BarraVIda Function:  Get Text 0 Graph:  GetText_0 Node:  Return Node
[2025.07.14-01.33.34:093][ 92]PIE: Error: Blueprint Runtime Error: "Accessed None trying to read property K2Node_DynamicCast_AsPeoncito". Blueprint:  BarraVIda Function:  Get Text 0 Graph:  GetText_0 Node:  Return Node
[2025.07.14-01.33.34:111][ 93]PIE: Error: Blueprint Runtime Error: "Accessed None trying to read property K2Node_DynamicCast_AsPeoncito". Blueprint:  BarraVIda Function:  Get Text 0 Graph:  GetText_0 Node:  Return Node
[2025.07.14-01.33.34:128][ 94]PIE: Error: Blueprint Runtime Error: "Accessed None trying to read property K2Node_DynamicCast_AsPeoncito". Blueprint:  BarraVIda Function:  Get Text 0 Graph:  GetText_0 Node:  Return Node
[2025.07.14-01.33.34:146][ 95]PIE: Error: Blueprint Runtime Error: "Accessed None trying to read property K2Node_DynamicCast_AsPeoncito". Blueprint:  BarraVIda Function:  Get Text 0 Graph:  GetText_0 Node:  Return Node
[2025.07.14-01.33.34:165][ 96]PIE: Error: Blueprint Runtime Error: "Accessed None trying to read property K2Node_DynamicCast_AsPeoncito". Blueprint:  BarraVIda Function:  Get Text 0 Graph:  GetText_0 Node:  Return Node
[2025.07.14-01.33.34:185][ 97]PIE: Error: Blueprint Runtime Error: "Accessed None trying to read property K2Node_DynamicCast_AsPeoncito". Blueprint:  BarraVIda Function:  Get Text 0 Graph:  GetText_0 Node:  Return Node
[2025.07.14-01.33.34:203][ 98]PIE: Error: Blueprint Runtime Error: "Accessed None trying to read property K2Node_DynamicCast_AsPeoncito". Blueprint:  BarraVIda Function:  Get Text 0 Graph:  GetText_0 Node:  Return Node
[2025.07.14-01.33.34:221][ 99]PIE: Error: Blueprint Runtime Error: "Accessed None trying to read property K2Node_DynamicCast_AsPeoncito". Blueprint:  BarraVIda Function:  Get Text 0 Graph:  GetText_0 Node:  Return Node
[2025.07.14-01.33.34:240][100]PIE: Error: Blueprint Runtime Error: "Accessed None trying to read property K2Node_DynamicCast_AsPeoncito". Blueprint:  BarraVIda Function:  Get Text 0 Graph:  GetText_0 Node:  Return Node
[2025.07.14-01.33.34:258][101]PIE: Error: Blueprint Runtime Error: "Accessed None trying to read property K2Node_DynamicCast_AsPeoncito". Blueprint:  BarraVIda Function:  Get Text 0 Graph:  GetText_0 Node:  Return Node
[2025.07.14-01.33.34:277][102]PIE: Error: Blueprint Runtime Error: "Accessed None trying to read property K2Node_DynamicCast_AsPeoncito". Blueprint:  BarraVIda Function:  Get Text 0 Graph:  GetText_0 Node:  Return Node
[2025.07.14-01.33.34:298][103]PIE: Error: Blueprint Runtime Error: "Accessed None trying to read property K2Node_DynamicCast_AsPeoncito". Blueprint:  BarraVIda Function:  Get Text 0 Graph:  GetText_0 Node:  Return Node
[2025.07.14-01.33.34:315][104]PIE: Error: Blueprint Runtime Error: "Accessed None trying to read property K2Node_DynamicCast_AsPeoncito". Blueprint:  BarraVIda Function:  Get Text 0 Graph:  GetText_0 Node:  Return Node
[2025.07.14-01.33.34:333][105]PIE: Error: Blueprint Runtime Error: "Accessed None trying to read property K2Node_DynamicCast_AsPeoncito". Blueprint:  BarraVIda Function:  Get Text 0 Graph:  GetText_0 Node:  Return Node
[2025.07.14-01.33.34:348][106]PIE: Error: Blueprint Runtime Error: "Accessed None trying to read property K2Node_DynamicCast_AsPeoncito". Blueprint:  BarraVIda Function:  Get Text 0 Graph:  GetText_0 Node:  Return Node
[2025.07.14-01.33.34:364][107]PIE: Error: Blueprint Runtime Error: "Accessed None trying to read property K2Node_DynamicCast_AsPeoncito". Blueprint:  BarraVIda Function:  Get Text 0 Graph:  GetText_0 Node:  Return Node
[2025.07.14-01.33.34:382][108]PIE: Error: Blueprint Runtime Error: "Accessed None trying to read property K2Node_DynamicCast_AsPeoncito". Blueprint:  BarraVIda Function:  Get Text 0 Graph:  GetText_0 Node:  Return Node
[2025.07.14-01.33.34:398][109]PIE: Error: Blueprint Runtime Error: "Accessed None trying to read property K2Node_DynamicCast_AsPeoncito". Blueprint:  BarraVIda Function:  Get Text 0 Graph:  GetText_0 Node:  Return Node
[2025.07.14-01.33.34:415][110]PIE: Error: Blueprint Runtime Error: "Accessed None trying to read property K2Node_DynamicCast_AsPeoncito". Blueprint:  BarraVIda Function:  Get Text 0 Graph:  GetText_0 Node:  Return Node
[2025.07.14-01.33.34:432][111]PIE: Error: Blueprint Runtime Error: "Accessed None trying to read property K2Node_DynamicCast_AsPeoncito". Blueprint:  BarraVIda Function:  Get Text 0 Graph:  GetText_0 Node:  Return Node
[2025.07.14-01.33.34:450][112]PIE: Error: Blueprint Runtime Error: "Accessed None trying to read property K2Node_DynamicCast_AsPeoncito". Blueprint:  BarraVIda Function:  Get Text 0 Graph:  GetText_0 Node:  Return Node
[2025.07.14-01.33.34:466][113]PIE: Error: Blueprint Runtime Error: "Accessed None trying to read property K2Node_DynamicCast_AsPeoncito". Blueprint:  BarraVIda Function:  Get Text 0 Graph:  GetText_0 Node:  Return Node
[2025.07.14-01.33.34:482][114]PIE: Error: Blueprint Runtime Error: "Accessed None trying to read property K2Node_DynamicCast_AsPeoncito". Blueprint:  BarraVIda Function:  Get Text 0 Graph:  GetText_0 Node:  Return Node
[2025.07.14-01.33.34:503][115]PIE: Error: Blueprint Runtime Error: "Accessed None trying to read property K2Node_DynamicCast_AsPeoncito". Blueprint:  BarraVIda Function:  Get Text 0 Graph:  GetText_0 Node:  Return Node
[2025.07.14-01.33.34:521][116]PIE: Error: Blueprint Runtime Error: "Accessed None trying to read property K2Node_DynamicCast_AsPeoncito". Blueprint:  BarraVIda Function:  Get Text 0 Graph:  GetText_0 Node:  Return Node
[2025.07.14-01.33.34:539][117]PIE: Error: Blueprint Runtime Error: "Accessed None trying to read property K2Node_DynamicCast_AsPeoncito". Blueprint:  BarraVIda Function:  Get Text 0 Graph:  GetText_0 Node:  Return Node
[2025.07.14-01.33.34:555][118]PIE: Error: Blueprint Runtime Error: "Accessed None trying to read property K2Node_DynamicCast_AsPeoncito". Blueprint:  BarraVIda Function:  Get Text 0 Graph:  GetText_0 Node:  Return Node
[2025.07.14-01.33.34:572][119]PIE: Error: Blueprint Runtime Error: "Accessed None trying to read property K2Node_DynamicCast_AsPeoncito". Blueprint:  BarraVIda Function:  Get Text 0 Graph:  GetText_0 Node:  Return Node
[2025.07.14-01.33.34:589][120]PIE: Error: Blueprint Runtime Error: "Accessed None trying to read property K2Node_DynamicCast_AsPeoncito". Blueprint:  BarraVIda Function:  Get Text 0 Graph:  GetText_0 Node:  Return Node
[2025.07.14-01.33.34:606][121]PIE: Error: Blueprint Runtime Error: "Accessed None trying to read property K2Node_DynamicCast_AsPeoncito". Blueprint:  BarraVIda Function:  Get Text 0 Graph:  GetText_0 Node:  Return Node
[2025.07.14-01.33.34:623][122]PIE: Error: Blueprint Runtime Error: "Accessed None trying to read property K2Node_DynamicCast_AsPeoncito". Blueprint:  BarraVIda Function:  Get Text 0 Graph:  GetText_0 Node:  Return Node
[2025.07.14-01.33.34:639][123]PIE: Error: Blueprint Runtime Error: "Accessed None trying to read property K2Node_DynamicCast_AsPeoncito". Blueprint:  BarraVIda Function:  Get Text 0 Graph:  GetText_0 Node:  Return Node
[2025.07.14-01.33.34:654][124]PIE: Error: Blueprint Runtime Error: "Accessed None trying to read property K2Node_DynamicCast_AsPeoncito". Blueprint:  BarraVIda Function:  Get Text 0 Graph:  GetText_0 Node:  Return Node
[2025.07.14-01.33.34:671][125]PIE: Error: Blueprint Runtime Error: "Accessed None trying to read property K2Node_DynamicCast_AsPeoncito". Blueprint:  BarraVIda Function:  Get Text 0 Graph:  GetText_0 Node:  Return Node
[2025.07.14-01.33.34:688][126]PIE: Error: Blueprint Runtime Error: "Accessed None trying to read property K2Node_DynamicCast_AsPeoncito". Blueprint:  BarraVIda Function:  Get Text 0 Graph:  GetText_0 Node:  Return Node
[2025.07.14-01.33.34:706][127]PIE: Error: Blueprint Runtime Error: "Accessed None trying to read property K2Node_DynamicCast_AsPeoncito". Blueprint:  BarraVIda Function:  Get Text 0 Graph:  GetText_0 Node:  Return Node
[2025.07.14-01.33.34:724][128]PIE: Error: Blueprint Runtime Error: "Accessed None trying to read property K2Node_DynamicCast_AsPeoncito". Blueprint:  BarraVIda Function:  Get Text 0 Graph:  GetText_0 Node:  Return Node
[2025.07.14-01.33.34:748][129]PIE: Error: Blueprint Runtime Error: "Accessed None trying to read property K2Node_DynamicCast_AsPeoncito". Blueprint:  BarraVIda Function:  Get Text 0 Graph:  GetText_0 Node:  Return Node
[2025.07.14-01.33.34:774][130]PIE: Error: Blueprint Runtime Error: "Accessed None trying to read property K2Node_DynamicCast_AsPeoncito". Blueprint:  BarraVIda Function:  Get Text 0 Graph:  GetText_0 Node:  Return Node
[2025.07.14-01.33.34:797][131]PIE: Error: Blueprint Runtime Error: "Accessed None trying to read property K2Node_DynamicCast_AsPeoncito". Blueprint:  BarraVIda Function:  Get Text 0 Graph:  GetText_0 Node:  Return Node
[2025.07.14-01.33.34:823][132]PIE: Error: Blueprint Runtime Error: "Accessed None trying to read property K2Node_DynamicCast_AsPeoncito". Blueprint:  BarraVIda Function:  Get Text 0 Graph:  GetText_0 Node:  Return Node
[2025.07.14-01.33.34:847][133]PIE: Error: Blueprint Runtime Error: "Accessed None trying to read property K2Node_DynamicCast_AsPeoncito". Blueprint:  BarraVIda Function:  Get Text 0 Graph:  GetText_0 Node:  Return Node
[2025.07.14-01.33.34:871][134]PIE: Error: Blueprint Runtime Error: "Accessed None trying to read property K2Node_DynamicCast_AsPeoncito". Blueprint:  BarraVIda Function:  Get Text 0 Graph:  GetText_0 Node:  Return Node
[2025.07.14-01.33.34:891][135]PIE: Error: Blueprint Runtime Error: "Accessed None trying to read property K2Node_DynamicCast_AsPeoncito". Blueprint:  BarraVIda Function:  Get Text 0 Graph:  GetText_0 Node:  Return Node
[2025.07.14-01.33.34:914][136]PIE: Error: Blueprint Runtime Error: "Accessed None trying to read property K2Node_DynamicCast_AsPeoncito". Blueprint:  BarraVIda Function:  Get Text 0 Graph:  GetText_0 Node:  Return Node
[2025.07.14-01.33.34:940][137]PIE: Error: Blueprint Runtime Error: "Accessed None trying to read property K2Node_DynamicCast_AsPeoncito". Blueprint:  BarraVIda Function:  Get Text 0 Graph:  GetText_0 Node:  Return Node
[2025.07.14-01.33.34:963][138]PIE: Error: Blueprint Runtime Error: "Accessed None trying to read property K2Node_DynamicCast_AsPeoncito". Blueprint:  BarraVIda Function:  Get Text 0 Graph:  GetText_0 Node:  Return Node
[2025.07.14-01.33.34:992][139]PIE: Error: Blueprint Runtime Error: "Accessed None trying to read property K2Node_DynamicCast_AsPeoncito". Blueprint:  BarraVIda Function:  Get Text 0 Graph:  GetText_0 Node:  Return Node
[2025.07.14-01.33.35:020][140]PIE: Error: Blueprint Runtime Error: "Accessed None trying to read property K2Node_DynamicCast_AsPeoncito". Blueprint:  BarraVIda Function:  Get Text 0 Graph:  GetText_0 Node:  Return Node
[2025.07.14-01.33.35:042][141]PIE: Error: Blueprint Runtime Error: "Accessed None trying to read property K2Node_DynamicCast_AsPeoncito". Blueprint:  BarraVIda Function:  Get Text 0 Graph:  GetText_0 Node:  Return Node
[2025.07.14-01.33.35:060][142]PIE: Error: Blueprint Runtime Error: "Accessed None trying to read property K2Node_DynamicCast_AsPeoncito". Blueprint:  BarraVIda Function:  Get Text 0 Graph:  GetText_0 Node:  Return Node
[2025.07.14-01.33.35:076][143]PIE: Error: Blueprint Runtime Error: "Accessed None trying to read property K2Node_DynamicCast_AsPeoncito". Blueprint:  BarraVIda Function:  Get Text 0 Graph:  GetText_0 Node:  Return Node
[2025.07.14-01.33.35:092][144]PIE: Error: Blueprint Runtime Error: "Accessed None trying to read property K2Node_DynamicCast_AsPeoncito". Blueprint:  BarraVIda Function:  Get Text 0 Graph:  GetText_0 Node:  Return Node
[2025.07.14-01.33.35:109][145]PIE: Error: Blueprint Runtime Error: "Accessed None trying to read property K2Node_DynamicCast_AsPeoncito". Blueprint:  BarraVIda Function:  Get Text 0 Graph:  GetText_0 Node:  Return Node
[2025.07.14-01.33.35:125][146]PIE: Error: Blueprint Runtime Error: "Accessed None trying to read property K2Node_DynamicCast_AsPeoncito". Blueprint:  BarraVIda Function:  Get Text 0 Graph:  GetText_0 Node:  Return Node
[2025.07.14-01.33.35:142][147]PIE: Error: Blueprint Runtime Error: "Accessed None trying to read property K2Node_DynamicCast_AsPeoncito". Blueprint:  BarraVIda Function:  Get Text 0 Graph:  GetText_0 Node:  Return Node
[2025.07.14-01.33.35:160][148]PIE: Error: Blueprint Runtime Error: "Accessed None trying to read property K2Node_DynamicCast_AsPeoncito". Blueprint:  BarraVIda Function:  Get Text 0 Graph:  GetText_0 Node:  Return Node
[2025.07.14-01.33.35:236][149]LogSlate: Updating window title bar state: overlay mode, drag disabled, window buttons hidden, title bar hidden
[2025.07.14-01.33.35:236][149]LogWorld: BeginTearingDown for /Game/ThirdPersonBP/Maps/UEDPIE_0_Perdiste_Level
[2025.07.14-01.33.35:236][149]LogWorld: UWorld::CleanupWorld for Perdiste_Level, bSessionEnded=true, bCleanupResources=true
[2025.07.14-01.33.35:238][149]LogSlate: InvalidateAllWidgets triggered.  All widgets were invalidated
[2025.07.14-01.33.35:254][149]LogPlayLevel: Display: Shutting down PIE online subsystems
[2025.07.14-01.33.35:264][149]LogSlate: InvalidateAllWidgets triggered.  All widgets were invalidated
[2025.07.14-01.33.35:306][149]LogSlate: Updating window title bar state: overlay mode, drag disabled, window buttons hidden, title bar hidden
[2025.07.14-01.33.35:307][149]LogAudioMixer: FMixerPlatformXAudio2::StopAudioStream() called
[2025.07.14-01.33.35:308][149]LogAudioMixer: FMixerPlatformXAudio2::StopAudioStream() called
[2025.07.14-01.33.35:315][149]LogUObjectHash: Compacting FUObjectHashTables data took   2.75ms
[2025.07.14-01.33.35:528][150]LogPlayLevel: Display: Destroying online subsystem :Context_42
[2025.07.14-01.33.36:997][209]LogSlate: Window 'Message Log' being destroyed
[2025.07.14-01.33.37:014][209]LogSlate: Window 'Message Log' being destroyed
[2025.07.14-01.33.38:095][257]LogTemp: Repeating last play command: Selected Viewport
[2025.07.14-01.33.38:135][257]LogPlayLevel: PlayLevel: No blueprints needed recompiling
[2025.07.14-01.33.38:136][257]PIE: New page: PIE session: ThirdPersonExampleMap (Jul 13, 2025, 7:33:38 PM)
[2025.07.14-01.33.38:136][257]LogPlayLevel: Creating play world package: /Game/ThirdPersonBP/Maps/UEDPIE_0_ThirdPersonExampleMap
[2025.07.14-01.33.38:168][257]LogPlayLevel: PIE: StaticDuplicateObject took: (0.032500s)
[2025.07.14-01.33.38:170][257]LogAIModule: Creating AISystem for world ThirdPersonExampleMap
[2025.07.14-01.33.38:170][257]LogPlayLevel: PIE: World Init took: (0.002167s)
[2025.07.14-01.33.38:171][257]LogPlayLevel: PIE: Created PIE world by copying editor world from /Game/ThirdPersonBP/Maps/ThirdPersonExampleMap.ThirdPersonExampleMap to /Game/ThirdPersonBP/Maps/UEDPIE_0_ThirdPersonExampleMap.ThirdPersonExampleMap (0.034986s)
[2025.07.14-01.33.38:238][257]LogUObjectHash: Compacting FUObjectHashTables data took   5.88ms
[2025.07.14-01.33.38:240][257]LogAudio: Display: Creating Audio Device:                 Id: 20, Scope: Unique, Realtime: True
[2025.07.14-01.33.38:240][257]LogAudioMixer: Display: Audio Mixer Platform Settings:
[2025.07.14-01.33.38:240][257]LogAudioMixer: Display: 	Sample Rate:						  48000
[2025.07.14-01.33.38:240][257]LogAudioMixer: Display: 	Callback Buffer Frame Size Requested: 1024
[2025.07.14-01.33.38:240][257]LogAudioMixer: Display: 	Callback Buffer Frame Size To Use:	  1024
[2025.07.14-01.33.38:240][257]LogAudioMixer: Display: 	Number of buffers to queue:			  2
[2025.07.14-01.33.38:240][257]LogAudioMixer: Display: 	Max Channels (voices):				  32
[2025.07.14-01.33.38:240][257]LogAudioMixer: Display: 	Number of Async Source Workers:		  0
[2025.07.14-01.33.38:240][257]LogAudio: Display: AudioDevice MaxSources: 32
[2025.07.14-01.33.38:241][257]LogAudio: Display: Audio Spatialization Plugin: None (built-in).
[2025.07.14-01.33.38:241][257]LogAudio: Display: Audio Reverb Plugin: None (built-in).
[2025.07.14-01.33.38:241][257]LogAudio: Display: Audio Occlusion Plugin: None (built-in).
[2025.07.14-01.33.38:241][257]LogAudioMixer: Display: Initializing audio mixer.
[2025.07.14-01.33.38:252][257]LogAudioMixer: Display: 0: FrontLeft
[2025.07.14-01.33.38:252][257]LogAudioMixer: Display: 1: FrontRight
[2025.07.14-01.33.38:284][257]LogAudioMixer: Display: Using Audio Device Headphones (SOUNDPEATS Mini HS Stereo)
[2025.07.14-01.33.38:285][257]LogAudioMixer: Display: Initializing Sound Submixes...
[2025.07.14-01.33.38:285][257]LogAudioMixer: Display: Creating Master Submix 'MasterSubmixDefault'
[2025.07.14-01.33.38:285][257]LogAudioMixer: Display: Creating Master Submix 'MasterReverbSubmixDefault'
[2025.07.14-01.33.38:285][257]LogAudioMixer: Display: Creating Master Submix 'MasterEQSubmixDefault'
[2025.07.14-01.33.38:285][257]LogAudioMixer: FMixerPlatformXAudio2::StartAudioStream() called
[2025.07.14-01.33.38:286][257]LogAudioMixer: Display: Output buffers initialized: Frames=1024, Channels=2, Samples=2048
[2025.07.14-01.33.38:288][257]LogAudioMixer: Display: Starting AudioMixerPlatformInterface::RunInternal()
[2025.07.14-01.33.38:288][257]LogAudioMixer: Display: FMixerPlatformXAudio2::SubmitBuffer() called for the first time
[2025.07.14-01.33.38:288][257]LogInit: FAudioDevice initialized.
[2025.07.14-01.33.38:288][257]LogAudio: Display: Audio Device (ID: 20) registered with world 'ThirdPersonExampleMap'.
[2025.07.14-01.33.38:299][257]LogLoad: Game class is 'ReglasJuego_C'
[2025.07.14-01.33.38:312][257]LogWorld: Bringing World /Game/ThirdPersonBP/Maps/UEDPIE_0_ThirdPersonExampleMap.ThirdPersonExampleMap up for play (max tick rate 60) at 2025.07.13-22.33.38
[2025.07.14-01.33.38:313][257]LogWorld: Bringing up level for play took: 0.012247
[2025.07.14-01.33.38:314][257]LogOnline: OSS: Creating online subsystem instance for: :Context_43
[2025.07.14-01.33.38:318][257]LogBlueprintUserMessages: [plataforma_2] Buenas buenas!
[2025.07.14-01.33.38:321][257]PIE: Server logged in
[2025.07.14-01.33.38:322][257]PIE: Play in editor total start time 0.211 seconds.
[2025.07.14-01.33.42:745][491]LogBlueprintUserMessages: [bala_C_3] Le reste 25 al bad fella
[2025.07.14-01.33.44:097][563]LogBlueprintUserMessages: [bala_C_11] Le reste 25 al bad fella
[2025.07.14-01.33.45:207][622]LogBlueprintUserMessages: [bala_C_13] El peoncito perdio 10 de vida!!!!
[2025.07.14-01.33.45:877][656]LogBlueprintUserMessages: [bala_C_16] El peoncito perdio 10 de vida!!!!
[2025.07.14-01.33.46:148][670]LogBlueprintUserMessages: [bala_C_14] Le reste 50 al bad guy
[2025.07.14-01.33.46:236][675]LogBlueprintUserMessages: [bala_C_16] El peoncito perdio 10 de vida!!!!
[2025.07.14-01.33.46:238][675]LogBlueprintUserMessages: [bala_C_17] Le reste 50 al bad guy
[2025.07.14-01.33.46:253][676]LogBlueprintUserMessages: [bad_guy_5] Bad guy  Destruido!
[2025.07.14-01.33.47:115][720]LogBlueprintUserMessages: [bala_C_23] Le reste 25 al bad fella
[2025.07.14-01.33.50:222][882]LogBlueprintUserMessages: [bala_C_28] Le reste 25 a la torreta
[2025.07.14-01.33.50:222][882]LogBlueprintUserMessages: [Torreta3_2] algo me ataveso!
[2025.07.14-01.33.50:476][897]LogBlueprintUserMessages: [bala_C_30] Le reste 25 a la torreta
[2025.07.14-01.33.50:476][897]LogBlueprintUserMessages: [Torreta3_2] algo me ataveso!
[2025.07.14-01.33.50:492][898]LogBlueprintUserMessages: [Torreta3_2] Torreta Destruida!
[2025.07.14-01.33.50:654][907]LogBlueprintUserMessages: [Balaza_C_10] Le reste 30 al peoncito
[2025.07.14-01.33.54:086][ 86]LogBlueprintUserMessages: [bala_C_33] El peoncito perdio 10 de vida!!!!
[2025.07.14-01.33.56:153][194]LogBlueprintUserMessages: [bala_C_39] Le reste 25 al bad fella
[2025.07.14-01.33.57:702][278]LogBlueprintUserMessages: [Curador_2] Le di vida al peoncito! ahora tiene:
[2025.07.14-01.33.57:702][278]LogBlueprintUserMessages: [Curador_2] 30.0
[2025.07.14-01.33.57:702][278]LogBlueprintUserMessages: [Curador_2] El curador ya curo las siguientes veces:
[2025.07.14-01.33.57:702][278]LogBlueprintUserMessages: [Curador_2] 1.0
[2025.07.14-01.33.59:163][357]LogBlueprintUserMessages: [bala_C_44] Le reste 25 al bad fella
[2025.07.14-01.33.59:374][367]LogBlueprintUserMessages: [ReglasJuego_C_0] El puntaje subio!
[2025.07.14-01.33.59:374][367]LogBlueprintUserMessages: [ReglasJuego_C_0] 2
[2025.07.14-01.34.00:314][417]LogBlueprintUserMessages: [Curador_2] Le di vida al peoncito! ahora tiene:
[2025.07.14-01.34.00:314][417]LogBlueprintUserMessages: [Curador_2] 50.0
[2025.07.14-01.34.00:315][417]LogBlueprintUserMessages: [Curador_2] El curador ya curo las siguientes veces:
[2025.07.14-01.34.00:315][417]LogBlueprintUserMessages: [Curador_2] 2.0
[2025.07.14-01.34.01:876][500]LogBlueprintUserMessages: [bala_C_43] El peoncito perdio 10 de vida!!!!
[2025.07.14-01.34.02:005][507]LogBlueprintUserMessages: [Curador_2] Le di vida al peoncito! ahora tiene:
[2025.07.14-01.34.02:005][507]LogBlueprintUserMessages: [Curador_2] 60.0
[2025.07.14-01.34.02:005][507]LogBlueprintUserMessages: [Curador_2] El curador ya curo las siguientes veces:
[2025.07.14-01.34.02:005][507]LogBlueprintUserMessages: [Curador_2] 3.0
[2025.07.14-01.34.02:322][524]LogBlueprintUserMessages: [bala_C_46] El peoncito perdio 10 de vida!!!!
[2025.07.14-01.34.03:747][598]LogBlueprintUserMessages: [Curador_2] Le di vida al peoncito! ahora tiene:
[2025.07.14-01.34.03:747][598]LogBlueprintUserMessages: [Curador_2] 70.0
[2025.07.14-01.34.03:747][598]LogBlueprintUserMessages: [Curador_2] El curador ya curo las siguientes veces:
[2025.07.14-01.34.03:747][598]LogBlueprintUserMessages: [Curador_2] 4.0
[2025.07.14-01.34.05:144][672]LogBlueprintUserMessages: [bala_C_49] El peoncito perdio 10 de vida!!!!
[2025.07.14-01.34.05:787][704]LogBlueprintUserMessages: [bala_C_50] El peoncito perdio 10 de vida!!!!
[2025.07.14-01.34.06:372][734]LogBlueprintUserMessages: [bala_C_52] El peoncito perdio 10 de vida!!!!
[2025.07.14-01.34.06:961][765]LogBlueprintUserMessages: [bala_C_53] El peoncito perdio 10 de vida!!!!
[2025.07.14-01.34.07:339][783]LogBlueprintUserMessages: [bala_C_54] Le reste 50 al bad guy
[2025.07.14-01.34.07:452][789]LogBlueprintUserMessages: [bala_C_55] Le reste 50 al bad guy
[2025.07.14-01.34.07:474][790]LogBlueprintUserMessages: [bad_guy2_2] Bad guy  Destruido!
[2025.07.14-01.34.07:958][814]LogBlueprintUserMessages: [bala_C_57] El peoncito perdio 10 de vida!!!!
[2025.07.14-01.34.08:215][827]LogBlueprintUserMessages: [bala_C_60] Le reste 25 al bad fella
[2025.07.14-01.34.08:237][828]LogBlueprintUserMessages: [bad_fella_2] Bad fella  Destruido!
[2025.07.14-01.34.09:702][905]LogBlueprintUserMessages: [peoncito_2] Te queda de vida:
[2025.07.14-01.34.09:702][905]LogBlueprintUserMessages: [peoncito_2] 38.0
[2025.07.14-01.34.09:726][906]LogBlueprintUserMessages: [peoncito_2] Te queda de vida:
[2025.07.14-01.34.09:726][906]LogBlueprintUserMessages: [peoncito_2] 36.0
[2025.07.14-01.34.09:747][907]LogBlueprintUserMessages: [peoncito_2] Te queda de vida:
[2025.07.14-01.34.09:747][907]LogBlueprintUserMessages: [peoncito_2] 34.0
[2025.07.14-01.34.09:767][908]LogBlueprintUserMessages: [peoncito_2] Te queda de vida:
[2025.07.14-01.34.09:767][908]LogBlueprintUserMessages: [peoncito_2] 32.0
[2025.07.14-01.34.09:787][909]LogBlueprintUserMessages: [peoncito_2] Te queda de vida:
[2025.07.14-01.34.09:787][909]LogBlueprintUserMessages: [peoncito_2] 30.0
[2025.07.14-01.34.09:806][910]LogBlueprintUserMessages: [peoncito_2] Te queda de vida:
[2025.07.14-01.34.09:806][910]LogBlueprintUserMessages: [peoncito_2] 28.0
[2025.07.14-01.34.09:825][911]LogBlueprintUserMessages: [peoncito_2] Te queda de vida:
[2025.07.14-01.34.09:825][911]LogBlueprintUserMessages: [peoncito_2] 26.0
[2025.07.14-01.34.09:845][912]LogBlueprintUserMessages: [peoncito_2] Te queda de vida:
[2025.07.14-01.34.09:845][912]LogBlueprintUserMessages: [peoncito_2] 24.0
[2025.07.14-01.34.09:862][913]LogBlueprintUserMessages: [peoncito_2] Te queda de vida:
[2025.07.14-01.34.09:862][913]LogBlueprintUserMessages: [peoncito_2] 22.0
[2025.07.14-01.34.09:883][914]LogBlueprintUserMessages: [peoncito_2] Te queda de vida:
[2025.07.14-01.34.09:884][914]LogBlueprintUserMessages: [peoncito_2] 20.0
[2025.07.14-01.34.09:904][915]LogBlueprintUserMessages: [peoncito_2] Te queda de vida:
[2025.07.14-01.34.09:904][915]LogBlueprintUserMessages: [peoncito_2] 18.0
[2025.07.14-01.34.09:923][916]LogBlueprintUserMessages: [peoncito_2] Te queda de vida:
[2025.07.14-01.34.09:924][916]LogBlueprintUserMessages: [peoncito_2] 16.0
[2025.07.14-01.34.09:944][917]LogBlueprintUserMessages: [peoncito_2] Te queda de vida:
[2025.07.14-01.34.09:944][917]LogBlueprintUserMessages: [peoncito_2] 14.0
[2025.07.14-01.34.09:966][918]LogBlueprintUserMessages: [peoncito_2] Te queda de vida:
[2025.07.14-01.34.09:966][918]LogBlueprintUserMessages: [peoncito_2] 12.0
[2025.07.14-01.34.09:993][919]LogBlueprintUserMessages: [peoncito_2] Te queda de vida:
[2025.07.14-01.34.09:993][919]LogBlueprintUserMessages: [peoncito_2] 10.0
[2025.07.14-01.34.10:019][920]LogBlueprintUserMessages: [peoncito_2] Te queda de vida:
[2025.07.14-01.34.10:019][920]LogBlueprintUserMessages: [peoncito_2] 8.0
[2025.07.14-01.34.10:043][921]LogBlueprintUserMessages: [peoncito_2] Te queda de vida:
[2025.07.14-01.34.10:043][921]LogBlueprintUserMessages: [peoncito_2] 6.0
[2025.07.14-01.34.10:063][922]LogBlueprintUserMessages: [peoncito_2] Te queda de vida:
[2025.07.14-01.34.10:063][922]LogBlueprintUserMessages: [peoncito_2] 4.0
[2025.07.14-01.34.10:085][923]LogBlueprintUserMessages: [peoncito_2] Te queda de vida:
[2025.07.14-01.34.10:085][923]LogBlueprintUserMessages: [peoncito_2] 2.0
[2025.07.14-01.34.10:103][924]LogBlueprintUserMessages: [peoncito_2] Te moriste!
[2025.07.14-01.34.10:103][924]LogBlueprintUserMessages: [ReglasJuego_C_0] Noo, perdiste!
[2025.07.14-01.34.10:108][924]LogScript: Warning: Accessed None trying to read property K2Node_DynamicCast_AsPeoncito
	BarraVIda_C /Engine/Transient.UnrealEdEngine_0:GameInstance_18.BarraVIda_C_0
	Function /Game/ThirdPersonBP/Blueprints/blueprints/BarraVIda.BarraVIda_C:GetText_0:0099
[2025.07.14-01.34.10:108][924]PIE: Error: Blueprint Runtime Error: "Accessed None trying to read property K2Node_DynamicCast_AsPeoncito". Blueprint:  BarraVIda Function:  Get Text 0 Graph:  GetText_0 Node:  Return Node
[2025.07.14-01.34.10:120][925]LogNet: Browse: /Game/ThirdPersonBP/Maps/Perdiste_Level
[2025.07.14-01.34.10:120][925]LogLoad: LoadMap: /Game/ThirdPersonBP/Maps/Perdiste_Level
[2025.07.14-01.34.10:120][925]LogWorld: BeginTearingDown for /Game/ThirdPersonBP/Maps/UEDPIE_0_ThirdPersonExampleMap
[2025.07.14-01.34.10:121][925]LogWorld: UWorld::CleanupWorld for ThirdPersonExampleMap, bSessionEnded=true, bCleanupResources=true
[2025.07.14-01.34.10:122][925]LogSlate: InvalidateAllWidgets triggered.  All widgets were invalidated
[2025.07.14-01.34.10:215][925]LogAudio: Display: Audio Device unregistered from world 'None'.
[2025.07.14-01.34.10:222][925]LogUObjectHash: Compacting FUObjectHashTables data took   3.92ms
[2025.07.14-01.34.10:245][925]LogAudio: Display: Audio Device (ID: 20) registered with world 'Perdiste_Level'.
[2025.07.14-01.34.10:246][925]LogAIModule: Creating AISystem for world Perdiste_Level
[2025.07.14-01.34.10:246][925]LogLoad: Game class is 'ReglasJuego_C'
[2025.07.14-01.34.10:312][925]LogWorld: Bringing World /Game/ThirdPersonBP/Maps/UEDPIE_0_Perdiste_Level.Perdiste_Level up for play (max tick rate 60) at 2025.07.13-22.34.10
[2025.07.14-01.34.10:312][925]LogWorld: Bringing up level for play took: 0.064891
[2025.07.14-01.34.10:313][925]LogGameMode: FindPlayerStart: PATHS NOT DEFINED or NO PLAYERSTART with positive rating
[2025.07.14-01.34.10:316][925]LogBlueprintUserMessages: [plataforma_2] Buenas buenas!
[2025.07.14-01.34.10:317][925]LogLoad: Took 0.196466 seconds to LoadMap(/Game/ThirdPersonBP/Maps/Perdiste_Level)
[2025.07.14-01.34.10:376][925]PIE: Error: Blueprint Runtime Error: "Accessed None trying to read property K2Node_DynamicCast_AsPeoncito". Blueprint:  BarraVIda Function:  Get Text 0 Graph:  GetText_0 Node:  Return Node
[2025.07.14-01.34.10:405][926]PIE: Error: Blueprint Runtime Error: "Accessed None trying to read property K2Node_DynamicCast_AsPeoncito". Blueprint:  BarraVIda Function:  Get Text 0 Graph:  GetText_0 Node:  Return Node
[2025.07.14-01.34.10:420][927]PIE: Error: Blueprint Runtime Error: "Accessed None trying to read property K2Node_DynamicCast_AsPeoncito". Blueprint:  BarraVIda Function:  Get Text 0 Graph:  GetText_0 Node:  Return Node
[2025.07.14-01.34.10:438][928]PIE: Error: Blueprint Runtime Error: "Accessed None trying to read property K2Node_DynamicCast_AsPeoncito". Blueprint:  BarraVIda Function:  Get Text 0 Graph:  GetText_0 Node:  Return Node
[2025.07.14-01.34.10:454][929]PIE: Error: Blueprint Runtime Error: "Accessed None trying to read property K2Node_DynamicCast_AsPeoncito". Blueprint:  BarraVIda Function:  Get Text 0 Graph:  GetText_0 Node:  Return Node
[2025.07.14-01.34.10:470][930]PIE: Error: Blueprint Runtime Error: "Accessed None trying to read property K2Node_DynamicCast_AsPeoncito". Blueprint:  BarraVIda Function:  Get Text 0 Graph:  GetText_0 Node:  Return Node
[2025.07.14-01.34.10:487][931]PIE: Error: Blueprint Runtime Error: "Accessed None trying to read property K2Node_DynamicCast_AsPeoncito". Blueprint:  BarraVIda Function:  Get Text 0 Graph:  GetText_0 Node:  Return Node
[2025.07.14-01.34.10:504][932]PIE: Error: Blueprint Runtime Error: "Accessed None trying to read property K2Node_DynamicCast_AsPeoncito". Blueprint:  BarraVIda Function:  Get Text 0 Graph:  GetText_0 Node:  Return Node
[2025.07.14-01.34.10:522][933]PIE: Error: Blueprint Runtime Error: "Accessed None trying to read property K2Node_DynamicCast_AsPeoncito". Blueprint:  BarraVIda Function:  Get Text 0 Graph:  GetText_0 Node:  Return Node
[2025.07.14-01.34.10:539][934]PIE: Error: Blueprint Runtime Error: "Accessed None trying to read property K2Node_DynamicCast_AsPeoncito". Blueprint:  BarraVIda Function:  Get Text 0 Graph:  GetText_0 Node:  Return Node
[2025.07.14-01.34.10:557][935]PIE: Error: Blueprint Runtime Error: "Accessed None trying to read property K2Node_DynamicCast_AsPeoncito". Blueprint:  BarraVIda Function:  Get Text 0 Graph:  GetText_0 Node:  Return Node
[2025.07.14-01.34.10:576][936]PIE: Error: Blueprint Runtime Error: "Accessed None trying to read property K2Node_DynamicCast_AsPeoncito". Blueprint:  BarraVIda Function:  Get Text 0 Graph:  GetText_0 Node:  Return Node
[2025.07.14-01.34.10:595][937]PIE: Error: Blueprint Runtime Error: "Accessed None trying to read property K2Node_DynamicCast_AsPeoncito". Blueprint:  BarraVIda Function:  Get Text 0 Graph:  GetText_0 Node:  Return Node
[2025.07.14-01.34.10:616][938]PIE: Error: Blueprint Runtime Error: "Accessed None trying to read property K2Node_DynamicCast_AsPeoncito". Blueprint:  BarraVIda Function:  Get Text 0 Graph:  GetText_0 Node:  Return Node
[2025.07.14-01.34.10:640][939]PIE: Error: Blueprint Runtime Error: "Accessed None trying to read property K2Node_DynamicCast_AsPeoncito". Blueprint:  BarraVIda Function:  Get Text 0 Graph:  GetText_0 Node:  Return Node
[2025.07.14-01.34.10:662][940]PIE: Error: Blueprint Runtime Error: "Accessed None trying to read property K2Node_DynamicCast_AsPeoncito". Blueprint:  BarraVIda Function:  Get Text 0 Graph:  GetText_0 Node:  Return Node
[2025.07.14-01.34.10:684][941]PIE: Error: Blueprint Runtime Error: "Accessed None trying to read property K2Node_DynamicCast_AsPeoncito". Blueprint:  BarraVIda Function:  Get Text 0 Graph:  GetText_0 Node:  Return Node
[2025.07.14-01.34.10:705][942]PIE: Error: Blueprint Runtime Error: "Accessed None trying to read property K2Node_DynamicCast_AsPeoncito". Blueprint:  BarraVIda Function:  Get Text 0 Graph:  GetText_0 Node:  Return Node
[2025.07.14-01.34.10:723][943]PIE: Error: Blueprint Runtime Error: "Accessed None trying to read property K2Node_DynamicCast_AsPeoncito". Blueprint:  BarraVIda Function:  Get Text 0 Graph:  GetText_0 Node:  Return Node
[2025.07.14-01.34.10:740][944]PIE: Error: Blueprint Runtime Error: "Accessed None trying to read property K2Node_DynamicCast_AsPeoncito". Blueprint:  BarraVIda Function:  Get Text 0 Graph:  GetText_0 Node:  Return Node
[2025.07.14-01.34.10:756][945]PIE: Error: Blueprint Runtime Error: "Accessed None trying to read property K2Node_DynamicCast_AsPeoncito". Blueprint:  BarraVIda Function:  Get Text 0 Graph:  GetText_0 Node:  Return Node
[2025.07.14-01.34.10:773][946]PIE: Error: Blueprint Runtime Error: "Accessed None trying to read property K2Node_DynamicCast_AsPeoncito". Blueprint:  BarraVIda Function:  Get Text 0 Graph:  GetText_0 Node:  Return Node
[2025.07.14-01.34.10:790][947]PIE: Error: Blueprint Runtime Error: "Accessed None trying to read property K2Node_DynamicCast_AsPeoncito". Blueprint:  BarraVIda Function:  Get Text 0 Graph:  GetText_0 Node:  Return Node
[2025.07.14-01.34.10:808][948]PIE: Error: Blueprint Runtime Error: "Accessed None trying to read property K2Node_DynamicCast_AsPeoncito". Blueprint:  BarraVIda Function:  Get Text 0 Graph:  GetText_0 Node:  Return Node
[2025.07.14-01.34.10:826][949]PIE: Error: Blueprint Runtime Error: "Accessed None trying to read property K2Node_DynamicCast_AsPeoncito". Blueprint:  BarraVIda Function:  Get Text 0 Graph:  GetText_0 Node:  Return Node
[2025.07.14-01.34.10:846][950]PIE: Error: Blueprint Runtime Error: "Accessed None trying to read property K2Node_DynamicCast_AsPeoncito". Blueprint:  BarraVIda Function:  Get Text 0 Graph:  GetText_0 Node:  Return Node
[2025.07.14-01.34.10:863][951]PIE: Error: Blueprint Runtime Error: "Accessed None trying to read property K2Node_DynamicCast_AsPeoncito". Blueprint:  BarraVIda Function:  Get Text 0 Graph:  GetText_0 Node:  Return Node
[2025.07.14-01.34.10:880][952]PIE: Error: Blueprint Runtime Error: "Accessed None trying to read property K2Node_DynamicCast_AsPeoncito". Blueprint:  BarraVIda Function:  Get Text 0 Graph:  GetText_0 Node:  Return Node
[2025.07.14-01.34.10:897][953]PIE: Error: Blueprint Runtime Error: "Accessed None trying to read property K2Node_DynamicCast_AsPeoncito". Blueprint:  BarraVIda Function:  Get Text 0 Graph:  GetText_0 Node:  Return Node
[2025.07.14-01.34.10:917][954]PIE: Error: Blueprint Runtime Error: "Accessed None trying to read property K2Node_DynamicCast_AsPeoncito". Blueprint:  BarraVIda Function:  Get Text 0 Graph:  GetText_0 Node:  Return Node
[2025.07.14-01.34.10:937][955]PIE: Error: Blueprint Runtime Error: "Accessed None trying to read property K2Node_DynamicCast_AsPeoncito". Blueprint:  BarraVIda Function:  Get Text 0 Graph:  GetText_0 Node:  Return Node
[2025.07.14-01.34.10:956][956]PIE: Error: Blueprint Runtime Error: "Accessed None trying to read property K2Node_DynamicCast_AsPeoncito". Blueprint:  BarraVIda Function:  Get Text 0 Graph:  GetText_0 Node:  Return Node
[2025.07.14-01.34.10:975][957]PIE: Error: Blueprint Runtime Error: "Accessed None trying to read property K2Node_DynamicCast_AsPeoncito". Blueprint:  BarraVIda Function:  Get Text 0 Graph:  GetText_0 Node:  Return Node
[2025.07.14-01.34.10:995][958]PIE: Error: Blueprint Runtime Error: "Accessed None trying to read property K2Node_DynamicCast_AsPeoncito". Blueprint:  BarraVIda Function:  Get Text 0 Graph:  GetText_0 Node:  Return Node
[2025.07.14-01.34.11:074][959]LogSlate: Updating window title bar state: overlay mode, drag disabled, window buttons hidden, title bar hidden
[2025.07.14-01.34.11:074][959]LogWorld: BeginTearingDown for /Game/ThirdPersonBP/Maps/UEDPIE_0_Perdiste_Level
[2025.07.14-01.34.11:074][959]LogWorld: UWorld::CleanupWorld for Perdiste_Level, bSessionEnded=true, bCleanupResources=true
[2025.07.14-01.34.11:075][959]LogSlate: InvalidateAllWidgets triggered.  All widgets were invalidated
[2025.07.14-01.34.11:084][959]LogPlayLevel: Display: Shutting down PIE online subsystems
[2025.07.14-01.34.11:089][959]LogSlate: InvalidateAllWidgets triggered.  All widgets were invalidated
[2025.07.14-01.34.11:116][959]LogSlate: Updating window title bar state: overlay mode, drag disabled, window buttons hidden, title bar hidden
[2025.07.14-01.34.11:116][959]LogAudioMixer: FMixerPlatformXAudio2::StopAudioStream() called
[2025.07.14-01.34.11:118][959]LogAudioMixer: FMixerPlatformXAudio2::StopAudioStream() called
[2025.07.14-01.34.11:126][959]LogUObjectHash: Compacting FUObjectHashTables data took   3.13ms
[2025.07.14-01.34.11:351][960]LogPlayLevel: Display: Destroying online subsystem :Context_43
[2025.07.14-01.34.12:859][ 15]LogSlate: Window 'Message Log' being destroyed
[2025.07.14-01.34.12:878][ 15]LogSlate: Window 'Message Log' being destroyed
[2025.07.14-01.34.25:596][481]LogAssetEditorSubsystem: Opening Asset editor for Blueprint /Game/ThirdPersonBP/Blueprints/blueprints/Balaza.Balaza
[2025.07.14-01.34.33:745][786]LogAssetEditorSubsystem: Opening Asset editor for Blueprint /Game/ThirdPersonBP/Blueprints/blueprints/Balaza2.Balaza2
[2025.07.14-01.34.51:416][591]LogSavePackage: Moving '../../../../../UTN-e-learning/Unreal-Engine/Unreal-Projects/TP_PreEntrega/Saved/Balaza24F29E26349C56EC0A0C75CA66D210227.tmp' to '../../../../../UTN-e-learning/Unreal-Engine/Unreal-Projects/TP_PreEntrega/Content/ThirdPersonBP/Blueprints/blueprints/Balaza2.uasset'
[2025.07.14-01.34.51:458][591]AssetCheck: New page: Asset Save: Balaza2
[2025.07.14-01.34.51:458][591]LogContentValidation: Display: Validating Blueprint /Game/ThirdPersonBP/Blueprints/blueprints/Balaza2.Balaza2
[2025.07.14-01.34.57:746][876]LogSavePackage: Moving '../../../../../UTN-e-learning/Unreal-Engine/Unreal-Projects/TP_PreEntrega/Saved/BalazaBB801CCC450B58F267022BAA4DC121A3.tmp' to '../../../../../UTN-e-learning/Unreal-Engine/Unreal-Projects/TP_PreEntrega/Content/ThirdPersonBP/Blueprints/blueprints/Balaza.uasset'
[2025.07.14-01.34.57:779][876]AssetCheck: New page: Asset Save: Balaza
[2025.07.14-01.34.57:779][876]LogContentValidation: Display: Validating Blueprint /Game/ThirdPersonBP/Blueprints/blueprints/Balaza.Balaza
[2025.07.14-01.34.59:627][944]LogAssetEditorSubsystem: Opening Asset editor for Blueprint /Game/ThirdPersonBP/Blueprints/blueprints/bala.bala
[2025.07.14-01.35.17:863][720]LogSavePackage: Moving '../../../../../UTN-e-learning/Unreal-Engine/Unreal-Projects/TP_PreEntrega/Saved/balaEED17BC94A19AFF48F1195B922A6831E.tmp' to '../../../../../UTN-e-learning/Unreal-Engine/Unreal-Projects/TP_PreEntrega/Content/ThirdPersonBP/Blueprints/blueprints/bala.uasset'
[2025.07.14-01.35.17:897][720]AssetCheck: New page: Asset Save: bala
[2025.07.14-01.35.17:897][720]LogContentValidation: Display: Validating Blueprint /Game/ThirdPersonBP/Blueprints/blueprints/bala.bala
[2025.07.14-01.35.19:388][779]LogTemp: Repeating last play command: Selected Viewport
[2025.07.14-01.35.19:431][779]BlueprintLog: New page: Pre-Play auto-recompile
[2025.07.14-01.35.19:432][779]LogPlayLevel: [PlayLevel] Compiling Balaza before play...
[2025.07.14-01.35.19:484][779]LogPlayLevel: [PlayLevel] Compiling Balaza2 before play...
[2025.07.14-01.35.19:603][779]LogUObjectHash: Compacting FUObjectHashTables data took   7.57ms
[2025.07.14-01.35.19:607][779]LogPlayLevel: PlayLevel: Blueprint regeneration took 174 ms (2 blueprints)
[2025.07.14-01.35.19:607][779]PIE: New page: PIE session: ThirdPersonExampleMap (Jul 13, 2025, 7:35:19 PM)
[2025.07.14-01.35.19:610][779]LogPlayLevel: Creating play world package: /Game/ThirdPersonBP/Maps/UEDPIE_0_ThirdPersonExampleMap
[2025.07.14-01.35.19:642][779]LogPlayLevel: PIE: StaticDuplicateObject took: (0.032652s)
[2025.07.14-01.35.19:644][779]LogAIModule: Creating AISystem for world ThirdPersonExampleMap
[2025.07.14-01.35.19:644][779]LogPlayLevel: PIE: World Init took: (0.001878s)
[2025.07.14-01.35.19:644][779]LogPlayLevel: PIE: Created PIE world by copying editor world from /Game/ThirdPersonBP/Maps/ThirdPersonExampleMap.ThirdPersonExampleMap to /Game/ThirdPersonBP/Maps/UEDPIE_0_ThirdPersonExampleMap.ThirdPersonExampleMap (0.034838s)
[2025.07.14-01.35.19:710][779]LogUObjectHash: Compacting FUObjectHashTables data took   4.62ms
[2025.07.14-01.35.19:712][779]LogAudio: Display: Creating Audio Device:                 Id: 21, Scope: Unique, Realtime: True
[2025.07.14-01.35.19:712][779]LogAudioMixer: Display: Audio Mixer Platform Settings:
[2025.07.14-01.35.19:712][779]LogAudioMixer: Display: 	Sample Rate:						  48000
[2025.07.14-01.35.19:712][779]LogAudioMixer: Display: 	Callback Buffer Frame Size Requested: 1024
[2025.07.14-01.35.19:712][779]LogAudioMixer: Display: 	Callback Buffer Frame Size To Use:	  1024
[2025.07.14-01.35.19:713][779]LogAudioMixer: Display: 	Number of buffers to queue:			  2
[2025.07.14-01.35.19:713][779]LogAudioMixer: Display: 	Max Channels (voices):				  32
[2025.07.14-01.35.19:713][779]LogAudioMixer: Display: 	Number of Async Source Workers:		  0
[2025.07.14-01.35.19:713][779]LogAudio: Display: AudioDevice MaxSources: 32
[2025.07.14-01.35.19:713][779]LogAudio: Display: Audio Spatialization Plugin: None (built-in).
[2025.07.14-01.35.19:713][779]LogAudio: Display: Audio Reverb Plugin: None (built-in).
[2025.07.14-01.35.19:713][779]LogAudio: Display: Audio Occlusion Plugin: None (built-in).
[2025.07.14-01.35.19:714][779]LogAudioMixer: Display: Initializing audio mixer.
[2025.07.14-01.35.19:722][779]LogAudioMixer: Display: 0: FrontLeft
[2025.07.14-01.35.19:722][779]LogAudioMixer: Display: 1: FrontRight
[2025.07.14-01.35.19:745][779]LogAudioMixer: Display: Using Audio Device Headphones (SOUNDPEATS Mini HS Stereo)
[2025.07.14-01.35.19:746][779]LogAudioMixer: Display: Initializing Sound Submixes...
[2025.07.14-01.35.19:746][779]LogAudioMixer: Display: Creating Master Submix 'MasterSubmixDefault'
[2025.07.14-01.35.19:746][779]LogAudioMixer: Display: Creating Master Submix 'MasterReverbSubmixDefault'
[2025.07.14-01.35.19:746][779]LogAudioMixer: Display: Creating Master Submix 'MasterEQSubmixDefault'
[2025.07.14-01.35.19:746][779]LogAudioMixer: FMixerPlatformXAudio2::StartAudioStream() called
[2025.07.14-01.35.19:746][779]LogAudioMixer: Display: Output buffers initialized: Frames=1024, Channels=2, Samples=2048
[2025.07.14-01.35.19:748][779]LogAudioMixer: Display: Starting AudioMixerPlatformInterface::RunInternal()
[2025.07.14-01.35.19:748][779]LogAudioMixer: Display: FMixerPlatformXAudio2::SubmitBuffer() called for the first time
[2025.07.14-01.35.19:748][779]LogInit: FAudioDevice initialized.
[2025.07.14-01.35.19:748][779]LogAudio: Display: Audio Device (ID: 21) registered with world 'ThirdPersonExampleMap'.
[2025.07.14-01.35.19:759][779]LogLoad: Game class is 'ReglasJuego_C'
[2025.07.14-01.35.19:767][779]LogWorld: Bringing World /Game/ThirdPersonBP/Maps/UEDPIE_0_ThirdPersonExampleMap.ThirdPersonExampleMap up for play (max tick rate 60) at 2025.07.13-22.35.19
[2025.07.14-01.35.19:767][779]LogWorld: Bringing up level for play took: 0.007041
[2025.07.14-01.35.19:767][779]LogOnline: OSS: Creating online subsystem instance for: :Context_47
[2025.07.14-01.35.19:770][779]LogBlueprintUserMessages: [plataforma_2] Buenas buenas!
[2025.07.14-01.35.19:772][779]PIE: Server logged in
[2025.07.14-01.35.19:773][779]PIE: Play in editor total start time 0.364 seconds.
[2025.07.14-01.35.22:395][887]LogBlueprintUserMessages: [bala_C_4] Le reste 25 al bad fella
[2025.07.14-01.35.22:702][901]LogBlueprintUserMessages: [bala_C_7] El peoncito perdio 10 de vida!!!!
[2025.07.14-01.35.22:725][902]LogBlueprintUserMessages: [bala_C_7] El peoncito perdio 10 de vida!!!!
[2025.07.14-01.35.23:009][916]LogBlueprintUserMessages: [Balaza2_C_0] Le reste 50 al peoncito
[2025.07.14-01.35.24:370][969]LogBlueprintUserMessages: [bala_C_10] Le reste 25 a la torreta
[2025.07.14-01.35.24:370][969]LogBlueprintUserMessages: [Torreta2_5] algo me ataveso!
[2025.07.14-01.35.24:909][992]LogBlueprintUserMessages: [bala_C_11] Le reste 25 a la torreta
[2025.07.14-01.35.24:909][992]LogBlueprintUserMessages: [Torreta2_5] algo me ataveso!
[2025.07.14-01.35.24:943][993]LogBlueprintUserMessages: [Torreta2_5] Torreta Destruida!
[2025.07.14-01.35.24:946][993]LogBlueprintUserMessages: [bala_C_8] Le reste 25 al bad fella
[2025.07.14-01.35.25:044][997]LogBlueprintUserMessages: [Balaza2_C_1] Le reste 50 al peoncito
[2025.07.14-01.35.25:914][ 35]LogBlueprintUserMessages: [bala_C_12] Le reste 25 al bad fella
[2025.07.14-01.35.26:716][ 73]LogBlueprintUserMessages: [bala_C_15] El peoncito perdio 10 de vida!!!!
[2025.07.14-01.35.26:900][ 81]LogBlueprintUserMessages: [bala_C_16] Le reste 25 al bad fella
[2025.07.14-01.35.28:424][147]LogBlueprintUserMessages: [bala_C_22] Le reste 25 al bad fella
[2025.07.14-01.35.28:446][148]LogBlueprintUserMessages: [bad_fella2_2] Bad fella  Destruido!
[2025.07.14-01.35.29:783][209]LogBlueprintUserMessages: [bala_C_25] El peoncito perdio 10 de vida!!!!
[2025.07.14-01.35.29:784][209]LogBlueprintUserMessages: [peoncito_2] El peoncito murio
[2025.07.14-01.35.29:784][209]LogBlueprintUserMessages: [ReglasJuego_C_0] Noo, perdiste!
[2025.07.14-01.35.29:788][209]PIE: Error: Blueprint Runtime Error: "Accessed None trying to read property K2Node_DynamicCast_AsPeoncito". Blueprint:  BarraVIda Function:  Get Text 0 Graph:  GetText_0 Node:  Return Node
[2025.07.14-01.35.29:804][210]LogNet: Browse: /Game/ThirdPersonBP/Maps/Perdiste_Level
[2025.07.14-01.35.29:804][210]LogLoad: LoadMap: /Game/ThirdPersonBP/Maps/Perdiste_Level
[2025.07.14-01.35.29:804][210]LogWorld: BeginTearingDown for /Game/ThirdPersonBP/Maps/UEDPIE_0_ThirdPersonExampleMap
[2025.07.14-01.35.29:805][210]LogWorld: UWorld::CleanupWorld for ThirdPersonExampleMap, bSessionEnded=true, bCleanupResources=true
[2025.07.14-01.35.29:806][210]LogSlate: InvalidateAllWidgets triggered.  All widgets were invalidated
[2025.07.14-01.35.29:894][210]LogAudio: Display: Audio Device unregistered from world 'None'.
[2025.07.14-01.35.29:900][210]LogUObjectHash: Compacting FUObjectHashTables data took   3.42ms
[2025.07.14-01.35.29:925][210]LogAudio: Display: Audio Device (ID: 21) registered with world 'Perdiste_Level'.
[2025.07.14-01.35.29:927][210]LogAIModule: Creating AISystem for world Perdiste_Level
[2025.07.14-01.35.29:927][210]LogLoad: Game class is 'ReglasJuego_C'
[2025.07.14-01.35.30:015][210]LogWorld: Bringing World /Game/ThirdPersonBP/Maps/UEDPIE_0_Perdiste_Level.Perdiste_Level up for play (max tick rate 60) at 2025.07.13-22.35.30
[2025.07.14-01.35.30:015][210]LogWorld: Bringing up level for play took: 0.086711
[2025.07.14-01.35.30:016][210]LogGameMode: FindPlayerStart: PATHS NOT DEFINED or NO PLAYERSTART with positive rating
[2025.07.14-01.35.30:019][210]LogBlueprintUserMessages: [plataforma_2] Buenas buenas!
[2025.07.14-01.35.30:021][210]LogLoad: Took 0.217104 seconds to LoadMap(/Game/ThirdPersonBP/Maps/Perdiste_Level)
[2025.07.14-01.35.30:088][210]PIE: Error: Blueprint Runtime Error: "Accessed None trying to read property K2Node_DynamicCast_AsPeoncito". Blueprint:  BarraVIda Function:  Get Text 0 Graph:  GetText_0 Node:  Return Node
[2025.07.14-01.35.30:115][211]PIE: Error: Blueprint Runtime Error: "Accessed None trying to read property K2Node_DynamicCast_AsPeoncito". Blueprint:  BarraVIda Function:  Get Text 0 Graph:  GetText_0 Node:  Return Node
[2025.07.14-01.35.30:137][212]PIE: Error: Blueprint Runtime Error: "Accessed None trying to read property K2Node_DynamicCast_AsPeoncito". Blueprint:  BarraVIda Function:  Get Text 0 Graph:  GetText_0 Node:  Return Node
[2025.07.14-01.35.30:157][213]PIE: Error: Blueprint Runtime Error: "Accessed None trying to read property K2Node_DynamicCast_AsPeoncito". Blueprint:  BarraVIda Function:  Get Text 0 Graph:  GetText_0 Node:  Return Node
[2025.07.14-01.35.30:176][214]PIE: Error: Blueprint Runtime Error: "Accessed None trying to read property K2Node_DynamicCast_AsPeoncito". Blueprint:  BarraVIda Function:  Get Text 0 Graph:  GetText_0 Node:  Return Node
[2025.07.14-01.35.30:198][215]PIE: Error: Blueprint Runtime Error: "Accessed None trying to read property K2Node_DynamicCast_AsPeoncito". Blueprint:  BarraVIda Function:  Get Text 0 Graph:  GetText_0 Node:  Return Node
[2025.07.14-01.35.30:220][216]PIE: Error: Blueprint Runtime Error: "Accessed None trying to read property K2Node_DynamicCast_AsPeoncito". Blueprint:  BarraVIda Function:  Get Text 0 Graph:  GetText_0 Node:  Return Node
[2025.07.14-01.35.30:241][217]PIE: Error: Blueprint Runtime Error: "Accessed None trying to read property K2Node_DynamicCast_AsPeoncito". Blueprint:  BarraVIda Function:  Get Text 0 Graph:  GetText_0 Node:  Return Node
[2025.07.14-01.35.30:261][218]PIE: Error: Blueprint Runtime Error: "Accessed None trying to read property K2Node_DynamicCast_AsPeoncito". Blueprint:  BarraVIda Function:  Get Text 0 Graph:  GetText_0 Node:  Return Node
[2025.07.14-01.35.30:285][219]PIE: Error: Blueprint Runtime Error: "Accessed None trying to read property K2Node_DynamicCast_AsPeoncito". Blueprint:  BarraVIda Function:  Get Text 0 Graph:  GetText_0 Node:  Return Node
[2025.07.14-01.35.30:311][220]PIE: Error: Blueprint Runtime Error: "Accessed None trying to read property K2Node_DynamicCast_AsPeoncito". Blueprint:  BarraVIda Function:  Get Text 0 Graph:  GetText_0 Node:  Return Node
[2025.07.14-01.35.30:334][221]PIE: Error: Blueprint Runtime Error: "Accessed None trying to read property K2Node_DynamicCast_AsPeoncito". Blueprint:  BarraVIda Function:  Get Text 0 Graph:  GetText_0 Node:  Return Node
[2025.07.14-01.35.30:358][222]PIE: Error: Blueprint Runtime Error: "Accessed None trying to read property K2Node_DynamicCast_AsPeoncito". Blueprint:  BarraVIda Function:  Get Text 0 Graph:  GetText_0 Node:  Return Node
[2025.07.14-01.35.30:381][223]PIE: Error: Blueprint Runtime Error: "Accessed None trying to read property K2Node_DynamicCast_AsPeoncito". Blueprint:  BarraVIda Function:  Get Text 0 Graph:  GetText_0 Node:  Return Node
[2025.07.14-01.35.30:405][224]PIE: Error: Blueprint Runtime Error: "Accessed None trying to read property K2Node_DynamicCast_AsPeoncito". Blueprint:  BarraVIda Function:  Get Text 0 Graph:  GetText_0 Node:  Return Node
[2025.07.14-01.35.30:427][225]PIE: Error: Blueprint Runtime Error: "Accessed None trying to read property K2Node_DynamicCast_AsPeoncito". Blueprint:  BarraVIda Function:  Get Text 0 Graph:  GetText_0 Node:  Return Node
[2025.07.14-01.35.30:447][226]PIE: Error: Blueprint Runtime Error: "Accessed None trying to read property K2Node_DynamicCast_AsPeoncito". Blueprint:  BarraVIda Function:  Get Text 0 Graph:  GetText_0 Node:  Return Node
[2025.07.14-01.35.30:465][227]PIE: Error: Blueprint Runtime Error: "Accessed None trying to read property K2Node_DynamicCast_AsPeoncito". Blueprint:  BarraVIda Function:  Get Text 0 Graph:  GetText_0 Node:  Return Node
[2025.07.14-01.35.30:482][228]PIE: Error: Blueprint Runtime Error: "Accessed None trying to read property K2Node_DynamicCast_AsPeoncito". Blueprint:  BarraVIda Function:  Get Text 0 Graph:  GetText_0 Node:  Return Node
[2025.07.14-01.35.30:499][229]PIE: Error: Blueprint Runtime Error: "Accessed None trying to read property K2Node_DynamicCast_AsPeoncito". Blueprint:  BarraVIda Function:  Get Text 0 Graph:  GetText_0 Node:  Return Node
[2025.07.14-01.35.30:518][230]PIE: Error: Blueprint Runtime Error: "Accessed None trying to read property K2Node_DynamicCast_AsPeoncito". Blueprint:  BarraVIda Function:  Get Text 0 Graph:  GetText_0 Node:  Return Node
[2025.07.14-01.35.30:536][231]PIE: Error: Blueprint Runtime Error: "Accessed None trying to read property K2Node_DynamicCast_AsPeoncito". Blueprint:  BarraVIda Function:  Get Text 0 Graph:  GetText_0 Node:  Return Node
[2025.07.14-01.35.30:597][232]LogSlate: Updating window title bar state: overlay mode, drag disabled, window buttons hidden, title bar hidden
[2025.07.14-01.35.30:597][232]LogWorld: BeginTearingDown for /Game/ThirdPersonBP/Maps/UEDPIE_0_Perdiste_Level
[2025.07.14-01.35.30:597][232]LogWorld: UWorld::CleanupWorld for Perdiste_Level, bSessionEnded=true, bCleanupResources=true
[2025.07.14-01.35.30:598][232]LogSlate: InvalidateAllWidgets triggered.  All widgets were invalidated
[2025.07.14-01.35.30:607][232]LogPlayLevel: Display: Shutting down PIE online subsystems
[2025.07.14-01.35.30:613][232]LogSlate: InvalidateAllWidgets triggered.  All widgets were invalidated
[2025.07.14-01.35.30:657][232]LogSlate: Updating window title bar state: overlay mode, drag disabled, window buttons hidden, title bar hidden
[2025.07.14-01.35.30:658][232]LogAudioMixer: FMixerPlatformXAudio2::StopAudioStream() called
[2025.07.14-01.35.30:660][232]LogAudioMixer: FMixerPlatformXAudio2::StopAudioStream() called
[2025.07.14-01.35.30:671][232]LogUObjectHash: Compacting FUObjectHashTables data took   4.87ms
[2025.07.14-01.35.30:914][233]LogPlayLevel: Display: Destroying online subsystem :Context_47
[2025.07.14-01.35.32:191][274]LogSlate: Window 'Message Log' being destroyed
[2025.07.14-01.35.32:208][274]LogSlate: Window 'Message Log' being destroyed
[2025.07.14-01.35.32:849][301]LogTemp: Repeating last play command: Selected Viewport
[2025.07.14-01.35.32:888][301]LogPlayLevel: PlayLevel: No blueprints needed recompiling
[2025.07.14-01.35.32:888][301]PIE: New page: PIE session: ThirdPersonExampleMap (Jul 13, 2025, 7:35:32 PM)
[2025.07.14-01.35.32:888][301]LogPlayLevel: Creating play world package: /Game/ThirdPersonBP/Maps/UEDPIE_0_ThirdPersonExampleMap
[2025.07.14-01.35.32:919][301]LogPlayLevel: PIE: StaticDuplicateObject took: (0.030831s)
[2025.07.14-01.35.32:920][301]LogAIModule: Creating AISystem for world ThirdPersonExampleMap
[2025.07.14-01.35.32:921][301]LogPlayLevel: PIE: World Init took: (0.001722s)
[2025.07.14-01.35.32:921][301]LogPlayLevel: PIE: Created PIE world by copying editor world from /Game/ThirdPersonBP/Maps/ThirdPersonExampleMap.ThirdPersonExampleMap to /Game/ThirdPersonBP/Maps/UEDPIE_0_ThirdPersonExampleMap.ThirdPersonExampleMap (0.032893s)
[2025.07.14-01.35.32:976][301]LogUObjectHash: Compacting FUObjectHashTables data took   4.54ms
[2025.07.14-01.35.32:977][301]LogAudio: Display: Creating Audio Device:                 Id: 22, Scope: Unique, Realtime: True
[2025.07.14-01.35.32:977][301]LogAudioMixer: Display: Audio Mixer Platform Settings:
[2025.07.14-01.35.32:977][301]LogAudioMixer: Display: 	Sample Rate:						  48000
[2025.07.14-01.35.32:977][301]LogAudioMixer: Display: 	Callback Buffer Frame Size Requested: 1024
[2025.07.14-01.35.32:977][301]LogAudioMixer: Display: 	Callback Buffer Frame Size To Use:	  1024
[2025.07.14-01.35.32:977][301]LogAudioMixer: Display: 	Number of buffers to queue:			  2
[2025.07.14-01.35.32:977][301]LogAudioMixer: Display: 	Max Channels (voices):				  32
[2025.07.14-01.35.32:977][301]LogAudioMixer: Display: 	Number of Async Source Workers:		  0
[2025.07.14-01.35.32:977][301]LogAudio: Display: AudioDevice MaxSources: 32
[2025.07.14-01.35.32:978][301]LogAudio: Display: Audio Spatialization Plugin: None (built-in).
[2025.07.14-01.35.32:978][301]LogAudio: Display: Audio Reverb Plugin: None (built-in).
[2025.07.14-01.35.32:978][301]LogAudio: Display: Audio Occlusion Plugin: None (built-in).
[2025.07.14-01.35.32:978][301]LogAudioMixer: Display: Initializing audio mixer.
[2025.07.14-01.35.32:986][301]LogAudioMixer: Display: 0: FrontLeft
[2025.07.14-01.35.32:986][301]LogAudioMixer: Display: 1: FrontRight
[2025.07.14-01.35.33:010][301]LogAudioMixer: Display: Using Audio Device Headphones (SOUNDPEATS Mini HS Stereo)
[2025.07.14-01.35.33:010][301]LogAudioMixer: Display: Initializing Sound Submixes...
[2025.07.14-01.35.33:010][301]LogAudioMixer: Display: Creating Master Submix 'MasterSubmixDefault'
[2025.07.14-01.35.33:010][301]LogAudioMixer: Display: Creating Master Submix 'MasterReverbSubmixDefault'
[2025.07.14-01.35.33:011][301]LogAudioMixer: Display: Creating Master Submix 'MasterEQSubmixDefault'
[2025.07.14-01.35.33:011][301]LogAudioMixer: FMixerPlatformXAudio2::StartAudioStream() called
[2025.07.14-01.35.33:011][301]LogAudioMixer: Display: Output buffers initialized: Frames=1024, Channels=2, Samples=2048
[2025.07.14-01.35.33:012][301]LogAudioMixer: Display: Starting AudioMixerPlatformInterface::RunInternal()
[2025.07.14-01.35.33:012][301]LogAudioMixer: Display: FMixerPlatformXAudio2::SubmitBuffer() called for the first time
[2025.07.14-01.35.33:012][301]LogInit: FAudioDevice initialized.
[2025.07.14-01.35.33:013][301]LogAudio: Display: Audio Device (ID: 22) registered with world 'ThirdPersonExampleMap'.
[2025.07.14-01.35.33:022][301]LogLoad: Game class is 'ReglasJuego_C'
[2025.07.14-01.35.33:031][301]LogWorld: Bringing World /Game/ThirdPersonBP/Maps/UEDPIE_0_ThirdPersonExampleMap.ThirdPersonExampleMap up for play (max tick rate 60) at 2025.07.13-22.35.33
[2025.07.14-01.35.33:032][301]LogWorld: Bringing up level for play took: 0.008202
[2025.07.14-01.35.33:032][301]LogOnline: OSS: Creating online subsystem instance for: :Context_48
[2025.07.14-01.35.33:035][301]LogBlueprintUserMessages: [plataforma_2] Buenas buenas!
[2025.07.14-01.35.33:038][301]PIE: Server logged in
[2025.07.14-01.35.33:038][301]PIE: Play in editor total start time 0.173 seconds.
[2025.07.14-01.35.35:837][427]LogBlueprintUserMessages: [bala_C_4] Le reste 25 al bad fella
[2025.07.14-01.35.38:342][540]LogBlueprintUserMessages: [bala_C_9] Le reste 50 al bad guy
[2025.07.14-01.35.38:675][555]LogBlueprintUserMessages: [bala_C_11] El peoncito perdio 10 de vida!!!!
[2025.07.14-01.35.38:696][556]LogBlueprintUserMessages: [bala_C_11] El peoncito perdio 10 de vida!!!!
[2025.07.14-01.35.38:738][558]LogBlueprintUserMessages: [bala_C_12] Le reste 50 al bad guy
[2025.07.14-01.35.38:754][559]LogBlueprintUserMessages: [bad_guy_5] Bad guy  Destruido!
[2025.07.14-01.35.39:347][590]LogBlueprintUserMessages: [Balaza_C_0] Le reste 30 al peoncito
[2025.07.14-01.35.41:242][676]LogBlueprintUserMessages: [bala_C_15] El peoncito perdio 10 de vida!!!!
[2025.07.14-01.35.41:314][679]LogBlueprintUserMessages: [bala_C_15] El peoncito perdio 10 de vida!!!!
[2025.07.14-01.35.41:593][690]LogBlueprintUserMessages: [bala_C_18] Le reste 25 a la torreta
[2025.07.14-01.35.41:593][690]LogBlueprintUserMessages: [Torreta3_2] algo me ataveso!
[2025.07.14-01.35.41:860][702]LogBlueprintUserMessages: [bala_C_23] Le reste 25 al bad fella
[2025.07.14-01.35.42:073][712]LogBlueprintUserMessages: [bala_C_20] Le reste 25 a la torreta
[2025.07.14-01.35.42:073][712]LogBlueprintUserMessages: [Torreta3_2] algo me ataveso!
[2025.07.14-01.35.42:096][713]LogBlueprintUserMessages: [Torreta3_2] Torreta Destruida!
[2025.07.14-01.35.42:578][736]LogBlueprintUserMessages: [bala_C_17] El peoncito perdio 10 de vida!!!!
[2025.07.14-01.35.43:013][754]LogBlueprintUserMessages: [Balaza_C_4] Le reste 30 al peoncito
[2025.07.14-01.35.46:273][904]LogBlueprintUserMessages: [ReglasJuego_C_0] El puntaje subio!
[2025.07.14-01.35.46:274][904]LogBlueprintUserMessages: [ReglasJuego_C_0] 2
[2025.07.14-01.35.46:575][916]LogBlueprintUserMessages: [Curador_2] Le di vida al peoncito! ahora tiene:
[2025.07.14-01.35.46:576][916]LogBlueprintUserMessages: [Curador_2] 10.0
[2025.07.14-01.35.46:576][916]LogBlueprintUserMessages: [Curador_2] El curador ya curo las siguientes veces:
[2025.07.14-01.35.46:576][916]LogBlueprintUserMessages: [Curador_2] 1.0
[2025.07.14-01.35.48:070][987]LogBlueprintUserMessages: [Curador_2] Le di vida al peoncito! ahora tiene:
[2025.07.14-01.35.48:070][987]LogBlueprintUserMessages: [Curador_2] 30.0
[2025.07.14-01.35.48:071][987]LogBlueprintUserMessages: [Curador_2] El curador ya curo las siguientes veces:
[2025.07.14-01.35.48:071][987]LogBlueprintUserMessages: [Curador_2] 2.0
[2025.07.14-01.35.49:742][ 64]LogBlueprintUserMessages: [bala_C_31] El peoncito perdio 10 de vida!!!!
[2025.07.14-01.35.50:038][ 78]LogBlueprintUserMessages: [Curador_2] Le di vida al peoncito! ahora tiene:
[2025.07.14-01.35.50:038][ 78]LogBlueprintUserMessages: [Curador_2] 40.0
[2025.07.14-01.35.50:038][ 78]LogBlueprintUserMessages: [Curador_2] El curador ya curo las siguientes veces:
[2025.07.14-01.35.50:038][ 78]LogBlueprintUserMessages: [Curador_2] 3.0
[2025.07.14-01.35.50:939][124]LogBlueprintUserMessages: [bala_C_36] Le reste 25 al bad fella
[2025.07.14-01.35.51:252][141]LogBlueprintUserMessages: [Curador_2] Le di vida al peoncito! ahora tiene:
[2025.07.14-01.35.51:252][141]LogBlueprintUserMessages: [Curador_2] 60.0
[2025.07.14-01.35.51:252][141]LogBlueprintUserMessages: [Curador_2] El curador ya curo las siguientes veces:
[2025.07.14-01.35.51:252][141]LogBlueprintUserMessages: [Curador_2] 4.0
[2025.07.14-01.35.51:796][164]LogBlueprintUserMessages: [Curador_2] no te puedo curar porque tu vida es mayor a 80, volve cuando tengas menos!
[2025.07.14-01.35.52:669][207]LogBlueprintUserMessages: [Curador_2] no te puedo curar porque tu vida es mayor a 80, volve cuando tengas menos!
[2025.07.14-01.35.54:544][293]LogBlueprintUserMessages: [bala_C_39] El peoncito perdio 10 de vida!!!!
[2025.07.14-01.35.56:037][358]LogBlueprintUserMessages: [bala_C_41] El peoncito perdio 10 de vida!!!!
[2025.07.14-01.35.56:442][377]LogBlueprintUserMessages: [bala_C_42] Le reste 50 al bad guy
[2025.07.14-01.35.56:720][389]LogBlueprintUserMessages: [bala_C_46] El peoncito perdio 10 de vida!!!!
[2025.07.14-01.35.56:760][391]LogBlueprintUserMessages: [bala_C_44] El peoncito perdio 10 de vida!!!!
[2025.07.14-01.35.56:778][392]LogBlueprintUserMessages: [bala_C_43] Le reste 50 al bad guy
[2025.07.14-01.35.56:797][393]LogBlueprintUserMessages: [bad_guy2_2] Bad guy  Destruido!
[2025.07.14-01.35.56:984][401]LogBlueprintUserMessages: [bala_C_48] Le reste 25 al bad fella
[2025.07.14-01.35.59:036][497]LogBlueprintUserMessages: [Balaza_C_15] Le reste 30 al peoncito
[2025.07.14-01.35.59:899][535]LogBlueprintUserMessages: [bala_C_51] Le reste 25 a la torreta
[2025.07.14-01.35.59:900][535]LogBlueprintUserMessages: [Torreta_2] algo me ataveso!
[2025.07.14-01.35.59:999][539]LogBlueprintUserMessages: [bala_C_54] Le reste 25 al bad fella
[2025.07.14-01.36.00:354][554]LogBlueprintUserMessages: [bala_C_52] Le reste 25 a la torreta
[2025.07.14-01.36.00:354][554]LogBlueprintUserMessages: [Torreta_2] algo me ataveso!
[2025.07.14-01.36.00:371][555]LogBlueprintUserMessages: [Torreta_2] Torreta Destruida!
[2025.07.14-01.36.01:134][591]LogBlueprintUserMessages: [Balaza_C_16] Le reste 30 al peoncito
[2025.07.14-01.36.01:134][591]LogBlueprintUserMessages: [peoncito_2] El peoncito murio
[2025.07.14-01.36.01:135][591]LogBlueprintUserMessages: [ReglasJuego_C_0] Noo, perdiste!
[2025.07.14-01.36.01:138][591]PIE: Error: Blueprint Runtime Error: "Accessed None trying to read property K2Node_DynamicCast_AsPeoncito". Blueprint:  BarraVIda Function:  Get Text 0 Graph:  GetText_0 Node:  Return Node
[2025.07.14-01.36.01:151][592]LogNet: Browse: /Game/ThirdPersonBP/Maps/Perdiste_Level
[2025.07.14-01.36.01:151][592]LogLoad: LoadMap: /Game/ThirdPersonBP/Maps/Perdiste_Level
[2025.07.14-01.36.01:151][592]LogWorld: BeginTearingDown for /Game/ThirdPersonBP/Maps/UEDPIE_0_ThirdPersonExampleMap
[2025.07.14-01.36.01:152][592]LogWorld: UWorld::CleanupWorld for ThirdPersonExampleMap, bSessionEnded=true, bCleanupResources=true
[2025.07.14-01.36.01:154][592]LogSlate: InvalidateAllWidgets triggered.  All widgets were invalidated
[2025.07.14-01.36.01:236][592]LogAudio: Display: Audio Device unregistered from world 'None'.
[2025.07.14-01.36.01:243][592]LogUObjectHash: Compacting FUObjectHashTables data took   4.87ms
[2025.07.14-01.36.01:279][592]LogAudio: Display: Audio Device (ID: 22) registered with world 'Perdiste_Level'.
[2025.07.14-01.36.01:282][592]LogAIModule: Creating AISystem for world Perdiste_Level
[2025.07.14-01.36.01:283][592]LogLoad: Game class is 'ReglasJuego_C'
[2025.07.14-01.36.01:370][592]LogWorld: Bringing World /Game/ThirdPersonBP/Maps/UEDPIE_0_Perdiste_Level.Perdiste_Level up for play (max tick rate 60) at 2025.07.13-22.36.01
[2025.07.14-01.36.01:371][592]LogWorld: Bringing up level for play took: 0.084965
[2025.07.14-01.36.01:371][592]LogGameMode: FindPlayerStart: PATHS NOT DEFINED or NO PLAYERSTART with positive rating
[2025.07.14-01.36.01:374][592]LogBlueprintUserMessages: [plataforma_2] Buenas buenas!
[2025.07.14-01.36.01:375][592]LogLoad: Took 0.223114 seconds to LoadMap(/Game/ThirdPersonBP/Maps/Perdiste_Level)
[2025.07.14-01.36.01:418][592]PIE: Error: Blueprint Runtime Error: "Accessed None trying to read property K2Node_DynamicCast_AsPeoncito". Blueprint:  BarraVIda Function:  Get Text 0 Graph:  GetText_0 Node:  Return Node
[2025.07.14-01.36.01:445][593]PIE: Error: Blueprint Runtime Error: "Accessed None trying to read property K2Node_DynamicCast_AsPeoncito". Blueprint:  BarraVIda Function:  Get Text 0 Graph:  GetText_0 Node:  Return Node
[2025.07.14-01.36.01:462][594]PIE: Error: Blueprint Runtime Error: "Accessed None trying to read property K2Node_DynamicCast_AsPeoncito". Blueprint:  BarraVIda Function:  Get Text 0 Graph:  GetText_0 Node:  Return Node
[2025.07.14-01.36.01:479][595]PIE: Error: Blueprint Runtime Error: "Accessed None trying to read property K2Node_DynamicCast_AsPeoncito". Blueprint:  BarraVIda Function:  Get Text 0 Graph:  GetText_0 Node:  Return Node
[2025.07.14-01.36.01:497][596]PIE: Error: Blueprint Runtime Error: "Accessed None trying to read property K2Node_DynamicCast_AsPeoncito". Blueprint:  BarraVIda Function:  Get Text 0 Graph:  GetText_0 Node:  Return Node
[2025.07.14-01.36.01:516][597]PIE: Error: Blueprint Runtime Error: "Accessed None trying to read property K2Node_DynamicCast_AsPeoncito". Blueprint:  BarraVIda Function:  Get Text 0 Graph:  GetText_0 Node:  Return Node
[2025.07.14-01.36.01:534][598]PIE: Error: Blueprint Runtime Error: "Accessed None trying to read property K2Node_DynamicCast_AsPeoncito". Blueprint:  BarraVIda Function:  Get Text 0 Graph:  GetText_0 Node:  Return Node
[2025.07.14-01.36.01:554][599]PIE: Error: Blueprint Runtime Error: "Accessed None trying to read property K2Node_DynamicCast_AsPeoncito". Blueprint:  BarraVIda Function:  Get Text 0 Graph:  GetText_0 Node:  Return Node
[2025.07.14-01.36.01:573][600]PIE: Error: Blueprint Runtime Error: "Accessed None trying to read property K2Node_DynamicCast_AsPeoncito". Blueprint:  BarraVIda Function:  Get Text 0 Graph:  GetText_0 Node:  Return Node
[2025.07.14-01.36.01:595][601]PIE: Error: Blueprint Runtime Error: "Accessed None trying to read property K2Node_DynamicCast_AsPeoncito". Blueprint:  BarraVIda Function:  Get Text 0 Graph:  GetText_0 Node:  Return Node
[2025.07.14-01.36.01:615][602]PIE: Error: Blueprint Runtime Error: "Accessed None trying to read property K2Node_DynamicCast_AsPeoncito". Blueprint:  BarraVIda Function:  Get Text 0 Graph:  GetText_0 Node:  Return Node
[2025.07.14-01.36.01:637][603]PIE: Error: Blueprint Runtime Error: "Accessed None trying to read property K2Node_DynamicCast_AsPeoncito". Blueprint:  BarraVIda Function:  Get Text 0 Graph:  GetText_0 Node:  Return Node
[2025.07.14-01.36.01:663][604]PIE: Error: Blueprint Runtime Error: "Accessed None trying to read property K2Node_DynamicCast_AsPeoncito". Blueprint:  BarraVIda Function:  Get Text 0 Graph:  GetText_0 Node:  Return Node
[2025.07.14-01.36.01:689][605]PIE: Error: Blueprint Runtime Error: "Accessed None trying to read property K2Node_DynamicCast_AsPeoncito". Blueprint:  BarraVIda Function:  Get Text 0 Graph:  GetText_0 Node:  Return Node
[2025.07.14-01.36.01:715][606]PIE: Error: Blueprint Runtime Error: "Accessed None trying to read property K2Node_DynamicCast_AsPeoncito". Blueprint:  BarraVIda Function:  Get Text 0 Graph:  GetText_0 Node:  Return Node
[2025.07.14-01.36.01:740][607]PIE: Error: Blueprint Runtime Error: "Accessed None trying to read property K2Node_DynamicCast_AsPeoncito". Blueprint:  BarraVIda Function:  Get Text 0 Graph:  GetText_0 Node:  Return Node
[2025.07.14-01.36.01:762][608]PIE: Error: Blueprint Runtime Error: "Accessed None trying to read property K2Node_DynamicCast_AsPeoncito". Blueprint:  BarraVIda Function:  Get Text 0 Graph:  GetText_0 Node:  Return Node
[2025.07.14-01.36.01:782][609]PIE: Error: Blueprint Runtime Error: "Accessed None trying to read property K2Node_DynamicCast_AsPeoncito". Blueprint:  BarraVIda Function:  Get Text 0 Graph:  GetText_0 Node:  Return Node
[2025.07.14-01.36.01:804][610]PIE: Error: Blueprint Runtime Error: "Accessed None trying to read property K2Node_DynamicCast_AsPeoncito". Blueprint:  BarraVIda Function:  Get Text 0 Graph:  GetText_0 Node:  Return Node
[2025.07.14-01.36.01:821][611]PIE: Error: Blueprint Runtime Error: "Accessed None trying to read property K2Node_DynamicCast_AsPeoncito". Blueprint:  BarraVIda Function:  Get Text 0 Graph:  GetText_0 Node:  Return Node
[2025.07.14-01.36.01:847][612]PIE: Error: Blueprint Runtime Error: "Accessed None trying to read property K2Node_DynamicCast_AsPeoncito". Blueprint:  BarraVIda Function:  Get Text 0 Graph:  GetText_0 Node:  Return Node
[2025.07.14-01.36.01:885][613]PIE: Error: Blueprint Runtime Error: "Accessed None trying to read property K2Node_DynamicCast_AsPeoncito". Blueprint:  BarraVIda Function:  Get Text 0 Graph:  GetText_0 Node:  Return Node
[2025.07.14-01.36.01:918][614]PIE: Error: Blueprint Runtime Error: "Accessed None trying to read property K2Node_DynamicCast_AsPeoncito". Blueprint:  BarraVIda Function:  Get Text 0 Graph:  GetText_0 Node:  Return Node
[2025.07.14-01.36.01:948][615]PIE: Error: Blueprint Runtime Error: "Accessed None trying to read property K2Node_DynamicCast_AsPeoncito". Blueprint:  BarraVIda Function:  Get Text 0 Graph:  GetText_0 Node:  Return Node
[2025.07.14-01.36.01:973][616]PIE: Error: Blueprint Runtime Error: "Accessed None trying to read property K2Node_DynamicCast_AsPeoncito". Blueprint:  BarraVIda Function:  Get Text 0 Graph:  GetText_0 Node:  Return Node
[2025.07.14-01.36.01:992][617]PIE: Error: Blueprint Runtime Error: "Accessed None trying to read property K2Node_DynamicCast_AsPeoncito". Blueprint:  BarraVIda Function:  Get Text 0 Graph:  GetText_0 Node:  Return Node
[2025.07.14-01.36.02:010][618]PIE: Error: Blueprint Runtime Error: "Accessed None trying to read property K2Node_DynamicCast_AsPeoncito". Blueprint:  BarraVIda Function:  Get Text 0 Graph:  GetText_0 Node:  Return Node
[2025.07.14-01.36.02:027][619]PIE: Error: Blueprint Runtime Error: "Accessed None trying to read property K2Node_DynamicCast_AsPeoncito". Blueprint:  BarraVIda Function:  Get Text 0 Graph:  GetText_0 Node:  Return Node
[2025.07.14-01.36.02:042][620]PIE: Error: Blueprint Runtime Error: "Accessed None trying to read property K2Node_DynamicCast_AsPeoncito". Blueprint:  BarraVIda Function:  Get Text 0 Graph:  GetText_0 Node:  Return Node
[2025.07.14-01.36.02:060][621]PIE: Error: Blueprint Runtime Error: "Accessed None trying to read property K2Node_DynamicCast_AsPeoncito". Blueprint:  BarraVIda Function:  Get Text 0 Graph:  GetText_0 Node:  Return Node
[2025.07.14-01.36.02:079][622]PIE: Error: Blueprint Runtime Error: "Accessed None trying to read property K2Node_DynamicCast_AsPeoncito". Blueprint:  BarraVIda Function:  Get Text 0 Graph:  GetText_0 Node:  Return Node
[2025.07.14-01.36.02:097][623]PIE: Error: Blueprint Runtime Error: "Accessed None trying to read property K2Node_DynamicCast_AsPeoncito". Blueprint:  BarraVIda Function:  Get Text 0 Graph:  GetText_0 Node:  Return Node
[2025.07.14-01.36.02:115][624]PIE: Error: Blueprint Runtime Error: "Accessed None trying to read property K2Node_DynamicCast_AsPeoncito". Blueprint:  BarraVIda Function:  Get Text 0 Graph:  GetText_0 Node:  Return Node
[2025.07.14-01.36.02:133][625]PIE: Error: Blueprint Runtime Error: "Accessed None trying to read property K2Node_DynamicCast_AsPeoncito". Blueprint:  BarraVIda Function:  Get Text 0 Graph:  GetText_0 Node:  Return Node
[2025.07.14-01.36.02:151][626]PIE: Error: Blueprint Runtime Error: "Accessed None trying to read property K2Node_DynamicCast_AsPeoncito". Blueprint:  BarraVIda Function:  Get Text 0 Graph:  GetText_0 Node:  Return Node
[2025.07.14-01.36.02:172][627]PIE: Error: Blueprint Runtime Error: "Accessed None trying to read property K2Node_DynamicCast_AsPeoncito". Blueprint:  BarraVIda Function:  Get Text 0 Graph:  GetText_0 Node:  Return Node
[2025.07.14-01.36.02:191][628]PIE: Error: Blueprint Runtime Error: "Accessed None trying to read property K2Node_DynamicCast_AsPeoncito". Blueprint:  BarraVIda Function:  Get Text 0 Graph:  GetText_0 Node:  Return Node
[2025.07.14-01.36.02:210][629]PIE: Error: Blueprint Runtime Error: "Accessed None trying to read property K2Node_DynamicCast_AsPeoncito". Blueprint:  BarraVIda Function:  Get Text 0 Graph:  GetText_0 Node:  Return Node
[2025.07.14-01.36.02:229][630]PIE: Error: Blueprint Runtime Error: "Accessed None trying to read property K2Node_DynamicCast_AsPeoncito". Blueprint:  BarraVIda Function:  Get Text 0 Graph:  GetText_0 Node:  Return Node
[2025.07.14-01.36.02:251][631]PIE: Error: Blueprint Runtime Error: "Accessed None trying to read property K2Node_DynamicCast_AsPeoncito". Blueprint:  BarraVIda Function:  Get Text 0 Graph:  GetText_0 Node:  Return Node
[2025.07.14-01.36.02:276][632]PIE: Error: Blueprint Runtime Error: "Accessed None trying to read property K2Node_DynamicCast_AsPeoncito". Blueprint:  BarraVIda Function:  Get Text 0 Graph:  GetText_0 Node:  Return Node
[2025.07.14-01.36.02:302][633]PIE: Error: Blueprint Runtime Error: "Accessed None trying to read property K2Node_DynamicCast_AsPeoncito". Blueprint:  BarraVIda Function:  Get Text 0 Graph:  GetText_0 Node:  Return Node
[2025.07.14-01.36.02:328][634]PIE: Error: Blueprint Runtime Error: "Accessed None trying to read property K2Node_DynamicCast_AsPeoncito". Blueprint:  BarraVIda Function:  Get Text 0 Graph:  GetText_0 Node:  Return Node
[2025.07.14-01.36.02:352][635]PIE: Error: Blueprint Runtime Error: "Accessed None trying to read property K2Node_DynamicCast_AsPeoncito". Blueprint:  BarraVIda Function:  Get Text 0 Graph:  GetText_0 Node:  Return Node
[2025.07.14-01.36.02:373][636]PIE: Error: Blueprint Runtime Error: "Accessed None trying to read property K2Node_DynamicCast_AsPeoncito". Blueprint:  BarraVIda Function:  Get Text 0 Graph:  GetText_0 Node:  Return Node
[2025.07.14-01.36.02:392][637]PIE: Error: Blueprint Runtime Error: "Accessed None trying to read property K2Node_DynamicCast_AsPeoncito". Blueprint:  BarraVIda Function:  Get Text 0 Graph:  GetText_0 Node:  Return Node
[2025.07.14-01.36.02:409][638]PIE: Error: Blueprint Runtime Error: "Accessed None trying to read property K2Node_DynamicCast_AsPeoncito". Blueprint:  BarraVIda Function:  Get Text 0 Graph:  GetText_0 Node:  Return Node
[2025.07.14-01.36.02:426][639]PIE: Error: Blueprint Runtime Error: "Accessed None trying to read property K2Node_DynamicCast_AsPeoncito". Blueprint:  BarraVIda Function:  Get Text 0 Graph:  GetText_0 Node:  Return Node
[2025.07.14-01.36.02:442][640]PIE: Error: Blueprint Runtime Error: "Accessed None trying to read property K2Node_DynamicCast_AsPeoncito". Blueprint:  BarraVIda Function:  Get Text 0 Graph:  GetText_0 Node:  Return Node
[2025.07.14-01.36.02:459][641]PIE: Error: Blueprint Runtime Error: "Accessed None trying to read property K2Node_DynamicCast_AsPeoncito". Blueprint:  BarraVIda Function:  Get Text 0 Graph:  GetText_0 Node:  Return Node
[2025.07.14-01.36.02:476][642]PIE: Error: Blueprint Runtime Error: "Accessed None trying to read property K2Node_DynamicCast_AsPeoncito". Blueprint:  BarraVIda Function:  Get Text 0 Graph:  GetText_0 Node:  Return Node
[2025.07.14-01.36.02:493][643]PIE: Error: Blueprint Runtime Error: "Accessed None trying to read property K2Node_DynamicCast_AsPeoncito". Blueprint:  BarraVIda Function:  Get Text 0 Graph:  GetText_0 Node:  Return Node
[2025.07.14-01.36.02:510][644]PIE: Error: Blueprint Runtime Error: "Accessed None trying to read property K2Node_DynamicCast_AsPeoncito". Blueprint:  BarraVIda Function:  Get Text 0 Graph:  GetText_0 Node:  Return Node
[2025.07.14-01.36.02:526][645]PIE: Error: Blueprint Runtime Error: "Accessed None trying to read property K2Node_DynamicCast_AsPeoncito". Blueprint:  BarraVIda Function:  Get Text 0 Graph:  GetText_0 Node:  Return Node
[2025.07.14-01.36.02:544][646]PIE: Error: Blueprint Runtime Error: "Accessed None trying to read property K2Node_DynamicCast_AsPeoncito". Blueprint:  BarraVIda Function:  Get Text 0 Graph:  GetText_0 Node:  Return Node
[2025.07.14-01.36.02:562][647]PIE: Error: Blueprint Runtime Error: "Accessed None trying to read property K2Node_DynamicCast_AsPeoncito". Blueprint:  BarraVIda Function:  Get Text 0 Graph:  GetText_0 Node:  Return Node
[2025.07.14-01.36.02:580][648]PIE: Error: Blueprint Runtime Error: "Accessed None trying to read property K2Node_DynamicCast_AsPeoncito". Blueprint:  BarraVIda Function:  Get Text 0 Graph:  GetText_0 Node:  Return Node
[2025.07.14-01.36.02:603][649]PIE: Error: Blueprint Runtime Error: "Accessed None trying to read property K2Node_DynamicCast_AsPeoncito". Blueprint:  BarraVIda Function:  Get Text 0 Graph:  GetText_0 Node:  Return Node
[2025.07.14-01.36.02:629][650]PIE: Error: Blueprint Runtime Error: "Accessed None trying to read property K2Node_DynamicCast_AsPeoncito". Blueprint:  BarraVIda Function:  Get Text 0 Graph:  GetText_0 Node:  Return Node
[2025.07.14-01.36.02:655][651]PIE: Error: Blueprint Runtime Error: "Accessed None trying to read property K2Node_DynamicCast_AsPeoncito". Blueprint:  BarraVIda Function:  Get Text 0 Graph:  GetText_0 Node:  Return Node
[2025.07.14-01.36.02:680][652]PIE: Error: Blueprint Runtime Error: "Accessed None trying to read property K2Node_DynamicCast_AsPeoncito". Blueprint:  BarraVIda Function:  Get Text 0 Graph:  GetText_0 Node:  Return Node
[2025.07.14-01.36.02:699][653]PIE: Error: Blueprint Runtime Error: "Accessed None trying to read property K2Node_DynamicCast_AsPeoncito". Blueprint:  BarraVIda Function:  Get Text 0 Graph:  GetText_0 Node:  Return Node
[2025.07.14-01.36.02:718][654]PIE: Error: Blueprint Runtime Error: "Accessed None trying to read property K2Node_DynamicCast_AsPeoncito". Blueprint:  BarraVIda Function:  Get Text 0 Graph:  GetText_0 Node:  Return Node
[2025.07.14-01.36.02:734][655]PIE: Error: Blueprint Runtime Error: "Accessed None trying to read property K2Node_DynamicCast_AsPeoncito". Blueprint:  BarraVIda Function:  Get Text 0 Graph:  GetText_0 Node:  Return Node
[2025.07.14-01.36.02:752][656]PIE: Error: Blueprint Runtime Error: "Accessed None trying to read property K2Node_DynamicCast_AsPeoncito". Blueprint:  BarraVIda Function:  Get Text 0 Graph:  GetText_0 Node:  Return Node
[2025.07.14-01.36.02:769][657]PIE: Error: Blueprint Runtime Error: "Accessed None trying to read property K2Node_DynamicCast_AsPeoncito". Blueprint:  BarraVIda Function:  Get Text 0 Graph:  GetText_0 Node:  Return Node
[2025.07.14-01.36.02:788][658]PIE: Error: Blueprint Runtime Error: "Accessed None trying to read property K2Node_DynamicCast_AsPeoncito". Blueprint:  BarraVIda Function:  Get Text 0 Graph:  GetText_0 Node:  Return Node
[2025.07.14-01.36.02:851][659]LogSlate: Updating window title bar state: overlay mode, drag disabled, window buttons hidden, title bar hidden
[2025.07.14-01.36.02:851][659]LogWorld: BeginTearingDown for /Game/ThirdPersonBP/Maps/UEDPIE_0_Perdiste_Level
[2025.07.14-01.36.02:851][659]LogWorld: UWorld::CleanupWorld for Perdiste_Level, bSessionEnded=true, bCleanupResources=true
[2025.07.14-01.36.02:853][659]LogSlate: InvalidateAllWidgets triggered.  All widgets were invalidated
[2025.07.14-01.36.02:864][659]LogPlayLevel: Display: Shutting down PIE online subsystems
[2025.07.14-01.36.02:870][659]LogSlate: InvalidateAllWidgets triggered.  All widgets were invalidated
[2025.07.14-01.36.02:909][659]LogSlate: Updating window title bar state: overlay mode, drag disabled, window buttons hidden, title bar hidden
[2025.07.14-01.36.02:910][659]LogAudioMixer: FMixerPlatformXAudio2::StopAudioStream() called
[2025.07.14-01.36.02:911][659]LogAudioMixer: FMixerPlatformXAudio2::StopAudioStream() called
[2025.07.14-01.36.02:921][659]LogUObjectHash: Compacting FUObjectHashTables data took   3.97ms
[2025.07.14-01.36.03:143][660]LogPlayLevel: Display: Destroying online subsystem :Context_48
[2025.07.14-01.36.04:911][726]LogSlate: Window 'Message Log' being destroyed
[2025.07.14-01.36.04:933][726]LogSlate: Window 'Message Log' being destroyed
[2025.07.14-01.36.05:922][770]LogTemp: Repeating last play command: Selected Viewport
[2025.07.14-01.36.05:947][770]LogPlayLevel: PlayLevel: No blueprints needed recompiling
[2025.07.14-01.36.05:947][770]PIE: New page: PIE session: ThirdPersonExampleMap (Jul 13, 2025, 7:36:05 PM)
[2025.07.14-01.36.05:947][770]LogPlayLevel: Creating play world package: /Game/ThirdPersonBP/Maps/UEDPIE_0_ThirdPersonExampleMap
[2025.07.14-01.36.05:972][770]LogPlayLevel: PIE: StaticDuplicateObject took: (0.024114s)
[2025.07.14-01.36.05:973][770]LogAIModule: Creating AISystem for world ThirdPersonExampleMap
[2025.07.14-01.36.05:973][770]LogPlayLevel: PIE: World Init took: (0.001382s)
[2025.07.14-01.36.05:973][770]LogPlayLevel: PIE: Created PIE world by copying editor world from /Game/ThirdPersonBP/Maps/ThirdPersonExampleMap.ThirdPersonExampleMap to /Game/ThirdPersonBP/Maps/UEDPIE_0_ThirdPersonExampleMap.ThirdPersonExampleMap (0.025720s)
[2025.07.14-01.36.06:028][770]LogUObjectHash: Compacting FUObjectHashTables data took   5.38ms
[2025.07.14-01.36.06:029][770]LogAudio: Display: Creating Audio Device:                 Id: 23, Scope: Unique, Realtime: True
[2025.07.14-01.36.06:029][770]LogAudioMixer: Display: Audio Mixer Platform Settings:
[2025.07.14-01.36.06:029][770]LogAudioMixer: Display: 	Sample Rate:						  48000
[2025.07.14-01.36.06:029][770]LogAudioMixer: Display: 	Callback Buffer Frame Size Requested: 1024
[2025.07.14-01.36.06:029][770]LogAudioMixer: Display: 	Callback Buffer Frame Size To Use:	  1024
[2025.07.14-01.36.06:029][770]LogAudioMixer: Display: 	Number of buffers to queue:			  2
[2025.07.14-01.36.06:029][770]LogAudioMixer: Display: 	Max Channels (voices):				  32
[2025.07.14-01.36.06:029][770]LogAudioMixer: Display: 	Number of Async Source Workers:		  0
[2025.07.14-01.36.06:029][770]LogAudio: Display: AudioDevice MaxSources: 32
[2025.07.14-01.36.06:030][770]LogAudio: Display: Audio Spatialization Plugin: None (built-in).
[2025.07.14-01.36.06:030][770]LogAudio: Display: Audio Reverb Plugin: None (built-in).
[2025.07.14-01.36.06:030][770]LogAudio: Display: Audio Occlusion Plugin: None (built-in).
[2025.07.14-01.36.06:030][770]LogAudioMixer: Display: Initializing audio mixer.
[2025.07.14-01.36.06:039][770]LogAudioMixer: Display: 0: FrontLeft
[2025.07.14-01.36.06:039][770]LogAudioMixer: Display: 1: FrontRight
[2025.07.14-01.36.06:067][770]LogAudioMixer: Display: Using Audio Device Headphones (SOUNDPEATS Mini HS Stereo)
[2025.07.14-01.36.06:068][770]LogAudioMixer: Display: Initializing Sound Submixes...
[2025.07.14-01.36.06:068][770]LogAudioMixer: Display: Creating Master Submix 'MasterSubmixDefault'
[2025.07.14-01.36.06:068][770]LogAudioMixer: Display: Creating Master Submix 'MasterReverbSubmixDefault'
[2025.07.14-01.36.06:069][770]LogAudioMixer: Display: Creating Master Submix 'MasterEQSubmixDefault'
[2025.07.14-01.36.06:069][770]LogAudioMixer: FMixerPlatformXAudio2::StartAudioStream() called
[2025.07.14-01.36.06:069][770]LogAudioMixer: Display: Output buffers initialized: Frames=1024, Channels=2, Samples=2048
[2025.07.14-01.36.06:071][770]LogAudioMixer: Display: Starting AudioMixerPlatformInterface::RunInternal()
[2025.07.14-01.36.06:071][770]LogAudioMixer: Display: FMixerPlatformXAudio2::SubmitBuffer() called for the first time
[2025.07.14-01.36.06:071][770]LogInit: FAudioDevice initialized.
[2025.07.14-01.36.06:071][770]LogAudio: Display: Audio Device (ID: 23) registered with world 'ThirdPersonExampleMap'.
[2025.07.14-01.36.06:083][770]LogLoad: Game class is 'ReglasJuego_C'
[2025.07.14-01.36.06:094][770]LogWorld: Bringing World /Game/ThirdPersonBP/Maps/UEDPIE_0_ThirdPersonExampleMap.ThirdPersonExampleMap up for play (max tick rate 60) at 2025.07.13-22.36.06
[2025.07.14-01.36.06:095][770]LogWorld: Bringing up level for play took: 0.010351
[2025.07.14-01.36.06:095][770]LogOnline: OSS: Creating online subsystem instance for: :Context_49
[2025.07.14-01.36.06:098][770]LogBlueprintUserMessages: [plataforma_2] Buenas buenas!
[2025.07.14-01.36.06:102][770]PIE: Server logged in
[2025.07.14-01.36.06:103][770]PIE: Play in editor total start time 0.17 seconds.
[2025.07.14-01.36.08:913][895]LogBlueprintUserMessages: [bala_C_6] Le reste 25 al bad fella
[2025.07.14-01.36.10:384][957]LogBlueprintUserMessages: [bala_C_10] Le reste 25 a la torreta
[2025.07.14-01.36.10:384][957]LogBlueprintUserMessages: [Torreta_2] algo me ataveso!
[2025.07.14-01.36.10:735][972]LogBlueprintUserMessages: [bala_C_13] Le reste 25 a la torreta
[2025.07.14-01.36.10:735][972]LogBlueprintUserMessages: [Torreta_2] algo me ataveso!
[2025.07.14-01.36.10:760][973]LogBlueprintUserMessages: [Torreta_2] Torreta Destruida!
[2025.07.14-01.36.12:497][ 43]LogBlueprintUserMessages: [bala_C_15] Le reste 25 al bad fella
[2025.07.14-01.36.15:601][185]LogBlueprintUserMessages: [Curador_2] no te puedo curar porque tu vida es mayor a 80, volve cuando tengas menos!
[2025.07.14-01.36.15:629][186]LogBlueprintUserMessages: [Curador_2] no te puedo curar porque tu vida es mayor a 80, volve cuando tengas menos!
[2025.07.14-01.36.16:139][209]LogBlueprintUserMessages: [ReglasJuego_C_0] El puntaje subio!
[2025.07.14-01.36.16:139][209]LogBlueprintUserMessages: [ReglasJuego_C_0] 2
[2025.07.14-01.36.17:943][290]LogBlueprintUserMessages: [bala_C_29] Le reste 25 al bad fella
[2025.07.14-01.36.19:204][348]LogBlueprintUserMessages: [bala_C_32] El peoncito perdio 10 de vida!!!!
[2025.07.14-01.36.19:226][349]LogBlueprintUserMessages: [bala_C_32] El peoncito perdio 10 de vida!!!!
[2025.07.14-01.36.19:251][350]LogBlueprintUserMessages: [bala_C_32] El peoncito perdio 10 de vida!!!!
[2025.07.14-01.36.19:277][351]LogBlueprintUserMessages: [bala_C_32] El peoncito perdio 10 de vida!!!!
[2025.07.14-01.36.19:308][352]LogBlueprintUserMessages: [bala_C_32] El peoncito perdio 10 de vida!!!!
[2025.07.14-01.36.19:383][355]LogBlueprintUserMessages: [bala_C_32] El peoncito perdio 10 de vida!!!!
[2025.07.14-01.36.19:408][356]LogBlueprintUserMessages: [bala_C_32] El peoncito perdio 10 de vida!!!!
[2025.07.14-01.36.19:431][357]LogBlueprintUserMessages: [bala_C_32] El peoncito perdio 10 de vida!!!!
[2025.07.14-01.36.19:455][358]LogBlueprintUserMessages: [bala_C_32] El peoncito perdio 10 de vida!!!!
[2025.07.14-01.36.19:479][359]LogBlueprintUserMessages: [bala_C_32] El peoncito perdio 10 de vida!!!!
[2025.07.14-01.36.19:480][359]LogBlueprintUserMessages: [peoncito_2] El peoncito murio
[2025.07.14-01.36.19:480][359]LogBlueprintUserMessages: [ReglasJuego_C_0] Noo, perdiste!
[2025.07.14-01.36.19:484][359]PIE: Error: Blueprint Runtime Error: "Accessed None trying to read property K2Node_DynamicCast_AsPeoncito". Blueprint:  BarraVIda Function:  Get Text 0 Graph:  GetText_0 Node:  Return Node
[2025.07.14-01.36.19:501][360]LogNet: Browse: /Game/ThirdPersonBP/Maps/Perdiste_Level
[2025.07.14-01.36.19:502][360]LogLoad: LoadMap: /Game/ThirdPersonBP/Maps/Perdiste_Level
[2025.07.14-01.36.19:502][360]LogWorld: BeginTearingDown for /Game/ThirdPersonBP/Maps/UEDPIE_0_ThirdPersonExampleMap
[2025.07.14-01.36.19:503][360]LogWorld: UWorld::CleanupWorld for ThirdPersonExampleMap, bSessionEnded=true, bCleanupResources=true
[2025.07.14-01.36.19:504][360]LogSlate: InvalidateAllWidgets triggered.  All widgets were invalidated
[2025.07.14-01.36.19:584][360]LogAudio: Display: Audio Device unregistered from world 'None'.
[2025.07.14-01.36.19:590][360]LogUObjectHash: Compacting FUObjectHashTables data took   2.73ms
[2025.07.14-01.36.19:607][360]LogAudio: Display: Audio Device (ID: 23) registered with world 'Perdiste_Level'.
[2025.07.14-01.36.19:608][360]LogAIModule: Creating AISystem for world Perdiste_Level
[2025.07.14-01.36.19:609][360]LogLoad: Game class is 'ReglasJuego_C'
[2025.07.14-01.36.19:679][360]LogWorld: Bringing World /Game/ThirdPersonBP/Maps/UEDPIE_0_Perdiste_Level.Perdiste_Level up for play (max tick rate 60) at 2025.07.13-22.36.19
[2025.07.14-01.36.19:679][360]LogWorld: Bringing up level for play took: 0.069365
[2025.07.14-01.36.19:680][360]LogGameMode: FindPlayerStart: PATHS NOT DEFINED or NO PLAYERSTART with positive rating
[2025.07.14-01.36.19:683][360]LogBlueprintUserMessages: [plataforma_2] Buenas buenas!
[2025.07.14-01.36.19:684][360]LogLoad: Took 0.182601 seconds to LoadMap(/Game/ThirdPersonBP/Maps/Perdiste_Level)
[2025.07.14-01.36.19:759][360]PIE: Error: Blueprint Runtime Error: "Accessed None trying to read property K2Node_DynamicCast_AsPeoncito". Blueprint:  BarraVIda Function:  Get Text 0 Graph:  GetText_0 Node:  Return Node
[2025.07.14-01.36.19:789][361]PIE: Error: Blueprint Runtime Error: "Accessed None trying to read property K2Node_DynamicCast_AsPeoncito". Blueprint:  BarraVIda Function:  Get Text 0 Graph:  GetText_0 Node:  Return Node
[2025.07.14-01.36.19:812][362]PIE: Error: Blueprint Runtime Error: "Accessed None trying to read property K2Node_DynamicCast_AsPeoncito". Blueprint:  BarraVIda Function:  Get Text 0 Graph:  GetText_0 Node:  Return Node
[2025.07.14-01.36.19:832][363]PIE: Error: Blueprint Runtime Error: "Accessed None trying to read property K2Node_DynamicCast_AsPeoncito". Blueprint:  BarraVIda Function:  Get Text 0 Graph:  GetText_0 Node:  Return Node
[2025.07.14-01.36.19:853][364]PIE: Error: Blueprint Runtime Error: "Accessed None trying to read property K2Node_DynamicCast_AsPeoncito". Blueprint:  BarraVIda Function:  Get Text 0 Graph:  GetText_0 Node:  Return Node
[2025.07.14-01.36.19:876][365]PIE: Error: Blueprint Runtime Error: "Accessed None trying to read property K2Node_DynamicCast_AsPeoncito". Blueprint:  BarraVIda Function:  Get Text 0 Graph:  GetText_0 Node:  Return Node
[2025.07.14-01.36.19:896][366]PIE: Error: Blueprint Runtime Error: "Accessed None trying to read property K2Node_DynamicCast_AsPeoncito". Blueprint:  BarraVIda Function:  Get Text 0 Graph:  GetText_0 Node:  Return Node
[2025.07.14-01.36.19:917][367]PIE: Error: Blueprint Runtime Error: "Accessed None trying to read property K2Node_DynamicCast_AsPeoncito". Blueprint:  BarraVIda Function:  Get Text 0 Graph:  GetText_0 Node:  Return Node
[2025.07.14-01.36.19:940][368]PIE: Error: Blueprint Runtime Error: "Accessed None trying to read property K2Node_DynamicCast_AsPeoncito". Blueprint:  BarraVIda Function:  Get Text 0 Graph:  GetText_0 Node:  Return Node
[2025.07.14-01.36.19:963][369]PIE: Error: Blueprint Runtime Error: "Accessed None trying to read property K2Node_DynamicCast_AsPeoncito". Blueprint:  BarraVIda Function:  Get Text 0 Graph:  GetText_0 Node:  Return Node
[2025.07.14-01.36.19:984][370]PIE: Error: Blueprint Runtime Error: "Accessed None trying to read property K2Node_DynamicCast_AsPeoncito". Blueprint:  BarraVIda Function:  Get Text 0 Graph:  GetText_0 Node:  Return Node
[2025.07.14-01.36.20:005][371]PIE: Error: Blueprint Runtime Error: "Accessed None trying to read property K2Node_DynamicCast_AsPeoncito". Blueprint:  BarraVIda Function:  Get Text 0 Graph:  GetText_0 Node:  Return Node
[2025.07.14-01.36.20:028][372]PIE: Error: Blueprint Runtime Error: "Accessed None trying to read property K2Node_DynamicCast_AsPeoncito". Blueprint:  BarraVIda Function:  Get Text 0 Graph:  GetText_0 Node:  Return Node
[2025.07.14-01.36.20:052][373]PIE: Error: Blueprint Runtime Error: "Accessed None trying to read property K2Node_DynamicCast_AsPeoncito". Blueprint:  BarraVIda Function:  Get Text 0 Graph:  GetText_0 Node:  Return Node
[2025.07.14-01.36.20:072][374]PIE: Error: Blueprint Runtime Error: "Accessed None trying to read property K2Node_DynamicCast_AsPeoncito". Blueprint:  BarraVIda Function:  Get Text 0 Graph:  GetText_0 Node:  Return Node
[2025.07.14-01.36.20:092][375]PIE: Error: Blueprint Runtime Error: "Accessed None trying to read property K2Node_DynamicCast_AsPeoncito". Blueprint:  BarraVIda Function:  Get Text 0 Graph:  GetText_0 Node:  Return Node
[2025.07.14-01.36.20:112][376]PIE: Error: Blueprint Runtime Error: "Accessed None trying to read property K2Node_DynamicCast_AsPeoncito". Blueprint:  BarraVIda Function:  Get Text 0 Graph:  GetText_0 Node:  Return Node
[2025.07.14-01.36.20:132][377]PIE: Error: Blueprint Runtime Error: "Accessed None trying to read property K2Node_DynamicCast_AsPeoncito". Blueprint:  BarraVIda Function:  Get Text 0 Graph:  GetText_0 Node:  Return Node
[2025.07.14-01.36.20:154][378]PIE: Error: Blueprint Runtime Error: "Accessed None trying to read property K2Node_DynamicCast_AsPeoncito". Blueprint:  BarraVIda Function:  Get Text 0 Graph:  GetText_0 Node:  Return Node
[2025.07.14-01.36.20:174][379]PIE: Error: Blueprint Runtime Error: "Accessed None trying to read property K2Node_DynamicCast_AsPeoncito". Blueprint:  BarraVIda Function:  Get Text 0 Graph:  GetText_0 Node:  Return Node
[2025.07.14-01.36.20:195][380]PIE: Error: Blueprint Runtime Error: "Accessed None trying to read property K2Node_DynamicCast_AsPeoncito". Blueprint:  BarraVIda Function:  Get Text 0 Graph:  GetText_0 Node:  Return Node
[2025.07.14-01.36.20:216][381]PIE: Error: Blueprint Runtime Error: "Accessed None trying to read property K2Node_DynamicCast_AsPeoncito". Blueprint:  BarraVIda Function:  Get Text 0 Graph:  GetText_0 Node:  Return Node
[2025.07.14-01.36.20:238][382]PIE: Error: Blueprint Runtime Error: "Accessed None trying to read property K2Node_DynamicCast_AsPeoncito". Blueprint:  BarraVIda Function:  Get Text 0 Graph:  GetText_0 Node:  Return Node
[2025.07.14-01.36.20:260][383]PIE: Error: Blueprint Runtime Error: "Accessed None trying to read property K2Node_DynamicCast_AsPeoncito". Blueprint:  BarraVIda Function:  Get Text 0 Graph:  GetText_0 Node:  Return Node
[2025.07.14-01.36.20:281][384]PIE: Error: Blueprint Runtime Error: "Accessed None trying to read property K2Node_DynamicCast_AsPeoncito". Blueprint:  BarraVIda Function:  Get Text 0 Graph:  GetText_0 Node:  Return Node
[2025.07.14-01.36.20:303][385]PIE: Error: Blueprint Runtime Error: "Accessed None trying to read property K2Node_DynamicCast_AsPeoncito". Blueprint:  BarraVIda Function:  Get Text 0 Graph:  GetText_0 Node:  Return Node
[2025.07.14-01.36.20:327][386]PIE: Error: Blueprint Runtime Error: "Accessed None trying to read property K2Node_DynamicCast_AsPeoncito". Blueprint:  BarraVIda Function:  Get Text 0 Graph:  GetText_0 Node:  Return Node
[2025.07.14-01.36.20:348][387]PIE: Error: Blueprint Runtime Error: "Accessed None trying to read property K2Node_DynamicCast_AsPeoncito". Blueprint:  BarraVIda Function:  Get Text 0 Graph:  GetText_0 Node:  Return Node
[2025.07.14-01.36.20:368][388]PIE: Error: Blueprint Runtime Error: "Accessed None trying to read property K2Node_DynamicCast_AsPeoncito". Blueprint:  BarraVIda Function:  Get Text 0 Graph:  GetText_0 Node:  Return Node
[2025.07.14-01.36.20:388][389]PIE: Error: Blueprint Runtime Error: "Accessed None trying to read property K2Node_DynamicCast_AsPeoncito". Blueprint:  BarraVIda Function:  Get Text 0 Graph:  GetText_0 Node:  Return Node
[2025.07.14-01.36.20:408][390]PIE: Error: Blueprint Runtime Error: "Accessed None trying to read property K2Node_DynamicCast_AsPeoncito". Blueprint:  BarraVIda Function:  Get Text 0 Graph:  GetText_0 Node:  Return Node
[2025.07.14-01.36.20:427][391]PIE: Error: Blueprint Runtime Error: "Accessed None trying to read property K2Node_DynamicCast_AsPeoncito". Blueprint:  BarraVIda Function:  Get Text 0 Graph:  GetText_0 Node:  Return Node
[2025.07.14-01.36.20:446][392]PIE: Error: Blueprint Runtime Error: "Accessed None trying to read property K2Node_DynamicCast_AsPeoncito". Blueprint:  BarraVIda Function:  Get Text 0 Graph:  GetText_0 Node:  Return Node
[2025.07.14-01.36.20:467][393]PIE: Error: Blueprint Runtime Error: "Accessed None trying to read property K2Node_DynamicCast_AsPeoncito". Blueprint:  BarraVIda Function:  Get Text 0 Graph:  GetText_0 Node:  Return Node
[2025.07.14-01.36.20:488][394]PIE: Error: Blueprint Runtime Error: "Accessed None trying to read property K2Node_DynamicCast_AsPeoncito". Blueprint:  BarraVIda Function:  Get Text 0 Graph:  GetText_0 Node:  Return Node
[2025.07.14-01.36.20:508][395]PIE: Error: Blueprint Runtime Error: "Accessed None trying to read property K2Node_DynamicCast_AsPeoncito". Blueprint:  BarraVIda Function:  Get Text 0 Graph:  GetText_0 Node:  Return Node
[2025.07.14-01.36.20:527][396]PIE: Error: Blueprint Runtime Error: "Accessed None trying to read property K2Node_DynamicCast_AsPeoncito". Blueprint:  BarraVIda Function:  Get Text 0 Graph:  GetText_0 Node:  Return Node
[2025.07.14-01.36.20:545][397]PIE: Error: Blueprint Runtime Error: "Accessed None trying to read property K2Node_DynamicCast_AsPeoncito". Blueprint:  BarraVIda Function:  Get Text 0 Graph:  GetText_0 Node:  Return Node
[2025.07.14-01.36.20:565][398]PIE: Error: Blueprint Runtime Error: "Accessed None trying to read property K2Node_DynamicCast_AsPeoncito". Blueprint:  BarraVIda Function:  Get Text 0 Graph:  GetText_0 Node:  Return Node
[2025.07.14-01.36.20:589][399]PIE: Error: Blueprint Runtime Error: "Accessed None trying to read property K2Node_DynamicCast_AsPeoncito". Blueprint:  BarraVIda Function:  Get Text 0 Graph:  GetText_0 Node:  Return Node
[2025.07.14-01.36.20:614][400]PIE: Error: Blueprint Runtime Error: "Accessed None trying to read property K2Node_DynamicCast_AsPeoncito". Blueprint:  BarraVIda Function:  Get Text 0 Graph:  GetText_0 Node:  Return Node
[2025.07.14-01.36.20:638][401]PIE: Error: Blueprint Runtime Error: "Accessed None trying to read property K2Node_DynamicCast_AsPeoncito". Blueprint:  BarraVIda Function:  Get Text 0 Graph:  GetText_0 Node:  Return Node
[2025.07.14-01.36.20:663][402]PIE: Error: Blueprint Runtime Error: "Accessed None trying to read property K2Node_DynamicCast_AsPeoncito". Blueprint:  BarraVIda Function:  Get Text 0 Graph:  GetText_0 Node:  Return Node
[2025.07.14-01.36.20:686][403]PIE: Error: Blueprint Runtime Error: "Accessed None trying to read property K2Node_DynamicCast_AsPeoncito". Blueprint:  BarraVIda Function:  Get Text 0 Graph:  GetText_0 Node:  Return Node
[2025.07.14-01.36.20:707][404]PIE: Error: Blueprint Runtime Error: "Accessed None trying to read property K2Node_DynamicCast_AsPeoncito". Blueprint:  BarraVIda Function:  Get Text 0 Graph:  GetText_0 Node:  Return Node
[2025.07.14-01.36.20:729][405]PIE: Error: Blueprint Runtime Error: "Accessed None trying to read property K2Node_DynamicCast_AsPeoncito". Blueprint:  BarraVIda Function:  Get Text 0 Graph:  GetText_0 Node:  Return Node
[2025.07.14-01.36.20:750][406]PIE: Error: Blueprint Runtime Error: "Accessed None trying to read property K2Node_DynamicCast_AsPeoncito". Blueprint:  BarraVIda Function:  Get Text 0 Graph:  GetText_0 Node:  Return Node
[2025.07.14-01.36.20:769][407]PIE: Error: Blueprint Runtime Error: "Accessed None trying to read property K2Node_DynamicCast_AsPeoncito". Blueprint:  BarraVIda Function:  Get Text 0 Graph:  GetText_0 Node:  Return Node
[2025.07.14-01.36.20:789][408]PIE: Error: Blueprint Runtime Error: "Accessed None trying to read property K2Node_DynamicCast_AsPeoncito". Blueprint:  BarraVIda Function:  Get Text 0 Graph:  GetText_0 Node:  Return Node
[2025.07.14-01.36.20:807][409]PIE: Error: Blueprint Runtime Error: "Accessed None trying to read property K2Node_DynamicCast_AsPeoncito". Blueprint:  BarraVIda Function:  Get Text 0 Graph:  GetText_0 Node:  Return Node
[2025.07.14-01.36.20:823][410]PIE: Error: Blueprint Runtime Error: "Accessed None trying to read property K2Node_DynamicCast_AsPeoncito". Blueprint:  BarraVIda Function:  Get Text 0 Graph:  GetText_0 Node:  Return Node
[2025.07.14-01.36.20:840][411]PIE: Error: Blueprint Runtime Error: "Accessed None trying to read property K2Node_DynamicCast_AsPeoncito". Blueprint:  BarraVIda Function:  Get Text 0 Graph:  GetText_0 Node:  Return Node
[2025.07.14-01.36.20:858][412]PIE: Error: Blueprint Runtime Error: "Accessed None trying to read property K2Node_DynamicCast_AsPeoncito". Blueprint:  BarraVIda Function:  Get Text 0 Graph:  GetText_0 Node:  Return Node
[2025.07.14-01.36.20:878][413]PIE: Error: Blueprint Runtime Error: "Accessed None trying to read property K2Node_DynamicCast_AsPeoncito". Blueprint:  BarraVIda Function:  Get Text 0 Graph:  GetText_0 Node:  Return Node
[2025.07.14-01.36.20:900][414]PIE: Error: Blueprint Runtime Error: "Accessed None trying to read property K2Node_DynamicCast_AsPeoncito". Blueprint:  BarraVIda Function:  Get Text 0 Graph:  GetText_0 Node:  Return Node
[2025.07.14-01.36.20:920][415]PIE: Error: Blueprint Runtime Error: "Accessed None trying to read property K2Node_DynamicCast_AsPeoncito". Blueprint:  BarraVIda Function:  Get Text 0 Graph:  GetText_0 Node:  Return Node
[2025.07.14-01.36.20:942][416]PIE: Error: Blueprint Runtime Error: "Accessed None trying to read property K2Node_DynamicCast_AsPeoncito". Blueprint:  BarraVIda Function:  Get Text 0 Graph:  GetText_0 Node:  Return Node
[2025.07.14-01.36.20:959][417]PIE: Error: Blueprint Runtime Error: "Accessed None trying to read property K2Node_DynamicCast_AsPeoncito". Blueprint:  BarraVIda Function:  Get Text 0 Graph:  GetText_0 Node:  Return Node
[2025.07.14-01.36.20:978][418]PIE: Error: Blueprint Runtime Error: "Accessed None trying to read property K2Node_DynamicCast_AsPeoncito". Blueprint:  BarraVIda Function:  Get Text 0 Graph:  GetText_0 Node:  Return Node
[2025.07.14-01.36.20:998][419]PIE: Error: Blueprint Runtime Error: "Accessed None trying to read property K2Node_DynamicCast_AsPeoncito". Blueprint:  BarraVIda Function:  Get Text 0 Graph:  GetText_0 Node:  Return Node
[2025.07.14-01.36.21:017][420]PIE: Error: Blueprint Runtime Error: "Accessed None trying to read property K2Node_DynamicCast_AsPeoncito". Blueprint:  BarraVIda Function:  Get Text 0 Graph:  GetText_0 Node:  Return Node
[2025.07.14-01.36.21:036][421]PIE: Error: Blueprint Runtime Error: "Accessed None trying to read property K2Node_DynamicCast_AsPeoncito". Blueprint:  BarraVIda Function:  Get Text 0 Graph:  GetText_0 Node:  Return Node
[2025.07.14-01.36.21:057][422]PIE: Error: Blueprint Runtime Error: "Accessed None trying to read property K2Node_DynamicCast_AsPeoncito". Blueprint:  BarraVIda Function:  Get Text 0 Graph:  GetText_0 Node:  Return Node
[2025.07.14-01.36.21:076][423]PIE: Error: Blueprint Runtime Error: "Accessed None trying to read property K2Node_DynamicCast_AsPeoncito". Blueprint:  BarraVIda Function:  Get Text 0 Graph:  GetText_0 Node:  Return Node
[2025.07.14-01.36.21:092][424]PIE: Error: Blueprint Runtime Error: "Accessed None trying to read property K2Node_DynamicCast_AsPeoncito". Blueprint:  BarraVIda Function:  Get Text 0 Graph:  GetText_0 Node:  Return Node
[2025.07.14-01.36.21:109][425]PIE: Error: Blueprint Runtime Error: "Accessed None trying to read property K2Node_DynamicCast_AsPeoncito". Blueprint:  BarraVIda Function:  Get Text 0 Graph:  GetText_0 Node:  Return Node
[2025.07.14-01.36.21:127][426]PIE: Error: Blueprint Runtime Error: "Accessed None trying to read property K2Node_DynamicCast_AsPeoncito". Blueprint:  BarraVIda Function:  Get Text 0 Graph:  GetText_0 Node:  Return Node
[2025.07.14-01.36.21:143][427]PIE: Error: Blueprint Runtime Error: "Accessed None trying to read property K2Node_DynamicCast_AsPeoncito". Blueprint:  BarraVIda Function:  Get Text 0 Graph:  GetText_0 Node:  Return Node
[2025.07.14-01.36.21:163][428]PIE: Error: Blueprint Runtime Error: "Accessed None trying to read property K2Node_DynamicCast_AsPeoncito". Blueprint:  BarraVIda Function:  Get Text 0 Graph:  GetText_0 Node:  Return Node
[2025.07.14-01.36.21:186][429]PIE: Error: Blueprint Runtime Error: "Accessed None trying to read property K2Node_DynamicCast_AsPeoncito". Blueprint:  BarraVIda Function:  Get Text 0 Graph:  GetText_0 Node:  Return Node
[2025.07.14-01.36.21:209][430]PIE: Error: Blueprint Runtime Error: "Accessed None trying to read property K2Node_DynamicCast_AsPeoncito". Blueprint:  BarraVIda Function:  Get Text 0 Graph:  GetText_0 Node:  Return Node
[2025.07.14-01.36.21:233][431]PIE: Error: Blueprint Runtime Error: "Accessed None trying to read property K2Node_DynamicCast_AsPeoncito". Blueprint:  BarraVIda Function:  Get Text 0 Graph:  GetText_0 Node:  Return Node
[2025.07.14-01.36.21:256][432]PIE: Error: Blueprint Runtime Error: "Accessed None trying to read property K2Node_DynamicCast_AsPeoncito". Blueprint:  BarraVIda Function:  Get Text 0 Graph:  GetText_0 Node:  Return Node
[2025.07.14-01.36.21:276][433]PIE: Error: Blueprint Runtime Error: "Accessed None trying to read property K2Node_DynamicCast_AsPeoncito". Blueprint:  BarraVIda Function:  Get Text 0 Graph:  GetText_0 Node:  Return Node
[2025.07.14-01.36.21:299][434]PIE: Error: Blueprint Runtime Error: "Accessed None trying to read property K2Node_DynamicCast_AsPeoncito". Blueprint:  BarraVIda Function:  Get Text 0 Graph:  GetText_0 Node:  Return Node
[2025.07.14-01.36.21:323][435]PIE: Error: Blueprint Runtime Error: "Accessed None trying to read property K2Node_DynamicCast_AsPeoncito". Blueprint:  BarraVIda Function:  Get Text 0 Graph:  GetText_0 Node:  Return Node
[2025.07.14-01.36.21:347][436]PIE: Error: Blueprint Runtime Error: "Accessed None trying to read property K2Node_DynamicCast_AsPeoncito". Blueprint:  BarraVIda Function:  Get Text 0 Graph:  GetText_0 Node:  Return Node
[2025.07.14-01.36.21:370][437]PIE: Error: Blueprint Runtime Error: "Accessed None trying to read property K2Node_DynamicCast_AsPeoncito". Blueprint:  BarraVIda Function:  Get Text 0 Graph:  GetText_0 Node:  Return Node
[2025.07.14-01.36.21:394][438]PIE: Error: Blueprint Runtime Error: "Accessed None trying to read property K2Node_DynamicCast_AsPeoncito". Blueprint:  BarraVIda Function:  Get Text 0 Graph:  GetText_0 Node:  Return Node
[2025.07.14-01.36.21:419][439]PIE: Error: Blueprint Runtime Error: "Accessed None trying to read property K2Node_DynamicCast_AsPeoncito". Blueprint:  BarraVIda Function:  Get Text 0 Graph:  GetText_0 Node:  Return Node
[2025.07.14-01.36.21:457][440]PIE: Error: Blueprint Runtime Error: "Accessed None trying to read property K2Node_DynamicCast_AsPeoncito". Blueprint:  BarraVIda Function:  Get Text 0 Graph:  GetText_0 Node:  Return Node
[2025.07.14-01.36.21:485][441]PIE: Error: Blueprint Runtime Error: "Accessed None trying to read property K2Node_DynamicCast_AsPeoncito". Blueprint:  BarraVIda Function:  Get Text 0 Graph:  GetText_0 Node:  Return Node
[2025.07.14-01.36.21:513][442]PIE: Error: Blueprint Runtime Error: "Accessed None trying to read property K2Node_DynamicCast_AsPeoncito". Blueprint:  BarraVIda Function:  Get Text 0 Graph:  GetText_0 Node:  Return Node
[2025.07.14-01.36.21:539][443]PIE: Error: Blueprint Runtime Error: "Accessed None trying to read property K2Node_DynamicCast_AsPeoncito". Blueprint:  BarraVIda Function:  Get Text 0 Graph:  GetText_0 Node:  Return Node
[2025.07.14-01.36.21:565][444]PIE: Error: Blueprint Runtime Error: "Accessed None trying to read property K2Node_DynamicCast_AsPeoncito". Blueprint:  BarraVIda Function:  Get Text 0 Graph:  GetText_0 Node:  Return Node
[2025.07.14-01.36.21:589][445]PIE: Error: Blueprint Runtime Error: "Accessed None trying to read property K2Node_DynamicCast_AsPeoncito". Blueprint:  BarraVIda Function:  Get Text 0 Graph:  GetText_0 Node:  Return Node
[2025.07.14-01.36.21:611][446]PIE: Error: Blueprint Runtime Error: "Accessed None trying to read property K2Node_DynamicCast_AsPeoncito". Blueprint:  BarraVIda Function:  Get Text 0 Graph:  GetText_0 Node:  Return Node
[2025.07.14-01.36.21:633][447]PIE: Error: Blueprint Runtime Error: "Accessed None trying to read property K2Node_DynamicCast_AsPeoncito". Blueprint:  BarraVIda Function:  Get Text 0 Graph:  GetText_0 Node:  Return Node
[2025.07.14-01.36.21:656][448]PIE: Error: Blueprint Runtime Error: "Accessed None trying to read property K2Node_DynamicCast_AsPeoncito". Blueprint:  BarraVIda Function:  Get Text 0 Graph:  GetText_0 Node:  Return Node
[2025.07.14-01.36.21:679][449]PIE: Error: Blueprint Runtime Error: "Accessed None trying to read property K2Node_DynamicCast_AsPeoncito". Blueprint:  BarraVIda Function:  Get Text 0 Graph:  GetText_0 Node:  Return Node
[2025.07.14-01.36.21:702][450]PIE: Error: Blueprint Runtime Error: "Accessed None trying to read property K2Node_DynamicCast_AsPeoncito". Blueprint:  BarraVIda Function:  Get Text 0 Graph:  GetText_0 Node:  Return Node
[2025.07.14-01.36.21:723][451]PIE: Error: Blueprint Runtime Error: "Accessed None trying to read property K2Node_DynamicCast_AsPeoncito". Blueprint:  BarraVIda Function:  Get Text 0 Graph:  GetText_0 Node:  Return Node
[2025.07.14-01.36.21:744][452]PIE: Error: Blueprint Runtime Error: "Accessed None trying to read property K2Node_DynamicCast_AsPeoncito". Blueprint:  BarraVIda Function:  Get Text 0 Graph:  GetText_0 Node:  Return Node
[2025.07.14-01.36.21:765][453]PIE: Error: Blueprint Runtime Error: "Accessed None trying to read property K2Node_DynamicCast_AsPeoncito". Blueprint:  BarraVIda Function:  Get Text 0 Graph:  GetText_0 Node:  Return Node
[2025.07.14-01.36.21:785][454]PIE: Error: Blueprint Runtime Error: "Accessed None trying to read property K2Node_DynamicCast_AsPeoncito". Blueprint:  BarraVIda Function:  Get Text 0 Graph:  GetText_0 Node:  Return Node
[2025.07.14-01.36.21:806][455]PIE: Error: Blueprint Runtime Error: "Accessed None trying to read property K2Node_DynamicCast_AsPeoncito". Blueprint:  BarraVIda Function:  Get Text 0 Graph:  GetText_0 Node:  Return Node
[2025.07.14-01.36.21:824][456]PIE: Error: Blueprint Runtime Error: "Accessed None trying to read property K2Node_DynamicCast_AsPeoncito". Blueprint:  BarraVIda Function:  Get Text 0 Graph:  GetText_0 Node:  Return Node
[2025.07.14-01.36.21:841][457]PIE: Error: Blueprint Runtime Error: "Accessed None trying to read property K2Node_DynamicCast_AsPeoncito". Blueprint:  BarraVIda Function:  Get Text 0 Graph:  GetText_0 Node:  Return Node
[2025.07.14-01.36.21:857][458]PIE: Error: Blueprint Runtime Error: "Accessed None trying to read property K2Node_DynamicCast_AsPeoncito". Blueprint:  BarraVIda Function:  Get Text 0 Graph:  GetText_0 Node:  Return Node
[2025.07.14-01.36.21:874][459]PIE: Error: Blueprint Runtime Error: "Accessed None trying to read property K2Node_DynamicCast_AsPeoncito". Blueprint:  BarraVIda Function:  Get Text 0 Graph:  GetText_0 Node:  Return Node
[2025.07.14-01.36.21:891][460]PIE: Error: Blueprint Runtime Error: "Accessed None trying to read property K2Node_DynamicCast_AsPeoncito". Blueprint:  BarraVIda Function:  Get Text 0 Graph:  GetText_0 Node:  Return Node
[2025.07.14-01.36.21:909][461]PIE: Error: Blueprint Runtime Error: "Accessed None trying to read property K2Node_DynamicCast_AsPeoncito". Blueprint:  BarraVIda Function:  Get Text 0 Graph:  GetText_0 Node:  Return Node
[2025.07.14-01.36.21:928][462]PIE: Error: Blueprint Runtime Error: "Accessed None trying to read property K2Node_DynamicCast_AsPeoncito". Blueprint:  BarraVIda Function:  Get Text 0 Graph:  GetText_0 Node:  Return Node
[2025.07.14-01.36.21:948][463]PIE: Error: Blueprint Runtime Error: "Accessed None trying to read property K2Node_DynamicCast_AsPeoncito". Blueprint:  BarraVIda Function:  Get Text 0 Graph:  GetText_0 Node:  Return Node
[2025.07.14-01.36.21:973][464]PIE: Error: Blueprint Runtime Error: "Accessed None trying to read property K2Node_DynamicCast_AsPeoncito". Blueprint:  BarraVIda Function:  Get Text 0 Graph:  GetText_0 Node:  Return Node
[2025.07.14-01.36.21:997][465]PIE: Error: Blueprint Runtime Error: "Accessed None trying to read property K2Node_DynamicCast_AsPeoncito". Blueprint:  BarraVIda Function:  Get Text 0 Graph:  GetText_0 Node:  Return Node
[2025.07.14-01.36.22:018][466]PIE: Error: Blueprint Runtime Error: "Accessed None trying to read property K2Node_DynamicCast_AsPeoncito". Blueprint:  BarraVIda Function:  Get Text 0 Graph:  GetText_0 Node:  Return Node
[2025.07.14-01.36.22:042][467]PIE: Error: Blueprint Runtime Error: "Accessed None trying to read property K2Node_DynamicCast_AsPeoncito". Blueprint:  BarraVIda Function:  Get Text 0 Graph:  GetText_0 Node:  Return Node
[2025.07.14-01.36.22:064][468]PIE: Error: Blueprint Runtime Error: "Accessed None trying to read property K2Node_DynamicCast_AsPeoncito". Blueprint:  BarraVIda Function:  Get Text 0 Graph:  GetText_0 Node:  Return Node
[2025.07.14-01.36.22:086][469]PIE: Error: Blueprint Runtime Error: "Accessed None trying to read property K2Node_DynamicCast_AsPeoncito". Blueprint:  BarraVIda Function:  Get Text 0 Graph:  GetText_0 Node:  Return Node
[2025.07.14-01.36.22:106][470]PIE: Error: Blueprint Runtime Error: "Accessed None trying to read property K2Node_DynamicCast_AsPeoncito". Blueprint:  BarraVIda Function:  Get Text 0 Graph:  GetText_0 Node:  Return Node
[2025.07.14-01.36.22:126][471]PIE: Error: Blueprint Runtime Error: "Accessed None trying to read property K2Node_DynamicCast_AsPeoncito". Blueprint:  BarraVIda Function:  Get Text 0 Graph:  GetText_0 Node:  Return Node
[2025.07.14-01.36.22:146][472]PIE: Error: Blueprint Runtime Error: "Accessed None trying to read property K2Node_DynamicCast_AsPeoncito". Blueprint:  BarraVIda Function:  Get Text 0 Graph:  GetText_0 Node:  Return Node
[2025.07.14-01.36.22:167][473]PIE: Error: Blueprint Runtime Error: "Accessed None trying to read property K2Node_DynamicCast_AsPeoncito". Blueprint:  BarraVIda Function:  Get Text 0 Graph:  GetText_0 Node:  Return Node
[2025.07.14-01.36.22:187][474]PIE: Error: Blueprint Runtime Error: "Accessed None trying to read property K2Node_DynamicCast_AsPeoncito". Blueprint:  BarraVIda Function:  Get Text 0 Graph:  GetText_0 Node:  Return Node
[2025.07.14-01.36.22:206][475]PIE: Error: Blueprint Runtime Error: "Accessed None trying to read property K2Node_DynamicCast_AsPeoncito". Blueprint:  BarraVIda Function:  Get Text 0 Graph:  GetText_0 Node:  Return Node
[2025.07.14-01.36.22:225][476]PIE: Error: Blueprint Runtime Error: "Accessed None trying to read property K2Node_DynamicCast_AsPeoncito". Blueprint:  BarraVIda Function:  Get Text 0 Graph:  GetText_0 Node:  Return Node
[2025.07.14-01.36.22:244][477]PIE: Error: Blueprint Runtime Error: "Accessed None trying to read property K2Node_DynamicCast_AsPeoncito". Blueprint:  BarraVIda Function:  Get Text 0 Graph:  GetText_0 Node:  Return Node
[2025.07.14-01.36.22:264][478]PIE: Error: Blueprint Runtime Error: "Accessed None trying to read property K2Node_DynamicCast_AsPeoncito". Blueprint:  BarraVIda Function:  Get Text 0 Graph:  GetText_0 Node:  Return Node
[2025.07.14-01.36.22:284][479]PIE: Error: Blueprint Runtime Error: "Accessed None trying to read property K2Node_DynamicCast_AsPeoncito". Blueprint:  BarraVIda Function:  Get Text 0 Graph:  GetText_0 Node:  Return Node
[2025.07.14-01.36.22:304][480]PIE: Error: Blueprint Runtime Error: "Accessed None trying to read property K2Node_DynamicCast_AsPeoncito". Blueprint:  BarraVIda Function:  Get Text 0 Graph:  GetText_0 Node:  Return Node
[2025.07.14-01.36.22:325][481]PIE: Error: Blueprint Runtime Error: "Accessed None trying to read property K2Node_DynamicCast_AsPeoncito". Blueprint:  BarraVIda Function:  Get Text 0 Graph:  GetText_0 Node:  Return Node
[2025.07.14-01.36.22:344][482]PIE: Error: Blueprint Runtime Error: "Accessed None trying to read property K2Node_DynamicCast_AsPeoncito". Blueprint:  BarraVIda Function:  Get Text 0 Graph:  GetText_0 Node:  Return Node
[2025.07.14-01.36.22:364][483]PIE: Error: Blueprint Runtime Error: "Accessed None trying to read property K2Node_DynamicCast_AsPeoncito". Blueprint:  BarraVIda Function:  Get Text 0 Graph:  GetText_0 Node:  Return Node
[2025.07.14-01.36.22:385][484]PIE: Error: Blueprint Runtime Error: "Accessed None trying to read property K2Node_DynamicCast_AsPeoncito". Blueprint:  BarraVIda Function:  Get Text 0 Graph:  GetText_0 Node:  Return Node
[2025.07.14-01.36.22:407][485]PIE: Error: Blueprint Runtime Error: "Accessed None trying to read property K2Node_DynamicCast_AsPeoncito". Blueprint:  BarraVIda Function:  Get Text 0 Graph:  GetText_0 Node:  Return Node
[2025.07.14-01.36.22:432][486]PIE: Error: Blueprint Runtime Error: "Accessed None trying to read property K2Node_DynamicCast_AsPeoncito". Blueprint:  BarraVIda Function:  Get Text 0 Graph:  GetText_0 Node:  Return Node
[2025.07.14-01.36.22:460][487]PIE: Error: Blueprint Runtime Error: "Accessed None trying to read property K2Node_DynamicCast_AsPeoncito". Blueprint:  BarraVIda Function:  Get Text 0 Graph:  GetText_0 Node:  Return Node
[2025.07.14-01.36.22:485][488]PIE: Error: Blueprint Runtime Error: "Accessed None trying to read property K2Node_DynamicCast_AsPeoncito". Blueprint:  BarraVIda Function:  Get Text 0 Graph:  GetText_0 Node:  Return Node
[2025.07.14-01.36.22:512][489]PIE: Error: Blueprint Runtime Error: "Accessed None trying to read property K2Node_DynamicCast_AsPeoncito". Blueprint:  BarraVIda Function:  Get Text 0 Graph:  GetText_0 Node:  Return Node
[2025.07.14-01.36.22:537][490]PIE: Error: Blueprint Runtime Error: "Accessed None trying to read property K2Node_DynamicCast_AsPeoncito". Blueprint:  BarraVIda Function:  Get Text 0 Graph:  GetText_0 Node:  Return Node
[2025.07.14-01.36.22:564][491]PIE: Error: Blueprint Runtime Error: "Accessed None trying to read property K2Node_DynamicCast_AsPeoncito". Blueprint:  BarraVIda Function:  Get Text 0 Graph:  GetText_0 Node:  Return Node
[2025.07.14-01.36.22:591][492]PIE: Error: Blueprint Runtime Error: "Accessed None trying to read property K2Node_DynamicCast_AsPeoncito". Blueprint:  BarraVIda Function:  Get Text 0 Graph:  GetText_0 Node:  Return Node
[2025.07.14-01.36.22:615][493]PIE: Error: Blueprint Runtime Error: "Accessed None trying to read property K2Node_DynamicCast_AsPeoncito". Blueprint:  BarraVIda Function:  Get Text 0 Graph:  GetText_0 Node:  Return Node
[2025.07.14-01.36.22:638][494]PIE: Error: Blueprint Runtime Error: "Accessed None trying to read property K2Node_DynamicCast_AsPeoncito". Blueprint:  BarraVIda Function:  Get Text 0 Graph:  GetText_0 Node:  Return Node
[2025.07.14-01.36.22:665][495]PIE: Error: Blueprint Runtime Error: "Accessed None trying to read property K2Node_DynamicCast_AsPeoncito". Blueprint:  BarraVIda Function:  Get Text 0 Graph:  GetText_0 Node:  Return Node
[2025.07.14-01.36.22:688][496]PIE: Error: Blueprint Runtime Error: "Accessed None trying to read property K2Node_DynamicCast_AsPeoncito". Blueprint:  BarraVIda Function:  Get Text 0 Graph:  GetText_0 Node:  Return Node
[2025.07.14-01.36.22:708][497]PIE: Error: Blueprint Runtime Error: "Accessed None trying to read property K2Node_DynamicCast_AsPeoncito". Blueprint:  BarraVIda Function:  Get Text 0 Graph:  GetText_0 Node:  Return Node
[2025.07.14-01.36.22:726][498]PIE: Error: Blueprint Runtime Error: "Accessed None trying to read property K2Node_DynamicCast_AsPeoncito". Blueprint:  BarraVIda Function:  Get Text 0 Graph:  GetText_0 Node:  Return Node
[2025.07.14-01.36.22:745][499]PIE: Error: Blueprint Runtime Error: "Accessed None trying to read property K2Node_DynamicCast_AsPeoncito". Blueprint:  BarraVIda Function:  Get Text 0 Graph:  GetText_0 Node:  Return Node
[2025.07.14-01.36.22:764][500]PIE: Error: Blueprint Runtime Error: "Accessed None trying to read property K2Node_DynamicCast_AsPeoncito". Blueprint:  BarraVIda Function:  Get Text 0 Graph:  GetText_0 Node:  Return Node
[2025.07.14-01.36.22:784][501]PIE: Error: Blueprint Runtime Error: "Accessed None trying to read property K2Node_DynamicCast_AsPeoncito". Blueprint:  BarraVIda Function:  Get Text 0 Graph:  GetText_0 Node:  Return Node
[2025.07.14-01.36.22:804][502]PIE: Error: Blueprint Runtime Error: "Accessed None trying to read property K2Node_DynamicCast_AsPeoncito". Blueprint:  BarraVIda Function:  Get Text 0 Graph:  GetText_0 Node:  Return Node
[2025.07.14-01.36.22:823][503]PIE: Error: Blueprint Runtime Error: "Accessed None trying to read property K2Node_DynamicCast_AsPeoncito". Blueprint:  BarraVIda Function:  Get Text 0 Graph:  GetText_0 Node:  Return Node
[2025.07.14-01.36.22:842][504]PIE: Error: Blueprint Runtime Error: "Accessed None trying to read property K2Node_DynamicCast_AsPeoncito". Blueprint:  BarraVIda Function:  Get Text 0 Graph:  GetText_0 Node:  Return Node
[2025.07.14-01.36.22:861][505]PIE: Error: Blueprint Runtime Error: "Accessed None trying to read property K2Node_DynamicCast_AsPeoncito". Blueprint:  BarraVIda Function:  Get Text 0 Graph:  GetText_0 Node:  Return Node
[2025.07.14-01.36.22:881][506]PIE: Error: Blueprint Runtime Error: "Accessed None trying to read property K2Node_DynamicCast_AsPeoncito". Blueprint:  BarraVIda Function:  Get Text 0 Graph:  GetText_0 Node:  Return Node
[2025.07.14-01.36.22:904][507]PIE: Error: Blueprint Runtime Error: "Accessed None trying to read property K2Node_DynamicCast_AsPeoncito". Blueprint:  BarraVIda Function:  Get Text 0 Graph:  GetText_0 Node:  Return Node
[2025.07.14-01.36.22:928][508]PIE: Error: Blueprint Runtime Error: "Accessed None trying to read property K2Node_DynamicCast_AsPeoncito". Blueprint:  BarraVIda Function:  Get Text 0 Graph:  GetText_0 Node:  Return Node
[2025.07.14-01.36.22:949][509]PIE: Error: Blueprint Runtime Error: "Accessed None trying to read property K2Node_DynamicCast_AsPeoncito". Blueprint:  BarraVIda Function:  Get Text 0 Graph:  GetText_0 Node:  Return Node
[2025.07.14-01.36.22:969][510]PIE: Error: Blueprint Runtime Error: "Accessed None trying to read property K2Node_DynamicCast_AsPeoncito". Blueprint:  BarraVIda Function:  Get Text 0 Graph:  GetText_0 Node:  Return Node
[2025.07.14-01.36.22:989][511]PIE: Error: Blueprint Runtime Error: "Accessed None trying to read property K2Node_DynamicCast_AsPeoncito". Blueprint:  BarraVIda Function:  Get Text 0 Graph:  GetText_0 Node:  Return Node
[2025.07.14-01.36.23:009][512]PIE: Error: Blueprint Runtime Error: "Accessed None trying to read property K2Node_DynamicCast_AsPeoncito". Blueprint:  BarraVIda Function:  Get Text 0 Graph:  GetText_0 Node:  Return Node
[2025.07.14-01.36.23:029][513]PIE: Error: Blueprint Runtime Error: "Accessed None trying to read property K2Node_DynamicCast_AsPeoncito". Blueprint:  BarraVIda Function:  Get Text 0 Graph:  GetText_0 Node:  Return Node
[2025.07.14-01.36.23:050][514]PIE: Error: Blueprint Runtime Error: "Accessed None trying to read property K2Node_DynamicCast_AsPeoncito". Blueprint:  BarraVIda Function:  Get Text 0 Graph:  GetText_0 Node:  Return Node
[2025.07.14-01.36.23:072][515]PIE: Error: Blueprint Runtime Error: "Accessed None trying to read property K2Node_DynamicCast_AsPeoncito". Blueprint:  BarraVIda Function:  Get Text 0 Graph:  GetText_0 Node:  Return Node
[2025.07.14-01.36.23:093][516]PIE: Error: Blueprint Runtime Error: "Accessed None trying to read property K2Node_DynamicCast_AsPeoncito". Blueprint:  BarraVIda Function:  Get Text 0 Graph:  GetText_0 Node:  Return Node
[2025.07.14-01.36.23:111][517]PIE: Error: Blueprint Runtime Error: "Accessed None trying to read property K2Node_DynamicCast_AsPeoncito". Blueprint:  BarraVIda Function:  Get Text 0 Graph:  GetText_0 Node:  Return Node
[2025.07.14-01.36.23:131][518]PIE: Error: Blueprint Runtime Error: "Accessed None trying to read property K2Node_DynamicCast_AsPeoncito". Blueprint:  BarraVIda Function:  Get Text 0 Graph:  GetText_0 Node:  Return Node
[2025.07.14-01.36.23:149][519]PIE: Error: Blueprint Runtime Error: "Accessed None trying to read property K2Node_DynamicCast_AsPeoncito". Blueprint:  BarraVIda Function:  Get Text 0 Graph:  GetText_0 Node:  Return Node
[2025.07.14-01.36.23:166][520]PIE: Error: Blueprint Runtime Error: "Accessed None trying to read property K2Node_DynamicCast_AsPeoncito". Blueprint:  BarraVIda Function:  Get Text 0 Graph:  GetText_0 Node:  Return Node
[2025.07.14-01.36.23:185][521]PIE: Error: Blueprint Runtime Error: "Accessed None trying to read property K2Node_DynamicCast_AsPeoncito". Blueprint:  BarraVIda Function:  Get Text 0 Graph:  GetText_0 Node:  Return Node
[2025.07.14-01.36.23:208][522]PIE: Error: Blueprint Runtime Error: "Accessed None trying to read property K2Node_DynamicCast_AsPeoncito". Blueprint:  BarraVIda Function:  Get Text 0 Graph:  GetText_0 Node:  Return Node
[2025.07.14-01.36.23:227][523]PIE: Error: Blueprint Runtime Error: "Accessed None trying to read property K2Node_DynamicCast_AsPeoncito". Blueprint:  BarraVIda Function:  Get Text 0 Graph:  GetText_0 Node:  Return Node
[2025.07.14-01.36.23:246][524]PIE: Error: Blueprint Runtime Error: "Accessed None trying to read property K2Node_DynamicCast_AsPeoncito". Blueprint:  BarraVIda Function:  Get Text 0 Graph:  GetText_0 Node:  Return Node
[2025.07.14-01.36.23:264][525]PIE: Error: Blueprint Runtime Error: "Accessed None trying to read property K2Node_DynamicCast_AsPeoncito". Blueprint:  BarraVIda Function:  Get Text 0 Graph:  GetText_0 Node:  Return Node
[2025.07.14-01.36.23:283][526]PIE: Error: Blueprint Runtime Error: "Accessed None trying to read property K2Node_DynamicCast_AsPeoncito". Blueprint:  BarraVIda Function:  Get Text 0 Graph:  GetText_0 Node:  Return Node
[2025.07.14-01.36.23:302][527]PIE: Error: Blueprint Runtime Error: "Accessed None trying to read property K2Node_DynamicCast_AsPeoncito". Blueprint:  BarraVIda Function:  Get Text 0 Graph:  GetText_0 Node:  Return Node
[2025.07.14-01.36.23:320][528]PIE: Error: Blueprint Runtime Error: "Accessed None trying to read property K2Node_DynamicCast_AsPeoncito". Blueprint:  BarraVIda Function:  Get Text 0 Graph:  GetText_0 Node:  Return Node
[2025.07.14-01.36.23:339][529]PIE: Error: Blueprint Runtime Error: "Accessed None trying to read property K2Node_DynamicCast_AsPeoncito". Blueprint:  BarraVIda Function:  Get Text 0 Graph:  GetText_0 Node:  Return Node
[2025.07.14-01.36.23:357][530]PIE: Error: Blueprint Runtime Error: "Accessed None trying to read property K2Node_DynamicCast_AsPeoncito". Blueprint:  BarraVIda Function:  Get Text 0 Graph:  GetText_0 Node:  Return Node
[2025.07.14-01.36.23:374][531]PIE: Error: Blueprint Runtime Error: "Accessed None trying to read property K2Node_DynamicCast_AsPeoncito". Blueprint:  BarraVIda Function:  Get Text 0 Graph:  GetText_0 Node:  Return Node
[2025.07.14-01.36.23:391][532]PIE: Error: Blueprint Runtime Error: "Accessed None trying to read property K2Node_DynamicCast_AsPeoncito". Blueprint:  BarraVIda Function:  Get Text 0 Graph:  GetText_0 Node:  Return Node
[2025.07.14-01.36.23:411][533]PIE: Error: Blueprint Runtime Error: "Accessed None trying to read property K2Node_DynamicCast_AsPeoncito". Blueprint:  BarraVIda Function:  Get Text 0 Graph:  GetText_0 Node:  Return Node
[2025.07.14-01.36.23:432][534]PIE: Error: Blueprint Runtime Error: "Accessed None trying to read property K2Node_DynamicCast_AsPeoncito". Blueprint:  BarraVIda Function:  Get Text 0 Graph:  GetText_0 Node:  Return Node
[2025.07.14-01.36.23:455][535]PIE: Error: Blueprint Runtime Error: "Accessed None trying to read property K2Node_DynamicCast_AsPeoncito". Blueprint:  BarraVIda Function:  Get Text 0 Graph:  GetText_0 Node:  Return Node
[2025.07.14-01.36.23:479][536]PIE: Error: Blueprint Runtime Error: "Accessed None trying to read property K2Node_DynamicCast_AsPeoncito". Blueprint:  BarraVIda Function:  Get Text 0 Graph:  GetText_0 Node:  Return Node
[2025.07.14-01.36.23:502][537]PIE: Error: Blueprint Runtime Error: "Accessed None trying to read property K2Node_DynamicCast_AsPeoncito". Blueprint:  BarraVIda Function:  Get Text 0 Graph:  GetText_0 Node:  Return Node
[2025.07.14-01.36.23:527][538]PIE: Error: Blueprint Runtime Error: "Accessed None trying to read property K2Node_DynamicCast_AsPeoncito". Blueprint:  BarraVIda Function:  Get Text 0 Graph:  GetText_0 Node:  Return Node
[2025.07.14-01.36.23:553][539]PIE: Error: Blueprint Runtime Error: "Accessed None trying to read property K2Node_DynamicCast_AsPeoncito". Blueprint:  BarraVIda Function:  Get Text 0 Graph:  GetText_0 Node:  Return Node
[2025.07.14-01.36.23:580][540]PIE: Error: Blueprint Runtime Error: "Accessed None trying to read property K2Node_DynamicCast_AsPeoncito". Blueprint:  BarraVIda Function:  Get Text 0 Graph:  GetText_0 Node:  Return Node
[2025.07.14-01.36.23:605][541]PIE: Error: Blueprint Runtime Error: "Accessed None trying to read property K2Node_DynamicCast_AsPeoncito". Blueprint:  BarraVIda Function:  Get Text 0 Graph:  GetText_0 Node:  Return Node
[2025.07.14-01.36.23:629][542]PIE: Error: Blueprint Runtime Error: "Accessed None trying to read property K2Node_DynamicCast_AsPeoncito". Blueprint:  BarraVIda Function:  Get Text 0 Graph:  GetText_0 Node:  Return Node
[2025.07.14-01.36.23:655][543]PIE: Error: Blueprint Runtime Error: "Accessed None trying to read property K2Node_DynamicCast_AsPeoncito". Blueprint:  BarraVIda Function:  Get Text 0 Graph:  GetText_0 Node:  Return Node
[2025.07.14-01.36.23:680][544]PIE: Error: Blueprint Runtime Error: "Accessed None trying to read property K2Node_DynamicCast_AsPeoncito". Blueprint:  BarraVIda Function:  Get Text 0 Graph:  GetText_0 Node:  Return Node
[2025.07.14-01.36.23:704][545]PIE: Error: Blueprint Runtime Error: "Accessed None trying to read property K2Node_DynamicCast_AsPeoncito". Blueprint:  BarraVIda Function:  Get Text 0 Graph:  GetText_0 Node:  Return Node
[2025.07.14-01.36.23:729][546]PIE: Error: Blueprint Runtime Error: "Accessed None trying to read property K2Node_DynamicCast_AsPeoncito". Blueprint:  BarraVIda Function:  Get Text 0 Graph:  GetText_0 Node:  Return Node
[2025.07.14-01.36.23:750][547]PIE: Error: Blueprint Runtime Error: "Accessed None trying to read property K2Node_DynamicCast_AsPeoncito". Blueprint:  BarraVIda Function:  Get Text 0 Graph:  GetText_0 Node:  Return Node
[2025.07.14-01.36.23:774][548]PIE: Error: Blueprint Runtime Error: "Accessed None trying to read property K2Node_DynamicCast_AsPeoncito". Blueprint:  BarraVIda Function:  Get Text 0 Graph:  GetText_0 Node:  Return Node
[2025.07.14-01.36.23:796][549]PIE: Error: Blueprint Runtime Error: "Accessed None trying to read property K2Node_DynamicCast_AsPeoncito". Blueprint:  BarraVIda Function:  Get Text 0 Graph:  GetText_0 Node:  Return Node
[2025.07.14-01.36.23:817][550]PIE: Error: Blueprint Runtime Error: "Accessed None trying to read property K2Node_DynamicCast_AsPeoncito". Blueprint:  BarraVIda Function:  Get Text 0 Graph:  GetText_0 Node:  Return Node
[2025.07.14-01.36.23:840][551]PIE: Error: Blueprint Runtime Error: "Accessed None trying to read property K2Node_DynamicCast_AsPeoncito". Blueprint:  BarraVIda Function:  Get Text 0 Graph:  GetText_0 Node:  Return Node
[2025.07.14-01.36.23:862][552]PIE: Error: Blueprint Runtime Error: "Accessed None trying to read property K2Node_DynamicCast_AsPeoncito". Blueprint:  BarraVIda Function:  Get Text 0 Graph:  GetText_0 Node:  Return Node
[2025.07.14-01.36.23:886][553]PIE: Error: Blueprint Runtime Error: "Accessed None trying to read property K2Node_DynamicCast_AsPeoncito". Blueprint:  BarraVIda Function:  Get Text 0 Graph:  GetText_0 Node:  Return Node
[2025.07.14-01.36.23:909][554]PIE: Error: Blueprint Runtime Error: "Accessed None trying to read property K2Node_DynamicCast_AsPeoncito". Blueprint:  BarraVIda Function:  Get Text 0 Graph:  GetText_0 Node:  Return Node
[2025.07.14-01.36.23:933][555]PIE: Error: Blueprint Runtime Error: "Accessed None trying to read property K2Node_DynamicCast_AsPeoncito". Blueprint:  BarraVIda Function:  Get Text 0 Graph:  GetText_0 Node:  Return Node
[2025.07.14-01.36.23:958][556]PIE: Error: Blueprint Runtime Error: "Accessed None trying to read property K2Node_DynamicCast_AsPeoncito". Blueprint:  BarraVIda Function:  Get Text 0 Graph:  GetText_0 Node:  Return Node
[2025.07.14-01.36.23:982][557]PIE: Error: Blueprint Runtime Error: "Accessed None trying to read property K2Node_DynamicCast_AsPeoncito". Blueprint:  BarraVIda Function:  Get Text 0 Graph:  GetText_0 Node:  Return Node
[2025.07.14-01.36.24:007][558]PIE: Error: Blueprint Runtime Error: "Accessed None trying to read property K2Node_DynamicCast_AsPeoncito". Blueprint:  BarraVIda Function:  Get Text 0 Graph:  GetText_0 Node:  Return Node
[2025.07.14-01.36.24:030][559]PIE: Error: Blueprint Runtime Error: "Accessed None trying to read property K2Node_DynamicCast_AsPeoncito". Blueprint:  BarraVIda Function:  Get Text 0 Graph:  GetText_0 Node:  Return Node
[2025.07.14-01.36.24:052][560]PIE: Error: Blueprint Runtime Error: "Accessed None trying to read property K2Node_DynamicCast_AsPeoncito". Blueprint:  BarraVIda Function:  Get Text 0 Graph:  GetText_0 Node:  Return Node
[2025.07.14-01.36.24:073][561]PIE: Error: Blueprint Runtime Error: "Accessed None trying to read property K2Node_DynamicCast_AsPeoncito". Blueprint:  BarraVIda Function:  Get Text 0 Graph:  GetText_0 Node:  Return Node
[2025.07.14-01.36.24:092][562]PIE: Error: Blueprint Runtime Error: "Accessed None trying to read property K2Node_DynamicCast_AsPeoncito". Blueprint:  BarraVIda Function:  Get Text 0 Graph:  GetText_0 Node:  Return Node
[2025.07.14-01.36.24:110][563]PIE: Error: Blueprint Runtime Error: "Accessed None trying to read property K2Node_DynamicCast_AsPeoncito". Blueprint:  BarraVIda Function:  Get Text 0 Graph:  GetText_0 Node:  Return Node
[2025.07.14-01.36.24:126][564]PIE: Error: Blueprint Runtime Error: "Accessed None trying to read property K2Node_DynamicCast_AsPeoncito". Blueprint:  BarraVIda Function:  Get Text 0 Graph:  GetText_0 Node:  Return Node
[2025.07.14-01.36.24:144][565]PIE: Error: Blueprint Runtime Error: "Accessed None trying to read property K2Node_DynamicCast_AsPeoncito". Blueprint:  BarraVIda Function:  Get Text 0 Graph:  GetText_0 Node:  Return Node
[2025.07.14-01.36.24:162][566]PIE: Error: Blueprint Runtime Error: "Accessed None trying to read property K2Node_DynamicCast_AsPeoncito". Blueprint:  BarraVIda Function:  Get Text 0 Graph:  GetText_0 Node:  Return Node
[2025.07.14-01.36.24:182][567]PIE: Error: Blueprint Runtime Error: "Accessed None trying to read property K2Node_DynamicCast_AsPeoncito". Blueprint:  BarraVIda Function:  Get Text 0 Graph:  GetText_0 Node:  Return Node
[2025.07.14-01.36.24:205][568]PIE: Error: Blueprint Runtime Error: "Accessed None trying to read property K2Node_DynamicCast_AsPeoncito". Blueprint:  BarraVIda Function:  Get Text 0 Graph:  GetText_0 Node:  Return Node
[2025.07.14-01.36.24:230][569]PIE: Error: Blueprint Runtime Error: "Accessed None trying to read property K2Node_DynamicCast_AsPeoncito". Blueprint:  BarraVIda Function:  Get Text 0 Graph:  GetText_0 Node:  Return Node
[2025.07.14-01.36.24:255][570]PIE: Error: Blueprint Runtime Error: "Accessed None trying to read property K2Node_DynamicCast_AsPeoncito". Blueprint:  BarraVIda Function:  Get Text 0 Graph:  GetText_0 Node:  Return Node
[2025.07.14-01.36.24:279][571]PIE: Error: Blueprint Runtime Error: "Accessed None trying to read property K2Node_DynamicCast_AsPeoncito". Blueprint:  BarraVIda Function:  Get Text 0 Graph:  GetText_0 Node:  Return Node
[2025.07.14-01.36.24:301][572]PIE: Error: Blueprint Runtime Error: "Accessed None trying to read property K2Node_DynamicCast_AsPeoncito". Blueprint:  BarraVIda Function:  Get Text 0 Graph:  GetText_0 Node:  Return Node
[2025.07.14-01.36.24:323][573]PIE: Error: Blueprint Runtime Error: "Accessed None trying to read property K2Node_DynamicCast_AsPeoncito". Blueprint:  BarraVIda Function:  Get Text 0 Graph:  GetText_0 Node:  Return Node
[2025.07.14-01.36.24:342][574]PIE: Error: Blueprint Runtime Error: "Accessed None trying to read property K2Node_DynamicCast_AsPeoncito". Blueprint:  BarraVIda Function:  Get Text 0 Graph:  GetText_0 Node:  Return Node
[2025.07.14-01.36.24:360][575]PIE: Error: Blueprint Runtime Error: "Accessed None trying to read property K2Node_DynamicCast_AsPeoncito". Blueprint:  BarraVIda Function:  Get Text 0 Graph:  GetText_0 Node:  Return Node
[2025.07.14-01.36.24:378][576]PIE: Error: Blueprint Runtime Error: "Accessed None trying to read property K2Node_DynamicCast_AsPeoncito". Blueprint:  BarraVIda Function:  Get Text 0 Graph:  GetText_0 Node:  Return Node
[2025.07.14-01.36.24:395][577]PIE: Error: Blueprint Runtime Error: "Accessed None trying to read property K2Node_DynamicCast_AsPeoncito". Blueprint:  BarraVIda Function:  Get Text 0 Graph:  GetText_0 Node:  Return Node
[2025.07.14-01.36.24:416][578]PIE: Error: Blueprint Runtime Error: "Accessed None trying to read property K2Node_DynamicCast_AsPeoncito". Blueprint:  BarraVIda Function:  Get Text 0 Graph:  GetText_0 Node:  Return Node
[2025.07.14-01.36.24:512][579]LogSlate: Updating window title bar state: overlay mode, drag disabled, window buttons hidden, title bar hidden
[2025.07.14-01.36.24:512][579]LogWorld: BeginTearingDown for /Game/ThirdPersonBP/Maps/UEDPIE_0_Perdiste_Level
[2025.07.14-01.36.24:513][579]LogWorld: UWorld::CleanupWorld for Perdiste_Level, bSessionEnded=true, bCleanupResources=true
[2025.07.14-01.36.24:514][579]LogSlate: InvalidateAllWidgets triggered.  All widgets were invalidated
[2025.07.14-01.36.24:523][579]LogPlayLevel: Display: Shutting down PIE online subsystems
[2025.07.14-01.36.24:529][579]LogSlate: InvalidateAllWidgets triggered.  All widgets were invalidated
[2025.07.14-01.36.24:564][579]LogSlate: Updating window title bar state: overlay mode, drag disabled, window buttons hidden, title bar hidden
[2025.07.14-01.36.24:565][579]LogAudioMixer: FMixerPlatformXAudio2::StopAudioStream() called
[2025.07.14-01.36.24:566][579]LogAudioMixer: FMixerPlatformXAudio2::StopAudioStream() called
[2025.07.14-01.36.24:576][579]LogUObjectHash: Compacting FUObjectHashTables data took   3.99ms
[2025.07.14-01.36.24:820][580]LogPlayLevel: Display: Destroying online subsystem :Context_49
[2025.07.14-01.36.27:816][703]LogSlate: Window 'Message Log' being destroyed
[2025.07.14-01.36.27:836][703]LogSlate: Window 'Message Log' being destroyed
[2025.07.14-01.36.30:684][816]LogTemp: Repeating last play command: Selected Viewport
[2025.07.14-01.36.30:717][816]LogPlayLevel: PlayLevel: No blueprints needed recompiling
[2025.07.14-01.36.30:717][816]PIE: New page: PIE session: ThirdPersonExampleMap (Jul 13, 2025, 7:36:30 PM)
[2025.07.14-01.36.30:717][816]LogPlayLevel: Creating play world package: /Game/ThirdPersonBP/Maps/UEDPIE_0_ThirdPersonExampleMap
[2025.07.14-01.36.30:743][816]LogPlayLevel: PIE: StaticDuplicateObject took: (0.025462s)
[2025.07.14-01.36.30:744][816]LogAIModule: Creating AISystem for world ThirdPersonExampleMap
[2025.07.14-01.36.30:744][816]LogPlayLevel: PIE: World Init took: (0.001596s)
[2025.07.14-01.36.30:744][816]LogPlayLevel: PIE: Created PIE world by copying editor world from /Game/ThirdPersonBP/Maps/ThirdPersonExampleMap.ThirdPersonExampleMap to /Game/ThirdPersonBP/Maps/UEDPIE_0_ThirdPersonExampleMap.ThirdPersonExampleMap (0.027312s)
[2025.07.14-01.36.30:804][816]LogUObjectHash: Compacting FUObjectHashTables data took   4.80ms
[2025.07.14-01.36.30:805][816]LogAudio: Display: Creating Audio Device:                 Id: 24, Scope: Unique, Realtime: True
[2025.07.14-01.36.30:806][816]LogAudioMixer: Display: Audio Mixer Platform Settings:
[2025.07.14-01.36.30:806][816]LogAudioMixer: Display: 	Sample Rate:						  48000
[2025.07.14-01.36.30:806][816]LogAudioMixer: Display: 	Callback Buffer Frame Size Requested: 1024
[2025.07.14-01.36.30:806][816]LogAudioMixer: Display: 	Callback Buffer Frame Size To Use:	  1024
[2025.07.14-01.36.30:806][816]LogAudioMixer: Display: 	Number of buffers to queue:			  2
[2025.07.14-01.36.30:806][816]LogAudioMixer: Display: 	Max Channels (voices):				  32
[2025.07.14-01.36.30:806][816]LogAudioMixer: Display: 	Number of Async Source Workers:		  0
[2025.07.14-01.36.30:806][816]LogAudio: Display: AudioDevice MaxSources: 32
[2025.07.14-01.36.30:807][816]LogAudio: Display: Audio Spatialization Plugin: None (built-in).
[2025.07.14-01.36.30:807][816]LogAudio: Display: Audio Reverb Plugin: None (built-in).
[2025.07.14-01.36.30:807][816]LogAudio: Display: Audio Occlusion Plugin: None (built-in).
[2025.07.14-01.36.30:807][816]LogAudioMixer: Display: Initializing audio mixer.
[2025.07.14-01.36.30:814][816]LogAudioMixer: Display: 0: FrontLeft
[2025.07.14-01.36.30:814][816]LogAudioMixer: Display: 1: FrontRight
[2025.07.14-01.36.30:839][816]LogAudioMixer: Display: Using Audio Device Headphones (SOUNDPEATS Mini HS Stereo)
[2025.07.14-01.36.30:840][816]LogAudioMixer: Display: Initializing Sound Submixes...
[2025.07.14-01.36.30:840][816]LogAudioMixer: Display: Creating Master Submix 'MasterSubmixDefault'
[2025.07.14-01.36.30:840][816]LogAudioMixer: Display: Creating Master Submix 'MasterReverbSubmixDefault'
[2025.07.14-01.36.30:841][816]LogAudioMixer: Display: Creating Master Submix 'MasterEQSubmixDefault'
[2025.07.14-01.36.30:841][816]LogAudioMixer: FMixerPlatformXAudio2::StartAudioStream() called
[2025.07.14-01.36.30:841][816]LogAudioMixer: Display: Output buffers initialized: Frames=1024, Channels=2, Samples=2048
[2025.07.14-01.36.30:843][816]LogAudioMixer: Display: Starting AudioMixerPlatformInterface::RunInternal()
[2025.07.14-01.36.30:843][816]LogAudioMixer: Display: FMixerPlatformXAudio2::SubmitBuffer() called for the first time
[2025.07.14-01.36.30:843][816]LogInit: FAudioDevice initialized.
[2025.07.14-01.36.30:843][816]LogAudio: Display: Audio Device (ID: 24) registered with world 'ThirdPersonExampleMap'.
[2025.07.14-01.36.30:856][816]LogLoad: Game class is 'ReglasJuego_C'
[2025.07.14-01.36.30:866][816]LogWorld: Bringing World /Game/ThirdPersonBP/Maps/UEDPIE_0_ThirdPersonExampleMap.ThirdPersonExampleMap up for play (max tick rate 60) at 2025.07.13-22.36.30
[2025.07.14-01.36.30:866][816]LogWorld: Bringing up level for play took: 0.009260
[2025.07.14-01.36.30:866][816]LogOnline: OSS: Creating online subsystem instance for: :Context_50
[2025.07.14-01.36.30:870][816]LogBlueprintUserMessages: [plataforma_2] Buenas buenas!
[2025.07.14-01.36.30:873][816]PIE: Server logged in
[2025.07.14-01.36.30:874][816]PIE: Play in editor total start time 0.175 seconds.
[2025.07.14-01.36.33:672][942]LogBlueprintUserMessages: [bala_C_6] Le reste 25 al bad fella
[2025.07.14-01.36.34:272][968]LogBlueprintUserMessages: [bala_C_0] El peoncito perdio 10 de vida!!!!
[2025.07.14-01.36.34:647][983]LogBlueprintUserMessages: [bala_C_4] El peoncito perdio 10 de vida!!!!
[2025.07.14-01.36.34:676][984]LogBlueprintUserMessages: [bala_C_4] El peoncito perdio 10 de vida!!!!
[2025.07.14-01.36.34:844][992]LogBlueprintUserMessages: [bala_C_3] El peoncito perdio 10 de vida!!!!
[2025.07.14-01.36.35:948][ 40]LogBlueprintUserMessages: [bala_C_4] Le reste 25 al bad fella
[2025.07.14-01.36.36:684][ 76]LogBlueprintUserMessages: [bala_C_16] Le reste 25 al bad fella
[2025.07.14-01.36.37:963][132]LogBlueprintUserMessages: [Balaza_C_1] Le reste 30 al peoncito
[2025.07.14-01.36.38:195][140]LogSlate: Updating window title bar state: overlay mode, drag disabled, window buttons hidden, title bar hidden
[2025.07.14-01.36.38:195][140]LogWorld: BeginTearingDown for /Game/ThirdPersonBP/Maps/UEDPIE_0_ThirdPersonExampleMap
[2025.07.14-01.36.38:195][140]LogWorld: UWorld::CleanupWorld for ThirdPersonExampleMap, bSessionEnded=true, bCleanupResources=true
[2025.07.14-01.36.38:197][140]LogSlate: InvalidateAllWidgets triggered.  All widgets were invalidated
[2025.07.14-01.36.38:208][140]LogPlayLevel: Display: Shutting down PIE online subsystems
[2025.07.14-01.36.38:213][140]LogSlate: InvalidateAllWidgets triggered.  All widgets were invalidated
[2025.07.14-01.36.38:254][140]LogSlate: Updating window title bar state: overlay mode, drag disabled, window buttons hidden, title bar hidden
[2025.07.14-01.36.38:255][140]LogAudioMixer: FMixerPlatformXAudio2::StopAudioStream() called
[2025.07.14-01.36.38:256][140]LogAudioMixer: FMixerPlatformXAudio2::StopAudioStream() called
[2025.07.14-01.36.38:266][140]LogUObjectHash: Compacting FUObjectHashTables data took   4.22ms
[2025.07.14-01.36.38:316][141]LogPlayLevel: Display: Destroying online subsystem :Context_50
[2025.07.14-01.37.00:450][842]LogTemp: Repeating last play command: Selected Viewport
[2025.07.14-01.37.00:490][842]LogPlayLevel: PlayLevel: No blueprints needed recompiling
[2025.07.14-01.37.00:490][842]PIE: New page: PIE session: ThirdPersonExampleMap (Jul 13, 2025, 7:37:00 PM)
[2025.07.14-01.37.00:490][842]LogPlayLevel: Creating play world package: /Game/ThirdPersonBP/Maps/UEDPIE_0_ThirdPersonExampleMap
[2025.07.14-01.37.00:521][842]LogPlayLevel: PIE: StaticDuplicateObject took: (0.030611s)
[2025.07.14-01.37.00:523][842]LogAIModule: Creating AISystem for world ThirdPersonExampleMap
[2025.07.14-01.37.00:524][842]LogPlayLevel: PIE: World Init took: (0.002976s)
[2025.07.14-01.37.00:524][842]LogPlayLevel: PIE: Created PIE world by copying editor world from /Game/ThirdPersonBP/Maps/ThirdPersonExampleMap.ThirdPersonExampleMap to /Game/ThirdPersonBP/Maps/UEDPIE_0_ThirdPersonExampleMap.ThirdPersonExampleMap (0.033978s)
[2025.07.14-01.37.00:590][842]LogUObjectHash: Compacting FUObjectHashTables data took   6.43ms
[2025.07.14-01.37.00:592][842]LogAudio: Display: Creating Audio Device:                 Id: 25, Scope: Unique, Realtime: True
[2025.07.14-01.37.00:592][842]LogAudioMixer: Display: Audio Mixer Platform Settings:
[2025.07.14-01.37.00:592][842]LogAudioMixer: Display: 	Sample Rate:						  48000
[2025.07.14-01.37.00:592][842]LogAudioMixer: Display: 	Callback Buffer Frame Size Requested: 1024
[2025.07.14-01.37.00:592][842]LogAudioMixer: Display: 	Callback Buffer Frame Size To Use:	  1024
[2025.07.14-01.37.00:592][842]LogAudioMixer: Display: 	Number of buffers to queue:			  2
[2025.07.14-01.37.00:592][842]LogAudioMixer: Display: 	Max Channels (voices):				  32
[2025.07.14-01.37.00:593][842]LogAudioMixer: Display: 	Number of Async Source Workers:		  0
[2025.07.14-01.37.00:593][842]LogAudio: Display: AudioDevice MaxSources: 32
[2025.07.14-01.37.00:593][842]LogAudio: Display: Audio Spatialization Plugin: None (built-in).
[2025.07.14-01.37.00:593][842]LogAudio: Display: Audio Reverb Plugin: None (built-in).
[2025.07.14-01.37.00:593][842]LogAudio: Display: Audio Occlusion Plugin: None (built-in).
[2025.07.14-01.37.00:593][842]LogAudioMixer: Display: Initializing audio mixer.
[2025.07.14-01.37.00:602][842]LogAudioMixer: Display: 0: FrontLeft
[2025.07.14-01.37.00:602][842]LogAudioMixer: Display: 1: FrontRight
[2025.07.14-01.37.00:623][842]LogAudioMixer: Display: Using Audio Device Headphones (SOUNDPEATS Mini HS Stereo)
[2025.07.14-01.37.00:623][842]LogAudioMixer: Display: Initializing Sound Submixes...
[2025.07.14-01.37.00:624][842]LogAudioMixer: Display: Creating Master Submix 'MasterSubmixDefault'
[2025.07.14-01.37.00:624][842]LogAudioMixer: Display: Creating Master Submix 'MasterReverbSubmixDefault'
[2025.07.14-01.37.00:624][842]LogAudioMixer: Display: Creating Master Submix 'MasterEQSubmixDefault'
[2025.07.14-01.37.00:624][842]LogAudioMixer: FMixerPlatformXAudio2::StartAudioStream() called
[2025.07.14-01.37.00:624][842]LogAudioMixer: Display: Output buffers initialized: Frames=1024, Channels=2, Samples=2048
[2025.07.14-01.37.00:626][842]LogAudioMixer: Display: Starting AudioMixerPlatformInterface::RunInternal()
[2025.07.14-01.37.00:626][842]LogAudioMixer: Display: FMixerPlatformXAudio2::SubmitBuffer() called for the first time
[2025.07.14-01.37.00:626][842]LogInit: FAudioDevice initialized.
[2025.07.14-01.37.00:626][842]LogAudio: Display: Audio Device (ID: 25) registered with world 'ThirdPersonExampleMap'.
[2025.07.14-01.37.00:638][842]LogLoad: Game class is 'ReglasJuego_C'
[2025.07.14-01.37.00:646][842]LogWorld: Bringing World /Game/ThirdPersonBP/Maps/UEDPIE_0_ThirdPersonExampleMap.ThirdPersonExampleMap up for play (max tick rate 60) at 2025.07.13-22.37.00
[2025.07.14-01.37.00:646][842]LogWorld: Bringing up level for play took: 0.007323
[2025.07.14-01.37.00:646][842]LogOnline: OSS: Creating online subsystem instance for: :Context_51
[2025.07.14-01.37.00:649][842]LogBlueprintUserMessages: [plataforma_2] Buenas buenas!
[2025.07.14-01.37.00:652][842]PIE: Server logged in
[2025.07.14-01.37.00:652][842]PIE: Play in editor total start time 0.184 seconds.
[2025.07.14-01.37.03:417][952]LogBlueprintUserMessages: [bala_C_7] Le reste 25 al bad fella
[2025.07.14-01.37.05:429][ 35]LogBlueprintUserMessages: [Curador_2] no te puedo curar porque tu vida es mayor a 80, volve cuando tengas menos!
[2025.07.14-01.37.05:811][ 50]LogBlueprintUserMessages: [ReglasJuego_C_0] El puntaje subio!
[2025.07.14-01.37.05:811][ 50]LogBlueprintUserMessages: [ReglasJuego_C_0] 2
[2025.07.14-01.37.07:326][101]LogBlueprintUserMessages: [bala_C_2] Le reste 25 a la torreta
[2025.07.14-01.37.07:326][101]LogBlueprintUserMessages: [Torreta3_2] algo me ataveso!
[2025.07.14-01.37.09:110][171]LogBlueprintUserMessages: [bala_C_16] Le reste 50 al bad guy
[2025.07.14-01.37.09:338][181]LogBlueprintUserMessages: [bala_C_10] El peoncito perdio 10 de vida!!!!
[2025.07.14-01.37.09:450][185]LogBlueprintUserMessages: [bala_C_23] Le reste 25 al bad fella
[2025.07.14-01.37.09:666][194]LogBlueprintUserMessages: [bala_C_17] Le reste 50 al bad guy
[2025.07.14-01.37.09:690][195]LogBlueprintUserMessages: [bad_guy_5] Bad guy  Destruido!
[2025.07.14-01.37.11:075][249]LogBlueprintUserMessages: [Curador_2] no te puedo curar porque tu vida es mayor a 80, volve cuando tengas menos!
[2025.07.14-01.37.12:234][295]LogBlueprintUserMessages: [bala_C_24] El peoncito perdio 10 de vida!!!!
[2025.07.14-01.37.12:737][314]LogBlueprintUserMessages: [bala_C_26] El peoncito perdio 10 de vida!!!!
[2025.07.14-01.37.15:708][430]LogBlueprintUserMessages: [bala_C_31] Le reste 50 al bad guy
[2025.07.14-01.37.15:941][439]LogBlueprintUserMessages: [bala_C_29] El peoncito perdio 10 de vida!!!!
[2025.07.14-01.37.15:969][440]LogBlueprintUserMessages: [bala_C_29] El peoncito perdio 10 de vida!!!!
[2025.07.14-01.37.16:341][455]LogBlueprintUserMessages: [Curador_2] Le di vida al peoncito! ahora tiene:
[2025.07.14-01.37.16:341][455]LogBlueprintUserMessages: [Curador_2] 50.0
[2025.07.14-01.37.16:341][455]LogBlueprintUserMessages: [Curador_2] El curador ya curo las siguientes veces:
[2025.07.14-01.37.16:342][455]LogBlueprintUserMessages: [Curador_2] 1.0
[2025.07.14-01.37.16:463][460]LogBlueprintUserMessages: [bala_C_33] Le reste 50 al bad guy
[2025.07.14-01.37.16:484][461]LogBlueprintUserMessages: [bad_guy2_2] Bad guy  Destruido!
[2025.07.14-01.37.17:860][510]LogBlueprintUserMessages: [bala_C_32] El peoncito perdio 10 de vida!!!!
[2025.07.14-01.37.18:036][516]LogBlueprintUserMessages: [Curador_2] Le di vida al peoncito! ahora tiene:
[2025.07.14-01.37.18:036][516]LogBlueprintUserMessages: [Curador_2] 60.0
[2025.07.14-01.37.18:036][516]LogBlueprintUserMessages: [Curador_2] El curador ya curo las siguientes veces:
[2025.07.14-01.37.18:037][516]LogBlueprintUserMessages: [Curador_2] 2.0
[2025.07.14-01.37.18:479][529]LogBlueprintUserMessages: [bala_C_36] El peoncito perdio 10 de vida!!!!
[2025.07.14-01.37.18:512][530]LogBlueprintUserMessages: [bala_C_38] Le reste 25 al bad fella
[2025.07.14-01.37.22:626][682]LogBlueprintUserMessages: [bala_C_39] Le reste 25 a la torreta
[2025.07.14-01.37.22:626][682]LogBlueprintUserMessages: [Torreta_2] algo me ataveso!
[2025.07.14-01.37.23:035][697]LogBlueprintUserMessages: [bala_C_40] Le reste 25 a la torreta
[2025.07.14-01.37.23:035][697]LogBlueprintUserMessages: [Torreta_2] algo me ataveso!
[2025.07.14-01.37.23:063][698]LogBlueprintUserMessages: [Torreta_2] Torreta Destruida!
[2025.07.14-01.37.24:538][757]LogBlueprintUserMessages: [bala_C_44] Le reste 25 al bad fella
[2025.07.14-01.37.24:563][758]LogBlueprintUserMessages: [bad_fella_2] Bad fella  Destruido!
[2025.07.14-01.37.26:319][832]LogBlueprintUserMessages: [Curador_2] Le di vida al peoncito! ahora tiene:
[2025.07.14-01.37.26:319][832]LogBlueprintUserMessages: [Curador_2] 70.0
[2025.07.14-01.37.26:319][832]LogBlueprintUserMessages: [Curador_2] El curador ya curo las siguientes veces:
[2025.07.14-01.37.26:320][832]LogBlueprintUserMessages: [Curador_2] 3.0
[2025.07.14-01.37.28:645][933]LogBlueprintUserMessages: [Balaza_C_18] Le reste 30 al peoncito
[2025.07.14-01.37.28:805][941]LogBlueprintUserMessages: [Balaza_C_19] Le reste 30 al peoncito
[2025.07.14-01.37.28:831][942]LogBlueprintUserMessages: [Balaza_C_18] Le reste 30 al peoncito
[2025.07.14-01.37.29:229][961]LogBlueprintUserMessages: [Curador_2] Le di vida al peoncito! ahora tiene:
[2025.07.14-01.37.29:229][961]LogBlueprintUserMessages: [Curador_2] 30.0
[2025.07.14-01.37.29:229][961]LogBlueprintUserMessages: [Curador_2] El curador ya curo las siguientes veces:
[2025.07.14-01.37.29:229][961]LogBlueprintUserMessages: [Curador_2] 4.0
[2025.07.14-01.37.31:825][ 70]LogBlueprintUserMessages: [Curador_2] Le di vida al peoncito! ahora tiene:
[2025.07.14-01.37.31:825][ 70]LogBlueprintUserMessages: [Curador_2] 50.0
[2025.07.14-01.37.31:825][ 70]LogBlueprintUserMessages: [Curador_2] El curador ya curo las siguientes veces:
[2025.07.14-01.37.31:825][ 70]LogBlueprintUserMessages: [Curador_2] 5.0
[2025.07.14-01.37.38:383][361]LogBlueprintUserMessages: [bala_C_46] Le reste 25 a la torreta
[2025.07.14-01.37.38:383][361]LogBlueprintUserMessages: [Torreta3_2] algo me ataveso!
[2025.07.14-01.37.38:403][362]LogBlueprintUserMessages: [Torreta3_2] Torreta Destruida!
[2025.07.14-01.37.38:651][372]LogBlueprintUserMessages: [bala_C_49] El peoncito perdio 10 de vida!!!!
[2025.07.14-01.37.38:677][373]LogBlueprintUserMessages: [bala_C_49] El peoncito perdio 10 de vida!!!!
[2025.07.14-01.37.38:698][374]LogBlueprintUserMessages: [bala_C_49] El peoncito perdio 10 de vida!!!!
[2025.07.14-01.37.38:722][375]LogBlueprintUserMessages: [bala_C_49] El peoncito perdio 10 de vida!!!!
[2025.07.14-01.37.38:746][376]LogBlueprintUserMessages: [bala_C_49] El peoncito perdio 10 de vida!!!!
[2025.07.14-01.37.44:939][653]LogBlueprintUserMessages: [Curador_2] Le di vida al peoncito! ahora tiene:
[2025.07.14-01.37.44:939][653]LogBlueprintUserMessages: [Curador_2] 20.0
[2025.07.14-01.37.44:939][653]LogBlueprintUserMessages: [Curador_2] El curador ya curo las siguientes veces:
[2025.07.14-01.37.44:939][653]LogBlueprintUserMessages: [Curador_2] 6.0
[2025.07.14-01.37.46:410][721]LogBlueprintUserMessages: [Curador_2] Le di vida al peoncito! ahora tiene:
[2025.07.14-01.37.46:410][721]LogBlueprintUserMessages: [Curador_2] 40.0
[2025.07.14-01.37.46:410][721]LogBlueprintUserMessages: [Curador_2] El curador ya curo las siguientes veces:
[2025.07.14-01.37.46:410][721]LogBlueprintUserMessages: [Curador_2] 7.0
[2025.07.14-01.37.47:599][776]LogBlueprintUserMessages: [Curador_2] Le di vida al peoncito! ahora tiene:
[2025.07.14-01.37.47:599][776]LogBlueprintUserMessages: [Curador_2] 60.0
[2025.07.14-01.37.47:599][776]LogBlueprintUserMessages: [Curador_2] El curador ya curo las siguientes veces:
[2025.07.14-01.37.47:599][776]LogBlueprintUserMessages: [Curador_2] 8.0
[2025.07.14-01.37.48:751][830]LogBlueprintUserMessages: [Curador_2] no te puedo curar porque tu vida es mayor a 80, volve cuando tengas menos!
[2025.07.14-01.37.57:131][198]LogBlueprintUserMessages: [bala_C_54] Le reste 25 al bad fella
[2025.07.14-01.37.59:275][288]LogBlueprintUserMessages: [bala_C_55] Le reste 25 al bad fella
[2025.07.14-01.37.59:728][307]LogBlueprintUserMessages: [bala_C_56] Le reste 25 al bad fella
[2025.07.14-01.38.00:220][327]LogBlueprintUserMessages: [bala_C_57] Le reste 25 al bad fella
[2025.07.14-01.38.00:250][328]LogBlueprintUserMessages: [bad_fella2_2] Bad fella  Destruido!
[2025.07.14-01.38.03:726][480]LogBlueprintUserMessages: [bala_C_58] Le reste 25 a la torreta
[2025.07.14-01.38.03:726][480]LogBlueprintUserMessages: [Torreta2_5] algo me ataveso!
[2025.07.14-01.38.04:099][496]LogBlueprintUserMessages: [bala_C_59] Le reste 25 a la torreta
[2025.07.14-01.38.04:099][496]LogBlueprintUserMessages: [Torreta2_5] algo me ataveso!
[2025.07.14-01.38.04:124][497]LogBlueprintUserMessages: [Torreta2_5] Torreta Destruida!
[2025.07.14-01.38.09:515][738]LogBlueprintUserMessages: [ReglasJuego_C_0] El puntaje subio!
[2025.07.14-01.38.09:515][738]LogBlueprintUserMessages: [ReglasJuego_C_0] 4
[2025.07.14-01.38.09:870][753]LogBlueprintUserMessages: [ReglasJuego_C_0] El puntaje subio!
[2025.07.14-01.38.09:870][753]LogBlueprintUserMessages: [ReglasJuego_C_0] 6
[2025.07.14-01.38.09:993][758]LogBlueprintUserMessages: [ReglasJuego_C_0] El puntaje subio!
[2025.07.14-01.38.09:994][758]LogBlueprintUserMessages: [ReglasJuego_C_0] 8
[2025.07.14-01.38.10:712][791]LogBlueprintUserMessages: [ReglasJuego_C_0] El puntaje subio!
[2025.07.14-01.38.10:712][791]LogBlueprintUserMessages: [ReglasJuego_C_0] 10
[2025.07.14-01.38.16:283][ 27]LogBlueprintUserMessages: [ReglasJuego_C_0] El puntaje subio!
[2025.07.14-01.38.16:283][ 27]LogBlueprintUserMessages: [ReglasJuego_C_0] 12
[2025.07.14-01.38.16:462][ 33]LogBlueprintUserMessages: [peoncito_2] Te queda de vida:
[2025.07.14-01.38.16:463][ 33]LogBlueprintUserMessages: [peoncito_2] 78.0
[2025.07.14-01.38.16:490][ 34]LogBlueprintUserMessages: [peoncito_2] Te queda de vida:
[2025.07.14-01.38.16:490][ 34]LogBlueprintUserMessages: [peoncito_2] 76.0
[2025.07.14-01.38.16:517][ 35]LogBlueprintUserMessages: [peoncito_2] Te queda de vida:
[2025.07.14-01.38.16:517][ 35]LogBlueprintUserMessages: [peoncito_2] 74.0
[2025.07.14-01.38.16:546][ 36]LogBlueprintUserMessages: [peoncito_2] Te queda de vida:
[2025.07.14-01.38.16:546][ 36]LogBlueprintUserMessages: [peoncito_2] 72.0
[2025.07.14-01.38.16:573][ 37]LogBlueprintUserMessages: [peoncito_2] Te queda de vida:
[2025.07.14-01.38.16:573][ 37]LogBlueprintUserMessages: [peoncito_2] 70.0
[2025.07.14-01.38.16:604][ 38]LogBlueprintUserMessages: [peoncito_2] Te queda de vida:
[2025.07.14-01.38.16:604][ 38]LogBlueprintUserMessages: [peoncito_2] 68.0
[2025.07.14-01.38.16:638][ 39]LogBlueprintUserMessages: [peoncito_2] Te queda de vida:
[2025.07.14-01.38.16:638][ 39]LogBlueprintUserMessages: [peoncito_2] 66.0
[2025.07.14-01.38.16:674][ 40]LogBlueprintUserMessages: [peoncito_2] Te queda de vida:
[2025.07.14-01.38.16:674][ 40]LogBlueprintUserMessages: [peoncito_2] 64.0
[2025.07.14-01.38.16:704][ 41]LogBlueprintUserMessages: [peoncito_2] Te queda de vida:
[2025.07.14-01.38.16:704][ 41]LogBlueprintUserMessages: [peoncito_2] 62.0
[2025.07.14-01.38.16:733][ 42]LogBlueprintUserMessages: [peoncito_2] Te queda de vida:
[2025.07.14-01.38.16:733][ 42]LogBlueprintUserMessages: [peoncito_2] 60.0
[2025.07.14-01.38.16:766][ 43]LogBlueprintUserMessages: [peoncito_2] Te queda de vida:
[2025.07.14-01.38.16:766][ 43]LogBlueprintUserMessages: [peoncito_2] 58.0
[2025.07.14-01.38.16:797][ 44]LogBlueprintUserMessages: [peoncito_2] Te queda de vida:
[2025.07.14-01.38.16:798][ 44]LogBlueprintUserMessages: [peoncito_2] 56.0
[2025.07.14-01.38.16:829][ 45]LogBlueprintUserMessages: [peoncito_2] Te queda de vida:
[2025.07.14-01.38.16:829][ 45]LogBlueprintUserMessages: [peoncito_2] 54.0
[2025.07.14-01.38.16:860][ 46]LogBlueprintUserMessages: [peoncito_2] Te queda de vida:
[2025.07.14-01.38.16:860][ 46]LogBlueprintUserMessages: [peoncito_2] 52.0
[2025.07.14-01.38.16:890][ 47]LogBlueprintUserMessages: [peoncito_2] Te queda de vida:
[2025.07.14-01.38.16:890][ 47]LogBlueprintUserMessages: [peoncito_2] 50.0
[2025.07.14-01.38.16:915][ 48]LogBlueprintUserMessages: [peoncito_2] Te queda de vida:
[2025.07.14-01.38.16:915][ 48]LogBlueprintUserMessages: [peoncito_2] 48.0
[2025.07.14-01.38.16:942][ 49]LogBlueprintUserMessages: [peoncito_2] Te queda de vida:
[2025.07.14-01.38.16:942][ 49]LogBlueprintUserMessages: [peoncito_2] 46.0
[2025.07.14-01.38.16:971][ 50]LogBlueprintUserMessages: [peoncito_2] Te queda de vida:
[2025.07.14-01.38.16:972][ 50]LogBlueprintUserMessages: [peoncito_2] 44.0
[2025.07.14-01.38.17:003][ 51]LogBlueprintUserMessages: [peoncito_2] Te queda de vida:
[2025.07.14-01.38.17:003][ 51]LogBlueprintUserMessages: [peoncito_2] 42.0
[2025.07.14-01.38.17:033][ 52]LogBlueprintUserMessages: [peoncito_2] Te queda de vida:
[2025.07.14-01.38.17:033][ 52]LogBlueprintUserMessages: [peoncito_2] 40.0
[2025.07.14-01.38.17:061][ 53]LogBlueprintUserMessages: [peoncito_2] Te queda de vida:
[2025.07.14-01.38.17:061][ 53]LogBlueprintUserMessages: [peoncito_2] 38.0
[2025.07.14-01.38.17:094][ 54]LogBlueprintUserMessages: [peoncito_2] Te queda de vida:
[2025.07.14-01.38.17:094][ 54]LogBlueprintUserMessages: [peoncito_2] 36.0
[2025.07.14-01.38.17:130][ 55]LogBlueprintUserMessages: [peoncito_2] Te queda de vida:
[2025.07.14-01.38.17:130][ 55]LogBlueprintUserMessages: [peoncito_2] 34.0
[2025.07.14-01.38.17:159][ 56]LogBlueprintUserMessages: [peoncito_2] Te queda de vida:
[2025.07.14-01.38.17:160][ 56]LogBlueprintUserMessages: [peoncito_2] 32.0
[2025.07.14-01.38.17:187][ 57]LogBlueprintUserMessages: [peoncito_2] Te queda de vida:
[2025.07.14-01.38.17:187][ 57]LogBlueprintUserMessages: [peoncito_2] 30.0
[2025.07.14-01.38.17:217][ 58]LogBlueprintUserMessages: [peoncito_2] Te queda de vida:
[2025.07.14-01.38.17:217][ 58]LogBlueprintUserMessages: [peoncito_2] 28.0
[2025.07.14-01.38.17:247][ 59]LogBlueprintUserMessages: [peoncito_2] Te queda de vida:
[2025.07.14-01.38.17:248][ 59]LogBlueprintUserMessages: [peoncito_2] 26.0
[2025.07.14-01.38.17:276][ 60]LogBlueprintUserMessages: [peoncito_2] Te queda de vida:
[2025.07.14-01.38.17:276][ 60]LogBlueprintUserMessages: [peoncito_2] 24.0
[2025.07.14-01.38.17:302][ 61]LogBlueprintUserMessages: [peoncito_2] Te queda de vida:
[2025.07.14-01.38.17:302][ 61]LogBlueprintUserMessages: [peoncito_2] 22.0
[2025.07.14-01.38.17:347][ 62]LogBlueprintUserMessages: [peoncito_2] Te queda de vida:
[2025.07.14-01.38.17:347][ 62]LogBlueprintUserMessages: [peoncito_2] 20.0
[2025.07.14-01.38.17:378][ 63]LogBlueprintUserMessages: [peoncito_2] Te queda de vida:
[2025.07.14-01.38.17:378][ 63]LogBlueprintUserMessages: [peoncito_2] 18.0
[2025.07.14-01.38.17:412][ 64]LogBlueprintUserMessages: [peoncito_2] Te queda de vida:
[2025.07.14-01.38.17:412][ 64]LogBlueprintUserMessages: [peoncito_2] 16.0
[2025.07.14-01.38.17:437][ 65]LogBlueprintUserMessages: [peoncito_2] Te queda de vida:
[2025.07.14-01.38.17:437][ 65]LogBlueprintUserMessages: [peoncito_2] 14.0
[2025.07.14-01.38.17:464][ 66]LogBlueprintUserMessages: [peoncito_2] Te queda de vida:
[2025.07.14-01.38.17:464][ 66]LogBlueprintUserMessages: [peoncito_2] 12.0
[2025.07.14-01.38.17:491][ 67]LogBlueprintUserMessages: [peoncito_2] Te queda de vida:
[2025.07.14-01.38.17:491][ 67]LogBlueprintUserMessages: [peoncito_2] 10.0
[2025.07.14-01.38.17:522][ 68]LogBlueprintUserMessages: [peoncito_2] Te queda de vida:
[2025.07.14-01.38.17:522][ 68]LogBlueprintUserMessages: [peoncito_2] 8.0
[2025.07.14-01.38.17:557][ 69]LogBlueprintUserMessages: [peoncito_2] Te queda de vida:
[2025.07.14-01.38.17:557][ 69]LogBlueprintUserMessages: [peoncito_2] 6.0
[2025.07.14-01.38.17:591][ 70]LogBlueprintUserMessages: [peoncito_2] Te queda de vida:
[2025.07.14-01.38.17:592][ 70]LogBlueprintUserMessages: [peoncito_2] 4.0
[2025.07.14-01.38.17:621][ 71]LogBlueprintUserMessages: [peoncito_2] Te queda de vida:
[2025.07.14-01.38.17:621][ 71]LogBlueprintUserMessages: [peoncito_2] 2.0
[2025.07.14-01.38.17:656][ 72]LogBlueprintUserMessages: [peoncito_2] Te moriste!
[2025.07.14-01.38.17:656][ 72]LogBlueprintUserMessages: [ReglasJuego_C_0] Noo, perdiste!
[2025.07.14-01.38.17:666][ 72]PIE: Error: Blueprint Runtime Error: "Accessed None trying to read property K2Node_DynamicCast_AsPeoncito". Blueprint:  BarraVIda Function:  Get Text 0 Graph:  GetText_0 Node:  Return Node
[2025.07.14-01.38.17:692][ 73]LogNet: Browse: /Game/ThirdPersonBP/Maps/Perdiste_Level
[2025.07.14-01.38.17:693][ 73]LogLoad: LoadMap: /Game/ThirdPersonBP/Maps/Perdiste_Level
[2025.07.14-01.38.17:693][ 73]LogWorld: BeginTearingDown for /Game/ThirdPersonBP/Maps/UEDPIE_0_ThirdPersonExampleMap
[2025.07.14-01.38.17:693][ 73]LogWorld: UWorld::CleanupWorld for ThirdPersonExampleMap, bSessionEnded=true, bCleanupResources=true
[2025.07.14-01.38.17:695][ 73]LogSlate: InvalidateAllWidgets triggered.  All widgets were invalidated
[2025.07.14-01.38.17:772][ 73]LogAudio: Display: Audio Device unregistered from world 'None'.
[2025.07.14-01.38.17:786][ 73]LogUObjectHash: Compacting FUObjectHashTables data took   9.24ms
[2025.07.14-01.38.17:826][ 73]LogAudio: Display: Audio Device (ID: 25) registered with world 'Perdiste_Level'.
[2025.07.14-01.38.17:828][ 73]LogAIModule: Creating AISystem for world Perdiste_Level
[2025.07.14-01.38.17:828][ 73]LogLoad: Game class is 'ReglasJuego_C'
[2025.07.14-01.38.17:912][ 73]LogWorld: Bringing World /Game/ThirdPersonBP/Maps/UEDPIE_0_Perdiste_Level.Perdiste_Level up for play (max tick rate 60) at 2025.07.13-22.38.17
[2025.07.14-01.38.17:913][ 73]LogWorld: Bringing up level for play took: 0.082478
[2025.07.14-01.38.17:913][ 73]LogGameMode: FindPlayerStart: PATHS NOT DEFINED or NO PLAYERSTART with positive rating
[2025.07.14-01.38.17:916][ 73]LogBlueprintUserMessages: [plataforma_2] Buenas buenas!
[2025.07.14-01.38.17:917][ 73]LogLoad: Took 0.224172 seconds to LoadMap(/Game/ThirdPersonBP/Maps/Perdiste_Level)
[2025.07.14-01.38.17:990][ 73]PIE: Error: Blueprint Runtime Error: "Accessed None trying to read property K2Node_DynamicCast_AsPeoncito". Blueprint:  BarraVIda Function:  Get Text 0 Graph:  GetText_0 Node:  Return Node
[2025.07.14-01.38.18:032][ 74]PIE: Error: Blueprint Runtime Error: "Accessed None trying to read property K2Node_DynamicCast_AsPeoncito". Blueprint:  BarraVIda Function:  Get Text 0 Graph:  GetText_0 Node:  Return Node
[2025.07.14-01.38.18:058][ 75]PIE: Error: Blueprint Runtime Error: "Accessed None trying to read property K2Node_DynamicCast_AsPeoncito". Blueprint:  BarraVIda Function:  Get Text 0 Graph:  GetText_0 Node:  Return Node
[2025.07.14-01.38.18:089][ 76]PIE: Error: Blueprint Runtime Error: "Accessed None trying to read property K2Node_DynamicCast_AsPeoncito". Blueprint:  BarraVIda Function:  Get Text 0 Graph:  GetText_0 Node:  Return Node
[2025.07.14-01.38.18:119][ 77]PIE: Error: Blueprint Runtime Error: "Accessed None trying to read property K2Node_DynamicCast_AsPeoncito". Blueprint:  BarraVIda Function:  Get Text 0 Graph:  GetText_0 Node:  Return Node
[2025.07.14-01.38.18:152][ 78]PIE: Error: Blueprint Runtime Error: "Accessed None trying to read property K2Node_DynamicCast_AsPeoncito". Blueprint:  BarraVIda Function:  Get Text 0 Graph:  GetText_0 Node:  Return Node
[2025.07.14-01.38.18:183][ 79]PIE: Error: Blueprint Runtime Error: "Accessed None trying to read property K2Node_DynamicCast_AsPeoncito". Blueprint:  BarraVIda Function:  Get Text 0 Graph:  GetText_0 Node:  Return Node
[2025.07.14-01.38.18:214][ 80]PIE: Error: Blueprint Runtime Error: "Accessed None trying to read property K2Node_DynamicCast_AsPeoncito". Blueprint:  BarraVIda Function:  Get Text 0 Graph:  GetText_0 Node:  Return Node
[2025.07.14-01.38.18:246][ 81]PIE: Error: Blueprint Runtime Error: "Accessed None trying to read property K2Node_DynamicCast_AsPeoncito". Blueprint:  BarraVIda Function:  Get Text 0 Graph:  GetText_0 Node:  Return Node
[2025.07.14-01.38.18:272][ 82]PIE: Error: Blueprint Runtime Error: "Accessed None trying to read property K2Node_DynamicCast_AsPeoncito". Blueprint:  BarraVIda Function:  Get Text 0 Graph:  GetText_0 Node:  Return Node
[2025.07.14-01.38.18:300][ 83]PIE: Error: Blueprint Runtime Error: "Accessed None trying to read property K2Node_DynamicCast_AsPeoncito". Blueprint:  BarraVIda Function:  Get Text 0 Graph:  GetText_0 Node:  Return Node
[2025.07.14-01.38.18:325][ 84]PIE: Error: Blueprint Runtime Error: "Accessed None trying to read property K2Node_DynamicCast_AsPeoncito". Blueprint:  BarraVIda Function:  Get Text 0 Graph:  GetText_0 Node:  Return Node
[2025.07.14-01.38.18:354][ 85]PIE: Error: Blueprint Runtime Error: "Accessed None trying to read property K2Node_DynamicCast_AsPeoncito". Blueprint:  BarraVIda Function:  Get Text 0 Graph:  GetText_0 Node:  Return Node
[2025.07.14-01.38.18:383][ 86]PIE: Error: Blueprint Runtime Error: "Accessed None trying to read property K2Node_DynamicCast_AsPeoncito". Blueprint:  BarraVIda Function:  Get Text 0 Graph:  GetText_0 Node:  Return Node
[2025.07.14-01.38.18:409][ 87]PIE: Error: Blueprint Runtime Error: "Accessed None trying to read property K2Node_DynamicCast_AsPeoncito". Blueprint:  BarraVIda Function:  Get Text 0 Graph:  GetText_0 Node:  Return Node
[2025.07.14-01.38.18:439][ 88]PIE: Error: Blueprint Runtime Error: "Accessed None trying to read property K2Node_DynamicCast_AsPeoncito". Blueprint:  BarraVIda Function:  Get Text 0 Graph:  GetText_0 Node:  Return Node
[2025.07.14-01.38.18:466][ 89]PIE: Error: Blueprint Runtime Error: "Accessed None trying to read property K2Node_DynamicCast_AsPeoncito". Blueprint:  BarraVIda Function:  Get Text 0 Graph:  GetText_0 Node:  Return Node
[2025.07.14-01.38.18:492][ 90]PIE: Error: Blueprint Runtime Error: "Accessed None trying to read property K2Node_DynamicCast_AsPeoncito". Blueprint:  BarraVIda Function:  Get Text 0 Graph:  GetText_0 Node:  Return Node
[2025.07.14-01.38.18:517][ 91]PIE: Error: Blueprint Runtime Error: "Accessed None trying to read property K2Node_DynamicCast_AsPeoncito". Blueprint:  BarraVIda Function:  Get Text 0 Graph:  GetText_0 Node:  Return Node
[2025.07.14-01.38.18:543][ 92]PIE: Error: Blueprint Runtime Error: "Accessed None trying to read property K2Node_DynamicCast_AsPeoncito". Blueprint:  BarraVIda Function:  Get Text 0 Graph:  GetText_0 Node:  Return Node
[2025.07.14-01.38.18:571][ 93]PIE: Error: Blueprint Runtime Error: "Accessed None trying to read property K2Node_DynamicCast_AsPeoncito". Blueprint:  BarraVIda Function:  Get Text 0 Graph:  GetText_0 Node:  Return Node
[2025.07.14-01.38.18:597][ 94]PIE: Error: Blueprint Runtime Error: "Accessed None trying to read property K2Node_DynamicCast_AsPeoncito". Blueprint:  BarraVIda Function:  Get Text 0 Graph:  GetText_0 Node:  Return Node
[2025.07.14-01.38.18:624][ 95]PIE: Error: Blueprint Runtime Error: "Accessed None trying to read property K2Node_DynamicCast_AsPeoncito". Blueprint:  BarraVIda Function:  Get Text 0 Graph:  GetText_0 Node:  Return Node
[2025.07.14-01.38.18:654][ 96]PIE: Error: Blueprint Runtime Error: "Accessed None trying to read property K2Node_DynamicCast_AsPeoncito". Blueprint:  BarraVIda Function:  Get Text 0 Graph:  GetText_0 Node:  Return Node
[2025.07.14-01.38.18:681][ 97]PIE: Error: Blueprint Runtime Error: "Accessed None trying to read property K2Node_DynamicCast_AsPeoncito". Blueprint:  BarraVIda Function:  Get Text 0 Graph:  GetText_0 Node:  Return Node
[2025.07.14-01.38.18:708][ 98]PIE: Error: Blueprint Runtime Error: "Accessed None trying to read property K2Node_DynamicCast_AsPeoncito". Blueprint:  BarraVIda Function:  Get Text 0 Graph:  GetText_0 Node:  Return Node
[2025.07.14-01.38.18:797][ 99]PIE: Error: Blueprint Runtime Error: "Accessed None trying to read property K2Node_DynamicCast_AsPeoncito". Blueprint:  BarraVIda Function:  Get Text 0 Graph:  GetText_0 Node:  Return Node
[2025.07.14-01.38.18:817][100]PIE: Error: Blueprint Runtime Error: "Accessed None trying to read property K2Node_DynamicCast_AsPeoncito". Blueprint:  BarraVIda Function:  Get Text 0 Graph:  GetText_0 Node:  Return Node
[2025.07.14-01.38.18:841][101]PIE: Error: Blueprint Runtime Error: "Accessed None trying to read property K2Node_DynamicCast_AsPeoncito". Blueprint:  BarraVIda Function:  Get Text 0 Graph:  GetText_0 Node:  Return Node
[2025.07.14-01.38.18:867][102]PIE: Error: Blueprint Runtime Error: "Accessed None trying to read property K2Node_DynamicCast_AsPeoncito". Blueprint:  BarraVIda Function:  Get Text 0 Graph:  GetText_0 Node:  Return Node
[2025.07.14-01.38.18:893][103]PIE: Error: Blueprint Runtime Error: "Accessed None trying to read property K2Node_DynamicCast_AsPeoncito". Blueprint:  BarraVIda Function:  Get Text 0 Graph:  GetText_0 Node:  Return Node
[2025.07.14-01.38.18:921][104]PIE: Error: Blueprint Runtime Error: "Accessed None trying to read property K2Node_DynamicCast_AsPeoncito". Blueprint:  BarraVIda Function:  Get Text 0 Graph:  GetText_0 Node:  Return Node
[2025.07.14-01.38.18:952][105]PIE: Error: Blueprint Runtime Error: "Accessed None trying to read property K2Node_DynamicCast_AsPeoncito". Blueprint:  BarraVIda Function:  Get Text 0 Graph:  GetText_0 Node:  Return Node
[2025.07.14-01.38.18:985][106]PIE: Error: Blueprint Runtime Error: "Accessed None trying to read property K2Node_DynamicCast_AsPeoncito". Blueprint:  BarraVIda Function:  Get Text 0 Graph:  GetText_0 Node:  Return Node
[2025.07.14-01.38.19:016][107]PIE: Error: Blueprint Runtime Error: "Accessed None trying to read property K2Node_DynamicCast_AsPeoncito". Blueprint:  BarraVIda Function:  Get Text 0 Graph:  GetText_0 Node:  Return Node
[2025.07.14-01.38.19:043][108]PIE: Error: Blueprint Runtime Error: "Accessed None trying to read property K2Node_DynamicCast_AsPeoncito". Blueprint:  BarraVIda Function:  Get Text 0 Graph:  GetText_0 Node:  Return Node
[2025.07.14-01.38.19:071][109]PIE: Error: Blueprint Runtime Error: "Accessed None trying to read property K2Node_DynamicCast_AsPeoncito". Blueprint:  BarraVIda Function:  Get Text 0 Graph:  GetText_0 Node:  Return Node
[2025.07.14-01.38.19:102][110]PIE: Error: Blueprint Runtime Error: "Accessed None trying to read property K2Node_DynamicCast_AsPeoncito". Blueprint:  BarraVIda Function:  Get Text 0 Graph:  GetText_0 Node:  Return Node
[2025.07.14-01.38.19:129][111]PIE: Error: Blueprint Runtime Error: "Accessed None trying to read property K2Node_DynamicCast_AsPeoncito". Blueprint:  BarraVIda Function:  Get Text 0 Graph:  GetText_0 Node:  Return Node
[2025.07.14-01.38.19:160][112]PIE: Error: Blueprint Runtime Error: "Accessed None trying to read property K2Node_DynamicCast_AsPeoncito". Blueprint:  BarraVIda Function:  Get Text 0 Graph:  GetText_0 Node:  Return Node
[2025.07.14-01.38.19:181][113]PIE: Error: Blueprint Runtime Error: "Accessed None trying to read property K2Node_DynamicCast_AsPeoncito". Blueprint:  BarraVIda Function:  Get Text 0 Graph:  GetText_0 Node:  Return Node
[2025.07.14-01.38.19:203][114]PIE: Error: Blueprint Runtime Error: "Accessed None trying to read property K2Node_DynamicCast_AsPeoncito". Blueprint:  BarraVIda Function:  Get Text 0 Graph:  GetText_0 Node:  Return Node
[2025.07.14-01.38.19:230][115]PIE: Error: Blueprint Runtime Error: "Accessed None trying to read property K2Node_DynamicCast_AsPeoncito". Blueprint:  BarraVIda Function:  Get Text 0 Graph:  GetText_0 Node:  Return Node
[2025.07.14-01.38.19:257][116]PIE: Error: Blueprint Runtime Error: "Accessed None trying to read property K2Node_DynamicCast_AsPeoncito". Blueprint:  BarraVIda Function:  Get Text 0 Graph:  GetText_0 Node:  Return Node
[2025.07.14-01.38.19:284][117]PIE: Error: Blueprint Runtime Error: "Accessed None trying to read property K2Node_DynamicCast_AsPeoncito". Blueprint:  BarraVIda Function:  Get Text 0 Graph:  GetText_0 Node:  Return Node
[2025.07.14-01.38.19:311][118]PIE: Error: Blueprint Runtime Error: "Accessed None trying to read property K2Node_DynamicCast_AsPeoncito". Blueprint:  BarraVIda Function:  Get Text 0 Graph:  GetText_0 Node:  Return Node
[2025.07.14-01.38.19:337][119]PIE: Error: Blueprint Runtime Error: "Accessed None trying to read property K2Node_DynamicCast_AsPeoncito". Blueprint:  BarraVIda Function:  Get Text 0 Graph:  GetText_0 Node:  Return Node
[2025.07.14-01.38.19:363][120]PIE: Error: Blueprint Runtime Error: "Accessed None trying to read property K2Node_DynamicCast_AsPeoncito". Blueprint:  BarraVIda Function:  Get Text 0 Graph:  GetText_0 Node:  Return Node
[2025.07.14-01.38.19:389][121]PIE: Error: Blueprint Runtime Error: "Accessed None trying to read property K2Node_DynamicCast_AsPeoncito". Blueprint:  BarraVIda Function:  Get Text 0 Graph:  GetText_0 Node:  Return Node
[2025.07.14-01.38.19:416][122]PIE: Error: Blueprint Runtime Error: "Accessed None trying to read property K2Node_DynamicCast_AsPeoncito". Blueprint:  BarraVIda Function:  Get Text 0 Graph:  GetText_0 Node:  Return Node
[2025.07.14-01.38.19:453][123]PIE: Error: Blueprint Runtime Error: "Accessed None trying to read property K2Node_DynamicCast_AsPeoncito". Blueprint:  BarraVIda Function:  Get Text 0 Graph:  GetText_0 Node:  Return Node
[2025.07.14-01.38.19:484][124]PIE: Error: Blueprint Runtime Error: "Accessed None trying to read property K2Node_DynamicCast_AsPeoncito". Blueprint:  BarraVIda Function:  Get Text 0 Graph:  GetText_0 Node:  Return Node
[2025.07.14-01.38.19:505][125]PIE: Error: Blueprint Runtime Error: "Accessed None trying to read property K2Node_DynamicCast_AsPeoncito". Blueprint:  BarraVIda Function:  Get Text 0 Graph:  GetText_0 Node:  Return Node
[2025.07.14-01.38.19:531][126]PIE: Error: Blueprint Runtime Error: "Accessed None trying to read property K2Node_DynamicCast_AsPeoncito". Blueprint:  BarraVIda Function:  Get Text 0 Graph:  GetText_0 Node:  Return Node
[2025.07.14-01.38.19:556][127]PIE: Error: Blueprint Runtime Error: "Accessed None trying to read property K2Node_DynamicCast_AsPeoncito". Blueprint:  BarraVIda Function:  Get Text 0 Graph:  GetText_0 Node:  Return Node
[2025.07.14-01.38.19:586][128]PIE: Error: Blueprint Runtime Error: "Accessed None trying to read property K2Node_DynamicCast_AsPeoncito". Blueprint:  BarraVIda Function:  Get Text 0 Graph:  GetText_0 Node:  Return Node
[2025.07.14-01.38.19:613][129]PIE: Error: Blueprint Runtime Error: "Accessed None trying to read property K2Node_DynamicCast_AsPeoncito". Blueprint:  BarraVIda Function:  Get Text 0 Graph:  GetText_0 Node:  Return Node
[2025.07.14-01.38.19:642][130]PIE: Error: Blueprint Runtime Error: "Accessed None trying to read property K2Node_DynamicCast_AsPeoncito". Blueprint:  BarraVIda Function:  Get Text 0 Graph:  GetText_0 Node:  Return Node
[2025.07.14-01.38.19:669][131]PIE: Error: Blueprint Runtime Error: "Accessed None trying to read property K2Node_DynamicCast_AsPeoncito". Blueprint:  BarraVIda Function:  Get Text 0 Graph:  GetText_0 Node:  Return Node
[2025.07.14-01.38.19:696][132]PIE: Error: Blueprint Runtime Error: "Accessed None trying to read property K2Node_DynamicCast_AsPeoncito". Blueprint:  BarraVIda Function:  Get Text 0 Graph:  GetText_0 Node:  Return Node
[2025.07.14-01.38.19:718][133]PIE: Error: Blueprint Runtime Error: "Accessed None trying to read property K2Node_DynamicCast_AsPeoncito". Blueprint:  BarraVIda Function:  Get Text 0 Graph:  GetText_0 Node:  Return Node
[2025.07.14-01.38.19:739][134]PIE: Error: Blueprint Runtime Error: "Accessed None trying to read property K2Node_DynamicCast_AsPeoncito". Blueprint:  BarraVIda Function:  Get Text 0 Graph:  GetText_0 Node:  Return Node
[2025.07.14-01.38.19:762][135]PIE: Error: Blueprint Runtime Error: "Accessed None trying to read property K2Node_DynamicCast_AsPeoncito". Blueprint:  BarraVIda Function:  Get Text 0 Graph:  GetText_0 Node:  Return Node
[2025.07.14-01.38.19:783][136]PIE: Error: Blueprint Runtime Error: "Accessed None trying to read property K2Node_DynamicCast_AsPeoncito". Blueprint:  BarraVIda Function:  Get Text 0 Graph:  GetText_0 Node:  Return Node
[2025.07.14-01.38.19:806][137]PIE: Error: Blueprint Runtime Error: "Accessed None trying to read property K2Node_DynamicCast_AsPeoncito". Blueprint:  BarraVIda Function:  Get Text 0 Graph:  GetText_0 Node:  Return Node
[2025.07.14-01.38.19:833][138]PIE: Error: Blueprint Runtime Error: "Accessed None trying to read property K2Node_DynamicCast_AsPeoncito". Blueprint:  BarraVIda Function:  Get Text 0 Graph:  GetText_0 Node:  Return Node
[2025.07.14-01.38.19:862][139]PIE: Error: Blueprint Runtime Error: "Accessed None trying to read property K2Node_DynamicCast_AsPeoncito". Blueprint:  BarraVIda Function:  Get Text 0 Graph:  GetText_0 Node:  Return Node
[2025.07.14-01.38.19:893][140]PIE: Error: Blueprint Runtime Error: "Accessed None trying to read property K2Node_DynamicCast_AsPeoncito". Blueprint:  BarraVIda Function:  Get Text 0 Graph:  GetText_0 Node:  Return Node
[2025.07.14-01.38.19:919][141]PIE: Error: Blueprint Runtime Error: "Accessed None trying to read property K2Node_DynamicCast_AsPeoncito". Blueprint:  BarraVIda Function:  Get Text 0 Graph:  GetText_0 Node:  Return Node
[2025.07.14-01.38.19:942][142]PIE: Error: Blueprint Runtime Error: "Accessed None trying to read property K2Node_DynamicCast_AsPeoncito". Blueprint:  BarraVIda Function:  Get Text 0 Graph:  GetText_0 Node:  Return Node
[2025.07.14-01.38.19:967][143]PIE: Error: Blueprint Runtime Error: "Accessed None trying to read property K2Node_DynamicCast_AsPeoncito". Blueprint:  BarraVIda Function:  Get Text 0 Graph:  GetText_0 Node:  Return Node
[2025.07.14-01.38.19:993][144]PIE: Error: Blueprint Runtime Error: "Accessed None trying to read property K2Node_DynamicCast_AsPeoncito". Blueprint:  BarraVIda Function:  Get Text 0 Graph:  GetText_0 Node:  Return Node
[2025.07.14-01.38.20:018][145]PIE: Error: Blueprint Runtime Error: "Accessed None trying to read property K2Node_DynamicCast_AsPeoncito". Blueprint:  BarraVIda Function:  Get Text 0 Graph:  GetText_0 Node:  Return Node
[2025.07.14-01.38.20:041][146]PIE: Error: Blueprint Runtime Error: "Accessed None trying to read property K2Node_DynamicCast_AsPeoncito". Blueprint:  BarraVIda Function:  Get Text 0 Graph:  GetText_0 Node:  Return Node
[2025.07.14-01.38.20:070][147]PIE: Error: Blueprint Runtime Error: "Accessed None trying to read property K2Node_DynamicCast_AsPeoncito". Blueprint:  BarraVIda Function:  Get Text 0 Graph:  GetText_0 Node:  Return Node
[2025.07.14-01.38.20:103][148]PIE: Error: Blueprint Runtime Error: "Accessed None trying to read property K2Node_DynamicCast_AsPeoncito". Blueprint:  BarraVIda Function:  Get Text 0 Graph:  GetText_0 Node:  Return Node
[2025.07.14-01.38.20:132][149]PIE: Error: Blueprint Runtime Error: "Accessed None trying to read property K2Node_DynamicCast_AsPeoncito". Blueprint:  BarraVIda Function:  Get Text 0 Graph:  GetText_0 Node:  Return Node
[2025.07.14-01.38.20:160][150]PIE: Error: Blueprint Runtime Error: "Accessed None trying to read property K2Node_DynamicCast_AsPeoncito". Blueprint:  BarraVIda Function:  Get Text 0 Graph:  GetText_0 Node:  Return Node
[2025.07.14-01.38.20:191][151]PIE: Error: Blueprint Runtime Error: "Accessed None trying to read property K2Node_DynamicCast_AsPeoncito". Blueprint:  BarraVIda Function:  Get Text 0 Graph:  GetText_0 Node:  Return Node
[2025.07.14-01.38.20:224][152]PIE: Error: Blueprint Runtime Error: "Accessed None trying to read property K2Node_DynamicCast_AsPeoncito". Blueprint:  BarraVIda Function:  Get Text 0 Graph:  GetText_0 Node:  Return Node
[2025.07.14-01.38.20:256][153]PIE: Error: Blueprint Runtime Error: "Accessed None trying to read property K2Node_DynamicCast_AsPeoncito". Blueprint:  BarraVIda Function:  Get Text 0 Graph:  GetText_0 Node:  Return Node
[2025.07.14-01.38.20:291][154]PIE: Error: Blueprint Runtime Error: "Accessed None trying to read property K2Node_DynamicCast_AsPeoncito". Blueprint:  BarraVIda Function:  Get Text 0 Graph:  GetText_0 Node:  Return Node
[2025.07.14-01.38.20:322][155]PIE: Error: Blueprint Runtime Error: "Accessed None trying to read property K2Node_DynamicCast_AsPeoncito". Blueprint:  BarraVIda Function:  Get Text 0 Graph:  GetText_0 Node:  Return Node
[2025.07.14-01.38.20:353][156]PIE: Error: Blueprint Runtime Error: "Accessed None trying to read property K2Node_DynamicCast_AsPeoncito". Blueprint:  BarraVIda Function:  Get Text 0 Graph:  GetText_0 Node:  Return Node
[2025.07.14-01.38.20:427][157]LogSlate: Updating window title bar state: overlay mode, drag disabled, window buttons hidden, title bar hidden
[2025.07.14-01.38.20:427][157]LogWorld: BeginTearingDown for /Game/ThirdPersonBP/Maps/UEDPIE_0_Perdiste_Level
[2025.07.14-01.38.20:427][157]LogWorld: UWorld::CleanupWorld for Perdiste_Level, bSessionEnded=true, bCleanupResources=true
[2025.07.14-01.38.20:429][157]LogSlate: InvalidateAllWidgets triggered.  All widgets were invalidated
[2025.07.14-01.38.20:444][157]LogPlayLevel: Display: Shutting down PIE online subsystems
[2025.07.14-01.38.20:451][157]LogSlate: InvalidateAllWidgets triggered.  All widgets were invalidated
[2025.07.14-01.38.20:501][157]LogSlate: Updating window title bar state: overlay mode, drag disabled, window buttons hidden, title bar hidden
[2025.07.14-01.38.20:502][157]LogAudioMixer: FMixerPlatformXAudio2::StopAudioStream() called
[2025.07.14-01.38.20:504][157]LogAudioMixer: FMixerPlatformXAudio2::StopAudioStream() called
[2025.07.14-01.38.20:517][157]LogUObjectHash: Compacting FUObjectHashTables data took   5.12ms
[2025.07.14-01.38.20:810][158]LogPlayLevel: Display: Destroying online subsystem :Context_51
[2025.07.14-01.38.22:232][206]LogSlate: Window 'Message Log' being destroyed
[2025.07.14-01.38.22:256][206]LogSlate: Window 'Message Log' being destroyed
[2025.07.14-01.38.23:347][252]LogEditorViewport: Clicking on Actor (LMB): StaticMeshActor (Floor)
[2025.07.14-01.38.27:674][423]LogTemp: Repeating last play command: Selected Viewport
[2025.07.14-01.38.27:712][423]LogPlayLevel: PlayLevel: No blueprints needed recompiling
[2025.07.14-01.38.27:713][423]PIE: New page: PIE session: ThirdPersonExampleMap (Jul 13, 2025, 7:38:27 PM)
[2025.07.14-01.38.27:713][423]LogPlayLevel: Creating play world package: /Game/ThirdPersonBP/Maps/UEDPIE_0_ThirdPersonExampleMap
[2025.07.14-01.38.27:746][423]LogPlayLevel: PIE: StaticDuplicateObject took: (0.032136s)
[2025.07.14-01.38.27:748][423]LogAIModule: Creating AISystem for world ThirdPersonExampleMap
[2025.07.14-01.38.27:748][423]LogPlayLevel: PIE: World Init took: (0.002073s)
[2025.07.14-01.38.27:748][423]LogPlayLevel: PIE: Created PIE world by copying editor world from /Game/ThirdPersonBP/Maps/ThirdPersonExampleMap.ThirdPersonExampleMap to /Game/ThirdPersonBP/Maps/UEDPIE_0_ThirdPersonExampleMap.ThirdPersonExampleMap (0.034524s)
[2025.07.14-01.38.27:822][423]LogUObjectHash: Compacting FUObjectHashTables data took   5.77ms
[2025.07.14-01.38.27:824][423]LogAudio: Display: Creating Audio Device:                 Id: 26, Scope: Unique, Realtime: True
[2025.07.14-01.38.27:824][423]LogAudioMixer: Display: Audio Mixer Platform Settings:
[2025.07.14-01.38.27:824][423]LogAudioMixer: Display: 	Sample Rate:						  48000
[2025.07.14-01.38.27:824][423]LogAudioMixer: Display: 	Callback Buffer Frame Size Requested: 1024
[2025.07.14-01.38.27:825][423]LogAudioMixer: Display: 	Callback Buffer Frame Size To Use:	  1024
[2025.07.14-01.38.27:825][423]LogAudioMixer: Display: 	Number of buffers to queue:			  2
[2025.07.14-01.38.27:825][423]LogAudioMixer: Display: 	Max Channels (voices):				  32
[2025.07.14-01.38.27:825][423]LogAudioMixer: Display: 	Number of Async Source Workers:		  0
[2025.07.14-01.38.27:825][423]LogAudio: Display: AudioDevice MaxSources: 32
[2025.07.14-01.38.27:826][423]LogAudio: Display: Audio Spatialization Plugin: None (built-in).
[2025.07.14-01.38.27:826][423]LogAudio: Display: Audio Reverb Plugin: None (built-in).
[2025.07.14-01.38.27:826][423]LogAudio: Display: Audio Occlusion Plugin: None (built-in).
[2025.07.14-01.38.27:826][423]LogAudioMixer: Display: Initializing audio mixer.
[2025.07.14-01.38.27:836][423]LogAudioMixer: Display: 0: FrontLeft
[2025.07.14-01.38.27:836][423]LogAudioMixer: Display: 1: FrontRight
[2025.07.14-01.38.27:881][423]LogAudioMixer: Display: Using Audio Device Headphones (SOUNDPEATS Mini HS Stereo)
[2025.07.14-01.38.27:881][423]LogAudioMixer: Display: Initializing Sound Submixes...
[2025.07.14-01.38.27:881][423]LogAudioMixer: Display: Creating Master Submix 'MasterSubmixDefault'
[2025.07.14-01.38.27:881][423]LogAudioMixer: Display: Creating Master Submix 'MasterReverbSubmixDefault'
[2025.07.14-01.38.27:882][423]LogAudioMixer: Display: Creating Master Submix 'MasterEQSubmixDefault'
[2025.07.14-01.38.27:882][423]LogAudioMixer: FMixerPlatformXAudio2::StartAudioStream() called
[2025.07.14-01.38.27:882][423]LogAudioMixer: Display: Output buffers initialized: Frames=1024, Channels=2, Samples=2048
[2025.07.14-01.38.27:884][423]LogAudioMixer: Display: Starting AudioMixerPlatformInterface::RunInternal()
[2025.07.14-01.38.27:884][423]LogAudioMixer: Display: FMixerPlatformXAudio2::SubmitBuffer() called for the first time
[2025.07.14-01.38.27:884][423]LogInit: FAudioDevice initialized.
[2025.07.14-01.38.27:884][423]LogAudio: Display: Audio Device (ID: 26) registered with world 'ThirdPersonExampleMap'.
[2025.07.14-01.38.27:895][423]LogLoad: Game class is 'ReglasJuego_C'
[2025.07.14-01.38.27:905][423]LogWorld: Bringing World /Game/ThirdPersonBP/Maps/UEDPIE_0_ThirdPersonExampleMap.ThirdPersonExampleMap up for play (max tick rate 60) at 2025.07.13-22.38.27
[2025.07.14-01.38.27:906][423]LogWorld: Bringing up level for play took: 0.009408
[2025.07.14-01.38.27:906][423]LogOnline: OSS: Creating online subsystem instance for: :Context_52
[2025.07.14-01.38.27:910][423]LogBlueprintUserMessages: [plataforma_2] Buenas buenas!
[2025.07.14-01.38.27:913][423]PIE: Server logged in
[2025.07.14-01.38.27:914][423]PIE: Play in editor total start time 0.222 seconds.
[2025.07.14-01.38.30:658][542]LogBlueprintUserMessages: [bala_C_6] Le reste 25 al bad fella
[2025.07.14-01.38.30:703][544]LogBlueprintUserMessages: [bala_C_5] El peoncito perdio 10 de vida!!!!
[2025.07.14-01.38.30:724][545]LogBlueprintUserMessages: [bala_C_5] El peoncito perdio 10 de vida!!!!
[2025.07.14-01.38.32:142][606]LogBlueprintUserMessages: [Balaza_C_3] Le reste 30 al peoncito
[2025.07.14-01.38.32:216][609]LogBlueprintUserMessages: [ReglasJuego_C_0] El puntaje subio!
[2025.07.14-01.38.32:216][609]LogBlueprintUserMessages: [ReglasJuego_C_0] 2
[2025.07.14-01.38.32:445][619]LogBlueprintUserMessages: [peoncito_2] Te queda de vida:
[2025.07.14-01.38.32:445][619]LogBlueprintUserMessages: [peoncito_2] 58.0
[2025.07.14-01.38.32:469][620]LogBlueprintUserMessages: [peoncito_2] Te queda de vida:
[2025.07.14-01.38.32:469][620]LogBlueprintUserMessages: [peoncito_2] 56.0
[2025.07.14-01.38.32:499][621]LogBlueprintUserMessages: [peoncito_2] Te queda de vida:
[2025.07.14-01.38.32:500][621]LogBlueprintUserMessages: [peoncito_2] 54.0
[2025.07.14-01.38.32:528][622]LogBlueprintUserMessages: [peoncito_2] Te queda de vida:
[2025.07.14-01.38.32:528][622]LogBlueprintUserMessages: [peoncito_2] 52.0
[2025.07.14-01.38.32:560][623]LogBlueprintUserMessages: [peoncito_2] Te queda de vida:
[2025.07.14-01.38.32:560][623]LogBlueprintUserMessages: [peoncito_2] 50.0
[2025.07.14-01.38.32:587][624]LogBlueprintUserMessages: [peoncito_2] Te queda de vida:
[2025.07.14-01.38.32:587][624]LogBlueprintUserMessages: [peoncito_2] 48.0
[2025.07.14-01.38.32:611][625]LogBlueprintUserMessages: [peoncito_2] Te queda de vida:
[2025.07.14-01.38.32:611][625]LogBlueprintUserMessages: [peoncito_2] 46.0
[2025.07.14-01.38.32:634][626]LogBlueprintUserMessages: [peoncito_2] Te queda de vida:
[2025.07.14-01.38.32:635][626]LogBlueprintUserMessages: [peoncito_2] 44.0
[2025.07.14-01.38.32:660][627]LogBlueprintUserMessages: [peoncito_2] Te queda de vida:
[2025.07.14-01.38.32:660][627]LogBlueprintUserMessages: [peoncito_2] 42.0
[2025.07.14-01.38.32:682][628]LogBlueprintUserMessages: [ReglasJuego_C_0] El puntaje subio!
[2025.07.14-01.38.32:682][628]LogBlueprintUserMessages: [ReglasJuego_C_0] 4
[2025.07.14-01.38.32:682][628]LogBlueprintUserMessages: [peoncito_2] Te queda de vida:
[2025.07.14-01.38.32:683][628]LogBlueprintUserMessages: [peoncito_2] 40.0
[2025.07.14-01.38.32:683][628]LogBlueprintUserMessages: [peoncito_2] Te queda de vida:
[2025.07.14-01.38.32:683][628]LogBlueprintUserMessages: [peoncito_2] 38.0
[2025.07.14-01.38.32:704][629]LogBlueprintUserMessages: [peoncito_2] Te queda de vida:
[2025.07.14-01.38.32:704][629]LogBlueprintUserMessages: [peoncito_2] 36.0
[2025.07.14-01.38.32:704][629]LogBlueprintUserMessages: [peoncito_2] Te queda de vida:
[2025.07.14-01.38.32:704][629]LogBlueprintUserMessages: [peoncito_2] 34.0
[2025.07.14-01.38.32:727][630]LogBlueprintUserMessages: [peoncito_2] Te queda de vida:
[2025.07.14-01.38.32:727][630]LogBlueprintUserMessages: [peoncito_2] 32.0
[2025.07.14-01.38.32:727][630]LogBlueprintUserMessages: [peoncito_2] Te queda de vida:
[2025.07.14-01.38.32:727][630]LogBlueprintUserMessages: [peoncito_2] 30.0
[2025.07.14-01.38.32:747][631]LogBlueprintUserMessages: [peoncito_2] Te queda de vida:
[2025.07.14-01.38.32:747][631]LogBlueprintUserMessages: [peoncito_2] 28.0
[2025.07.14-01.38.32:747][631]LogBlueprintUserMessages: [peoncito_2] Te queda de vida:
[2025.07.14-01.38.32:747][631]LogBlueprintUserMessages: [peoncito_2] 26.0
[2025.07.14-01.38.32:769][632]LogBlueprintUserMessages: [peoncito_2] Te queda de vida:
[2025.07.14-01.38.32:769][632]LogBlueprintUserMessages: [peoncito_2] 24.0
[2025.07.14-01.38.32:794][633]LogBlueprintUserMessages: [peoncito_2] Te queda de vida:
[2025.07.14-01.38.32:794][633]LogBlueprintUserMessages: [peoncito_2] 22.0
[2025.07.14-01.38.32:819][634]LogBlueprintUserMessages: [peoncito_2] Te queda de vida:
[2025.07.14-01.38.32:819][634]LogBlueprintUserMessages: [peoncito_2] 20.0
[2025.07.14-01.38.32:843][635]LogBlueprintUserMessages: [peoncito_2] Te queda de vida:
[2025.07.14-01.38.32:843][635]LogBlueprintUserMessages: [peoncito_2] 18.0
[2025.07.14-01.38.32:868][636]LogBlueprintUserMessages: [peoncito_2] Te queda de vida:
[2025.07.14-01.38.32:868][636]LogBlueprintUserMessages: [peoncito_2] 16.0
[2025.07.14-01.38.32:894][637]LogBlueprintUserMessages: [peoncito_2] Te queda de vida:
[2025.07.14-01.38.32:894][637]LogBlueprintUserMessages: [peoncito_2] 14.0
[2025.07.14-01.38.32:894][637]LogBlueprintUserMessages: [peoncito_2] Te queda de vida:
[2025.07.14-01.38.32:895][637]LogBlueprintUserMessages: [peoncito_2] 12.0
[2025.07.14-01.38.32:919][638]LogBlueprintUserMessages: [peoncito_2] Te queda de vida:
[2025.07.14-01.38.32:919][638]LogBlueprintUserMessages: [peoncito_2] 10.0
[2025.07.14-01.38.32:919][638]LogBlueprintUserMessages: [peoncito_2] Te queda de vida:
[2025.07.14-01.38.32:919][638]LogBlueprintUserMessages: [peoncito_2] 8.0
[2025.07.14-01.38.32:946][639]LogBlueprintUserMessages: [peoncito_2] Te queda de vida:
[2025.07.14-01.38.32:947][639]LogBlueprintUserMessages: [peoncito_2] 6.0
[2025.07.14-01.38.32:947][639]LogBlueprintUserMessages: [peoncito_2] Te queda de vida:
[2025.07.14-01.38.32:947][639]LogBlueprintUserMessages: [peoncito_2] 4.0
[2025.07.14-01.38.32:974][640]LogBlueprintUserMessages: [peoncito_2] Te queda de vida:
[2025.07.14-01.38.32:974][640]LogBlueprintUserMessages: [peoncito_2] 2.0
[2025.07.14-01.38.32:975][640]LogBlueprintUserMessages: [peoncito_2] Te moriste!
[2025.07.14-01.38.32:975][640]LogBlueprintUserMessages: [ReglasJuego_C_0] Noo, perdiste!
[2025.07.14-01.38.32:982][640]PIE: Error: Blueprint Runtime Error: "Accessed None trying to read property K2Node_DynamicCast_AsPeoncito". Blueprint:  BarraVIda Function:  Get Text 0 Graph:  GetText_0 Node:  Return Node
[2025.07.14-01.38.33:000][641]LogNet: Browse: /Game/ThirdPersonBP/Maps/Perdiste_Level
[2025.07.14-01.38.33:000][641]LogLoad: LoadMap: /Game/ThirdPersonBP/Maps/Perdiste_Level
[2025.07.14-01.38.33:000][641]LogWorld: BeginTearingDown for /Game/ThirdPersonBP/Maps/UEDPIE_0_ThirdPersonExampleMap
[2025.07.14-01.38.33:001][641]LogWorld: UWorld::CleanupWorld for ThirdPersonExampleMap, bSessionEnded=true, bCleanupResources=true
[2025.07.14-01.38.33:002][641]LogSlate: InvalidateAllWidgets triggered.  All widgets were invalidated
[2025.07.14-01.38.33:116][641]LogAudio: Display: Audio Device unregistered from world 'None'.
[2025.07.14-01.38.33:120][641]LogUObjectHash: Compacting FUObjectHashTables data took   3.03ms
[2025.07.14-01.38.33:147][641]LogAudio: Display: Audio Device (ID: 26) registered with world 'Perdiste_Level'.
[2025.07.14-01.38.33:150][641]LogAIModule: Creating AISystem for world Perdiste_Level
[2025.07.14-01.38.33:150][641]LogLoad: Game class is 'ReglasJuego_C'
[2025.07.14-01.38.33:209][641]LogWorld: Bringing World /Game/ThirdPersonBP/Maps/UEDPIE_0_Perdiste_Level.Perdiste_Level up for play (max tick rate 60) at 2025.07.13-22.38.33
[2025.07.14-01.38.33:209][641]LogWorld: Bringing up level for play took: 0.057857
[2025.07.14-01.38.33:210][641]LogGameMode: FindPlayerStart: PATHS NOT DEFINED or NO PLAYERSTART with positive rating
[2025.07.14-01.38.33:213][641]LogBlueprintUserMessages: [plataforma_2] Buenas buenas!
[2025.07.14-01.38.33:214][641]LogLoad: Took 0.213220 seconds to LoadMap(/Game/ThirdPersonBP/Maps/Perdiste_Level)
[2025.07.14-01.38.33:268][641]PIE: Error: Blueprint Runtime Error: "Accessed None trying to read property K2Node_DynamicCast_AsPeoncito". Blueprint:  BarraVIda Function:  Get Text 0 Graph:  GetText_0 Node:  Return Node
[2025.07.14-01.38.33:292][642]PIE: Error: Blueprint Runtime Error: "Accessed None trying to read property K2Node_DynamicCast_AsPeoncito". Blueprint:  BarraVIda Function:  Get Text 0 Graph:  GetText_0 Node:  Return Node
[2025.07.14-01.38.33:309][643]PIE: Error: Blueprint Runtime Error: "Accessed None trying to read property K2Node_DynamicCast_AsPeoncito". Blueprint:  BarraVIda Function:  Get Text 0 Graph:  GetText_0 Node:  Return Node
[2025.07.14-01.38.33:328][644]PIE: Error: Blueprint Runtime Error: "Accessed None trying to read property K2Node_DynamicCast_AsPeoncito". Blueprint:  BarraVIda Function:  Get Text 0 Graph:  GetText_0 Node:  Return Node
[2025.07.14-01.38.33:346][645]PIE: Error: Blueprint Runtime Error: "Accessed None trying to read property K2Node_DynamicCast_AsPeoncito". Blueprint:  BarraVIda Function:  Get Text 0 Graph:  GetText_0 Node:  Return Node
[2025.07.14-01.38.33:365][646]PIE: Error: Blueprint Runtime Error: "Accessed None trying to read property K2Node_DynamicCast_AsPeoncito". Blueprint:  BarraVIda Function:  Get Text 0 Graph:  GetText_0 Node:  Return Node
[2025.07.14-01.38.33:382][647]PIE: Error: Blueprint Runtime Error: "Accessed None trying to read property K2Node_DynamicCast_AsPeoncito". Blueprint:  BarraVIda Function:  Get Text 0 Graph:  GetText_0 Node:  Return Node
[2025.07.14-01.38.33:400][648]PIE: Error: Blueprint Runtime Error: "Accessed None trying to read property K2Node_DynamicCast_AsPeoncito". Blueprint:  BarraVIda Function:  Get Text 0 Graph:  GetText_0 Node:  Return Node
[2025.07.14-01.38.33:416][649]PIE: Error: Blueprint Runtime Error: "Accessed None trying to read property K2Node_DynamicCast_AsPeoncito". Blueprint:  BarraVIda Function:  Get Text 0 Graph:  GetText_0 Node:  Return Node
[2025.07.14-01.38.33:435][650]PIE: Error: Blueprint Runtime Error: "Accessed None trying to read property K2Node_DynamicCast_AsPeoncito". Blueprint:  BarraVIda Function:  Get Text 0 Graph:  GetText_0 Node:  Return Node
[2025.07.14-01.38.33:456][651]PIE: Error: Blueprint Runtime Error: "Accessed None trying to read property K2Node_DynamicCast_AsPeoncito". Blueprint:  BarraVIda Function:  Get Text 0 Graph:  GetText_0 Node:  Return Node
[2025.07.14-01.38.33:481][652]PIE: Error: Blueprint Runtime Error: "Accessed None trying to read property K2Node_DynamicCast_AsPeoncito". Blueprint:  BarraVIda Function:  Get Text 0 Graph:  GetText_0 Node:  Return Node
[2025.07.14-01.38.33:509][653]PIE: Error: Blueprint Runtime Error: "Accessed None trying to read property K2Node_DynamicCast_AsPeoncito". Blueprint:  BarraVIda Function:  Get Text 0 Graph:  GetText_0 Node:  Return Node
[2025.07.14-01.38.33:534][654]PIE: Error: Blueprint Runtime Error: "Accessed None trying to read property K2Node_DynamicCast_AsPeoncito". Blueprint:  BarraVIda Function:  Get Text 0 Graph:  GetText_0 Node:  Return Node
[2025.07.14-01.38.33:561][655]PIE: Error: Blueprint Runtime Error: "Accessed None trying to read property K2Node_DynamicCast_AsPeoncito". Blueprint:  BarraVIda Function:  Get Text 0 Graph:  GetText_0 Node:  Return Node
[2025.07.14-01.38.33:586][656]PIE: Error: Blueprint Runtime Error: "Accessed None trying to read property K2Node_DynamicCast_AsPeoncito". Blueprint:  BarraVIda Function:  Get Text 0 Graph:  GetText_0 Node:  Return Node
[2025.07.14-01.38.33:612][657]PIE: Error: Blueprint Runtime Error: "Accessed None trying to read property K2Node_DynamicCast_AsPeoncito". Blueprint:  BarraVIda Function:  Get Text 0 Graph:  GetText_0 Node:  Return Node
[2025.07.14-01.38.33:637][658]PIE: Error: Blueprint Runtime Error: "Accessed None trying to read property K2Node_DynamicCast_AsPeoncito". Blueprint:  BarraVIda Function:  Get Text 0 Graph:  GetText_0 Node:  Return Node
[2025.07.14-01.38.33:654][659]PIE: Error: Blueprint Runtime Error: "Accessed None trying to read property K2Node_DynamicCast_AsPeoncito". Blueprint:  BarraVIda Function:  Get Text 0 Graph:  GetText_0 Node:  Return Node
[2025.07.14-01.38.33:672][660]PIE: Error: Blueprint Runtime Error: "Accessed None trying to read property K2Node_DynamicCast_AsPeoncito". Blueprint:  BarraVIda Function:  Get Text 0 Graph:  GetText_0 Node:  Return Node
[2025.07.14-01.38.33:695][661]PIE: Error: Blueprint Runtime Error: "Accessed None trying to read property K2Node_DynamicCast_AsPeoncito". Blueprint:  BarraVIda Function:  Get Text 0 Graph:  GetText_0 Node:  Return Node
[2025.07.14-01.38.33:718][662]PIE: Error: Blueprint Runtime Error: "Accessed None trying to read property K2Node_DynamicCast_AsPeoncito". Blueprint:  BarraVIda Function:  Get Text 0 Graph:  GetText_0 Node:  Return Node
[2025.07.14-01.38.33:736][663]PIE: Error: Blueprint Runtime Error: "Accessed None trying to read property K2Node_DynamicCast_AsPeoncito". Blueprint:  BarraVIda Function:  Get Text 0 Graph:  GetText_0 Node:  Return Node
[2025.07.14-01.38.33:753][664]PIE: Error: Blueprint Runtime Error: "Accessed None trying to read property K2Node_DynamicCast_AsPeoncito". Blueprint:  BarraVIda Function:  Get Text 0 Graph:  GetText_0 Node:  Return Node
[2025.07.14-01.38.33:773][665]PIE: Error: Blueprint Runtime Error: "Accessed None trying to read property K2Node_DynamicCast_AsPeoncito". Blueprint:  BarraVIda Function:  Get Text 0 Graph:  GetText_0 Node:  Return Node
[2025.07.14-01.38.33:799][666]PIE: Error: Blueprint Runtime Error: "Accessed None trying to read property K2Node_DynamicCast_AsPeoncito". Blueprint:  BarraVIda Function:  Get Text 0 Graph:  GetText_0 Node:  Return Node
[2025.07.14-01.38.33:822][667]PIE: Error: Blueprint Runtime Error: "Accessed None trying to read property K2Node_DynamicCast_AsPeoncito". Blueprint:  BarraVIda Function:  Get Text 0 Graph:  GetText_0 Node:  Return Node
[2025.07.14-01.38.33:846][668]PIE: Error: Blueprint Runtime Error: "Accessed None trying to read property K2Node_DynamicCast_AsPeoncito". Blueprint:  BarraVIda Function:  Get Text 0 Graph:  GetText_0 Node:  Return Node
[2025.07.14-01.38.33:915][669]LogSlate: Updating window title bar state: overlay mode, drag disabled, window buttons hidden, title bar hidden
[2025.07.14-01.38.33:915][669]LogWorld: BeginTearingDown for /Game/ThirdPersonBP/Maps/UEDPIE_0_Perdiste_Level
[2025.07.14-01.38.33:915][669]LogWorld: UWorld::CleanupWorld for Perdiste_Level, bSessionEnded=true, bCleanupResources=true
[2025.07.14-01.38.33:916][669]LogSlate: InvalidateAllWidgets triggered.  All widgets were invalidated
[2025.07.14-01.38.33:927][669]LogPlayLevel: Display: Shutting down PIE online subsystems
[2025.07.14-01.38.33:951][669]LogSlate: InvalidateAllWidgets triggered.  All widgets were invalidated
[2025.07.14-01.38.33:996][669]LogSlate: Updating window title bar state: overlay mode, drag disabled, window buttons hidden, title bar hidden
[2025.07.14-01.38.33:997][669]LogAudioMixer: FMixerPlatformXAudio2::StopAudioStream() called
[2025.07.14-01.38.33:998][669]LogAudioMixer: FMixerPlatformXAudio2::StopAudioStream() called
[2025.07.14-01.38.34:009][669]LogUObjectHash: Compacting FUObjectHashTables data took   4.73ms
[2025.07.14-01.38.34:267][670]LogPlayLevel: Display: Destroying online subsystem :Context_52
[2025.07.14-01.38.35:268][698]LogSlate: Window 'Message Log' being destroyed
[2025.07.14-01.38.35:284][698]LogSlate: Window 'Message Log' being destroyed
[2025.07.14-01.38.36:386][739]LogEditorViewport: Clicking on Actor (LMB): StaticMeshActor (Floor)
[2025.07.14-01.38.37:118][768]LogEditorViewport: Clicking on Actor (LMB): pinche_C (pinche15)
[2025.07.14-01.38.42:450][985]LogEditorViewport: Clicking on Actor (LMB): Torreta_C (Torreta)
[2025.07.14-01.38.47:921][207]LogEditorViewport: Clicking on Actor (LMB): pinche_C (pinche15)
[2025.07.14-01.38.51:307][343]LogEditorViewport: Clicking on Actor (LMB): StaticMeshActor (Floor)
[2025.07.14-01.38.52:572][390]LogUObjectHash: Compacting FUObjectHashTables data took   3.96ms
[2025.07.14-01.38.52:675][390]LogSavePackage: Moving '../../../../../UTN-e-learning/Unreal-Engine/Unreal-Projects/TP_PreEntrega/Saved/ThirdPersonExampleMapD3FC5E864FC305F6AFB7B6B7A7633D4B.tmp' to '../../../../../UTN-e-learning/Unreal-Engine/Unreal-Projects/TP_PreEntrega/Content/ThirdPersonBP/Maps/ThirdPersonExampleMap.umap'
[2025.07.14-01.38.52:877][390]LogSavePackage: Moving '../../../../../UTN-e-learning/Unreal-Engine/Unreal-Projects/TP_PreEntrega/Saved/ThirdPersonExampleMap_BuiltData87A052BC4D0C1656C92F5DA3EB5DF002.tmp' to '../../../../../UTN-e-learning/Unreal-Engine/Unreal-Projects/TP_PreEntrega/Content/ThirdPersonBP/Maps/ThirdPersonExampleMap_BuiltData.uasset'
[2025.07.14-01.38.52:905][390]AssetCheck: New page: Asset Save: multiple assets
[2025.07.14-01.38.52:905][390]LogContentValidation: Display: Validating MapBuildDataRegistry /Game/ThirdPersonBP/Maps/ThirdPersonExampleMap_BuiltData.ThirdPersonExampleMap_BuiltData
[2025.07.14-01.38.52:905][390]LogContentValidation: Display: Validating World /Game/ThirdPersonBP/Maps/ThirdPersonExampleMap.ThirdPersonExampleMap
[2025.07.14-01.38.53:659][418]LogTemp: Repeating last play command: Selected Viewport
[2025.07.14-01.38.53:695][418]LogPlayLevel: PlayLevel: No blueprints needed recompiling
[2025.07.14-01.38.53:695][418]PIE: New page: PIE session: ThirdPersonExampleMap (Jul 13, 2025, 7:38:53 PM)
[2025.07.14-01.38.53:696][418]LogPlayLevel: Creating play world package: /Game/ThirdPersonBP/Maps/UEDPIE_0_ThirdPersonExampleMap
[2025.07.14-01.38.53:725][418]LogPlayLevel: PIE: StaticDuplicateObject took: (0.029343s)
[2025.07.14-01.38.53:727][418]LogAIModule: Creating AISystem for world ThirdPersonExampleMap
[2025.07.14-01.38.53:727][418]LogPlayLevel: PIE: World Init took: (0.001901s)
[2025.07.14-01.38.53:727][418]LogPlayLevel: PIE: Created PIE world by copying editor world from /Game/ThirdPersonBP/Maps/ThirdPersonExampleMap.ThirdPersonExampleMap to /Game/ThirdPersonBP/Maps/UEDPIE_0_ThirdPersonExampleMap.ThirdPersonExampleMap (0.031569s)
[2025.07.14-01.38.53:792][418]LogUObjectHash: Compacting FUObjectHashTables data took   4.41ms
[2025.07.14-01.38.53:793][418]LogAudio: Display: Creating Audio Device:                 Id: 27, Scope: Unique, Realtime: True
[2025.07.14-01.38.53:793][418]LogAudioMixer: Display: Audio Mixer Platform Settings:
[2025.07.14-01.38.53:793][418]LogAudioMixer: Display: 	Sample Rate:						  48000
[2025.07.14-01.38.53:793][418]LogAudioMixer: Display: 	Callback Buffer Frame Size Requested: 1024
[2025.07.14-01.38.53:793][418]LogAudioMixer: Display: 	Callback Buffer Frame Size To Use:	  1024
[2025.07.14-01.38.53:793][418]LogAudioMixer: Display: 	Number of buffers to queue:			  2
[2025.07.14-01.38.53:793][418]LogAudioMixer: Display: 	Max Channels (voices):				  32
[2025.07.14-01.38.53:794][418]LogAudioMixer: Display: 	Number of Async Source Workers:		  0
[2025.07.14-01.38.53:794][418]LogAudio: Display: AudioDevice MaxSources: 32
[2025.07.14-01.38.53:794][418]LogAudio: Display: Audio Spatialization Plugin: None (built-in).
[2025.07.14-01.38.53:794][418]LogAudio: Display: Audio Reverb Plugin: None (built-in).
[2025.07.14-01.38.53:794][418]LogAudio: Display: Audio Occlusion Plugin: None (built-in).
[2025.07.14-01.38.53:794][418]LogAudioMixer: Display: Initializing audio mixer.
[2025.07.14-01.38.53:801][418]LogAudioMixer: Display: 0: FrontLeft
[2025.07.14-01.38.53:801][418]LogAudioMixer: Display: 1: FrontRight
[2025.07.14-01.38.53:825][418]LogAudioMixer: Display: Using Audio Device Headphones (SOUNDPEATS Mini HS Stereo)
[2025.07.14-01.38.53:826][418]LogAudioMixer: Display: Initializing Sound Submixes...
[2025.07.14-01.38.53:826][418]LogAudioMixer: Display: Creating Master Submix 'MasterSubmixDefault'
[2025.07.14-01.38.53:826][418]LogAudioMixer: Display: Creating Master Submix 'MasterReverbSubmixDefault'
[2025.07.14-01.38.53:826][418]LogAudioMixer: Display: Creating Master Submix 'MasterEQSubmixDefault'
[2025.07.14-01.38.53:826][418]LogAudioMixer: FMixerPlatformXAudio2::StartAudioStream() called
[2025.07.14-01.38.53:826][418]LogAudioMixer: Display: Output buffers initialized: Frames=1024, Channels=2, Samples=2048
[2025.07.14-01.38.53:828][418]LogAudioMixer: Display: Starting AudioMixerPlatformInterface::RunInternal()
[2025.07.14-01.38.53:828][418]LogAudioMixer: Display: FMixerPlatformXAudio2::SubmitBuffer() called for the first time
[2025.07.14-01.38.53:828][418]LogInit: FAudioDevice initialized.
[2025.07.14-01.38.53:828][418]LogAudio: Display: Audio Device (ID: 27) registered with world 'ThirdPersonExampleMap'.
[2025.07.14-01.38.53:839][418]LogLoad: Game class is 'ReglasJuego_C'
[2025.07.14-01.38.53:856][418]LogWorld: Bringing World /Game/ThirdPersonBP/Maps/UEDPIE_0_ThirdPersonExampleMap.ThirdPersonExampleMap up for play (max tick rate 60) at 2025.07.13-22.38.53
[2025.07.14-01.38.53:857][418]LogWorld: Bringing up level for play took: 0.017095
[2025.07.14-01.38.53:857][418]LogOnline: OSS: Creating online subsystem instance for: :Context_53
[2025.07.14-01.38.53:863][418]LogBlueprintUserMessages: [plataforma_2] Buenas buenas!
[2025.07.14-01.38.53:867][418]PIE: Server logged in
[2025.07.14-01.38.53:869][418]PIE: Play in editor total start time 0.193 seconds.
[2025.07.14-01.38.57:747][584]LogBlueprintUserMessages: [Balaza_C_3] Le reste 30 al peoncito
[2025.07.14-01.38.57:902][591]LogBlueprintUserMessages: [ReglasJuego_C_0] El puntaje subio!
[2025.07.14-01.38.57:902][591]LogBlueprintUserMessages: [ReglasJuego_C_0] 2
[2025.07.14-01.38.57:992][594]LogBlueprintUserMessages: [peoncito_2] Te queda de vida:
[2025.07.14-01.38.57:992][594]LogBlueprintUserMessages: [peoncito_2] 78.0
[2025.07.14-01.38.58:016][595]LogBlueprintUserMessages: [peoncito_2] Te queda de vida:
[2025.07.14-01.38.58:016][595]LogBlueprintUserMessages: [peoncito_2] 76.0
[2025.07.14-01.38.58:040][596]LogBlueprintUserMessages: [peoncito_2] Te queda de vida:
[2025.07.14-01.38.58:040][596]LogBlueprintUserMessages: [peoncito_2] 74.0
[2025.07.14-01.38.58:060][597]LogBlueprintUserMessages: [peoncito_2] Te queda de vida:
[2025.07.14-01.38.58:060][597]LogBlueprintUserMessages: [peoncito_2] 72.0
[2025.07.14-01.38.58:078][598]LogBlueprintUserMessages: [peoncito_2] Te queda de vida:
[2025.07.14-01.38.58:078][598]LogBlueprintUserMessages: [peoncito_2] 70.0
[2025.07.14-01.38.58:095][599]LogBlueprintUserMessages: [peoncito_2] Te queda de vida:
[2025.07.14-01.38.58:096][599]LogBlueprintUserMessages: [peoncito_2] 68.0
[2025.07.14-01.38.58:113][600]LogBlueprintUserMessages: [peoncito_2] Te queda de vida:
[2025.07.14-01.38.58:113][600]LogBlueprintUserMessages: [peoncito_2] 66.0
[2025.07.14-01.38.58:132][601]LogBlueprintUserMessages: [peoncito_2] Te queda de vida:
[2025.07.14-01.38.58:132][601]LogBlueprintUserMessages: [peoncito_2] 64.0
[2025.07.14-01.38.58:153][602]LogBlueprintUserMessages: [peoncito_2] Te queda de vida:
[2025.07.14-01.38.58:153][602]LogBlueprintUserMessages: [peoncito_2] 62.0
[2025.07.14-01.38.58:180][603]LogBlueprintUserMessages: [peoncito_2] Te queda de vida:
[2025.07.14-01.38.58:180][603]LogBlueprintUserMessages: [peoncito_2] 60.0
[2025.07.14-01.38.58:215][604]LogBlueprintUserMessages: [peoncito_2] Te queda de vida:
[2025.07.14-01.38.58:215][604]LogBlueprintUserMessages: [peoncito_2] 58.0
[2025.07.14-01.38.58:251][605]LogBlueprintUserMessages: [peoncito_2] Te queda de vida:
[2025.07.14-01.38.58:251][605]LogBlueprintUserMessages: [peoncito_2] 56.0
[2025.07.14-01.38.58:289][606]LogBlueprintUserMessages: [peoncito_2] Te queda de vida:
[2025.07.14-01.38.58:289][606]LogBlueprintUserMessages: [peoncito_2] 54.0
[2025.07.14-01.38.58:321][607]LogBlueprintUserMessages: [ReglasJuego_C_0] El puntaje subio!
[2025.07.14-01.38.58:322][607]LogBlueprintUserMessages: [ReglasJuego_C_0] 4
[2025.07.14-01.38.58:594][617]LogBlueprintUserMessages: [peoncito_2] Te queda de vida:
[2025.07.14-01.38.58:594][617]LogBlueprintUserMessages: [peoncito_2] 52.0
[2025.07.14-01.38.58:621][618]LogBlueprintUserMessages: [peoncito_2] Te queda de vida:
[2025.07.14-01.38.58:621][618]LogBlueprintUserMessages: [peoncito_2] 50.0
[2025.07.14-01.38.58:649][619]LogBlueprintUserMessages: [peoncito_2] Te queda de vida:
[2025.07.14-01.38.58:649][619]LogBlueprintUserMessages: [peoncito_2] 48.0
[2025.07.14-01.38.58:677][620]LogBlueprintUserMessages: [peoncito_2] Te queda de vida:
[2025.07.14-01.38.58:677][620]LogBlueprintUserMessages: [peoncito_2] 46.0
[2025.07.14-01.38.58:703][621]LogBlueprintUserMessages: [peoncito_2] Te queda de vida:
[2025.07.14-01.38.58:703][621]LogBlueprintUserMessages: [peoncito_2] 44.0
[2025.07.14-01.38.58:731][622]LogBlueprintUserMessages: [peoncito_2] Te queda de vida:
[2025.07.14-01.38.58:731][622]LogBlueprintUserMessages: [peoncito_2] 42.0
[2025.07.14-01.38.59:111][638]LogBlueprintUserMessages: [ReglasJuego_C_0] El puntaje subio!
[2025.07.14-01.38.59:111][638]LogBlueprintUserMessages: [ReglasJuego_C_0] 6
[2025.07.14-01.38.59:111][638]LogBlueprintUserMessages: [bala_C_9] El peoncito perdio 10 de vida!!!!
[2025.07.14-01.38.59:653][660]LogBlueprintUserMessages: [bala_C_12] Le reste 25 al bad fella
[2025.07.14-01.39.00:012][675]LogBlueprintUserMessages: [bala_C_13] El peoncito perdio 10 de vida!!!!
[2025.07.14-01.39.00:416][689]LogBlueprintUserMessages: [peoncito_2] Te queda de vida:
[2025.07.14-01.39.00:417][689]LogBlueprintUserMessages: [peoncito_2] 20.0
[2025.07.14-01.39.00:449][690]LogBlueprintUserMessages: [peoncito_2] Te queda de vida:
[2025.07.14-01.39.00:449][690]LogBlueprintUserMessages: [peoncito_2] 18.0
[2025.07.14-01.39.00:479][691]LogBlueprintUserMessages: [peoncito_2] Te queda de vida:
[2025.07.14-01.39.00:480][691]LogBlueprintUserMessages: [peoncito_2] 16.0
[2025.07.14-01.39.00:481][691]LogBlueprintUserMessages: [bala_C_15] Le reste 50 al bad guy
[2025.07.14-01.39.00:505][692]LogBlueprintUserMessages: [peoncito_2] Te queda de vida:
[2025.07.14-01.39.00:505][692]LogBlueprintUserMessages: [peoncito_2] 14.0
[2025.07.14-01.39.00:530][693]LogBlueprintUserMessages: [peoncito_2] Te queda de vida:
[2025.07.14-01.39.00:530][693]LogBlueprintUserMessages: [peoncito_2] 12.0
[2025.07.14-01.39.00:553][694]LogBlueprintUserMessages: [peoncito_2] Te queda de vida:
[2025.07.14-01.39.00:553][694]LogBlueprintUserMessages: [peoncito_2] 10.0
[2025.07.14-01.39.00:579][695]LogBlueprintUserMessages: [peoncito_2] Te queda de vida:
[2025.07.14-01.39.00:579][695]LogBlueprintUserMessages: [peoncito_2] 8.0
[2025.07.14-01.39.00:604][696]LogBlueprintUserMessages: [peoncito_2] Te queda de vida:
[2025.07.14-01.39.00:604][696]LogBlueprintUserMessages: [peoncito_2] 6.0
[2025.07.14-01.39.00:627][697]LogBlueprintUserMessages: [peoncito_2] Te queda de vida:
[2025.07.14-01.39.00:627][697]LogBlueprintUserMessages: [peoncito_2] 4.0
[2025.07.14-01.39.00:652][698]LogBlueprintUserMessages: [peoncito_2] Te queda de vida:
[2025.07.14-01.39.00:652][698]LogBlueprintUserMessages: [peoncito_2] 2.0
[2025.07.14-01.39.00:676][699]LogBlueprintUserMessages: [peoncito_2] Te moriste!
[2025.07.14-01.39.00:676][699]LogBlueprintUserMessages: [ReglasJuego_C_0] Noo, perdiste!
[2025.07.14-01.39.00:683][699]PIE: Error: Blueprint Runtime Error: "Accessed None trying to read property K2Node_DynamicCast_AsPeoncito". Blueprint:  BarraVIda Function:  Get Text 0 Graph:  GetText_0 Node:  Return Node
[2025.07.14-01.39.00:699][700]LogNet: Browse: /Game/ThirdPersonBP/Maps/Perdiste_Level
[2025.07.14-01.39.00:699][700]LogLoad: LoadMap: /Game/ThirdPersonBP/Maps/Perdiste_Level
[2025.07.14-01.39.00:699][700]LogWorld: BeginTearingDown for /Game/ThirdPersonBP/Maps/UEDPIE_0_ThirdPersonExampleMap
[2025.07.14-01.39.00:700][700]LogWorld: UWorld::CleanupWorld for ThirdPersonExampleMap, bSessionEnded=true, bCleanupResources=true
[2025.07.14-01.39.00:701][700]LogSlate: InvalidateAllWidgets triggered.  All widgets were invalidated
[2025.07.14-01.39.00:781][700]LogAudio: Display: Audio Device unregistered from world 'None'.
[2025.07.14-01.39.00:787][700]LogUObjectHash: Compacting FUObjectHashTables data took   3.99ms
[2025.07.14-01.39.00:815][700]LogAudio: Display: Audio Device (ID: 27) registered with world 'Perdiste_Level'.
[2025.07.14-01.39.00:816][700]LogAIModule: Creating AISystem for world Perdiste_Level
[2025.07.14-01.39.00:817][700]LogLoad: Game class is 'ReglasJuego_C'
[2025.07.14-01.39.00:883][700]LogWorld: Bringing World /Game/ThirdPersonBP/Maps/UEDPIE_0_Perdiste_Level.Perdiste_Level up for play (max tick rate 60) at 2025.07.13-22.39.00
[2025.07.14-01.39.00:884][700]LogWorld: Bringing up level for play took: 0.065282
[2025.07.14-01.39.00:884][700]LogGameMode: FindPlayerStart: PATHS NOT DEFINED or NO PLAYERSTART with positive rating
[2025.07.14-01.39.00:887][700]LogBlueprintUserMessages: [plataforma_2] Buenas buenas!
[2025.07.14-01.39.00:888][700]LogLoad: Took 0.189043 seconds to LoadMap(/Game/ThirdPersonBP/Maps/Perdiste_Level)
[2025.07.14-01.39.00:944][700]PIE: Error: Blueprint Runtime Error: "Accessed None trying to read property K2Node_DynamicCast_AsPeoncito". Blueprint:  BarraVIda Function:  Get Text 0 Graph:  GetText_0 Node:  Return Node
[2025.07.14-01.39.00:967][701]PIE: Error: Blueprint Runtime Error: "Accessed None trying to read property K2Node_DynamicCast_AsPeoncito". Blueprint:  BarraVIda Function:  Get Text 0 Graph:  GetText_0 Node:  Return Node
[2025.07.14-01.39.00:987][702]PIE: Error: Blueprint Runtime Error: "Accessed None trying to read property K2Node_DynamicCast_AsPeoncito". Blueprint:  BarraVIda Function:  Get Text 0 Graph:  GetText_0 Node:  Return Node
[2025.07.14-01.39.01:007][703]PIE: Error: Blueprint Runtime Error: "Accessed None trying to read property K2Node_DynamicCast_AsPeoncito". Blueprint:  BarraVIda Function:  Get Text 0 Graph:  GetText_0 Node:  Return Node
[2025.07.14-01.39.01:027][704]PIE: Error: Blueprint Runtime Error: "Accessed None trying to read property K2Node_DynamicCast_AsPeoncito". Blueprint:  BarraVIda Function:  Get Text 0 Graph:  GetText_0 Node:  Return Node
[2025.07.14-01.39.01:049][705]PIE: Error: Blueprint Runtime Error: "Accessed None trying to read property K2Node_DynamicCast_AsPeoncito". Blueprint:  BarraVIda Function:  Get Text 0 Graph:  GetText_0 Node:  Return Node
[2025.07.14-01.39.01:074][706]PIE: Error: Blueprint Runtime Error: "Accessed None trying to read property K2Node_DynamicCast_AsPeoncito". Blueprint:  BarraVIda Function:  Get Text 0 Graph:  GetText_0 Node:  Return Node
[2025.07.14-01.39.01:099][707]PIE: Error: Blueprint Runtime Error: "Accessed None trying to read property K2Node_DynamicCast_AsPeoncito". Blueprint:  BarraVIda Function:  Get Text 0 Graph:  GetText_0 Node:  Return Node
[2025.07.14-01.39.01:125][708]PIE: Error: Blueprint Runtime Error: "Accessed None trying to read property K2Node_DynamicCast_AsPeoncito". Blueprint:  BarraVIda Function:  Get Text 0 Graph:  GetText_0 Node:  Return Node
[2025.07.14-01.39.01:147][709]PIE: Error: Blueprint Runtime Error: "Accessed None trying to read property K2Node_DynamicCast_AsPeoncito". Blueprint:  BarraVIda Function:  Get Text 0 Graph:  GetText_0 Node:  Return Node
[2025.07.14-01.39.01:167][710]PIE: Error: Blueprint Runtime Error: "Accessed None trying to read property K2Node_DynamicCast_AsPeoncito". Blueprint:  BarraVIda Function:  Get Text 0 Graph:  GetText_0 Node:  Return Node
[2025.07.14-01.39.01:185][711]PIE: Error: Blueprint Runtime Error: "Accessed None trying to read property K2Node_DynamicCast_AsPeoncito". Blueprint:  BarraVIda Function:  Get Text 0 Graph:  GetText_0 Node:  Return Node
[2025.07.14-01.39.01:202][712]PIE: Error: Blueprint Runtime Error: "Accessed None trying to read property K2Node_DynamicCast_AsPeoncito". Blueprint:  BarraVIda Function:  Get Text 0 Graph:  GetText_0 Node:  Return Node
[2025.07.14-01.39.01:219][713]PIE: Error: Blueprint Runtime Error: "Accessed None trying to read property K2Node_DynamicCast_AsPeoncito". Blueprint:  BarraVIda Function:  Get Text 0 Graph:  GetText_0 Node:  Return Node
[2025.07.14-01.39.01:235][714]PIE: Error: Blueprint Runtime Error: "Accessed None trying to read property K2Node_DynamicCast_AsPeoncito". Blueprint:  BarraVIda Function:  Get Text 0 Graph:  GetText_0 Node:  Return Node
[2025.07.14-01.39.01:253][715]PIE: Error: Blueprint Runtime Error: "Accessed None trying to read property K2Node_DynamicCast_AsPeoncito". Blueprint:  BarraVIda Function:  Get Text 0 Graph:  GetText_0 Node:  Return Node
[2025.07.14-01.39.01:272][716]PIE: Error: Blueprint Runtime Error: "Accessed None trying to read property K2Node_DynamicCast_AsPeoncito". Blueprint:  BarraVIda Function:  Get Text 0 Graph:  GetText_0 Node:  Return Node
[2025.07.14-01.39.01:297][717]PIE: Error: Blueprint Runtime Error: "Accessed None trying to read property K2Node_DynamicCast_AsPeoncito". Blueprint:  BarraVIda Function:  Get Text 0 Graph:  GetText_0 Node:  Return Node
[2025.07.14-01.39.01:321][718]PIE: Error: Blueprint Runtime Error: "Accessed None trying to read property K2Node_DynamicCast_AsPeoncito". Blueprint:  BarraVIda Function:  Get Text 0 Graph:  GetText_0 Node:  Return Node
[2025.07.14-01.39.01:347][719]PIE: Error: Blueprint Runtime Error: "Accessed None trying to read property K2Node_DynamicCast_AsPeoncito". Blueprint:  BarraVIda Function:  Get Text 0 Graph:  GetText_0 Node:  Return Node
[2025.07.14-01.39.01:372][720]PIE: Error: Blueprint Runtime Error: "Accessed None trying to read property K2Node_DynamicCast_AsPeoncito". Blueprint:  BarraVIda Function:  Get Text 0 Graph:  GetText_0 Node:  Return Node
[2025.07.14-01.39.01:400][721]PIE: Error: Blueprint Runtime Error: "Accessed None trying to read property K2Node_DynamicCast_AsPeoncito". Blueprint:  BarraVIda Function:  Get Text 0 Graph:  GetText_0 Node:  Return Node
[2025.07.14-01.39.01:427][722]PIE: Error: Blueprint Runtime Error: "Accessed None trying to read property K2Node_DynamicCast_AsPeoncito". Blueprint:  BarraVIda Function:  Get Text 0 Graph:  GetText_0 Node:  Return Node
[2025.07.14-01.39.01:496][723]LogSlate: Updating window title bar state: overlay mode, drag disabled, window buttons hidden, title bar hidden
[2025.07.14-01.39.01:496][723]LogWorld: BeginTearingDown for /Game/ThirdPersonBP/Maps/UEDPIE_0_Perdiste_Level
[2025.07.14-01.39.01:496][723]LogWorld: UWorld::CleanupWorld for Perdiste_Level, bSessionEnded=true, bCleanupResources=true
[2025.07.14-01.39.01:497][723]LogSlate: InvalidateAllWidgets triggered.  All widgets were invalidated
[2025.07.14-01.39.01:506][723]LogPlayLevel: Display: Shutting down PIE online subsystems
[2025.07.14-01.39.01:527][723]LogSlate: InvalidateAllWidgets triggered.  All widgets were invalidated
[2025.07.14-01.39.01:564][723]LogSlate: Updating window title bar state: overlay mode, drag disabled, window buttons hidden, title bar hidden
[2025.07.14-01.39.01:564][723]LogAudioMixer: FMixerPlatformXAudio2::StopAudioStream() called
[2025.07.14-01.39.01:566][723]LogAudioMixer: FMixerPlatformXAudio2::StopAudioStream() called
[2025.07.14-01.39.01:576][723]LogUObjectHash: Compacting FUObjectHashTables data took   4.35ms
[2025.07.14-01.39.01:825][724]LogPlayLevel: Display: Destroying online subsystem :Context_53
[2025.07.14-01.39.03:217][765]LogSlate: Window 'Message Log' being destroyed
[2025.07.14-01.39.03:240][765]LogSlate: Window 'Message Log' being destroyed
[2025.07.14-01.39.03:903][789]LogTemp: Repeating last play command: Selected Viewport
[2025.07.14-01.39.03:934][789]LogPlayLevel: PlayLevel: No blueprints needed recompiling
[2025.07.14-01.39.03:934][789]PIE: New page: PIE session: ThirdPersonExampleMap (Jul 13, 2025, 7:39:03 PM)
[2025.07.14-01.39.03:935][789]LogPlayLevel: Creating play world package: /Game/ThirdPersonBP/Maps/UEDPIE_0_ThirdPersonExampleMap
[2025.07.14-01.39.03:962][789]LogPlayLevel: PIE: StaticDuplicateObject took: (0.027230s)
[2025.07.14-01.39.03:964][789]LogAIModule: Creating AISystem for world ThirdPersonExampleMap
[2025.07.14-01.39.03:964][789]LogPlayLevel: PIE: World Init took: (0.001685s)
[2025.07.14-01.39.03:964][789]LogPlayLevel: PIE: Created PIE world by copying editor world from /Game/ThirdPersonBP/Maps/ThirdPersonExampleMap.ThirdPersonExampleMap to /Game/ThirdPersonBP/Maps/UEDPIE_0_ThirdPersonExampleMap.ThirdPersonExampleMap (0.029186s)
[2025.07.14-01.39.04:020][789]LogUObjectHash: Compacting FUObjectHashTables data took   4.53ms
[2025.07.14-01.39.04:021][789]LogAudio: Display: Creating Audio Device:                 Id: 28, Scope: Unique, Realtime: True
[2025.07.14-01.39.04:022][789]LogAudioMixer: Display: Audio Mixer Platform Settings:
[2025.07.14-01.39.04:022][789]LogAudioMixer: Display: 	Sample Rate:						  48000
[2025.07.14-01.39.04:022][789]LogAudioMixer: Display: 	Callback Buffer Frame Size Requested: 1024
[2025.07.14-01.39.04:022][789]LogAudioMixer: Display: 	Callback Buffer Frame Size To Use:	  1024
[2025.07.14-01.39.04:022][789]LogAudioMixer: Display: 	Number of buffers to queue:			  2
[2025.07.14-01.39.04:022][789]LogAudioMixer: Display: 	Max Channels (voices):				  32
[2025.07.14-01.39.04:022][789]LogAudioMixer: Display: 	Number of Async Source Workers:		  0
[2025.07.14-01.39.04:022][789]LogAudio: Display: AudioDevice MaxSources: 32
[2025.07.14-01.39.04:023][789]LogAudio: Display: Audio Spatialization Plugin: None (built-in).
[2025.07.14-01.39.04:023][789]LogAudio: Display: Audio Reverb Plugin: None (built-in).
[2025.07.14-01.39.04:023][789]LogAudio: Display: Audio Occlusion Plugin: None (built-in).
[2025.07.14-01.39.04:023][789]LogAudioMixer: Display: Initializing audio mixer.
[2025.07.14-01.39.04:030][789]LogAudioMixer: Display: 0: FrontLeft
[2025.07.14-01.39.04:030][789]LogAudioMixer: Display: 1: FrontRight
[2025.07.14-01.39.04:053][789]LogAudioMixer: Display: Using Audio Device Headphones (SOUNDPEATS Mini HS Stereo)
[2025.07.14-01.39.04:053][789]LogAudioMixer: Display: Initializing Sound Submixes...
[2025.07.14-01.39.04:054][789]LogAudioMixer: Display: Creating Master Submix 'MasterSubmixDefault'
[2025.07.14-01.39.04:054][789]LogAudioMixer: Display: Creating Master Submix 'MasterReverbSubmixDefault'
[2025.07.14-01.39.04:054][789]LogAudioMixer: Display: Creating Master Submix 'MasterEQSubmixDefault'
[2025.07.14-01.39.04:054][789]LogAudioMixer: FMixerPlatformXAudio2::StartAudioStream() called
[2025.07.14-01.39.04:054][789]LogAudioMixer: Display: Output buffers initialized: Frames=1024, Channels=2, Samples=2048
[2025.07.14-01.39.04:056][789]LogAudioMixer: Display: Starting AudioMixerPlatformInterface::RunInternal()
[2025.07.14-01.39.04:056][789]LogAudioMixer: Display: FMixerPlatformXAudio2::SubmitBuffer() called for the first time
[2025.07.14-01.39.04:056][789]LogInit: FAudioDevice initialized.
[2025.07.14-01.39.04:056][789]LogAudio: Display: Audio Device (ID: 28) registered with world 'ThirdPersonExampleMap'.
[2025.07.14-01.39.04:065][789]LogLoad: Game class is 'ReglasJuego_C'
[2025.07.14-01.39.04:076][789]LogWorld: Bringing World /Game/ThirdPersonBP/Maps/UEDPIE_0_ThirdPersonExampleMap.ThirdPersonExampleMap up for play (max tick rate 60) at 2025.07.13-22.39.04
[2025.07.14-01.39.04:077][789]LogWorld: Bringing up level for play took: 0.010067
[2025.07.14-01.39.04:077][789]LogOnline: OSS: Creating online subsystem instance for: :Context_54
[2025.07.14-01.39.04:080][789]LogBlueprintUserMessages: [plataforma_2] Buenas buenas!
[2025.07.14-01.39.04:083][789]PIE: Server logged in
[2025.07.14-01.39.04:084][789]PIE: Play in editor total start time 0.167 seconds.
[2025.07.14-01.39.06:892][909]LogBlueprintUserMessages: [bala_C_4] Le reste 25 al bad fella
[2025.07.14-01.39.09:405][ 21]LogBlueprintUserMessages: [bala_C_11] Le reste 25 a la torreta
[2025.07.14-01.39.09:406][ 21]LogBlueprintUserMessages: [Torreta3_2] algo me ataveso!
[2025.07.14-01.39.09:899][ 41]LogBlueprintUserMessages: [bala_C_16] Le reste 25 al bad fella
[2025.07.14-01.39.10:067][ 49]LogBlueprintUserMessages: [bala_C_14] Le reste 25 a la torreta
[2025.07.14-01.39.10:068][ 49]LogBlueprintUserMessages: [Torreta3_2] algo me ataveso!
[2025.07.14-01.39.10:091][ 50]LogBlueprintUserMessages: [Torreta3_2] Torreta Destruida!
[2025.07.14-01.39.11:098][ 91]LogBlueprintUserMessages: [bala_C_5] Le reste 50 al bad guy
[2025.07.14-01.39.11:099][ 91]LogBlueprintUserMessages: [bala_C_6] Le reste 50 al bad guy
[2025.07.14-01.39.15:327][282]LogBlueprintUserMessages: [Balaza_C_1] Le reste 30 al peoncito
[2025.07.14-01.39.15:944][309]LogBlueprintUserMessages: [bala_C_36] Le reste 25 al bad fella
[2025.07.14-01.39.16:114][316]LogBlueprintUserMessages: [bala_C_33] Le reste 50 al bad guy
[2025.07.14-01.39.16:133][317]LogBlueprintUserMessages: [bad_guy_5] Bad guy  Destruido!
[2025.07.14-01.39.16:531][335]LogBlueprintUserMessages: [ReglasJuego_C_0] El puntaje subio!
[2025.07.14-01.39.16:531][335]LogBlueprintUserMessages: [ReglasJuego_C_0] 2
[2025.07.14-01.39.16:737][343]LogBlueprintUserMessages: [bala_C_32] El peoncito perdio 10 de vida!!!!
[2025.07.14-01.39.16:919][351]LogBlueprintUserMessages: [bala_C_32] El peoncito perdio 10 de vida!!!!
[2025.07.14-01.39.17:621][382]LogBlueprintUserMessages: [Curador_2] Le di vida al peoncito! ahora tiene:
[2025.07.14-01.39.17:621][382]LogBlueprintUserMessages: [Curador_2] 60.0
[2025.07.14-01.39.17:621][382]LogBlueprintUserMessages: [Curador_2] El curador ya curo las siguientes veces:
[2025.07.14-01.39.17:621][382]LogBlueprintUserMessages: [Curador_2] 1.0
[2025.07.14-01.39.18:968][441]LogBlueprintUserMessages: [bala_C_45] Le reste 25 al bad fella
[2025.07.14-01.39.19:092][447]LogBlueprintUserMessages: [Curador_2] no te puedo curar porque tu vida es mayor a 80, volve cuando tengas menos!
[2025.07.14-01.39.19:655][471]LogBlueprintUserMessages: [bala_C_42] El peoncito perdio 10 de vida!!!!
[2025.07.14-01.39.19:914][481]LogBlueprintUserMessages: [bala_C_42] El peoncito perdio 10 de vida!!!!
[2025.07.14-01.39.20:938][526]LogBlueprintUserMessages: [Curador_2] Le di vida al peoncito! ahora tiene:
[2025.07.14-01.39.20:938][526]LogBlueprintUserMessages: [Curador_2] 60.0
[2025.07.14-01.39.20:938][526]LogBlueprintUserMessages: [Curador_2] El curador ya curo las siguientes veces:
[2025.07.14-01.39.20:938][526]LogBlueprintUserMessages: [Curador_2] 2.0
[2025.07.14-01.39.22:940][614]LogBlueprintUserMessages: [bala_C_48] El peoncito perdio 10 de vida!!!!
[2025.07.14-01.39.23:494][636]LogBlueprintUserMessages: [bala_C_49] El peoncito perdio 10 de vida!!!!
[2025.07.14-01.39.24:559][683]LogBlueprintUserMessages: [bala_C_50] El peoncito perdio 10 de vida!!!!
[2025.07.14-01.39.24:997][697]LogBlueprintUserMessages: [bala_C_55] Le reste 25 al bad fella
[2025.07.14-01.39.25:026][698]LogBlueprintUserMessages: [bad_fella_2] Bad fella  Destruido!
[2025.07.14-01.39.25:412][714]LogBlueprintUserMessages: [bala_C_51] Le reste 50 al bad guy
[2025.07.14-01.39.25:435][715]LogBlueprintUserMessages: [bad_guy2_2] Bad guy  Destruido!
[2025.07.14-01.39.26:414][756]LogBlueprintUserMessages: [bala_C_56] El peoncito perdio 10 de vida!!!!
[2025.07.14-01.39.29:455][890]LogBlueprintUserMessages: [bala_C_58] Le reste 25 a la torreta
[2025.07.14-01.39.29:455][890]LogBlueprintUserMessages: [Torreta_2] algo me ataveso!
[2025.07.14-01.39.29:815][906]LogBlueprintUserMessages: [bala_C_59] Le reste 25 a la torreta
[2025.07.14-01.39.29:815][906]LogBlueprintUserMessages: [Torreta_2] algo me ataveso!
[2025.07.14-01.39.29:837][907]LogBlueprintUserMessages: [Torreta_2] Torreta Destruida!
[2025.07.14-01.39.33:375][ 57]LogBlueprintUserMessages: [Curador_2] Le di vida al peoncito! ahora tiene:
[2025.07.14-01.39.33:375][ 57]LogBlueprintUserMessages: [Curador_2] 40.0
[2025.07.14-01.39.33:375][ 57]LogBlueprintUserMessages: [Curador_2] El curador ya curo las siguientes veces:
[2025.07.14-01.39.33:375][ 57]LogBlueprintUserMessages: [Curador_2] 3.0
[2025.07.14-01.39.34:768][118]LogBlueprintUserMessages: [Curador_2] Le di vida al peoncito! ahora tiene:
[2025.07.14-01.39.34:768][118]LogBlueprintUserMessages: [Curador_2] 60.0
[2025.07.14-01.39.34:769][118]LogBlueprintUserMessages: [Curador_2] El curador ya curo las siguientes veces:
[2025.07.14-01.39.34:769][118]LogBlueprintUserMessages: [Curador_2] 4.0
[2025.07.14-01.39.36:062][172]LogBlueprintUserMessages: [Curador_2] no te puedo curar porque tu vida es mayor a 80, volve cuando tengas menos!
[2025.07.14-01.39.37:795][249]LogBlueprintUserMessages: [Curador_2] no te puedo curar porque tu vida es mayor a 80, volve cuando tengas menos!
[2025.07.14-01.39.39:007][303]LogBlueprintUserMessages: [Curador_2] no te puedo curar porque tu vida es mayor a 80, volve cuando tengas menos!
[2025.07.14-01.39.44:338][545]LogBlueprintUserMessages: [bala_C_66] Le reste 25 al bad fella
[2025.07.14-01.39.44:742][563]LogBlueprintUserMessages: [bala_C_67] Le reste 25 al bad fella
[2025.07.14-01.39.45:156][582]LogBlueprintUserMessages: [bala_C_68] Le reste 25 al bad fella
[2025.07.14-01.39.45:177][583]LogBlueprintUserMessages: [bad_fella2_2] Bad fella  Destruido!
[2025.07.14-01.39.49:279][765]LogBlueprintUserMessages: [bala_C_70] Le reste 25 a la torreta
[2025.07.14-01.39.49:279][765]LogBlueprintUserMessages: [Torreta2_5] algo me ataveso!
[2025.07.14-01.39.49:655][780]LogBlueprintUserMessages: [bala_C_71] Le reste 25 a la torreta
[2025.07.14-01.39.49:655][780]LogBlueprintUserMessages: [Torreta2_5] algo me ataveso!
[2025.07.14-01.39.49:674][781]LogBlueprintUserMessages: [Torreta2_5] Torreta Destruida!
[2025.07.14-01.39.57:046][107]LogBlueprintUserMessages: [ReglasJuego_C_0] El puntaje subio!
[2025.07.14-01.39.57:046][107]LogBlueprintUserMessages: [ReglasJuego_C_0] 4
[2025.07.14-01.39.57:598][132]LogBlueprintUserMessages: [ReglasJuego_C_0] El puntaje subio!
[2025.07.14-01.39.57:598][132]LogBlueprintUserMessages: [ReglasJuego_C_0] 6
[2025.07.14-01.39.59:788][232]LogBlueprintUserMessages: [peoncito_2] Te queda de vida:
[2025.07.14-01.39.59:788][232]LogBlueprintUserMessages: [peoncito_2] 78.0
[2025.07.14-01.39.59:817][233]LogBlueprintUserMessages: [peoncito_2] Te queda de vida:
[2025.07.14-01.39.59:817][233]LogBlueprintUserMessages: [peoncito_2] 76.0
[2025.07.14-01.39.59:842][234]LogBlueprintUserMessages: [peoncito_2] Te queda de vida:
[2025.07.14-01.39.59:842][234]LogBlueprintUserMessages: [peoncito_2] 74.0
[2025.07.14-01.39.59:863][235]LogBlueprintUserMessages: [peoncito_2] Te queda de vida:
[2025.07.14-01.39.59:863][235]LogBlueprintUserMessages: [peoncito_2] 72.0
[2025.07.14-01.39.59:881][236]LogBlueprintUserMessages: [peoncito_2] Te queda de vida:
[2025.07.14-01.39.59:881][236]LogBlueprintUserMessages: [peoncito_2] 70.0
[2025.07.14-01.39.59:898][237]LogBlueprintUserMessages: [peoncito_2] Te queda de vida:
[2025.07.14-01.39.59:899][237]LogBlueprintUserMessages: [peoncito_2] 68.0
[2025.07.14-01.39.59:918][238]LogBlueprintUserMessages: [peoncito_2] Te queda de vida:
[2025.07.14-01.39.59:918][238]LogBlueprintUserMessages: [peoncito_2] 66.0
[2025.07.14-01.39.59:943][239]LogBlueprintUserMessages: [peoncito_2] Te queda de vida:
[2025.07.14-01.39.59:944][239]LogBlueprintUserMessages: [peoncito_2] 64.0
[2025.07.14-01.39.59:966][240]LogBlueprintUserMessages: [peoncito_2] Te queda de vida:
[2025.07.14-01.39.59:966][240]LogBlueprintUserMessages: [peoncito_2] 62.0
[2025.07.14-01.39.59:987][241]LogBlueprintUserMessages: [peoncito_2] Te queda de vida:
[2025.07.14-01.39.59:987][241]LogBlueprintUserMessages: [peoncito_2] 60.0
[2025.07.14-01.40.00:008][242]LogBlueprintUserMessages: [peoncito_2] Te queda de vida:
[2025.07.14-01.40.00:008][242]LogBlueprintUserMessages: [peoncito_2] 58.0
[2025.07.14-01.40.00:374][257]LogBlueprintUserMessages: [ReglasJuego_C_0] El puntaje subio!
[2025.07.14-01.40.00:374][257]LogBlueprintUserMessages: [ReglasJuego_C_0] 8
[2025.07.14-01.40.06:631][547]LogBlueprintUserMessages: [Curador_2] Le di vida al peoncito! ahora tiene:
[2025.07.14-01.40.06:631][547]LogBlueprintUserMessages: [Curador_2] 58.0
[2025.07.14-01.40.06:631][547]LogBlueprintUserMessages: [Curador_2] El curador ya curo las siguientes veces:
[2025.07.14-01.40.06:631][547]LogBlueprintUserMessages: [Curador_2] 5.0
[2025.07.14-01.40.07:814][599]LogBlueprintUserMessages: [Curador_2] Le di vida al peoncito! ahora tiene:
[2025.07.14-01.40.07:814][599]LogBlueprintUserMessages: [Curador_2] 78.0
[2025.07.14-01.40.07:814][599]LogBlueprintUserMessages: [Curador_2] El curador ya curo las siguientes veces:
[2025.07.14-01.40.07:814][599]LogBlueprintUserMessages: [Curador_2] 6.0
[2025.07.14-01.40.13:954][888]LogBlueprintUserMessages: [ReglasJuego_C_0] El puntaje subio!
[2025.07.14-01.40.13:954][888]LogBlueprintUserMessages: [ReglasJuego_C_0] 10
[2025.07.14-01.40.15:080][939]LogBlueprintUserMessages: [ReglasJuego_C_0] El puntaje subio!
[2025.07.14-01.40.15:080][939]LogBlueprintUserMessages: [ReglasJuego_C_0] 12
[2025.07.14-01.40.17:054][ 33]LogBlueprintUserMessages: [peoncito_2] Te queda de vida:
[2025.07.14-01.40.17:054][ 33]LogBlueprintUserMessages: [peoncito_2] 96.0
[2025.07.14-01.40.17:084][ 34]LogBlueprintUserMessages: [peoncito_2] Te queda de vida:
[2025.07.14-01.40.17:084][ 34]LogBlueprintUserMessages: [peoncito_2] 94.0
[2025.07.14-01.40.17:113][ 35]LogBlueprintUserMessages: [peoncito_2] Te queda de vida:
[2025.07.14-01.40.17:113][ 35]LogBlueprintUserMessages: [peoncito_2] 92.0
[2025.07.14-01.40.17:113][ 35]LogBlueprintUserMessages: [peoncito_2] Te queda de vida:
[2025.07.14-01.40.17:113][ 35]LogBlueprintUserMessages: [peoncito_2] 90.0
[2025.07.14-01.40.17:138][ 36]LogBlueprintUserMessages: [peoncito_2] Te queda de vida:
[2025.07.14-01.40.17:138][ 36]LogBlueprintUserMessages: [peoncito_2] 88.0
[2025.07.14-01.40.17:138][ 36]LogBlueprintUserMessages: [peoncito_2] Te queda de vida:
[2025.07.14-01.40.17:138][ 36]LogBlueprintUserMessages: [peoncito_2] 86.0
[2025.07.14-01.40.17:166][ 37]LogBlueprintUserMessages: [peoncito_2] Te queda de vida:
[2025.07.14-01.40.17:166][ 37]LogBlueprintUserMessages: [peoncito_2] 84.0
[2025.07.14-01.40.17:166][ 37]LogBlueprintUserMessages: [peoncito_2] Te queda de vida:
[2025.07.14-01.40.17:166][ 37]LogBlueprintUserMessages: [peoncito_2] 82.0
[2025.07.14-01.40.17:192][ 38]LogBlueprintUserMessages: [peoncito_2] Te queda de vida:
[2025.07.14-01.40.17:192][ 38]LogBlueprintUserMessages: [peoncito_2] 80.0
[2025.07.14-01.40.17:192][ 38]LogBlueprintUserMessages: [peoncito_2] Te queda de vida:
[2025.07.14-01.40.17:193][ 38]LogBlueprintUserMessages: [peoncito_2] 78.0
[2025.07.14-01.40.17:222][ 39]LogBlueprintUserMessages: [peoncito_2] Te queda de vida:
[2025.07.14-01.40.17:222][ 39]LogBlueprintUserMessages: [peoncito_2] 76.0
[2025.07.14-01.40.17:222][ 39]LogBlueprintUserMessages: [peoncito_2] Te queda de vida:
[2025.07.14-01.40.17:222][ 39]LogBlueprintUserMessages: [peoncito_2] 74.0
[2025.07.14-01.40.17:250][ 40]LogBlueprintUserMessages: [peoncito_2] Te queda de vida:
[2025.07.14-01.40.17:250][ 40]LogBlueprintUserMessages: [peoncito_2] 72.0
[2025.07.14-01.40.17:250][ 40]LogBlueprintUserMessages: [peoncito_2] Te queda de vida:
[2025.07.14-01.40.17:250][ 40]LogBlueprintUserMessages: [peoncito_2] 70.0
[2025.07.14-01.40.17:280][ 41]LogBlueprintUserMessages: [peoncito_2] Te queda de vida:
[2025.07.14-01.40.17:280][ 41]LogBlueprintUserMessages: [peoncito_2] 68.0
[2025.07.14-01.40.17:280][ 41]LogBlueprintUserMessages: [peoncito_2] Te queda de vida:
[2025.07.14-01.40.17:280][ 41]LogBlueprintUserMessages: [peoncito_2] 66.0
[2025.07.14-01.40.17:307][ 42]LogBlueprintUserMessages: [peoncito_2] Te queda de vida:
[2025.07.14-01.40.17:307][ 42]LogBlueprintUserMessages: [peoncito_2] 64.0
[2025.07.14-01.40.17:307][ 42]LogBlueprintUserMessages: [peoncito_2] Te queda de vida:
[2025.07.14-01.40.17:308][ 42]LogBlueprintUserMessages: [peoncito_2] 62.0
[2025.07.14-01.40.17:333][ 43]LogBlueprintUserMessages: [peoncito_2] Te queda de vida:
[2025.07.14-01.40.17:333][ 43]LogBlueprintUserMessages: [peoncito_2] 60.0
[2025.07.14-01.40.17:333][ 43]LogBlueprintUserMessages: [peoncito_2] Te queda de vida:
[2025.07.14-01.40.17:333][ 43]LogBlueprintUserMessages: [peoncito_2] 58.0
[2025.07.14-01.40.17:356][ 44]LogBlueprintUserMessages: [peoncito_2] Te queda de vida:
[2025.07.14-01.40.17:356][ 44]LogBlueprintUserMessages: [peoncito_2] 56.0
[2025.07.14-01.40.17:356][ 44]LogBlueprintUserMessages: [peoncito_2] Te queda de vida:
[2025.07.14-01.40.17:356][ 44]LogBlueprintUserMessages: [peoncito_2] 54.0
[2025.07.14-01.40.17:378][ 45]LogBlueprintUserMessages: [peoncito_2] Te queda de vida:
[2025.07.14-01.40.17:378][ 45]LogBlueprintUserMessages: [peoncito_2] 52.0
[2025.07.14-01.40.17:378][ 45]LogBlueprintUserMessages: [peoncito_2] Te queda de vida:
[2025.07.14-01.40.17:378][ 45]LogBlueprintUserMessages: [peoncito_2] 50.0
[2025.07.14-01.40.17:399][ 46]LogBlueprintUserMessages: [peoncito_2] Te queda de vida:
[2025.07.14-01.40.17:400][ 46]LogBlueprintUserMessages: [peoncito_2] 48.0
[2025.07.14-01.40.17:400][ 46]LogBlueprintUserMessages: [peoncito_2] Te queda de vida:
[2025.07.14-01.40.17:400][ 46]LogBlueprintUserMessages: [peoncito_2] 46.0
[2025.07.14-01.40.17:423][ 47]LogBlueprintUserMessages: [peoncito_2] Te queda de vida:
[2025.07.14-01.40.17:424][ 47]LogBlueprintUserMessages: [peoncito_2] 44.0
[2025.07.14-01.40.21:031][211]LogBlueprintUserMessages: [ReglasJuego_C_0] El puntaje subio!
[2025.07.14-01.40.21:031][211]LogBlueprintUserMessages: [ReglasJuego_C_0] 14
[2025.07.14-01.40.21:031][211]LogBlueprintUserMessages: [ReglasJuego_C_0] El puntaje subio!
[2025.07.14-01.40.21:031][211]LogBlueprintUserMessages: [ReglasJuego_C_0] 16
[2025.07.14-01.40.21:072][213]LogBlueprintUserMessages: [ReglasJuego_C_0] El puntaje subio!
[2025.07.14-01.40.21:072][213]LogBlueprintUserMessages: [ReglasJuego_C_0] 18
[2025.07.14-01.40.21:106][215]LogBlueprintUserMessages: [ReglasJuego_C_0] El puntaje subio!
[2025.07.14-01.40.21:106][215]LogBlueprintUserMessages: [ReglasJuego_C_0] 20
[2025.07.14-01.40.21:106][215]LogBlueprintUserMessages: [ReglasJuego_C_0] Ganaste!
[2025.07.14-01.40.21:124][216]LogNet: Browse: /Game/ThirdPersonBP/Maps/GanasteLevel
[2025.07.14-01.40.21:124][216]LogLoad: LoadMap: /Game/ThirdPersonBP/Maps/GanasteLevel
[2025.07.14-01.40.21:124][216]LogWorld: BeginTearingDown for /Game/ThirdPersonBP/Maps/UEDPIE_0_ThirdPersonExampleMap
[2025.07.14-01.40.21:124][216]LogWorld: UWorld::CleanupWorld for ThirdPersonExampleMap, bSessionEnded=true, bCleanupResources=true
[2025.07.14-01.40.21:125][216]LogSlate: InvalidateAllWidgets triggered.  All widgets were invalidated
[2025.07.14-01.40.21:191][216]LogAudio: Display: Audio Device unregistered from world 'None'.
[2025.07.14-01.40.21:198][216]LogUObjectHash: Compacting FUObjectHashTables data took   4.61ms
[2025.07.14-01.40.21:251][216]LogAudio: Display: Audio Device (ID: 28) registered with world 'GanasteLevel'.
[2025.07.14-01.40.21:253][216]LogAIModule: Creating AISystem for world GanasteLevel
[2025.07.14-01.40.21:253][216]LogLoad: Game class is 'ReglasJuego_C'
[2025.07.14-01.40.21:315][216]LogWorld: Bringing World /Game/ThirdPersonBP/Maps/UEDPIE_0_GanasteLevel.GanasteLevel up for play (max tick rate 60) at 2025.07.13-22.40.21
[2025.07.14-01.40.21:315][216]LogWorld: Bringing up level for play took: 0.060675
[2025.07.14-01.40.21:316][216]LogGameMode: FindPlayerStart: PATHS NOT DEFINED or NO PLAYERSTART with positive rating
[2025.07.14-01.40.21:318][216]LogBlueprintUserMessages: [plataforma_2] Buenas buenas!
[2025.07.14-01.40.21:318][216]LogLoad: Took 0.194419 seconds to LoadMap(/Game/ThirdPersonBP/Maps/GanasteLevel)
[2025.07.14-01.40.21:367][216]PIE: Error: Blueprint Runtime Error: "Accessed None trying to read property K2Node_DynamicCast_AsPeoncito". Blueprint:  BarraVIda Function:  Get Text 0 Graph:  GetText_0 Node:  Return Node
[2025.07.14-01.40.21:392][217]PIE: Error: Blueprint Runtime Error: "Accessed None trying to read property K2Node_DynamicCast_AsPeoncito". Blueprint:  BarraVIda Function:  Get Text 0 Graph:  GetText_0 Node:  Return Node
[2025.07.14-01.40.21:411][218]PIE: Error: Blueprint Runtime Error: "Accessed None trying to read property K2Node_DynamicCast_AsPeoncito". Blueprint:  BarraVIda Function:  Get Text 0 Graph:  GetText_0 Node:  Return Node
[2025.07.14-01.40.21:432][219]PIE: Error: Blueprint Runtime Error: "Accessed None trying to read property K2Node_DynamicCast_AsPeoncito". Blueprint:  BarraVIda Function:  Get Text 0 Graph:  GetText_0 Node:  Return Node
[2025.07.14-01.40.21:456][220]PIE: Error: Blueprint Runtime Error: "Accessed None trying to read property K2Node_DynamicCast_AsPeoncito". Blueprint:  BarraVIda Function:  Get Text 0 Graph:  GetText_0 Node:  Return Node
[2025.07.14-01.40.21:481][221]PIE: Error: Blueprint Runtime Error: "Accessed None trying to read property K2Node_DynamicCast_AsPeoncito". Blueprint:  BarraVIda Function:  Get Text 0 Graph:  GetText_0 Node:  Return Node
[2025.07.14-01.40.21:507][222]PIE: Error: Blueprint Runtime Error: "Accessed None trying to read property K2Node_DynamicCast_AsPeoncito". Blueprint:  BarraVIda Function:  Get Text 0 Graph:  GetText_0 Node:  Return Node
[2025.07.14-01.40.21:529][223]PIE: Error: Blueprint Runtime Error: "Accessed None trying to read property K2Node_DynamicCast_AsPeoncito". Blueprint:  BarraVIda Function:  Get Text 0 Graph:  GetText_0 Node:  Return Node
[2025.07.14-01.40.21:552][224]PIE: Error: Blueprint Runtime Error: "Accessed None trying to read property K2Node_DynamicCast_AsPeoncito". Blueprint:  BarraVIda Function:  Get Text 0 Graph:  GetText_0 Node:  Return Node
[2025.07.14-01.40.21:574][225]PIE: Error: Blueprint Runtime Error: "Accessed None trying to read property K2Node_DynamicCast_AsPeoncito". Blueprint:  BarraVIda Function:  Get Text 0 Graph:  GetText_0 Node:  Return Node
[2025.07.14-01.40.21:595][226]PIE: Error: Blueprint Runtime Error: "Accessed None trying to read property K2Node_DynamicCast_AsPeoncito". Blueprint:  BarraVIda Function:  Get Text 0 Graph:  GetText_0 Node:  Return Node
[2025.07.14-01.40.21:613][227]PIE: Error: Blueprint Runtime Error: "Accessed None trying to read property K2Node_DynamicCast_AsPeoncito". Blueprint:  BarraVIda Function:  Get Text 0 Graph:  GetText_0 Node:  Return Node
[2025.07.14-01.40.21:632][228]PIE: Error: Blueprint Runtime Error: "Accessed None trying to read property K2Node_DynamicCast_AsPeoncito". Blueprint:  BarraVIda Function:  Get Text 0 Graph:  GetText_0 Node:  Return Node
[2025.07.14-01.40.21:649][229]PIE: Error: Blueprint Runtime Error: "Accessed None trying to read property K2Node_DynamicCast_AsPeoncito". Blueprint:  BarraVIda Function:  Get Text 0 Graph:  GetText_0 Node:  Return Node
[2025.07.14-01.40.21:667][230]PIE: Error: Blueprint Runtime Error: "Accessed None trying to read property K2Node_DynamicCast_AsPeoncito". Blueprint:  BarraVIda Function:  Get Text 0 Graph:  GetText_0 Node:  Return Node
[2025.07.14-01.40.21:687][231]PIE: Error: Blueprint Runtime Error: "Accessed None trying to read property K2Node_DynamicCast_AsPeoncito". Blueprint:  BarraVIda Function:  Get Text 0 Graph:  GetText_0 Node:  Return Node
[2025.07.14-01.40.21:709][232]PIE: Error: Blueprint Runtime Error: "Accessed None trying to read property K2Node_DynamicCast_AsPeoncito". Blueprint:  BarraVIda Function:  Get Text 0 Graph:  GetText_0 Node:  Return Node
[2025.07.14-01.40.21:732][233]PIE: Error: Blueprint Runtime Error: "Accessed None trying to read property K2Node_DynamicCast_AsPeoncito". Blueprint:  BarraVIda Function:  Get Text 0 Graph:  GetText_0 Node:  Return Node
[2025.07.14-01.40.21:755][234]PIE: Error: Blueprint Runtime Error: "Accessed None trying to read property K2Node_DynamicCast_AsPeoncito". Blueprint:  BarraVIda Function:  Get Text 0 Graph:  GetText_0 Node:  Return Node
[2025.07.14-01.40.21:779][235]PIE: Error: Blueprint Runtime Error: "Accessed None trying to read property K2Node_DynamicCast_AsPeoncito". Blueprint:  BarraVIda Function:  Get Text 0 Graph:  GetText_0 Node:  Return Node
[2025.07.14-01.40.21:800][236]PIE: Error: Blueprint Runtime Error: "Accessed None trying to read property K2Node_DynamicCast_AsPeoncito". Blueprint:  BarraVIda Function:  Get Text 0 Graph:  GetText_0 Node:  Return Node
[2025.07.14-01.40.21:820][237]PIE: Error: Blueprint Runtime Error: "Accessed None trying to read property K2Node_DynamicCast_AsPeoncito". Blueprint:  BarraVIda Function:  Get Text 0 Graph:  GetText_0 Node:  Return Node
[2025.07.14-01.40.21:842][238]PIE: Error: Blueprint Runtime Error: "Accessed None trying to read property K2Node_DynamicCast_AsPeoncito". Blueprint:  BarraVIda Function:  Get Text 0 Graph:  GetText_0 Node:  Return Node
[2025.07.14-01.40.21:865][239]PIE: Error: Blueprint Runtime Error: "Accessed None trying to read property K2Node_DynamicCast_AsPeoncito". Blueprint:  BarraVIda Function:  Get Text 0 Graph:  GetText_0 Node:  Return Node
[2025.07.14-01.40.21:887][240]PIE: Error: Blueprint Runtime Error: "Accessed None trying to read property K2Node_DynamicCast_AsPeoncito". Blueprint:  BarraVIda Function:  Get Text 0 Graph:  GetText_0 Node:  Return Node
[2025.07.14-01.40.21:910][241]PIE: Error: Blueprint Runtime Error: "Accessed None trying to read property K2Node_DynamicCast_AsPeoncito". Blueprint:  BarraVIda Function:  Get Text 0 Graph:  GetText_0 Node:  Return Node
[2025.07.14-01.40.21:931][242]PIE: Error: Blueprint Runtime Error: "Accessed None trying to read property K2Node_DynamicCast_AsPeoncito". Blueprint:  BarraVIda Function:  Get Text 0 Graph:  GetText_0 Node:  Return Node
[2025.07.14-01.40.21:948][243]PIE: Error: Blueprint Runtime Error: "Accessed None trying to read property K2Node_DynamicCast_AsPeoncito". Blueprint:  BarraVIda Function:  Get Text 0 Graph:  GetText_0 Node:  Return Node
[2025.07.14-01.40.21:966][244]PIE: Error: Blueprint Runtime Error: "Accessed None trying to read property K2Node_DynamicCast_AsPeoncito". Blueprint:  BarraVIda Function:  Get Text 0 Graph:  GetText_0 Node:  Return Node
[2025.07.14-01.40.21:983][245]PIE: Error: Blueprint Runtime Error: "Accessed None trying to read property K2Node_DynamicCast_AsPeoncito". Blueprint:  BarraVIda Function:  Get Text 0 Graph:  GetText_0 Node:  Return Node
[2025.07.14-01.40.22:001][246]PIE: Error: Blueprint Runtime Error: "Accessed None trying to read property K2Node_DynamicCast_AsPeoncito". Blueprint:  BarraVIda Function:  Get Text 0 Graph:  GetText_0 Node:  Return Node
[2025.07.14-01.40.22:020][247]PIE: Error: Blueprint Runtime Error: "Accessed None trying to read property K2Node_DynamicCast_AsPeoncito". Blueprint:  BarraVIda Function:  Get Text 0 Graph:  GetText_0 Node:  Return Node
[2025.07.14-01.40.22:039][248]PIE: Error: Blueprint Runtime Error: "Accessed None trying to read property K2Node_DynamicCast_AsPeoncito". Blueprint:  BarraVIda Function:  Get Text 0 Graph:  GetText_0 Node:  Return Node
[2025.07.14-01.40.22:061][249]PIE: Error: Blueprint Runtime Error: "Accessed None trying to read property K2Node_DynamicCast_AsPeoncito". Blueprint:  BarraVIda Function:  Get Text 0 Graph:  GetText_0 Node:  Return Node
[2025.07.14-01.40.22:082][250]PIE: Error: Blueprint Runtime Error: "Accessed None trying to read property K2Node_DynamicCast_AsPeoncito". Blueprint:  BarraVIda Function:  Get Text 0 Graph:  GetText_0 Node:  Return Node
[2025.07.14-01.40.22:102][251]PIE: Error: Blueprint Runtime Error: "Accessed None trying to read property K2Node_DynamicCast_AsPeoncito". Blueprint:  BarraVIda Function:  Get Text 0 Graph:  GetText_0 Node:  Return Node
[2025.07.14-01.40.22:122][252]PIE: Error: Blueprint Runtime Error: "Accessed None trying to read property K2Node_DynamicCast_AsPeoncito". Blueprint:  BarraVIda Function:  Get Text 0 Graph:  GetText_0 Node:  Return Node
[2025.07.14-01.40.22:141][253]PIE: Error: Blueprint Runtime Error: "Accessed None trying to read property K2Node_DynamicCast_AsPeoncito". Blueprint:  BarraVIda Function:  Get Text 0 Graph:  GetText_0 Node:  Return Node
[2025.07.14-01.40.22:160][254]PIE: Error: Blueprint Runtime Error: "Accessed None trying to read property K2Node_DynamicCast_AsPeoncito". Blueprint:  BarraVIda Function:  Get Text 0 Graph:  GetText_0 Node:  Return Node
[2025.07.14-01.40.22:181][255]PIE: Error: Blueprint Runtime Error: "Accessed None trying to read property K2Node_DynamicCast_AsPeoncito". Blueprint:  BarraVIda Function:  Get Text 0 Graph:  GetText_0 Node:  Return Node
[2025.07.14-01.40.22:203][256]PIE: Error: Blueprint Runtime Error: "Accessed None trying to read property K2Node_DynamicCast_AsPeoncito". Blueprint:  BarraVIda Function:  Get Text 0 Graph:  GetText_0 Node:  Return Node
[2025.07.14-01.40.22:223][257]PIE: Error: Blueprint Runtime Error: "Accessed None trying to read property K2Node_DynamicCast_AsPeoncito". Blueprint:  BarraVIda Function:  Get Text 0 Graph:  GetText_0 Node:  Return Node
[2025.07.14-01.40.22:244][258]PIE: Error: Blueprint Runtime Error: "Accessed None trying to read property K2Node_DynamicCast_AsPeoncito". Blueprint:  BarraVIda Function:  Get Text 0 Graph:  GetText_0 Node:  Return Node
[2025.07.14-01.40.22:268][259]PIE: Error: Blueprint Runtime Error: "Accessed None trying to read property K2Node_DynamicCast_AsPeoncito". Blueprint:  BarraVIda Function:  Get Text 0 Graph:  GetText_0 Node:  Return Node
[2025.07.14-01.40.22:290][260]PIE: Error: Blueprint Runtime Error: "Accessed None trying to read property K2Node_DynamicCast_AsPeoncito". Blueprint:  BarraVIda Function:  Get Text 0 Graph:  GetText_0 Node:  Return Node
[2025.07.14-01.40.22:314][261]PIE: Error: Blueprint Runtime Error: "Accessed None trying to read property K2Node_DynamicCast_AsPeoncito". Blueprint:  BarraVIda Function:  Get Text 0 Graph:  GetText_0 Node:  Return Node
[2025.07.14-01.40.22:337][262]PIE: Error: Blueprint Runtime Error: "Accessed None trying to read property K2Node_DynamicCast_AsPeoncito". Blueprint:  BarraVIda Function:  Get Text 0 Graph:  GetText_0 Node:  Return Node
[2025.07.14-01.40.22:357][263]PIE: Error: Blueprint Runtime Error: "Accessed None trying to read property K2Node_DynamicCast_AsPeoncito". Blueprint:  BarraVIda Function:  Get Text 0 Graph:  GetText_0 Node:  Return Node
[2025.07.14-01.40.22:382][264]PIE: Error: Blueprint Runtime Error: "Accessed None trying to read property K2Node_DynamicCast_AsPeoncito". Blueprint:  BarraVIda Function:  Get Text 0 Graph:  GetText_0 Node:  Return Node
[2025.07.14-01.40.22:403][265]PIE: Error: Blueprint Runtime Error: "Accessed None trying to read property K2Node_DynamicCast_AsPeoncito". Blueprint:  BarraVIda Function:  Get Text 0 Graph:  GetText_0 Node:  Return Node
[2025.07.14-01.40.22:424][266]PIE: Error: Blueprint Runtime Error: "Accessed None trying to read property K2Node_DynamicCast_AsPeoncito". Blueprint:  BarraVIda Function:  Get Text 0 Graph:  GetText_0 Node:  Return Node
[2025.07.14-01.40.22:448][267]PIE: Error: Blueprint Runtime Error: "Accessed None trying to read property K2Node_DynamicCast_AsPeoncito". Blueprint:  BarraVIda Function:  Get Text 0 Graph:  GetText_0 Node:  Return Node
[2025.07.14-01.40.22:471][268]PIE: Error: Blueprint Runtime Error: "Accessed None trying to read property K2Node_DynamicCast_AsPeoncito". Blueprint:  BarraVIda Function:  Get Text 0 Graph:  GetText_0 Node:  Return Node
[2025.07.14-01.40.22:491][269]PIE: Error: Blueprint Runtime Error: "Accessed None trying to read property K2Node_DynamicCast_AsPeoncito". Blueprint:  BarraVIda Function:  Get Text 0 Graph:  GetText_0 Node:  Return Node
[2025.07.14-01.40.22:509][270]PIE: Error: Blueprint Runtime Error: "Accessed None trying to read property K2Node_DynamicCast_AsPeoncito". Blueprint:  BarraVIda Function:  Get Text 0 Graph:  GetText_0 Node:  Return Node
[2025.07.14-01.40.22:529][271]PIE: Error: Blueprint Runtime Error: "Accessed None trying to read property K2Node_DynamicCast_AsPeoncito". Blueprint:  BarraVIda Function:  Get Text 0 Graph:  GetText_0 Node:  Return Node
[2025.07.14-01.40.22:548][272]PIE: Error: Blueprint Runtime Error: "Accessed None trying to read property K2Node_DynamicCast_AsPeoncito". Blueprint:  BarraVIda Function:  Get Text 0 Graph:  GetText_0 Node:  Return Node
[2025.07.14-01.40.22:567][273]PIE: Error: Blueprint Runtime Error: "Accessed None trying to read property K2Node_DynamicCast_AsPeoncito". Blueprint:  BarraVIda Function:  Get Text 0 Graph:  GetText_0 Node:  Return Node
[2025.07.14-01.40.22:588][274]PIE: Error: Blueprint Runtime Error: "Accessed None trying to read property K2Node_DynamicCast_AsPeoncito". Blueprint:  BarraVIda Function:  Get Text 0 Graph:  GetText_0 Node:  Return Node
[2025.07.14-01.40.22:609][275]PIE: Error: Blueprint Runtime Error: "Accessed None trying to read property K2Node_DynamicCast_AsPeoncito". Blueprint:  BarraVIda Function:  Get Text 0 Graph:  GetText_0 Node:  Return Node
[2025.07.14-01.40.22:631][276]PIE: Error: Blueprint Runtime Error: "Accessed None trying to read property K2Node_DynamicCast_AsPeoncito". Blueprint:  BarraVIda Function:  Get Text 0 Graph:  GetText_0 Node:  Return Node
[2025.07.14-01.40.22:649][277]PIE: Error: Blueprint Runtime Error: "Accessed None trying to read property K2Node_DynamicCast_AsPeoncito". Blueprint:  BarraVIda Function:  Get Text 0 Graph:  GetText_0 Node:  Return Node
[2025.07.14-01.40.22:668][278]PIE: Error: Blueprint Runtime Error: "Accessed None trying to read property K2Node_DynamicCast_AsPeoncito". Blueprint:  BarraVIda Function:  Get Text 0 Graph:  GetText_0 Node:  Return Node
[2025.07.14-01.40.22:687][279]PIE: Error: Blueprint Runtime Error: "Accessed None trying to read property K2Node_DynamicCast_AsPeoncito". Blueprint:  BarraVIda Function:  Get Text 0 Graph:  GetText_0 Node:  Return Node
[2025.07.14-01.40.22:715][280]PIE: Error: Blueprint Runtime Error: "Accessed None trying to read property K2Node_DynamicCast_AsPeoncito". Blueprint:  BarraVIda Function:  Get Text 0 Graph:  GetText_0 Node:  Return Node
[2025.07.14-01.40.22:739][281]PIE: Error: Blueprint Runtime Error: "Accessed None trying to read property K2Node_DynamicCast_AsPeoncito". Blueprint:  BarraVIda Function:  Get Text 0 Graph:  GetText_0 Node:  Return Node
[2025.07.14-01.40.22:762][282]PIE: Error: Blueprint Runtime Error: "Accessed None trying to read property K2Node_DynamicCast_AsPeoncito". Blueprint:  BarraVIda Function:  Get Text 0 Graph:  GetText_0 Node:  Return Node
[2025.07.14-01.40.22:784][283]PIE: Error: Blueprint Runtime Error: "Accessed None trying to read property K2Node_DynamicCast_AsPeoncito". Blueprint:  BarraVIda Function:  Get Text 0 Graph:  GetText_0 Node:  Return Node
[2025.07.14-01.40.22:807][284]PIE: Error: Blueprint Runtime Error: "Accessed None trying to read property K2Node_DynamicCast_AsPeoncito". Blueprint:  BarraVIda Function:  Get Text 0 Graph:  GetText_0 Node:  Return Node
[2025.07.14-01.40.22:830][285]PIE: Error: Blueprint Runtime Error: "Accessed None trying to read property K2Node_DynamicCast_AsPeoncito". Blueprint:  BarraVIda Function:  Get Text 0 Graph:  GetText_0 Node:  Return Node
[2025.07.14-01.40.22:856][286]PIE: Error: Blueprint Runtime Error: "Accessed None trying to read property K2Node_DynamicCast_AsPeoncito". Blueprint:  BarraVIda Function:  Get Text 0 Graph:  GetText_0 Node:  Return Node
[2025.07.14-01.40.22:878][287]PIE: Error: Blueprint Runtime Error: "Accessed None trying to read property K2Node_DynamicCast_AsPeoncito". Blueprint:  BarraVIda Function:  Get Text 0 Graph:  GetText_0 Node:  Return Node
[2025.07.14-01.40.22:903][288]PIE: Error: Blueprint Runtime Error: "Accessed None trying to read property K2Node_DynamicCast_AsPeoncito". Blueprint:  BarraVIda Function:  Get Text 0 Graph:  GetText_0 Node:  Return Node
[2025.07.14-01.40.22:924][289]PIE: Error: Blueprint Runtime Error: "Accessed None trying to read property K2Node_DynamicCast_AsPeoncito". Blueprint:  BarraVIda Function:  Get Text 0 Graph:  GetText_0 Node:  Return Node
[2025.07.14-01.40.22:947][290]PIE: Error: Blueprint Runtime Error: "Accessed None trying to read property K2Node_DynamicCast_AsPeoncito". Blueprint:  BarraVIda Function:  Get Text 0 Graph:  GetText_0 Node:  Return Node
[2025.07.14-01.40.22:968][291]PIE: Error: Blueprint Runtime Error: "Accessed None trying to read property K2Node_DynamicCast_AsPeoncito". Blueprint:  BarraVIda Function:  Get Text 0 Graph:  GetText_0 Node:  Return Node
[2025.07.14-01.40.22:991][292]PIE: Error: Blueprint Runtime Error: "Accessed None trying to read property K2Node_DynamicCast_AsPeoncito". Blueprint:  BarraVIda Function:  Get Text 0 Graph:  GetText_0 Node:  Return Node
[2025.07.14-01.40.23:014][293]PIE: Error: Blueprint Runtime Error: "Accessed None trying to read property K2Node_DynamicCast_AsPeoncito". Blueprint:  BarraVIda Function:  Get Text 0 Graph:  GetText_0 Node:  Return Node
[2025.07.14-01.40.23:037][294]PIE: Error: Blueprint Runtime Error: "Accessed None trying to read property K2Node_DynamicCast_AsPeoncito". Blueprint:  BarraVIda Function:  Get Text 0 Graph:  GetText_0 Node:  Return Node
[2025.07.14-01.40.23:063][295]PIE: Error: Blueprint Runtime Error: "Accessed None trying to read property K2Node_DynamicCast_AsPeoncito". Blueprint:  BarraVIda Function:  Get Text 0 Graph:  GetText_0 Node:  Return Node
[2025.07.14-01.40.23:085][296]PIE: Error: Blueprint Runtime Error: "Accessed None trying to read property K2Node_DynamicCast_AsPeoncito". Blueprint:  BarraVIda Function:  Get Text 0 Graph:  GetText_0 Node:  Return Node
[2025.07.14-01.40.23:106][297]PIE: Error: Blueprint Runtime Error: "Accessed None trying to read property K2Node_DynamicCast_AsPeoncito". Blueprint:  BarraVIda Function:  Get Text 0 Graph:  GetText_0 Node:  Return Node
[2025.07.14-01.40.23:125][298]PIE: Error: Blueprint Runtime Error: "Accessed None trying to read property K2Node_DynamicCast_AsPeoncito". Blueprint:  BarraVIda Function:  Get Text 0 Graph:  GetText_0 Node:  Return Node
[2025.07.14-01.40.23:143][299]PIE: Error: Blueprint Runtime Error: "Accessed None trying to read property K2Node_DynamicCast_AsPeoncito". Blueprint:  BarraVIda Function:  Get Text 0 Graph:  GetText_0 Node:  Return Node
[2025.07.14-01.40.23:160][300]PIE: Error: Blueprint Runtime Error: "Accessed None trying to read property K2Node_DynamicCast_AsPeoncito". Blueprint:  BarraVIda Function:  Get Text 0 Graph:  GetText_0 Node:  Return Node
[2025.07.14-01.40.23:177][301]PIE: Error: Blueprint Runtime Error: "Accessed None trying to read property K2Node_DynamicCast_AsPeoncito". Blueprint:  BarraVIda Function:  Get Text 0 Graph:  GetText_0 Node:  Return Node
[2025.07.14-01.40.23:193][302]PIE: Error: Blueprint Runtime Error: "Accessed None trying to read property K2Node_DynamicCast_AsPeoncito". Blueprint:  BarraVIda Function:  Get Text 0 Graph:  GetText_0 Node:  Return Node
[2025.07.14-01.40.23:210][303]PIE: Error: Blueprint Runtime Error: "Accessed None trying to read property K2Node_DynamicCast_AsPeoncito". Blueprint:  BarraVIda Function:  Get Text 0 Graph:  GetText_0 Node:  Return Node
[2025.07.14-01.40.23:228][304]PIE: Error: Blueprint Runtime Error: "Accessed None trying to read property K2Node_DynamicCast_AsPeoncito". Blueprint:  BarraVIda Function:  Get Text 0 Graph:  GetText_0 Node:  Return Node
[2025.07.14-01.40.23:246][305]PIE: Error: Blueprint Runtime Error: "Accessed None trying to read property K2Node_DynamicCast_AsPeoncito". Blueprint:  BarraVIda Function:  Get Text 0 Graph:  GetText_0 Node:  Return Node
[2025.07.14-01.40.23:266][306]PIE: Error: Blueprint Runtime Error: "Accessed None trying to read property K2Node_DynamicCast_AsPeoncito". Blueprint:  BarraVIda Function:  Get Text 0 Graph:  GetText_0 Node:  Return Node
[2025.07.14-01.40.23:285][307]PIE: Error: Blueprint Runtime Error: "Accessed None trying to read property K2Node_DynamicCast_AsPeoncito". Blueprint:  BarraVIda Function:  Get Text 0 Graph:  GetText_0 Node:  Return Node
[2025.07.14-01.40.23:307][308]PIE: Error: Blueprint Runtime Error: "Accessed None trying to read property K2Node_DynamicCast_AsPeoncito". Blueprint:  BarraVIda Function:  Get Text 0 Graph:  GetText_0 Node:  Return Node
[2025.07.14-01.40.23:333][309]PIE: Error: Blueprint Runtime Error: "Accessed None trying to read property K2Node_DynamicCast_AsPeoncito". Blueprint:  BarraVIda Function:  Get Text 0 Graph:  GetText_0 Node:  Return Node
[2025.07.14-01.40.23:358][310]PIE: Error: Blueprint Runtime Error: "Accessed None trying to read property K2Node_DynamicCast_AsPeoncito". Blueprint:  BarraVIda Function:  Get Text 0 Graph:  GetText_0 Node:  Return Node
[2025.07.14-01.40.23:378][311]PIE: Error: Blueprint Runtime Error: "Accessed None trying to read property K2Node_DynamicCast_AsPeoncito". Blueprint:  BarraVIda Function:  Get Text 0 Graph:  GetText_0 Node:  Return Node
[2025.07.14-01.40.23:399][312]PIE: Error: Blueprint Runtime Error: "Accessed None trying to read property K2Node_DynamicCast_AsPeoncito". Blueprint:  BarraVIda Function:  Get Text 0 Graph:  GetText_0 Node:  Return Node
[2025.07.14-01.40.23:417][313]PIE: Error: Blueprint Runtime Error: "Accessed None trying to read property K2Node_DynamicCast_AsPeoncito". Blueprint:  BarraVIda Function:  Get Text 0 Graph:  GetText_0 Node:  Return Node
[2025.07.14-01.40.23:440][314]PIE: Error: Blueprint Runtime Error: "Accessed None trying to read property K2Node_DynamicCast_AsPeoncito". Blueprint:  BarraVIda Function:  Get Text 0 Graph:  GetText_0 Node:  Return Node
[2025.07.14-01.40.23:468][315]PIE: Error: Blueprint Runtime Error: "Accessed None trying to read property K2Node_DynamicCast_AsPeoncito". Blueprint:  BarraVIda Function:  Get Text 0 Graph:  GetText_0 Node:  Return Node
[2025.07.14-01.40.23:499][316]PIE: Error: Blueprint Runtime Error: "Accessed None trying to read property K2Node_DynamicCast_AsPeoncito". Blueprint:  BarraVIda Function:  Get Text 0 Graph:  GetText_0 Node:  Return Node
[2025.07.14-01.40.23:528][317]PIE: Error: Blueprint Runtime Error: "Accessed None trying to read property K2Node_DynamicCast_AsPeoncito". Blueprint:  BarraVIda Function:  Get Text 0 Graph:  GetText_0 Node:  Return Node
[2025.07.14-01.40.23:558][318]PIE: Error: Blueprint Runtime Error: "Accessed None trying to read property K2Node_DynamicCast_AsPeoncito". Blueprint:  BarraVIda Function:  Get Text 0 Graph:  GetText_0 Node:  Return Node
[2025.07.14-01.40.23:587][319]PIE: Error: Blueprint Runtime Error: "Accessed None trying to read property K2Node_DynamicCast_AsPeoncito". Blueprint:  BarraVIda Function:  Get Text 0 Graph:  GetText_0 Node:  Return Node
[2025.07.14-01.40.23:615][320]PIE: Error: Blueprint Runtime Error: "Accessed None trying to read property K2Node_DynamicCast_AsPeoncito". Blueprint:  BarraVIda Function:  Get Text 0 Graph:  GetText_0 Node:  Return Node
[2025.07.14-01.40.23:640][321]PIE: Error: Blueprint Runtime Error: "Accessed None trying to read property K2Node_DynamicCast_AsPeoncito". Blueprint:  BarraVIda Function:  Get Text 0 Graph:  GetText_0 Node:  Return Node
[2025.07.14-01.40.23:664][322]PIE: Error: Blueprint Runtime Error: "Accessed None trying to read property K2Node_DynamicCast_AsPeoncito". Blueprint:  BarraVIda Function:  Get Text 0 Graph:  GetText_0 Node:  Return Node
[2025.07.14-01.40.23:682][323]PIE: Error: Blueprint Runtime Error: "Accessed None trying to read property K2Node_DynamicCast_AsPeoncito". Blueprint:  BarraVIda Function:  Get Text 0 Graph:  GetText_0 Node:  Return Node
[2025.07.14-01.40.23:700][324]PIE: Error: Blueprint Runtime Error: "Accessed None trying to read property K2Node_DynamicCast_AsPeoncito". Blueprint:  BarraVIda Function:  Get Text 0 Graph:  GetText_0 Node:  Return Node
[2025.07.14-01.40.23:719][325]PIE: Error: Blueprint Runtime Error: "Accessed None trying to read property K2Node_DynamicCast_AsPeoncito". Blueprint:  BarraVIda Function:  Get Text 0 Graph:  GetText_0 Node:  Return Node
[2025.07.14-01.40.23:741][326]PIE: Error: Blueprint Runtime Error: "Accessed None trying to read property K2Node_DynamicCast_AsPeoncito". Blueprint:  BarraVIda Function:  Get Text 0 Graph:  GetText_0 Node:  Return Node
[2025.07.14-01.40.23:763][327]PIE: Error: Blueprint Runtime Error: "Accessed None trying to read property K2Node_DynamicCast_AsPeoncito". Blueprint:  BarraVIda Function:  Get Text 0 Graph:  GetText_0 Node:  Return Node
[2025.07.14-01.40.23:783][328]PIE: Error: Blueprint Runtime Error: "Accessed None trying to read property K2Node_DynamicCast_AsPeoncito". Blueprint:  BarraVIda Function:  Get Text 0 Graph:  GetText_0 Node:  Return Node
[2025.07.14-01.40.23:801][329]PIE: Error: Blueprint Runtime Error: "Accessed None trying to read property K2Node_DynamicCast_AsPeoncito". Blueprint:  BarraVIda Function:  Get Text 0 Graph:  GetText_0 Node:  Return Node
[2025.07.14-01.40.23:817][330]PIE: Error: Blueprint Runtime Error: "Accessed None trying to read property K2Node_DynamicCast_AsPeoncito". Blueprint:  BarraVIda Function:  Get Text 0 Graph:  GetText_0 Node:  Return Node
[2025.07.14-01.40.23:834][331]PIE: Error: Blueprint Runtime Error: "Accessed None trying to read property K2Node_DynamicCast_AsPeoncito". Blueprint:  BarraVIda Function:  Get Text 0 Graph:  GetText_0 Node:  Return Node
[2025.07.14-01.40.23:852][332]PIE: Error: Blueprint Runtime Error: "Accessed None trying to read property K2Node_DynamicCast_AsPeoncito". Blueprint:  BarraVIda Function:  Get Text 0 Graph:  GetText_0 Node:  Return Node
[2025.07.14-01.40.23:871][333]PIE: Error: Blueprint Runtime Error: "Accessed None trying to read property K2Node_DynamicCast_AsPeoncito". Blueprint:  BarraVIda Function:  Get Text 0 Graph:  GetText_0 Node:  Return Node
[2025.07.14-01.40.23:892][334]PIE: Error: Blueprint Runtime Error: "Accessed None trying to read property K2Node_DynamicCast_AsPeoncito". Blueprint:  BarraVIda Function:  Get Text 0 Graph:  GetText_0 Node:  Return Node
[2025.07.14-01.40.23:917][335]PIE: Error: Blueprint Runtime Error: "Accessed None trying to read property K2Node_DynamicCast_AsPeoncito". Blueprint:  BarraVIda Function:  Get Text 0 Graph:  GetText_0 Node:  Return Node
[2025.07.14-01.40.23:942][336]PIE: Error: Blueprint Runtime Error: "Accessed None trying to read property K2Node_DynamicCast_AsPeoncito". Blueprint:  BarraVIda Function:  Get Text 0 Graph:  GetText_0 Node:  Return Node
[2025.07.14-01.40.23:972][337]PIE: Error: Blueprint Runtime Error: "Accessed None trying to read property K2Node_DynamicCast_AsPeoncito". Blueprint:  BarraVIda Function:  Get Text 0 Graph:  GetText_0 Node:  Return Node
[2025.07.14-01.40.23:997][338]PIE: Error: Blueprint Runtime Error: "Accessed None trying to read property K2Node_DynamicCast_AsPeoncito". Blueprint:  BarraVIda Function:  Get Text 0 Graph:  GetText_0 Node:  Return Node
[2025.07.14-01.40.24:019][339]PIE: Error: Blueprint Runtime Error: "Accessed None trying to read property K2Node_DynamicCast_AsPeoncito". Blueprint:  BarraVIda Function:  Get Text 0 Graph:  GetText_0 Node:  Return Node
[2025.07.14-01.40.24:039][340]PIE: Error: Blueprint Runtime Error: "Accessed None trying to read property K2Node_DynamicCast_AsPeoncito". Blueprint:  BarraVIda Function:  Get Text 0 Graph:  GetText_0 Node:  Return Node
[2025.07.14-01.40.24:056][341]PIE: Error: Blueprint Runtime Error: "Accessed None trying to read property K2Node_DynamicCast_AsPeoncito". Blueprint:  BarraVIda Function:  Get Text 0 Graph:  GetText_0 Node:  Return Node
[2025.07.14-01.40.24:073][342]PIE: Error: Blueprint Runtime Error: "Accessed None trying to read property K2Node_DynamicCast_AsPeoncito". Blueprint:  BarraVIda Function:  Get Text 0 Graph:  GetText_0 Node:  Return Node
[2025.07.14-01.40.24:092][343]PIE: Error: Blueprint Runtime Error: "Accessed None trying to read property K2Node_DynamicCast_AsPeoncito". Blueprint:  BarraVIda Function:  Get Text 0 Graph:  GetText_0 Node:  Return Node
[2025.07.14-01.40.24:113][344]PIE: Error: Blueprint Runtime Error: "Accessed None trying to read property K2Node_DynamicCast_AsPeoncito". Blueprint:  BarraVIda Function:  Get Text 0 Graph:  GetText_0 Node:  Return Node
[2025.07.14-01.40.24:133][345]PIE: Error: Blueprint Runtime Error: "Accessed None trying to read property K2Node_DynamicCast_AsPeoncito". Blueprint:  BarraVIda Function:  Get Text 0 Graph:  GetText_0 Node:  Return Node
[2025.07.14-01.40.24:155][346]PIE: Error: Blueprint Runtime Error: "Accessed None trying to read property K2Node_DynamicCast_AsPeoncito". Blueprint:  BarraVIda Function:  Get Text 0 Graph:  GetText_0 Node:  Return Node
[2025.07.14-01.40.24:176][347]PIE: Error: Blueprint Runtime Error: "Accessed None trying to read property K2Node_DynamicCast_AsPeoncito". Blueprint:  BarraVIda Function:  Get Text 0 Graph:  GetText_0 Node:  Return Node
[2025.07.14-01.40.24:199][348]PIE: Error: Blueprint Runtime Error: "Accessed None trying to read property K2Node_DynamicCast_AsPeoncito". Blueprint:  BarraVIda Function:  Get Text 0 Graph:  GetText_0 Node:  Return Node
[2025.07.14-01.40.24:224][349]PIE: Error: Blueprint Runtime Error: "Accessed None trying to read property K2Node_DynamicCast_AsPeoncito". Blueprint:  BarraVIda Function:  Get Text 0 Graph:  GetText_0 Node:  Return Node
[2025.07.14-01.40.24:248][350]PIE: Error: Blueprint Runtime Error: "Accessed None trying to read property K2Node_DynamicCast_AsPeoncito". Blueprint:  BarraVIda Function:  Get Text 0 Graph:  GetText_0 Node:  Return Node
[2025.07.14-01.40.24:271][351]PIE: Error: Blueprint Runtime Error: "Accessed None trying to read property K2Node_DynamicCast_AsPeoncito". Blueprint:  BarraVIda Function:  Get Text 0 Graph:  GetText_0 Node:  Return Node
[2025.07.14-01.40.24:293][352]PIE: Error: Blueprint Runtime Error: "Accessed None trying to read property K2Node_DynamicCast_AsPeoncito". Blueprint:  BarraVIda Function:  Get Text 0 Graph:  GetText_0 Node:  Return Node
[2025.07.14-01.40.24:316][353]PIE: Error: Blueprint Runtime Error: "Accessed None trying to read property K2Node_DynamicCast_AsPeoncito". Blueprint:  BarraVIda Function:  Get Text 0 Graph:  GetText_0 Node:  Return Node
[2025.07.14-01.40.24:335][354]PIE: Error: Blueprint Runtime Error: "Accessed None trying to read property K2Node_DynamicCast_AsPeoncito". Blueprint:  BarraVIda Function:  Get Text 0 Graph:  GetText_0 Node:  Return Node
[2025.07.14-01.40.24:354][355]PIE: Error: Blueprint Runtime Error: "Accessed None trying to read property K2Node_DynamicCast_AsPeoncito". Blueprint:  BarraVIda Function:  Get Text 0 Graph:  GetText_0 Node:  Return Node
[2025.07.14-01.40.24:374][356]PIE: Error: Blueprint Runtime Error: "Accessed None trying to read property K2Node_DynamicCast_AsPeoncito". Blueprint:  BarraVIda Function:  Get Text 0 Graph:  GetText_0 Node:  Return Node
[2025.07.14-01.40.24:397][357]PIE: Error: Blueprint Runtime Error: "Accessed None trying to read property K2Node_DynamicCast_AsPeoncito". Blueprint:  BarraVIda Function:  Get Text 0 Graph:  GetText_0 Node:  Return Node
[2025.07.14-01.40.24:416][358]PIE: Error: Blueprint Runtime Error: "Accessed None trying to read property K2Node_DynamicCast_AsPeoncito". Blueprint:  BarraVIda Function:  Get Text 0 Graph:  GetText_0 Node:  Return Node
[2025.07.14-01.40.24:435][359]PIE: Error: Blueprint Runtime Error: "Accessed None trying to read property K2Node_DynamicCast_AsPeoncito". Blueprint:  BarraVIda Function:  Get Text 0 Graph:  GetText_0 Node:  Return Node
[2025.07.14-01.40.24:457][360]PIE: Error: Blueprint Runtime Error: "Accessed None trying to read property K2Node_DynamicCast_AsPeoncito". Blueprint:  BarraVIda Function:  Get Text 0 Graph:  GetText_0 Node:  Return Node
[2025.07.14-01.40.24:481][361]PIE: Error: Blueprint Runtime Error: "Accessed None trying to read property K2Node_DynamicCast_AsPeoncito". Blueprint:  BarraVIda Function:  Get Text 0 Graph:  GetText_0 Node:  Return Node
[2025.07.14-01.40.24:505][362]PIE: Error: Blueprint Runtime Error: "Accessed None trying to read property K2Node_DynamicCast_AsPeoncito". Blueprint:  BarraVIda Function:  Get Text 0 Graph:  GetText_0 Node:  Return Node
[2025.07.14-01.40.24:527][363]PIE: Error: Blueprint Runtime Error: "Accessed None trying to read property K2Node_DynamicCast_AsPeoncito". Blueprint:  BarraVIda Function:  Get Text 0 Graph:  GetText_0 Node:  Return Node
[2025.07.14-01.40.24:551][364]PIE: Error: Blueprint Runtime Error: "Accessed None trying to read property K2Node_DynamicCast_AsPeoncito". Blueprint:  BarraVIda Function:  Get Text 0 Graph:  GetText_0 Node:  Return Node
[2025.07.14-01.40.24:573][365]PIE: Error: Blueprint Runtime Error: "Accessed None trying to read property K2Node_DynamicCast_AsPeoncito". Blueprint:  BarraVIda Function:  Get Text 0 Graph:  GetText_0 Node:  Return Node
[2025.07.14-01.40.24:599][366]PIE: Error: Blueprint Runtime Error: "Accessed None trying to read property K2Node_DynamicCast_AsPeoncito". Blueprint:  BarraVIda Function:  Get Text 0 Graph:  GetText_0 Node:  Return Node
[2025.07.14-01.40.24:630][367]PIE: Error: Blueprint Runtime Error: "Accessed None trying to read property K2Node_DynamicCast_AsPeoncito". Blueprint:  BarraVIda Function:  Get Text 0 Graph:  GetText_0 Node:  Return Node
[2025.07.14-01.40.24:656][368]PIE: Error: Blueprint Runtime Error: "Accessed None trying to read property K2Node_DynamicCast_AsPeoncito". Blueprint:  BarraVIda Function:  Get Text 0 Graph:  GetText_0 Node:  Return Node
[2025.07.14-01.40.24:682][369]PIE: Error: Blueprint Runtime Error: "Accessed None trying to read property K2Node_DynamicCast_AsPeoncito". Blueprint:  BarraVIda Function:  Get Text 0 Graph:  GetText_0 Node:  Return Node
[2025.07.14-01.40.24:706][370]PIE: Error: Blueprint Runtime Error: "Accessed None trying to read property K2Node_DynamicCast_AsPeoncito". Blueprint:  BarraVIda Function:  Get Text 0 Graph:  GetText_0 Node:  Return Node
[2025.07.14-01.40.24:725][371]PIE: Error: Blueprint Runtime Error: "Accessed None trying to read property K2Node_DynamicCast_AsPeoncito". Blueprint:  BarraVIda Function:  Get Text 0 Graph:  GetText_0 Node:  Return Node
[2025.07.14-01.40.24:742][372]PIE: Error: Blueprint Runtime Error: "Accessed None trying to read property K2Node_DynamicCast_AsPeoncito". Blueprint:  BarraVIda Function:  Get Text 0 Graph:  GetText_0 Node:  Return Node
[2025.07.14-01.40.24:759][373]PIE: Error: Blueprint Runtime Error: "Accessed None trying to read property K2Node_DynamicCast_AsPeoncito". Blueprint:  BarraVIda Function:  Get Text 0 Graph:  GetText_0 Node:  Return Node
[2025.07.14-01.40.24:777][374]PIE: Error: Blueprint Runtime Error: "Accessed None trying to read property K2Node_DynamicCast_AsPeoncito". Blueprint:  BarraVIda Function:  Get Text 0 Graph:  GetText_0 Node:  Return Node
[2025.07.14-01.40.24:801][375]PIE: Error: Blueprint Runtime Error: "Accessed None trying to read property K2Node_DynamicCast_AsPeoncito". Blueprint:  BarraVIda Function:  Get Text 0 Graph:  GetText_0 Node:  Return Node
[2025.07.14-01.40.24:823][376]PIE: Error: Blueprint Runtime Error: "Accessed None trying to read property K2Node_DynamicCast_AsPeoncito". Blueprint:  BarraVIda Function:  Get Text 0 Graph:  GetText_0 Node:  Return Node
[2025.07.14-01.40.24:850][377]PIE: Error: Blueprint Runtime Error: "Accessed None trying to read property K2Node_DynamicCast_AsPeoncito". Blueprint:  BarraVIda Function:  Get Text 0 Graph:  GetText_0 Node:  Return Node
[2025.07.14-01.40.24:877][378]PIE: Error: Blueprint Runtime Error: "Accessed None trying to read property K2Node_DynamicCast_AsPeoncito". Blueprint:  BarraVIda Function:  Get Text 0 Graph:  GetText_0 Node:  Return Node
[2025.07.14-01.40.24:904][379]PIE: Error: Blueprint Runtime Error: "Accessed None trying to read property K2Node_DynamicCast_AsPeoncito". Blueprint:  BarraVIda Function:  Get Text 0 Graph:  GetText_0 Node:  Return Node
[2025.07.14-01.40.24:928][380]PIE: Error: Blueprint Runtime Error: "Accessed None trying to read property K2Node_DynamicCast_AsPeoncito". Blueprint:  BarraVIda Function:  Get Text 0 Graph:  GetText_0 Node:  Return Node
[2025.07.14-01.40.24:950][381]PIE: Error: Blueprint Runtime Error: "Accessed None trying to read property K2Node_DynamicCast_AsPeoncito". Blueprint:  BarraVIda Function:  Get Text 0 Graph:  GetText_0 Node:  Return Node
[2025.07.14-01.40.24:969][382]PIE: Error: Blueprint Runtime Error: "Accessed None trying to read property K2Node_DynamicCast_AsPeoncito". Blueprint:  BarraVIda Function:  Get Text 0 Graph:  GetText_0 Node:  Return Node
[2025.07.14-01.40.24:987][383]PIE: Error: Blueprint Runtime Error: "Accessed None trying to read property K2Node_DynamicCast_AsPeoncito". Blueprint:  BarraVIda Function:  Get Text 0 Graph:  GetText_0 Node:  Return Node
[2025.07.14-01.40.25:004][384]PIE: Error: Blueprint Runtime Error: "Accessed None trying to read property K2Node_DynamicCast_AsPeoncito". Blueprint:  BarraVIda Function:  Get Text 0 Graph:  GetText_0 Node:  Return Node
[2025.07.14-01.40.25:020][385]PIE: Error: Blueprint Runtime Error: "Accessed None trying to read property K2Node_DynamicCast_AsPeoncito". Blueprint:  BarraVIda Function:  Get Text 0 Graph:  GetText_0 Node:  Return Node
[2025.07.14-01.40.25:037][386]PIE: Error: Blueprint Runtime Error: "Accessed None trying to read property K2Node_DynamicCast_AsPeoncito". Blueprint:  BarraVIda Function:  Get Text 0 Graph:  GetText_0 Node:  Return Node
[2025.07.14-01.40.25:057][387]PIE: Error: Blueprint Runtime Error: "Accessed None trying to read property K2Node_DynamicCast_AsPeoncito". Blueprint:  BarraVIda Function:  Get Text 0 Graph:  GetText_0 Node:  Return Node
[2025.07.14-01.40.25:081][388]PIE: Error: Blueprint Runtime Error: "Accessed None trying to read property K2Node_DynamicCast_AsPeoncito". Blueprint:  BarraVIda Function:  Get Text 0 Graph:  GetText_0 Node:  Return Node
[2025.07.14-01.40.25:109][389]PIE: Error: Blueprint Runtime Error: "Accessed None trying to read property K2Node_DynamicCast_AsPeoncito". Blueprint:  BarraVIda Function:  Get Text 0 Graph:  GetText_0 Node:  Return Node
[2025.07.14-01.40.25:136][390]PIE: Error: Blueprint Runtime Error: "Accessed None trying to read property K2Node_DynamicCast_AsPeoncito". Blueprint:  BarraVIda Function:  Get Text 0 Graph:  GetText_0 Node:  Return Node
[2025.07.14-01.40.25:159][391]PIE: Error: Blueprint Runtime Error: "Accessed None trying to read property K2Node_DynamicCast_AsPeoncito". Blueprint:  BarraVIda Function:  Get Text 0 Graph:  GetText_0 Node:  Return Node
[2025.07.14-01.40.25:183][392]PIE: Error: Blueprint Runtime Error: "Accessed None trying to read property K2Node_DynamicCast_AsPeoncito". Blueprint:  BarraVIda Function:  Get Text 0 Graph:  GetText_0 Node:  Return Node
[2025.07.14-01.40.25:202][393]PIE: Error: Blueprint Runtime Error: "Accessed None trying to read property K2Node_DynamicCast_AsPeoncito". Blueprint:  BarraVIda Function:  Get Text 0 Graph:  GetText_0 Node:  Return Node
[2025.07.14-01.40.25:224][394]PIE: Error: Blueprint Runtime Error: "Accessed None trying to read property K2Node_DynamicCast_AsPeoncito". Blueprint:  BarraVIda Function:  Get Text 0 Graph:  GetText_0 Node:  Return Node
[2025.07.14-01.40.25:244][395]PIE: Error: Blueprint Runtime Error: "Accessed None trying to read property K2Node_DynamicCast_AsPeoncito". Blueprint:  BarraVIda Function:  Get Text 0 Graph:  GetText_0 Node:  Return Node
[2025.07.14-01.40.25:264][396]PIE: Error: Blueprint Runtime Error: "Accessed None trying to read property K2Node_DynamicCast_AsPeoncito". Blueprint:  BarraVIda Function:  Get Text 0 Graph:  GetText_0 Node:  Return Node
[2025.07.14-01.40.25:283][397]PIE: Error: Blueprint Runtime Error: "Accessed None trying to read property K2Node_DynamicCast_AsPeoncito". Blueprint:  BarraVIda Function:  Get Text 0 Graph:  GetText_0 Node:  Return Node
[2025.07.14-01.40.25:301][398]PIE: Error: Blueprint Runtime Error: "Accessed None trying to read property K2Node_DynamicCast_AsPeoncito". Blueprint:  BarraVIda Function:  Get Text 0 Graph:  GetText_0 Node:  Return Node
[2025.07.14-01.40.25:321][399]PIE: Error: Blueprint Runtime Error: "Accessed None trying to read property K2Node_DynamicCast_AsPeoncito". Blueprint:  BarraVIda Function:  Get Text 0 Graph:  GetText_0 Node:  Return Node
[2025.07.14-01.40.25:340][400]PIE: Error: Blueprint Runtime Error: "Accessed None trying to read property K2Node_DynamicCast_AsPeoncito". Blueprint:  BarraVIda Function:  Get Text 0 Graph:  GetText_0 Node:  Return Node
[2025.07.14-01.40.25:360][401]PIE: Error: Blueprint Runtime Error: "Accessed None trying to read property K2Node_DynamicCast_AsPeoncito". Blueprint:  BarraVIda Function:  Get Text 0 Graph:  GetText_0 Node:  Return Node
[2025.07.14-01.40.25:381][402]PIE: Error: Blueprint Runtime Error: "Accessed None trying to read property K2Node_DynamicCast_AsPeoncito". Blueprint:  BarraVIda Function:  Get Text 0 Graph:  GetText_0 Node:  Return Node
[2025.07.14-01.40.25:402][403]PIE: Error: Blueprint Runtime Error: "Accessed None trying to read property K2Node_DynamicCast_AsPeoncito". Blueprint:  BarraVIda Function:  Get Text 0 Graph:  GetText_0 Node:  Return Node
[2025.07.14-01.40.25:423][404]PIE: Error: Blueprint Runtime Error: "Accessed None trying to read property K2Node_DynamicCast_AsPeoncito". Blueprint:  BarraVIda Function:  Get Text 0 Graph:  GetText_0 Node:  Return Node
[2025.07.14-01.40.25:443][405]PIE: Error: Blueprint Runtime Error: "Accessed None trying to read property K2Node_DynamicCast_AsPeoncito". Blueprint:  BarraVIda Function:  Get Text 0 Graph:  GetText_0 Node:  Return Node
[2025.07.14-01.40.25:465][406]PIE: Error: Blueprint Runtime Error: "Accessed None trying to read property K2Node_DynamicCast_AsPeoncito". Blueprint:  BarraVIda Function:  Get Text 0 Graph:  GetText_0 Node:  Return Node
[2025.07.14-01.40.25:484][407]PIE: Error: Blueprint Runtime Error: "Accessed None trying to read property K2Node_DynamicCast_AsPeoncito". Blueprint:  BarraVIda Function:  Get Text 0 Graph:  GetText_0 Node:  Return Node
[2025.07.14-01.40.25:504][408]PIE: Error: Blueprint Runtime Error: "Accessed None trying to read property K2Node_DynamicCast_AsPeoncito". Blueprint:  BarraVIda Function:  Get Text 0 Graph:  GetText_0 Node:  Return Node
[2025.07.14-01.40.25:524][409]PIE: Error: Blueprint Runtime Error: "Accessed None trying to read property K2Node_DynamicCast_AsPeoncito". Blueprint:  BarraVIda Function:  Get Text 0 Graph:  GetText_0 Node:  Return Node
[2025.07.14-01.40.25:544][410]PIE: Error: Blueprint Runtime Error: "Accessed None trying to read property K2Node_DynamicCast_AsPeoncito". Blueprint:  BarraVIda Function:  Get Text 0 Graph:  GetText_0 Node:  Return Node
[2025.07.14-01.40.25:566][411]PIE: Error: Blueprint Runtime Error: "Accessed None trying to read property K2Node_DynamicCast_AsPeoncito". Blueprint:  BarraVIda Function:  Get Text 0 Graph:  GetText_0 Node:  Return Node
[2025.07.14-01.40.25:587][412]PIE: Error: Blueprint Runtime Error: "Accessed None trying to read property K2Node_DynamicCast_AsPeoncito". Blueprint:  BarraVIda Function:  Get Text 0 Graph:  GetText_0 Node:  Return Node
[2025.07.14-01.40.25:611][413]PIE: Error: Blueprint Runtime Error: "Accessed None trying to read property K2Node_DynamicCast_AsPeoncito". Blueprint:  BarraVIda Function:  Get Text 0 Graph:  GetText_0 Node:  Return Node
[2025.07.14-01.40.25:635][414]PIE: Error: Blueprint Runtime Error: "Accessed None trying to read property K2Node_DynamicCast_AsPeoncito". Blueprint:  BarraVIda Function:  Get Text 0 Graph:  GetText_0 Node:  Return Node
[2025.07.14-01.40.25:659][415]PIE: Error: Blueprint Runtime Error: "Accessed None trying to read property K2Node_DynamicCast_AsPeoncito". Blueprint:  BarraVIda Function:  Get Text 0 Graph:  GetText_0 Node:  Return Node
[2025.07.14-01.40.25:740][416]LogSlate: Updating window title bar state: overlay mode, drag disabled, window buttons hidden, title bar hidden
[2025.07.14-01.40.25:740][416]LogWorld: BeginTearingDown for /Game/ThirdPersonBP/Maps/UEDPIE_0_GanasteLevel
[2025.07.14-01.40.25:741][416]LogWorld: UWorld::CleanupWorld for GanasteLevel, bSessionEnded=true, bCleanupResources=true
[2025.07.14-01.40.25:742][416]LogSlate: InvalidateAllWidgets triggered.  All widgets were invalidated
[2025.07.14-01.40.25:753][416]LogPlayLevel: Display: Shutting down PIE online subsystems
[2025.07.14-01.40.25:773][416]LogSlate: InvalidateAllWidgets triggered.  All widgets were invalidated
[2025.07.14-01.40.25:804][416]LogSlate: Updating window title bar state: overlay mode, drag disabled, window buttons hidden, title bar hidden
[2025.07.14-01.40.25:805][416]LogAudioMixer: FMixerPlatformXAudio2::StopAudioStream() called
[2025.07.14-01.40.25:806][416]LogAudioMixer: FMixerPlatformXAudio2::StopAudioStream() called
[2025.07.14-01.40.25:814][416]LogUObjectHash: Compacting FUObjectHashTables data took   2.84ms
[2025.07.14-01.40.26:072][417]LogPlayLevel: Display: Destroying online subsystem :Context_54
[2025.07.14-01.40.28:502][502]LogSlate: Window 'Message Log' being destroyed
[2025.07.14-01.40.28:522][502]LogSlate: Window 'Message Log' being destroyed
[2025.07.14-01.40.35:567][817]LogEditorViewport: Clicking on Actor (LMB): StaticMeshActor (Wall7)
[2025.07.14-01.40.36:481][855]LogUObjectHash: Compacting FUObjectHashTables data took   3.15ms
[2025.07.14-01.40.36:544][855]LogSavePackage: Moving '../../../../../UTN-e-learning/Unreal-Engine/Unreal-Projects/TP_PreEntrega/Saved/ThirdPersonExampleMap536F5ACA4C1740026786BDA0BE649B7C.tmp' to '../../../../../UTN-e-learning/Unreal-Engine/Unreal-Projects/TP_PreEntrega/Content/ThirdPersonBP/Maps/ThirdPersonExampleMap.umap'
[2025.07.14-01.40.36:722][855]LogSavePackage: Moving '../../../../../UTN-e-learning/Unreal-Engine/Unreal-Projects/TP_PreEntrega/Saved/ThirdPersonExampleMap_BuiltData9F69BDD34FB23314B166B6AADFBA129D.tmp' to '../../../../../UTN-e-learning/Unreal-Engine/Unreal-Projects/TP_PreEntrega/Content/ThirdPersonBP/Maps/ThirdPersonExampleMap_BuiltData.uasset'
[2025.07.14-01.40.36:743][855]AssetCheck: New page: Asset Save: multiple assets
[2025.07.14-01.40.36:743][855]LogContentValidation: Display: Validating MapBuildDataRegistry /Game/ThirdPersonBP/Maps/ThirdPersonExampleMap_BuiltData.ThirdPersonExampleMap_BuiltData
[2025.07.14-01.40.36:743][855]LogContentValidation: Display: Validating World /Game/ThirdPersonBP/Maps/ThirdPersonExampleMap.ThirdPersonExampleMap
[2025.07.14-01.41.22:822][522]LogMaterial: Display: Missing cached shadermap for M_Wood_Pine in PCD3D_SM5, Default, SM5 (DDC key hash: FD566A2BD232847CA6AA65A29078603FA039FF71), compiling. 
[2025.07.14-01.41.22:869][522]LogShaderCompilers: Display: Submitted 25 shader compile jobs with 'Low' priority
[2025.07.14-01.41.22:872][522]LogShaderCompilers: Display: Worker (1/5): shaders left to compile 25
[2025.07.14-01.41.22:872][522]LogShaderCompilers: Display: Worker (2/5): shaders left to compile 18
[2025.07.14-01.41.22:872][522]LogShaderCompilers: Display: Worker (3/5): shaders left to compile 11
[2025.07.14-01.41.22:872][522]LogShaderCompilers: Display: Worker (4/5): shaders left to compile 4
[2025.07.14-01.41.22:872][522]LogShaderCompilers: Display: Started 25 'Local' shader compile jobs with 'Low' priority
[2025.07.14-01.41.22:873][522]LogMaterial: Display: Material /Game/StarterContent/Materials/M_Wood_Pine.M_Wood_Pine needed to have new flag set bUsedWithSkeletalMesh !
[2025.07.14-01.41.22:876][522]LogMaterial: Display: Missing cached shadermap for M_Wood_Pine in PCD3D_SM5, Default, SM5 (DDC key hash: D59FFB4549E22423EB77A0797C86FE7E6A52A2A6), compiling. 
[2025.07.14-01.41.22:976][522]LogShaderCompilers: Display: Submitted 16 shader compile jobs with 'Low' priority
[2025.07.14-01.41.35:013][697]LogShaderCompilers: Display: Worker (4/5): shaders left to compile 2
[2025.07.14-01.41.35:013][697]LogShaderCompilers: Display: Started 1 'Local' shader compile jobs with 'ForceLocal' priority
[2025.07.14-01.41.35:058][697]LogShaderCompilers: Display: === FShaderJobCache stats ===
[2025.07.14-01.41.35:058][697]LogShaderCompilers: Display: Total job queries 255, among them cache hits 0 (0.00%)
[2025.07.14-01.41.35:058][697]LogShaderCompilers: Display: Tracking 168 distinct input hashes that result in 109 distinct outputs (64.88%)
[2025.07.14-01.41.35:058][697]LogShaderCompilers: Display: RAM used: 0.79 MB (0.00 GB) of 1638.40 MB (1.60 GB) budget. Usage: 0.05%
[2025.07.14-01.41.35:058][697]LogShaderCompilers: Display: ================================================
[2025.07.14-01.41.37:034][728]LogShaderCompilers: Display: Worker (4/5): shaders left to compile 1
[2025.07.14-01.41.37:034][728]LogShaderCompilers: Display: Started 1 'Local' shader compile jobs with 'ForceLocal' priority
[2025.07.14-01.41.37:794][741]LogShaderCompilers: Display: Worker (1/5): shaders left to compile 14
[2025.07.14-01.41.37:795][741]LogShaderCompilers: Display: Started 4 'Local' shader compile jobs with 'Normal' priority
[2025.07.14-01.41.38:448][752]LogShaderCompilers: Display: Worker (4/5): shaders left to compile 10
[2025.07.14-01.41.38:448][752]LogShaderCompilers: Display: Started 3 'Local' shader compile jobs with 'Normal' priority
[2025.07.14-01.41.40:017][772]LogShaderCompilers: Display: Worker (2/5): shaders left to compile 7
[2025.07.14-01.41.40:017][772]LogShaderCompilers: Display: Started 2 'Local' shader compile jobs with 'Normal' priority
[2025.07.14-01.41.41:602][801]LogShaderCompilers: Display: Worker (3/5): shaders left to compile 5
[2025.07.14-01.41.41:602][801]LogShaderCompilers: Display: Started 2 'Local' shader compile jobs with 'Normal' priority
[2025.07.14-01.41.43:399][837]LogShaderCompilers: Display: Worker (1/5): shaders left to compile 3
[2025.07.14-01.41.43:399][837]LogShaderCompilers: Display: Started 1 'Local' shader compile jobs with 'Normal' priority
[2025.07.14-01.41.43:488][839]LogShaderCompilers: Display: Worker (2/5): shaders left to compile 2
[2025.07.14-01.41.43:488][839]LogShaderCompilers: Display: Started 1 'Local' shader compile jobs with 'Normal' priority
[2025.07.14-01.41.43:883][847]LogShaderCompilers: Display: Worker (4/5): shaders left to compile 1
[2025.07.14-01.41.43:884][847]LogShaderCompilers: Display: Started 1 'Local' shader compile jobs with 'Normal' priority
[2025.07.14-01.41.49:347][ 26]LogSavePackage: Moving '../../../../../UTN-e-learning/Unreal-Engine/Unreal-Projects/TP_PreEntrega/Saved/peoncitoB58A23594E5754C9B7BBA783292FC39E.tmp' to '../../../../../UTN-e-learning/Unreal-Engine/Unreal-Projects/TP_PreEntrega/Content/ThirdPersonBP/Blueprints/blueprints/peoncito.uasset'
[2025.07.14-01.41.49:376][ 26]AssetCheck: New page: Asset Save: peoncito
[2025.07.14-01.41.49:376][ 26]LogContentValidation: Display: Validating Blueprint /Game/ThirdPersonBP/Blueprints/blueprints/peoncito.peoncito
[2025.07.14-01.41.51:341][108]LogTemp: Repeating last play command: Selected Viewport
[2025.07.14-01.41.51:377][108]LogPlayLevel: PlayLevel: No blueprints needed recompiling
[2025.07.14-01.41.51:377][108]PIE: New page: PIE session: ThirdPersonExampleMap (Jul 13, 2025, 7:41:51 PM)
[2025.07.14-01.41.51:378][108]LogPlayLevel: Creating play world package: /Game/ThirdPersonBP/Maps/UEDPIE_0_ThirdPersonExampleMap
[2025.07.14-01.41.51:406][108]LogPlayLevel: PIE: StaticDuplicateObject took: (0.027312s)
[2025.07.14-01.41.51:407][108]LogAIModule: Creating AISystem for world ThirdPersonExampleMap
[2025.07.14-01.41.51:407][108]LogPlayLevel: PIE: World Init took: (0.001763s)
[2025.07.14-01.41.51:408][108]LogPlayLevel: PIE: Created PIE world by copying editor world from /Game/ThirdPersonBP/Maps/ThirdPersonExampleMap.ThirdPersonExampleMap to /Game/ThirdPersonBP/Maps/UEDPIE_0_ThirdPersonExampleMap.ThirdPersonExampleMap (0.029366s)
[2025.07.14-01.41.51:473][108]LogUObjectHash: Compacting FUObjectHashTables data took   6.06ms
[2025.07.14-01.41.51:478][108]LogAudio: Display: Creating Audio Device:                 Id: 29, Scope: Unique, Realtime: True
[2025.07.14-01.41.51:478][108]LogAudioMixer: Display: Audio Mixer Platform Settings:
[2025.07.14-01.41.51:478][108]LogAudioMixer: Display: 	Sample Rate:						  48000
[2025.07.14-01.41.51:478][108]LogAudioMixer: Display: 	Callback Buffer Frame Size Requested: 1024
[2025.07.14-01.41.51:478][108]LogAudioMixer: Display: 	Callback Buffer Frame Size To Use:	  1024
[2025.07.14-01.41.51:478][108]LogAudioMixer: Display: 	Number of buffers to queue:			  2
[2025.07.14-01.41.51:478][108]LogAudioMixer: Display: 	Max Channels (voices):				  32
[2025.07.14-01.41.51:478][108]LogAudioMixer: Display: 	Number of Async Source Workers:		  0
[2025.07.14-01.41.51:478][108]LogAudio: Display: AudioDevice MaxSources: 32
[2025.07.14-01.41.51:479][108]LogAudio: Display: Audio Spatialization Plugin: None (built-in).
[2025.07.14-01.41.51:479][108]LogAudio: Display: Audio Reverb Plugin: None (built-in).
[2025.07.14-01.41.51:479][108]LogAudio: Display: Audio Occlusion Plugin: None (built-in).
[2025.07.14-01.41.51:479][108]LogAudioMixer: Display: Initializing audio mixer.
[2025.07.14-01.41.51:488][108]LogAudioMixer: Display: 0: FrontLeft
[2025.07.14-01.41.51:488][108]LogAudioMixer: Display: 1: FrontRight
[2025.07.14-01.41.51:519][108]LogAudioMixer: Display: Using Audio Device Headphones (SOUNDPEATS Mini HS Stereo)
[2025.07.14-01.41.51:519][108]LogAudioMixer: Display: Initializing Sound Submixes...
[2025.07.14-01.41.51:519][108]LogAudioMixer: Display: Creating Master Submix 'MasterSubmixDefault'
[2025.07.14-01.41.51:519][108]LogAudioMixer: Display: Creating Master Submix 'MasterReverbSubmixDefault'
[2025.07.14-01.41.51:520][108]LogAudioMixer: Display: Creating Master Submix 'MasterEQSubmixDefault'
[2025.07.14-01.41.51:520][108]LogAudioMixer: FMixerPlatformXAudio2::StartAudioStream() called
[2025.07.14-01.41.51:520][108]LogAudioMixer: Display: Output buffers initialized: Frames=1024, Channels=2, Samples=2048
[2025.07.14-01.41.51:522][108]LogAudioMixer: Display: Starting AudioMixerPlatformInterface::RunInternal()
[2025.07.14-01.41.51:522][108]LogAudioMixer: Display: FMixerPlatformXAudio2::SubmitBuffer() called for the first time
[2025.07.14-01.41.51:522][108]LogInit: FAudioDevice initialized.
[2025.07.14-01.41.51:522][108]LogAudio: Display: Audio Device (ID: 29) registered with world 'ThirdPersonExampleMap'.
[2025.07.14-01.41.51:536][108]LogLoad: Game class is 'ReglasJuego_C'
[2025.07.14-01.41.51:546][108]LogWorld: Bringing World /Game/ThirdPersonBP/Maps/UEDPIE_0_ThirdPersonExampleMap.ThirdPersonExampleMap up for play (max tick rate 60) at 2025.07.13-22.41.51
[2025.07.14-01.41.51:547][108]LogWorld: Bringing up level for play took: 0.010517
[2025.07.14-01.41.51:547][108]LogOnline: OSS: Creating online subsystem instance for: :Context_55
[2025.07.14-01.41.51:550][108]LogBlueprintUserMessages: [plataforma_2] Buenas buenas!
[2025.07.14-01.41.51:553][108]PIE: Server logged in
[2025.07.14-01.41.51:554][108]PIE: Play in editor total start time 0.197 seconds.
[2025.07.14-01.41.54:338][238]LogBlueprintUserMessages: [bala_C_8] Le reste 25 al bad fella
[2025.07.14-01.41.56:291][332]LogBlueprintUserMessages: [bala_C_4] Le reste 25 al bad fella
[2025.07.14-01.42.00:188][524]LogBlueprintUserMessages: [bala_C_15] El peoncito perdio 10 de vida!!!!
[2025.07.14-01.42.00:207][525]LogBlueprintUserMessages: [bala_C_15] El peoncito perdio 10 de vida!!!!
[2025.07.14-01.42.00:229][526]LogBlueprintUserMessages: [bala_C_15] El peoncito perdio 10 de vida!!!!
[2025.07.14-01.42.00:251][527]LogBlueprintUserMessages: [bala_C_15] El peoncito perdio 10 de vida!!!!
[2025.07.14-01.42.00:275][528]LogBlueprintUserMessages: [bala_C_15] El peoncito perdio 10 de vida!!!!
[2025.07.14-01.42.00:297][529]LogBlueprintUserMessages: [bala_C_15] El peoncito perdio 10 de vida!!!!
[2025.07.14-01.42.00:319][530]LogBlueprintUserMessages: [bala_C_15] El peoncito perdio 10 de vida!!!!
[2025.07.14-01.42.00:338][531]LogBlueprintUserMessages: [bala_C_15] El peoncito perdio 10 de vida!!!!
[2025.07.14-01.42.00:358][532]LogBlueprintUserMessages: [bala_C_20] Le reste 25 al bad fella
[2025.07.14-01.42.02:314][627]LogBlueprintUserMessages: [ReglasJuego_C_0] El puntaje subio!
[2025.07.14-01.42.02:314][627]LogBlueprintUserMessages: [ReglasJuego_C_0] 2
[2025.07.14-01.42.03:718][695]LogBlueprintUserMessages: [Balaza_C_3] Le reste 30 al peoncito
[2025.07.14-01.42.03:720][695]LogBlueprintUserMessages: [peoncito_2] El peoncito murio
[2025.07.14-01.42.03:720][695]LogBlueprintUserMessages: [ReglasJuego_C_0] Noo, perdiste!
[2025.07.14-01.42.03:724][695]PIE: Error: Blueprint Runtime Error: "Accessed None trying to read property K2Node_DynamicCast_AsPeoncito". Blueprint:  BarraVIda Function:  Get Text 0 Graph:  GetText_0 Node:  Return Node
[2025.07.14-01.42.03:739][696]LogNet: Browse: /Game/ThirdPersonBP/Maps/Perdiste_Level
[2025.07.14-01.42.03:739][696]LogLoad: LoadMap: /Game/ThirdPersonBP/Maps/Perdiste_Level
[2025.07.14-01.42.03:739][696]LogWorld: BeginTearingDown for /Game/ThirdPersonBP/Maps/UEDPIE_0_ThirdPersonExampleMap
[2025.07.14-01.42.03:740][696]LogWorld: UWorld::CleanupWorld for ThirdPersonExampleMap, bSessionEnded=true, bCleanupResources=true
[2025.07.14-01.42.03:741][696]LogSlate: InvalidateAllWidgets triggered.  All widgets were invalidated
[2025.07.14-01.42.03:816][696]LogAudio: Display: Audio Device unregistered from world 'None'.
[2025.07.14-01.42.03:823][696]LogUObjectHash: Compacting FUObjectHashTables data took   4.54ms
[2025.07.14-01.42.03:854][696]LogAudio: Display: Audio Device (ID: 29) registered with world 'Perdiste_Level'.
[2025.07.14-01.42.03:856][696]LogAIModule: Creating AISystem for world Perdiste_Level
[2025.07.14-01.42.03:857][696]LogLoad: Game class is 'ReglasJuego_C'
[2025.07.14-01.42.03:938][696]LogWorld: Bringing World /Game/ThirdPersonBP/Maps/UEDPIE_0_Perdiste_Level.Perdiste_Level up for play (max tick rate 60) at 2025.07.13-22.42.03
[2025.07.14-01.42.03:939][696]LogWorld: Bringing up level for play took: 0.080373
[2025.07.14-01.42.03:939][696]LogGameMode: FindPlayerStart: PATHS NOT DEFINED or NO PLAYERSTART with positive rating
[2025.07.14-01.42.03:942][696]LogBlueprintUserMessages: [plataforma_2] Buenas buenas!
[2025.07.14-01.42.03:944][696]LogLoad: Took 0.204638 seconds to LoadMap(/Game/ThirdPersonBP/Maps/Perdiste_Level)
[2025.07.14-01.42.04:016][696]PIE: Error: Blueprint Runtime Error: "Accessed None trying to read property K2Node_DynamicCast_AsPeoncito". Blueprint:  BarraVIda Function:  Get Text 0 Graph:  GetText_0 Node:  Return Node
[2025.07.14-01.42.04:056][697]PIE: Error: Blueprint Runtime Error: "Accessed None trying to read property K2Node_DynamicCast_AsPeoncito". Blueprint:  BarraVIda Function:  Get Text 0 Graph:  GetText_0 Node:  Return Node
[2025.07.14-01.42.04:077][698]PIE: Error: Blueprint Runtime Error: "Accessed None trying to read property K2Node_DynamicCast_AsPeoncito". Blueprint:  BarraVIda Function:  Get Text 0 Graph:  GetText_0 Node:  Return Node
[2025.07.14-01.42.04:097][699]PIE: Error: Blueprint Runtime Error: "Accessed None trying to read property K2Node_DynamicCast_AsPeoncito". Blueprint:  BarraVIda Function:  Get Text 0 Graph:  GetText_0 Node:  Return Node
[2025.07.14-01.42.04:117][700]PIE: Error: Blueprint Runtime Error: "Accessed None trying to read property K2Node_DynamicCast_AsPeoncito". Blueprint:  BarraVIda Function:  Get Text 0 Graph:  GetText_0 Node:  Return Node
[2025.07.14-01.42.04:138][701]PIE: Error: Blueprint Runtime Error: "Accessed None trying to read property K2Node_DynamicCast_AsPeoncito". Blueprint:  BarraVIda Function:  Get Text 0 Graph:  GetText_0 Node:  Return Node
[2025.07.14-01.42.04:158][702]PIE: Error: Blueprint Runtime Error: "Accessed None trying to read property K2Node_DynamicCast_AsPeoncito". Blueprint:  BarraVIda Function:  Get Text 0 Graph:  GetText_0 Node:  Return Node
[2025.07.14-01.42.04:178][703]PIE: Error: Blueprint Runtime Error: "Accessed None trying to read property K2Node_DynamicCast_AsPeoncito". Blueprint:  BarraVIda Function:  Get Text 0 Graph:  GetText_0 Node:  Return Node
[2025.07.14-01.42.04:201][704]PIE: Error: Blueprint Runtime Error: "Accessed None trying to read property K2Node_DynamicCast_AsPeoncito". Blueprint:  BarraVIda Function:  Get Text 0 Graph:  GetText_0 Node:  Return Node
[2025.07.14-01.42.04:222][705]PIE: Error: Blueprint Runtime Error: "Accessed None trying to read property K2Node_DynamicCast_AsPeoncito". Blueprint:  BarraVIda Function:  Get Text 0 Graph:  GetText_0 Node:  Return Node
[2025.07.14-01.42.04:242][706]PIE: Error: Blueprint Runtime Error: "Accessed None trying to read property K2Node_DynamicCast_AsPeoncito". Blueprint:  BarraVIda Function:  Get Text 0 Graph:  GetText_0 Node:  Return Node
[2025.07.14-01.42.04:262][707]PIE: Error: Blueprint Runtime Error: "Accessed None trying to read property K2Node_DynamicCast_AsPeoncito". Blueprint:  BarraVIda Function:  Get Text 0 Graph:  GetText_0 Node:  Return Node
[2025.07.14-01.42.04:282][708]PIE: Error: Blueprint Runtime Error: "Accessed None trying to read property K2Node_DynamicCast_AsPeoncito". Blueprint:  BarraVIda Function:  Get Text 0 Graph:  GetText_0 Node:  Return Node
[2025.07.14-01.42.04:305][709]PIE: Error: Blueprint Runtime Error: "Accessed None trying to read property K2Node_DynamicCast_AsPeoncito". Blueprint:  BarraVIda Function:  Get Text 0 Graph:  GetText_0 Node:  Return Node
[2025.07.14-01.42.04:326][710]PIE: Error: Blueprint Runtime Error: "Accessed None trying to read property K2Node_DynamicCast_AsPeoncito". Blueprint:  BarraVIda Function:  Get Text 0 Graph:  GetText_0 Node:  Return Node
[2025.07.14-01.42.04:348][711]PIE: Error: Blueprint Runtime Error: "Accessed None trying to read property K2Node_DynamicCast_AsPeoncito". Blueprint:  BarraVIda Function:  Get Text 0 Graph:  GetText_0 Node:  Return Node
[2025.07.14-01.42.04:369][712]PIE: Error: Blueprint Runtime Error: "Accessed None trying to read property K2Node_DynamicCast_AsPeoncito". Blueprint:  BarraVIda Function:  Get Text 0 Graph:  GetText_0 Node:  Return Node
[2025.07.14-01.42.04:388][713]PIE: Error: Blueprint Runtime Error: "Accessed None trying to read property K2Node_DynamicCast_AsPeoncito". Blueprint:  BarraVIda Function:  Get Text 0 Graph:  GetText_0 Node:  Return Node
[2025.07.14-01.42.04:407][714]PIE: Error: Blueprint Runtime Error: "Accessed None trying to read property K2Node_DynamicCast_AsPeoncito". Blueprint:  BarraVIda Function:  Get Text 0 Graph:  GetText_0 Node:  Return Node
[2025.07.14-01.42.04:426][715]PIE: Error: Blueprint Runtime Error: "Accessed None trying to read property K2Node_DynamicCast_AsPeoncito". Blueprint:  BarraVIda Function:  Get Text 0 Graph:  GetText_0 Node:  Return Node
[2025.07.14-01.42.04:444][716]PIE: Error: Blueprint Runtime Error: "Accessed None trying to read property K2Node_DynamicCast_AsPeoncito". Blueprint:  BarraVIda Function:  Get Text 0 Graph:  GetText_0 Node:  Return Node
[2025.07.14-01.42.04:463][717]PIE: Error: Blueprint Runtime Error: "Accessed None trying to read property K2Node_DynamicCast_AsPeoncito". Blueprint:  BarraVIda Function:  Get Text 0 Graph:  GetText_0 Node:  Return Node
[2025.07.14-01.42.04:483][718]PIE: Error: Blueprint Runtime Error: "Accessed None trying to read property K2Node_DynamicCast_AsPeoncito". Blueprint:  BarraVIda Function:  Get Text 0 Graph:  GetText_0 Node:  Return Node
[2025.07.14-01.42.04:503][719]PIE: Error: Blueprint Runtime Error: "Accessed None trying to read property K2Node_DynamicCast_AsPeoncito". Blueprint:  BarraVIda Function:  Get Text 0 Graph:  GetText_0 Node:  Return Node
[2025.07.14-01.42.04:521][720]PIE: Error: Blueprint Runtime Error: "Accessed None trying to read property K2Node_DynamicCast_AsPeoncito". Blueprint:  BarraVIda Function:  Get Text 0 Graph:  GetText_0 Node:  Return Node
[2025.07.14-01.42.04:539][721]PIE: Error: Blueprint Runtime Error: "Accessed None trying to read property K2Node_DynamicCast_AsPeoncito". Blueprint:  BarraVIda Function:  Get Text 0 Graph:  GetText_0 Node:  Return Node
[2025.07.14-01.42.04:557][722]PIE: Error: Blueprint Runtime Error: "Accessed None trying to read property K2Node_DynamicCast_AsPeoncito". Blueprint:  BarraVIda Function:  Get Text 0 Graph:  GetText_0 Node:  Return Node
[2025.07.14-01.42.04:574][723]PIE: Error: Blueprint Runtime Error: "Accessed None trying to read property K2Node_DynamicCast_AsPeoncito". Blueprint:  BarraVIda Function:  Get Text 0 Graph:  GetText_0 Node:  Return Node
[2025.07.14-01.42.04:593][724]PIE: Error: Blueprint Runtime Error: "Accessed None trying to read property K2Node_DynamicCast_AsPeoncito". Blueprint:  BarraVIda Function:  Get Text 0 Graph:  GetText_0 Node:  Return Node
[2025.07.14-01.42.04:611][725]PIE: Error: Blueprint Runtime Error: "Accessed None trying to read property K2Node_DynamicCast_AsPeoncito". Blueprint:  BarraVIda Function:  Get Text 0 Graph:  GetText_0 Node:  Return Node
[2025.07.14-01.42.04:628][726]PIE: Error: Blueprint Runtime Error: "Accessed None trying to read property K2Node_DynamicCast_AsPeoncito". Blueprint:  BarraVIda Function:  Get Text 0 Graph:  GetText_0 Node:  Return Node
[2025.07.14-01.42.04:647][727]PIE: Error: Blueprint Runtime Error: "Accessed None trying to read property K2Node_DynamicCast_AsPeoncito". Blueprint:  BarraVIda Function:  Get Text 0 Graph:  GetText_0 Node:  Return Node
[2025.07.14-01.42.04:669][728]PIE: Error: Blueprint Runtime Error: "Accessed None trying to read property K2Node_DynamicCast_AsPeoncito". Blueprint:  BarraVIda Function:  Get Text 0 Graph:  GetText_0 Node:  Return Node
[2025.07.14-01.42.04:689][729]PIE: Error: Blueprint Runtime Error: "Accessed None trying to read property K2Node_DynamicCast_AsPeoncito". Blueprint:  BarraVIda Function:  Get Text 0 Graph:  GetText_0 Node:  Return Node
[2025.07.14-01.42.04:708][730]PIE: Error: Blueprint Runtime Error: "Accessed None trying to read property K2Node_DynamicCast_AsPeoncito". Blueprint:  BarraVIda Function:  Get Text 0 Graph:  GetText_0 Node:  Return Node
[2025.07.14-01.42.04:730][731]PIE: Error: Blueprint Runtime Error: "Accessed None trying to read property K2Node_DynamicCast_AsPeoncito". Blueprint:  BarraVIda Function:  Get Text 0 Graph:  GetText_0 Node:  Return Node
[2025.07.14-01.42.04:754][732]PIE: Error: Blueprint Runtime Error: "Accessed None trying to read property K2Node_DynamicCast_AsPeoncito". Blueprint:  BarraVIda Function:  Get Text 0 Graph:  GetText_0 Node:  Return Node
[2025.07.14-01.42.04:831][733]LogSlate: Updating window title bar state: overlay mode, drag disabled, window buttons hidden, title bar hidden
[2025.07.14-01.42.04:832][733]LogWorld: BeginTearingDown for /Game/ThirdPersonBP/Maps/UEDPIE_0_Perdiste_Level
[2025.07.14-01.42.04:832][733]LogWorld: UWorld::CleanupWorld for Perdiste_Level, bSessionEnded=true, bCleanupResources=true
[2025.07.14-01.42.04:833][733]LogSlate: InvalidateAllWidgets triggered.  All widgets were invalidated
[2025.07.14-01.42.04:846][733]LogPlayLevel: Display: Shutting down PIE online subsystems
[2025.07.14-01.42.04:882][733]LogSlate: InvalidateAllWidgets triggered.  All widgets were invalidated
[2025.07.14-01.42.04:942][733]LogAudio: Display: Audio Device unregistered from world 'None'.
[2025.07.14-01.42.04:942][733]LogAudioMixer: FMixerPlatformXAudio2::StopAudioStream() called
[2025.07.14-01.42.04:944][733]LogAudioMixer: FMixerPlatformXAudio2::StopAudioStream() called
[2025.07.14-01.42.04:950][733]LogSlate: Updating window title bar state: overlay mode, drag disabled, window buttons hidden, title bar hidden
[2025.07.14-01.42.04:960][733]LogUObjectHash: Compacting FUObjectHashTables data took   6.19ms
[2025.07.14-01.42.05:237][734]LogPlayLevel: Display: Destroying online subsystem :Context_55
[2025.07.14-01.43.17:963][892]LogSavePackage: Moving '../../../../../UTN-e-learning/Unreal-Engine/Unreal-Projects/TP_PreEntrega/Saved/peoncito31EABD0A4901B93F1F75928EBDCE45FC.tmp' to '../../../../../UTN-e-learning/Unreal-Engine/Unreal-Projects/TP_PreEntrega/Content/ThirdPersonBP/Blueprints/blueprints/peoncito.uasset'
[2025.07.14-01.43.18:011][892]AssetCheck: New page: Asset Save: peoncito
[2025.07.14-01.43.18:011][892]LogContentValidation: Display: Validating Blueprint /Game/ThirdPersonBP/Blueprints/blueprints/peoncito.peoncito
[2025.07.14-01.43.19:155][933]LogSlate: Window 'Message Log' being destroyed
[2025.07.14-01.43.19:170][933]LogSlate: Window 'Message Log' being destroyed
[2025.07.14-01.43.19:840][954]LogTemp: Repeating last play command: Selected Viewport
[2025.07.14-01.43.19:875][954]LogPlayLevel: PlayLevel: No blueprints needed recompiling
[2025.07.14-01.43.19:875][954]PIE: New page: PIE session: ThirdPersonExampleMap (Jul 13, 2025, 7:43:19 PM)
[2025.07.14-01.43.19:876][954]LogPlayLevel: Creating play world package: /Game/ThirdPersonBP/Maps/UEDPIE_0_ThirdPersonExampleMap
[2025.07.14-01.43.19:906][954]LogPlayLevel: PIE: StaticDuplicateObject took: (0.030393s)
[2025.07.14-01.43.19:908][954]LogAIModule: Creating AISystem for world ThirdPersonExampleMap
[2025.07.14-01.43.19:909][954]LogPlayLevel: PIE: World Init took: (0.002049s)
[2025.07.14-01.43.19:909][954]LogPlayLevel: PIE: Created PIE world by copying editor world from /Game/ThirdPersonBP/Maps/ThirdPersonExampleMap.ThirdPersonExampleMap to /Game/ThirdPersonBP/Maps/UEDPIE_0_ThirdPersonExampleMap.ThirdPersonExampleMap (0.032834s)
[2025.07.14-01.43.19:983][954]LogUObjectHash: Compacting FUObjectHashTables data took   6.35ms
[2025.07.14-01.43.19:986][954]LogAudio: Display: Creating Audio Device:                 Id: 30, Scope: Unique, Realtime: True
[2025.07.14-01.43.19:987][954]LogAudioMixer: Display: Audio Mixer Platform Settings:
[2025.07.14-01.43.19:987][954]LogAudioMixer: Display: 	Sample Rate:						  48000
[2025.07.14-01.43.19:987][954]LogAudioMixer: Display: 	Callback Buffer Frame Size Requested: 1024
[2025.07.14-01.43.19:987][954]LogAudioMixer: Display: 	Callback Buffer Frame Size To Use:	  1024
[2025.07.14-01.43.19:987][954]LogAudioMixer: Display: 	Number of buffers to queue:			  2
[2025.07.14-01.43.19:987][954]LogAudioMixer: Display: 	Max Channels (voices):				  32
[2025.07.14-01.43.19:987][954]LogAudioMixer: Display: 	Number of Async Source Workers:		  0
[2025.07.14-01.43.19:987][954]LogAudio: Display: AudioDevice MaxSources: 32
[2025.07.14-01.43.19:988][954]LogAudio: Display: Audio Spatialization Plugin: None (built-in).
[2025.07.14-01.43.19:988][954]LogAudio: Display: Audio Reverb Plugin: None (built-in).
[2025.07.14-01.43.19:988][954]LogAudio: Display: Audio Occlusion Plugin: None (built-in).
[2025.07.14-01.43.19:988][954]LogAudioMixer: Display: Initializing audio mixer.
[2025.07.14-01.43.19:996][954]LogAudioMixer: Display: 0: FrontLeft
[2025.07.14-01.43.19:996][954]LogAudioMixer: Display: 1: FrontRight
[2025.07.14-01.43.20:018][954]LogAudioMixer: Display: Using Audio Device Headphones (SOUNDPEATS Mini HS Stereo)
[2025.07.14-01.43.20:018][954]LogAudioMixer: Display: Initializing Sound Submixes...
[2025.07.14-01.43.20:018][954]LogAudioMixer: Display: Creating Master Submix 'MasterSubmixDefault'
[2025.07.14-01.43.20:018][954]LogAudioMixer: Display: Creating Master Submix 'MasterReverbSubmixDefault'
[2025.07.14-01.43.20:019][954]LogAudioMixer: Display: Creating Master Submix 'MasterEQSubmixDefault'
[2025.07.14-01.43.20:019][954]LogAudioMixer: FMixerPlatformXAudio2::StartAudioStream() called
[2025.07.14-01.43.20:019][954]LogAudioMixer: Display: Output buffers initialized: Frames=1024, Channels=2, Samples=2048
[2025.07.14-01.43.20:021][954]LogAudioMixer: Display: Starting AudioMixerPlatformInterface::RunInternal()
[2025.07.14-01.43.20:021][954]LogAudioMixer: Display: FMixerPlatformXAudio2::SubmitBuffer() called for the first time
[2025.07.14-01.43.20:021][954]LogInit: FAudioDevice initialized.
[2025.07.14-01.43.20:021][954]LogAudio: Display: Audio Device (ID: 30) registered with world 'ThirdPersonExampleMap'.
[2025.07.14-01.43.20:033][954]LogLoad: Game class is 'ReglasJuego_C'
[2025.07.14-01.43.20:042][954]LogWorld: Bringing World /Game/ThirdPersonBP/Maps/UEDPIE_0_ThirdPersonExampleMap.ThirdPersonExampleMap up for play (max tick rate 60) at 2025.07.13-22.43.20
[2025.07.14-01.43.20:043][954]LogWorld: Bringing up level for play took: 0.008099
[2025.07.14-01.43.20:043][954]LogOnline: OSS: Creating online subsystem instance for: :Context_56
[2025.07.14-01.43.20:045][954]LogBlueprintUserMessages: [plataforma_2] Buenas buenas!
[2025.07.14-01.43.20:048][954]PIE: Server logged in
[2025.07.14-01.43.20:049][954]PIE: Play in editor total start time 0.193 seconds.
[2025.07.14-01.43.22:830][ 77]LogBlueprintUserMessages: [bala_C_5] Le reste 25 al bad fella
[2025.07.14-01.43.22:831][ 77]LogBlueprintUserMessages: [bala_C_6] Le reste 25 al bad fella
[2025.07.14-01.43.22:962][ 82]LogBlueprintUserMessages: [bala_C_1] El peoncito perdio 10 de vida!!!!
[2025.07.14-01.43.23:216][ 95]LogBlueprintUserMessages: [bala_C_0] El peoncito perdio 10 de vida!!!!
[2025.07.14-01.43.24:863][171]LogBlueprintUserMessages: [bala_C_9] El peoncito perdio 10 de vida!!!!
[2025.07.14-01.43.26:441][237]LogBlueprintUserMessages: [Balaza_C_3] Le reste 30 al peoncito
[2025.07.14-01.43.28:878][340]LogBlueprintUserMessages: [bala_C_19] Le reste 25 al bad fella
[2025.07.14-01.43.33:042][532]LogSlate: Updating window title bar state: overlay mode, drag disabled, window buttons hidden, title bar hidden
[2025.07.14-01.43.33:042][532]LogWorld: BeginTearingDown for /Game/ThirdPersonBP/Maps/UEDPIE_0_ThirdPersonExampleMap
[2025.07.14-01.43.33:042][532]LogWorld: UWorld::CleanupWorld for ThirdPersonExampleMap, bSessionEnded=true, bCleanupResources=true
[2025.07.14-01.43.33:044][532]LogSlate: InvalidateAllWidgets triggered.  All widgets were invalidated
[2025.07.14-01.43.33:055][532]LogPlayLevel: Display: Shutting down PIE online subsystems
[2025.07.14-01.43.33:078][532]LogSlate: InvalidateAllWidgets triggered.  All widgets were invalidated
[2025.07.14-01.43.33:118][532]LogAudio: Display: Audio Device unregistered from world 'None'.
[2025.07.14-01.43.33:118][532]LogAudioMixer: FMixerPlatformXAudio2::StopAudioStream() called
[2025.07.14-01.43.33:119][532]LogAudioMixer: FMixerPlatformXAudio2::StopAudioStream() called
[2025.07.14-01.43.33:122][532]LogSlate: Updating window title bar state: overlay mode, drag disabled, window buttons hidden, title bar hidden
[2025.07.14-01.43.33:128][532]LogUObjectHash: Compacting FUObjectHashTables data took   4.15ms
[2025.07.14-01.43.33:279][533]LogPlayLevel: Display: Destroying online subsystem :Context_56
[2025.07.14-01.43.44:275][869]LogMaterial: Display: Material /Game/StarterContent/Materials/M_Metal_Steel.M_Metal_Steel needed to have new flag set bUsedWithSkeletalMesh !
[2025.07.14-01.43.44:278][869]LogMaterial: Display: Missing cached shadermap for M_Metal_Steel in PCD3D_SM5, Default, SM5 (DDC key hash: DA50DB2D9236D2C6DE2AD4F795293EE31D5E5341), compiling. 
[2025.07.14-01.43.44:348][869]LogShaderCompilers: Display: Submitted 41 shader compile jobs with 'Low' priority
[2025.07.14-01.43.44:352][869]LogShaderCompilers: Display: Worker (1/5): shaders left to compile 41
[2025.07.14-01.43.44:352][869]LogShaderCompilers: Display: Worker (2/5): shaders left to compile 31
[2025.07.14-01.43.44:352][869]LogShaderCompilers: Display: Worker (3/5): shaders left to compile 21
[2025.07.14-01.43.44:353][869]LogShaderCompilers: Display: Worker (4/5): shaders left to compile 11
[2025.07.14-01.43.44:353][869]LogShaderCompilers: Display: Started 40 'Local' shader compile jobs with 'Low' priority
[2025.07.14-01.44.00:012][157]BlueprintLog: New page: Compile peoncito
[2025.07.14-01.44.00:481][157]LogUObjectHash: Compacting FUObjectHashTables data took  16.83ms
[2025.07.14-01.44.03:994][222]LogShaderCompilers: Display: Worker (4/5): shaders left to compile 1
[2025.07.14-01.44.03:994][222]LogShaderCompilers: Display: Started 1 'Local' shader compile jobs with 'Normal' priority
[2025.07.14-01.44.09:759][380]LogSavePackage: Moving '../../../../../UTN-e-learning/Unreal-Engine/Unreal-Projects/TP_PreEntrega/Saved/peoncitoE97EAD714488B1D2947883BBF7A2F815.tmp' to '../../../../../UTN-e-learning/Unreal-Engine/Unreal-Projects/TP_PreEntrega/Content/ThirdPersonBP/Blueprints/blueprints/peoncito.uasset'
[2025.07.14-01.44.09:793][380]AssetCheck: New page: Asset Save: peoncito
[2025.07.14-01.44.09:793][380]LogContentValidation: Display: Validating Blueprint /Game/ThirdPersonBP/Blueprints/blueprints/peoncito.peoncito
[2025.07.14-01.44.10:625][408]LogTemp: Repeating last play command: Selected Viewport
[2025.07.14-01.44.10:668][408]LogPlayLevel: PlayLevel: No blueprints needed recompiling
[2025.07.14-01.44.10:668][408]PIE: New page: PIE session: ThirdPersonExampleMap (Jul 13, 2025, 7:44:10 PM)
[2025.07.14-01.44.10:668][408]LogPlayLevel: Creating play world package: /Game/ThirdPersonBP/Maps/UEDPIE_0_ThirdPersonExampleMap
[2025.07.14-01.44.10:702][408]LogPlayLevel: PIE: StaticDuplicateObject took: (0.033581s)
[2025.07.14-01.44.10:704][408]LogAIModule: Creating AISystem for world ThirdPersonExampleMap
[2025.07.14-01.44.10:705][408]LogPlayLevel: PIE: World Init took: (0.002544s)
[2025.07.14-01.44.10:705][408]LogPlayLevel: PIE: Created PIE world by copying editor world from /Game/ThirdPersonBP/Maps/ThirdPersonExampleMap.ThirdPersonExampleMap to /Game/ThirdPersonBP/Maps/UEDPIE_0_ThirdPersonExampleMap.ThirdPersonExampleMap (0.036488s)
[2025.07.14-01.44.10:786][408]LogUObjectHash: Compacting FUObjectHashTables data took   9.11ms
[2025.07.14-01.44.10:790][408]LogAudio: Display: Creating Audio Device:                 Id: 31, Scope: Unique, Realtime: True
[2025.07.14-01.44.10:790][408]LogAudioMixer: Display: Audio Mixer Platform Settings:
[2025.07.14-01.44.10:790][408]LogAudioMixer: Display: 	Sample Rate:						  48000
[2025.07.14-01.44.10:790][408]LogAudioMixer: Display: 	Callback Buffer Frame Size Requested: 1024
[2025.07.14-01.44.10:790][408]LogAudioMixer: Display: 	Callback Buffer Frame Size To Use:	  1024
[2025.07.14-01.44.10:790][408]LogAudioMixer: Display: 	Number of buffers to queue:			  2
[2025.07.14-01.44.10:790][408]LogAudioMixer: Display: 	Max Channels (voices):				  32
[2025.07.14-01.44.10:790][408]LogAudioMixer: Display: 	Number of Async Source Workers:		  0
[2025.07.14-01.44.10:790][408]LogAudio: Display: AudioDevice MaxSources: 32
[2025.07.14-01.44.10:791][408]LogAudio: Display: Audio Spatialization Plugin: None (built-in).
[2025.07.14-01.44.10:791][408]LogAudio: Display: Audio Reverb Plugin: None (built-in).
[2025.07.14-01.44.10:792][408]LogAudio: Display: Audio Occlusion Plugin: None (built-in).
[2025.07.14-01.44.10:792][408]LogAudioMixer: Display: Initializing audio mixer.
[2025.07.14-01.44.10:801][408]LogAudioMixer: Display: 0: FrontLeft
[2025.07.14-01.44.10:801][408]LogAudioMixer: Display: 1: FrontRight
[2025.07.14-01.44.10:831][408]LogAudioMixer: Display: Using Audio Device Headphones (SOUNDPEATS Mini HS Stereo)
[2025.07.14-01.44.10:831][408]LogAudioMixer: Display: Initializing Sound Submixes...
[2025.07.14-01.44.10:831][408]LogAudioMixer: Display: Creating Master Submix 'MasterSubmixDefault'
[2025.07.14-01.44.10:831][408]LogAudioMixer: Display: Creating Master Submix 'MasterReverbSubmixDefault'
[2025.07.14-01.44.10:832][408]LogAudioMixer: Display: Creating Master Submix 'MasterEQSubmixDefault'
[2025.07.14-01.44.10:832][408]LogAudioMixer: FMixerPlatformXAudio2::StartAudioStream() called
[2025.07.14-01.44.10:832][408]LogAudioMixer: Display: Output buffers initialized: Frames=1024, Channels=2, Samples=2048
[2025.07.14-01.44.10:834][408]LogAudioMixer: Display: Starting AudioMixerPlatformInterface::RunInternal()
[2025.07.14-01.44.10:834][408]LogAudioMixer: Display: FMixerPlatformXAudio2::SubmitBuffer() called for the first time
[2025.07.14-01.44.10:834][408]LogInit: FAudioDevice initialized.
[2025.07.14-01.44.10:834][408]LogAudio: Display: Audio Device (ID: 31) registered with world 'ThirdPersonExampleMap'.
[2025.07.14-01.44.10:850][408]LogLoad: Game class is 'ReglasJuego_C'
[2025.07.14-01.44.10:860][408]LogWorld: Bringing World /Game/ThirdPersonBP/Maps/UEDPIE_0_ThirdPersonExampleMap.ThirdPersonExampleMap up for play (max tick rate 60) at 2025.07.13-22.44.10
[2025.07.14-01.44.10:861][408]LogWorld: Bringing up level for play took: 0.009515
[2025.07.14-01.44.10:861][408]LogOnline: OSS: Creating online subsystem instance for: :Context_57
[2025.07.14-01.44.10:864][408]LogBlueprintUserMessages: [plataforma_2] Buenas buenas!
[2025.07.14-01.44.10:868][408]PIE: Server logged in
[2025.07.14-01.44.10:869][408]PIE: Play in editor total start time 0.225 seconds.
[2025.07.14-01.44.13:609][523]LogBlueprintUserMessages: [bala_C_5] Le reste 25 al bad fella
[2025.07.14-01.44.13:610][523]LogBlueprintUserMessages: [bala_C_6] Le reste 25 al bad fella
[2025.07.14-01.44.17:797][711]LogBlueprintUserMessages: [Curador_2] no te puedo curar porque tu vida es mayor a 80, volve cuando tengas menos!
[2025.07.14-01.44.18:944][760]LogBlueprintUserMessages: [bala_C_9] Le reste 25 a la torreta
[2025.07.14-01.44.18:944][760]LogBlueprintUserMessages: [Torreta3_2] algo me ataveso!
[2025.07.14-01.44.19:689][792]LogBlueprintUserMessages: [Curador_2] no te puedo curar porque tu vida es mayor a 80, volve cuando tengas menos!
[2025.07.14-01.44.20:051][805]LogBlueprintUserMessages: [ReglasJuego_C_0] El puntaje subio!
[2025.07.14-01.44.20:051][805]LogBlueprintUserMessages: [ReglasJuego_C_0] 2
[2025.07.14-01.44.22:622][914]LogBlueprintUserMessages: [bala_C_26] Le reste 25 al bad fella
[2025.07.14-01.44.28:475][170]LogBlueprintUserMessages: [bala_C_40] El peoncito perdio 10 de vida!!!!
[2025.07.14-01.44.28:654][177]LogBlueprintUserMessages: [bala_C_40] El peoncito perdio 10 de vida!!!!
[2025.07.14-01.44.29:395][212]LogBlueprintUserMessages: [bala_C_42] El peoncito perdio 10 de vida!!!!
[2025.07.14-01.44.29:726][229]LogBlueprintUserMessages: [Balaza_C_14] Le reste 30 al peoncito
[2025.07.14-01.44.31:367][296]LogSlate: Updating window title bar state: overlay mode, drag disabled, window buttons hidden, title bar hidden
[2025.07.14-01.44.31:367][296]LogWorld: BeginTearingDown for /Game/ThirdPersonBP/Maps/UEDPIE_0_ThirdPersonExampleMap
[2025.07.14-01.44.31:368][296]LogWorld: UWorld::CleanupWorld for ThirdPersonExampleMap, bSessionEnded=true, bCleanupResources=true
[2025.07.14-01.44.31:369][296]LogSlate: InvalidateAllWidgets triggered.  All widgets were invalidated
[2025.07.14-01.44.31:387][296]LogPlayLevel: Display: Shutting down PIE online subsystems
[2025.07.14-01.44.31:415][296]LogSlate: InvalidateAllWidgets triggered.  All widgets were invalidated
[2025.07.14-01.44.31:449][296]LogAudio: Display: Audio Device unregistered from world 'None'.
[2025.07.14-01.44.31:450][296]LogAudioMixer: FMixerPlatformXAudio2::StopAudioStream() called
[2025.07.14-01.44.31:451][296]LogAudioMixer: FMixerPlatformXAudio2::StopAudioStream() called
[2025.07.14-01.44.31:454][296]LogSlate: Updating window title bar state: overlay mode, drag disabled, window buttons hidden, title bar hidden
[2025.07.14-01.44.31:461][296]LogUObjectHash: Compacting FUObjectHashTables data took   3.54ms
[2025.07.14-01.44.31:627][297]LogPlayLevel: Display: Destroying online subsystem :Context_57
[2025.07.14-01.44.42:689][694]LogEditorViewport: Clicking on Actor (LMB): StaticMeshActor (Floor)
[2025.07.14-01.44.43:138][706]LogUObjectHash: Compacting FUObjectHashTables data took   5.13ms
[2025.07.14-01.44.43:206][706]LogSavePackage: Moving '../../../../../UTN-e-learning/Unreal-Engine/Unreal-Projects/TP_PreEntrega/Saved/ThirdPersonExampleMap6FE9FCE04369314D47DF8C97A7E4AEE5.tmp' to '../../../../../UTN-e-learning/Unreal-Engine/Unreal-Projects/TP_PreEntrega/Content/ThirdPersonBP/Maps/ThirdPersonExampleMap.umap'
[2025.07.14-01.44.43:423][706]LogSavePackage: Moving '../../../../../UTN-e-learning/Unreal-Engine/Unreal-Projects/TP_PreEntrega/Saved/ThirdPersonExampleMap_BuiltDataC93240A643577CC5B23E348FAD28E14D.tmp' to '../../../../../UTN-e-learning/Unreal-Engine/Unreal-Projects/TP_PreEntrega/Content/ThirdPersonBP/Maps/ThirdPersonExampleMap_BuiltData.uasset'
[2025.07.14-01.44.43:450][706]AssetCheck: New page: Asset Save: multiple assets
[2025.07.14-01.44.43:450][706]LogContentValidation: Display: Validating MapBuildDataRegistry /Game/ThirdPersonBP/Maps/ThirdPersonExampleMap_BuiltData.ThirdPersonExampleMap_BuiltData
[2025.07.14-01.44.43:450][706]LogContentValidation: Display: Validating World /Game/ThirdPersonBP/Maps/ThirdPersonExampleMap.ThirdPersonExampleMap
[2025.07.14-01.44.50:678][953]LogUObjectHash: Compacting FUObjectHashTables data took   5.48ms
[2025.07.14-01.44.52:664][953]LogSlate: Window 'Save Content' being destroyed
[2025.07.14-01.44.52:717][953]LogSavePackage: Moving '../../../../../UTN-e-learning/Unreal-Engine/Unreal-Projects/TP_PreEntrega/Saved/M_Metal_SteelCCC10D8A46328241DE242DA773F3E757.tmp' to '../../../../../UTN-e-learning/Unreal-Engine/Unreal-Projects/TP_PreEntrega/Content/StarterContent/Materials/M_Metal_Steel.uasset'
[2025.07.14-01.44.52:754][953]LogSavePackage: Moving '../../../../../UTN-e-learning/Unreal-Engine/Unreal-Projects/TP_PreEntrega/Saved/M_Wood_PineB8A809904DB7D9EBB6B488B239140DFE.tmp' to '../../../../../UTN-e-learning/Unreal-Engine/Unreal-Projects/TP_PreEntrega/Content/StarterContent/Materials/M_Wood_Pine.uasset'
[2025.07.14-01.44.52:833][953]LogWorld: UWorld::CleanupWorld for World_19, bSessionEnded=true, bCleanupResources=true
[2025.07.14-01.44.52:833][953]LogSlate: InvalidateAllWidgets triggered.  All widgets were invalidated
[2025.07.14-01.44.52:928][953]LogActorComponent: UnregisterComponent: (/Engine/Transient.EditorFloorComp) Not registered. Aborting.
[2025.07.14-01.44.52:928][953]LogWorld: UWorld::CleanupWorld for World_24, bSessionEnded=true, bCleanupResources=true
[2025.07.14-01.44.52:928][953]LogSlate: InvalidateAllWidgets triggered.  All widgets were invalidated
[2025.07.14-01.44.53:008][953]LogActorComponent: UnregisterComponent: (/Engine/Transient.EditorFloorComp) Not registered. Aborting.
[2025.07.14-01.44.53:008][953]LogWorld: UWorld::CleanupWorld for World_25, bSessionEnded=true, bCleanupResources=true
[2025.07.14-01.44.53:008][953]LogSlate: InvalidateAllWidgets triggered.  All widgets were invalidated
[2025.07.14-01.44.53:084][953]LogSlate: Window 'bala' being destroyed
[2025.07.14-01.44.53:106][953]LogActorComponent: UnregisterComponent: (/Engine/Transient.EditorFloorComp) Not registered. Aborting.
[2025.07.14-01.44.53:106][953]LogWorld: UWorld::CleanupWorld for World_26, bSessionEnded=true, bCleanupResources=true
[2025.07.14-01.44.53:106][953]LogSlate: InvalidateAllWidgets triggered.  All widgets were invalidated
[2025.07.14-01.44.53:237][953]LogSlate: Window 'TP_PreEntrega - Unreal Editor' being destroyed
[2025.07.14-01.44.53:431][953]AssetCheck: New page: Asset Save: multiple assets
[2025.07.14-01.44.53:431][953]LogContentValidation: Display: Validating Material /Game/StarterContent/Materials/M_Metal_Steel.M_Metal_Steel
[2025.07.14-01.44.53:431][953]LogContentValidation: Display: Validating Material /Game/StarterContent/Materials/M_Wood_Pine.M_Wood_Pine
[2025.07.14-01.44.53:433][954]Cmd: QUIT_EDITOR
[2025.07.14-01.44.53:433][954]LogCore: Engine exit requested (reason: UUnrealEdEngine::CloseEditor())
[2025.07.14-01.44.53:457][954]LogCore: Engine exit requested (reason: EngineExit() was called; note: exit was already requested)
[2025.07.14-01.44.54:296][954]LogAudio: Display: Beginning Audio Device Manager Shutdown (Module: AudioMixerXAudio2)...
[2025.07.14-01.44.54:296][954]LogAudio: Display: Destroying 1 Remaining Audio Device(s)...
[2025.07.14-01.44.54:296][954]LogAudio: Display: Audio Device unregistered from world 'ThirdPersonExampleMap'.
[2025.07.14-01.44.54:296][954]LogAudioMixer: FMixerPlatformXAudio2::StopAudioStream() called
[2025.07.14-01.44.54:299][954]LogAudioMixer: FMixerPlatformXAudio2::StopAudioStream() called
[2025.07.14-01.44.54:322][954]LogAudio: Display: Audio Device Manager Shutdown
[2025.07.14-01.44.54:327][954]LogExit: Preparing to exit.
[2025.07.14-01.44.54:783][954]LogUObjectHash: Compacting FUObjectHashTables data took   9.63ms
[2025.07.14-01.44.54:894][954]LogWorld: UWorld::CleanupWorld for World_22, bSessionEnded=true, bCleanupResources=true
[2025.07.14-01.44.54:900][954]LogWorld: UWorld::CleanupWorld for World_0, bSessionEnded=true, bCleanupResources=true
[2025.07.14-01.44.54:906][954]LogWorld: UWorld::CleanupWorld for World_1, bSessionEnded=true, bCleanupResources=true
[2025.07.14-01.44.54:911][954]LogWorld: UWorld::CleanupWorld for World_2, bSessionEnded=true, bCleanupResources=true
[2025.07.14-01.44.54:918][954]LogWorld: UWorld::CleanupWorld for World_3, bSessionEnded=true, bCleanupResources=true
[2025.07.14-01.44.54:926][954]LogWorld: UWorld::CleanupWorld for World_4, bSessionEnded=true, bCleanupResources=true
[2025.07.14-01.44.54:932][954]LogWorld: UWorld::CleanupWorld for World_5, bSessionEnded=true, bCleanupResources=true
[2025.07.14-01.44.54:939][954]LogWorld: UWorld::CleanupWorld for World_6, bSessionEnded=true, bCleanupResources=true
[2025.07.14-01.44.54:945][954]LogWorld: UWorld::CleanupWorld for World_7, bSessionEnded=true, bCleanupResources=true
[2025.07.14-01.44.54:951][954]LogWorld: UWorld::CleanupWorld for World_8, bSessionEnded=true, bCleanupResources=true
[2025.07.14-01.44.54:956][954]LogWorld: UWorld::CleanupWorld for World_9, bSessionEnded=true, bCleanupResources=true
[2025.07.14-01.44.54:961][954]LogWorld: UWorld::CleanupWorld for World_10, bSessionEnded=true, bCleanupResources=true
[2025.07.14-01.44.54:966][954]LogWorld: UWorld::CleanupWorld for World_11, bSessionEnded=true, bCleanupResources=true
[2025.07.14-01.44.54:971][954]LogWorld: UWorld::CleanupWorld for World_12, bSessionEnded=true, bCleanupResources=true
[2025.07.14-01.44.54:975][954]LogWorld: UWorld::CleanupWorld for World_13, bSessionEnded=true, bCleanupResources=true
[2025.07.14-01.44.54:980][954]LogWorld: UWorld::CleanupWorld for World_14, bSessionEnded=true, bCleanupResources=true
[2025.07.14-01.44.54:986][954]LogWorld: UWorld::CleanupWorld for World_15, bSessionEnded=true, bCleanupResources=true
[2025.07.14-01.44.54:991][954]LogWorld: UWorld::CleanupWorld for World_16, bSessionEnded=true, bCleanupResources=true
[2025.07.14-01.44.54:996][954]LogWorld: UWorld::CleanupWorld for World_17, bSessionEnded=true, bCleanupResources=true
[2025.07.14-01.44.55:000][954]LogWorld: UWorld::CleanupWorld for World_23, bSessionEnded=true, bCleanupResources=true
[2025.07.14-01.44.55:005][954]LogWorld: UWorld::CleanupWorld for World_18, bSessionEnded=true, bCleanupResources=true
[2025.07.14-01.44.55:010][954]LogWorld: UWorld::CleanupWorld for World_21, bSessionEnded=true, bCleanupResources=true
[2025.07.14-01.44.55:014][954]LogWorld: UWorld::CleanupWorld for World_20, bSessionEnded=true, bCleanupResources=true
[2025.07.14-01.44.55:103][954]LogDemo: Cleaned up 0 splitscreen connections with owner deletion
[2025.07.14-01.44.55:114][954]LogStylusInput: Shutting down StylusInput subsystem.
[2025.07.14-01.44.55:114][954]LogWorld: UWorld::CleanupWorld for None, bSessionEnded=true, bCleanupResources=true
[2025.07.14-01.44.55:114][954]LogExit: Editor shut down
[2025.07.14-01.44.55:115][954]LogExit: Transaction tracking system shut down
[2025.07.14-01.44.55:406][954]LogExit: Object subsystem successfully closed.
[2025.07.14-01.44.55:431][954]LogShaderCompilers: Display: === FShaderJobCache stats ===
[2025.07.14-01.44.55:431][954]LogShaderCompilers: Display: Total job queries 300, among them cache hits 4 (1.33%)
[2025.07.14-01.44.55:431][954]LogShaderCompilers: Display: Tracking 246 distinct input hashes that result in 152 distinct outputs (61.79%)
[2025.07.14-01.44.55:431][954]LogShaderCompilers: Display: RAM used: 1.12 MB (0.00 GB) of 1638.40 MB (1.60 GB) budget. Usage: 0.07%
[2025.07.14-01.44.55:431][954]LogShaderCompilers: Display: ================================================
[2025.07.14-01.44.55:439][954]LogShaderCompilers: Display: Shaders left to compile 0
[2025.07.14-01.44.55:461][954]LogModuleManager: Shutting down and abandoning module MovieSceneCapture (898)
[2025.07.14-01.44.55:461][954]LogModuleManager: Shutting down and abandoning module Voice (896)
[2025.07.14-01.44.55:461][954]LogModuleManager: Shutting down and abandoning module BlueprintGraph (894)
[2025.07.14-01.44.55:461][954]LogModuleManager: Shutting down and abandoning module HierarchicalLODUtilities (892)
[2025.07.14-01.44.55:461][954]LogModuleManager: Shutting down and abandoning module HierarchicalLODOutliner (890)
[2025.07.14-01.44.55:461][954]LogModuleManager: Shutting down and abandoning module SceneOutliner (888)
[2025.07.14-01.44.55:461][954]LogModuleManager: Shutting down and abandoning module AddContentDialog (886)
[2025.07.14-01.44.55:461][954]LogModuleManager: Shutting down and abandoning module WidgetCarousel (885)
[2025.07.14-01.44.55:461][954]LogModuleManager: Shutting down and abandoning module EditorWidgets (882)
[2025.07.14-01.44.55:462][954]LogModuleManager: Shutting down and abandoning module StatsViewer (880)
[2025.07.14-01.44.55:462][954]LogModuleManager: Shutting down and abandoning module PIEPreviewDeviceProfileSelector (878)
[2025.07.14-01.44.55:462][954]LogModuleManager: Shutting down and abandoning module SequenceRecorderSections (876)
[2025.07.14-01.44.55:462][954]LogModuleManager: Shutting down and abandoning module AutomationWorker (874)
[2025.07.14-01.44.55:462][954]LogModuleManager: Shutting down and abandoning module SteamVREditor (872)
[2025.07.14-01.44.55:462][954]LogModuleManager: Shutting down and abandoning module OculusMR (870)
[2025.07.14-01.44.55:462][954]LogModuleManager: Shutting down and abandoning module TakeRecorderSources (868)
[2025.07.14-01.44.55:462][954]LogModuleManager: Shutting down and abandoning module TakeRecorder (867)
[2025.07.14-01.44.55:462][954]LogModuleManager: Shutting down and abandoning module TakeTrackRecorders (864)
[2025.07.14-01.44.55:462][954]LogModuleManager: Shutting down and abandoning module TakesCore (862)
[2025.07.14-01.44.55:462][954]LogModuleManager: Shutting down and abandoning module OpenXRInput (860)
[2025.07.14-01.44.55:462][954]LogModuleManager: Shutting down and abandoning module GooglePADEditor (858)
[2025.07.14-01.44.55:462][954]LogModuleManager: Shutting down and abandoning module AudioCaptureEditor (856)
[2025.07.14-01.44.55:462][954]LogModuleManager: Shutting down and abandoning module TemplateSequenceEditor (854)
[2025.07.14-01.44.55:462][954]LogModuleManager: Shutting down and abandoning module MatineeToLevelSequence (852)
[2025.07.14-01.44.55:462][954]LogModuleManager: Shutting down and abandoning module LevelSequenceEditor (850)
[2025.07.14-01.44.55:462][954]LogModuleManager: Shutting down and abandoning module ActorSequenceEditor (848)
[2025.07.14-01.44.55:462][954]LogModuleManager: Shutting down and abandoning module WmfMediaFactory (846)
[2025.07.14-01.44.55:462][954]LogModuleManager: Shutting down and abandoning module WmfMediaEditor (844)
[2025.07.14-01.44.55:462][954]LogModuleManager: Shutting down and abandoning module WebMMediaFactory (842)
[2025.07.14-01.44.55:462][954]LogModuleManager: Shutting down and abandoning module WebMMediaEditor (840)
[2025.07.14-01.44.55:463][954]LogModuleManager: Shutting down and abandoning module WebMMedia (838)
[2025.07.14-01.44.55:463][954]LogModuleManager: Shutting down and abandoning module MediaPlayerEditor (836)
[2025.07.14-01.44.55:463][954]LogModuleManager: Shutting down and abandoning module MediaCompositingEditor (834)
[2025.07.14-01.44.55:463][954]LogModuleManager: Shutting down and abandoning module SequenceRecorder (833)
[2025.07.14-01.44.55:463][954]LogModuleManager: Shutting down and abandoning module OpenExrWrapper (830)
[2025.07.14-01.44.55:463][954]LogModuleManager: Shutting down and abandoning module ImgMediaFactory (828)
[2025.07.14-01.44.55:463][954]LogModuleManager: Shutting down and abandoning module ImgMediaEditor (826)
[2025.07.14-01.44.55:463][954]LogModuleManager: Shutting down and abandoning module AvfMediaFactory (824)
[2025.07.14-01.44.55:463][954]LogModuleManager: Shutting down and abandoning module AvfMediaEditor (822)
[2025.07.14-01.44.55:463][954]LogModuleManager: Shutting down and abandoning module AndroidMediaFactory (820)
[2025.07.14-01.44.55:463][954]LogModuleManager: Shutting down and abandoning module AndroidMediaEditor (818)
[2025.07.14-01.44.55:463][954]LogModuleManager: Shutting down and abandoning module MagicLeapMediaCodecFactory (816)
[2025.07.14-01.44.55:463][954]LogModuleManager: Shutting down and abandoning module MagicLeapMediaFactory (814)
[2025.07.14-01.44.55:463][954]LogModuleManager: Shutting down and abandoning module MagicLeapMediaEditor (812)
[2025.07.14-01.44.55:463][954]LogModuleManager: Shutting down and abandoning module PlanarCut (810)
[2025.07.14-01.44.55:463][954]LogModuleManager: Shutting down and abandoning module CharacterAI (808)
[2025.07.14-01.44.55:463][954]LogModuleManager: Shutting down and abandoning module TextureAlignMode (806)
[2025.07.14-01.44.55:463][954]LogModuleManager: Shutting down and abandoning module BspMode (804)
[2025.07.14-01.44.55:463][954]LogModuleManager: Shutting down and abandoning module GeometryMode (802)
[2025.07.14-01.44.55:463][954]LogModuleManager: Shutting down and abandoning module CameraShakePreviewer (800)
[2025.07.14-01.44.55:463][954]LogModuleManager: Shutting down and abandoning module SmartSnapping (798)
[2025.07.14-01.44.55:463][954]LogModuleManager: Shutting down and abandoning module SessionServices (796)
[2025.07.14-01.44.55:463][954]LogModuleManager: Shutting down and abandoning module MeshPaint (794)
[2025.07.14-01.44.55:463][954]LogModuleManager: Shutting down and abandoning module VirtualTexturingEditor (792)
[2025.07.14-01.44.55:463][954]LogModuleManager: Shutting down and abandoning module FoliageEdit (790)
[2025.07.14-01.44.55:463][954]LogModuleManager: Shutting down and abandoning module LandscapeEditor (788)
[2025.07.14-01.44.55:464][954]LogModuleManager: Shutting down and abandoning module MeshPaintMode (786)
[2025.07.14-01.44.55:464][954]LogModuleManager: Shutting down and abandoning module SceneDepthPickerMode (784)
[2025.07.14-01.44.55:464][954]LogModuleManager: Shutting down and abandoning module ActorPickerMode (782)
[2025.07.14-01.44.55:464][954]LogModuleManager: Shutting down and abandoning module PlacementMode (780)
[2025.07.14-01.44.55:464][954]LogModuleManager: Shutting down and abandoning module ViewportSnapping (778)
[2025.07.14-01.44.55:464][954]LogModuleManager: Shutting down and abandoning module ViewportInteraction (776)
[2025.07.14-01.44.55:464][954]LogModuleManager: Shutting down and abandoning module ClothPainter (774)
[2025.07.14-01.44.55:464][954]LogModuleManager: Shutting down and abandoning module SkeletalMeshEditor (773)
[2025.07.14-01.44.55:464][954]LogModuleManager: Shutting down and abandoning module LogVisualizer (770)
[2025.07.14-01.44.55:464][954]LogModuleManager: Shutting down and abandoning module IntroTutorials (768)
[2025.07.14-01.44.55:464][954]LogModuleManager: Shutting down and abandoning module GameProjectGeneration (767)
[2025.07.14-01.44.55:464][954]LogModuleManager: Shutting down and abandoning module LuminPlatformEditor (764)
[2025.07.14-01.44.55:464][954]LogModuleManager: Shutting down and abandoning module IOSPlatformEditor (762)
[2025.07.14-01.44.55:464][954]LogModuleManager: Shutting down and abandoning module AndroidPlatformEditor (760)
[2025.07.14-01.44.55:464][954]LogModuleManager: Shutting down and abandoning module AndroidDeviceDetection (759)
[2025.07.14-01.44.55:925][954]LogModuleManager: Shutting down and abandoning module WindowsPlatformEditor (756)
[2025.07.14-01.44.55:926][954]LogModuleManager: Shutting down and abandoning module LuminRuntimeSettings (754)
[2025.07.14-01.44.55:926][954]LogModuleManager: Shutting down and abandoning module IOSRuntimeSettings (752)
[2025.07.14-01.44.55:927][954]LogModuleManager: Shutting down and abandoning module AndroidRuntimeSettings (750)
[2025.07.14-01.44.55:927][954]LogModuleManager: Shutting down and abandoning module TraceInsights (748)
[2025.07.14-01.44.55:927][954]MemoryProfiler: Shutdown
[2025.07.14-01.44.55:927][954]NetworkingProfiler: Shutdown
[2025.07.14-01.44.55:928][954]LoadingProfiler: Shutdown
[2025.07.14-01.44.55:928][954]TimingProfiler: Shutdown
[2025.07.14-01.44.55:928][954]LogModuleManager: Shutting down and abandoning module TraceServices (747)
[2025.07.14-01.44.55:929][954]LogModuleManager: Shutting down and abandoning module EditorInteractiveToolsFramework (744)
[2025.07.14-01.44.55:929][954]LogModuleManager: Shutting down and abandoning module TimeManagementEditor (742)
[2025.07.14-01.44.55:929][954]LogModuleManager: Shutting down and abandoning module InputBindingEditor (740)
[2025.07.14-01.44.55:929][954]LogModuleManager: Shutting down and abandoning module MergeActors (738)
[2025.07.14-01.44.55:929][954]LogModuleManager: Shutting down and abandoning module LocalizationDashboard (736)
[2025.07.14-01.44.55:929][954]LogModuleManager: Shutting down and abandoning module LocalizationService (735)
[2025.07.14-01.44.55:930][954]LogModuleManager: Shutting down and abandoning module HardwareTargeting (732)
[2025.07.14-01.44.55:930][954]LogModuleManager: Shutting down and abandoning module DeviceProfileEditor (730)
[2025.07.14-01.44.55:930][954]LogModuleManager: Shutting down and abandoning module UndoHistory (728)
[2025.07.14-01.44.55:930][954]LogModuleManager: Shutting down and abandoning module XmlParser (726)
[2025.07.14-01.44.55:930][954]LogModuleManager: Shutting down and abandoning module Blutility (724)
[2025.07.14-01.44.55:930][954]LogModuleManager: Shutting down and abandoning module ProjectSettingsViewer (722)
[2025.07.14-01.44.55:931][954]LogModuleManager: Shutting down and abandoning module ProjectTargetPlatformEditor (721)
[2025.07.14-01.44.55:931][954]LogModuleManager: Shutting down and abandoning module EditorSettingsViewer (718)
[2025.07.14-01.44.55:931][954]LogModuleManager: Shutting down and abandoning module InternationalizationSettings (717)
[2025.07.14-01.44.55:932][954]LogModuleManager: Shutting down and abandoning module SettingsEditor (714)
[2025.07.14-01.44.55:932][954]LogModuleManager: Shutting down and abandoning module ProjectLauncher (712)
[2025.07.14-01.44.55:932][954]LogModuleManager: Shutting down and abandoning module SessionFrontend (710)
[2025.07.14-01.44.55:937][954]LogModuleManager: Shutting down and abandoning module ProfilerClient (708)
[2025.07.14-01.44.55:937][954]LogModuleManager: Shutting down and abandoning module DeviceManager (706)
[2025.07.14-01.44.55:938][954]LogModuleManager: Shutting down and abandoning module TargetDeviceServices (705)
[2025.07.14-01.44.55:979][954]LogModuleManager: Shutting down and abandoning module AutomationController (702)
[2025.07.14-01.44.55:979][954]LogModuleManager: Shutting down and abandoning module AutomationWindow (700)
[2025.07.14-01.44.55:979][954]LogModuleManager: Shutting down and abandoning module Layers (698)
[2025.07.14-01.44.55:979][954]LogModuleManager: Shutting down and abandoning module ComponentVisualizers (696)
[2025.07.14-01.44.55:979][954]LogModuleManager: Shutting down and abandoning module DetailCustomizations (694)
[2025.07.14-01.44.55:979][954]LogModuleManager: Shutting down and abandoning module PackagesDialog (692)
[2025.07.14-01.44.55:980][954]LogModuleManager: Shutting down and abandoning module AnimationBlueprintEditor (690)
[2025.07.14-01.44.55:980][954]LogModuleManager: Shutting down and abandoning module Persona (688)
[2025.07.14-01.44.55:980][954]LogModuleManager: Shutting down and abandoning module AdvancedPreviewScene (687)
[2025.07.14-01.44.55:981][954]LogModuleManager: Shutting down and abandoning module AnimGraph (685)
[2025.07.14-01.44.55:981][954]LogModuleManager: Shutting down and abandoning module Kismet (682)
[2025.07.14-01.44.56:019][954]LogModuleManager: Shutting down and abandoning module KismetWidgets (681)
[2025.07.14-01.44.56:019][954]LogModuleManager: Shutting down and abandoning module GraphEditor (678)
[2025.07.14-01.44.56:020][954]LogModuleManager: Shutting down and abandoning module StructViewer (676)
[2025.07.14-01.44.56:020][954]LogModuleManager: Shutting down and abandoning module ClassViewer (674)
[2025.07.14-01.44.56:020][954]LogModuleManager: Shutting down and abandoning module Toolbox (672)
[2025.07.14-01.44.56:021][954]LogModuleManager: Shutting down and abandoning module ModuleUI (670)
[2025.07.14-01.44.56:021][954]LogModuleManager: Shutting down and abandoning module OutputLog (668)
[2025.07.14-01.44.56:026][954]LogModuleManager: Shutting down and abandoning module GammaUI (666)
[2025.07.14-01.44.56:027][954]LogModuleManager: Shutting down and abandoning module Documentation (664)
[2025.07.14-01.44.56:027][954]LogModuleManager: Shutting down and abandoning module LiveCoding (662)
[2025.07.14-01.44.56:027][954]LogModuleManager: Shutting down and abandoning module LevelSequence (660)
[2025.07.14-01.44.56:027][954]LogModuleManager: Shutting down and abandoning module MovieSceneTracks (658)
[2025.07.14-01.44.56:028][954]LogModuleManager: Shutting down and abandoning module MovieScene (656)
[2025.07.14-01.44.56:028][954]LogModuleManager: Shutting down and abandoning module StreamingPauseRendering (654)
[2025.07.14-01.44.56:028][954]LogModuleManager: Shutting down and abandoning module LauncherPlatform (652)
[2025.07.14-01.44.56:028][954]LogModuleManager: Shutting down and abandoning module AnalyticsET (650)
[2025.07.14-01.44.56:028][954]LogModuleManager: Shutting down and abandoning module PortalServices (648)
[2025.07.14-01.44.56:028][954]LogModuleManager: Shutting down and abandoning module PortalRpc (646)
[2025.07.14-01.44.56:028][954]LogModuleManager: Shutting down and abandoning module MessagingRpc (644)
[2025.07.14-01.44.56:028][954]LogModuleManager: Shutting down and abandoning module AudioMixerXAudio2 (642)
[2025.07.14-01.44.56:028][954]LogModuleManager: Shutting down and abandoning module AudioMixerCore (641)
[2025.07.14-01.44.56:028][954]LogModuleManager: Shutting down and abandoning module AIModule (638)
[2025.07.14-01.44.56:029][954]LogModuleManager: Shutting down and abandoning module GameplayDebugger (637)
[2025.07.14-01.44.56:029][954]LogModuleManager: Shutting down and abandoning module AITestSuite (635)
[2025.07.14-01.44.56:029][954]LogModuleManager: Shutting down and abandoning module NavigationSystem (633)
[2025.07.14-01.44.56:029][954]LogModuleManager: Shutting down and abandoning module ImageWriteQueue (630)
[2025.07.14-01.44.56:029][954]LogModuleManager: Shutting down and abandoning module ProfilerService (628)
[2025.07.14-01.44.56:056][954]LogModuleManager: Shutting down and abandoning module TaskGraph (626)
[2025.07.14-01.44.56:057][954]LogModuleManager: Shutting down and abandoning module AudioSynesthesiaEditor (624)
[2025.07.14-01.44.56:058][954]LogModuleManager: Shutting down and abandoning module OculusEditor (622)
[2025.07.14-01.44.56:059][954]LogModuleManager: Shutting down and abandoning module OculusInput (620)
[2025.07.14-01.44.56:059][954]LogModuleManager: Shutting down and abandoning module ContentBrowserFileDataSource (618)
[2025.07.14-01.44.56:059][954]LogModuleManager: Shutting down and abandoning module ContentBrowserClassDataSource (616)
[2025.07.14-01.44.56:059][954]LogModuleManager: Shutting down and abandoning module ContentBrowserAssetDataSource (614)
[2025.07.14-01.44.56:059][954]LogModuleManager: Shutting down and abandoning module CollectionManager (613)
[2025.07.14-01.44.56:061][954]LogModuleManager: Shutting down and abandoning module SynthesisEditor (610)
[2025.07.14-01.44.56:061][954]LogModuleManager: Shutting down and abandoning module Synthesis (608)
[2025.07.14-01.44.56:062][954]LogModuleManager: Shutting down and abandoning module ProceduralMeshComponentEditor (606)
[2025.07.14-01.44.56:062][954]LogModuleManager: Shutting down and abandoning module ProceduralMeshComponent (604)
[2025.07.14-01.44.56:062][954]LogModuleManager: Shutting down and abandoning module TakeSequencer (602)
[2025.07.14-01.44.56:062][954]LogModuleManager: Shutting down and abandoning module TakeMovieScene (600)
[2025.07.14-01.44.56:062][954]LogModuleManager: Shutting down and abandoning module OpenXREditor (598)
[2025.07.14-01.44.56:062][954]LogModuleManager: Shutting down and abandoning module MobilePatchingUtils (596)
[2025.07.14-01.44.56:062][954]LogModuleManager: Shutting down and abandoning module ScreenshotTools (594)
[2025.07.14-01.44.56:062][954]LogModuleManager: Shutting down and abandoning module HairStrandsEditor (592)
[2025.07.14-01.44.56:062][954]LogModuleManager: Shutting down and abandoning module GooglePAD (590)
[2025.07.14-01.44.56:063][954]LogModuleManager: Shutting down and abandoning module EditableMesh (588)
[2025.07.14-01.44.56:063][954]LogModuleManager: Shutting down and abandoning module CustomMeshComponent (586)
[2025.07.14-01.44.56:063][954]LogModuleManager: Shutting down and abandoning module CableComponent (584)
[2025.07.14-01.44.56:063][954]LogModuleManager: Shutting down and abandoning module AudioCapture (582)
[2025.07.14-01.44.56:063][954]LogModuleManager: Shutting down and abandoning module AudioCaptureRtAudio (581)
[2025.07.14-01.44.56:063][954]LogModuleManager: Shutting down and abandoning module ArchVisCharacter (578)
[2025.07.14-01.44.56:063][954]LogModuleManager: Shutting down and abandoning module AssetTags (576)
[2025.07.14-01.44.56:063][954]LogModuleManager: Shutting down and abandoning module AppleImageUtilsBlueprintSupport (574)
[2025.07.14-01.44.56:063][954]LogModuleManager: Shutting down and abandoning module AppleImageUtils (572)
[2025.07.14-01.44.56:064][954]LogModuleManager: Shutting down and abandoning module AndroidPermission (570)
[2025.07.14-01.44.56:064][954]LogModuleManager: Shutting down and abandoning module ActorLayerUtilitiesEditor (568)
[2025.07.14-01.44.56:064][954]LogModuleManager: Shutting down and abandoning module ActorLayerUtilities (566)
[2025.07.14-01.44.56:064][954]LogModuleManager: Shutting down and abandoning module TemplateSequence (564)
[2025.07.14-01.44.56:064][954]LogModuleManager: Shutting down and abandoning module MediaCompositing (562)
[2025.07.14-01.44.56:064][954]LogModuleManager: Shutting down and abandoning module ImgMedia (560)
[2025.07.14-01.44.56:064][954]LogModuleManager: Shutting down and abandoning module MagicLeapSharedWorld (558)
[2025.07.14-01.44.56:064][954]LogModuleManager: Shutting down and abandoning module MagicLeapLightEstimation (556)
[2025.07.14-01.44.56:064][954]LogModuleManager: Shutting down and abandoning module MagicLeapHelperVulkan (554)
[2025.07.14-01.44.56:064][954]LogModuleManager: Shutting down and abandoning module MagicLeapHelperOpenGL (552)
[2025.07.14-01.44.56:064][954]LogModuleManager: Shutting down and abandoning module MagicLeapAudio (550)
[2025.07.14-01.44.56:064][954]LogModuleManager: Shutting down and abandoning module OpenImageDenoise (548)
[2025.07.14-01.44.56:064][954]LogOpenImageDenoise: OIDN shutting down
[2025.07.14-01.44.56:065][954]LogModuleManager: Shutting down and abandoning module MotoSynthEditor (546)
[2025.07.14-01.44.56:065][954]LogModuleManager: Shutting down and abandoning module MotoSynth (544)
[2025.07.14-01.44.56:065][954]LogModuleManager: Shutting down and abandoning module ModelingToolsEditorMode (542)
[2025.07.14-01.44.56:065][954]LogModuleManager: Shutting down and abandoning module MeshModelingToolsEditorOnly (540)
[2025.07.14-01.44.56:065][954]LogModuleManager: Shutting down and abandoning module MeshModelingTools (538)
[2025.07.14-01.44.56:065][954]LogModuleManager: Shutting down and abandoning module ModelingOperatorsEditorOnly (536)
[2025.07.14-01.44.56:065][954]LogModuleManager: Shutting down and abandoning module ModelingOperators (534)
[2025.07.14-01.44.56:065][954]LogModuleManager: Shutting down and abandoning module ModelingComponents (532)
[2025.07.14-01.44.56:065][954]LogModuleManager: Shutting down and abandoning module MeshConversion (530)
[2025.07.14-01.44.56:065][954]LogModuleManager: Shutting down and abandoning module DynamicMesh (528)
[2025.07.14-01.44.56:066][954]LogModuleManager: Shutting down and abandoning module GeometryAlgorithms (526)
[2025.07.14-01.44.56:066][954]LogModuleManager: Shutting down and abandoning module GeometricObjects (524)
[2025.07.14-01.44.56:066][954]LogModuleManager: Shutting down and abandoning module VisualStudioSourceCodeAccess (522)
[2025.07.14-01.44.56:066][954]LogModuleManager: Shutting down and abandoning module VisualStudioCodeSourceCodeAccess (520)
[2025.07.14-01.44.56:066][954]LogModuleManager: Shutting down and abandoning module GeometryCollectionTracks (518)
[2025.07.14-01.44.56:066][954]LogModuleManager: Shutting down and abandoning module GeometryCollectionSequencer (517)
[2025.07.14-01.44.56:066][954]LogModuleManager: Shutting down and abandoning module GeometryCollectionEditor (514)
[2025.07.14-01.44.56:066][954]LogModuleManager: Shutting down and abandoning module GeometryCacheTracks (512)
[2025.07.14-01.44.56:066][954]LogModuleManager: Shutting down and abandoning module GeometryCacheStreamer (510)
[2025.07.14-01.44.56:066][954]LogModuleManager: Shutting down and abandoning module GeometryCacheSequencer (508)
[2025.07.14-01.44.56:066][954]LogModuleManager: Shutting down and abandoning module ChaosNiagara (506)
[2025.07.14-01.44.56:066][954]LogModuleManager: Shutting down and abandoning module NiagaraEditorWidgets (504)
[2025.07.14-01.44.56:066][954]LogModuleManager: Shutting down and abandoning module ChaosSolverEditor (502)
[2025.07.14-01.44.56:066][954]LogModuleManager: Shutting down and abandoning module ChaosClothEditor (500)
[2025.07.14-01.44.56:066][954]LogModuleManager: Shutting down and abandoning module FractureEditor (498)
[2025.07.14-01.44.56:068][954]LogModuleManager: Shutting down and abandoning module FieldSystemEngine (497)
[2025.07.14-01.44.56:069][954]LogModuleManager: Shutting down and abandoning module BackChannel (494)
[2025.07.14-01.44.56:070][954]LogModuleManager: Shutting down and abandoning module AlembicImporter (492)
[2025.07.14-01.44.56:071][954]LogModuleManager: Shutting down and abandoning module AlembicLibrary (491)
[2025.07.14-01.44.56:071][954]LogModuleManager: Shutting down and abandoning module GeometryCache (490)
[2025.07.14-01.44.56:071][954]LogModuleManager: Shutting down and abandoning module GeometryCacheEd (489)
[2025.07.14-01.44.56:071][954]LogModuleManager: Shutting down and abandoning module AutomationUtilsEditor (484)
[2025.07.14-01.44.56:071][954]LogModuleManager: Shutting down and abandoning module AutomationUtils (482)
[2025.07.14-01.44.56:071][954]LogModuleManager: Shutting down and abandoning module OodleNetworkHandlerComponent (480)
[2025.07.14-01.44.56:071][954]LogModuleManager: Shutting down and abandoning module VariantManagerContentEditor (478)
[2025.07.14-01.44.56:071][954]LogModuleManager: Shutting down and abandoning module StylusInput (476)
[2025.07.14-01.44.56:072][954]LogModuleManager: Shutting down and abandoning module SpeedTreeImporter (474)
[2025.07.14-01.44.56:072][954]LogModuleManager: Shutting down and abandoning module MobileLauncherProfileWizard (472)
[2025.07.14-01.44.56:073][954]LogModuleManager: Shutting down and abandoning module PluginBrowser (470)
[2025.07.14-01.44.56:073][954]LogModuleManager: Shutting down and abandoning module UObjectPlugin (468)
[2025.07.14-01.44.56:073][954]LogModuleManager: Shutting down and abandoning module MaterialAnalyzer (466)
[2025.07.14-01.44.56:073][954]LogModuleManager: Shutting down and abandoning module DatasmithContentEditor (464)
[2025.07.14-01.44.56:074][954]LogModuleManager: Shutting down and abandoning module CurveEditorTools (462)
[2025.07.14-01.44.56:074][954]LogModuleManager: Shutting down and abandoning module CryptoKeysOpenSSL (460)
[2025.07.14-01.44.56:074][954]LogModuleManager: Shutting down and abandoning module CryptoKeys (458)
[2025.07.14-01.44.56:074][954]LogModuleManager: Shutting down and abandoning module SubversionSourceControl (456)
[2025.07.14-01.44.56:074][954]LogModuleManager: Shutting down and abandoning module RiderSourceCodeAccess (454)
[2025.07.14-01.44.56:074][954]LogModuleManager: Shutting down and abandoning module PluginUtils (452)
[2025.07.14-01.44.56:074][954]LogModuleManager: Shutting down and abandoning module PlasticSourceControl (450)
[2025.07.14-01.44.56:074][954]LogModuleManager: Shutting down and abandoning module PerforceSourceControl (448)
[2025.07.14-01.44.56:075][954]LogModuleManager: Shutting down and abandoning module GitSourceControl (446)
[2025.07.14-01.44.56:075][954]LogModuleManager: Shutting down and abandoning module SourceControl (445)
[2025.07.14-01.44.56:075][954]LogModuleManager: Shutting down and abandoning module CLionSourceCodeAccess (442)
[2025.07.14-01.44.56:075][954]LogModuleManager: Shutting down and abandoning module AnimationSharingEd (440)
[2025.07.14-01.44.56:075][954]LogModuleManager: Shutting down and abandoning module LightPropagationVolumeEditor (438)
[2025.07.14-01.44.56:075][954]LogModuleManager: Shutting down and abandoning module LiveLinkSequencer (436)
[2025.07.14-01.44.56:075][954]LogModuleManager: Shutting down and abandoning module LiveLinkMovieScene (434)
[2025.07.14-01.44.56:075][954]LogModuleManager: Shutting down and abandoning module LiveLinkGraphNode (432)
[2025.07.14-01.44.56:075][954]LogModuleManager: Shutting down and abandoning module LiveLinkEditor (430)
[2025.07.14-01.44.56:075][954]LogModuleManager: Shutting down and abandoning module LiveLinkComponents (428)
[2025.07.14-01.44.56:075][954]LogModuleManager: Shutting down and abandoning module LiveLink (426)
[2025.07.14-01.44.56:777][954]LogModuleManager: Shutting down and abandoning module PaperTiledImporter (424)
[2025.07.14-01.44.56:777][954]LogModuleManager: Shutting down and abandoning module PaperSpriteSheetImporter (422)
[2025.07.14-01.44.56:777][954]LogModuleManager: Shutting down and abandoning module Paper2DEditor (420)
[2025.07.14-01.44.56:777][954]LogModuleManager: Shutting down and abandoning module MeshPaintingToolset (418)
[2025.07.14-01.44.56:777][954]LogModuleManager: Shutting down and abandoning module MeshPaintEditorMode (416)
[2025.07.14-01.44.56:777][954]LogModuleManager: Shutting down and abandoning module TP_PreEntrega (414)
[2025.07.14-01.44.56:777][954]LogModuleManager: Shutting down and abandoning module SoundFields (412)
[2025.07.14-01.44.56:777][954]LogModuleManager: Shutting down and abandoning module RuntimePhysXCooking (410)
[2025.07.14-01.44.56:777][954]LogModuleManager: Shutting down and abandoning module SignificanceManager (408)
[2025.07.14-01.44.56:777][954]LogModuleManager: Shutting down and abandoning module PropertyAccessEditor (406)
[2025.07.14-01.44.56:777][954]LogModuleManager: Shutting down and abandoning module PhysXVehiclesEditor (404)
[2025.07.14-01.44.56:777][954]LogModuleManager: Shutting down and abandoning module LocationServicesBPLibrary (400)
[2025.07.14-01.44.56:777][954]LogModuleManager: Shutting down and abandoning module AudioSynesthesia (398)
[2025.07.14-01.44.56:777][954]LogModuleManager: Shutting down and abandoning module AudioSynesthesiaCore (396)
[2025.07.14-01.44.56:777][954]LogModuleManager: Shutting down and abandoning module ActorSequence (394)
[2025.07.14-01.44.56:777][954]LogModuleManager: Shutting down and abandoning module UdpMessaging (392)
[2025.07.14-01.44.56:879][954]LogModuleManager: Shutting down and abandoning module TcpMessaging (390)
[2025.07.14-01.44.56:979][954]LogModuleManager: Shutting down and abandoning module ImgMediaEngine (388)
[2025.07.14-01.44.56:979][954]LogModuleManager: Shutting down and abandoning module MagicLeapARPin (386)
[2025.07.14-01.44.56:979][954]LogModuleManager: Shutting down and abandoning module MagicLeapHandMeshing (384)
[2025.07.14-01.44.56:979][954]LogModuleManager: Shutting down and abandoning module MagicLeapSecureStorage (382)
[2025.07.14-01.44.56:979][954]LogModuleManager: Shutting down and abandoning module MagicLeapPrivileges (380)
[2025.07.14-01.44.56:979][954]LogModuleManager: Shutting down and abandoning module MagicLeapPlanes (378)
[2025.07.14-01.44.56:979][954]LogMagicLeapPlanes: Planes tracker already destroyed.
[2025.07.14-01.44.56:979][954]LogModuleManager: Shutting down and abandoning module MagicLeapImageTracker (376)
[2025.07.14-01.44.56:979][954]LogModuleManager: Shutting down and abandoning module MagicLeapIdentity (374)
[2025.07.14-01.44.56:979][954]LogModuleManager: Shutting down and abandoning module MagicLeapHandTracking (372)
[2025.07.14-01.44.56:979][954]LogModuleManager: Shutting down and abandoning module MagicLeapEyeTracker (370)
[2025.07.14-01.44.56:980][954]LogModuleManager: Shutting down and abandoning module MagicLeapController (368)
[2025.07.14-01.44.56:980][954]LogModuleManager: Shutting down and abandoning module MagicLeapARPinImpl (366)
[2025.07.14-01.44.56:980][954]LogModuleManager: Shutting down and abandoning module MagicLeapAR (364)
[2025.07.14-01.44.56:980][954]LogModuleManager: Shutting down and abandoning module PythonScriptPlugin (362)
[2025.07.14-01.44.56:980][954]LogModuleManager: Shutting down and abandoning module NiagaraAnimNotifies (360)
[2025.07.14-01.44.56:980][954]LogModuleManager: Shutting down and abandoning module Niagara (358)
[2025.07.14-01.44.56:980][954]LogModuleManager: Shutting down and abandoning module SignalProcessing (357)
[2025.07.14-01.44.56:980][954]LogModuleManager: Shutting down and abandoning module NiagaraEditor (355)
[2025.07.14-01.44.56:981][954]LogModuleManager: Shutting down and abandoning module NiagaraCore (352)
[2025.07.14-01.44.56:981][954]LogModuleManager: Shutting down and abandoning module FacialAnimationEditor (350)
[2025.07.14-01.44.56:981][954]LogModuleManager: Shutting down and abandoning module FacialAnimation (348)
[2025.07.14-01.44.56:981][954]LogModuleManager: Shutting down and abandoning module GameplayTagsEditor (346)
[2025.07.14-01.44.56:981][954]LogModuleManager: Shutting down and abandoning module DataValidation (344)
[2025.07.14-01.44.56:981][954]LogModuleManager: Shutting down and abandoning module PropertyAccessNode (342)
[2025.07.14-01.44.56:981][954]LogModuleManager: Shutting down and abandoning module AssetManagerEditor (340)
[2025.07.14-01.44.56:982][954]LogModuleManager: Shutting down and abandoning module LevelEditor (339)
[2025.07.14-01.44.56:984][954]LogModuleManager: Shutting down and abandoning module PixelInspectorModule (338)
[2025.07.14-01.44.56:985][954]LogModuleManager: Shutting down and abandoning module CommonMenuExtensions (336)
[2025.07.14-01.44.56:985][954]LogModuleManager: Shutting down and abandoning module MainFrame (334)
[2025.07.14-01.44.56:985][954]LogModuleManager: Shutting down and abandoning module HotReload (333)
[2025.07.14-01.44.56:986][954]LogModuleManager: Shutting down and abandoning module ToolMenus (329)
[2025.07.14-01.44.56:987][954]LogModuleManager: Shutting down and abandoning module ContentBrowser (327)
[2025.07.14-01.44.56:987][954]LogModuleManager: Shutting down and abandoning module ContentBrowserData (326)
[2025.07.14-01.44.56:987][954]LogModuleManager: Shutting down and abandoning module TreeMap (323)
[2025.07.14-01.44.56:987][954]LogModuleManager: Shutting down and abandoning module AnimationSharing (320)
[2025.07.14-01.44.56:987][954]LogModuleManager: Shutting down and abandoning module GameplayCameras (318)
[2025.07.14-01.44.56:987][954]LogModuleManager: Shutting down and abandoning module LightPropagationVolumeRuntime (316)
[2025.07.14-01.44.56:987][954]LogModuleManager: Shutting down and abandoning module EnvironmentQueryEditor (314)
[2025.07.14-01.44.56:987][954]LogModuleManager: Shutting down and abandoning module Paper2D (312)
[2025.07.14-01.44.56:987][954]LogModuleManager: Shutting down and abandoning module WindowsMoviePlayer (310)
[2025.07.14-01.44.56:991][954]LogModuleManager: Shutting down and abandoning module WebMMoviePlayer (308)
[2025.07.14-01.44.56:991][954]LogModuleManager: Shutting down and abandoning module NetworkReplayStreaming (306)
[2025.07.14-01.44.56:991][954]LogModuleManager: Shutting down and abandoning module PacketHandler (304)
[2025.07.14-01.44.56:991][954]LogModuleManager: Shutting down and abandoning module ClothingSystemEditor (302)
[2025.07.14-01.44.56:991][954]LogModuleManager: Shutting down and abandoning module ClothingSystemRuntimeNv (300)
[2025.07.14-01.44.56:991][954]LogModuleManager: Shutting down and abandoning module MediaAssets (298)
[2025.07.14-01.44.56:991][954]LogModuleManager: Shutting down and abandoning module Overlay (296)
[2025.07.14-01.44.56:991][954]LogModuleManager: Shutting down and abandoning module OverlayEditor (295)
[2025.07.14-01.44.56:992][954]LogModuleManager: Shutting down and abandoning module VREditor (292)
[2025.07.14-01.44.56:992][954]LogModuleManager: Shutting down and abandoning module StringTableEditor (290)
[2025.07.14-01.44.56:992][954]LogModuleManager: Shutting down and abandoning module GameplayTasksEditor (288)
[2025.07.14-01.44.56:992][954]LogModuleManager: Shutting down and abandoning module BehaviorTreeEditor (286)
[2025.07.14-01.44.56:992][954]LogModuleManager: Shutting down and abandoning module FunctionalTesting (284)
[2025.07.14-01.44.56:992][954]LogModuleManager: Shutting down and abandoning module CollisionAnalyzer (282)
[2025.07.14-01.44.56:992][954]LogModuleManager: Shutting down and abandoning module WorkspaceMenuStructure (281)
[2025.07.14-01.44.56:992][954]LogModuleManager: Shutting down and abandoning module UMG (278)
[2025.07.14-01.44.56:992][954]LogModuleManager: Shutting down and abandoning module UMGEditor (277)
[2025.07.14-01.44.56:992][954]LogModuleManager: Shutting down and abandoning module MessageLog (275)
[2025.07.14-01.44.56:992][954]LogModuleManager: Shutting down and abandoning module SlateReflector (270)
[2025.07.14-01.44.56:993][954]LogModuleManager: Shutting down and abandoning module Slate (268)
[2025.07.14-01.44.56:993][954]LogModuleManager: Shutting down and abandoning module SlateCore (266)
[2025.07.14-01.44.56:994][954]LogModuleManager: Shutting down and abandoning module LandscapeEditorUtilities (264)
[2025.07.14-01.44.56:994][954]LogModuleManager: Shutting down and abandoning module UnrealEd (262)
[2025.07.14-01.44.56:994][954]LogModuleManager: Shutting down and abandoning module MRMesh (260)
[2025.07.14-01.44.56:994][954]LogModuleManager: Shutting down and abandoning module SourceCodeAccess (258)
[2025.07.14-01.44.56:994][954]LogModuleManager: Shutting down and abandoning module HeadMountedDisplay (256)
[2025.07.14-01.44.56:994][954]LogModuleManager: Shutting down and abandoning module XAudio2 (254)
[2025.07.14-01.44.56:994][954]LogModuleManager: Shutting down and abandoning module Networking (252)
[2025.07.14-01.44.56:994][954]LogModuleManager: Shutting down and abandoning module Core (250)
[2025.07.14-01.44.56:994][954]LogModuleManager: Shutting down and abandoning module MaterialEditor (248)
[2025.07.14-01.44.56:994][954]LogModuleManager: Shutting down and abandoning module MovieSceneTools (246)
[2025.07.14-01.44.56:994][954]LogModuleManager: Shutting down and abandoning module CurveEditor (245)
[2025.07.14-01.44.56:994][954]LogModuleManager: Shutting down and abandoning module Sequencer (243)
[2025.07.14-01.44.56:994][954]LogModuleManager: Shutting down and abandoning module EditorStyle (242)
[2025.07.14-01.44.56:995][954]LogModuleManager: Shutting down and abandoning module KismetCompiler (238)
[2025.07.14-01.44.56:995][954]LogModuleManager: Shutting down and abandoning module MeshBuilder (236)
[2025.07.14-01.44.56:995][954]LogModuleManager: Shutting down and abandoning module MeshUtilities (234)
[2025.07.14-01.44.56:995][954]LogModuleManager: Shutting down and abandoning module MeshMergeUtilities (233)
[2025.07.14-01.44.56:995][954]LogModuleManager: Shutting down and abandoning module MeshReductionInterface (232)
[2025.07.14-01.44.56:995][954]LogModuleManager: Shutting down and abandoning module MeshBoneReduction (231)
[2025.07.14-01.44.56:995][954]LogModuleManager: Shutting down and abandoning module SkeletalMeshReduction (229)
[2025.07.14-01.44.56:995][954]LogModuleManager: Shutting down and abandoning module ProxyLODMeshReduction (227)
[2025.07.14-01.44.56:995][954]LogModuleManager: Shutting down and abandoning module QuadricMeshReduction (225)
[2025.07.14-01.44.56:995][954]LogModuleManager: Shutting down and abandoning module MaterialBaking (221)
[2025.07.14-01.44.56:995][954]LogModuleManager: Shutting down and abandoning module NullInstallBundleManager (216)
[2025.07.14-01.44.56:995][954]LogModuleManager: Shutting down and abandoning module DerivedDataCache (214)
[2025.07.14-01.44.56:995][954]LogModuleManager: Shutting down and abandoning module TargetPlatform (212)
[2025.07.14-01.44.56:995][954]LogModuleManager: Shutting down and abandoning module VulkanShaderFormat (211)
[2025.07.14-01.44.56:995][954]LogModuleManager: Shutting down and abandoning module ShaderFormatVectorVM (209)
[2025.07.14-01.44.56:995][954]LogModuleManager: Shutting down and abandoning module ShaderFormatOpenGL (207)
[2025.07.14-01.44.56:995][954]LogModuleManager: Shutting down and abandoning module ShaderFormatD3D (205)
[2025.07.14-01.44.56:995][954]LogModuleManager: Shutting down and abandoning module MetalShaderFormat (203)
[2025.07.14-01.44.56:995][954]LogModuleManager: Shutting down and abandoning module TextureFormatOodle (201)
[2025.07.14-01.44.56:995][954]LogModuleManager: Shutting down and abandoning module TextureFormatUncompressed (199)
[2025.07.14-01.44.56:995][954]LogModuleManager: Shutting down and abandoning module TextureFormatPVR (197)
[2025.07.14-01.44.56:995][954]LogModuleManager: Shutting down and abandoning module TextureFormatETC2 (195)
[2025.07.14-01.44.56:995][954]LogModuleManager: Shutting down and abandoning module TextureFormatDXT (193)
[2025.07.14-01.44.56:995][954]LogModuleManager: Shutting down and abandoning module TextureFormatIntelISPCTexComp (191)
[2025.07.14-01.44.56:995][954]LogModuleManager: Shutting down and abandoning module TextureFormatASTC (189)
[2025.07.14-01.44.56:995][954]LogModuleManager: Shutting down and abandoning module ImageWrapper (188)
[2025.07.14-01.44.56:995][954]LogModuleManager: Shutting down and abandoning module AudioFormatOpus (185)
[2025.07.14-01.44.56:995][954]LogModuleManager: Shutting down and abandoning module AudioFormatOgg (183)
[2025.07.14-01.44.56:996][954]LogModuleManager: Shutting down and abandoning module AudioFormatADPCM (181)
[2025.07.14-01.44.56:996][954]LogModuleManager: Shutting down and abandoning module WindowsServerTargetPlatform (179)
[2025.07.14-01.44.56:996][954]LogModuleManager: Shutting down and abandoning module WindowsClientTargetPlatform (177)
[2025.07.14-01.44.56:996][954]LogModuleManager: Shutting down and abandoning module WindowsTargetPlatform (175)
[2025.07.14-01.44.56:996][954]LogModuleManager: Shutting down and abandoning module WindowsNoEditorTargetPlatform (173)
[2025.07.14-01.44.56:996][954]LogModuleManager: Shutting down and abandoning module TVOSTargetPlatform (171)
[2025.07.14-01.44.56:996][954]LogModuleManager: Shutting down and abandoning module MacServerTargetPlatform (169)
[2025.07.14-01.44.56:996][954]LogModuleManager: Shutting down and abandoning module MacClientTargetPlatform (167)
[2025.07.14-01.44.56:996][954]LogModuleManager: Shutting down and abandoning module MacTargetPlatform (165)
[2025.07.14-01.44.56:996][954]LogModuleManager: Shutting down and abandoning module MacNoEditorTargetPlatform (163)
[2025.07.14-01.44.56:996][954]LogModuleManager: Shutting down and abandoning module LuminTargetPlatform (161)
[2025.07.14-01.44.56:997][954]LogModuleManager: Shutting down and abandoning module LinuxAArch64ServerTargetPlatform (159)
[2025.07.14-01.44.56:997][954]LogModuleManager: Shutting down and abandoning module LinuxAArch64ClientTargetPlatform (157)
[2025.07.14-01.44.56:997][954]LogModuleManager: Shutting down and abandoning module LinuxAArch64NoEditorTargetPlatform (155)
[2025.07.14-01.44.56:997][954]LogModuleManager: Shutting down and abandoning module LinuxServerTargetPlatform (153)
[2025.07.14-01.44.56:997][954]LogModuleManager: Shutting down and abandoning module LinuxClientTargetPlatform (151)
[2025.07.14-01.44.56:997][954]LogModuleManager: Shutting down and abandoning module LinuxNoEditorTargetPlatform (149)
[2025.07.14-01.44.56:997][954]LogModuleManager: Shutting down and abandoning module LinuxTargetPlatform (147)
[2025.07.14-01.44.56:997][954]LogModuleManager: Shutting down and abandoning module Messaging (145)
[2025.07.14-01.44.56:997][954]LogModuleManager: Shutting down and abandoning module IOSTargetPlatform (143)
[2025.07.14-01.44.56:997][954]LogModuleManager: Shutting down and abandoning module AndroidTargetPlatform (141)
[2025.07.14-01.44.57:000][954]LogModuleManager: Shutting down and abandoning module AllDesktopTargetPlatform (139)
[2025.07.14-01.44.57:000][954]LogModuleManager: Shutting down and abandoning module D3D11RHI (136)
[2025.07.14-01.44.57:000][954]LogModuleManager: Shutting down and abandoning module InputCore (134)
[2025.07.14-01.44.57:000][954]LogModuleManager: Shutting down and abandoning module Settings (132)
[2025.07.14-01.44.57:000][954]LogModuleManager: Shutting down and abandoning module DirectoryWatcher (130)
[2025.07.14-01.44.57:000][954]LogModuleManager: Shutting down and abandoning module PhysXCooking (128)
[2025.07.14-01.44.57:000][954]LogModuleManager: Shutting down and abandoning module Chaos (126)
[2025.07.14-01.44.57:000][954]LogModuleManager: Shutting down and abandoning module WindowsPlatformFeatures (124)
[2025.07.14-01.44.57:000][954]LogModuleManager: Shutting down and abandoning module GameplayMediaEncoder (123)
[2025.07.14-01.44.57:000][954]LogModuleManager: Shutting down and abandoning module AVEncoder (122)
[2025.07.14-01.44.57:000][954]LogModuleManager: Shutting down and abandoning module SteamVRInputDevice (118)
[2025.07.14-01.44.57:000][954]LogModuleManager: Shutting down and abandoning module SteamVRInput (116)
[2025.07.14-01.44.57:000][954]LogModuleManager: Shutting down and abandoning module SteamVR (114)
[2025.07.14-01.44.57:000][954]LogHMD: Freeing OpenVRDLLHandle.
[2025.07.14-01.44.57:000][954]LogModuleManager: Shutting down and abandoning module OculusHMD (112)
[2025.07.14-01.44.57:000][954]LogModuleManager: Shutting down and abandoning module OpenXRHandTracking (110)
[2025.07.14-01.44.57:001][954]LogSlate: Slate User Destroyed.  User Index 0, Is Virtual User: 0
[2025.07.14-01.44.57:001][954]LogModuleManager: Shutting down and abandoning module OpenXREyeTracker (108)
[2025.07.14-01.44.57:001][954]LogModuleManager: Shutting down and abandoning module OpenXRAR (106)
[2025.07.14-01.44.57:001][954]LogModuleManager: Shutting down and abandoning module AugmentedReality (105)
[2025.07.14-01.44.57:001][954]LogModuleManager: Shutting down and abandoning module OpenXRHMD (102)
[2025.07.14-01.44.57:001][954]LogModuleManager: Shutting down and abandoning module HairStrandsCore (100)
[2025.07.14-01.44.57:001][954]LogModuleManager: Shutting down and abandoning module ExampleDeviceProfileSelector (98)
[2025.07.14-01.44.57:001][954]LogModuleManager: Shutting down and abandoning module ChunkDownloader (96)
[2025.07.14-01.44.57:001][954]LogModuleManager: Shutting down and abandoning module LauncherChunkInstaller (94)
[2025.07.14-01.44.57:001][954]LogModuleManager: Shutting down and abandoning module OnlineBlueprintSupport (92)
[2025.07.14-01.44.57:001][954]LogModuleManager: Shutting down and abandoning module OnlineSubsystem (88)
[2025.07.14-01.44.57:002][954]LogModuleManager: Shutting down and abandoning module XMPP (83)
[2025.07.14-01.44.57:002][954]LogModuleManager: Shutting down and abandoning module WebSockets (82)
[2025.07.14-01.44.57:025][954]LogModuleManager: Shutting down and abandoning module HTTP (79)
[2025.07.14-01.44.57:025][954]LogHttp: Display: Http module shutting down, but needs to wait on 1 outstanding Http requests:
[2025.07.14-01.44.57:025][954]LogHttp: Display: 	verb=[POST] url=[https://datarouter.ol.epicgames.com/datarouter/api/v1/public/data?SessionID=%7BB9CCCEAB-478C-9081-2F76-0AA9D4947B69%7D&AppID=UEEditor.Rocket.Release&AppVersion=4.27.2-18319896%2B%2B%2BUE4%2BRelease-4.27&UserID=3b54413e42d43c35aff2659f95a6b4ca%7C86015509ccb24ed3b48fef845d1c22c9%7Cc297efcb-616a-48e2-89ec-b825ac25b5a4&AppEnvironment=datacollector-binary&UploadType=eteventstream] refs=[1] status=Processing
[2025.07.14-01.44.57:025][954]LogHttp: Display: cleaning up 1 outstanding Http requests.
[2025.07.14-01.44.57:051][954]LogModuleManager: Shutting down and abandoning module SSL (78)
[2025.07.14-01.44.57:052][954]LogModuleManager: Shutting down and abandoning module WmfMedia (74)
[2025.07.14-01.44.57:054][954]LogModuleManager: Shutting down and abandoning module Media (73)
[2025.07.14-01.44.57:055][954]LogModuleManager: Shutting down and abandoning module MediaInfo (72)
[2025.07.14-01.44.57:055][954]LogModuleManager: Shutting down and abandoning module ExrReaderGpu (68)
[2025.07.14-01.44.57:055][954]LogModuleManager: Shutting down and abandoning module MLSDK (66)
[2025.07.14-01.44.57:055][954]LogModuleManager: Shutting down and abandoning module MagicLeap (64)
[2025.07.14-01.44.57:055][954]LogModuleManager: Shutting down and abandoning module ChaosCloth (62)
[2025.07.14-01.44.57:055][954]LogModuleManager: Shutting down and abandoning module NiagaraVertexFactories (60)
[2025.07.14-01.44.57:055][954]LogModuleManager: Shutting down and abandoning module NiagaraShader (58)
[2025.07.14-01.44.57:055][954]LogModuleManager: Shutting down and abandoning module VariantManagerContent (56)
[2025.07.14-01.44.57:055][954]LogModuleManager: Shutting down and abandoning module DatasmithContent (54)
[2025.07.14-01.44.57:055][954]LogModuleManager: Shutting down and abandoning module PixWinPlugin (52)
[2025.07.14-01.44.57:055][954]LogModuleManager: Shutting down and abandoning module AISupportModule (50)
[2025.07.14-01.44.57:055][954]LogModuleManager: Shutting down and abandoning module DesktopPlatform (48)
[2025.07.14-01.44.57:055][954]LogModuleManager: Shutting down and abandoning module PythonScriptPluginPreload (46)
[2025.07.14-01.44.57:055][954]LogModuleManager: Shutting down and abandoning module PlatformCryptoOpenSSL (44)
[2025.07.14-01.44.57:055][954]LogModuleManager: Shutting down and abandoning module PlatformCryptoTypes (42)
[2025.07.14-01.44.57:055][954]LogModuleManager: Shutting down and abandoning module PlatformCrypto (40)
[2025.07.14-01.44.57:055][954]LogModuleManager: Shutting down and abandoning module OodleDataCompressionFormat (38)
[2025.07.14-01.44.57:055][954]LogModuleManager: Shutting down and abandoning module XGEController (36)
[2025.07.14-01.44.57:055][954]LogXGEController: Cleaning working directory: C:/Users/ezequ/AppData/Local/Temp/UnrealXGEWorkingDir/
[2025.07.14-01.44.57:056][954]LogModuleManager: Shutting down and abandoning module AnimationModifiers (34)
[2025.07.14-01.44.57:056][954]LogModuleManager: Shutting down and abandoning module AudioEditor (32)
[2025.07.14-01.44.57:056][954]LogModuleManager: Shutting down and abandoning module PropertyEditor (31)
[2025.07.14-01.44.57:056][954]LogModuleManager: Shutting down and abandoning module TextureCompressor (28)
[2025.07.14-01.44.57:056][954]LogModuleManager: Shutting down and abandoning module RenderCore (26)
[2025.07.14-01.44.57:056][954]LogModuleManager: Shutting down and abandoning module Landscape (24)
[2025.07.14-01.44.57:056][954]LogModuleManager: Shutting down and abandoning module SlateRHIRenderer (22)
[2025.07.14-01.44.57:057][954]LogModuleManager: Shutting down and abandoning module AnimGraphRuntime (20)
[2025.07.14-01.44.57:057][954]LogModuleManager: Shutting down and abandoning module Renderer (18)
[2025.07.14-01.44.57:057][954]LogModuleManager: Shutting down and abandoning module Engine (16)
[2025.07.14-01.44.57:057][954]LogModuleManager: Shutting down and abandoning module CoreUObject (14)
[2025.07.14-01.44.57:057][954]LogModuleManager: Shutting down and abandoning module NetworkFile (12)
[2025.07.14-01.44.57:057][954]LogModuleManager: Shutting down and abandoning module CookedIterativeFile (10)
[2025.07.14-01.44.57:057][954]LogModuleManager: Shutting down and abandoning module StreamingFile (8)
[2025.07.14-01.44.57:057][954]LogModuleManager: Shutting down and abandoning module SandboxFile (6)
[2025.07.14-01.44.57:057][954]LogModuleManager: Shutting down and abandoning module PakFile (4)
[2025.07.14-01.44.57:057][954]LogModuleManager: Shutting down and abandoning module RSA (3)
[2025.07.14-01.44.57:057][954]LogContentStreaming: Display: There are 1 unreleased StreamingManagers
[2025.07.14-01.44.57:068][954]LogD3D11RHI: Shutdown
[2025.07.14-01.44.57:068][954]LogD3D11RHI: CleanupD3DDevice
[2025.07.14-01.44.57:071][954]LogExit: Exiting.
[2025.07.14-01.44.57:083][954]Log file closed, 07/13/25 22:44:57
