Log file open, 07/16/25 23:12:32
LogWindows: Failed to load 'aqProf.dll' (GetLastError=126)
LogWindows: File 'aqProf.dll' does not exist
LogWindows: Failed to load 'VtuneApi.dll' (GetLastError=126)
LogWindows: File 'VtuneApi.dll' does not exist
LogWindows: Failed to load 'VtuneApi32e.dll' (GetLastError=126)
LogWindows: File 'VtuneApi32e.dll' does not exist
LogConsoleResponse: Display: Failed to find resolution value strings in scalability ini. Falling back to default.
LogConsoleResponse: Display: Failed to find resolution value strings in scalability ini. Falling back to default.
LogInit: Display: Running engine for game: TP_PreEntrega
LogPlatformFile: Not using cached read wrapper
LogTaskGraph: Started task graph with 5 named threads and 23 total threads with 3 sets of task threads.
LogStats: Stats thread started at 0.396731
LogICUInternationalization: ICU TimeZone Detection - Raw Offset: -3:00, Platform Override: ''
LogInit: Display: Loading text-based GConfig....
LogPluginManager: Mounting plugin MeshPainting
LogPluginManager: Mounting plugin XGEController
LogPluginManager: Mounting plugin Paper2D
LogPluginManager: Mounting plugin EnvironmentQueryEditor
LogPluginManager: Mounting plugin AISupport
LogPluginManager: Mounting plugin LightPropagationVolume
LogPluginManager: Mounting plugin LiveLink
LogPluginManager: Mounting plugin GameplayCameras
LogPluginManager: Mounting plugin CameraShakePreviewer
LogPluginManager: Mounting plugin OodleData
LogPluginManager: Mounting plugin AssetManagerEditor
LogPluginManager: Mounting plugin OodleNetwork
LogPluginManager: Mounting plugin AnimationSharing
LogPluginManager: Mounting plugin CryptoKeys
LogPluginManager: Mounting plugin CurveEditorTools
LogPluginManager: Mounting plugin DataValidation
LogPluginManager: Mounting plugin CLionSourceCodeAccess
LogPluginManager: Mounting plugin FacialAnimation
LogPluginManager: Mounting plugin GameplayTagsEditor
LogPluginManager: Mounting plugin GeometryMode
LogPluginManager: Mounting plugin CodeLiteSourceCodeAccess
LogPluginManager: Mounting plugin MacGraphicsSwitching
LogPluginManager: Mounting plugin MaterialAnalyzer
LogPluginManager: Mounting plugin GitSourceControl
LogPluginManager: Mounting plugin KDevelopSourceCodeAccess
LogPluginManager: Mounting plugin MobileLauncherProfileWizard
LogPluginManager: Mounting plugin NullSourceCodeAccess
LogPluginManager: Mounting plugin PluginBrowser
LogPluginManager: Mounting plugin PerforceSourceControl
LogPluginManager: Mounting plugin SpeedTreeImporter
LogPluginManager: Mounting plugin PixWinPlugin
LogPluginManager: Mounting plugin StylusInput
LogPluginManager: Mounting plugin PlasticSourceControl
LogPluginManager: Mounting plugin PluginUtils
LogPluginManager: Mounting plugin PropertyAccessNode
LogPluginManager: Mounting plugin RiderSourceCodeAccess
LogPluginManager: Mounting plugin SubversionSourceControl
LogPluginManager: Mounting plugin TextureFormatOodle
LogPluginManager: Mounting plugin UObjectPlugin
LogPluginManager: Mounting plugin VisualStudioCodeSourceCodeAccess
LogPluginManager: Mounting plugin VisualStudioSourceCodeAccess
LogPluginManager: Mounting plugin XCodeSourceCodeAccess
LogPluginManager: Mounting plugin DatasmithContent
LogPluginManager: Mounting plugin VariantManagerContent
LogPluginManager: Mounting plugin Niagara
LogPluginManager: Mounting plugin AlembicImporter
LogPluginManager: Mounting plugin AutomationUtils
LogPluginManager: Mounting plugin BackChannel
LogPluginManager: Mounting plugin ChaosCloth
LogPluginManager: Mounting plugin ChaosClothEditor
LogPluginManager: Mounting plugin ChaosEditor
LogPluginManager: Mounting plugin ChaosSolverPlugin
LogPluginManager: Mounting plugin ChaosNiagara
LogPluginManager: Mounting plugin CharacterAI
LogPluginManager: Mounting plugin GeometryCache
LogPluginManager: Mounting plugin GeometryCollectionPlugin
LogPluginManager: Mounting plugin GeometryProcessing
LogPluginManager: Mounting plugin MeshModelingToolset
LogPluginManager: Mounting plugin ModelingToolsEditorMode
LogPluginManager: Mounting plugin TcpMessaging
LogPluginManager: Mounting plugin UdpMessaging
LogPluginManager: Mounting plugin LuminPlatformFeatures
LogPluginManager: Mounting plugin MotoSynth
LogPluginManager: Mounting plugin MagicLeap
LogPluginManager: Mounting plugin OpenImageDenoise
LogPluginManager: Mounting plugin PlanarCut
LogPluginManager: Mounting plugin MagicLeapLightEstimation
LogPluginManager: Mounting plugin PlatformCrypto
LogPluginManager: Mounting plugin AndroidMedia
LogPluginManager: Mounting plugin ProxyLODPlugin
LogPluginManager: Mounting plugin MagicLeapMedia
LogPluginManager: Mounting plugin PythonScriptPlugin
LogPluginManager: Mounting plugin AvfMedia
LogPluginManager: Mounting plugin MagicLeapPassableWorld
LogPluginManager: Mounting plugin MLSDK
LogPluginManager: Mounting plugin SkeletalReduction
LogPluginManager: Mounting plugin ImgMedia
LogPluginManager: Mounting plugin MediaCompositing
LogPluginManager: Mounting plugin MediaPlayerEditor
LogPluginManager: Mounting plugin WmfMedia
LogPluginManager: Mounting plugin WebMMedia
LogPluginManager: Mounting plugin ActorSequence
LogPluginManager: Mounting plugin LevelSequenceEditor
LogPluginManager: Mounting plugin MatineeToLevelSequence
LogPluginManager: Mounting plugin TemplateSequence
LogPluginManager: Mounting plugin OnlineSubsystem
LogPluginManager: Mounting plugin OnlineSubsystemNull
LogPluginManager: Mounting plugin OnlineSubsystemUtils
LogPluginManager: Mounting plugin LauncherChunkInstaller
LogPluginManager: Mounting plugin ActorLayerUtilities
LogPluginManager: Mounting plugin AndroidDeviceProfileSelector
LogPluginManager: Mounting plugin AndroidMoviePlayer
LogPluginManager: Mounting plugin AndroidPermission
LogPluginManager: Mounting plugin AppleImageUtils
LogPluginManager: Mounting plugin AppleMoviePlayer
LogPluginManager: Mounting plugin ArchVisCharacter
LogPluginManager: Mounting plugin AssetTags
LogPluginManager: Mounting plugin AudioCapture
LogPluginManager: Mounting plugin AudioSynesthesia
LogPluginManager: Mounting plugin CableComponent
LogPluginManager: Mounting plugin ChunkDownloader
LogPluginManager: Mounting plugin CustomMeshComponent
LogPluginManager: Mounting plugin EditableMesh
LogPluginManager: Mounting plugin ExampleDeviceProfileSelector
LogPluginManager: Mounting plugin GoogleCloudMessaging
LogPluginManager: Mounting plugin ScreenshotTools
LogPluginManager: Mounting plugin GooglePAD
LogPluginManager: Mounting plugin HairStrands
LogPluginManager: Mounting plugin IOSDeviceProfileSelector
LogPluginManager: Mounting plugin LocationServicesBPLibrary
LogPluginManager: Mounting plugin LinuxDeviceProfileSelector
LogPluginManager: Mounting plugin MobilePatchingUtils
LogPluginManager: Mounting plugin Takes
LogPluginManager: Mounting plugin OpenXR
LogPluginManager: Mounting plugin OpenXRHandTracking
LogPluginManager: Mounting plugin OpenXREyeTracker
LogPluginManager: Mounting plugin PhysXVehicles
LogPluginManager: Mounting plugin PostSplashScreen
LogPluginManager: Mounting plugin ProceduralMeshComponent
LogPluginManager: Mounting plugin PropertyAccessEditor
LogPluginManager: Mounting plugin SignificanceManager
LogPluginManager: Mounting plugin RuntimePhysXCooking
LogPluginManager: Mounting plugin SoundFields
LogPluginManager: Mounting plugin Synthesis
LogPluginManager: Mounting plugin WebMMoviePlayer
LogPluginManager: Mounting plugin WindowsMoviePlayer
LogPluginManager: Mounting plugin ContentBrowserClassDataSource
LogPluginManager: Mounting plugin ContentBrowserAssetDataSource
LogPluginManager: Mounting plugin ContentBrowserFileDataSource
LogPluginManager: Mounting plugin OnlineSubsystemGooglePlay
LogPluginManager: Mounting plugin OnlineSubsystemIOS
LogPluginManager: Mounting plugin OculusVR
LogPluginManager: Mounting plugin SteamVR
PixWinPlugin: PIX capture plugin failed to initialize! Check that the process is launched from PIX.
LogInit: Using libcurl 7.55.1-DEV
LogInit:  - built for x86_64-pc-win32
LogInit:  - supports SSL with OpenSSL/1.1.1
LogInit:  - supports HTTP deflate (compression) using libz 1.2.8
LogInit:  - other features:
LogInit:      CURL_VERSION_SSL
LogInit:      CURL_VERSION_LIBZ
LogInit:      CURL_VERSION_IPV6
LogInit:      CURL_VERSION_ASYNCHDNS
LogInit:      CURL_VERSION_LARGEFILE
LogInit:      CURL_VERSION_IDN
LogInit:  CurlRequestOptions (configurable via config and command line):
LogInit:  - bVerifyPeer = true  - Libcurl will verify peer certificate
LogInit:  - bUseHttpProxy = false  - Libcurl will NOT use HTTP proxy
LogInit:  - bDontReuseConnections = false  - Libcurl will reuse connections
LogInit:  - MaxHostConnections = 16  - Libcurl will limit the number of connections to a host
LogInit:  - LocalHostAddr = Default
LogInit:  - BufferSize = 65536
LogOnline: OSS: Creating online subsystem instance for: NULL
LogInit: WinSock: version 1.1 (2.2), MaxSocks=32767, MaxUdp=65467
LogOnline: OSS: TryLoadSubsystemAndSetDefault: Loaded subsystem for module [NULL]
LogOculusPluginWrapper: OculusPlugin initialized successfully
LogHMD: Failed initializing OVRPlugin 1.59.0
LogInit: Build: ++UE4+Release-4.27-CL-18319896
LogInit: Engine Version: 4.27.2-18319896+++UE4+Release-4.27
LogInit: Compatible Engine Version: 4.27.0-17155196+++UE4+Release-4.27
LogInit: Net CL: 17155196
LogInit: OS: Windows 10 (Release 2009) (), CPU: Intel(R) Core(TM) i5-9300H CPU @ 2.40GHz, GPU: Intel(R) UHD Graphics 630
LogInit: Compiled (64-bit): Nov 30 2021 07:12:08
LogInit: Compiled with Visual C++: 19.24.28315.00
LogInit: Build Configuration: Development
LogInit: Branch Name: ++UE4+Release-4.27
LogInit: Command Line: 
LogInit: Base Directory: D:/UE4-Windows/UE_4.27/Engine/Binaries/Win64/
LogInit: Allocator: TBB
LogInit: Installed Engine Build: 1
LogDevObjectVersion: Number of dev versions registered: 29
LogDevObjectVersion:   Dev-Blueprints (B0D832E4-1F89-4F0D-ACCF-7EB736FD4AA2): 10
LogDevObjectVersion:   Dev-Build (E1C64328-A22C-4D53-A36C-8E866417BD8C): 0
LogDevObjectVersion:   Dev-Core (375EC13C-06E4-48FB-B500-84F0262A717E): 4
LogDevObjectVersion:   Dev-Editor (E4B068ED-F494-42E9-A231-DA0B2E46BB41): 40
LogDevObjectVersion:   Dev-Framework (CFFC743F-43B0-4480-9391-14DF171D2073): 37
LogDevObjectVersion:   Dev-Mobile (B02B49B5-BB20-44E9-A304-32B752E40360): 3
LogDevObjectVersion:   Dev-Networking (A4E4105C-59A1-49B5-A7C5-40C4547EDFEE): 0
LogDevObjectVersion:   Dev-Online (39C831C9-5AE6-47DC-9A44-9C173E1C8E7C): 0
LogDevObjectVersion:   Dev-Physics (78F01B33-EBEA-4F98-B9B4-84EACCB95AA2): 14
LogDevObjectVersion:   Dev-Platform (6631380F-2D4D-43E0-8009-CF276956A95A): 0
LogDevObjectVersion:   Dev-Rendering (12F88B9F-8875-4AFC-A67C-D90C383ABD29): 45
LogDevObjectVersion:   Dev-Sequencer (7B5AE74C-D270-4C10-A958-57980B212A5A): 13
LogDevObjectVersion:   Dev-VR (D7296918-1DD6-4BDD-9DE2-64A83CC13884): 3
LogDevObjectVersion:   Dev-LoadTimes (C2A15278-BFE7-4AFE-6C17-90FF531DF755): 1
LogDevObjectVersion:   Private-Geometry (6EACA3D4-40EC-4CC1-B786-8BED09428FC5): 3
LogDevObjectVersion:   Dev-AnimPhys (29E575DD-E0A3-4627-9D10-D276232CDCEA): 17
LogDevObjectVersion:   Dev-Anim (AF43A65D-7FD3-4947-9873-3E8ED9C1BB05): 15
LogDevObjectVersion:   Dev-ReflectionCapture (6B266CEC-1EC7-4B8F-A30B-E4D90942FC07): 1
LogDevObjectVersion:   Dev-Automation (0DF73D61-A23F-47EA-B727-89E90C41499A): 1
LogDevObjectVersion:   FortniteMain (601D1886-AC64-4F84-AA16-D3DE0DEAC7D6): 47
LogDevObjectVersion:   FortniteRelease (E7086368-6B23-4C58-8439-1B7016265E91): 1
LogDevObjectVersion:   Dev-Enterprise (9DFFBCD6-494F-0158-E221-12823C92A888): 10
LogDevObjectVersion:   Dev-Niagara (F2AED0AC-9AFE-416F-8664-AA7FFA26D6FC): 1
LogDevObjectVersion:   Dev-Destruction (174F1F0B-B4C6-45A5-B13F-2EE8D0FB917D): 10
LogDevObjectVersion:   Dev-Physics-Ext (35F94A83-E258-406C-A318-09F59610247C): 41
LogDevObjectVersion:   Dev-PhysicsMaterial-Chaos (B68FC16E-8B1B-42E2-B453-215C058844FE): 1
LogDevObjectVersion:   Dev-CineCamera (B2E18506-4273-CFC2-A54E-F4BB758BBA07): 1
LogDevObjectVersion:   Dev-VirtualProduction (64F58936-FD1B-42BA-BA96-7289D5D0FA4E): 1
LogDevObjectVersion:   Dev-MediaFramework (6F0ED827-A609-4895-9C91-998D90180EA4): 2
LogInit: Presizing for max 25165824 objects, including 0 objects not considered by GC, pre-allocating 0 bytes for permanent pool.
LogConfig: Applying CVar settings from Section [/Script/Engine.StreamingSettings] File [D:/UTN-e-learning/Unreal-Engine/Unreal-Projects/TP_PreEntrega/Saved/Config/Windows/Engine.ini]
LogConfig: Setting CVar [[s.MinBulkDataSizeForAsyncLoading:131072]]
LogConfig: Setting CVar [[s.AsyncLoadingThreadEnabled:0]]
LogConfig: Setting CVar [[s.EventDrivenLoaderEnabled:1]]
LogConfig: Setting CVar [[s.WarnIfTimeLimitExceeded:0]]
LogConfig: Setting CVar [[s.TimeLimitExceededMultiplier:1.5]]
LogConfig: Setting CVar [[s.TimeLimitExceededMinTime:0.005]]
LogConfig: Setting CVar [[s.UseBackgroundLevelStreaming:1]]
LogConfig: Setting CVar [[s.PriorityAsyncLoadingExtraTime:15.0]]
LogConfig: Setting CVar [[s.LevelStreamingActorsUpdateTimeLimit:5.0]]
LogConfig: Setting CVar [[s.PriorityLevelStreamingActorsUpdateExtraTime:5.0]]
LogConfig: Setting CVar [[s.LevelStreamingComponentsRegistrationGranularity:10]]
LogConfig: Setting CVar [[s.UnregisterComponentsTimeLimit:1.0]]
LogConfig: Setting CVar [[s.LevelStreamingComponentsUnregistrationGranularity:5]]
LogConfig: Setting CVar [[s.FlushStreamingOnExit:1]]
LogInit: Object subsystem initialized
LogConfig: Setting CVar [[con.DebugEarlyDefault:1]]
LogConfig: Setting CVar [[r.setres:1280x720]]
LogConfig: Setting CVar [[fx.NiagaraAllowRuntimeScalabilityChanges:1]]
[2025.07.17-02.12.33:633][  0]LogConfig: Setting CVar [[r.VSync:0]]
[2025.07.17-02.12.33:633][  0]LogConfig: Setting CVar [[r.RHICmdBypass:0]]
[2025.07.17-02.12.33:633][  0]LogConfig: Applying CVar settings from Section [/Script/Engine.RendererSettings] File [D:/UTN-e-learning/Unreal-Engine/Unreal-Projects/TP_PreEntrega/Saved/Config/Windows/Engine.ini]
[2025.07.17-02.12.33:633][  0]LogConfig: Setting CVar [[r.GPUCrashDebugging:0]]
[2025.07.17-02.12.33:633][  0]LogConfig: Applying CVar settings from Section [/Script/Engine.RendererOverrideSettings] File [D:/UTN-e-learning/Unreal-Engine/Unreal-Projects/TP_PreEntrega/Saved/Config/Windows/Engine.ini]
[2025.07.17-02.12.33:633][  0]LogConfig: Applying CVar settings from Section [/Script/Engine.StreamingSettings] File [D:/UTN-e-learning/Unreal-Engine/Unreal-Projects/TP_PreEntrega/Saved/Config/Windows/Engine.ini]
[2025.07.17-02.12.33:633][  0]LogConfig: Setting CVar [[s.MinBulkDataSizeForAsyncLoading:131072]]
[2025.07.17-02.12.33:633][  0]LogConfig: Setting CVar [[s.AsyncLoadingThreadEnabled:0]]
[2025.07.17-02.12.33:633][  0]LogConfig: Setting CVar [[s.EventDrivenLoaderEnabled:1]]
[2025.07.17-02.12.33:633][  0]LogConfig: Setting CVar [[s.WarnIfTimeLimitExceeded:0]]
[2025.07.17-02.12.33:633][  0]LogConfig: Setting CVar [[s.TimeLimitExceededMultiplier:1.5]]
[2025.07.17-02.12.33:633][  0]LogConfig: Setting CVar [[s.TimeLimitExceededMinTime:0.005]]
[2025.07.17-02.12.33:633][  0]LogConfig: Setting CVar [[s.UseBackgroundLevelStreaming:1]]
[2025.07.17-02.12.33:633][  0]LogConfig: Setting CVar [[s.PriorityAsyncLoadingExtraTime:15.0]]
[2025.07.17-02.12.33:633][  0]LogConfig: Setting CVar [[s.LevelStreamingActorsUpdateTimeLimit:5.0]]
[2025.07.17-02.12.33:633][  0]LogConfig: Setting CVar [[s.PriorityLevelStreamingActorsUpdateExtraTime:5.0]]
[2025.07.17-02.12.33:633][  0]LogConfig: Setting CVar [[s.LevelStreamingComponentsRegistrationGranularity:10]]
[2025.07.17-02.12.33:633][  0]LogConfig: Setting CVar [[s.UnregisterComponentsTimeLimit:1.0]]
[2025.07.17-02.12.33:633][  0]LogConfig: Setting CVar [[s.LevelStreamingComponentsUnregistrationGranularity:5]]
[2025.07.17-02.12.33:633][  0]LogConfig: Setting CVar [[s.FlushStreamingOnExit:1]]
[2025.07.17-02.12.33:633][  0]LogConfig: Applying CVar settings from Section [/Script/Engine.GarbageCollectionSettings] File [D:/UTN-e-learning/Unreal-Engine/Unreal-Projects/TP_PreEntrega/Saved/Config/Windows/Engine.ini]
[2025.07.17-02.12.33:633][  0]LogConfig: Setting CVar [[gc.MaxObjectsNotConsideredByGC:1]]
[2025.07.17-02.12.33:633][  0]LogConfig: Setting CVar [[gc.SizeOfPermanentObjectPool:0]]
[2025.07.17-02.12.33:634][  0]LogConfig: Setting CVar [[gc.FlushStreamingOnGC:0]]
[2025.07.17-02.12.33:634][  0]LogConfig: Setting CVar [[gc.NumRetriesBeforeForcingGC:10]]
[2025.07.17-02.12.33:634][  0]LogConfig: Setting CVar [[gc.AllowParallelGC:1]]
[2025.07.17-02.12.33:634][  0]LogConfig: Setting CVar [[gc.TimeBetweenPurgingPendingKillObjects:61.1]]
[2025.07.17-02.12.33:634][  0]LogConfig: Setting CVar [[gc.MaxObjectsInEditor:25165824]]
[2025.07.17-02.12.33:634][  0]LogConfig: Setting CVar [[gc.IncrementalBeginDestroyEnabled:1]]
[2025.07.17-02.12.33:634][  0]LogConfig: Setting CVar [[gc.CreateGCClusters:1]]
[2025.07.17-02.12.33:634][  0]LogConfig: Setting CVar [[gc.MinGCClusterSize:5]]
[2025.07.17-02.12.33:634][  0]LogConfig: Setting CVar [[gc.ActorClusteringEnabled:0]]
[2025.07.17-02.12.33:634][  0]LogConfig: Setting CVar [[gc.BlueprintClusteringEnabled:0]]
[2025.07.17-02.12.33:634][  0]LogConfig: Setting CVar [[gc.UseDisregardForGCOnDedicatedServers:0]]
[2025.07.17-02.12.33:634][  0]LogConfig: Setting CVar [[gc.MultithreadedDestructionEnabled:1]]
[2025.07.17-02.12.33:634][  0]LogConfig: Applying CVar settings from Section [/Script/Engine.NetworkSettings] File [D:/UTN-e-learning/Unreal-Engine/Unreal-Projects/TP_PreEntrega/Saved/Config/Windows/Engine.ini]
[2025.07.17-02.12.33:634][  0]LogConfig: Applying CVar settings from Section [/Script/UnrealEd.CookerSettings] File [D:/UTN-e-learning/Unreal-Engine/Unreal-Projects/TP_PreEntrega/Saved/Config/Windows/Engine.ini]
[2025.07.17-02.12.33:660][  0]LogConfig: Applying CVar settings from Section [ViewDistanceQuality@3] File [D:/UTN-e-learning/Unreal-Engine/Unreal-Projects/TP_PreEntrega/Saved/Config/Windows/Scalability.ini]
[2025.07.17-02.12.33:660][  0]LogConfig: Setting CVar [[r.SkeletalMeshLODBias:0]]
[2025.07.17-02.12.33:660][  0]LogConfig: Setting CVar [[r.ViewDistanceScale:1.0]]
[2025.07.17-02.12.33:660][  0]LogConfig: Applying CVar settings from Section [AntiAliasingQuality@3] File [D:/UTN-e-learning/Unreal-Engine/Unreal-Projects/TP_PreEntrega/Saved/Config/Windows/Scalability.ini]
[2025.07.17-02.12.33:660][  0]LogConfig: Setting CVar [[r.PostProcessAAQuality:4]]
[2025.07.17-02.12.33:660][  0]LogConfig: Applying CVar settings from Section [ShadowQuality@3] File [D:/UTN-e-learning/Unreal-Engine/Unreal-Projects/TP_PreEntrega/Saved/Config/Windows/Scalability.ini]
[2025.07.17-02.12.33:660][  0]LogConfig: Setting CVar [[r.LightFunctionQuality:1]]
[2025.07.17-02.12.33:660][  0]LogConfig: Setting CVar [[r.ShadowQuality:5]]
[2025.07.17-02.12.33:660][  0]LogConfig: Setting CVar [[r.Shadow.CSM.MaxCascades:10]]
[2025.07.17-02.12.33:660][  0]LogConfig: Setting CVar [[r.Shadow.MaxResolution:2048]]
[2025.07.17-02.12.33:660][  0]LogConfig: Setting CVar [[r.Shadow.MaxCSMResolution:2048]]
[2025.07.17-02.12.33:660][  0]LogConfig: Setting CVar [[r.Shadow.RadiusThreshold:0.01]]
[2025.07.17-02.12.33:660][  0]LogConfig: Setting CVar [[r.Shadow.DistanceScale:1.0]]
[2025.07.17-02.12.33:660][  0]LogConfig: Setting CVar [[r.Shadow.CSM.TransitionScale:1.0]]
[2025.07.17-02.12.33:660][  0]LogConfig: Setting CVar [[r.Shadow.PreShadowResolutionFactor:1.0]]
[2025.07.17-02.12.33:660][  0]LogConfig: Setting CVar [[r.DistanceFieldShadowing:1]]
[2025.07.17-02.12.33:660][  0]LogConfig: Setting CVar [[r.DistanceFieldAO:1]]
[2025.07.17-02.12.33:660][  0]LogConfig: Setting CVar [[r.AOQuality:2]]
[2025.07.17-02.12.33:660][  0]LogConfig: Setting CVar [[r.VolumetricFog:1]]
[2025.07.17-02.12.33:660][  0]LogConfig: Setting CVar [[r.VolumetricFog.GridPixelSize:8]]
[2025.07.17-02.12.33:660][  0]LogConfig: Setting CVar [[r.VolumetricFog.GridSizeZ:128]]
[2025.07.17-02.12.33:660][  0]LogConfig: Setting CVar [[r.VolumetricFog.HistoryMissSupersampleCount:4]]
[2025.07.17-02.12.33:660][  0]LogConfig: Setting CVar [[r.LightMaxDrawDistanceScale:1]]
[2025.07.17-02.12.33:660][  0]LogConfig: Setting CVar [[r.CapsuleShadows:1]]
[2025.07.17-02.12.33:660][  0]LogConfig: Applying CVar settings from Section [PostProcessQuality@3] File [D:/UTN-e-learning/Unreal-Engine/Unreal-Projects/TP_PreEntrega/Saved/Config/Windows/Scalability.ini]
[2025.07.17-02.12.33:660][  0]LogConfig: Setting CVar [[r.MotionBlurQuality:4]]
[2025.07.17-02.12.33:660][  0]LogConfig: Setting CVar [[r.AmbientOcclusionMipLevelFactor:0.4]]
[2025.07.17-02.12.33:660][  0]LogConfig: Setting CVar [[r.AmbientOcclusionMaxQuality:100]]
[2025.07.17-02.12.33:660][  0]LogConfig: Setting CVar [[r.AmbientOcclusionLevels:-1]]
[2025.07.17-02.12.33:661][  0]LogConfig: Setting CVar [[r.AmbientOcclusionRadiusScale:1.0]]
[2025.07.17-02.12.33:661][  0]LogConfig: Setting CVar [[r.DepthOfFieldQuality:2]]
[2025.07.17-02.12.33:661][  0]LogConfig: Setting CVar [[r.RenderTargetPoolMin:400]]
[2025.07.17-02.12.33:661][  0]LogConfig: Setting CVar [[r.LensFlareQuality:2]]
[2025.07.17-02.12.33:661][  0]LogConfig: Setting CVar [[r.SceneColorFringeQuality:1]]
[2025.07.17-02.12.33:661][  0]LogConfig: Setting CVar [[r.EyeAdaptationQuality:2]]
[2025.07.17-02.12.33:661][  0]LogConfig: Setting CVar [[r.BloomQuality:5]]
[2025.07.17-02.12.33:661][  0]LogConfig: Setting CVar [[r.FastBlurThreshold:100]]
[2025.07.17-02.12.33:661][  0]LogConfig: Setting CVar [[r.Upscale.Quality:3]]
[2025.07.17-02.12.33:661][  0]LogConfig: Setting CVar [[r.Tonemapper.GrainQuantization:1]]
[2025.07.17-02.12.33:661][  0]LogConfig: Setting CVar [[r.LightShaftQuality:1]]
[2025.07.17-02.12.33:661][  0]LogConfig: Setting CVar [[r.Filter.SizeScale:1]]
[2025.07.17-02.12.33:661][  0]LogConfig: Setting CVar [[r.Tonemapper.Quality:5]]
[2025.07.17-02.12.33:661][  0]LogConfig: Setting CVar [[r.DOF.Gather.AccumulatorQuality:1        ; higher gathering accumulator quality]]
[2025.07.17-02.12.33:661][  0]LogConfig: Setting CVar [[r.DOF.Gather.PostfilterMethod:1          ; Median3x3 postfilering method]]
[2025.07.17-02.12.33:661][  0]LogConfig: Setting CVar [[r.DOF.Gather.EnableBokehSettings:0       ; no bokeh simulation when gathering]]
[2025.07.17-02.12.33:661][  0]LogConfig: Setting CVar [[r.DOF.Gather.RingCount:4                 ; medium number of samples when gathering]]
[2025.07.17-02.12.33:661][  0]LogConfig: Setting CVar [[r.DOF.Scatter.ForegroundCompositing:1    ; additive foreground scattering]]
[2025.07.17-02.12.33:661][  0]LogConfig: Setting CVar [[r.DOF.Scatter.BackgroundCompositing:2    ; additive background scattering]]
[2025.07.17-02.12.33:661][  0]LogConfig: Setting CVar [[r.DOF.Scatter.EnableBokehSettings:1      ; bokeh simulation when scattering]]
[2025.07.17-02.12.33:661][  0]LogConfig: Setting CVar [[r.DOF.Scatter.MaxSpriteRatio:0.1         ; only a maximum of 10% of scattered bokeh]]
[2025.07.17-02.12.33:661][  0]LogConfig: Setting CVar [[r.DOF.Recombine.Quality:1                ; cheap slight out of focus]]
[2025.07.17-02.12.33:661][  0]LogConfig: Setting CVar [[r.DOF.Recombine.EnableBokehSettings:0    ; no bokeh simulation on slight out of focus]]
[2025.07.17-02.12.33:661][  0]LogConfig: Setting CVar [[r.DOF.TemporalAAQuality:1                ; more stable temporal accumulation]]
[2025.07.17-02.12.33:661][  0]LogConfig: Setting CVar [[r.DOF.Kernel.MaxForegroundRadius:0.025]]
[2025.07.17-02.12.33:661][  0]LogConfig: Setting CVar [[r.DOF.Kernel.MaxBackgroundRadius:0.025]]
[2025.07.17-02.12.33:661][  0]LogConfig: Applying CVar settings from Section [TextureQuality@3] File [D:/UTN-e-learning/Unreal-Engine/Unreal-Projects/TP_PreEntrega/Saved/Config/Windows/Scalability.ini]
[2025.07.17-02.12.33:661][  0]LogConfig: Setting CVar [[r.Streaming.MipBias:0]]
[2025.07.17-02.12.33:661][  0]LogConfig: Setting CVar [[r.Streaming.AmortizeCPUToGPUCopy:0]]
[2025.07.17-02.12.33:661][  0]LogConfig: Setting CVar [[r.Streaming.MaxNumTexturesToStreamPerFrame:0]]
[2025.07.17-02.12.33:661][  0]LogConfig: Setting CVar [[r.Streaming.Boost:1]]
[2025.07.17-02.12.33:661][  0]LogConfig: Setting CVar [[r.MaxAnisotropy:8]]
[2025.07.17-02.12.33:661][  0]LogConfig: Setting CVar [[r.VT.MaxAnisotropy:8]]
[2025.07.17-02.12.33:661][  0]LogConfig: Setting CVar [[r.Streaming.LimitPoolSizeToVRAM:0]]
[2025.07.17-02.12.33:661][  0]LogConfig: Setting CVar [[r.Streaming.PoolSize:1000]]
[2025.07.17-02.12.33:661][  0]LogConfig: Setting CVar [[r.Streaming.MaxEffectiveScreenSize:0]]
[2025.07.17-02.12.33:661][  0]LogConfig: Applying CVar settings from Section [EffectsQuality@3] File [D:/UTN-e-learning/Unreal-Engine/Unreal-Projects/TP_PreEntrega/Saved/Config/Windows/Scalability.ini]
[2025.07.17-02.12.33:661][  0]LogConfig: Setting CVar [[r.TranslucencyLightingVolumeDim:64]]
[2025.07.17-02.12.33:661][  0]LogConfig: Setting CVar [[r.RefractionQuality:2]]
[2025.07.17-02.12.33:662][  0]LogConfig: Setting CVar [[r.SSR.Quality:3]]
[2025.07.17-02.12.33:662][  0]LogConfig: Setting CVar [[r.SSR.HalfResSceneColor:0]]
[2025.07.17-02.12.33:662][  0]LogConfig: Setting CVar [[r.SceneColorFormat:4]]
[2025.07.17-02.12.33:662][  0]LogConfig: Setting CVar [[r.DetailMode:2]]
[2025.07.17-02.12.33:662][  0]LogConfig: Setting CVar [[r.TranslucencyVolumeBlur:1]]
[2025.07.17-02.12.33:662][  0]LogConfig: Setting CVar [[r.MaterialQualityLevel:1 ; High quality]]
[2025.07.17-02.12.33:662][  0]LogConfig: Setting CVar [[r.AnisotropicMaterials:1]]
[2025.07.17-02.12.33:662][  0]LogConfig: Setting CVar [[r.SSS.Scale:1]]
[2025.07.17-02.12.33:662][  0]LogConfig: Setting CVar [[r.SSS.SampleSet:2]]
[2025.07.17-02.12.33:662][  0]LogConfig: Setting CVar [[r.SSS.Quality:1]]
[2025.07.17-02.12.33:662][  0]LogConfig: Setting CVar [[r.SSS.HalfRes:0]]
[2025.07.17-02.12.33:662][  0]LogConfig: Setting CVar [[r.SSGI.Quality:3]]
[2025.07.17-02.12.33:662][  0]LogConfig: Setting CVar [[r.EmitterSpawnRateScale:1.0]]
[2025.07.17-02.12.33:662][  0]LogConfig: Setting CVar [[r.ParticleLightQuality:2]]
[2025.07.17-02.12.33:662][  0]LogConfig: Setting CVar [[r.SkyAtmosphere.AerialPerspectiveLUT.FastApplyOnOpaque:1 ; Always have FastSkyLUT 1 in this case to avoid wrong sky]]
[2025.07.17-02.12.33:662][  0]LogConfig: Setting CVar [[r.SkyAtmosphere.AerialPerspectiveLUT.SampleCountMaxPerSlice:4]]
[2025.07.17-02.12.33:662][  0]LogConfig: Setting CVar [[r.SkyAtmosphere.AerialPerspectiveLUT.DepthResolution:16.0]]
[2025.07.17-02.12.33:662][  0]LogConfig: Setting CVar [[r.SkyAtmosphere.FastSkyLUT:1]]
[2025.07.17-02.12.33:662][  0]LogConfig: Setting CVar [[r.SkyAtmosphere.FastSkyLUT.SampleCountMin:4.0]]
[2025.07.17-02.12.33:662][  0]LogConfig: Setting CVar [[r.SkyAtmosphere.FastSkyLUT.SampleCountMax:128.0]]
[2025.07.17-02.12.33:662][  0]LogConfig: Setting CVar [[r.SkyAtmosphere.SampleCountMin:4.0]]
[2025.07.17-02.12.33:662][  0]LogConfig: Setting CVar [[r.SkyAtmosphere.SampleCountMax:128.0]]
[2025.07.17-02.12.33:662][  0]LogConfig: Setting CVar [[r.SkyAtmosphere.TransmittanceLUT.UseSmallFormat:0]]
[2025.07.17-02.12.33:662][  0]LogConfig: Setting CVar [[r.SkyAtmosphere.TransmittanceLUT.SampleCount:10.0]]
[2025.07.17-02.12.33:662][  0]LogConfig: Setting CVar [[r.SkyAtmosphere.MultiScatteringLUT.SampleCount:15.0]]
[2025.07.17-02.12.33:662][  0]LogConfig: Setting CVar [[r.SkyLight.RealTimeReflectionCapture:1]]
[2025.07.17-02.12.33:662][  0]LogConfig: Setting CVar [[fx.Niagara.QualityLevel:3]]
[2025.07.17-02.12.33:662][  0]LogConfig: Applying CVar settings from Section [FoliageQuality@3] File [D:/UTN-e-learning/Unreal-Engine/Unreal-Projects/TP_PreEntrega/Saved/Config/Windows/Scalability.ini]
[2025.07.17-02.12.33:662][  0]LogConfig: Setting CVar [[foliage.DensityScale:1.0]]
[2025.07.17-02.12.33:662][  0]LogConfig: Setting CVar [[grass.DensityScale:1.0]]
[2025.07.17-02.12.33:662][  0]LogConfig: Applying CVar settings from Section [ShadingQuality@3] File [D:/UTN-e-learning/Unreal-Engine/Unreal-Projects/TP_PreEntrega/Saved/Config/Windows/Scalability.ini]
[2025.07.17-02.12.33:662][  0]LogConfig: Setting CVar [[r.HairStrands.SkyLighting.IntegrationType:2]]
[2025.07.17-02.12.33:662][  0]LogConfig: Setting CVar [[r.HairStrands.SkyAO.SampleCount:4]]
[2025.07.17-02.12.33:662][  0]LogConfig: Setting CVar [[r.HairStrands.Visibility.MSAA.SamplePerPixel:4]]
[2025.07.17-02.12.33:662][  0]LogConfig: Setting CVar [[r.HairStrands.Interpolation.UseSingleGuide:0]]
[2025.07.17-02.12.33:662][  0]LogInit: Selected Device Profile: [Windows]
[2025.07.17-02.12.33:662][  0]LogInit: Applying CVar settings loaded from the selected device profile: [Windows]
[2025.07.17-02.12.33:663][  0]LogHAL: Display: Platform has ~ 32 GB [34200604672 / 34359738368 / 32], which maps to Largest [LargestMinGB=32, LargerMinGB=12, DefaultMinGB=8, SmallerMinGB=6, SmallestMinGB=0)
[2025.07.17-02.12.33:663][  0]LogInit: Going up to parent DeviceProfile []
[2025.07.17-02.12.33:663][  0]LogConfig: Applying CVar settings from Section [ViewDistanceQuality@3] File [D:/UTN-e-learning/Unreal-Engine/Unreal-Projects/TP_PreEntrega/Saved/Config/Windows/Scalability.ini]
[2025.07.17-02.12.33:663][  0]LogConfig: Setting CVar [[r.SkeletalMeshLODBias:0]]
[2025.07.17-02.12.33:663][  0]LogConfig: Setting CVar [[r.ViewDistanceScale:1.0]]
[2025.07.17-02.12.33:663][  0]LogConfig: Applying CVar settings from Section [AntiAliasingQuality@3] File [D:/UTN-e-learning/Unreal-Engine/Unreal-Projects/TP_PreEntrega/Saved/Config/Windows/Scalability.ini]
[2025.07.17-02.12.33:663][  0]LogConfig: Setting CVar [[r.PostProcessAAQuality:4]]
[2025.07.17-02.12.33:663][  0]LogConfig: Applying CVar settings from Section [ShadowQuality@3] File [D:/UTN-e-learning/Unreal-Engine/Unreal-Projects/TP_PreEntrega/Saved/Config/Windows/Scalability.ini]
[2025.07.17-02.12.33:663][  0]LogConfig: Setting CVar [[r.LightFunctionQuality:1]]
[2025.07.17-02.12.33:663][  0]LogConfig: Setting CVar [[r.ShadowQuality:5]]
[2025.07.17-02.12.33:663][  0]LogConfig: Setting CVar [[r.Shadow.CSM.MaxCascades:10]]
[2025.07.17-02.12.33:663][  0]LogConfig: Setting CVar [[r.Shadow.MaxResolution:2048]]
[2025.07.17-02.12.33:663][  0]LogConfig: Setting CVar [[r.Shadow.MaxCSMResolution:2048]]
[2025.07.17-02.12.33:663][  0]LogConfig: Setting CVar [[r.Shadow.RadiusThreshold:0.01]]
[2025.07.17-02.12.33:663][  0]LogConfig: Setting CVar [[r.Shadow.DistanceScale:1.0]]
[2025.07.17-02.12.33:663][  0]LogConfig: Setting CVar [[r.Shadow.CSM.TransitionScale:1.0]]
[2025.07.17-02.12.33:663][  0]LogConfig: Setting CVar [[r.Shadow.PreShadowResolutionFactor:1.0]]
[2025.07.17-02.12.33:663][  0]LogConfig: Setting CVar [[r.DistanceFieldShadowing:1]]
[2025.07.17-02.12.33:663][  0]LogConfig: Setting CVar [[r.DistanceFieldAO:1]]
[2025.07.17-02.12.33:663][  0]LogConfig: Setting CVar [[r.AOQuality:2]]
[2025.07.17-02.12.33:663][  0]LogConfig: Setting CVar [[r.VolumetricFog:1]]
[2025.07.17-02.12.33:663][  0]LogConfig: Setting CVar [[r.VolumetricFog.GridPixelSize:8]]
[2025.07.17-02.12.33:663][  0]LogConfig: Setting CVar [[r.VolumetricFog.GridSizeZ:128]]
[2025.07.17-02.12.33:663][  0]LogConfig: Setting CVar [[r.VolumetricFog.HistoryMissSupersampleCount:4]]
[2025.07.17-02.12.33:663][  0]LogConfig: Setting CVar [[r.LightMaxDrawDistanceScale:1]]
[2025.07.17-02.12.33:663][  0]LogConfig: Setting CVar [[r.CapsuleShadows:1]]
[2025.07.17-02.12.33:663][  0]LogConfig: Applying CVar settings from Section [PostProcessQuality@3] File [D:/UTN-e-learning/Unreal-Engine/Unreal-Projects/TP_PreEntrega/Saved/Config/Windows/Scalability.ini]
[2025.07.17-02.12.33:663][  0]LogConfig: Setting CVar [[r.MotionBlurQuality:4]]
[2025.07.17-02.12.33:663][  0]LogConfig: Setting CVar [[r.AmbientOcclusionMipLevelFactor:0.4]]
[2025.07.17-02.12.33:663][  0]LogConfig: Setting CVar [[r.AmbientOcclusionMaxQuality:100]]
[2025.07.17-02.12.33:663][  0]LogConfig: Setting CVar [[r.AmbientOcclusionLevels:-1]]
[2025.07.17-02.12.33:663][  0]LogConfig: Setting CVar [[r.AmbientOcclusionRadiusScale:1.0]]
[2025.07.17-02.12.33:663][  0]LogConfig: Setting CVar [[r.DepthOfFieldQuality:2]]
[2025.07.17-02.12.33:663][  0]LogConfig: Setting CVar [[r.RenderTargetPoolMin:400]]
[2025.07.17-02.12.33:663][  0]LogConfig: Setting CVar [[r.LensFlareQuality:2]]
[2025.07.17-02.12.33:664][  0]LogConfig: Setting CVar [[r.SceneColorFringeQuality:1]]
[2025.07.17-02.12.33:664][  0]LogConfig: Setting CVar [[r.EyeAdaptationQuality:2]]
[2025.07.17-02.12.33:664][  0]LogConfig: Setting CVar [[r.BloomQuality:5]]
[2025.07.17-02.12.33:664][  0]LogConfig: Setting CVar [[r.FastBlurThreshold:100]]
[2025.07.17-02.12.33:664][  0]LogConfig: Setting CVar [[r.Upscale.Quality:3]]
[2025.07.17-02.12.33:664][  0]LogConfig: Setting CVar [[r.Tonemapper.GrainQuantization:1]]
[2025.07.17-02.12.33:664][  0]LogConfig: Setting CVar [[r.LightShaftQuality:1]]
[2025.07.17-02.12.33:664][  0]LogConfig: Setting CVar [[r.Filter.SizeScale:1]]
[2025.07.17-02.12.33:664][  0]LogConfig: Setting CVar [[r.Tonemapper.Quality:5]]
[2025.07.17-02.12.33:664][  0]LogConfig: Setting CVar [[r.DOF.Gather.AccumulatorQuality:1        ; higher gathering accumulator quality]]
[2025.07.17-02.12.33:664][  0]LogConfig: Setting CVar [[r.DOF.Gather.PostfilterMethod:1          ; Median3x3 postfilering method]]
[2025.07.17-02.12.33:664][  0]LogConfig: Setting CVar [[r.DOF.Gather.EnableBokehSettings:0       ; no bokeh simulation when gathering]]
[2025.07.17-02.12.33:664][  0]LogConfig: Setting CVar [[r.DOF.Gather.RingCount:4                 ; medium number of samples when gathering]]
[2025.07.17-02.12.33:664][  0]LogConfig: Setting CVar [[r.DOF.Scatter.ForegroundCompositing:1    ; additive foreground scattering]]
[2025.07.17-02.12.33:664][  0]LogConfig: Setting CVar [[r.DOF.Scatter.BackgroundCompositing:2    ; additive background scattering]]
[2025.07.17-02.12.33:664][  0]LogConfig: Setting CVar [[r.DOF.Scatter.EnableBokehSettings:1      ; bokeh simulation when scattering]]
[2025.07.17-02.12.33:664][  0]LogConfig: Setting CVar [[r.DOF.Scatter.MaxSpriteRatio:0.1         ; only a maximum of 10% of scattered bokeh]]
[2025.07.17-02.12.33:664][  0]LogConfig: Setting CVar [[r.DOF.Recombine.Quality:1                ; cheap slight out of focus]]
[2025.07.17-02.12.33:664][  0]LogConfig: Setting CVar [[r.DOF.Recombine.EnableBokehSettings:0    ; no bokeh simulation on slight out of focus]]
[2025.07.17-02.12.33:664][  0]LogConfig: Setting CVar [[r.DOF.TemporalAAQuality:1                ; more stable temporal accumulation]]
[2025.07.17-02.12.33:664][  0]LogConfig: Setting CVar [[r.DOF.Kernel.MaxForegroundRadius:0.025]]
[2025.07.17-02.12.33:664][  0]LogConfig: Setting CVar [[r.DOF.Kernel.MaxBackgroundRadius:0.025]]
[2025.07.17-02.12.33:664][  0]LogConfig: Applying CVar settings from Section [TextureQuality@3] File [D:/UTN-e-learning/Unreal-Engine/Unreal-Projects/TP_PreEntrega/Saved/Config/Windows/Scalability.ini]
[2025.07.17-02.12.33:664][  0]LogConfig: Setting CVar [[r.Streaming.MipBias:0]]
[2025.07.17-02.12.33:664][  0]LogConfig: Setting CVar [[r.Streaming.AmortizeCPUToGPUCopy:0]]
[2025.07.17-02.12.33:664][  0]LogConfig: Setting CVar [[r.Streaming.MaxNumTexturesToStreamPerFrame:0]]
[2025.07.17-02.12.33:664][  0]LogConfig: Setting CVar [[r.Streaming.Boost:1]]
[2025.07.17-02.12.33:664][  0]LogConfig: Setting CVar [[r.MaxAnisotropy:8]]
[2025.07.17-02.12.33:664][  0]LogConfig: Setting CVar [[r.VT.MaxAnisotropy:8]]
[2025.07.17-02.12.33:664][  0]LogConfig: Setting CVar [[r.Streaming.LimitPoolSizeToVRAM:0]]
[2025.07.17-02.12.33:664][  0]LogConfig: Setting CVar [[r.Streaming.PoolSize:1000]]
[2025.07.17-02.12.33:664][  0]LogConfig: Setting CVar [[r.Streaming.MaxEffectiveScreenSize:0]]
[2025.07.17-02.12.33:664][  0]LogConfig: Applying CVar settings from Section [EffectsQuality@3] File [D:/UTN-e-learning/Unreal-Engine/Unreal-Projects/TP_PreEntrega/Saved/Config/Windows/Scalability.ini]
[2025.07.17-02.12.33:664][  0]LogConfig: Setting CVar [[r.TranslucencyLightingVolumeDim:64]]
[2025.07.17-02.12.33:664][  0]LogConfig: Setting CVar [[r.RefractionQuality:2]]
[2025.07.17-02.12.33:664][  0]LogConfig: Setting CVar [[r.SSR.Quality:3]]
[2025.07.17-02.12.33:664][  0]LogConfig: Setting CVar [[r.SSR.HalfResSceneColor:0]]
[2025.07.17-02.12.33:664][  0]LogConfig: Setting CVar [[r.SceneColorFormat:4]]
[2025.07.17-02.12.33:664][  0]LogConfig: Setting CVar [[r.DetailMode:2]]
[2025.07.17-02.12.33:664][  0]LogConfig: Setting CVar [[r.TranslucencyVolumeBlur:1]]
[2025.07.17-02.12.33:665][  0]LogConfig: Setting CVar [[r.MaterialQualityLevel:1 ; High quality]]
[2025.07.17-02.12.33:665][  0]LogConfig: Setting CVar [[r.AnisotropicMaterials:1]]
[2025.07.17-02.12.33:665][  0]LogConfig: Setting CVar [[r.SSS.Scale:1]]
[2025.07.17-02.12.33:665][  0]LogConfig: Setting CVar [[r.SSS.SampleSet:2]]
[2025.07.17-02.12.33:665][  0]LogConfig: Setting CVar [[r.SSS.Quality:1]]
[2025.07.17-02.12.33:665][  0]LogConfig: Setting CVar [[r.SSS.HalfRes:0]]
[2025.07.17-02.12.33:665][  0]LogConfig: Setting CVar [[r.SSGI.Quality:3]]
[2025.07.17-02.12.33:665][  0]LogConfig: Setting CVar [[r.EmitterSpawnRateScale:1.0]]
[2025.07.17-02.12.33:665][  0]LogConfig: Setting CVar [[r.ParticleLightQuality:2]]
[2025.07.17-02.12.33:665][  0]LogConfig: Setting CVar [[r.SkyAtmosphere.AerialPerspectiveLUT.FastApplyOnOpaque:1 ; Always have FastSkyLUT 1 in this case to avoid wrong sky]]
[2025.07.17-02.12.33:665][  0]LogConfig: Setting CVar [[r.SkyAtmosphere.AerialPerspectiveLUT.SampleCountMaxPerSlice:4]]
[2025.07.17-02.12.33:665][  0]LogConfig: Setting CVar [[r.SkyAtmosphere.AerialPerspectiveLUT.DepthResolution:16.0]]
[2025.07.17-02.12.33:665][  0]LogConfig: Setting CVar [[r.SkyAtmosphere.FastSkyLUT:1]]
[2025.07.17-02.12.33:665][  0]LogConfig: Setting CVar [[r.SkyAtmosphere.FastSkyLUT.SampleCountMin:4.0]]
[2025.07.17-02.12.33:665][  0]LogConfig: Setting CVar [[r.SkyAtmosphere.FastSkyLUT.SampleCountMax:128.0]]
[2025.07.17-02.12.33:665][  0]LogConfig: Setting CVar [[r.SkyAtmosphere.SampleCountMin:4.0]]
[2025.07.17-02.12.33:665][  0]LogConfig: Setting CVar [[r.SkyAtmosphere.SampleCountMax:128.0]]
[2025.07.17-02.12.33:665][  0]LogConfig: Setting CVar [[r.SkyAtmosphere.TransmittanceLUT.UseSmallFormat:0]]
[2025.07.17-02.12.33:665][  0]LogConfig: Setting CVar [[r.SkyAtmosphere.TransmittanceLUT.SampleCount:10.0]]
[2025.07.17-02.12.33:665][  0]LogConfig: Setting CVar [[r.SkyAtmosphere.MultiScatteringLUT.SampleCount:15.0]]
[2025.07.17-02.12.33:665][  0]LogConfig: Setting CVar [[r.SkyLight.RealTimeReflectionCapture:1]]
[2025.07.17-02.12.33:665][  0]LogConfig: Setting CVar [[fx.Niagara.QualityLevel:3]]
[2025.07.17-02.12.33:665][  0]LogConfig: Applying CVar settings from Section [FoliageQuality@3] File [D:/UTN-e-learning/Unreal-Engine/Unreal-Projects/TP_PreEntrega/Saved/Config/Windows/Scalability.ini]
[2025.07.17-02.12.33:665][  0]LogConfig: Setting CVar [[foliage.DensityScale:1.0]]
[2025.07.17-02.12.33:665][  0]LogConfig: Setting CVar [[grass.DensityScale:1.0]]
[2025.07.17-02.12.33:665][  0]LogConfig: Applying CVar settings from Section [ShadingQuality@3] File [D:/UTN-e-learning/Unreal-Engine/Unreal-Projects/TP_PreEntrega/Saved/Config/Windows/Scalability.ini]
[2025.07.17-02.12.33:665][  0]LogConfig: Setting CVar [[r.HairStrands.SkyLighting.IntegrationType:2]]
[2025.07.17-02.12.33:665][  0]LogConfig: Setting CVar [[r.HairStrands.SkyAO.SampleCount:4]]
[2025.07.17-02.12.33:665][  0]LogConfig: Setting CVar [[r.HairStrands.Visibility.MSAA.SamplePerPixel:4]]
[2025.07.17-02.12.33:665][  0]LogConfig: Setting CVar [[r.HairStrands.Interpolation.UseSingleGuide:0]]
[2025.07.17-02.12.33:665][  0]LogConfig: Applying CVar settings from Section [Startup] File [../../../Engine/Config/ConsoleVariables.ini]
[2025.07.17-02.12.33:666][  0]LogConfig: Setting CVar [[net.UseAdaptiveNetUpdateFrequency:0]]
[2025.07.17-02.12.33:666][  0]LogConfig: Setting CVar [[p.chaos.AllowCreatePhysxBodies:1]]
[2025.07.17-02.12.33:666][  0]LogConfig: Setting CVar [[fx.SkipVectorVMBackendOptimizations:1]]
[2025.07.17-02.12.33:666][  0]LogConfig: Applying CVar settings from Section [ConsoleVariables] File [D:/UTN-e-learning/Unreal-Engine/Unreal-Projects/TP_PreEntrega/Saved/Config/Windows/Engine.ini]
[2025.07.17-02.12.33:666][  0]LogConfig: Applying CVar settings from Section [ConsoleVariables] File [D:/UTN-e-learning/Unreal-Engine/Unreal-Projects/TP_PreEntrega/Saved/Config/Windows/Editor.ini]
[2025.07.17-02.12.33:666][  0]LogInit: Computer: LAPTOP-AHL2VAE2
[2025.07.17-02.12.33:666][  0]LogInit: User: ezequ
[2025.07.17-02.12.33:666][  0]LogInit: CPU Page size=4096, Cores=4
[2025.07.17-02.12.33:666][  0]LogInit: High frequency timer resolution =10.000000 MHz
[2025.07.17-02.12.33:666][  0]LogMemory: Memory total: Physical=31.9GB (32GB approx)
[2025.07.17-02.12.33:666][  0]LogMemory: Platform Memory Stats for Windows
[2025.07.17-02.12.33:666][  0]LogMemory: Process Physical Memory: 145.06 MB used, 145.06 MB peak
[2025.07.17-02.12.33:666][  0]LogMemory: Process Virtual Memory: 117.16 MB used, 117.16 MB peak
[2025.07.17-02.12.33:666][  0]LogMemory: Physical Memory: 14630.00 MB used,  17986.24 MB free, 32616.24 MB total
[2025.07.17-02.12.33:666][  0]LogMemory: Virtual Memory: 134191608.00 MB used,  26116.35 MB free, 134217728.00 MB total
[2025.07.17-02.12.33:679][  0]LogWindows: WindowsPlatformFeatures enabled
[2025.07.17-02.12.33:725][  0]LogInit: Physics initialised using underlying interface: PhysX
[2025.07.17-02.12.33:728][  0]LogInit: Overriding language with editor language configuration option (en).
[2025.07.17-02.12.33:729][  0]LogInit: Overriding language with editor locale configuration option (en).
[2025.07.17-02.12.33:987][  0]LogInit: Setting process to per monitor DPI aware
[2025.07.17-02.12.34:010][  0]LogWindowsTextInputMethodSystem: Display: IME system deactivated.
[2025.07.17-02.12.34:037][  0]LogSlate: New Slate User Created.  User Index 0, Is Virtual User: 0
[2025.07.17-02.12.34:037][  0]LogSlate: Slate User Registered.  User Index 0, Is Virtual User: 0
[2025.07.17-02.12.34:277][  0]LogD3D11RHI: Loaded GFSDK_Aftermath_Lib.x64.dll
[2025.07.17-02.12.34:281][  0]LogHMD: Failed to initialize OpenVR with code 110
[2025.07.17-02.12.34:282][  0]LogD3D11RHI: D3D11 min allowed feature level: 11_0
[2025.07.17-02.12.34:282][  0]LogD3D11RHI: D3D11 max allowed feature level: 11_0
[2025.07.17-02.12.34:282][  0]LogD3D11RHI: D3D11 adapters:
[2025.07.17-02.12.34:395][  0]LogD3D11RHI:    0. 'NVIDIA GeForce GTX 1050' (Feature Level 11_0)
[2025.07.17-02.12.34:395][  0]LogD3D11RHI:       2996/0/16308 MB DedicatedVideo/DedicatedSystem/SharedSystem, Outputs:1, VendorId:0x10de
[2025.07.17-02.12.34:427][  0]LogD3D11RHI:    1. 'Intel(R) UHD Graphics 630' (Feature Level 11_0)
[2025.07.17-02.12.34:427][  0]LogD3D11RHI:       128/0/16308 MB DedicatedVideo/DedicatedSystem/SharedSystem, Outputs:1, VendorId:0x8086
[2025.07.17-02.12.34:430][  0]LogD3D11RHI:    2. 'Microsoft Basic Render Driver' (Feature Level 11_0)
[2025.07.17-02.12.34:430][  0]LogD3D11RHI:       0/0/16308 MB DedicatedVideo/DedicatedSystem/SharedSystem, Outputs:0, VendorId:0x1414
[2025.07.17-02.12.34:430][  0]LogD3D11RHI: Chosen D3D11 Adapter:
[2025.07.17-02.12.34:430][  0]LogD3D11RHI:     Description : NVIDIA GeForce GTX 1050
[2025.07.17-02.12.34:430][  0]LogD3D11RHI:     VendorId    : 10de
[2025.07.17-02.12.34:430][  0]LogD3D11RHI:     DeviceId    : 1c91
[2025.07.17-02.12.34:430][  0]LogD3D11RHI:     SubSysId    : 13321025
[2025.07.17-02.12.34:430][  0]LogD3D11RHI:     Revision    : 00a1
[2025.07.17-02.12.34:430][  0]LogD3D11RHI:     DedicatedVideoMemory : 3141533696 bytes
[2025.07.17-02.12.34:430][  0]LogD3D11RHI:     DedicatedSystemMemory : 0 bytes
[2025.07.17-02.12.34:430][  0]LogD3D11RHI:     SharedSystemMemory : 17100302336 bytes
[2025.07.17-02.12.34:430][  0]LogD3D11RHI:     AdapterLuid : 0 100829
[2025.07.17-02.12.34:439][  0]LogD3D11RHI: Creating new Direct3DDevice
[2025.07.17-02.12.34:440][  0]LogD3D11RHI:     GPU DeviceId: 0x1c91 (for the marketing name, search the web for "GPU Device Id")
[2025.07.17-02.12.34:440][  0]LogWindows: EnumDisplayDevices:
[2025.07.17-02.12.34:440][  0]LogWindows:    0. 'Intel(R) UHD Graphics 630' (P:0 D:1)
[2025.07.17-02.12.34:441][  0]LogWindows:    1. 'Intel(R) UHD Graphics 630' (P:0 D:0)
[2025.07.17-02.12.34:441][  0]LogWindows:    2. 'Intel(R) UHD Graphics 630' (P:0 D:0)
[2025.07.17-02.12.34:442][  0]LogWindows:    3. 'NVIDIA GeForce GTX 1050' (P:1 D:1)
[2025.07.17-02.12.34:442][  0]LogWindows: DebugString: PrimaryIsNotTheChoosenAdapter PrimaryIsNotTheChoosenAdapter PrimaryIsNotTheChoosenAdapter 
[2025.07.17-02.12.34:442][  0]LogD3D11RHI:     Adapter Name: NVIDIA GeForce GTX 1050
[2025.07.17-02.12.34:442][  0]LogD3D11RHI:   Driver Version: 451.67 (internal:27.21.14.5167, unified:451.67)
[2025.07.17-02.12.34:442][  0]LogD3D11RHI:      Driver Date: 7-5-2020
[2025.07.17-02.12.34:442][  0]LogRHI: Texture pool is 2097 MB (70% of 2996 MB)
[2025.07.17-02.12.34:442][  0]LogD3D11RHI: Creating D3DDevice using adapter:
[2025.07.17-02.12.34:442][  0]LogD3D11RHI:     Description : NVIDIA GeForce GTX 1050
[2025.07.17-02.12.34:442][  0]LogD3D11RHI:     VendorId    : 10de
[2025.07.17-02.12.34:442][  0]LogD3D11RHI:     DeviceId    : 1c91
[2025.07.17-02.12.34:442][  0]LogD3D11RHI:     SubSysId    : 13321025
[2025.07.17-02.12.34:442][  0]LogD3D11RHI:     Revision    : 00a1
[2025.07.17-02.12.34:442][  0]LogD3D11RHI:     DedicatedVideoMemory : 3141533696 bytes
[2025.07.17-02.12.34:442][  0]LogD3D11RHI:     DedicatedSystemMemory : 0 bytes
[2025.07.17-02.12.34:442][  0]LogD3D11RHI:     SharedSystemMemory : 17100302336 bytes
[2025.07.17-02.12.34:442][  0]LogD3D11RHI:     AdapterLuid : 0 100829
[2025.07.17-02.12.34:506][  0]LogD3D11RHI: RHI has support for 64 bit atomics
[2025.07.17-02.12.34:506][  0]LogD3D11RHI: Async texture creation enabled
[2025.07.17-02.12.34:506][  0]LogD3D11RHI: Array index from any shader is supported
[2025.07.17-02.12.34:524][  0]LogD3D11RHI: GPU Timing Frequency: 1000.000000 (Debug: 2 1)
[2025.07.17-02.12.34:631][  0]LogRHI: GeForceNow SDK initialized: 1
[2025.07.17-02.12.35:164][  0]LogTargetPlatformManager: Display: Loaded TargetPlatform 'AllDesktop'
[2025.07.17-02.12.35:205][  0]LogTargetPlatformManager: Display: Loaded TargetPlatform 'Android'
[2025.07.17-02.12.35:205][  0]LogTargetPlatformManager: Display: Loaded TargetPlatform 'Android_ASTC'
[2025.07.17-02.12.35:205][  0]LogTargetPlatformManager: Display: Loaded TargetPlatform 'Android_DXT'
[2025.07.17-02.12.35:205][  0]LogTargetPlatformManager: Display: Loaded TargetPlatform 'Android_ETC2'
[2025.07.17-02.12.35:205][  0]LogTargetPlatformManager: Display: Loaded TargetPlatform 'AndroidClient'
[2025.07.17-02.12.35:205][  0]LogTargetPlatformManager: Display: Loaded TargetPlatform 'Android_ASTCClient'
[2025.07.17-02.12.35:205][  0]LogTargetPlatformManager: Display: Loaded TargetPlatform 'Android_DXTClient'
[2025.07.17-02.12.35:205][  0]LogTargetPlatformManager: Display: Loaded TargetPlatform 'Android_ETC2Client'
[2025.07.17-02.12.35:205][  0]LogTargetPlatformManager: Display: Loaded TargetPlatform 'Android_Multi'
[2025.07.17-02.12.35:205][  0]LogTargetPlatformManager: Display: Loaded TargetPlatform 'Android_MultiClient'
[2025.07.17-02.12.35:242][  0]LogTargetPlatformManager: Display: Loaded TargetPlatform 'IOSClient'
[2025.07.17-02.12.35:242][  0]LogTargetPlatformManager: Display: Loaded TargetPlatform 'IOS'
[2025.07.17-02.12.35:257][  0]LogTargetPlatformManager: Display: Loaded TargetPlatform 'Linux'
[2025.07.17-02.12.35:264][  0]LogTargetPlatformManager: Display: Loaded TargetPlatform 'LinuxNoEditor'
[2025.07.17-02.12.35:271][  0]LogTargetPlatformManager: Display: Loaded TargetPlatform 'LinuxClient'
[2025.07.17-02.12.35:277][  0]LogTargetPlatformManager: Display: Loaded TargetPlatform 'LinuxServer'
[2025.07.17-02.12.35:288][  0]LogTargetPlatformManager: Display: Loaded TargetPlatform 'LinuxAArch64NoEditor'
[2025.07.17-02.12.35:294][  0]LogTargetPlatformManager: Display: Loaded TargetPlatform 'LinuxAArch64Client'
[2025.07.17-02.12.35:299][  0]LogTargetPlatformManager: Display: Loaded TargetPlatform 'LinuxAArch64Server'
[2025.07.17-02.12.35:327][  0]LogTargetPlatformManager: Display: Loaded TargetPlatform 'Lumin'
[2025.07.17-02.12.35:327][  0]LogTargetPlatformManager: Display: Loaded TargetPlatform 'LuminClient'
[2025.07.17-02.12.35:338][  0]LogTargetPlatformManager: Display: Loaded TargetPlatform 'MacNoEditor'
[2025.07.17-02.12.35:343][  0]LogTargetPlatformManager: Display: Loaded TargetPlatform 'Mac'
[2025.07.17-02.12.35:348][  0]LogTargetPlatformManager: Display: Loaded TargetPlatform 'MacClient'
[2025.07.17-02.12.35:353][  0]LogTargetPlatformManager: Display: Loaded TargetPlatform 'MacServer'
[2025.07.17-02.12.35:364][  0]LogTargetPlatformManager: Display: Loaded TargetPlatform 'TVOSClient'
[2025.07.17-02.12.35:364][  0]LogTargetPlatformManager: Display: Loaded TargetPlatform 'TVOS'
[2025.07.17-02.12.35:375][  0]LogTargetPlatformManager: Display: Loaded TargetPlatform 'WindowsNoEditor'
[2025.07.17-02.12.35:380][  0]LogTargetPlatformManager: Display: Loaded TargetPlatform 'Windows'
[2025.07.17-02.12.35:385][  0]LogTargetPlatformManager: Display: Loaded TargetPlatform 'WindowsClient'
[2025.07.17-02.12.35:390][  0]LogTargetPlatformManager: Display: Loaded TargetPlatform 'WindowsServer'
[2025.07.17-02.12.35:390][  0]LogTargetPlatformManager: Display: Building Assets For Windows
[2025.07.17-02.12.35:399][  0]LogAudioDebug: Display: Lib vorbis DLL was dynamically loaded.
[2025.07.17-02.12.35:438][  0]LogTextureFormatOodle: Display: Oodle Texture 2.9.0 init RDO Off
[2025.07.17-02.12.35:491][  0]LogRendererCore: Ray tracing is disabled. Reason: r.RayTracing=0.
[2025.07.17-02.12.35:491][  0]LogShaderCompilers: Guid format shader working directory is -27 characters bigger than the processId version (../../../../../UTN-e-learning/Unreal-Engine/Unreal-Projects/TP_PreEntrega/Intermediate/Shaders/WorkingDirectory/3920/).
[2025.07.17-02.12.35:492][  0]LogShaderCompilers: Cleaned the shader compiler working directory 'C:/Users/ezequ/AppData/Local/Temp/UnrealShaderWorkingDir/EA992E4E4920B1FC328E9B804935722E/'.
[2025.07.17-02.12.35:492][  0]LogXGEController: Cannot use XGE Controller as Incredibuild is not installed on this machine.
[2025.07.17-02.12.35:492][  0]LogShaderCompilers: Cannot use XGE Shader Compiler as Incredibuild is not installed on this machine.
[2025.07.17-02.12.35:492][  0]LogShaderCompilers: Display: Using Local Shader Compiler.
[2025.07.17-02.12.36:539][  0]LogDerivedDataCache: Display: Max Cache Size: 512 MB
[2025.07.17-02.12.36:602][  0]LogDerivedDataCache: Loaded boot cache 0.06s 97MB C:/Users/ezequ/AppData/Local/UnrealEngine/4.27/DerivedDataCache/Boot.ddc.
[2025.07.17-02.12.36:602][  0]LogDerivedDataCache: Display: Loaded Boot cache: C:/Users/ezequ/AppData/Local/UnrealEngine/4.27/DerivedDataCache/Boot.ddc
[2025.07.17-02.12.36:602][  0]LogDerivedDataCache: FDerivedDataBackendGraph:  Pak pak cache file ../../../../../UTN-e-learning/Unreal-Engine/Unreal-Projects/TP_PreEntrega/DerivedDataCache/DDC.ddp not found, will not use a pak cache.
[2025.07.17-02.12.36:602][  0]LogDerivedDataCache: Unable to find inner node Pak for hierarchical cache Hierarchy.
[2025.07.17-02.12.36:602][  0]LogDerivedDataCache: FDerivedDataBackendGraph:  CompressedPak pak cache file ../../../../../UTN-e-learning/Unreal-Engine/Unreal-Projects/TP_PreEntrega/DerivedDataCache/Compressed.ddp not found, will not use a pak cache.
[2025.07.17-02.12.36:602][  0]LogDerivedDataCache: Unable to find inner node CompressedPak for hierarchical cache Hierarchy.
[2025.07.17-02.12.36:626][  0]LogDerivedDataCache: Display: Pak cache opened for reading ../../../Engine/DerivedDataCache/Compressed.ddp.
[2025.07.17-02.12.36:626][  0]LogDerivedDataCache: FDerivedDataBackendGraph:  EnterprisePak pak cache file ../../../Enterprise/DerivedDataCache/Compressed.ddp not found, will not use a pak cache.
[2025.07.17-02.12.36:626][  0]LogDerivedDataCache: Unable to find inner node EnterprisePak for hierarchical cache Hierarchy.
[2025.07.17-02.12.36:645][  0]LogDerivedDataCache: Speed tests for C:/Users/ezequ/AppData/Local/UnrealEngine/Common/DerivedDataCache took 0.02 seconds
[2025.07.17-02.12.36:645][  0]LogDerivedDataCache: Display: Performance to C:/Users/ezequ/AppData/Local/UnrealEngine/Common/DerivedDataCache: Latency=0.06ms. RandomReadSpeed=584.53MBs, RandomWriteSpeed=53.71MBs. Assigned SpeedClass 'Local'
[2025.07.17-02.12.36:646][  0]LogDerivedDataCache: Using Local data cache path C:/Users/ezequ/AppData/Local/UnrealEngine/Common/DerivedDataCache: Writable
[2025.07.17-02.12.36:646][  0]LogDerivedDataCache: Shared data cache path not found in *engine.ini, will not use an Shared cache.
[2025.07.17-02.12.36:646][  0]LogDerivedDataCache: Unable to find inner node Shared for hierarchical cache Hierarchy.
[2025.07.17-02.12.36:738][  0]LogSlate: Using FreeType 2.10.0
[2025.07.17-02.12.36:738][  0]LogSlate: SlateFontServices - WITH_FREETYPE: 1, WITH_HARFBUZZ: 1
[2025.07.17-02.12.36:774][  0]LogAssetRegistry: FAssetRegistry took 0.0040 seconds to start up
[2025.07.17-02.12.37:151][  0]LogInit: Selected Device Profile: [Windows]
[2025.07.17-02.12.37:151][  0]LogInit: Active device profile: [000001B9C5E03B00][000001B9C6D3A580 49] Windows
[2025.07.17-02.12.37:152][  0]LogInit: Profiles: [000001B9C5E03B00][000001B9C6D3A580 49] Windows, [000001B9C5DB8600][000001B9C6D3E6C0 49] WindowsNoEditor, [000001B9C5E00600][000001B9C492E800 49] WindowsServer, [000001B9C5DBB300][000001B9C4932940 49] WindowsClient, [000001B9C5E03200][000001B9BFE2AAC0 49] IOS, [000001B9C5DB9000][000001B9BFE4EC40 49] iPadAir, [000001B9C5E00F00][000001B9BFE52DC0 49] iPadAir2, [000001B9C7684300][000001B9C45EF080 49] IPadPro, [000001B9C766FF00][000001B9BFE570C0 49] iPadAir3, [000001B9C5E02D00][000001B9C461F240 49] iPadAir4, [000001B9C766CC00][000001B9C46233C0 49] iPadMini2, [000001B9C5E01300][000001B9C4627540 49] iPadMini3, [000001B9C766EE00][000001B9C462B6C0 49] iPadMini4, [000001B9C5E02500][000001B9C4937840 49] iPadMini5, [000001B9C5DBAB00][000001B9C6A87B00 49] iPhone6, [000001B9C5DBAC00][000001B9C4977B40 49] iPodTouch6, [000001B9C766D000][000001B9C6ACE280 49] iPhone7, [000001B9C766D100][000001B9C6ACA2C0 49] iPodTouch7, [000001B9C5DB8700][000001B9C6B04440 49] iPhone5S, [000001B9C766F500][000001B9C6B645C0 49] iPhone6Plus, [000001B9C5DB9400][000001B9C6BAA740 49] iPhone6S, [000001B9C766E100][000001B9BFE26880 49] iPhone6SPlus, [000001B9C5DB8B00][000001B9C6BFC9C0 49] iPhone7Plus, [000001B9C766C400][000001B9C6C16B00 49] iPhoneSE, [000001B9C5DB9B00][000001B9C6C24C40 49] iPhone8, [000001B9C766E600][000001B9C6C2CDC0 49] iPhone8Plus, [000001B9C5DB8200][000001B9C6C30F40 49] iPhoneX, [000001B9C766C200][000001B9C6C350C0 49] iPhoneXS, [000001B9C5DBBA00][000001B9C6C39240 49] iPhoneXSMax, [000001B9C766E400][000001B9C6C3D3C0 49] iPhoneXR, [000001B9C5DBAA00][000001B9C6C41540 49] iPhone11, [000001B9C766EB00][000001B9C6C456C0 49] iPhone11Pro, [000001B9C5DB8D00][000001B9BFDD7840 49] iPhone11ProMax, [000001B9C766CF00][000001B9BFDDB9C0 49] iPhoneSE2, [000001B9C5DB8400][000001B9BFDDFB40 49] iPhone12Mini, [000001B9C766C100][000001B9BFDE8140 49] iPhone12, [000001B9C5DBB800][000001B9BFE002C0 49] iPhone12Pro, [000001B9C766F100][000001B9BFE0C440 49] iPhone12ProMax, [000001B9C5DBB400][000001B9BFE105C0 49] iPadPro105, [000001B9C766ED00][000001B9BFE14740 49] iPadPro129, [000001B9C5DB9900][000001B9BFE188C0 49] iPadPro97, [000001B9C766E000][000001B9C6C28A00 49] iPadPro2_129, [000001B9C5DB9600][000001B9BFE1CB40 49] iPad5, [000001B9C766C500][000001B9BFE20C80 49] iPad6, [000001B9C5DBA000][000001B9C4586DC0 49] iPad7, [000001B9C766CD00][000001B9C458EF40 49] iPad8, [000001B9C5DB9300][000001B9C45930C0 49] iPadPro11, [000001B9C766EC00][000001B9C4597240 49] iPadPro2_11, [000001B9C5DBB500][000001B9C72AD3C0 49] iPadPro3_129, [000001B9C766FE00][000001B9BF525540 49] iPadPro4_129, [000001B9C5DBA500][000001B9BFE2F6C0 49] AppleTV, [000001B9C766E500][000001B9BFE3F840 49] AppleTV4K, [000001B9C5DB9F00][000001B9BFE439C0 49] TVOS, [000001B9C766DA00][000001B9BFE47B40 49] Mac, [000001B9C5DB8F00][000001B9BFE4A140 49] MacClient, [000001B9C766D700][000001B9C6A342C0 49] MacNoEditor, [000001B9C5DB9A00][000001B9C6A38440 49] MacServer, [000001B9C766E900][000001B9C6A3C5C0 49] Linux, [000001B9C5DB9C00][000001B9C6A40740 49] LinuxAArch64, [000001B9C766F000][000001B9C6A448C0 49] LinuxNoEditor, [000001B9C5DB9100][000001B9C6A48A40 49] LinuxAArch64NoEditor, [000001B9C766E700][000001B9C6BA6BC0 49] LinuxClient, [000001B9C5DB9700][000001B9C458AD00 49] LinuxAArch64Client, [000001B9C5F18800][000001B9C6B86E40 49] LinuxServer, [000001B9C7684500][000001B9C6B82F80 49] LinuxAArch64Server, [000001B9C5F18700][000001B9C6B6F100 49] Android, [000001B9C7684600][000001B9C6B61280 49] Android_Low, [000001B9C5F18100][000001B9C6B2F400 49] Android_Mid, [000001B9C7685000][000001B9C6B1F580 49] Android_High, [000001B9C5F1A200][000001B9C6B1B700 49] Android_Default, [000001B9C7686B00][000001B9C6B11880 49] Android_Adreno4xx, [000001B9C5F18A00][000001B9C6B0DA00 49] Android_Adreno5xx_Low, [000001B9C7685600][000001B9C6B09B80 49] Android_Adreno5xx, [000001B9C5F19E00][000001B9C6AF4180 49] Android_Adreno6xx, [000001B9C7686C00][000001B9C6AF0300 49] Android_Adreno6xx_Vulkan, [000001B9C5F18D00][000001B9C6AEC480 49] Android_Mali_T6xx, [000001B9C7686900][000001B9C6AC6600 49] Android_Mali_T7xx, [000001B9C5F18E00][000001B9C6D42780 49] Android_Mali_T8xx, [000001B9C7687200][000001B9C6A4C900 49] Android_Mali_G71, [000001B9C5F19600][000001B9C6A50A80 49] Android_Mali_G72, [000001B9C7686000][000001B9C6A54C00 49] Android_Mali_G72_Vulkan, [000001B9C5F19700][000001B9C6A58D80 49] Android_Mali_G76, [000001B9C7684900][000001B9C6B7EEC0 49] Android_Mali_G76_Vulkan, [000001B9C5F19300][000001B9C868B000 49] Android_Mali_G77, [000001B9C7684A00][000001B9C868F140 49] Android_Mali_G77_Vulkan, [000001B9C5F18600][000001B9C86972C0 49] Android_Mali_G78, [000001B9C7686E00][000001B9C869B440 49] Android_Mali_G78_Vulkan, [000001B9C5DB8A00][000001B9C869F5C0 49] Android_Mali_G710, [000001B9C766C600][000001B9C86A3740 49] Android_Mali_G710_Vulkan, [000001B9C7685D00][000001B9C86A78C0 49] Android_Vulkan_SM5, [000001B9C766F600][000001B9C86ABA40 49] Android_PowerVR_G6xxx, [000001B9C5DB8500][000001B9C86AFBC0 49] Android_PowerVR_GT7xxx, [000001B9C5F1AA00][000001B9C86B21C0 49] Android_PowerVR_GE8xxx, [000001B9C5DB9E00][000001B9C86B6340 49] Android_PowerVR_GM9xxx, [000001B9C5F19B00][000001B9C86BA4C0 49] Android_PowerVR_GM9xxx_Vulkan, [000001B9C5DBA600][000001B9C6A8A640 49] Android_TegraK1, [000001B9C5F1A000][000001B9C6A8E7C0 49] Android_Unknown_Vulkan, [000001B9C5DB8300][000001B9C6A92940 49] Lumin, [000001B9C5F19800][000001B9C6A96AC0 49] Lumin_Desktop, [000001B9C5DBBE00][000001B9C6A9AC40 49] HoloLens, 
[2025.07.17-02.12.37:308][  0]LogMeshReduction: Using QuadricMeshReduction for automatic static mesh reduction
[2025.07.17-02.12.37:308][  0]LogMeshReduction: Using SimplygonMeshReduction for automatic skeletal mesh reduction
[2025.07.17-02.12.37:308][  0]LogMeshReduction: Using ProxyLODMeshReduction for automatic mesh merging
[2025.07.17-02.12.37:308][  0]LogMeshReduction: No distributed automatic mesh merging module available
[2025.07.17-02.12.37:308][  0]LogMeshMerging: No distributed automatic mesh merging module available
[2025.07.17-02.12.37:330][  0]LogNetVersion: TP_PreEntrega 1.0.0, NetCL: 17155196, EngineNetVer: 17, GameNetVer: 0 (Checksum: 2958971551)
[2025.07.17-02.12.37:968][  0]LogTexture: Default maximum texture size for cubemaps generated from long-lat sources has been changed from 512 to unlimited. In order to preserve old behaiour for '/Engine/MapTemplates/Sky/DaylightAmbientCubemap.DaylightAmbientCubemap', its maximum texture size has been explicitly set to 512.
[2025.07.17-02.12.38:150][  0]LogHMD: PokeAHoleMaterial loaded successfully
[2025.07.17-02.12.38:161][  0]LogUObjectArray: 18053 objects as part of root set at end of initial load.
[2025.07.17-02.12.38:161][  0]LogUObjectAllocator: 4611920 out of 0 bytes used by permanent object pool.
[2025.07.17-02.12.38:161][  0]LogUObjectArray: CloseDisregardForGC: 0/0 objects in disregard for GC pool
[2025.07.17-02.12.38:619][  0]LogNiagaraDebuggerClient: Niagara Debugger Client Initialized | Session: 3A84439B4BED00E024647A85F8214222 | Instance: 73FF510C4CD0C000F3F8E6BD23298F87 (LAPTOP-AHL2VAE2-3920).
[2025.07.17-02.12.38:689][  0]LogTcpMessaging: Initializing TcpMessaging bridge
[2025.07.17-02.12.38:695][  0]LogUdpMessaging: Initializing bridge on interface 0.0.0.0:0 to multicast group 230.0.0.1:6666.
[2025.07.17-02.12.38:893][  0]LogPython: Using Python 3.7.7
[2025.07.17-02.12.40:322][  0]SourceControl: Source control is disabled
[2025.07.17-02.12.40:322][  0]SourceControl: Source control is disabled
[2025.07.17-02.12.40:376][  0]SourceControl: Source control is disabled
[2025.07.17-02.12.40:500][  0]SourceControl: Source control is disabled
[2025.07.17-02.12.40:526][  0]SourceControl: Source control is disabled
[2025.07.17-02.12.40:548][  0]LogUProjectInfo: Found projects:
[2025.07.17-02.12.41:114][  0]LogOpenImageDenoise: OIDN starting up
[2025.07.17-02.12.41:201][  0]LogAndroidPermission: UAndroidPermissionCallbackProxy::GetInstance
[2025.07.17-02.12.41:265][  0]LogAudioCaptureCore: Display: No Audio Capture implementations found. Audio input will be silent.
[2025.07.17-02.12.41:265][  0]LogAudioCaptureCore: Display: No Audio Capture implementations found. Audio input will be silent.
[2025.07.17-02.12.41:535][  0]LogCollectionManager: Loaded 0 collections in 0.002499 seconds
[2025.07.17-02.12.41:576][  0]LogFileCache: Scanning file cache for directory 'D:/UTN-e-learning/Unreal-Engine/Unreal-Projects/TP_PreEntrega/Saved/Collections/' took 0.00s
[2025.07.17-02.12.41:576][  0]LogFileCache: Scanning file cache for directory 'D:/UTN-e-learning/Unreal-Engine/Unreal-Projects/TP_PreEntrega/Content/Developers/ezequ/Collections/' took 0.00s
[2025.07.17-02.12.41:576][  0]LogFileCache: Scanning file cache for directory 'D:/UTN-e-learning/Unreal-Engine/Unreal-Projects/TP_PreEntrega/Content/Collections/' took 0.00s
[2025.07.17-02.12.41:576][  0]LogOcInput: OculusInput pre-init called
[2025.07.17-02.12.42:183][  0]LogClass: Display: IntProperty FPhysicsConvexData::NumVertices is not initialized properly. Module:MeshModelingTools File:Public/Physics/CollisionPropertySets.h
[2025.07.17-02.12.42:183][  0]LogClass: Display: IntProperty FPhysicsConvexData::NumFaces is not initialized properly. Module:MeshModelingTools File:Public/Physics/CollisionPropertySets.h
[2025.07.17-02.12.42:183][  0]LogClass: Display: FloatProperty FPhysicsCapsuleData::Radius is not initialized properly. Module:MeshModelingTools File:Public/Physics/CollisionPropertySets.h
[2025.07.17-02.12.42:183][  0]LogClass: Display: FloatProperty FPhysicsCapsuleData::Length is not initialized properly. Module:MeshModelingTools File:Public/Physics/CollisionPropertySets.h
[2025.07.17-02.12.42:183][  0]LogClass: Display: StructProperty FPhysicsBoxData::Dimensions is not initialized properly. Module:MeshModelingTools File:Public/Physics/CollisionPropertySets.h
[2025.07.17-02.12.42:183][  0]LogClass: Display: FloatProperty FPhysicsSphereData::Radius is not initialized properly. Module:MeshModelingTools File:Public/Physics/CollisionPropertySets.h
[2025.07.17-02.12.42:183][  0]LogClass: Display: EnumProperty FLODLevelGenerateSettings::TargetMode is not initialized properly. Module:MeshModelingToolsEditorOnly File:Public/GenerateLODMeshesTool.h
[2025.07.17-02.12.42:183][  0]LogClass: Display: IntProperty FLODLevelGenerateSettings::TargetPercentage is not initialized properly. Module:MeshModelingToolsEditorOnly File:Public/GenerateLODMeshesTool.h
[2025.07.17-02.12.42:183][  0]LogClass: Display: IntProperty FLODLevelGenerateSettings::TargetCount is not initialized properly. Module:MeshModelingToolsEditorOnly File:Public/GenerateLODMeshesTool.h
[2025.07.17-02.12.42:183][  0]LogClass: Display: 9 Uninitialized script struct members found including 0 object properties
[2025.07.17-02.12.42:184][  0]LogEngine: Initializing Engine...
[2025.07.17-02.12.42:190][  0]LogHMD: Failed to enumerate extensions. Please check that you have a valid OpenXR runtime installed.
[2025.07.17-02.12.42:191][  0]LogHMD: Failed to initialize OpenVR with code 110
[2025.07.17-02.12.42:191][  0]LogMagicLeap: Warning: VR disabled because ZI is not enabled.  To enable, in the editor, Edit -> Project Settings -> Plugins -> Magic Leap Plugin -> Enable Zero Iteration
[2025.07.17-02.12.42:192][  0]LogStylusInput: Initializing StylusInput subsystem.
[2025.07.17-02.12.42:194][  0]LogStats: UGameplayTagsManager::InitializeManager -  0.000 s
[2025.07.17-02.12.42:392][  0]LogInit: Initializing FReadOnlyCVARCache
[2025.07.17-02.12.42:414][  0]LogAIModule: Creating AISystem for world Untitled
[2025.07.17-02.12.42:415][  0]LogAudio: Display: Initializing Audio Device Manager...
[2025.07.17-02.12.42:423][  0]LogAudio: Display: Loading Default Audio Settings Objects...
[2025.07.17-02.12.42:424][  0]LogAudio: Display: No default SoundConcurrencyObject specified (or failed to load).
[2025.07.17-02.12.42:425][  0]LogAudio: Display: Audio Device Manager Initialized
[2025.07.17-02.12.42:425][  0]LogAudio: Display: Creating Audio Device:                 Id: 1, Scope: Shared, Realtime: True
[2025.07.17-02.12.42:425][  0]LogAudioMixer: Display: Audio Mixer Platform Settings:
[2025.07.17-02.12.42:425][  0]LogAudioMixer: Display: 	Sample Rate:						  48000
[2025.07.17-02.12.42:425][  0]LogAudioMixer: Display: 	Callback Buffer Frame Size Requested: 1024
[2025.07.17-02.12.42:425][  0]LogAudioMixer: Display: 	Callback Buffer Frame Size To Use:	  1024
[2025.07.17-02.12.42:425][  0]LogAudioMixer: Display: 	Number of buffers to queue:			  2
[2025.07.17-02.12.42:425][  0]LogAudioMixer: Display: 	Max Channels (voices):				  32
[2025.07.17-02.12.42:425][  0]LogAudioMixer: Display: 	Number of Async Source Workers:		  0
[2025.07.17-02.12.42:426][  0]LogAudio: Display: AudioDevice MaxSources: 32
[2025.07.17-02.12.42:426][  0]LogAudio: Display: Audio Spatialization Plugin: None (built-in).
[2025.07.17-02.12.42:426][  0]LogAudio: Display: Audio Reverb Plugin: None (built-in).
[2025.07.17-02.12.42:426][  0]LogAudio: Display: Audio Occlusion Plugin: None (built-in).
[2025.07.17-02.12.42:426][  0]LogAudioMixer: Display: Initializing audio mixer.
[2025.07.17-02.12.42:452][  0]LogAudioMixer: Display: 0: FrontLeft
[2025.07.17-02.12.42:452][  0]LogAudioMixer: Display: 1: FrontRight
[2025.07.17-02.12.42:491][  0]LogAudioMixer: Display: Using Audio Device Headphones (SOUNDPEATS Mini HS Stereo)
[2025.07.17-02.12.42:497][  0]LogAudioMixer: Display: Initializing Sound Submixes...
[2025.07.17-02.12.42:501][  0]LogAudioMixer: Display: Creating Master Submix 'MasterSubmixDefault'
[2025.07.17-02.12.42:501][  0]LogAudioMixer: Display: Creating Master Submix 'MasterReverbSubmixDefault'
[2025.07.17-02.12.42:502][  0]LogAudioMixer: Display: Creating Master Submix 'MasterEQSubmixDefault'
[2025.07.17-02.12.42:502][  0]LogAudioMixer: FMixerPlatformXAudio2::StartAudioStream() called
[2025.07.17-02.12.42:502][  0]LogAudioMixer: Display: Output buffers initialized: Frames=1024, Channels=2, Samples=2048
[2025.07.17-02.12.42:505][  0]LogAudioMixer: Display: Starting AudioMixerPlatformInterface::RunInternal()
[2025.07.17-02.12.42:505][  0]LogAudioMixer: Display: FMixerPlatformXAudio2::SubmitBuffer() called for the first time
[2025.07.17-02.12.42:505][  0]LogInit: FAudioDevice initialized.
[2025.07.17-02.12.42:505][  0]LogAudio: Display: Audio Device (ID: 1) registered with world 'Untitled'.
[2025.07.17-02.12.42:506][  0]LogNetVersion: Set ProjectVersion to 1.0.0.0. Version Checksum will be recalculated on next use.
[2025.07.17-02.12.42:615][  0]LogDerivedDataCache: Saved boot cache 0.11s 97MB C:/Users/ezequ/AppData/Local/UnrealEngine/4.27/DerivedDataCache/Boot.ddc.
[2025.07.17-02.12.42:622][  0]LogInit: Texture streaming: Enabled
[2025.07.17-02.12.42:652][  0]LogAnalytics: Display: [UEEditor.Rocket.Release] APIServer = https://datarouter.ol.epicgames.com/. AppVersion = 4.27.2-18319896+++UE4+Release-4.27
[2025.07.17-02.12.42:672][  0]LogEngineSessionManager: EngineSessionManager initialized
[2025.07.17-02.12.42:672][  0]LogEditorSessionSummary: Verbose: Initializing EditorSessionSummaryWriter for editor session tracking
[2025.07.17-02.12.42:712][  0]LogEditorSessionSummary: EditorSessionSummaryWriter initialized
[2025.07.17-02.12.42:799][  0]LogInit: Transaction tracking system initialized
[2025.07.17-02.12.42:847][  0]BlueprintLog: New page: Editor Load
[2025.07.17-02.12.42:985][  0]LocalizationService: Localization service is disabled
[2025.07.17-02.12.43:052][  0]TimingProfiler: Initialize
[2025.07.17-02.12.43:052][  0]TimingProfiler: OnSessionChanged
[2025.07.17-02.12.43:053][  0]LoadingProfiler: Initialize
[2025.07.17-02.12.43:053][  0]LoadingProfiler: OnSessionChanged
[2025.07.17-02.12.43:053][  0]NetworkingProfiler: Initialize
[2025.07.17-02.12.43:053][  0]NetworkingProfiler: OnSessionChanged
[2025.07.17-02.12.43:053][  0]MemoryProfiler: Initialize
[2025.07.17-02.12.43:054][  0]MemoryProfiler: OnSessionChanged
[2025.07.17-02.12.43:528][  0]LogCook: Display: CookSettings for Memory: MemoryMaxUsedVirtual 0MiB, MemoryMaxUsedPhysical 16384MiB, MemoryMinFreeVirtual 0MiB, MemoryMinFreePhysical 1024MiB
[2025.07.17-02.12.43:528][  0]LogCook: Display: Mobile HDR setting 1
[2025.07.17-02.12.44:143][  0]LogFileCache: Scanning file cache for directory 'D:/UTN-e-learning/Unreal-Engine/Unreal-Projects/TP_PreEntrega/Content/' took 0.02s
[2025.07.17-02.12.44:866][  0]LogInit: Display: Engine is initialized. Leaving FEngineLoop::Init()
[2025.07.17-02.12.44:894][  0]SourceControl: Source control is disabled
[2025.07.17-02.12.44:894][  0]LogUnrealEdMisc: Loading editor; pre map load, took 13.235
[2025.07.17-02.12.44:894][  0]Cmd: MAP LOAD FILE="../../../../../UTN-e-learning/Unreal-Engine/Unreal-Projects/TP_PreEntrega/Content/ThirdPersonBP/Maps/ThirdPersonExampleMap.umap" TEMPLATE=0 SHOWPROGRESS=1 FEATURELEVEL=3
[2025.07.17-02.12.44:895][  0]LightingResults: New page: Lighting Build
[2025.07.17-02.12.44:897][  0]LogWorld: UWorld::CleanupWorld for Untitled, bSessionEnded=true, bCleanupResources=true
[2025.07.17-02.12.44:897][  0]LogSlate: InvalidateAllWidgets triggered.  All widgets were invalidated
[2025.07.17-02.12.44:897][  0]MapCheck: New page: Map Check
[2025.07.17-02.12.44:897][  0]LightingResults: New page: Lighting Build
[2025.07.17-02.12.44:911][  0]LogAudio: Display: Audio Device unregistered from world 'None'.
[2025.07.17-02.12.44:916][  0]LogUObjectHash: Compacting FUObjectHashTables data took   1.31ms
[2025.07.17-02.12.45:627][  0]LogMaterial: Display: Missing cached shadermap for lambert3 in PCD3D_SM5, Default, SM5 (DDC key hash: 413A473F6C1F033E4C91DB0C697F95E9D6B983AF), compiling. 
[2025.07.17-02.12.45:629][  0]LogMaterial: Warning: [AssetLog] D:\UTN-e-learning\Unreal-Engine\Unreal-Projects\TP_PreEntrega\Content\ThirdPersonBP\Blueprints\blueprints\Textures\lambert3.uasset: Failed to compile Material for platform PCD3D_SM5, Default Material will be used in game.
[2025.07.17-02.12.45:629][  0]LogMaterial: Display: 	(Node TextureSample) TextureSample> Sampler type is Normal, should be Color for /Game/ThirdPersonBP/Blueprints/blueprints/Textures/ROCK04LB.ROCK04LB
[2025.07.17-02.12.45:656][  0]LogAudio: Display: Audio Device (ID: 1) registered with world 'ThirdPersonExampleMap'.
[2025.07.17-02.12.45:658][  0]LogAIModule: Creating AISystem for world ThirdPersonExampleMap
[2025.07.17-02.12.45:680][  0]LogMaterial: Display: Material /Game/StarterContent/Materials/M_Wood_Floor_Walnut_Polished.M_Wood_Floor_Walnut_Polished needed to have new flag set bUsedWithSkeletalMesh !
[2025.07.17-02.12.45:682][  0]LogMaterial: Display: Missing cached shadermap for M_Wood_Floor_Walnut_Polished in PCD3D_SM5, Default, SM5 (DDC key hash: 567D0E023D582749B7808E1A1CE2A54334E0FCD2), compiling. 
[2025.07.17-02.12.45:822][  0]LogShaderCompilers: Display: Submitted 41 shader compile jobs with 'Low' priority
[2025.07.17-02.12.45:824][  0]MapCheck: Warning: M_Wood_Floor_Walnut_Polished Material /Game/StarterContent/Materials/M_Wood_Floor_Walnut_Polished.M_Wood_Floor_Walnut_Polished was missing the usage flag bUsedWithSkeletalMesh. If the material asset is not re-saved, it may not render correctly when run outside the editor. Fix
[2025.07.17-02.12.45:968][  0]LogShaderCompilers: Display: Worker (1/5): shaders left to compile 41
[2025.07.17-02.12.45:968][  0]LogShaderCompilers: Display: Worker (2/5): shaders left to compile 32
[2025.07.17-02.12.45:968][  0]LogShaderCompilers: Display: Worker (3/5): shaders left to compile 23
[2025.07.17-02.12.45:968][  0]LogShaderCompilers: Display: Worker (4/5): shaders left to compile 14
[2025.07.17-02.12.45:969][  0]LogShaderCompilers: Display: Worker (5/5): shaders left to compile 5
[2025.07.17-02.12.45:969][  0]LogShaderCompilers: Display: Started 41 'Local' shader compile jobs with 'Low' priority
[2025.07.17-02.12.45:971][  0]LogEditorServer: Finished looking for orphan Actors (0.001 secs)
[2025.07.17-02.12.46:011][  0]LogUObjectHash: Compacting FUObjectHashTables data took   3.34ms
[2025.07.17-02.12.46:012][  0]Cmd: MAP CHECKDEP NOCLEARLOG
[2025.07.17-02.12.46:013][  0]MapCheck: Map check complete: 0 Error(s), 1 Warning(s), took 0.269ms to complete.
[2025.07.17-02.12.46:046][  0]LogFileHelpers: Loading map 'ThirdPersonExampleMap' took 1.153
[2025.07.17-02.12.46:054][  0]LogUnrealEdMisc: Total Editor Startup Time, took 14.395
[2025.07.17-02.12.46:393][  0]LogSlate: Updating window title bar state: overlay mode, drag disabled, window buttons hidden, title bar hidden
[2025.07.17-02.12.46:421][  0]LogSlate: Updating window title bar state: overlay mode, drag disabled, window buttons hidden, title bar hidden
[2025.07.17-02.12.46:451][  0]LogSlate: Updating window title bar state: overlay mode, drag disabled, window buttons hidden, title bar hidden
[2025.07.17-02.12.46:480][  0]LogSlate: Updating window title bar state: overlay mode, drag disabled, window buttons hidden, title bar hidden
[2025.07.17-02.12.46:571][  0]LogNativeClassHierarchy: Verbose: Native class hierarchy populated in 0.0440 seconds. Added 4208 classes and 963 folders.
[2025.07.17-02.12.46:578][  0]LogNativeClassHierarchy: Verbose: Native class hierarchy updated for 'WidgetCarousel' in 0.0006 seconds. Added 0 classes and 0 folders.
[2025.07.17-02.12.46:582][  0]LogPakFile: PakFile PrimaryIndexSize=187
[2025.07.17-02.12.46:582][  0]LogPakFile: PakFile PathHashIndexSize=101
[2025.07.17-02.12.46:582][  0]LogPakFile: PakFile FullDirectoryIndexSize=148
[2025.07.17-02.12.46:582][  0]LogShaderLibrary: Display: ShaderCodeLibraryPakFileMountedCallback: PakFile 'D:/UE4-Windows/UE_4.27/FeaturePacks/FP_FirstPerson.upack' (chunk index -1, root 'root:/') mounted
[2025.07.17-02.12.46:582][  0]LogShaderLibrary: Display: ShaderCodeLibraryPakFileMountedCallback: pending pak file info (ChunkID:-1 Root:root:/ File:D:/UE4-Windows/UE_4.27/FeaturePacks/FP_FirstPerson.upack)
[2025.07.17-02.12.46:582][  0]LogPakFile: OnPakFileMounted2Time == 0.000227
[2025.07.17-02.12.46:585][  0]LogPakFile: PakFile PrimaryIndexSize=189
[2025.07.17-02.12.46:585][  0]LogPakFile: PakFile PathHashIndexSize=101
[2025.07.17-02.12.46:585][  0]LogPakFile: PakFile FullDirectoryIndexSize=152
[2025.07.17-02.12.46:585][  0]LogShaderLibrary: Display: ShaderCodeLibraryPakFileMountedCallback: PakFile 'D:/UE4-Windows/UE_4.27/FeaturePacks/FP_FirstPersonBP.upack' (chunk index -1, root 'root:/') mounted
[2025.07.17-02.12.46:585][  0]LogShaderLibrary: Display: ShaderCodeLibraryPakFileMountedCallback: pending pak file info (ChunkID:-1 Root:root:/ File:D:/UE4-Windows/UE_4.27/FeaturePacks/FP_FirstPersonBP.upack)
[2025.07.17-02.12.46:585][  0]LogPakFile: OnPakFileMounted2Time == 0.000190
[2025.07.17-02.12.46:588][  0]LogPakFile: PakFile PrimaryIndexSize=191
[2025.07.17-02.12.46:591][  0]LogPakFile: PakFile PathHashIndexSize=101
[2025.07.17-02.12.46:591][  0]LogPakFile: PakFile FullDirectoryIndexSize=160
[2025.07.17-02.12.46:591][  0]LogShaderLibrary: Display: ShaderCodeLibraryPakFileMountedCallback: PakFile 'D:/UE4-Windows/UE_4.27/FeaturePacks/MobileStarterContent.upack' (chunk index -1, root 'root:/') mounted
[2025.07.17-02.12.46:591][  0]LogShaderLibrary: Display: ShaderCodeLibraryPakFileMountedCallback: pending pak file info (ChunkID:-1 Root:root:/ File:D:/UE4-Windows/UE_4.27/FeaturePacks/MobileStarterContent.upack)
[2025.07.17-02.12.46:592][  0]LogPakFile: OnPakFileMounted2Time == 0.000248
[2025.07.17-02.12.46:594][  0]LogPakFile: PakFile PrimaryIndexSize=185
[2025.07.17-02.12.46:594][  0]LogPakFile: PakFile PathHashIndexSize=101
[2025.07.17-02.12.46:594][  0]LogPakFile: PakFile FullDirectoryIndexSize=148
[2025.07.17-02.12.46:594][  0]LogShaderLibrary: Display: ShaderCodeLibraryPakFileMountedCallback: PakFile 'D:/UE4-Windows/UE_4.27/FeaturePacks/StarterContent.upack' (chunk index -1, root 'root:/') mounted
[2025.07.17-02.12.46:594][  0]LogShaderLibrary: Display: ShaderCodeLibraryPakFileMountedCallback: pending pak file info (ChunkID:-1 Root:root:/ File:D:/UE4-Windows/UE_4.27/FeaturePacks/StarterContent.upack)
[2025.07.17-02.12.46:594][  0]LogPakFile: OnPakFileMounted2Time == 0.000219
[2025.07.17-02.12.46:597][  0]LogPakFile: PakFile PrimaryIndexSize=190
[2025.07.17-02.12.46:597][  0]LogPakFile: PakFile PathHashIndexSize=101
[2025.07.17-02.12.46:597][  0]LogPakFile: PakFile FullDirectoryIndexSize=154
[2025.07.17-02.12.46:597][  0]LogShaderLibrary: Display: ShaderCodeLibraryPakFileMountedCallback: PakFile 'D:/UE4-Windows/UE_4.27/FeaturePacks/TP_2DSideScroller.upack' (chunk index -1, root 'root:/') mounted
[2025.07.17-02.12.46:597][  0]LogShaderLibrary: Display: ShaderCodeLibraryPakFileMountedCallback: pending pak file info (ChunkID:-1 Root:root:/ File:D:/UE4-Windows/UE_4.27/FeaturePacks/TP_2DSideScroller.upack)
[2025.07.17-02.12.46:597][  0]LogPakFile: OnPakFileMounted2Time == 0.000240
[2025.07.17-02.12.46:600][  0]LogPakFile: PakFile PrimaryIndexSize=192
[2025.07.17-02.12.46:600][  0]LogPakFile: PakFile PathHashIndexSize=101
[2025.07.17-02.12.46:600][  0]LogPakFile: PakFile FullDirectoryIndexSize=158
[2025.07.17-02.12.46:600][  0]LogShaderLibrary: Display: ShaderCodeLibraryPakFileMountedCallback: PakFile 'D:/UE4-Windows/UE_4.27/FeaturePacks/TP_2DSideScrollerBP.upack' (chunk index -1, root 'root:/') mounted
[2025.07.17-02.12.46:600][  0]LogShaderLibrary: Display: ShaderCodeLibraryPakFileMountedCallback: pending pak file info (ChunkID:-1 Root:root:/ File:D:/UE4-Windows/UE_4.27/FeaturePacks/TP_2DSideScrollerBP.upack)
[2025.07.17-02.12.46:600][  0]LogPakFile: OnPakFileMounted2Time == 0.000218
[2025.07.17-02.12.46:603][  0]LogPakFile: PakFile PrimaryIndexSize=182
[2025.07.17-02.12.46:603][  0]LogPakFile: PakFile PathHashIndexSize=101
[2025.07.17-02.12.46:603][  0]LogPakFile: PakFile FullDirectoryIndexSize=138
[2025.07.17-02.12.46:603][  0]LogShaderLibrary: Display: ShaderCodeLibraryPakFileMountedCallback: PakFile 'D:/UE4-Windows/UE_4.27/FeaturePacks/TP_Flying.upack' (chunk index -1, root 'root:/') mounted
[2025.07.17-02.12.46:603][  0]LogShaderLibrary: Display: ShaderCodeLibraryPakFileMountedCallback: pending pak file info (ChunkID:-1 Root:root:/ File:D:/UE4-Windows/UE_4.27/FeaturePacks/TP_Flying.upack)
[2025.07.17-02.12.46:603][  0]LogPakFile: OnPakFileMounted2Time == 0.000186
[2025.07.17-02.12.46:605][  0]LogPakFile: PakFile PrimaryIndexSize=184
[2025.07.17-02.12.46:605][  0]LogPakFile: PakFile PathHashIndexSize=101
[2025.07.17-02.12.46:605][  0]LogPakFile: PakFile FullDirectoryIndexSize=142
[2025.07.17-02.12.46:605][  0]LogShaderLibrary: Display: ShaderCodeLibraryPakFileMountedCallback: PakFile 'D:/UE4-Windows/UE_4.27/FeaturePacks/TP_FlyingBP.upack' (chunk index -1, root 'root:/') mounted
[2025.07.17-02.12.46:606][  0]LogShaderLibrary: Display: ShaderCodeLibraryPakFileMountedCallback: pending pak file info (ChunkID:-1 Root:root:/ File:D:/UE4-Windows/UE_4.27/FeaturePacks/TP_FlyingBP.upack)
[2025.07.17-02.12.46:606][  0]LogPakFile: OnPakFileMounted2Time == 0.000304
[2025.07.17-02.12.46:608][  0]LogPakFile: PakFile PrimaryIndexSize=188
[2025.07.17-02.12.46:608][  0]LogPakFile: PakFile PathHashIndexSize=101
[2025.07.17-02.12.46:608][  0]LogPakFile: PakFile FullDirectoryIndexSize=150
[2025.07.17-02.12.46:608][  0]LogShaderLibrary: Display: ShaderCodeLibraryPakFileMountedCallback: PakFile 'D:/UE4-Windows/UE_4.27/FeaturePacks/TP_HandheldARBP.upack' (chunk index -1, root 'root:/') mounted
[2025.07.17-02.12.46:609][  0]LogShaderLibrary: Display: ShaderCodeLibraryPakFileMountedCallback: pending pak file info (ChunkID:-1 Root:root:/ File:D:/UE4-Windows/UE_4.27/FeaturePacks/TP_HandheldARBP.upack)
[2025.07.17-02.12.46:609][  0]LogPakFile: OnPakFileMounted2Time == 0.000352
[2025.07.17-02.12.46:611][  0]LogPakFile: PakFile PrimaryIndexSize=182
[2025.07.17-02.12.46:611][  0]LogPakFile: PakFile PathHashIndexSize=101
[2025.07.17-02.12.46:611][  0]LogPakFile: PakFile FullDirectoryIndexSize=138
[2025.07.17-02.12.46:611][  0]LogShaderLibrary: Display: ShaderCodeLibraryPakFileMountedCallback: PakFile 'D:/UE4-Windows/UE_4.27/FeaturePacks/TP_Puzzle.upack' (chunk index -1, root 'root:/') mounted
[2025.07.17-02.12.46:611][  0]LogShaderLibrary: Display: ShaderCodeLibraryPakFileMountedCallback: pending pak file info (ChunkID:-1 Root:root:/ File:D:/UE4-Windows/UE_4.27/FeaturePacks/TP_Puzzle.upack)
[2025.07.17-02.12.46:612][  0]LogPakFile: OnPakFileMounted2Time == 0.000205
[2025.07.17-02.12.46:614][  0]LogPakFile: PakFile PrimaryIndexSize=184
[2025.07.17-02.12.46:614][  0]LogPakFile: PakFile PathHashIndexSize=101
[2025.07.17-02.12.46:614][  0]LogPakFile: PakFile FullDirectoryIndexSize=142
[2025.07.17-02.12.46:614][  0]LogShaderLibrary: Display: ShaderCodeLibraryPakFileMountedCallback: PakFile 'D:/UE4-Windows/UE_4.27/FeaturePacks/TP_PuzzleBP.upack' (chunk index -1, root 'root:/') mounted
[2025.07.17-02.12.46:614][  0]LogShaderLibrary: Display: ShaderCodeLibraryPakFileMountedCallback: pending pak file info (ChunkID:-1 Root:root:/ File:D:/UE4-Windows/UE_4.27/FeaturePacks/TP_PuzzleBP.upack)
[2025.07.17-02.12.46:614][  0]LogPakFile: OnPakFileMounted2Time == 0.000193
[2025.07.17-02.12.46:616][  0]LogPakFile: PakFile PrimaryIndexSize=183
[2025.07.17-02.12.46:616][  0]LogPakFile: PakFile PathHashIndexSize=101
[2025.07.17-02.12.46:616][  0]LogPakFile: PakFile FullDirectoryIndexSize=140
[2025.07.17-02.12.46:617][  0]LogShaderLibrary: Display: ShaderCodeLibraryPakFileMountedCallback: PakFile 'D:/UE4-Windows/UE_4.27/FeaturePacks/TP_Rolling.upack' (chunk index -1, root 'root:/') mounted
[2025.07.17-02.12.46:617][  0]LogShaderLibrary: Display: ShaderCodeLibraryPakFileMountedCallback: pending pak file info (ChunkID:-1 Root:root:/ File:D:/UE4-Windows/UE_4.27/FeaturePacks/TP_Rolling.upack)
[2025.07.17-02.12.46:617][  0]LogPakFile: OnPakFileMounted2Time == 0.000270
[2025.07.17-02.12.46:619][  0]LogPakFile: PakFile PrimaryIndexSize=185
[2025.07.17-02.12.46:619][  0]LogPakFile: PakFile PathHashIndexSize=101
[2025.07.17-02.12.46:619][  0]LogPakFile: PakFile FullDirectoryIndexSize=144
[2025.07.17-02.12.46:619][  0]LogShaderLibrary: Display: ShaderCodeLibraryPakFileMountedCallback: PakFile 'D:/UE4-Windows/UE_4.27/FeaturePacks/TP_RollingBP.upack' (chunk index -1, root 'root:/') mounted
[2025.07.17-02.12.46:619][  0]LogShaderLibrary: Display: ShaderCodeLibraryPakFileMountedCallback: pending pak file info (ChunkID:-1 Root:root:/ File:D:/UE4-Windows/UE_4.27/FeaturePacks/TP_RollingBP.upack)
[2025.07.17-02.12.46:619][  0]LogPakFile: OnPakFileMounted2Time == 0.000179
[2025.07.17-02.12.46:621][  0]LogPakFile: PakFile PrimaryIndexSize=188
[2025.07.17-02.12.46:621][  0]LogPakFile: PakFile PathHashIndexSize=101
[2025.07.17-02.12.46:621][  0]LogPakFile: PakFile FullDirectoryIndexSize=150
[2025.07.17-02.12.46:622][  0]LogShaderLibrary: Display: ShaderCodeLibraryPakFileMountedCallback: PakFile 'D:/UE4-Windows/UE_4.27/FeaturePacks/TP_SideScroller.upack' (chunk index -1, root 'root:/') mounted
[2025.07.17-02.12.46:622][  0]LogShaderLibrary: Display: ShaderCodeLibraryPakFileMountedCallback: pending pak file info (ChunkID:-1 Root:root:/ File:D:/UE4-Windows/UE_4.27/FeaturePacks/TP_SideScroller.upack)
[2025.07.17-02.12.46:622][  0]LogPakFile: OnPakFileMounted2Time == 0.000422
[2025.07.17-02.12.46:624][  0]LogPakFile: PakFile PrimaryIndexSize=190
[2025.07.17-02.12.46:624][  0]LogPakFile: PakFile PathHashIndexSize=101
[2025.07.17-02.12.46:624][  0]LogPakFile: PakFile FullDirectoryIndexSize=154
[2025.07.17-02.12.46:624][  0]LogShaderLibrary: Display: ShaderCodeLibraryPakFileMountedCallback: PakFile 'D:/UE4-Windows/UE_4.27/FeaturePacks/TP_SideScrollerBP.upack' (chunk index -1, root 'root:/') mounted
[2025.07.17-02.12.46:624][  0]LogShaderLibrary: Display: ShaderCodeLibraryPakFileMountedCallback: pending pak file info (ChunkID:-1 Root:root:/ File:D:/UE4-Windows/UE_4.27/FeaturePacks/TP_SideScrollerBP.upack)
[2025.07.17-02.12.46:624][  0]LogPakFile: OnPakFileMounted2Time == 0.000164
[2025.07.17-02.12.46:626][  0]LogPakFile: PakFile PrimaryIndexSize=187
[2025.07.17-02.12.46:627][  0]LogPakFile: PakFile PathHashIndexSize=101
[2025.07.17-02.12.46:627][  0]LogPakFile: PakFile FullDirectoryIndexSize=148
[2025.07.17-02.12.46:627][  0]LogShaderLibrary: Display: ShaderCodeLibraryPakFileMountedCallback: PakFile 'D:/UE4-Windows/UE_4.27/FeaturePacks/TP_ThirdPerson.upack' (chunk index -1, root 'root:/') mounted
[2025.07.17-02.12.46:627][  0]LogShaderLibrary: Display: ShaderCodeLibraryPakFileMountedCallback: pending pak file info (ChunkID:-1 Root:root:/ File:D:/UE4-Windows/UE_4.27/FeaturePacks/TP_ThirdPerson.upack)
[2025.07.17-02.12.46:627][  0]LogPakFile: OnPakFileMounted2Time == 0.000212
[2025.07.17-02.12.46:629][  0]LogPakFile: PakFile PrimaryIndexSize=189
[2025.07.17-02.12.46:629][  0]LogPakFile: PakFile PathHashIndexSize=101
[2025.07.17-02.12.46:629][  0]LogPakFile: PakFile FullDirectoryIndexSize=152
[2025.07.17-02.12.46:629][  0]LogShaderLibrary: Display: ShaderCodeLibraryPakFileMountedCallback: PakFile 'D:/UE4-Windows/UE_4.27/FeaturePacks/TP_ThirdPersonBP.upack' (chunk index -1, root 'root:/') mounted
[2025.07.17-02.12.46:630][  0]LogShaderLibrary: Display: ShaderCodeLibraryPakFileMountedCallback: pending pak file info (ChunkID:-1 Root:root:/ File:D:/UE4-Windows/UE_4.27/FeaturePacks/TP_ThirdPersonBP.upack)
[2025.07.17-02.12.46:630][  0]LogPakFile: OnPakFileMounted2Time == 0.000334
[2025.07.17-02.12.46:632][  0]LogPakFile: PakFile PrimaryIndexSize=183
[2025.07.17-02.12.46:632][  0]LogPakFile: PakFile PathHashIndexSize=101
[2025.07.17-02.12.46:632][  0]LogPakFile: PakFile FullDirectoryIndexSize=140
[2025.07.17-02.12.46:632][  0]LogShaderLibrary: Display: ShaderCodeLibraryPakFileMountedCallback: PakFile 'D:/UE4-Windows/UE_4.27/FeaturePacks/TP_TopDown.upack' (chunk index -1, root 'root:/') mounted
[2025.07.17-02.12.46:632][  0]LogShaderLibrary: Display: ShaderCodeLibraryPakFileMountedCallback: pending pak file info (ChunkID:-1 Root:root:/ File:D:/UE4-Windows/UE_4.27/FeaturePacks/TP_TopDown.upack)
[2025.07.17-02.12.46:633][  0]LogPakFile: OnPakFileMounted2Time == 0.000238
[2025.07.17-02.12.46:635][  0]LogPakFile: PakFile PrimaryIndexSize=185
[2025.07.17-02.12.46:635][  0]LogPakFile: PakFile PathHashIndexSize=101
[2025.07.17-02.12.46:635][  0]LogPakFile: PakFile FullDirectoryIndexSize=144
[2025.07.17-02.12.46:635][  0]LogShaderLibrary: Display: ShaderCodeLibraryPakFileMountedCallback: PakFile 'D:/UE4-Windows/UE_4.27/FeaturePacks/TP_TopDownBP.upack' (chunk index -1, root 'root:/') mounted
[2025.07.17-02.12.46:635][  0]LogShaderLibrary: Display: ShaderCodeLibraryPakFileMountedCallback: pending pak file info (ChunkID:-1 Root:root:/ File:D:/UE4-Windows/UE_4.27/FeaturePacks/TP_TopDownBP.upack)
[2025.07.17-02.12.46:635][  0]LogPakFile: OnPakFileMounted2Time == 0.000177
[2025.07.17-02.12.46:637][  0]LogPakFile: PakFile PrimaryIndexSize=185
[2025.07.17-02.12.46:637][  0]LogPakFile: PakFile PathHashIndexSize=101
[2025.07.17-02.12.46:637][  0]LogPakFile: PakFile FullDirectoryIndexSize=144
[2025.07.17-02.12.46:637][  0]LogShaderLibrary: Display: ShaderCodeLibraryPakFileMountedCallback: PakFile 'D:/UE4-Windows/UE_4.27/FeaturePacks/TP_TwinStick.upack' (chunk index -1, root 'root:/') mounted
[2025.07.17-02.12.46:637][  0]LogShaderLibrary: Display: ShaderCodeLibraryPakFileMountedCallback: pending pak file info (ChunkID:-1 Root:root:/ File:D:/UE4-Windows/UE_4.27/FeaturePacks/TP_TwinStick.upack)
[2025.07.17-02.12.46:638][  0]LogPakFile: OnPakFileMounted2Time == 0.000163
[2025.07.17-02.12.46:640][  0]LogPakFile: PakFile PrimaryIndexSize=187
[2025.07.17-02.12.46:640][  0]LogPakFile: PakFile PathHashIndexSize=101
[2025.07.17-02.12.46:640][  0]LogPakFile: PakFile FullDirectoryIndexSize=148
[2025.07.17-02.12.46:640][  0]LogShaderLibrary: Display: ShaderCodeLibraryPakFileMountedCallback: PakFile 'D:/UE4-Windows/UE_4.27/FeaturePacks/TP_TwinStickBP.upack' (chunk index -1, root 'root:/') mounted
[2025.07.17-02.12.46:640][  0]LogShaderLibrary: Display: ShaderCodeLibraryPakFileMountedCallback: pending pak file info (ChunkID:-1 Root:root:/ File:D:/UE4-Windows/UE_4.27/FeaturePacks/TP_TwinStickBP.upack)
[2025.07.17-02.12.46:640][  0]LogPakFile: OnPakFileMounted2Time == 0.000216
[2025.07.17-02.12.46:643][  0]LogPakFile: PakFile PrimaryIndexSize=183
[2025.07.17-02.12.46:643][  0]LogPakFile: PakFile PathHashIndexSize=101
[2025.07.17-02.12.46:643][  0]LogPakFile: PakFile FullDirectoryIndexSize=140
[2025.07.17-02.12.46:643][  0]LogShaderLibrary: Display: ShaderCodeLibraryPakFileMountedCallback: PakFile 'D:/UE4-Windows/UE_4.27/FeaturePacks/TP_Vehicle.upack' (chunk index -1, root 'root:/') mounted
[2025.07.17-02.12.46:643][  0]LogShaderLibrary: Display: ShaderCodeLibraryPakFileMountedCallback: pending pak file info (ChunkID:-1 Root:root:/ File:D:/UE4-Windows/UE_4.27/FeaturePacks/TP_Vehicle.upack)
[2025.07.17-02.12.46:643][  0]LogPakFile: OnPakFileMounted2Time == 0.000186
[2025.07.17-02.12.46:645][  0]LogPakFile: PakFile PrimaryIndexSize=186
[2025.07.17-02.12.46:645][  0]LogPakFile: PakFile PathHashIndexSize=101
[2025.07.17-02.12.46:645][  0]LogPakFile: PakFile FullDirectoryIndexSize=146
[2025.07.17-02.12.46:645][  0]LogShaderLibrary: Display: ShaderCodeLibraryPakFileMountedCallback: PakFile 'D:/UE4-Windows/UE_4.27/FeaturePacks/TP_VehicleAdv.upack' (chunk index -1, root 'root:/') mounted
[2025.07.17-02.12.46:646][  0]LogShaderLibrary: Display: ShaderCodeLibraryPakFileMountedCallback: pending pak file info (ChunkID:-1 Root:root:/ File:D:/UE4-Windows/UE_4.27/FeaturePacks/TP_VehicleAdv.upack)
[2025.07.17-02.12.46:646][  0]LogPakFile: OnPakFileMounted2Time == 0.000206
[2025.07.17-02.12.46:648][  0]LogPakFile: PakFile PrimaryIndexSize=188
[2025.07.17-02.12.46:648][  0]LogPakFile: PakFile PathHashIndexSize=101
[2025.07.17-02.12.46:648][  0]LogPakFile: PakFile FullDirectoryIndexSize=150
[2025.07.17-02.12.46:648][  0]LogShaderLibrary: Display: ShaderCodeLibraryPakFileMountedCallback: PakFile 'D:/UE4-Windows/UE_4.27/FeaturePacks/TP_VehicleAdvBP.upack' (chunk index -1, root 'root:/') mounted
[2025.07.17-02.12.46:648][  0]LogShaderLibrary: Display: ShaderCodeLibraryPakFileMountedCallback: pending pak file info (ChunkID:-1 Root:root:/ File:D:/UE4-Windows/UE_4.27/FeaturePacks/TP_VehicleAdvBP.upack)
[2025.07.17-02.12.46:648][  0]LogPakFile: OnPakFileMounted2Time == 0.000197
[2025.07.17-02.12.46:650][  0]LogPakFile: PakFile PrimaryIndexSize=185
[2025.07.17-02.12.46:651][  0]LogPakFile: PakFile PathHashIndexSize=101
[2025.07.17-02.12.46:651][  0]LogPakFile: PakFile FullDirectoryIndexSize=144
[2025.07.17-02.12.46:651][  0]LogShaderLibrary: Display: ShaderCodeLibraryPakFileMountedCallback: PakFile 'D:/UE4-Windows/UE_4.27/FeaturePacks/TP_VehicleBP.upack' (chunk index -1, root 'root:/') mounted
[2025.07.17-02.12.46:651][  0]LogShaderLibrary: Display: ShaderCodeLibraryPakFileMountedCallback: pending pak file info (ChunkID:-1 Root:root:/ File:D:/UE4-Windows/UE_4.27/FeaturePacks/TP_VehicleBP.upack)
[2025.07.17-02.12.46:651][  0]LogPakFile: OnPakFileMounted2Time == 0.000200
[2025.07.17-02.12.46:654][  0]LogPakFile: PakFile PrimaryIndexSize=192
[2025.07.17-02.12.46:654][  0]LogPakFile: PakFile PathHashIndexSize=101
[2025.07.17-02.12.46:654][  0]LogPakFile: PakFile FullDirectoryIndexSize=158
[2025.07.17-02.12.46:654][  0]LogShaderLibrary: Display: ShaderCodeLibraryPakFileMountedCallback: PakFile 'D:/UE4-Windows/UE_4.27/FeaturePacks/TP_VirtualRealityBP.upack' (chunk index -1, root 'root:/') mounted
[2025.07.17-02.12.46:654][  0]LogShaderLibrary: Display: ShaderCodeLibraryPakFileMountedCallback: pending pak file info (ChunkID:-1 Root:root:/ File:D:/UE4-Windows/UE_4.27/FeaturePacks/TP_VirtualRealityBP.upack)
[2025.07.17-02.12.46:654][  0]LogPakFile: OnPakFileMounted2Time == 0.000192
[2025.07.17-02.12.46:830][  0]LogNativeClassHierarchy: Verbose: Native class hierarchy updated for 'AddContentDialog' in 0.0007 seconds. Added 0 classes and 0 folders.
[2025.07.17-02.12.46:834][  0]LogNativeClassHierarchy: Verbose: Native class hierarchy updated for 'SceneOutliner' in 0.0008 seconds. Added 2 classes and 0 folders.
[2025.07.17-02.12.47:288][  0]LogSlate: Took 0.000364 seconds to synchronously load lazily loaded font '../../../Engine/Content/Slate/Fonts/Roboto-Regular.ttf' (155K)
[2025.07.17-02.12.47:292][  0]LogSlate: Took 0.000438 seconds to synchronously load lazily loaded font '../../../Engine/Content/Editor/Slate/Fonts/FontAwesome.ttf' (139K)
[2025.07.17-02.12.47:295][  0]LogSlate: Took 0.000502 seconds to synchronously load lazily loaded font '../../../Engine/Content/Slate/Fonts/Roboto-Bold.ttf' (160K)
[2025.07.17-02.12.47:657][  0]LogRenderer: Reallocating scene render targets to support 1208x572 Format 10 NumSamples 1 (Frame:1).
[2025.07.17-02.12.47:876][  0]LogSlate: Took 0.000408 seconds to synchronously load lazily loaded font '../../../Engine/Content/Slate/Fonts/Roboto-Light.ttf' (167K)
[2025.07.17-02.12.48:921][  0]LogNativeClassHierarchy: Verbose: Native class hierarchy updated for 'HierarchicalLODOutliner' in 0.0007 seconds. Added 0 classes and 0 folders.
[2025.07.17-02.12.48:922][  0]LogInput: Warning: Action Jump uses invalid key OculusGo_Left_Trigger_Click.
[2025.07.17-02.12.48:922][  0]LogInput: Warning: Action ResetVR uses invalid key OculusGo_Left_Trackpad_Click.
[2025.07.17-02.12.48:922][  0]LogInput: Warning: Use -RemoveInvalidKeys to remove instances of these keys from the action mapping.
[2025.07.17-02.12.48:922][  0]LogLoad: (Engine Initialization) Total time: 17.26 seconds
[2025.07.17-02.12.48:922][  0]LogLoad: (Engine Initialization) Total Blueprint compile time: 0.00 seconds
[2025.07.17-02.12.49:120][  0]LogContentStreaming: Texture pool size now 1000 MB
[2025.07.17-02.12.49:491][  2]LogAssetRegistry: Asset discovery search completed in 12.7187 seconds
[2025.07.17-02.12.49:513][  2]LogCollectionManager: Fixed up redirectors for 0 collections in 0.000009 seconds (updated 0 objects)
[2025.07.17-02.13.32:759][490]LogUObjectHash: Compacting FUObjectHashTables data took   0.82ms
[2025.07.17-02.13.32:800][490]LogSlate: Window 'TP_PreEntrega - Unreal Editor' being destroyed
[2025.07.17-02.13.33:199][491]Cmd: QUIT_EDITOR
[2025.07.17-02.13.33:199][491]LogCore: Engine exit requested (reason: UUnrealEdEngine::CloseEditor())
[2025.07.17-02.13.33:278][491]LogCore: Engine exit requested (reason: EngineExit() was called; note: exit was already requested)
[2025.07.17-02.13.33:318][491]LogAudio: Display: Beginning Audio Device Manager Shutdown (Module: AudioMixerXAudio2)...
[2025.07.17-02.13.33:318][491]LogAudio: Display: Destroying 1 Remaining Audio Device(s)...
[2025.07.17-02.13.33:318][491]LogAudio: Display: Audio Device unregistered from world 'ThirdPersonExampleMap'.
[2025.07.17-02.13.33:318][491]LogAudioMixer: FMixerPlatformXAudio2::StopAudioStream() called
[2025.07.17-02.13.33:321][491]LogAudioMixer: FMixerPlatformXAudio2::StopAudioStream() called
[2025.07.17-02.13.33:329][491]LogAudio: Display: Audio Device Manager Shutdown
[2025.07.17-02.13.33:336][491]LogExit: Preparing to exit.
[2025.07.17-02.13.33:357][491]LogUObjectHash: Compacting FUObjectHashTables data took   3.09ms
[2025.07.17-02.13.33:850][491]LogWorld: UWorld::CleanupWorld for World_0, bSessionEnded=true, bCleanupResources=true
[2025.07.17-02.13.33:850][491]LogWorld: UWorld::CleanupWorld for World_1, bSessionEnded=true, bCleanupResources=true
[2025.07.17-02.13.33:850][491]LogWorld: UWorld::CleanupWorld for World_2, bSessionEnded=true, bCleanupResources=true
[2025.07.17-02.13.33:850][491]LogWorld: UWorld::CleanupWorld for World_3, bSessionEnded=true, bCleanupResources=true
[2025.07.17-02.13.33:850][491]LogWorld: UWorld::CleanupWorld for World_4, bSessionEnded=true, bCleanupResources=true
[2025.07.17-02.13.33:850][491]LogWorld: UWorld::CleanupWorld for World_5, bSessionEnded=true, bCleanupResources=true
[2025.07.17-02.13.33:851][491]LogWorld: UWorld::CleanupWorld for World_6, bSessionEnded=true, bCleanupResources=true
[2025.07.17-02.13.33:851][491]LogWorld: UWorld::CleanupWorld for World_7, bSessionEnded=true, bCleanupResources=true
[2025.07.17-02.13.33:851][491]LogWorld: UWorld::CleanupWorld for World_8, bSessionEnded=true, bCleanupResources=true
[2025.07.17-02.13.33:851][491]LogWorld: UWorld::CleanupWorld for World_9, bSessionEnded=true, bCleanupResources=true
[2025.07.17-02.13.33:851][491]LogWorld: UWorld::CleanupWorld for World_10, bSessionEnded=true, bCleanupResources=true
[2025.07.17-02.13.33:851][491]LogWorld: UWorld::CleanupWorld for World_11, bSessionEnded=true, bCleanupResources=true
[2025.07.17-02.13.33:851][491]LogWorld: UWorld::CleanupWorld for World_12, bSessionEnded=true, bCleanupResources=true
[2025.07.17-02.13.33:851][491]LogWorld: UWorld::CleanupWorld for World_13, bSessionEnded=true, bCleanupResources=true
[2025.07.17-02.13.33:851][491]LogWorld: UWorld::CleanupWorld for World_14, bSessionEnded=true, bCleanupResources=true
[2025.07.17-02.13.33:852][491]LogWorld: UWorld::CleanupWorld for World_15, bSessionEnded=true, bCleanupResources=true
[2025.07.17-02.13.33:852][491]LogWorld: UWorld::CleanupWorld for World_16, bSessionEnded=true, bCleanupResources=true
[2025.07.17-02.13.33:888][491]LogDemo: Cleaned up 0 splitscreen connections with owner deletion
[2025.07.17-02.13.33:897][491]LogStylusInput: Shutting down StylusInput subsystem.
[2025.07.17-02.13.33:897][491]LogWorld: UWorld::CleanupWorld for None, bSessionEnded=true, bCleanupResources=true
[2025.07.17-02.13.33:898][491]LogExit: Editor shut down
[2025.07.17-02.13.33:898][491]LogExit: Transaction tracking system shut down
[2025.07.17-02.13.34:186][491]LogExit: Object subsystem successfully closed.
[2025.07.17-02.13.34:204][491]LogShaderCompilers: Display: === FShaderJobCache stats ===
[2025.07.17-02.13.34:204][491]LogShaderCompilers: Display: Total job queries 41, among them cache hits 0 (0.00%)
[2025.07.17-02.13.34:204][491]LogShaderCompilers: Display: Tracking 41 distinct input hashes that result in 31 distinct outputs (75.61%)
[2025.07.17-02.13.34:204][491]LogShaderCompilers: Display: RAM used: 0.21 MB (0.00 GB) of 1638.40 MB (1.60 GB) budget. Usage: 0.01%
[2025.07.17-02.13.34:204][491]LogShaderCompilers: Display: ================================================
[2025.07.17-02.13.34:218][491]LogShaderCompilers: Display: Shaders left to compile 0
[2025.07.17-02.13.34:235][491]LogModuleManager: Shutting down and abandoning module HierarchicalLODOutliner (890)
[2025.07.17-02.13.34:235][491]LogModuleManager: Shutting down and abandoning module SceneOutliner (888)
[2025.07.17-02.13.34:235][491]LogModuleManager: Shutting down and abandoning module AddContentDialog (886)
[2025.07.17-02.13.34:235][491]LogModuleManager: Shutting down and abandoning module WidgetCarousel (885)
[2025.07.17-02.13.34:235][491]LogModuleManager: Shutting down and abandoning module EditorWidgets (882)
[2025.07.17-02.13.34:235][491]LogModuleManager: Shutting down and abandoning module StatsViewer (880)
[2025.07.17-02.13.34:235][491]LogModuleManager: Shutting down and abandoning module PIEPreviewDeviceProfileSelector (878)
[2025.07.17-02.13.34:235][491]LogModuleManager: Shutting down and abandoning module SequenceRecorderSections (876)
[2025.07.17-02.13.34:235][491]LogModuleManager: Shutting down and abandoning module AutomationWorker (874)
[2025.07.17-02.13.34:235][491]LogModuleManager: Shutting down and abandoning module SteamVREditor (872)
[2025.07.17-02.13.34:235][491]LogModuleManager: Shutting down and abandoning module OculusMR (870)
[2025.07.17-02.13.34:235][491]LogModuleManager: Shutting down and abandoning module OpenXRInput (868)
[2025.07.17-02.13.34:235][491]LogModuleManager: Shutting down and abandoning module TakeRecorderSources (866)
[2025.07.17-02.13.34:235][491]LogModuleManager: Shutting down and abandoning module TakeRecorder (865)
[2025.07.17-02.13.34:236][491]LogModuleManager: Shutting down and abandoning module TakeTrackRecorders (862)
[2025.07.17-02.13.34:236][491]LogModuleManager: Shutting down and abandoning module TakesCore (860)
[2025.07.17-02.13.34:236][491]LogModuleManager: Shutting down and abandoning module GooglePADEditor (858)
[2025.07.17-02.13.34:236][491]LogModuleManager: Shutting down and abandoning module AudioCaptureEditor (856)
[2025.07.17-02.13.34:236][491]LogModuleManager: Shutting down and abandoning module TemplateSequenceEditor (854)
[2025.07.17-02.13.34:236][491]LogModuleManager: Shutting down and abandoning module MatineeToLevelSequence (852)
[2025.07.17-02.13.34:236][491]LogModuleManager: Shutting down and abandoning module LevelSequenceEditor (850)
[2025.07.17-02.13.34:236][491]LogModuleManager: Shutting down and abandoning module ActorSequenceEditor (848)
[2025.07.17-02.13.34:236][491]LogModuleManager: Shutting down and abandoning module WebMMediaFactory (846)
[2025.07.17-02.13.34:236][491]LogModuleManager: Shutting down and abandoning module WebMMediaEditor (844)
[2025.07.17-02.13.34:236][491]LogModuleManager: Shutting down and abandoning module WebMMedia (842)
[2025.07.17-02.13.34:236][491]LogModuleManager: Shutting down and abandoning module WmfMediaFactory (840)
[2025.07.17-02.13.34:236][491]LogModuleManager: Shutting down and abandoning module WmfMediaEditor (838)
[2025.07.17-02.13.34:236][491]LogModuleManager: Shutting down and abandoning module MediaPlayerEditor (836)
[2025.07.17-02.13.34:237][491]LogModuleManager: Shutting down and abandoning module MediaCompositingEditor (834)
[2025.07.17-02.13.34:237][491]LogModuleManager: Shutting down and abandoning module SequenceRecorder (833)
[2025.07.17-02.13.34:237][491]LogModuleManager: Shutting down and abandoning module OpenExrWrapper (830)
[2025.07.17-02.13.34:237][491]LogModuleManager: Shutting down and abandoning module ImgMediaFactory (828)
[2025.07.17-02.13.34:237][491]LogModuleManager: Shutting down and abandoning module ImgMediaEditor (826)
[2025.07.17-02.13.34:237][491]LogModuleManager: Shutting down and abandoning module AvfMediaFactory (824)
[2025.07.17-02.13.34:237][491]LogModuleManager: Shutting down and abandoning module AvfMediaEditor (822)
[2025.07.17-02.13.34:237][491]LogModuleManager: Shutting down and abandoning module MagicLeapMediaCodecFactory (820)
[2025.07.17-02.13.34:237][491]LogModuleManager: Shutting down and abandoning module MagicLeapMediaFactory (818)
[2025.07.17-02.13.34:237][491]LogModuleManager: Shutting down and abandoning module MagicLeapMediaEditor (816)
[2025.07.17-02.13.34:237][491]LogModuleManager: Shutting down and abandoning module AndroidMediaFactory (814)
[2025.07.17-02.13.34:237][491]LogModuleManager: Shutting down and abandoning module AndroidMediaEditor (812)
[2025.07.17-02.13.34:237][491]LogModuleManager: Shutting down and abandoning module PlanarCut (810)
[2025.07.17-02.13.34:237][491]LogModuleManager: Shutting down and abandoning module CharacterAI (808)
[2025.07.17-02.13.34:237][491]LogModuleManager: Shutting down and abandoning module TextureAlignMode (806)
[2025.07.17-02.13.34:237][491]LogModuleManager: Shutting down and abandoning module BspMode (804)
[2025.07.17-02.13.34:237][491]LogModuleManager: Shutting down and abandoning module GeometryMode (802)
[2025.07.17-02.13.34:238][491]LogModuleManager: Shutting down and abandoning module CameraShakePreviewer (800)
[2025.07.17-02.13.34:238][491]LogModuleManager: Shutting down and abandoning module SmartSnapping (798)
[2025.07.17-02.13.34:238][491]LogModuleManager: Shutting down and abandoning module SessionServices (796)
[2025.07.17-02.13.34:238][491]LogModuleManager: Shutting down and abandoning module MeshPaint (794)
[2025.07.17-02.13.34:238][491]LogModuleManager: Shutting down and abandoning module VirtualTexturingEditor (792)
[2025.07.17-02.13.34:238][491]LogModuleManager: Shutting down and abandoning module FoliageEdit (790)
[2025.07.17-02.13.34:238][491]LogModuleManager: Shutting down and abandoning module LandscapeEditor (788)
[2025.07.17-02.13.34:238][491]LogModuleManager: Shutting down and abandoning module MeshPaintMode (786)
[2025.07.17-02.13.34:238][491]LogModuleManager: Shutting down and abandoning module SceneDepthPickerMode (784)
[2025.07.17-02.13.34:238][491]LogModuleManager: Shutting down and abandoning module ActorPickerMode (782)
[2025.07.17-02.13.34:238][491]LogModuleManager: Shutting down and abandoning module PlacementMode (780)
[2025.07.17-02.13.34:238][491]LogModuleManager: Shutting down and abandoning module ViewportSnapping (778)
[2025.07.17-02.13.34:238][491]LogModuleManager: Shutting down and abandoning module ViewportInteraction (776)
[2025.07.17-02.13.34:239][491]LogModuleManager: Shutting down and abandoning module ClothPainter (774)
[2025.07.17-02.13.34:239][491]LogModuleManager: Shutting down and abandoning module SkeletalMeshEditor (773)
[2025.07.17-02.13.34:239][491]LogModuleManager: Shutting down and abandoning module LogVisualizer (770)
[2025.07.17-02.13.34:239][491]LogModuleManager: Shutting down and abandoning module IntroTutorials (768)
[2025.07.17-02.13.34:239][491]LogModuleManager: Shutting down and abandoning module GameProjectGeneration (767)
[2025.07.17-02.13.34:239][491]LogModuleManager: Shutting down and abandoning module LuminPlatformEditor (764)
[2025.07.17-02.13.34:239][491]LogModuleManager: Shutting down and abandoning module IOSPlatformEditor (762)
[2025.07.17-02.13.34:239][491]LogModuleManager: Shutting down and abandoning module AndroidPlatformEditor (760)
[2025.07.17-02.13.34:239][491]LogModuleManager: Shutting down and abandoning module AndroidDeviceDetection (759)
[2025.07.17-02.13.35:171][491]LogModuleManager: Shutting down and abandoning module WindowsPlatformEditor (756)
[2025.07.17-02.13.35:171][491]LogModuleManager: Shutting down and abandoning module LuminRuntimeSettings (754)
[2025.07.17-02.13.35:171][491]LogModuleManager: Shutting down and abandoning module IOSRuntimeSettings (752)
[2025.07.17-02.13.35:172][491]LogModuleManager: Shutting down and abandoning module AndroidRuntimeSettings (750)
[2025.07.17-02.13.35:172][491]LogModuleManager: Shutting down and abandoning module TraceInsights (748)
[2025.07.17-02.13.35:172][491]MemoryProfiler: Shutdown
[2025.07.17-02.13.35:172][491]NetworkingProfiler: Shutdown
[2025.07.17-02.13.35:172][491]LoadingProfiler: Shutdown
[2025.07.17-02.13.35:172][491]TimingProfiler: Shutdown
[2025.07.17-02.13.35:172][491]LogModuleManager: Shutting down and abandoning module TraceServices (747)
[2025.07.17-02.13.35:172][491]LogModuleManager: Shutting down and abandoning module EditorInteractiveToolsFramework (744)
[2025.07.17-02.13.35:172][491]LogModuleManager: Shutting down and abandoning module TimeManagementEditor (742)
[2025.07.17-02.13.35:172][491]LogModuleManager: Shutting down and abandoning module InputBindingEditor (740)
[2025.07.17-02.13.35:172][491]LogModuleManager: Shutting down and abandoning module MergeActors (738)
[2025.07.17-02.13.35:172][491]LogModuleManager: Shutting down and abandoning module LocalizationDashboard (736)
[2025.07.17-02.13.35:172][491]LogModuleManager: Shutting down and abandoning module LocalizationService (735)
[2025.07.17-02.13.35:172][491]LogModuleManager: Shutting down and abandoning module HardwareTargeting (732)
[2025.07.17-02.13.35:172][491]LogModuleManager: Shutting down and abandoning module DeviceProfileEditor (730)
[2025.07.17-02.13.35:172][491]LogModuleManager: Shutting down and abandoning module UndoHistory (728)
[2025.07.17-02.13.35:172][491]LogModuleManager: Shutting down and abandoning module XmlParser (726)
[2025.07.17-02.13.35:172][491]LogModuleManager: Shutting down and abandoning module Blutility (724)
[2025.07.17-02.13.35:172][491]LogModuleManager: Shutting down and abandoning module ProjectSettingsViewer (722)
[2025.07.17-02.13.35:173][491]LogModuleManager: Shutting down and abandoning module ProjectTargetPlatformEditor (721)
[2025.07.17-02.13.35:173][491]LogModuleManager: Shutting down and abandoning module EditorSettingsViewer (718)
[2025.07.17-02.13.35:173][491]LogModuleManager: Shutting down and abandoning module InternationalizationSettings (717)
[2025.07.17-02.13.35:173][491]LogModuleManager: Shutting down and abandoning module SettingsEditor (714)
[2025.07.17-02.13.35:173][491]LogModuleManager: Shutting down and abandoning module ProjectLauncher (712)
[2025.07.17-02.13.35:173][491]LogModuleManager: Shutting down and abandoning module SessionFrontend (710)
[2025.07.17-02.13.35:173][491]LogModuleManager: Shutting down and abandoning module ProfilerClient (708)
[2025.07.17-02.13.35:173][491]LogModuleManager: Shutting down and abandoning module DeviceManager (706)
[2025.07.17-02.13.35:173][491]LogModuleManager: Shutting down and abandoning module TargetDeviceServices (705)
[2025.07.17-02.13.35:206][491]LogModuleManager: Shutting down and abandoning module AutomationController (702)
[2025.07.17-02.13.35:206][491]LogModuleManager: Shutting down and abandoning module AutomationWindow (700)
[2025.07.17-02.13.35:206][491]LogModuleManager: Shutting down and abandoning module Layers (698)
[2025.07.17-02.13.35:206][491]LogModuleManager: Shutting down and abandoning module ComponentVisualizers (696)
[2025.07.17-02.13.35:206][491]LogModuleManager: Shutting down and abandoning module DetailCustomizations (694)
[2025.07.17-02.13.35:206][491]LogModuleManager: Shutting down and abandoning module PackagesDialog (692)
[2025.07.17-02.13.35:206][491]LogModuleManager: Shutting down and abandoning module AnimationBlueprintEditor (690)
[2025.07.17-02.13.35:206][491]LogModuleManager: Shutting down and abandoning module Persona (688)
[2025.07.17-02.13.35:206][491]LogModuleManager: Shutting down and abandoning module AdvancedPreviewScene (687)
[2025.07.17-02.13.35:206][491]LogModuleManager: Shutting down and abandoning module AnimGraph (685)
[2025.07.17-02.13.35:206][491]LogModuleManager: Shutting down and abandoning module Kismet (682)
[2025.07.17-02.13.35:207][491]LogModuleManager: Shutting down and abandoning module KismetWidgets (681)
[2025.07.17-02.13.35:207][491]LogModuleManager: Shutting down and abandoning module GraphEditor (678)
[2025.07.17-02.13.35:207][491]LogModuleManager: Shutting down and abandoning module StructViewer (676)
[2025.07.17-02.13.35:207][491]LogModuleManager: Shutting down and abandoning module ClassViewer (674)
[2025.07.17-02.13.35:207][491]LogModuleManager: Shutting down and abandoning module Toolbox (672)
[2025.07.17-02.13.35:207][491]LogModuleManager: Shutting down and abandoning module ModuleUI (670)
[2025.07.17-02.13.35:207][491]LogModuleManager: Shutting down and abandoning module OutputLog (668)
[2025.07.17-02.13.35:207][491]LogModuleManager: Shutting down and abandoning module GammaUI (666)
[2025.07.17-02.13.35:207][491]LogModuleManager: Shutting down and abandoning module Documentation (664)
[2025.07.17-02.13.35:208][491]LogModuleManager: Shutting down and abandoning module LiveCoding (662)
[2025.07.17-02.13.35:209][491]LogModuleManager: Shutting down and abandoning module LevelSequence (660)
[2025.07.17-02.13.35:209][491]LogModuleManager: Shutting down and abandoning module MovieSceneTracks (658)
[2025.07.17-02.13.35:209][491]LogModuleManager: Shutting down and abandoning module MovieScene (656)
[2025.07.17-02.13.35:209][491]LogModuleManager: Shutting down and abandoning module StreamingPauseRendering (654)
[2025.07.17-02.13.35:209][491]LogModuleManager: Shutting down and abandoning module LauncherPlatform (652)
[2025.07.17-02.13.35:209][491]LogModuleManager: Shutting down and abandoning module AnalyticsET (650)
[2025.07.17-02.13.35:209][491]LogModuleManager: Shutting down and abandoning module PortalServices (648)
[2025.07.17-02.13.35:209][491]LogModuleManager: Shutting down and abandoning module PortalRpc (646)
[2025.07.17-02.13.35:209][491]LogModuleManager: Shutting down and abandoning module MessagingRpc (644)
[2025.07.17-02.13.35:209][491]LogModuleManager: Shutting down and abandoning module AudioMixerXAudio2 (642)
[2025.07.17-02.13.35:209][491]LogModuleManager: Shutting down and abandoning module AudioMixerCore (641)
[2025.07.17-02.13.35:209][491]LogModuleManager: Shutting down and abandoning module AIModule (638)
[2025.07.17-02.13.35:209][491]LogModuleManager: Shutting down and abandoning module GameplayDebugger (637)
[2025.07.17-02.13.35:209][491]LogModuleManager: Shutting down and abandoning module AITestSuite (635)
[2025.07.17-02.13.35:210][491]LogModuleManager: Shutting down and abandoning module NavigationSystem (633)
[2025.07.17-02.13.35:210][491]LogModuleManager: Shutting down and abandoning module ImageWriteQueue (630)
[2025.07.17-02.13.35:210][491]LogModuleManager: Shutting down and abandoning module ProfilerService (628)
[2025.07.17-02.13.35:255][491]LogModuleManager: Shutting down and abandoning module TaskGraph (626)
[2025.07.17-02.13.35:255][491]LogModuleManager: Shutting down and abandoning module AudioSynesthesiaEditor (624)
[2025.07.17-02.13.35:255][491]LogModuleManager: Shutting down and abandoning module OculusEditor (622)
[2025.07.17-02.13.35:255][491]LogModuleManager: Shutting down and abandoning module OculusInput (620)
[2025.07.17-02.13.35:255][491]LogModuleManager: Shutting down and abandoning module ContentBrowserFileDataSource (618)
[2025.07.17-02.13.35:255][491]LogModuleManager: Shutting down and abandoning module ContentBrowserAssetDataSource (616)
[2025.07.17-02.13.35:255][491]LogModuleManager: Shutting down and abandoning module ContentBrowserClassDataSource (614)
[2025.07.17-02.13.35:255][491]LogModuleManager: Shutting down and abandoning module CollectionManager (613)
[2025.07.17-02.13.35:256][491]LogModuleManager: Shutting down and abandoning module SynthesisEditor (610)
[2025.07.17-02.13.35:256][491]LogModuleManager: Shutting down and abandoning module Synthesis (608)
[2025.07.17-02.13.35:256][491]LogModuleManager: Shutting down and abandoning module ProceduralMeshComponentEditor (606)
[2025.07.17-02.13.35:256][491]LogModuleManager: Shutting down and abandoning module ProceduralMeshComponent (604)
[2025.07.17-02.13.35:256][491]LogModuleManager: Shutting down and abandoning module OpenXREditor (602)
[2025.07.17-02.13.35:256][491]LogModuleManager: Shutting down and abandoning module TakeSequencer (600)
[2025.07.17-02.13.35:256][491]LogModuleManager: Shutting down and abandoning module TakeMovieScene (598)
[2025.07.17-02.13.35:256][491]LogModuleManager: Shutting down and abandoning module MobilePatchingUtils (596)
[2025.07.17-02.13.35:256][491]LogModuleManager: Shutting down and abandoning module HairStrandsEditor (594)
[2025.07.17-02.13.35:256][491]LogModuleManager: Shutting down and abandoning module GooglePAD (592)
[2025.07.17-02.13.35:256][491]LogModuleManager: Shutting down and abandoning module ScreenshotTools (590)
[2025.07.17-02.13.35:256][491]LogModuleManager: Shutting down and abandoning module EditableMesh (588)
[2025.07.17-02.13.35:256][491]LogModuleManager: Shutting down and abandoning module CustomMeshComponent (586)
[2025.07.17-02.13.35:256][491]LogModuleManager: Shutting down and abandoning module CableComponent (584)
[2025.07.17-02.13.35:256][491]LogModuleManager: Shutting down and abandoning module AudioCapture (582)
[2025.07.17-02.13.35:256][491]LogModuleManager: Shutting down and abandoning module AudioCaptureRtAudio (581)
[2025.07.17-02.13.35:256][491]LogModuleManager: Shutting down and abandoning module AssetTags (578)
[2025.07.17-02.13.35:257][491]LogModuleManager: Shutting down and abandoning module ArchVisCharacter (576)
[2025.07.17-02.13.35:257][491]LogModuleManager: Shutting down and abandoning module AppleImageUtilsBlueprintSupport (574)
[2025.07.17-02.13.35:257][491]LogModuleManager: Shutting down and abandoning module AppleImageUtils (572)
[2025.07.17-02.13.35:257][491]LogModuleManager: Shutting down and abandoning module AndroidPermission (570)
[2025.07.17-02.13.35:257][491]LogModuleManager: Shutting down and abandoning module ActorLayerUtilitiesEditor (568)
[2025.07.17-02.13.35:257][491]LogModuleManager: Shutting down and abandoning module ActorLayerUtilities (566)
[2025.07.17-02.13.35:257][491]LogModuleManager: Shutting down and abandoning module TemplateSequence (564)
[2025.07.17-02.13.35:257][491]LogModuleManager: Shutting down and abandoning module MediaCompositing (562)
[2025.07.17-02.13.35:257][491]LogModuleManager: Shutting down and abandoning module ImgMedia (560)
[2025.07.17-02.13.35:257][491]LogModuleManager: Shutting down and abandoning module MagicLeapSharedWorld (558)
[2025.07.17-02.13.35:257][491]LogModuleManager: Shutting down and abandoning module MagicLeapLightEstimation (556)
[2025.07.17-02.13.35:257][491]LogModuleManager: Shutting down and abandoning module OpenImageDenoise (554)
[2025.07.17-02.13.35:257][491]LogOpenImageDenoise: OIDN shutting down
[2025.07.17-02.13.35:257][491]LogModuleManager: Shutting down and abandoning module MagicLeapHelperVulkan (552)
[2025.07.17-02.13.35:257][491]LogModuleManager: Shutting down and abandoning module MagicLeapHelperOpenGL (550)
[2025.07.17-02.13.35:257][491]LogModuleManager: Shutting down and abandoning module MagicLeapAudio (548)
[2025.07.17-02.13.35:257][491]LogModuleManager: Shutting down and abandoning module MotoSynthEditor (546)
[2025.07.17-02.13.35:257][491]LogModuleManager: Shutting down and abandoning module MotoSynth (544)
[2025.07.17-02.13.35:257][491]LogModuleManager: Shutting down and abandoning module ModelingToolsEditorMode (542)
[2025.07.17-02.13.35:257][491]LogModuleManager: Shutting down and abandoning module MeshModelingToolsEditorOnly (540)
[2025.07.17-02.13.35:257][491]LogModuleManager: Shutting down and abandoning module MeshModelingTools (538)
[2025.07.17-02.13.35:257][491]LogModuleManager: Shutting down and abandoning module ModelingOperatorsEditorOnly (536)
[2025.07.17-02.13.35:257][491]LogModuleManager: Shutting down and abandoning module ModelingOperators (534)
[2025.07.17-02.13.35:257][491]LogModuleManager: Shutting down and abandoning module ModelingComponents (532)
[2025.07.17-02.13.35:257][491]LogModuleManager: Shutting down and abandoning module MeshConversion (530)
[2025.07.17-02.13.35:257][491]LogModuleManager: Shutting down and abandoning module DynamicMesh (528)
[2025.07.17-02.13.35:257][491]LogModuleManager: Shutting down and abandoning module GeometryAlgorithms (526)
[2025.07.17-02.13.35:257][491]LogModuleManager: Shutting down and abandoning module GeometricObjects (524)
[2025.07.17-02.13.35:258][491]LogModuleManager: Shutting down and abandoning module GeometryCollectionTracks (522)
[2025.07.17-02.13.35:258][491]LogModuleManager: Shutting down and abandoning module GeometryCollectionSequencer (521)
[2025.07.17-02.13.35:258][491]LogModuleManager: Shutting down and abandoning module GeometryCollectionEditor (518)
[2025.07.17-02.13.35:258][491]LogModuleManager: Shutting down and abandoning module GeometryCacheTracks (516)
[2025.07.17-02.13.35:258][491]LogModuleManager: Shutting down and abandoning module GeometryCacheStreamer (514)
[2025.07.17-02.13.35:258][491]LogModuleManager: Shutting down and abandoning module GeometryCacheSequencer (512)
[2025.07.17-02.13.35:258][491]LogModuleManager: Shutting down and abandoning module ChaosNiagara (510)
[2025.07.17-02.13.35:258][491]LogModuleManager: Shutting down and abandoning module ChaosSolverEditor (508)
[2025.07.17-02.13.35:258][491]LogModuleManager: Shutting down and abandoning module FractureEditor (506)
[2025.07.17-02.13.35:258][491]LogModuleManager: Shutting down and abandoning module FieldSystemEngine (505)
[2025.07.17-02.13.35:258][491]LogModuleManager: Shutting down and abandoning module ChaosClothEditor (502)
[2025.07.17-02.13.35:258][491]LogModuleManager: Shutting down and abandoning module BackChannel (500)
[2025.07.17-02.13.35:258][491]LogModuleManager: Shutting down and abandoning module AutomationUtilsEditor (498)
[2025.07.17-02.13.35:258][491]LogModuleManager: Shutting down and abandoning module AutomationUtils (496)
[2025.07.17-02.13.35:258][491]LogModuleManager: Shutting down and abandoning module AlembicImporter (494)
[2025.07.17-02.13.35:258][491]LogModuleManager: Shutting down and abandoning module AlembicLibrary (493)
[2025.07.17-02.13.35:258][491]LogModuleManager: Shutting down and abandoning module GeometryCache (492)
[2025.07.17-02.13.35:258][491]LogModuleManager: Shutting down and abandoning module GeometryCacheEd (491)
[2025.07.17-02.13.35:258][491]LogModuleManager: Shutting down and abandoning module NiagaraEditorWidgets (486)
[2025.07.17-02.13.35:258][491]LogModuleManager: Shutting down and abandoning module VariantManagerContentEditor (484)
[2025.07.17-02.13.35:258][491]LogModuleManager: Shutting down and abandoning module DatasmithContentEditor (482)
[2025.07.17-02.13.35:258][491]LogModuleManager: Shutting down and abandoning module VisualStudioSourceCodeAccess (480)
[2025.07.17-02.13.35:258][491]LogModuleManager: Shutting down and abandoning module VisualStudioCodeSourceCodeAccess (478)
[2025.07.17-02.13.35:258][491]LogModuleManager: Shutting down and abandoning module UObjectPlugin (476)
[2025.07.17-02.13.35:258][491]LogModuleManager: Shutting down and abandoning module SubversionSourceControl (474)
[2025.07.17-02.13.35:259][491]LogModuleManager: Shutting down and abandoning module RiderSourceCodeAccess (472)
[2025.07.17-02.13.35:259][491]LogModuleManager: Shutting down and abandoning module PluginUtils (470)
[2025.07.17-02.13.35:259][491]LogModuleManager: Shutting down and abandoning module PlasticSourceControl (468)
[2025.07.17-02.13.35:259][491]LogModuleManager: Shutting down and abandoning module StylusInput (466)
[2025.07.17-02.13.35:259][491]LogModuleManager: Shutting down and abandoning module SpeedTreeImporter (464)
[2025.07.17-02.13.35:259][491]LogModuleManager: Shutting down and abandoning module PerforceSourceControl (462)
[2025.07.17-02.13.35:259][491]LogModuleManager: Shutting down and abandoning module PluginBrowser (460)
[2025.07.17-02.13.35:259][491]LogModuleManager: Shutting down and abandoning module MobileLauncherProfileWizard (458)
[2025.07.17-02.13.35:259][491]LogModuleManager: Shutting down and abandoning module GitSourceControl (456)
[2025.07.17-02.13.35:259][491]LogModuleManager: Shutting down and abandoning module SourceControl (455)
[2025.07.17-02.13.35:259][491]LogModuleManager: Shutting down and abandoning module MaterialAnalyzer (452)
[2025.07.17-02.13.35:259][491]LogModuleManager: Shutting down and abandoning module CLionSourceCodeAccess (450)
[2025.07.17-02.13.35:259][491]LogModuleManager: Shutting down and abandoning module CurveEditorTools (448)
[2025.07.17-02.13.35:259][491]LogModuleManager: Shutting down and abandoning module CryptoKeysOpenSSL (446)
[2025.07.17-02.13.35:259][491]LogModuleManager: Shutting down and abandoning module CryptoKeys (444)
[2025.07.17-02.13.35:259][491]LogModuleManager: Shutting down and abandoning module AnimationSharingEd (442)
[2025.07.17-02.13.35:259][491]LogModuleManager: Shutting down and abandoning module OodleNetworkHandlerComponent (440)
[2025.07.17-02.13.35:259][491]LogModuleManager: Shutting down and abandoning module LiveLinkSequencer (438)
[2025.07.17-02.13.35:259][491]LogModuleManager: Shutting down and abandoning module LiveLinkMovieScene (436)
[2025.07.17-02.13.35:259][491]LogModuleManager: Shutting down and abandoning module LiveLinkGraphNode (434)
[2025.07.17-02.13.35:260][491]LogModuleManager: Shutting down and abandoning module LiveLinkEditor (432)
[2025.07.17-02.13.35:260][491]LogModuleManager: Shutting down and abandoning module LiveLinkComponents (430)
[2025.07.17-02.13.35:260][491]LogModuleManager: Shutting down and abandoning module LiveLink (428)
[2025.07.17-02.13.36:107][491]LogModuleManager: Shutting down and abandoning module LightPropagationVolumeEditor (426)
[2025.07.17-02.13.36:107][491]LogModuleManager: Shutting down and abandoning module PaperTiledImporter (424)
[2025.07.17-02.13.36:107][491]LogModuleManager: Shutting down and abandoning module PaperSpriteSheetImporter (422)
[2025.07.17-02.13.36:107][491]LogModuleManager: Shutting down and abandoning module Paper2DEditor (420)
[2025.07.17-02.13.36:108][491]LogModuleManager: Shutting down and abandoning module MeshPaintingToolset (418)
[2025.07.17-02.13.36:108][491]LogModuleManager: Shutting down and abandoning module MeshPaintEditorMode (416)
[2025.07.17-02.13.36:108][491]LogModuleManager: Shutting down and abandoning module TP_PreEntrega (414)
[2025.07.17-02.13.36:108][491]LogModuleManager: Shutting down and abandoning module SoundFields (412)
[2025.07.17-02.13.36:108][491]LogModuleManager: Shutting down and abandoning module RuntimePhysXCooking (410)
[2025.07.17-02.13.36:108][491]LogModuleManager: Shutting down and abandoning module SignificanceManager (408)
[2025.07.17-02.13.36:108][491]LogModuleManager: Shutting down and abandoning module PropertyAccessEditor (406)
[2025.07.17-02.13.36:108][491]LogModuleManager: Shutting down and abandoning module PhysXVehiclesEditor (404)
[2025.07.17-02.13.36:108][491]LogModuleManager: Shutting down and abandoning module LocationServicesBPLibrary (400)
[2025.07.17-02.13.36:108][491]LogModuleManager: Shutting down and abandoning module AudioSynesthesia (398)
[2025.07.17-02.13.36:108][491]LogModuleManager: Shutting down and abandoning module AudioSynesthesiaCore (396)
[2025.07.17-02.13.36:109][491]LogModuleManager: Shutting down and abandoning module ActorSequence (394)
[2025.07.17-02.13.36:109][491]LogModuleManager: Shutting down and abandoning module ImgMediaEngine (392)
[2025.07.17-02.13.36:109][491]LogModuleManager: Shutting down and abandoning module MagicLeapARPin (390)
[2025.07.17-02.13.36:109][491]LogModuleManager: Shutting down and abandoning module PythonScriptPlugin (388)
[2025.07.17-02.13.36:109][491]LogModuleManager: Shutting down and abandoning module MagicLeapHandMeshing (386)
[2025.07.17-02.13.36:109][491]LogModuleManager: Shutting down and abandoning module MagicLeapSecureStorage (384)
[2025.07.17-02.13.36:109][491]LogModuleManager: Shutting down and abandoning module MagicLeapPrivileges (382)
[2025.07.17-02.13.36:109][491]LogModuleManager: Shutting down and abandoning module MagicLeapPlanes (380)
[2025.07.17-02.13.36:109][491]LogMagicLeapPlanes: Planes tracker already destroyed.
[2025.07.17-02.13.36:109][491]LogModuleManager: Shutting down and abandoning module MagicLeapImageTracker (378)
[2025.07.17-02.13.36:109][491]LogModuleManager: Shutting down and abandoning module MagicLeapIdentity (376)
[2025.07.17-02.13.36:109][491]LogModuleManager: Shutting down and abandoning module MagicLeapHandTracking (374)
[2025.07.17-02.13.36:109][491]LogModuleManager: Shutting down and abandoning module MagicLeapEyeTracker (372)
[2025.07.17-02.13.36:109][491]LogModuleManager: Shutting down and abandoning module MagicLeapController (370)
[2025.07.17-02.13.36:109][491]LogModuleManager: Shutting down and abandoning module MagicLeapARPinImpl (368)
[2025.07.17-02.13.36:110][491]LogModuleManager: Shutting down and abandoning module MagicLeapAR (366)
[2025.07.17-02.13.36:110][491]LogModuleManager: Shutting down and abandoning module UdpMessaging (364)
[2025.07.17-02.13.36:210][491]LogModuleManager: Shutting down and abandoning module TcpMessaging (362)
[2025.07.17-02.13.36:311][491]LogModuleManager: Shutting down and abandoning module NiagaraAnimNotifies (360)
[2025.07.17-02.13.36:311][491]LogModuleManager: Shutting down and abandoning module Niagara (358)
[2025.07.17-02.13.36:311][491]LogModuleManager: Shutting down and abandoning module SignalProcessing (357)
[2025.07.17-02.13.36:311][491]LogModuleManager: Shutting down and abandoning module NiagaraEditor (355)
[2025.07.17-02.13.36:311][491]LogModuleManager: Shutting down and abandoning module NiagaraCore (352)
[2025.07.17-02.13.36:311][491]LogModuleManager: Shutting down and abandoning module PropertyAccessNode (350)
[2025.07.17-02.13.36:311][491]LogModuleManager: Shutting down and abandoning module GameplayTagsEditor (348)
[2025.07.17-02.13.36:311][491]LogModuleManager: Shutting down and abandoning module FacialAnimationEditor (346)
[2025.07.17-02.13.36:311][491]LogModuleManager: Shutting down and abandoning module FacialAnimation (344)
[2025.07.17-02.13.36:311][491]LogModuleManager: Shutting down and abandoning module DataValidation (342)
[2025.07.17-02.13.36:311][491]LogModuleManager: Shutting down and abandoning module AnimationSharing (340)
[2025.07.17-02.13.36:311][491]LogModuleManager: Shutting down and abandoning module AssetManagerEditor (338)
[2025.07.17-02.13.36:311][491]LogModuleManager: Shutting down and abandoning module LevelEditor (337)
[2025.07.17-02.13.36:312][491]LogModuleManager: Shutting down and abandoning module PixelInspectorModule (336)
[2025.07.17-02.13.36:312][491]LogModuleManager: Shutting down and abandoning module CommonMenuExtensions (334)
[2025.07.17-02.13.36:312][491]LogModuleManager: Shutting down and abandoning module MainFrame (332)
[2025.07.17-02.13.36:312][491]LogModuleManager: Shutting down and abandoning module HotReload (331)
[2025.07.17-02.13.36:312][491]LogModuleManager: Shutting down and abandoning module ToolMenus (327)
[2025.07.17-02.13.36:312][491]LogModuleManager: Shutting down and abandoning module ContentBrowser (325)
[2025.07.17-02.13.36:312][491]LogModuleManager: Shutting down and abandoning module ContentBrowserData (324)
[2025.07.17-02.13.36:312][491]LogModuleManager: Shutting down and abandoning module TreeMap (321)
[2025.07.17-02.13.36:312][491]LogModuleManager: Shutting down and abandoning module GameplayCameras (318)
[2025.07.17-02.13.36:312][491]LogModuleManager: Shutting down and abandoning module LightPropagationVolumeRuntime (316)
[2025.07.17-02.13.36:312][491]LogModuleManager: Shutting down and abandoning module EnvironmentQueryEditor (314)
[2025.07.17-02.13.36:312][491]LogModuleManager: Shutting down and abandoning module Paper2D (312)
[2025.07.17-02.13.36:312][491]LogModuleManager: Shutting down and abandoning module WindowsMoviePlayer (310)
[2025.07.17-02.13.36:313][491]LogModuleManager: Shutting down and abandoning module WebMMoviePlayer (308)
[2025.07.17-02.13.36:313][491]LogModuleManager: Shutting down and abandoning module NetworkReplayStreaming (306)
[2025.07.17-02.13.36:313][491]LogModuleManager: Shutting down and abandoning module PacketHandler (304)
[2025.07.17-02.13.36:313][491]LogModuleManager: Shutting down and abandoning module ClothingSystemEditor (302)
[2025.07.17-02.13.36:313][491]LogModuleManager: Shutting down and abandoning module ClothingSystemRuntimeNv (300)
[2025.07.17-02.13.36:313][491]LogModuleManager: Shutting down and abandoning module MediaAssets (298)
[2025.07.17-02.13.36:313][491]LogModuleManager: Shutting down and abandoning module Overlay (296)
[2025.07.17-02.13.36:313][491]LogModuleManager: Shutting down and abandoning module OverlayEditor (295)
[2025.07.17-02.13.36:313][491]LogModuleManager: Shutting down and abandoning module VREditor (292)
[2025.07.17-02.13.36:313][491]LogModuleManager: Shutting down and abandoning module StringTableEditor (290)
[2025.07.17-02.13.36:313][491]LogModuleManager: Shutting down and abandoning module GameplayTasksEditor (288)
[2025.07.17-02.13.36:313][491]LogModuleManager: Shutting down and abandoning module BehaviorTreeEditor (286)
[2025.07.17-02.13.36:313][491]LogModuleManager: Shutting down and abandoning module FunctionalTesting (284)
[2025.07.17-02.13.36:313][491]LogModuleManager: Shutting down and abandoning module CollisionAnalyzer (282)
[2025.07.17-02.13.36:313][491]LogModuleManager: Shutting down and abandoning module WorkspaceMenuStructure (281)
[2025.07.17-02.13.36:313][491]LogModuleManager: Shutting down and abandoning module UMG (278)
[2025.07.17-02.13.36:313][491]LogModuleManager: Shutting down and abandoning module UMGEditor (277)
[2025.07.17-02.13.36:313][491]LogModuleManager: Shutting down and abandoning module MessageLog (275)
[2025.07.17-02.13.36:313][491]LogModuleManager: Shutting down and abandoning module SlateReflector (270)
[2025.07.17-02.13.36:314][491]LogModuleManager: Shutting down and abandoning module Slate (268)
[2025.07.17-02.13.36:314][491]LogModuleManager: Shutting down and abandoning module SlateCore (266)
[2025.07.17-02.13.36:314][491]LogModuleManager: Shutting down and abandoning module LandscapeEditorUtilities (264)
[2025.07.17-02.13.36:314][491]LogModuleManager: Shutting down and abandoning module UnrealEd (262)
[2025.07.17-02.13.36:314][491]LogModuleManager: Shutting down and abandoning module MRMesh (260)
[2025.07.17-02.13.36:314][491]LogModuleManager: Shutting down and abandoning module SourceCodeAccess (258)
[2025.07.17-02.13.36:314][491]LogModuleManager: Shutting down and abandoning module HeadMountedDisplay (256)
[2025.07.17-02.13.36:314][491]LogModuleManager: Shutting down and abandoning module XAudio2 (254)
[2025.07.17-02.13.36:314][491]LogModuleManager: Shutting down and abandoning module Networking (252)
[2025.07.17-02.13.36:314][491]LogModuleManager: Shutting down and abandoning module Core (250)
[2025.07.17-02.13.36:314][491]LogModuleManager: Shutting down and abandoning module MaterialEditor (248)
[2025.07.17-02.13.36:315][491]LogModuleManager: Shutting down and abandoning module MovieSceneTools (246)
[2025.07.17-02.13.36:315][491]LogModuleManager: Shutting down and abandoning module CurveEditor (245)
[2025.07.17-02.13.36:315][491]LogModuleManager: Shutting down and abandoning module Sequencer (243)
[2025.07.17-02.13.36:315][491]LogModuleManager: Shutting down and abandoning module EditorStyle (242)
[2025.07.17-02.13.36:315][491]LogModuleManager: Shutting down and abandoning module KismetCompiler (238)
[2025.07.17-02.13.36:315][491]LogModuleManager: Shutting down and abandoning module MeshBuilder (236)
[2025.07.17-02.13.36:315][491]LogModuleManager: Shutting down and abandoning module MeshUtilities (234)
[2025.07.17-02.13.36:315][491]LogModuleManager: Shutting down and abandoning module MeshMergeUtilities (233)
[2025.07.17-02.13.36:315][491]LogModuleManager: Shutting down and abandoning module MeshReductionInterface (232)
[2025.07.17-02.13.36:316][491]LogModuleManager: Shutting down and abandoning module MeshBoneReduction (231)
[2025.07.17-02.13.36:316][491]LogModuleManager: Shutting down and abandoning module SkeletalMeshReduction (229)
[2025.07.17-02.13.36:316][491]LogModuleManager: Shutting down and abandoning module ProxyLODMeshReduction (227)
[2025.07.17-02.13.36:316][491]LogModuleManager: Shutting down and abandoning module QuadricMeshReduction (225)
[2025.07.17-02.13.36:316][491]LogModuleManager: Shutting down and abandoning module MaterialBaking (221)
[2025.07.17-02.13.36:316][491]LogModuleManager: Shutting down and abandoning module NullInstallBundleManager (216)
[2025.07.17-02.13.36:316][491]LogModuleManager: Shutting down and abandoning module DerivedDataCache (214)
[2025.07.17-02.13.36:316][491]LogModuleManager: Shutting down and abandoning module TargetPlatform (212)
[2025.07.17-02.13.36:316][491]LogModuleManager: Shutting down and abandoning module VulkanShaderFormat (211)
[2025.07.17-02.13.36:316][491]LogModuleManager: Shutting down and abandoning module ShaderFormatVectorVM (209)
[2025.07.17-02.13.36:316][491]LogModuleManager: Shutting down and abandoning module ShaderFormatOpenGL (207)
[2025.07.17-02.13.36:316][491]LogModuleManager: Shutting down and abandoning module ShaderFormatD3D (205)
[2025.07.17-02.13.36:316][491]LogModuleManager: Shutting down and abandoning module MetalShaderFormat (203)
[2025.07.17-02.13.36:316][491]LogModuleManager: Shutting down and abandoning module TextureFormatOodle (201)
[2025.07.17-02.13.36:316][491]LogModuleManager: Shutting down and abandoning module TextureFormatUncompressed (199)
[2025.07.17-02.13.36:316][491]LogModuleManager: Shutting down and abandoning module TextureFormatPVR (197)
[2025.07.17-02.13.36:316][491]LogModuleManager: Shutting down and abandoning module TextureFormatETC2 (195)
[2025.07.17-02.13.36:316][491]LogModuleManager: Shutting down and abandoning module TextureFormatDXT (193)
[2025.07.17-02.13.36:316][491]LogModuleManager: Shutting down and abandoning module TextureFormatIntelISPCTexComp (191)
[2025.07.17-02.13.36:316][491]LogModuleManager: Shutting down and abandoning module TextureFormatASTC (189)
[2025.07.17-02.13.36:316][491]LogModuleManager: Shutting down and abandoning module ImageWrapper (188)
[2025.07.17-02.13.36:316][491]LogModuleManager: Shutting down and abandoning module AudioFormatOpus (185)
[2025.07.17-02.13.36:316][491]LogModuleManager: Shutting down and abandoning module AudioFormatOgg (183)
[2025.07.17-02.13.36:316][491]LogModuleManager: Shutting down and abandoning module AudioFormatADPCM (181)
[2025.07.17-02.13.36:316][491]LogModuleManager: Shutting down and abandoning module WindowsServerTargetPlatform (179)
[2025.07.17-02.13.36:316][491]LogModuleManager: Shutting down and abandoning module WindowsClientTargetPlatform (177)
[2025.07.17-02.13.36:316][491]LogModuleManager: Shutting down and abandoning module WindowsTargetPlatform (175)
[2025.07.17-02.13.36:316][491]LogModuleManager: Shutting down and abandoning module WindowsNoEditorTargetPlatform (173)
[2025.07.17-02.13.36:316][491]LogModuleManager: Shutting down and abandoning module TVOSTargetPlatform (171)
[2025.07.17-02.13.36:317][491]LogModuleManager: Shutting down and abandoning module MacServerTargetPlatform (169)
[2025.07.17-02.13.36:317][491]LogModuleManager: Shutting down and abandoning module MacClientTargetPlatform (167)
[2025.07.17-02.13.36:317][491]LogModuleManager: Shutting down and abandoning module MacTargetPlatform (165)
[2025.07.17-02.13.36:317][491]LogModuleManager: Shutting down and abandoning module MacNoEditorTargetPlatform (163)
[2025.07.17-02.13.36:317][491]LogModuleManager: Shutting down and abandoning module LuminTargetPlatform (161)
[2025.07.17-02.13.36:317][491]LogModuleManager: Shutting down and abandoning module LinuxAArch64ServerTargetPlatform (159)
[2025.07.17-02.13.36:318][491]LogModuleManager: Shutting down and abandoning module LinuxAArch64ClientTargetPlatform (157)
[2025.07.17-02.13.36:318][491]LogModuleManager: Shutting down and abandoning module LinuxAArch64NoEditorTargetPlatform (155)
[2025.07.17-02.13.36:318][491]LogModuleManager: Shutting down and abandoning module LinuxServerTargetPlatform (153)
[2025.07.17-02.13.36:318][491]LogModuleManager: Shutting down and abandoning module LinuxClientTargetPlatform (151)
[2025.07.17-02.13.36:318][491]LogModuleManager: Shutting down and abandoning module LinuxNoEditorTargetPlatform (149)
[2025.07.17-02.13.36:318][491]LogModuleManager: Shutting down and abandoning module LinuxTargetPlatform (147)
[2025.07.17-02.13.36:318][491]LogModuleManager: Shutting down and abandoning module Messaging (145)
[2025.07.17-02.13.36:318][491]LogModuleManager: Shutting down and abandoning module IOSTargetPlatform (143)
[2025.07.17-02.13.36:318][491]LogModuleManager: Shutting down and abandoning module AndroidTargetPlatform (141)
[2025.07.17-02.13.36:322][491]LogModuleManager: Shutting down and abandoning module AllDesktopTargetPlatform (139)
[2025.07.17-02.13.36:322][491]LogModuleManager: Shutting down and abandoning module D3D11RHI (136)
[2025.07.17-02.13.36:322][491]LogModuleManager: Shutting down and abandoning module InputCore (134)
[2025.07.17-02.13.36:322][491]LogModuleManager: Shutting down and abandoning module Settings (132)
[2025.07.17-02.13.36:322][491]LogModuleManager: Shutting down and abandoning module DirectoryWatcher (130)
[2025.07.17-02.13.36:322][491]LogModuleManager: Shutting down and abandoning module PhysXCooking (128)
[2025.07.17-02.13.36:322][491]LogModuleManager: Shutting down and abandoning module Chaos (126)
[2025.07.17-02.13.36:322][491]LogModuleManager: Shutting down and abandoning module WindowsPlatformFeatures (124)
[2025.07.17-02.13.36:322][491]LogModuleManager: Shutting down and abandoning module GameplayMediaEncoder (123)
[2025.07.17-02.13.36:322][491]LogModuleManager: Shutting down and abandoning module AVEncoder (122)
[2025.07.17-02.13.36:322][491]LogModuleManager: Shutting down and abandoning module SteamVRInputDevice (118)
[2025.07.17-02.13.36:322][491]LogModuleManager: Shutting down and abandoning module SteamVRInput (116)
[2025.07.17-02.13.36:322][491]LogModuleManager: Shutting down and abandoning module SteamVR (114)
[2025.07.17-02.13.36:322][491]LogHMD: Freeing OpenVRDLLHandle.
[2025.07.17-02.13.36:322][491]LogModuleManager: Shutting down and abandoning module OculusHMD (112)
[2025.07.17-02.13.36:322][491]LogModuleManager: Shutting down and abandoning module OpenXREyeTracker (110)
[2025.07.17-02.13.36:322][491]LogModuleManager: Shutting down and abandoning module OpenXRHandTracking (108)
[2025.07.17-02.13.36:322][491]LogSlate: Slate User Destroyed.  User Index 0, Is Virtual User: 0
[2025.07.17-02.13.36:322][491]LogModuleManager: Shutting down and abandoning module OpenXRAR (106)
[2025.07.17-02.13.36:322][491]LogModuleManager: Shutting down and abandoning module AugmentedReality (105)
[2025.07.17-02.13.36:322][491]LogModuleManager: Shutting down and abandoning module OpenXRHMD (102)
[2025.07.17-02.13.36:322][491]LogModuleManager: Shutting down and abandoning module HairStrandsCore (100)
[2025.07.17-02.13.36:323][491]LogModuleManager: Shutting down and abandoning module ExampleDeviceProfileSelector (98)
[2025.07.17-02.13.36:323][491]LogModuleManager: Shutting down and abandoning module ChunkDownloader (96)
[2025.07.17-02.13.36:323][491]LogModuleManager: Shutting down and abandoning module LauncherChunkInstaller (94)
[2025.07.17-02.13.36:323][491]LogModuleManager: Shutting down and abandoning module OnlineBlueprintSupport (92)
[2025.07.17-02.13.36:323][491]LogModuleManager: Shutting down and abandoning module OnlineSubsystem (88)
[2025.07.17-02.13.36:324][491]LogModuleManager: Shutting down and abandoning module XMPP (83)
[2025.07.17-02.13.36:324][491]LogModuleManager: Shutting down and abandoning module WebSockets (82)
[2025.07.17-02.13.36:358][491]LogModuleManager: Shutting down and abandoning module HTTP (79)
[2025.07.17-02.13.36:358][491]LogHttp: Display: Http module shutting down, but needs to wait on 1 outstanding Http requests:
[2025.07.17-02.13.36:358][491]LogHttp: Display: 	verb=[POST] url=[https://datarouter.ol.epicgames.com/datarouter/api/v1/public/data?SessionID=%7BF8EB075B-463F-E760-E9AC-D4BFBE6AC13C%7D&AppID=UEEditor.Rocket.Release&AppVersion=4.27.2-18319896%2B%2B%2BUE4%2BRelease-4.27&UserID=3b54413e42d43c35aff2659f95a6b4ca%7C86015509ccb24ed3b48fef845d1c22c9%7Cc297efcb-616a-48e2-89ec-b825ac25b5a4&AppEnvironment=datacollector-binary&UploadType=eteventstream] refs=[1] status=Processing
[2025.07.17-02.13.36:358][491]LogHttp: Display: cleaning up 1 outstanding Http requests.
[2025.07.17-02.13.36:381][491]LogModuleManager: Shutting down and abandoning module SSL (78)
[2025.07.17-02.13.36:382][491]LogModuleManager: Shutting down and abandoning module WmfMedia (74)
[2025.07.17-02.13.36:384][491]LogModuleManager: Shutting down and abandoning module Media (73)
[2025.07.17-02.13.36:385][491]LogModuleManager: Shutting down and abandoning module MediaInfo (72)
[2025.07.17-02.13.36:385][491]LogModuleManager: Shutting down and abandoning module ExrReaderGpu (68)
[2025.07.17-02.13.36:385][491]LogModuleManager: Shutting down and abandoning module MLSDK (66)
[2025.07.17-02.13.36:385][491]LogModuleManager: Shutting down and abandoning module MagicLeap (64)
[2025.07.17-02.13.36:385][491]LogModuleManager: Shutting down and abandoning module ChaosCloth (62)
[2025.07.17-02.13.36:385][491]LogModuleManager: Shutting down and abandoning module NiagaraVertexFactories (60)
[2025.07.17-02.13.36:385][491]LogModuleManager: Shutting down and abandoning module NiagaraShader (58)
[2025.07.17-02.13.36:385][491]LogModuleManager: Shutting down and abandoning module VariantManagerContent (56)
[2025.07.17-02.13.36:385][491]LogModuleManager: Shutting down and abandoning module DatasmithContent (54)
[2025.07.17-02.13.36:386][491]LogModuleManager: Shutting down and abandoning module PixWinPlugin (52)
[2025.07.17-02.13.36:386][491]LogModuleManager: Shutting down and abandoning module AISupportModule (50)
[2025.07.17-02.13.36:386][491]LogModuleManager: Shutting down and abandoning module DesktopPlatform (48)
[2025.07.17-02.13.36:386][491]LogModuleManager: Shutting down and abandoning module PythonScriptPluginPreload (46)
[2025.07.17-02.13.36:386][491]LogModuleManager: Shutting down and abandoning module PlatformCryptoOpenSSL (44)
[2025.07.17-02.13.36:386][491]LogModuleManager: Shutting down and abandoning module PlatformCryptoTypes (42)
[2025.07.17-02.13.36:386][491]LogModuleManager: Shutting down and abandoning module PlatformCrypto (40)
[2025.07.17-02.13.36:386][491]LogModuleManager: Shutting down and abandoning module OodleDataCompressionFormat (38)
[2025.07.17-02.13.36:386][491]LogModuleManager: Shutting down and abandoning module XGEController (36)
[2025.07.17-02.13.36:386][491]LogXGEController: Cleaning working directory: C:/Users/ezequ/AppData/Local/Temp/UnrealXGEWorkingDir/
[2025.07.17-02.13.36:386][491]LogModuleManager: Shutting down and abandoning module AnimationModifiers (34)
[2025.07.17-02.13.36:387][491]LogModuleManager: Shutting down and abandoning module AudioEditor (32)
[2025.07.17-02.13.36:387][491]LogModuleManager: Shutting down and abandoning module PropertyEditor (31)
[2025.07.17-02.13.36:387][491]LogModuleManager: Shutting down and abandoning module TextureCompressor (28)
[2025.07.17-02.13.36:387][491]LogModuleManager: Shutting down and abandoning module RenderCore (26)
[2025.07.17-02.13.36:387][491]LogModuleManager: Shutting down and abandoning module Landscape (24)
[2025.07.17-02.13.36:387][491]LogModuleManager: Shutting down and abandoning module SlateRHIRenderer (22)
[2025.07.17-02.13.36:388][491]LogModuleManager: Shutting down and abandoning module AnimGraphRuntime (20)
[2025.07.17-02.13.36:388][491]LogModuleManager: Shutting down and abandoning module Renderer (18)
[2025.07.17-02.13.36:388][491]LogModuleManager: Shutting down and abandoning module Engine (16)
[2025.07.17-02.13.36:388][491]LogModuleManager: Shutting down and abandoning module CoreUObject (14)
[2025.07.17-02.13.36:388][491]LogModuleManager: Shutting down and abandoning module NetworkFile (12)
[2025.07.17-02.13.36:388][491]LogModuleManager: Shutting down and abandoning module CookedIterativeFile (10)
[2025.07.17-02.13.36:388][491]LogModuleManager: Shutting down and abandoning module StreamingFile (8)
[2025.07.17-02.13.36:388][491]LogModuleManager: Shutting down and abandoning module SandboxFile (6)
[2025.07.17-02.13.36:388][491]LogModuleManager: Shutting down and abandoning module PakFile (4)
[2025.07.17-02.13.36:388][491]LogModuleManager: Shutting down and abandoning module RSA (3)
[2025.07.17-02.13.36:858][491]LogContentStreaming: Display: There are 1 unreleased StreamingManagers
[2025.07.17-02.13.36:881][491]LogD3D11RHI: Shutdown
[2025.07.17-02.13.36:881][491]LogD3D11RHI: CleanupD3DDevice
[2025.07.17-02.13.36:884][491]LogExit: Exiting.
[2025.07.17-02.13.36:893][491]Log file closed, 07/16/25 23:13:36
