Log file open, 07/21/25 21:05:23
LogWindows: Failed to load 'aqProf.dll' (GetLastError=126)
LogWindows: File 'aqProf.dll' does not exist
LogWindows: Failed to load 'VtuneApi.dll' (GetLastError=126)
LogWindows: File 'VtuneApi.dll' does not exist
LogWindows: Failed to load 'VtuneApi32e.dll' (GetLastError=126)
LogWindows: File 'VtuneApi32e.dll' does not exist
LogConsoleResponse: Display: Failed to find resolution value strings in scalability ini. Falling back to default.
LogConsoleResponse: Display: Failed to find resolution value strings in scalability ini. Falling back to default.
LogInit: Display: Running engine for game: TP_PreEntrega
LogPlatformFile: Not using cached read wrapper
LogTaskGraph: Started task graph with 5 named threads and 23 total threads with 3 sets of task threads.
LogStats: Stats thread started at 0.414614
LogICUInternationalization: ICU TimeZone Detection - Raw Offset: -3:00, Platform Override: ''
LogInit: Display: Loading text-based GConfig....
LogPluginManager: Mounting plugin MeshPainting
LogPluginManager: Mounting plugin XGEController
LogPluginManager: Mounting plugin Paper2D
LogPluginManager: Mounting plugin AISupport
LogPluginManager: Mounting plugin EnvironmentQueryEditor
LogPluginManager: Mounting plugin LiveLink
LogPluginManager: Mounting plugin LightPropagationVolume
LogPluginManager: Mounting plugin CameraShakePreviewer
LogPluginManager: Mounting plugin GameplayCameras
LogPluginManager: Mounting plugin OodleData
LogPluginManager: Mounting plugin AssetManagerEditor
LogPluginManager: Mounting plugin OodleNetwork
LogPluginManager: Mounting plugin CryptoKeys
LogPluginManager: Mounting plugin CurveEditorTools
LogPluginManager: Mounting plugin DataValidation
LogPluginManager: Mounting plugin FacialAnimation
LogPluginManager: Mounting plugin GameplayTagsEditor
LogPluginManager: Mounting plugin GeometryMode
LogPluginManager: Mounting plugin MobileLauncherProfileWizard
LogPluginManager: Mounting plugin MaterialAnalyzer
LogPluginManager: Mounting plugin MacGraphicsSwitching
LogPluginManager: Mounting plugin AlembicImporter
LogPluginManager: Mounting plugin SpeedTreeImporter
LogPluginManager: Mounting plugin StylusInput
LogPluginManager: Mounting plugin PluginBrowser
LogPluginManager: Mounting plugin AutomationUtils
LogPluginManager: Mounting plugin ChaosCloth
LogPluginManager: Mounting plugin BackChannel
LogPluginManager: Mounting plugin ChaosEditor
LogPluginManager: Mounting plugin ChaosNiagara
LogPluginManager: Mounting plugin ChaosSolverPlugin
LogPluginManager: Mounting plugin CharacterAI
LogPluginManager: Mounting plugin ChaosClothEditor
LogPluginManager: Mounting plugin AnimationSharing
LogPluginManager: Mounting plugin CLionSourceCodeAccess
LogPluginManager: Mounting plugin DatasmithContent
LogPluginManager: Mounting plugin GeometryCache
LogPluginManager: Mounting plugin GeometryCollectionPlugin
LogPluginManager: Mounting plugin VariantManagerContent
LogPluginManager: Mounting plugin GeometryProcessing
LogPluginManager: Mounting plugin MeshModelingToolset
LogPluginManager: Mounting plugin ModelingToolsEditorMode
LogPluginManager: Mounting plugin OpenImageDenoise
LogPluginManager: Mounting plugin MotoSynth
LogPluginManager: Mounting plugin PlanarCut
LogPluginManager: Mounting plugin PythonScriptPlugin
LogPluginManager: Mounting plugin PlatformCrypto
LogPluginManager: Mounting plugin ProxyLODPlugin
LogPluginManager: Mounting plugin SkeletalReduction
LogPluginManager: Mounting plugin Niagara
LogPluginManager: Mounting plugin AndroidMedia
LogPluginManager: Mounting plugin LuminPlatformFeatures
LogPluginManager: Mounting plugin MagicLeap
LogPluginManager: Mounting plugin AvfMedia
LogPluginManager: Mounting plugin MagicLeapLightEstimation
LogPluginManager: Mounting plugin MagicLeapMedia
LogPluginManager: Mounting plugin MagicLeapPassableWorld
LogPluginManager: Mounting plugin ImgMedia
LogPluginManager: Mounting plugin MediaCompositing
LogPluginManager: Mounting plugin MLSDK
LogPluginManager: Mounting plugin MediaPlayerEditor
LogPluginManager: Mounting plugin WmfMedia
LogPluginManager: Mounting plugin WebMMedia
LogPluginManager: Mounting plugin TcpMessaging
LogPluginManager: Mounting plugin UdpMessaging
LogPluginManager: Mounting plugin OnlineSubsystem
LogPluginManager: Mounting plugin ActorSequence
LogPluginManager: Mounting plugin OnlineSubsystemNull
LogPluginManager: Mounting plugin MatineeToLevelSequence
LogPluginManager: Mounting plugin LevelSequenceEditor
LogPluginManager: Mounting plugin OnlineSubsystemUtils
LogPluginManager: Mounting plugin TemplateSequence
LogPluginManager: Mounting plugin LauncherChunkInstaller
LogPluginManager: Mounting plugin ActorLayerUtilities
LogPluginManager: Mounting plugin AndroidDeviceProfileSelector
LogPluginManager: Mounting plugin AndroidMoviePlayer
LogPluginManager: Mounting plugin AndroidPermission
LogPluginManager: Mounting plugin AppleImageUtils
LogPluginManager: Mounting plugin AppleMoviePlayer
LogPluginManager: Mounting plugin ArchVisCharacter
LogPluginManager: Mounting plugin AssetTags
LogPluginManager: Mounting plugin AudioCapture
LogPluginManager: Mounting plugin AudioSynesthesia
LogPluginManager: Mounting plugin CableComponent
LogPluginManager: Mounting plugin ChunkDownloader
LogPluginManager: Mounting plugin EditableMesh
LogPluginManager: Mounting plugin CustomMeshComponent
LogPluginManager: Mounting plugin ExampleDeviceProfileSelector
LogPluginManager: Mounting plugin GoogleCloudMessaging
LogPluginManager: Mounting plugin GooglePAD
LogPluginManager: Mounting plugin HairStrands
LogPluginManager: Mounting plugin IOSDeviceProfileSelector
LogPluginManager: Mounting plugin LinuxDeviceProfileSelector
LogPluginManager: Mounting plugin LocationServicesBPLibrary
LogPluginManager: Mounting plugin MobilePatchingUtils
LogPluginManager: Mounting plugin OpenXR
LogPluginManager: Mounting plugin OpenXREyeTracker
LogPluginManager: Mounting plugin OpenXRHandTracking
LogPluginManager: Mounting plugin PhysXVehicles
LogPluginManager: Mounting plugin PostSplashScreen
LogPluginManager: Mounting plugin ScreenshotTools
LogPluginManager: Mounting plugin PropertyAccessEditor
LogPluginManager: Mounting plugin ProceduralMeshComponent
LogPluginManager: Mounting plugin RuntimePhysXCooking
LogPluginManager: Mounting plugin SignificanceManager
LogPluginManager: Mounting plugin SoundFields
LogPluginManager: Mounting plugin Synthesis
LogPluginManager: Mounting plugin WebMMoviePlayer
LogPluginManager: Mounting plugin WindowsMoviePlayer
LogPluginManager: Mounting plugin Takes
LogPluginManager: Mounting plugin CodeLiteSourceCodeAccess
LogPluginManager: Mounting plugin GitSourceControl
LogPluginManager: Mounting plugin KDevelopSourceCodeAccess
LogPluginManager: Mounting plugin NullSourceCodeAccess
LogPluginManager: Mounting plugin PerforceSourceControl
LogPluginManager: Mounting plugin PixWinPlugin
LogPluginManager: Mounting plugin PluginUtils
LogPluginManager: Mounting plugin PropertyAccessNode
LogPluginManager: Mounting plugin PlasticSourceControl
LogPluginManager: Mounting plugin RiderSourceCodeAccess
LogPluginManager: Mounting plugin SubversionSourceControl
LogPluginManager: Mounting plugin TextureFormatOodle
LogPluginManager: Mounting plugin UObjectPlugin
LogPluginManager: Mounting plugin VisualStudioCodeSourceCodeAccess
LogPluginManager: Mounting plugin VisualStudioSourceCodeAccess
LogPluginManager: Mounting plugin XCodeSourceCodeAccess
LogPluginManager: Mounting plugin ContentBrowserAssetDataSource
LogPluginManager: Mounting plugin ContentBrowserClassDataSource
LogPluginManager: Mounting plugin ContentBrowserFileDataSource
LogPluginManager: Mounting plugin OnlineSubsystemIOS
LogPluginManager: Mounting plugin OnlineSubsystemGooglePlay
LogPluginManager: Mounting plugin OculusVR
LogPluginManager: Mounting plugin SteamVR
LogInit: Using libcurl 7.55.1-DEV
LogInit:  - built for x86_64-pc-win32
LogInit:  - supports SSL with OpenSSL/1.1.1
LogInit:  - supports HTTP deflate (compression) using libz 1.2.8
LogInit:  - other features:
LogInit:      CURL_VERSION_SSL
LogInit:      CURL_VERSION_LIBZ
LogInit:      CURL_VERSION_IPV6
LogInit:      CURL_VERSION_ASYNCHDNS
LogInit:      CURL_VERSION_LARGEFILE
LogInit:      CURL_VERSION_IDN
LogInit:  CurlRequestOptions (configurable via config and command line):
LogInit:  - bVerifyPeer = true  - Libcurl will verify peer certificate
LogInit:  - bUseHttpProxy = false  - Libcurl will NOT use HTTP proxy
LogInit:  - bDontReuseConnections = false  - Libcurl will reuse connections
LogInit:  - MaxHostConnections = 16  - Libcurl will limit the number of connections to a host
LogInit:  - LocalHostAddr = Default
LogInit:  - BufferSize = 65536
LogOnline: OSS: Creating online subsystem instance for: NULL
LogInit: WinSock: version 1.1 (2.2), MaxSocks=32767, MaxUdp=65467
LogOnline: OSS: TryLoadSubsystemAndSetDefault: Loaded subsystem for module [NULL]
PixWinPlugin: PIX capture plugin failed to initialize! Check that the process is launched from PIX.
LogOculusPluginWrapper: OculusPlugin initialized successfully
LogHMD: Failed initializing OVRPlugin 1.59.0
LogInit: Build: ++UE4+Release-4.27-CL-18319896
LogInit: Engine Version: 4.27.2-18319896+++UE4+Release-4.27
LogInit: Compatible Engine Version: 4.27.0-17155196+++UE4+Release-4.27
LogInit: Net CL: 17155196
LogInit: OS: Windows 10 (Release 2009) (), CPU: Intel(R) Core(TM) i5-9300H CPU @ 2.40GHz, GPU: Intel(R) UHD Graphics 630
LogInit: Compiled (64-bit): Nov 30 2021 07:12:08
LogInit: Compiled with Visual C++: 19.24.28315.00
LogInit: Build Configuration: Development
LogInit: Branch Name: ++UE4+Release-4.27
LogInit: Command Line: 
LogInit: Base Directory: D:/UE4-Windows/UE_4.27/Engine/Binaries/Win64/
LogInit: Allocator: TBB
LogInit: Installed Engine Build: 1
LogDevObjectVersion: Number of dev versions registered: 29
LogDevObjectVersion:   Dev-Blueprints (B0D832E4-1F89-4F0D-ACCF-7EB736FD4AA2): 10
LogDevObjectVersion:   Dev-Build (E1C64328-A22C-4D53-A36C-8E866417BD8C): 0
LogDevObjectVersion:   Dev-Core (375EC13C-06E4-48FB-B500-84F0262A717E): 4
LogDevObjectVersion:   Dev-Editor (E4B068ED-F494-42E9-A231-DA0B2E46BB41): 40
LogDevObjectVersion:   Dev-Framework (CFFC743F-43B0-4480-9391-14DF171D2073): 37
LogDevObjectVersion:   Dev-Mobile (B02B49B5-BB20-44E9-A304-32B752E40360): 3
LogDevObjectVersion:   Dev-Networking (A4E4105C-59A1-49B5-A7C5-40C4547EDFEE): 0
LogDevObjectVersion:   Dev-Online (39C831C9-5AE6-47DC-9A44-9C173E1C8E7C): 0
LogDevObjectVersion:   Dev-Physics (78F01B33-EBEA-4F98-B9B4-84EACCB95AA2): 14
LogDevObjectVersion:   Dev-Platform (6631380F-2D4D-43E0-8009-CF276956A95A): 0
LogDevObjectVersion:   Dev-Rendering (12F88B9F-8875-4AFC-A67C-D90C383ABD29): 45
LogDevObjectVersion:   Dev-Sequencer (7B5AE74C-D270-4C10-A958-57980B212A5A): 13
LogDevObjectVersion:   Dev-VR (D7296918-1DD6-4BDD-9DE2-64A83CC13884): 3
LogDevObjectVersion:   Dev-LoadTimes (C2A15278-BFE7-4AFE-6C17-90FF531DF755): 1
LogDevObjectVersion:   Private-Geometry (6EACA3D4-40EC-4CC1-B786-8BED09428FC5): 3
LogDevObjectVersion:   Dev-AnimPhys (29E575DD-E0A3-4627-9D10-D276232CDCEA): 17
LogDevObjectVersion:   Dev-Anim (AF43A65D-7FD3-4947-9873-3E8ED9C1BB05): 15
LogDevObjectVersion:   Dev-ReflectionCapture (6B266CEC-1EC7-4B8F-A30B-E4D90942FC07): 1
LogDevObjectVersion:   Dev-Automation (0DF73D61-A23F-47EA-B727-89E90C41499A): 1
LogDevObjectVersion:   FortniteMain (601D1886-AC64-4F84-AA16-D3DE0DEAC7D6): 47
LogDevObjectVersion:   FortniteRelease (E7086368-6B23-4C58-8439-1B7016265E91): 1
LogDevObjectVersion:   Dev-Enterprise (9DFFBCD6-494F-0158-E221-12823C92A888): 10
LogDevObjectVersion:   Dev-Niagara (F2AED0AC-9AFE-416F-8664-AA7FFA26D6FC): 1
LogDevObjectVersion:   Dev-Destruction (174F1F0B-B4C6-45A5-B13F-2EE8D0FB917D): 10
LogDevObjectVersion:   Dev-Physics-Ext (35F94A83-E258-406C-A318-09F59610247C): 41
LogDevObjectVersion:   Dev-PhysicsMaterial-Chaos (B68FC16E-8B1B-42E2-B453-215C058844FE): 1
LogDevObjectVersion:   Dev-CineCamera (B2E18506-4273-CFC2-A54E-F4BB758BBA07): 1
LogDevObjectVersion:   Dev-VirtualProduction (64F58936-FD1B-42BA-BA96-7289D5D0FA4E): 1
LogDevObjectVersion:   Dev-MediaFramework (6F0ED827-A609-4895-9C91-998D90180EA4): 2
LogInit: Presizing for max 25165824 objects, including 0 objects not considered by GC, pre-allocating 0 bytes for permanent pool.
LogConfig: Applying CVar settings from Section [/Script/Engine.StreamingSettings] File [D:/UTN-e-learning/Unreal-Engine/Unreal-Projects/TP_PreEntrega/Saved/Config/Windows/Engine.ini]
LogConfig: Setting CVar [[s.MinBulkDataSizeForAsyncLoading:131072]]
LogConfig: Setting CVar [[s.AsyncLoadingThreadEnabled:0]]
LogConfig: Setting CVar [[s.EventDrivenLoaderEnabled:1]]
LogConfig: Setting CVar [[s.WarnIfTimeLimitExceeded:0]]
LogConfig: Setting CVar [[s.TimeLimitExceededMultiplier:1.5]]
LogConfig: Setting CVar [[s.TimeLimitExceededMinTime:0.005]]
LogConfig: Setting CVar [[s.UseBackgroundLevelStreaming:1]]
LogConfig: Setting CVar [[s.PriorityAsyncLoadingExtraTime:15.0]]
LogConfig: Setting CVar [[s.LevelStreamingActorsUpdateTimeLimit:5.0]]
LogConfig: Setting CVar [[s.PriorityLevelStreamingActorsUpdateExtraTime:5.0]]
LogConfig: Setting CVar [[s.LevelStreamingComponentsRegistrationGranularity:10]]
LogConfig: Setting CVar [[s.UnregisterComponentsTimeLimit:1.0]]
LogConfig: Setting CVar [[s.LevelStreamingComponentsUnregistrationGranularity:5]]
LogConfig: Setting CVar [[s.FlushStreamingOnExit:1]]
LogInit: Object subsystem initialized
LogConfig: Setting CVar [[con.DebugEarlyDefault:1]]
LogConfig: Setting CVar [[r.setres:1280x720]]
LogConfig: Setting CVar [[fx.NiagaraAllowRuntimeScalabilityChanges:1]]
[2025.07.22-00.05.24:584][  0]LogConfig: Setting CVar [[r.VSync:0]]
[2025.07.22-00.05.24:584][  0]LogConfig: Setting CVar [[r.RHICmdBypass:0]]
[2025.07.22-00.05.24:584][  0]LogConfig: Applying CVar settings from Section [/Script/Engine.RendererSettings] File [D:/UTN-e-learning/Unreal-Engine/Unreal-Projects/TP_PreEntrega/Saved/Config/Windows/Engine.ini]
[2025.07.22-00.05.24:584][  0]LogConfig: Setting CVar [[r.GPUCrashDebugging:0]]
[2025.07.22-00.05.24:584][  0]LogConfig: Applying CVar settings from Section [/Script/Engine.RendererOverrideSettings] File [D:/UTN-e-learning/Unreal-Engine/Unreal-Projects/TP_PreEntrega/Saved/Config/Windows/Engine.ini]
[2025.07.22-00.05.24:584][  0]LogConfig: Applying CVar settings from Section [/Script/Engine.StreamingSettings] File [D:/UTN-e-learning/Unreal-Engine/Unreal-Projects/TP_PreEntrega/Saved/Config/Windows/Engine.ini]
[2025.07.22-00.05.24:584][  0]LogConfig: Setting CVar [[s.MinBulkDataSizeForAsyncLoading:131072]]
[2025.07.22-00.05.24:584][  0]LogConfig: Setting CVar [[s.AsyncLoadingThreadEnabled:0]]
[2025.07.22-00.05.24:584][  0]LogConfig: Setting CVar [[s.EventDrivenLoaderEnabled:1]]
[2025.07.22-00.05.24:584][  0]LogConfig: Setting CVar [[s.WarnIfTimeLimitExceeded:0]]
[2025.07.22-00.05.24:584][  0]LogConfig: Setting CVar [[s.TimeLimitExceededMultiplier:1.5]]
[2025.07.22-00.05.24:584][  0]LogConfig: Setting CVar [[s.TimeLimitExceededMinTime:0.005]]
[2025.07.22-00.05.24:584][  0]LogConfig: Setting CVar [[s.UseBackgroundLevelStreaming:1]]
[2025.07.22-00.05.24:584][  0]LogConfig: Setting CVar [[s.PriorityAsyncLoadingExtraTime:15.0]]
[2025.07.22-00.05.24:584][  0]LogConfig: Setting CVar [[s.LevelStreamingActorsUpdateTimeLimit:5.0]]
[2025.07.22-00.05.24:584][  0]LogConfig: Setting CVar [[s.PriorityLevelStreamingActorsUpdateExtraTime:5.0]]
[2025.07.22-00.05.24:584][  0]LogConfig: Setting CVar [[s.LevelStreamingComponentsRegistrationGranularity:10]]
[2025.07.22-00.05.24:584][  0]LogConfig: Setting CVar [[s.UnregisterComponentsTimeLimit:1.0]]
[2025.07.22-00.05.24:584][  0]LogConfig: Setting CVar [[s.LevelStreamingComponentsUnregistrationGranularity:5]]
[2025.07.22-00.05.24:584][  0]LogConfig: Setting CVar [[s.FlushStreamingOnExit:1]]
[2025.07.22-00.05.24:584][  0]LogConfig: Applying CVar settings from Section [/Script/Engine.GarbageCollectionSettings] File [D:/UTN-e-learning/Unreal-Engine/Unreal-Projects/TP_PreEntrega/Saved/Config/Windows/Engine.ini]
[2025.07.22-00.05.24:584][  0]LogConfig: Setting CVar [[gc.MaxObjectsNotConsideredByGC:1]]
[2025.07.22-00.05.24:584][  0]LogConfig: Setting CVar [[gc.SizeOfPermanentObjectPool:0]]
[2025.07.22-00.05.24:584][  0]LogConfig: Setting CVar [[gc.FlushStreamingOnGC:0]]
[2025.07.22-00.05.24:584][  0]LogConfig: Setting CVar [[gc.NumRetriesBeforeForcingGC:10]]
[2025.07.22-00.05.24:584][  0]LogConfig: Setting CVar [[gc.AllowParallelGC:1]]
[2025.07.22-00.05.24:585][  0]LogConfig: Setting CVar [[gc.TimeBetweenPurgingPendingKillObjects:61.1]]
[2025.07.22-00.05.24:585][  0]LogConfig: Setting CVar [[gc.MaxObjectsInEditor:25165824]]
[2025.07.22-00.05.24:585][  0]LogConfig: Setting CVar [[gc.IncrementalBeginDestroyEnabled:1]]
[2025.07.22-00.05.24:585][  0]LogConfig: Setting CVar [[gc.CreateGCClusters:1]]
[2025.07.22-00.05.24:585][  0]LogConfig: Setting CVar [[gc.MinGCClusterSize:5]]
[2025.07.22-00.05.24:585][  0]LogConfig: Setting CVar [[gc.ActorClusteringEnabled:0]]
[2025.07.22-00.05.24:585][  0]LogConfig: Setting CVar [[gc.BlueprintClusteringEnabled:0]]
[2025.07.22-00.05.24:585][  0]LogConfig: Setting CVar [[gc.UseDisregardForGCOnDedicatedServers:0]]
[2025.07.22-00.05.24:585][  0]LogConfig: Setting CVar [[gc.MultithreadedDestructionEnabled:1]]
[2025.07.22-00.05.24:585][  0]LogConfig: Applying CVar settings from Section [/Script/Engine.NetworkSettings] File [D:/UTN-e-learning/Unreal-Engine/Unreal-Projects/TP_PreEntrega/Saved/Config/Windows/Engine.ini]
[2025.07.22-00.05.24:585][  0]LogConfig: Applying CVar settings from Section [/Script/UnrealEd.CookerSettings] File [D:/UTN-e-learning/Unreal-Engine/Unreal-Projects/TP_PreEntrega/Saved/Config/Windows/Engine.ini]
[2025.07.22-00.05.24:601][  0]LogConfig: Applying CVar settings from Section [ViewDistanceQuality@3] File [D:/UTN-e-learning/Unreal-Engine/Unreal-Projects/TP_PreEntrega/Saved/Config/Windows/Scalability.ini]
[2025.07.22-00.05.24:601][  0]LogConfig: Setting CVar [[r.SkeletalMeshLODBias:0]]
[2025.07.22-00.05.24:601][  0]LogConfig: Setting CVar [[r.ViewDistanceScale:1.0]]
[2025.07.22-00.05.24:601][  0]LogConfig: Applying CVar settings from Section [AntiAliasingQuality@3] File [D:/UTN-e-learning/Unreal-Engine/Unreal-Projects/TP_PreEntrega/Saved/Config/Windows/Scalability.ini]
[2025.07.22-00.05.24:601][  0]LogConfig: Setting CVar [[r.PostProcessAAQuality:4]]
[2025.07.22-00.05.24:601][  0]LogConfig: Applying CVar settings from Section [ShadowQuality@3] File [D:/UTN-e-learning/Unreal-Engine/Unreal-Projects/TP_PreEntrega/Saved/Config/Windows/Scalability.ini]
[2025.07.22-00.05.24:601][  0]LogConfig: Setting CVar [[r.LightFunctionQuality:1]]
[2025.07.22-00.05.24:601][  0]LogConfig: Setting CVar [[r.ShadowQuality:5]]
[2025.07.22-00.05.24:601][  0]LogConfig: Setting CVar [[r.Shadow.CSM.MaxCascades:10]]
[2025.07.22-00.05.24:601][  0]LogConfig: Setting CVar [[r.Shadow.MaxResolution:2048]]
[2025.07.22-00.05.24:601][  0]LogConfig: Setting CVar [[r.Shadow.MaxCSMResolution:2048]]
[2025.07.22-00.05.24:601][  0]LogConfig: Setting CVar [[r.Shadow.RadiusThreshold:0.01]]
[2025.07.22-00.05.24:601][  0]LogConfig: Setting CVar [[r.Shadow.DistanceScale:1.0]]
[2025.07.22-00.05.24:601][  0]LogConfig: Setting CVar [[r.Shadow.CSM.TransitionScale:1.0]]
[2025.07.22-00.05.24:601][  0]LogConfig: Setting CVar [[r.Shadow.PreShadowResolutionFactor:1.0]]
[2025.07.22-00.05.24:601][  0]LogConfig: Setting CVar [[r.DistanceFieldShadowing:1]]
[2025.07.22-00.05.24:601][  0]LogConfig: Setting CVar [[r.DistanceFieldAO:1]]
[2025.07.22-00.05.24:601][  0]LogConfig: Setting CVar [[r.AOQuality:2]]
[2025.07.22-00.05.24:601][  0]LogConfig: Setting CVar [[r.VolumetricFog:1]]
[2025.07.22-00.05.24:601][  0]LogConfig: Setting CVar [[r.VolumetricFog.GridPixelSize:8]]
[2025.07.22-00.05.24:601][  0]LogConfig: Setting CVar [[r.VolumetricFog.GridSizeZ:128]]
[2025.07.22-00.05.24:601][  0]LogConfig: Setting CVar [[r.VolumetricFog.HistoryMissSupersampleCount:4]]
[2025.07.22-00.05.24:601][  0]LogConfig: Setting CVar [[r.LightMaxDrawDistanceScale:1]]
[2025.07.22-00.05.24:601][  0]LogConfig: Setting CVar [[r.CapsuleShadows:1]]
[2025.07.22-00.05.24:601][  0]LogConfig: Applying CVar settings from Section [PostProcessQuality@3] File [D:/UTN-e-learning/Unreal-Engine/Unreal-Projects/TP_PreEntrega/Saved/Config/Windows/Scalability.ini]
[2025.07.22-00.05.24:601][  0]LogConfig: Setting CVar [[r.MotionBlurQuality:4]]
[2025.07.22-00.05.24:601][  0]LogConfig: Setting CVar [[r.AmbientOcclusionMipLevelFactor:0.4]]
[2025.07.22-00.05.24:601][  0]LogConfig: Setting CVar [[r.AmbientOcclusionMaxQuality:100]]
[2025.07.22-00.05.24:601][  0]LogConfig: Setting CVar [[r.AmbientOcclusionLevels:-1]]
[2025.07.22-00.05.24:601][  0]LogConfig: Setting CVar [[r.AmbientOcclusionRadiusScale:1.0]]
[2025.07.22-00.05.24:601][  0]LogConfig: Setting CVar [[r.DepthOfFieldQuality:2]]
[2025.07.22-00.05.24:602][  0]LogConfig: Setting CVar [[r.RenderTargetPoolMin:400]]
[2025.07.22-00.05.24:602][  0]LogConfig: Setting CVar [[r.LensFlareQuality:2]]
[2025.07.22-00.05.24:602][  0]LogConfig: Setting CVar [[r.SceneColorFringeQuality:1]]
[2025.07.22-00.05.24:602][  0]LogConfig: Setting CVar [[r.EyeAdaptationQuality:2]]
[2025.07.22-00.05.24:602][  0]LogConfig: Setting CVar [[r.BloomQuality:5]]
[2025.07.22-00.05.24:602][  0]LogConfig: Setting CVar [[r.FastBlurThreshold:100]]
[2025.07.22-00.05.24:602][  0]LogConfig: Setting CVar [[r.Upscale.Quality:3]]
[2025.07.22-00.05.24:602][  0]LogConfig: Setting CVar [[r.Tonemapper.GrainQuantization:1]]
[2025.07.22-00.05.24:602][  0]LogConfig: Setting CVar [[r.LightShaftQuality:1]]
[2025.07.22-00.05.24:602][  0]LogConfig: Setting CVar [[r.Filter.SizeScale:1]]
[2025.07.22-00.05.24:602][  0]LogConfig: Setting CVar [[r.Tonemapper.Quality:5]]
[2025.07.22-00.05.24:602][  0]LogConfig: Setting CVar [[r.DOF.Gather.AccumulatorQuality:1        ; higher gathering accumulator quality]]
[2025.07.22-00.05.24:602][  0]LogConfig: Setting CVar [[r.DOF.Gather.PostfilterMethod:1          ; Median3x3 postfilering method]]
[2025.07.22-00.05.24:602][  0]LogConfig: Setting CVar [[r.DOF.Gather.EnableBokehSettings:0       ; no bokeh simulation when gathering]]
[2025.07.22-00.05.24:602][  0]LogConfig: Setting CVar [[r.DOF.Gather.RingCount:4                 ; medium number of samples when gathering]]
[2025.07.22-00.05.24:602][  0]LogConfig: Setting CVar [[r.DOF.Scatter.ForegroundCompositing:1    ; additive foreground scattering]]
[2025.07.22-00.05.24:602][  0]LogConfig: Setting CVar [[r.DOF.Scatter.BackgroundCompositing:2    ; additive background scattering]]
[2025.07.22-00.05.24:602][  0]LogConfig: Setting CVar [[r.DOF.Scatter.EnableBokehSettings:1      ; bokeh simulation when scattering]]
[2025.07.22-00.05.24:602][  0]LogConfig: Setting CVar [[r.DOF.Scatter.MaxSpriteRatio:0.1         ; only a maximum of 10% of scattered bokeh]]
[2025.07.22-00.05.24:602][  0]LogConfig: Setting CVar [[r.DOF.Recombine.Quality:1                ; cheap slight out of focus]]
[2025.07.22-00.05.24:602][  0]LogConfig: Setting CVar [[r.DOF.Recombine.EnableBokehSettings:0    ; no bokeh simulation on slight out of focus]]
[2025.07.22-00.05.24:602][  0]LogConfig: Setting CVar [[r.DOF.TemporalAAQuality:1                ; more stable temporal accumulation]]
[2025.07.22-00.05.24:602][  0]LogConfig: Setting CVar [[r.DOF.Kernel.MaxForegroundRadius:0.025]]
[2025.07.22-00.05.24:602][  0]LogConfig: Setting CVar [[r.DOF.Kernel.MaxBackgroundRadius:0.025]]
[2025.07.22-00.05.24:602][  0]LogConfig: Applying CVar settings from Section [TextureQuality@3] File [D:/UTN-e-learning/Unreal-Engine/Unreal-Projects/TP_PreEntrega/Saved/Config/Windows/Scalability.ini]
[2025.07.22-00.05.24:602][  0]LogConfig: Setting CVar [[r.Streaming.MipBias:0]]
[2025.07.22-00.05.24:602][  0]LogConfig: Setting CVar [[r.Streaming.AmortizeCPUToGPUCopy:0]]
[2025.07.22-00.05.24:602][  0]LogConfig: Setting CVar [[r.Streaming.MaxNumTexturesToStreamPerFrame:0]]
[2025.07.22-00.05.24:602][  0]LogConfig: Setting CVar [[r.Streaming.Boost:1]]
[2025.07.22-00.05.24:602][  0]LogConfig: Setting CVar [[r.MaxAnisotropy:8]]
[2025.07.22-00.05.24:602][  0]LogConfig: Setting CVar [[r.VT.MaxAnisotropy:8]]
[2025.07.22-00.05.24:602][  0]LogConfig: Setting CVar [[r.Streaming.LimitPoolSizeToVRAM:0]]
[2025.07.22-00.05.24:602][  0]LogConfig: Setting CVar [[r.Streaming.PoolSize:1000]]
[2025.07.22-00.05.24:602][  0]LogConfig: Setting CVar [[r.Streaming.MaxEffectiveScreenSize:0]]
[2025.07.22-00.05.24:602][  0]LogConfig: Applying CVar settings from Section [EffectsQuality@3] File [D:/UTN-e-learning/Unreal-Engine/Unreal-Projects/TP_PreEntrega/Saved/Config/Windows/Scalability.ini]
[2025.07.22-00.05.24:602][  0]LogConfig: Setting CVar [[r.TranslucencyLightingVolumeDim:64]]
[2025.07.22-00.05.24:602][  0]LogConfig: Setting CVar [[r.RefractionQuality:2]]
[2025.07.22-00.05.24:602][  0]LogConfig: Setting CVar [[r.SSR.Quality:3]]
[2025.07.22-00.05.24:602][  0]LogConfig: Setting CVar [[r.SSR.HalfResSceneColor:0]]
[2025.07.22-00.05.24:602][  0]LogConfig: Setting CVar [[r.SceneColorFormat:4]]
[2025.07.22-00.05.24:602][  0]LogConfig: Setting CVar [[r.DetailMode:2]]
[2025.07.22-00.05.24:602][  0]LogConfig: Setting CVar [[r.TranslucencyVolumeBlur:1]]
[2025.07.22-00.05.24:602][  0]LogConfig: Setting CVar [[r.MaterialQualityLevel:1 ; High quality]]
[2025.07.22-00.05.24:602][  0]LogConfig: Setting CVar [[r.AnisotropicMaterials:1]]
[2025.07.22-00.05.24:602][  0]LogConfig: Setting CVar [[r.SSS.Scale:1]]
[2025.07.22-00.05.24:602][  0]LogConfig: Setting CVar [[r.SSS.SampleSet:2]]
[2025.07.22-00.05.24:602][  0]LogConfig: Setting CVar [[r.SSS.Quality:1]]
[2025.07.22-00.05.24:602][  0]LogConfig: Setting CVar [[r.SSS.HalfRes:0]]
[2025.07.22-00.05.24:602][  0]LogConfig: Setting CVar [[r.SSGI.Quality:3]]
[2025.07.22-00.05.24:602][  0]LogConfig: Setting CVar [[r.EmitterSpawnRateScale:1.0]]
[2025.07.22-00.05.24:602][  0]LogConfig: Setting CVar [[r.ParticleLightQuality:2]]
[2025.07.22-00.05.24:602][  0]LogConfig: Setting CVar [[r.SkyAtmosphere.AerialPerspectiveLUT.FastApplyOnOpaque:1 ; Always have FastSkyLUT 1 in this case to avoid wrong sky]]
[2025.07.22-00.05.24:602][  0]LogConfig: Setting CVar [[r.SkyAtmosphere.AerialPerspectiveLUT.SampleCountMaxPerSlice:4]]
[2025.07.22-00.05.24:602][  0]LogConfig: Setting CVar [[r.SkyAtmosphere.AerialPerspectiveLUT.DepthResolution:16.0]]
[2025.07.22-00.05.24:602][  0]LogConfig: Setting CVar [[r.SkyAtmosphere.FastSkyLUT:1]]
[2025.07.22-00.05.24:602][  0]LogConfig: Setting CVar [[r.SkyAtmosphere.FastSkyLUT.SampleCountMin:4.0]]
[2025.07.22-00.05.24:602][  0]LogConfig: Setting CVar [[r.SkyAtmosphere.FastSkyLUT.SampleCountMax:128.0]]
[2025.07.22-00.05.24:602][  0]LogConfig: Setting CVar [[r.SkyAtmosphere.SampleCountMin:4.0]]
[2025.07.22-00.05.24:602][  0]LogConfig: Setting CVar [[r.SkyAtmosphere.SampleCountMax:128.0]]
[2025.07.22-00.05.24:602][  0]LogConfig: Setting CVar [[r.SkyAtmosphere.TransmittanceLUT.UseSmallFormat:0]]
[2025.07.22-00.05.24:602][  0]LogConfig: Setting CVar [[r.SkyAtmosphere.TransmittanceLUT.SampleCount:10.0]]
[2025.07.22-00.05.24:602][  0]LogConfig: Setting CVar [[r.SkyAtmosphere.MultiScatteringLUT.SampleCount:15.0]]
[2025.07.22-00.05.24:602][  0]LogConfig: Setting CVar [[r.SkyLight.RealTimeReflectionCapture:1]]
[2025.07.22-00.05.24:602][  0]LogConfig: Setting CVar [[fx.Niagara.QualityLevel:3]]
[2025.07.22-00.05.24:602][  0]LogConfig: Applying CVar settings from Section [FoliageQuality@3] File [D:/UTN-e-learning/Unreal-Engine/Unreal-Projects/TP_PreEntrega/Saved/Config/Windows/Scalability.ini]
[2025.07.22-00.05.24:602][  0]LogConfig: Setting CVar [[foliage.DensityScale:1.0]]
[2025.07.22-00.05.24:602][  0]LogConfig: Setting CVar [[grass.DensityScale:1.0]]
[2025.07.22-00.05.24:602][  0]LogConfig: Applying CVar settings from Section [ShadingQuality@3] File [D:/UTN-e-learning/Unreal-Engine/Unreal-Projects/TP_PreEntrega/Saved/Config/Windows/Scalability.ini]
[2025.07.22-00.05.24:602][  0]LogConfig: Setting CVar [[r.HairStrands.SkyLighting.IntegrationType:2]]
[2025.07.22-00.05.24:602][  0]LogConfig: Setting CVar [[r.HairStrands.SkyAO.SampleCount:4]]
[2025.07.22-00.05.24:602][  0]LogConfig: Setting CVar [[r.HairStrands.Visibility.MSAA.SamplePerPixel:4]]
[2025.07.22-00.05.24:603][  0]LogConfig: Setting CVar [[r.HairStrands.Interpolation.UseSingleGuide:0]]
[2025.07.22-00.05.24:603][  0]LogInit: Selected Device Profile: [Windows]
[2025.07.22-00.05.24:603][  0]LogInit: Applying CVar settings loaded from the selected device profile: [Windows]
[2025.07.22-00.05.24:603][  0]LogHAL: Display: Platform has ~ 32 GB [34200604672 / 34359738368 / 32], which maps to Largest [LargestMinGB=32, LargerMinGB=12, DefaultMinGB=8, SmallerMinGB=6, SmallestMinGB=0)
[2025.07.22-00.05.24:603][  0]LogInit: Going up to parent DeviceProfile []
[2025.07.22-00.05.24:603][  0]LogConfig: Applying CVar settings from Section [ViewDistanceQuality@3] File [D:/UTN-e-learning/Unreal-Engine/Unreal-Projects/TP_PreEntrega/Saved/Config/Windows/Scalability.ini]
[2025.07.22-00.05.24:603][  0]LogConfig: Setting CVar [[r.SkeletalMeshLODBias:0]]
[2025.07.22-00.05.24:603][  0]LogConfig: Setting CVar [[r.ViewDistanceScale:1.0]]
[2025.07.22-00.05.24:603][  0]LogConfig: Applying CVar settings from Section [AntiAliasingQuality@3] File [D:/UTN-e-learning/Unreal-Engine/Unreal-Projects/TP_PreEntrega/Saved/Config/Windows/Scalability.ini]
[2025.07.22-00.05.24:603][  0]LogConfig: Setting CVar [[r.PostProcessAAQuality:4]]
[2025.07.22-00.05.24:603][  0]LogConfig: Applying CVar settings from Section [ShadowQuality@3] File [D:/UTN-e-learning/Unreal-Engine/Unreal-Projects/TP_PreEntrega/Saved/Config/Windows/Scalability.ini]
[2025.07.22-00.05.24:603][  0]LogConfig: Setting CVar [[r.LightFunctionQuality:1]]
[2025.07.22-00.05.24:603][  0]LogConfig: Setting CVar [[r.ShadowQuality:5]]
[2025.07.22-00.05.24:603][  0]LogConfig: Setting CVar [[r.Shadow.CSM.MaxCascades:10]]
[2025.07.22-00.05.24:603][  0]LogConfig: Setting CVar [[r.Shadow.MaxResolution:2048]]
[2025.07.22-00.05.24:603][  0]LogConfig: Setting CVar [[r.Shadow.MaxCSMResolution:2048]]
[2025.07.22-00.05.24:603][  0]LogConfig: Setting CVar [[r.Shadow.RadiusThreshold:0.01]]
[2025.07.22-00.05.24:603][  0]LogConfig: Setting CVar [[r.Shadow.DistanceScale:1.0]]
[2025.07.22-00.05.24:603][  0]LogConfig: Setting CVar [[r.Shadow.CSM.TransitionScale:1.0]]
[2025.07.22-00.05.24:603][  0]LogConfig: Setting CVar [[r.Shadow.PreShadowResolutionFactor:1.0]]
[2025.07.22-00.05.24:603][  0]LogConfig: Setting CVar [[r.DistanceFieldShadowing:1]]
[2025.07.22-00.05.24:603][  0]LogConfig: Setting CVar [[r.DistanceFieldAO:1]]
[2025.07.22-00.05.24:603][  0]LogConfig: Setting CVar [[r.AOQuality:2]]
[2025.07.22-00.05.24:603][  0]LogConfig: Setting CVar [[r.VolumetricFog:1]]
[2025.07.22-00.05.24:603][  0]LogConfig: Setting CVar [[r.VolumetricFog.GridPixelSize:8]]
[2025.07.22-00.05.24:603][  0]LogConfig: Setting CVar [[r.VolumetricFog.GridSizeZ:128]]
[2025.07.22-00.05.24:603][  0]LogConfig: Setting CVar [[r.VolumetricFog.HistoryMissSupersampleCount:4]]
[2025.07.22-00.05.24:603][  0]LogConfig: Setting CVar [[r.LightMaxDrawDistanceScale:1]]
[2025.07.22-00.05.24:603][  0]LogConfig: Setting CVar [[r.CapsuleShadows:1]]
[2025.07.22-00.05.24:603][  0]LogConfig: Applying CVar settings from Section [PostProcessQuality@3] File [D:/UTN-e-learning/Unreal-Engine/Unreal-Projects/TP_PreEntrega/Saved/Config/Windows/Scalability.ini]
[2025.07.22-00.05.24:603][  0]LogConfig: Setting CVar [[r.MotionBlurQuality:4]]
[2025.07.22-00.05.24:603][  0]LogConfig: Setting CVar [[r.AmbientOcclusionMipLevelFactor:0.4]]
[2025.07.22-00.05.24:603][  0]LogConfig: Setting CVar [[r.AmbientOcclusionMaxQuality:100]]
[2025.07.22-00.05.24:603][  0]LogConfig: Setting CVar [[r.AmbientOcclusionLevels:-1]]
[2025.07.22-00.05.24:603][  0]LogConfig: Setting CVar [[r.AmbientOcclusionRadiusScale:1.0]]
[2025.07.22-00.05.24:603][  0]LogConfig: Setting CVar [[r.DepthOfFieldQuality:2]]
[2025.07.22-00.05.24:603][  0]LogConfig: Setting CVar [[r.RenderTargetPoolMin:400]]
[2025.07.22-00.05.24:603][  0]LogConfig: Setting CVar [[r.LensFlareQuality:2]]
[2025.07.22-00.05.24:603][  0]LogConfig: Setting CVar [[r.SceneColorFringeQuality:1]]
[2025.07.22-00.05.24:603][  0]LogConfig: Setting CVar [[r.EyeAdaptationQuality:2]]
[2025.07.22-00.05.24:603][  0]LogConfig: Setting CVar [[r.BloomQuality:5]]
[2025.07.22-00.05.24:603][  0]LogConfig: Setting CVar [[r.FastBlurThreshold:100]]
[2025.07.22-00.05.24:603][  0]LogConfig: Setting CVar [[r.Upscale.Quality:3]]
[2025.07.22-00.05.24:603][  0]LogConfig: Setting CVar [[r.Tonemapper.GrainQuantization:1]]
[2025.07.22-00.05.24:603][  0]LogConfig: Setting CVar [[r.LightShaftQuality:1]]
[2025.07.22-00.05.24:603][  0]LogConfig: Setting CVar [[r.Filter.SizeScale:1]]
[2025.07.22-00.05.24:603][  0]LogConfig: Setting CVar [[r.Tonemapper.Quality:5]]
[2025.07.22-00.05.24:603][  0]LogConfig: Setting CVar [[r.DOF.Gather.AccumulatorQuality:1        ; higher gathering accumulator quality]]
[2025.07.22-00.05.24:603][  0]LogConfig: Setting CVar [[r.DOF.Gather.PostfilterMethod:1          ; Median3x3 postfilering method]]
[2025.07.22-00.05.24:603][  0]LogConfig: Setting CVar [[r.DOF.Gather.EnableBokehSettings:0       ; no bokeh simulation when gathering]]
[2025.07.22-00.05.24:603][  0]LogConfig: Setting CVar [[r.DOF.Gather.RingCount:4                 ; medium number of samples when gathering]]
[2025.07.22-00.05.24:603][  0]LogConfig: Setting CVar [[r.DOF.Scatter.ForegroundCompositing:1    ; additive foreground scattering]]
[2025.07.22-00.05.24:603][  0]LogConfig: Setting CVar [[r.DOF.Scatter.BackgroundCompositing:2    ; additive background scattering]]
[2025.07.22-00.05.24:603][  0]LogConfig: Setting CVar [[r.DOF.Scatter.EnableBokehSettings:1      ; bokeh simulation when scattering]]
[2025.07.22-00.05.24:603][  0]LogConfig: Setting CVar [[r.DOF.Scatter.MaxSpriteRatio:0.1         ; only a maximum of 10% of scattered bokeh]]
[2025.07.22-00.05.24:603][  0]LogConfig: Setting CVar [[r.DOF.Recombine.Quality:1                ; cheap slight out of focus]]
[2025.07.22-00.05.24:603][  0]LogConfig: Setting CVar [[r.DOF.Recombine.EnableBokehSettings:0    ; no bokeh simulation on slight out of focus]]
[2025.07.22-00.05.24:603][  0]LogConfig: Setting CVar [[r.DOF.TemporalAAQuality:1                ; more stable temporal accumulation]]
[2025.07.22-00.05.24:603][  0]LogConfig: Setting CVar [[r.DOF.Kernel.MaxForegroundRadius:0.025]]
[2025.07.22-00.05.24:603][  0]LogConfig: Setting CVar [[r.DOF.Kernel.MaxBackgroundRadius:0.025]]
[2025.07.22-00.05.24:603][  0]LogConfig: Applying CVar settings from Section [TextureQuality@3] File [D:/UTN-e-learning/Unreal-Engine/Unreal-Projects/TP_PreEntrega/Saved/Config/Windows/Scalability.ini]
[2025.07.22-00.05.24:603][  0]LogConfig: Setting CVar [[r.Streaming.MipBias:0]]
[2025.07.22-00.05.24:603][  0]LogConfig: Setting CVar [[r.Streaming.AmortizeCPUToGPUCopy:0]]
[2025.07.22-00.05.24:603][  0]LogConfig: Setting CVar [[r.Streaming.MaxNumTexturesToStreamPerFrame:0]]
[2025.07.22-00.05.24:603][  0]LogConfig: Setting CVar [[r.Streaming.Boost:1]]
[2025.07.22-00.05.24:604][  0]LogConfig: Setting CVar [[r.MaxAnisotropy:8]]
[2025.07.22-00.05.24:604][  0]LogConfig: Setting CVar [[r.VT.MaxAnisotropy:8]]
[2025.07.22-00.05.24:604][  0]LogConfig: Setting CVar [[r.Streaming.LimitPoolSizeToVRAM:0]]
[2025.07.22-00.05.24:604][  0]LogConfig: Setting CVar [[r.Streaming.PoolSize:1000]]
[2025.07.22-00.05.24:604][  0]LogConfig: Setting CVar [[r.Streaming.MaxEffectiveScreenSize:0]]
[2025.07.22-00.05.24:604][  0]LogConfig: Applying CVar settings from Section [EffectsQuality@3] File [D:/UTN-e-learning/Unreal-Engine/Unreal-Projects/TP_PreEntrega/Saved/Config/Windows/Scalability.ini]
[2025.07.22-00.05.24:604][  0]LogConfig: Setting CVar [[r.TranslucencyLightingVolumeDim:64]]
[2025.07.22-00.05.24:604][  0]LogConfig: Setting CVar [[r.RefractionQuality:2]]
[2025.07.22-00.05.24:604][  0]LogConfig: Setting CVar [[r.SSR.Quality:3]]
[2025.07.22-00.05.24:604][  0]LogConfig: Setting CVar [[r.SSR.HalfResSceneColor:0]]
[2025.07.22-00.05.24:604][  0]LogConfig: Setting CVar [[r.SceneColorFormat:4]]
[2025.07.22-00.05.24:604][  0]LogConfig: Setting CVar [[r.DetailMode:2]]
[2025.07.22-00.05.24:604][  0]LogConfig: Setting CVar [[r.TranslucencyVolumeBlur:1]]
[2025.07.22-00.05.24:604][  0]LogConfig: Setting CVar [[r.MaterialQualityLevel:1 ; High quality]]
[2025.07.22-00.05.24:604][  0]LogConfig: Setting CVar [[r.AnisotropicMaterials:1]]
[2025.07.22-00.05.24:604][  0]LogConfig: Setting CVar [[r.SSS.Scale:1]]
[2025.07.22-00.05.24:604][  0]LogConfig: Setting CVar [[r.SSS.SampleSet:2]]
[2025.07.22-00.05.24:604][  0]LogConfig: Setting CVar [[r.SSS.Quality:1]]
[2025.07.22-00.05.24:604][  0]LogConfig: Setting CVar [[r.SSS.HalfRes:0]]
[2025.07.22-00.05.24:604][  0]LogConfig: Setting CVar [[r.SSGI.Quality:3]]
[2025.07.22-00.05.24:604][  0]LogConfig: Setting CVar [[r.EmitterSpawnRateScale:1.0]]
[2025.07.22-00.05.24:604][  0]LogConfig: Setting CVar [[r.ParticleLightQuality:2]]
[2025.07.22-00.05.24:604][  0]LogConfig: Setting CVar [[r.SkyAtmosphere.AerialPerspectiveLUT.FastApplyOnOpaque:1 ; Always have FastSkyLUT 1 in this case to avoid wrong sky]]
[2025.07.22-00.05.24:604][  0]LogConfig: Setting CVar [[r.SkyAtmosphere.AerialPerspectiveLUT.SampleCountMaxPerSlice:4]]
[2025.07.22-00.05.24:604][  0]LogConfig: Setting CVar [[r.SkyAtmosphere.AerialPerspectiveLUT.DepthResolution:16.0]]
[2025.07.22-00.05.24:604][  0]LogConfig: Setting CVar [[r.SkyAtmosphere.FastSkyLUT:1]]
[2025.07.22-00.05.24:604][  0]LogConfig: Setting CVar [[r.SkyAtmosphere.FastSkyLUT.SampleCountMin:4.0]]
[2025.07.22-00.05.24:604][  0]LogConfig: Setting CVar [[r.SkyAtmosphere.FastSkyLUT.SampleCountMax:128.0]]
[2025.07.22-00.05.24:604][  0]LogConfig: Setting CVar [[r.SkyAtmosphere.SampleCountMin:4.0]]
[2025.07.22-00.05.24:604][  0]LogConfig: Setting CVar [[r.SkyAtmosphere.SampleCountMax:128.0]]
[2025.07.22-00.05.24:604][  0]LogConfig: Setting CVar [[r.SkyAtmosphere.TransmittanceLUT.UseSmallFormat:0]]
[2025.07.22-00.05.24:604][  0]LogConfig: Setting CVar [[r.SkyAtmosphere.TransmittanceLUT.SampleCount:10.0]]
[2025.07.22-00.05.24:604][  0]LogConfig: Setting CVar [[r.SkyAtmosphere.MultiScatteringLUT.SampleCount:15.0]]
[2025.07.22-00.05.24:604][  0]LogConfig: Setting CVar [[r.SkyLight.RealTimeReflectionCapture:1]]
[2025.07.22-00.05.24:604][  0]LogConfig: Setting CVar [[fx.Niagara.QualityLevel:3]]
[2025.07.22-00.05.24:604][  0]LogConfig: Applying CVar settings from Section [FoliageQuality@3] File [D:/UTN-e-learning/Unreal-Engine/Unreal-Projects/TP_PreEntrega/Saved/Config/Windows/Scalability.ini]
[2025.07.22-00.05.24:604][  0]LogConfig: Setting CVar [[foliage.DensityScale:1.0]]
[2025.07.22-00.05.24:604][  0]LogConfig: Setting CVar [[grass.DensityScale:1.0]]
[2025.07.22-00.05.24:604][  0]LogConfig: Applying CVar settings from Section [ShadingQuality@3] File [D:/UTN-e-learning/Unreal-Engine/Unreal-Projects/TP_PreEntrega/Saved/Config/Windows/Scalability.ini]
[2025.07.22-00.05.24:604][  0]LogConfig: Setting CVar [[r.HairStrands.SkyLighting.IntegrationType:2]]
[2025.07.22-00.05.24:604][  0]LogConfig: Setting CVar [[r.HairStrands.SkyAO.SampleCount:4]]
[2025.07.22-00.05.24:604][  0]LogConfig: Setting CVar [[r.HairStrands.Visibility.MSAA.SamplePerPixel:4]]
[2025.07.22-00.05.24:604][  0]LogConfig: Setting CVar [[r.HairStrands.Interpolation.UseSingleGuide:0]]
[2025.07.22-00.05.24:604][  0]LogConfig: Applying CVar settings from Section [Startup] File [../../../Engine/Config/ConsoleVariables.ini]
[2025.07.22-00.05.24:604][  0]LogConfig: Setting CVar [[net.UseAdaptiveNetUpdateFrequency:0]]
[2025.07.22-00.05.24:604][  0]LogConfig: Setting CVar [[p.chaos.AllowCreatePhysxBodies:1]]
[2025.07.22-00.05.24:604][  0]LogConfig: Setting CVar [[fx.SkipVectorVMBackendOptimizations:1]]
[2025.07.22-00.05.24:604][  0]LogConfig: Applying CVar settings from Section [ConsoleVariables] File [D:/UTN-e-learning/Unreal-Engine/Unreal-Projects/TP_PreEntrega/Saved/Config/Windows/Engine.ini]
[2025.07.22-00.05.24:604][  0]LogConfig: Applying CVar settings from Section [ConsoleVariables] File [D:/UTN-e-learning/Unreal-Engine/Unreal-Projects/TP_PreEntrega/Saved/Config/Windows/Editor.ini]
[2025.07.22-00.05.24:604][  0]LogInit: Computer: LAPTOP-AHL2VAE2
[2025.07.22-00.05.24:604][  0]LogInit: User: ezequ
[2025.07.22-00.05.24:604][  0]LogInit: CPU Page size=4096, Cores=4
[2025.07.22-00.05.24:605][  0]LogInit: High frequency timer resolution =10.000000 MHz
[2025.07.22-00.05.24:605][  0]LogMemory: Memory total: Physical=31.9GB (32GB approx)
[2025.07.22-00.05.24:605][  0]LogMemory: Platform Memory Stats for Windows
[2025.07.22-00.05.24:605][  0]LogMemory: Process Physical Memory: 151.11 MB used, 151.11 MB peak
[2025.07.22-00.05.24:605][  0]LogMemory: Process Virtual Memory: 119.54 MB used, 119.54 MB peak
[2025.07.22-00.05.24:605][  0]LogMemory: Physical Memory: 11794.28 MB used,  20821.96 MB free, 32616.24 MB total
[2025.07.22-00.05.24:605][  0]LogMemory: Virtual Memory: 134181624.00 MB used,  36103.19 MB free, 134217728.00 MB total
[2025.07.22-00.05.24:612][  0]LogWindows: WindowsPlatformFeatures enabled
[2025.07.22-00.05.24:643][  0]LogInit: Physics initialised using underlying interface: PhysX
[2025.07.22-00.05.24:646][  0]LogInit: Overriding language with editor language configuration option (en).
[2025.07.22-00.05.24:646][  0]LogInit: Overriding language with editor locale configuration option (en).
[2025.07.22-00.05.24:820][  0]LogInit: Setting process to per monitor DPI aware
[2025.07.22-00.05.24:836][  0]LogWindowsTextInputMethodSystem: Display: IME system deactivated.
[2025.07.22-00.05.24:853][  0]LogSlate: New Slate User Created.  User Index 0, Is Virtual User: 0
[2025.07.22-00.05.24:853][  0]LogSlate: Slate User Registered.  User Index 0, Is Virtual User: 0
[2025.07.22-00.05.25:051][  0]LogD3D11RHI: Loaded GFSDK_Aftermath_Lib.x64.dll
[2025.07.22-00.05.25:056][  0]LogHMD: Failed to initialize OpenVR with code 110
[2025.07.22-00.05.25:056][  0]LogD3D11RHI: D3D11 min allowed feature level: 11_0
[2025.07.22-00.05.25:056][  0]LogD3D11RHI: D3D11 max allowed feature level: 11_0
[2025.07.22-00.05.25:056][  0]LogD3D11RHI: D3D11 adapters:
[2025.07.22-00.05.25:159][  0]LogD3D11RHI:    0. 'NVIDIA GeForce GTX 1050' (Feature Level 11_0)
[2025.07.22-00.05.25:159][  0]LogD3D11RHI:       2996/0/16308 MB DedicatedVideo/DedicatedSystem/SharedSystem, Outputs:1, VendorId:0x10de
[2025.07.22-00.05.25:194][  0]LogD3D11RHI:    1. 'Intel(R) UHD Graphics 630' (Feature Level 11_0)
[2025.07.22-00.05.25:194][  0]LogD3D11RHI:       128/0/16308 MB DedicatedVideo/DedicatedSystem/SharedSystem, Outputs:1, VendorId:0x8086
[2025.07.22-00.05.25:199][  0]LogD3D11RHI:    2. 'Microsoft Basic Render Driver' (Feature Level 11_0)
[2025.07.22-00.05.25:199][  0]LogD3D11RHI:       0/0/16308 MB DedicatedVideo/DedicatedSystem/SharedSystem, Outputs:0, VendorId:0x1414
[2025.07.22-00.05.25:199][  0]LogD3D11RHI: Chosen D3D11 Adapter:
[2025.07.22-00.05.25:199][  0]LogD3D11RHI:     Description : NVIDIA GeForce GTX 1050
[2025.07.22-00.05.25:199][  0]LogD3D11RHI:     VendorId    : 10de
[2025.07.22-00.05.25:199][  0]LogD3D11RHI:     DeviceId    : 1c91
[2025.07.22-00.05.25:199][  0]LogD3D11RHI:     SubSysId    : 13321025
[2025.07.22-00.05.25:199][  0]LogD3D11RHI:     Revision    : 00a1
[2025.07.22-00.05.25:199][  0]LogD3D11RHI:     DedicatedVideoMemory : 3141533696 bytes
[2025.07.22-00.05.25:199][  0]LogD3D11RHI:     DedicatedSystemMemory : 0 bytes
[2025.07.22-00.05.25:199][  0]LogD3D11RHI:     SharedSystemMemory : 17100302336 bytes
[2025.07.22-00.05.25:199][  0]LogD3D11RHI:     AdapterLuid : 0 88273
[2025.07.22-00.05.25:206][  0]LogD3D11RHI: Creating new Direct3DDevice
[2025.07.22-00.05.25:206][  0]LogD3D11RHI:     GPU DeviceId: 0x1c91 (for the marketing name, search the web for "GPU Device Id")
[2025.07.22-00.05.25:206][  0]LogWindows: EnumDisplayDevices:
[2025.07.22-00.05.25:207][  0]LogWindows:    0. 'Intel(R) UHD Graphics 630' (P:0 D:1)
[2025.07.22-00.05.25:207][  0]LogWindows:    1. 'Intel(R) UHD Graphics 630' (P:0 D:0)
[2025.07.22-00.05.25:208][  0]LogWindows:    2. 'Intel(R) UHD Graphics 630' (P:0 D:0)
[2025.07.22-00.05.25:208][  0]LogWindows:    3. 'NVIDIA GeForce GTX 1050' (P:1 D:1)
[2025.07.22-00.05.25:208][  0]LogWindows: DebugString: PrimaryIsNotTheChoosenAdapter PrimaryIsNotTheChoosenAdapter PrimaryIsNotTheChoosenAdapter 
[2025.07.22-00.05.25:208][  0]LogD3D11RHI:     Adapter Name: NVIDIA GeForce GTX 1050
[2025.07.22-00.05.25:208][  0]LogD3D11RHI:   Driver Version: 451.67 (internal:27.21.14.5167, unified:451.67)
[2025.07.22-00.05.25:208][  0]LogD3D11RHI:      Driver Date: 7-5-2020
[2025.07.22-00.05.25:208][  0]LogRHI: Texture pool is 2097 MB (70% of 2996 MB)
[2025.07.22-00.05.25:208][  0]LogD3D11RHI: Creating D3DDevice using adapter:
[2025.07.22-00.05.25:208][  0]LogD3D11RHI:     Description : NVIDIA GeForce GTX 1050
[2025.07.22-00.05.25:208][  0]LogD3D11RHI:     VendorId    : 10de
[2025.07.22-00.05.25:208][  0]LogD3D11RHI:     DeviceId    : 1c91
[2025.07.22-00.05.25:208][  0]LogD3D11RHI:     SubSysId    : 13321025
[2025.07.22-00.05.25:208][  0]LogD3D11RHI:     Revision    : 00a1
[2025.07.22-00.05.25:208][  0]LogD3D11RHI:     DedicatedVideoMemory : 3141533696 bytes
[2025.07.22-00.05.25:209][  0]LogD3D11RHI:     DedicatedSystemMemory : 0 bytes
[2025.07.22-00.05.25:209][  0]LogD3D11RHI:     SharedSystemMemory : 17100302336 bytes
[2025.07.22-00.05.25:209][  0]LogD3D11RHI:     AdapterLuid : 0 88273
[2025.07.22-00.05.25:294][  0]LogD3D11RHI: RHI has support for 64 bit atomics
[2025.07.22-00.05.25:294][  0]LogD3D11RHI: Async texture creation enabled
[2025.07.22-00.05.25:294][  0]LogD3D11RHI: Array index from any shader is supported
[2025.07.22-00.05.25:323][  0]LogD3D11RHI: GPU Timing Frequency: 1000.000000 (Debug: 2 1)
[2025.07.22-00.05.25:399][  0]LogRHI: GeForceNow SDK initialized: 1
[2025.07.22-00.05.25:888][  0]LogTargetPlatformManager: Display: Loaded TargetPlatform 'AllDesktop'
[2025.07.22-00.05.25:921][  0]LogTargetPlatformManager: Display: Loaded TargetPlatform 'Android'
[2025.07.22-00.05.25:921][  0]LogTargetPlatformManager: Display: Loaded TargetPlatform 'Android_ASTC'
[2025.07.22-00.05.25:921][  0]LogTargetPlatformManager: Display: Loaded TargetPlatform 'Android_DXT'
[2025.07.22-00.05.25:921][  0]LogTargetPlatformManager: Display: Loaded TargetPlatform 'Android_ETC2'
[2025.07.22-00.05.25:921][  0]LogTargetPlatformManager: Display: Loaded TargetPlatform 'AndroidClient'
[2025.07.22-00.05.25:921][  0]LogTargetPlatformManager: Display: Loaded TargetPlatform 'Android_ASTCClient'
[2025.07.22-00.05.25:921][  0]LogTargetPlatformManager: Display: Loaded TargetPlatform 'Android_DXTClient'
[2025.07.22-00.05.25:921][  0]LogTargetPlatformManager: Display: Loaded TargetPlatform 'Android_ETC2Client'
[2025.07.22-00.05.25:921][  0]LogTargetPlatformManager: Display: Loaded TargetPlatform 'Android_Multi'
[2025.07.22-00.05.25:921][  0]LogTargetPlatformManager: Display: Loaded TargetPlatform 'Android_MultiClient'
[2025.07.22-00.05.25:953][  0]LogTargetPlatformManager: Display: Loaded TargetPlatform 'IOSClient'
[2025.07.22-00.05.25:953][  0]LogTargetPlatformManager: Display: Loaded TargetPlatform 'IOS'
[2025.07.22-00.05.25:968][  0]LogTargetPlatformManager: Display: Loaded TargetPlatform 'Linux'
[2025.07.22-00.05.25:976][  0]LogTargetPlatformManager: Display: Loaded TargetPlatform 'LinuxNoEditor'
[2025.07.22-00.05.25:982][  0]LogTargetPlatformManager: Display: Loaded TargetPlatform 'LinuxClient'
[2025.07.22-00.05.25:988][  0]LogTargetPlatformManager: Display: Loaded TargetPlatform 'LinuxServer'
[2025.07.22-00.05.25:998][  0]LogTargetPlatformManager: Display: Loaded TargetPlatform 'LinuxAArch64NoEditor'
[2025.07.22-00.05.26:003][  0]LogTargetPlatformManager: Display: Loaded TargetPlatform 'LinuxAArch64Client'
[2025.07.22-00.05.26:008][  0]LogTargetPlatformManager: Display: Loaded TargetPlatform 'LinuxAArch64Server'
[2025.07.22-00.05.26:029][  0]LogTargetPlatformManager: Display: Loaded TargetPlatform 'Lumin'
[2025.07.22-00.05.26:029][  0]LogTargetPlatformManager: Display: Loaded TargetPlatform 'LuminClient'
[2025.07.22-00.05.26:039][  0]LogTargetPlatformManager: Display: Loaded TargetPlatform 'MacNoEditor'
[2025.07.22-00.05.26:044][  0]LogTargetPlatformManager: Display: Loaded TargetPlatform 'Mac'
[2025.07.22-00.05.26:049][  0]LogTargetPlatformManager: Display: Loaded TargetPlatform 'MacClient'
[2025.07.22-00.05.26:054][  0]LogTargetPlatformManager: Display: Loaded TargetPlatform 'MacServer'
[2025.07.22-00.05.26:064][  0]LogTargetPlatformManager: Display: Loaded TargetPlatform 'TVOSClient'
[2025.07.22-00.05.26:064][  0]LogTargetPlatformManager: Display: Loaded TargetPlatform 'TVOS'
[2025.07.22-00.05.26:074][  0]LogTargetPlatformManager: Display: Loaded TargetPlatform 'WindowsNoEditor'
[2025.07.22-00.05.26:080][  0]LogTargetPlatformManager: Display: Loaded TargetPlatform 'Windows'
[2025.07.22-00.05.26:085][  0]LogTargetPlatformManager: Display: Loaded TargetPlatform 'WindowsClient'
[2025.07.22-00.05.26:091][  0]LogTargetPlatformManager: Display: Loaded TargetPlatform 'WindowsServer'
[2025.07.22-00.05.26:091][  0]LogTargetPlatformManager: Display: Building Assets For Windows
[2025.07.22-00.05.26:100][  0]LogAudioDebug: Display: Lib vorbis DLL was dynamically loaded.
[2025.07.22-00.05.26:136][  0]LogTextureFormatOodle: Display: Oodle Texture 2.9.0 init RDO Off
[2025.07.22-00.05.26:174][  0]LogRendererCore: Ray tracing is disabled. Reason: r.RayTracing=0.
[2025.07.22-00.05.26:174][  0]LogShaderCompilers: Guid format shader working directory is -28 characters bigger than the processId version (../../../../../UTN-e-learning/Unreal-Engine/Unreal-Projects/TP_PreEntrega/Intermediate/Shaders/WorkingDirectory/21248/).
[2025.07.22-00.05.26:174][  0]LogShaderCompilers: Cleaned the shader compiler working directory 'C:/Users/ezequ/AppData/Local/Temp/UnrealShaderWorkingDir/B66346174EB50FECC55ABCBABFD1C407/'.
[2025.07.22-00.05.26:175][  0]LogXGEController: Cannot use XGE Controller as Incredibuild is not installed on this machine.
[2025.07.22-00.05.26:175][  0]LogShaderCompilers: Cannot use XGE Shader Compiler as Incredibuild is not installed on this machine.
[2025.07.22-00.05.26:175][  0]LogShaderCompilers: Display: Using Local Shader Compiler.
[2025.07.22-00.05.26:987][  0]LogDerivedDataCache: Display: Max Cache Size: 512 MB
[2025.07.22-00.05.27:049][  0]LogDerivedDataCache: Loaded boot cache 0.06s 97MB C:/Users/ezequ/AppData/Local/UnrealEngine/4.27/DerivedDataCache/Boot.ddc.
[2025.07.22-00.05.27:049][  0]LogDerivedDataCache: Display: Loaded Boot cache: C:/Users/ezequ/AppData/Local/UnrealEngine/4.27/DerivedDataCache/Boot.ddc
[2025.07.22-00.05.27:049][  0]LogDerivedDataCache: FDerivedDataBackendGraph:  Pak pak cache file ../../../../../UTN-e-learning/Unreal-Engine/Unreal-Projects/TP_PreEntrega/DerivedDataCache/DDC.ddp not found, will not use a pak cache.
[2025.07.22-00.05.27:049][  0]LogDerivedDataCache: Unable to find inner node Pak for hierarchical cache Hierarchy.
[2025.07.22-00.05.27:049][  0]LogDerivedDataCache: FDerivedDataBackendGraph:  CompressedPak pak cache file ../../../../../UTN-e-learning/Unreal-Engine/Unreal-Projects/TP_PreEntrega/DerivedDataCache/Compressed.ddp not found, will not use a pak cache.
[2025.07.22-00.05.27:049][  0]LogDerivedDataCache: Unable to find inner node CompressedPak for hierarchical cache Hierarchy.
[2025.07.22-00.05.27:073][  0]LogDerivedDataCache: Display: Pak cache opened for reading ../../../Engine/DerivedDataCache/Compressed.ddp.
[2025.07.22-00.05.27:073][  0]LogDerivedDataCache: FDerivedDataBackendGraph:  EnterprisePak pak cache file ../../../Enterprise/DerivedDataCache/Compressed.ddp not found, will not use a pak cache.
[2025.07.22-00.05.27:073][  0]LogDerivedDataCache: Unable to find inner node EnterprisePak for hierarchical cache Hierarchy.
[2025.07.22-00.05.27:089][  0]LogDerivedDataCache: Speed tests for C:/Users/ezequ/AppData/Local/UnrealEngine/Common/DerivedDataCache took 0.02 seconds
[2025.07.22-00.05.27:089][  0]LogDerivedDataCache: Display: Performance to C:/Users/ezequ/AppData/Local/UnrealEngine/Common/DerivedDataCache: Latency=0.05ms. RandomReadSpeed=602.91MBs, RandomWriteSpeed=65.22MBs. Assigned SpeedClass 'Local'
[2025.07.22-00.05.27:090][  0]LogDerivedDataCache: Using Local data cache path C:/Users/ezequ/AppData/Local/UnrealEngine/Common/DerivedDataCache: Writable
[2025.07.22-00.05.27:090][  0]LogDerivedDataCache: Shared data cache path not found in *engine.ini, will not use an Shared cache.
[2025.07.22-00.05.27:090][  0]LogDerivedDataCache: Unable to find inner node Shared for hierarchical cache Hierarchy.
[2025.07.22-00.05.27:171][  0]LogSlate: Using FreeType 2.10.0
[2025.07.22-00.05.27:171][  0]LogSlate: SlateFontServices - WITH_FREETYPE: 1, WITH_HARFBUZZ: 1
[2025.07.22-00.05.27:208][  0]LogAssetRegistry: FAssetRegistry took 0.0036 seconds to start up
[2025.07.22-00.05.27:559][  0]LogInit: Selected Device Profile: [Windows]
[2025.07.22-00.05.27:559][  0]LogInit: Active device profile: [0000017378747B00][0000017375957400 49] Windows
[2025.07.22-00.05.27:559][  0]LogInit: Profiles: [0000017378747B00][0000017375957400 49] Windows, [000001737870C600][000001737595F580 49] WindowsNoEditor, [0000017378744600][0000017375963700 49] WindowsServer, [000001737870F300][000001737472D880 49] WindowsClient, [0000017378747200][0000017374731A00 49] IOS, [000001737870D000][0000017374735B80 49] iPadAir, [0000017378744F00][0000017374738180 49] iPadAir2, [00000173786C8300][0000017374740440 49] IPadPro, [00000173786B7F00][000001737473C480 49] iPadAir3, [0000017378746D00][000001737595A5C0 49] iPadAir4, [00000173786B4C00][00000173731CE700 49] iPadMini2, [0000017378745300][00000173731D2840 49] iPadMini3, [00000173786B6E00][00000173731D6980 49] iPadMini4, [0000017378746500][00000173731DEB00 49] iPadMini5, [000001737870EB00][00000173731E6DC0 49] iPhone6, [000001737870EC00][00000173731E2E00 49] iPodTouch6, [00000173786B5000][00000173731EF0C0 49] iPhone7, [00000173786B5100][00000173731EB100 49] iPodTouch7, [000001737870C700][00000173731F3280 49] iPhone5S, [00000173786B7500][00000173731F7400 49] iPhone6Plus, [000001737870D400][00000173731FB580 49] iPhone6S, [00000173786B6100][00000173731FF700 49] iPhone6SPlus, [000001737870CB00][0000017373203880 49] iPhone7Plus, [00000173786B4400][0000017373207A00 49] iPhoneSE, [000001737870DB00][000001737320BB80 49] iPhone8, [00000173786B6600][000001737320E180 49] iPhone8Plus, [000001737870C200][0000017373212300 49] iPhoneX, [00000173786B4200][0000017373216480 49] iPhoneXS, [000001737870FA00][000001737321A600 49] iPhoneXSMax, [00000173786B6400][000001737321E780 49] iPhoneXR, [000001737870EA00][00000173731DA8C0 49] iPhone11, [00000173786B6B00][0000017373222A00 49] iPhone11Pro, [000001737870CD00][0000017375B32B40 49] iPhone11ProMax, [00000173786B4F00][0000017375B3ECC0 49] iPhoneSE2, [000001737870C400][0000017375B5AE40 49] iPhone12Mini, [00000173786B4100][0000017375B62FC0 49] iPhone12, [000001737870F800][0000017375B67140 49] iPhone12Pro, [00000173786B7100][0000017375B6B2C0 49] iPhone12ProMax, [000001737870F400][0000017375B7B440 49] iPadPro105, [00000173786B6D00][0000017368C895C0 49] iPadPro129, [000001737870D900][0000017368CAD740 49] iPadPro97, [00000173786B6000][0000017375B6F8C0 49] iPadPro2_129, [000001737870D600][0000017368CB1A40 49] iPad5, [00000173786B4500][0000017378317BC0 49] iPad6, [000001737870E000][000001737831A1C0 49] iPad7, [00000173786B4D00][000001737838C340 49] iPad8, [000001737870D300][00000173783904C0 49] iPadPro11, [00000173786B6C00][00000173783A2640 49] iPadPro2_11, [000001737870F500][00000173783A67C0 49] iPadPro3_129, [00000173786B7E00][0000017377F98940 49] iPadPro4_129, [000001737870E500][0000017375B3AA80 49] AppleTV, [00000173786B6500][00000173783AABC0 49] AppleTV4K, [000001737870DF00][000001737801CD00 49] TVOS, [00000173786B5A00][0000017375A40E40 49] Mac, [000001737870CF00][0000017375A70FC0 49] MacClient, [00000173786B5700][000001737816F140 49] MacNoEditor, [000001737870DA00][00000173793C52C0 49] MacServer, [00000173786B6900][00000173793C9440 49] Linux, [000001737870DC00][00000173793F55C0 49] LinuxAArch64, [00000173786B7000][0000017379415740 49] LinuxNoEditor, [000001737870D100][000001737946B8C0 49] LinuxAArch64NoEditor, [00000173786B6700][00000173794DBA40 49] LinuxClient, [000001737870D700][00000173795FDBC0 49] LinuxAArch64Client, [0000017378794800][00000173796341C0 49] LinuxServer, [00000173786C8500][000001737967E340 49] LinuxAArch64Server, [0000017378794700][000001737969C4C0 49] Android, [00000173786C8600][00000173796B0640 49] Android_Low, [0000017378794100][00000173796B47C0 49] Android_Mid, [00000173786C9000][00000173796B8940 49] Android_High, [0000017378796200][00000173796BCAC0 49] Android_Default, [00000173786CAB00][0000017375A6CC00 49] Android_Adreno4xx, [0000017378794A00][0000017379730D40 49] Android_Adreno5xx_Low, [00000173786C9600][0000017379734E80 49] Android_Adreno5xx, [0000017378795E00][0000017379738FC0 49] Android_Adreno6xx, [00000173786CAC00][0000017379747140 49] Android_Adreno6xx_Vulkan, [0000017378794D00][000001737974B2C0 49] Android_Mali_T6xx, [00000173786CA900][000001737974F440 49] Android_Mali_T7xx, [0000017378794E00][00000173797675C0 49] Android_Mali_T8xx, [00000173786CB200][000001737976B740 49] Android_Mali_G71, [0000017378795600][00000173797AB8C0 49] Android_Mali_G72, [00000173786CA000][00000173797AFA40 49] Android_Mali_G72_Vulkan, [0000017378795700][00000173797B3BC0 49] Android_Mali_G76, [00000173786C8900][00000173797B61C0 49] Android_Mali_G76_Vulkan, [0000017378795300][00000173797BA340 49] Android_Mali_G77, [00000173786C8A00][000001737A1B84C0 49] Android_Mali_G77_Vulkan, [0000017378794600][000001737A1BC640 49] Android_Mali_G78, [00000173786CAE00][000001737A1C07C0 49] Android_Mali_G78_Vulkan, [000001737870CA00][00000173782F6940 49] Android_Mali_G710, [00000173786B4600][0000017378300AC0 49] Android_Mali_G710_Vulkan, [00000173786C9D00][0000017378304C40 49] Android_Vulkan_SM5, [00000173786B7600][0000017378308DC0 49] Android_PowerVR_G6xxx, [000001737870C500][0000017379742F00 49] Android_PowerVR_GT7xxx, [0000017378796A00][000001737830D040 49] Android_PowerVR_GE8xxx, [000001737870DE00][0000017378311180 49] Android_PowerVR_GM9xxx, [0000017378795B00][0000017378323300 49] Android_PowerVR_GM9xxx_Vulkan, [000001737870E600][0000017378327480 49] Android_TegraK1, [0000017378796000][000001737832B600 49] Android_Unknown_Vulkan, [000001737870C300][000001737832F780 49] Lumin, [0000017378795800][0000017377F6D900 49] Lumin_Desktop, [000001737870FE00][0000017377F71A80 49] HoloLens, 
[2025.07.22-00.05.27:736][  0]LogMeshReduction: Using QuadricMeshReduction for automatic static mesh reduction
[2025.07.22-00.05.27:736][  0]LogMeshReduction: Using SimplygonMeshReduction for automatic skeletal mesh reduction
[2025.07.22-00.05.27:736][  0]LogMeshReduction: Using ProxyLODMeshReduction for automatic mesh merging
[2025.07.22-00.05.27:736][  0]LogMeshReduction: No distributed automatic mesh merging module available
[2025.07.22-00.05.27:736][  0]LogMeshMerging: No distributed automatic mesh merging module available
[2025.07.22-00.05.27:756][  0]LogNetVersion: TP_PreEntrega 1.0.0, NetCL: 17155196, EngineNetVer: 17, GameNetVer: 0 (Checksum: 2958971551)
[2025.07.22-00.05.28:298][  0]LogTexture: Default maximum texture size for cubemaps generated from long-lat sources has been changed from 512 to unlimited. In order to preserve old behaiour for '/Engine/MapTemplates/Sky/DaylightAmbientCubemap.DaylightAmbientCubemap', its maximum texture size has been explicitly set to 512.
[2025.07.22-00.05.28:426][  0]LogHMD: PokeAHoleMaterial loaded successfully
[2025.07.22-00.05.28:434][  0]LogUObjectArray: 18053 objects as part of root set at end of initial load.
[2025.07.22-00.05.28:434][  0]LogUObjectAllocator: 4611920 out of 0 bytes used by permanent object pool.
[2025.07.22-00.05.28:434][  0]LogUObjectArray: CloseDisregardForGC: 0/0 objects in disregard for GC pool
[2025.07.22-00.05.28:771][  0]LogPython: Using Python 3.7.7
[2025.07.22-00.05.29:376][  0]LogNiagaraDebuggerClient: Niagara Debugger Client Initialized | Session: D84D10FA4F51508EB7F5C8AC9D79F803 | Instance: 1B392C5A498D0FFE45B751A2C715D604 (LAPTOP-AHL2VAE2-21248).
[2025.07.22-00.05.29:558][  0]LogTcpMessaging: Initializing TcpMessaging bridge
[2025.07.22-00.05.29:563][  0]LogUdpMessaging: Initializing bridge on interface 0.0.0.0:0 to multicast group 230.0.0.1:6666.
[2025.07.22-00.05.30:090][  0]LogOpenImageDenoise: OIDN starting up
[2025.07.22-00.05.30:179][  0]LogAndroidPermission: UAndroidPermissionCallbackProxy::GetInstance
[2025.07.22-00.05.30:214][  0]LogAudioCaptureCore: Display: No Audio Capture implementations found. Audio input will be silent.
[2025.07.22-00.05.30:214][  0]LogAudioCaptureCore: Display: No Audio Capture implementations found. Audio input will be silent.
[2025.07.22-00.05.30:363][  0]SourceControl: Source control is disabled
[2025.07.22-00.05.30:363][  0]SourceControl: Source control is disabled
[2025.07.22-00.05.30:367][  0]SourceControl: Source control is disabled
[2025.07.22-00.05.30:371][  0]SourceControl: Source control is disabled
[2025.07.22-00.05.30:379][  0]SourceControl: Source control is disabled
[2025.07.22-00.05.30:387][  0]LogUProjectInfo: Found projects:
[2025.07.22-00.05.30:404][  0]LogCollectionManager: Loaded 0 collections in 0.001276 seconds
[2025.07.22-00.05.30:432][  0]LogFileCache: Scanning file cache for directory 'D:/UTN-e-learning/Unreal-Engine/Unreal-Projects/TP_PreEntrega/Saved/Collections/' took 0.00s
[2025.07.22-00.05.30:432][  0]LogFileCache: Scanning file cache for directory 'D:/UTN-e-learning/Unreal-Engine/Unreal-Projects/TP_PreEntrega/Content/Developers/ezequ/Collections/' took 0.00s
[2025.07.22-00.05.30:432][  0]LogFileCache: Scanning file cache for directory 'D:/UTN-e-learning/Unreal-Engine/Unreal-Projects/TP_PreEntrega/Content/Collections/' took 0.00s
[2025.07.22-00.05.30:432][  0]LogOcInput: OculusInput pre-init called
[2025.07.22-00.05.30:803][  0]LogClass: Display: IntProperty FPhysicsConvexData::NumVertices is not initialized properly. Module:MeshModelingTools File:Public/Physics/CollisionPropertySets.h
[2025.07.22-00.05.30:803][  0]LogClass: Display: IntProperty FPhysicsConvexData::NumFaces is not initialized properly. Module:MeshModelingTools File:Public/Physics/CollisionPropertySets.h
[2025.07.22-00.05.30:803][  0]LogClass: Display: FloatProperty FPhysicsCapsuleData::Radius is not initialized properly. Module:MeshModelingTools File:Public/Physics/CollisionPropertySets.h
[2025.07.22-00.05.30:803][  0]LogClass: Display: FloatProperty FPhysicsCapsuleData::Length is not initialized properly. Module:MeshModelingTools File:Public/Physics/CollisionPropertySets.h
[2025.07.22-00.05.30:803][  0]LogClass: Display: StructProperty FPhysicsBoxData::Dimensions is not initialized properly. Module:MeshModelingTools File:Public/Physics/CollisionPropertySets.h
[2025.07.22-00.05.30:803][  0]LogClass: Display: FloatProperty FPhysicsSphereData::Radius is not initialized properly. Module:MeshModelingTools File:Public/Physics/CollisionPropertySets.h
[2025.07.22-00.05.30:803][  0]LogClass: Display: EnumProperty FLODLevelGenerateSettings::TargetMode is not initialized properly. Module:MeshModelingToolsEditorOnly File:Public/GenerateLODMeshesTool.h
[2025.07.22-00.05.30:803][  0]LogClass: Display: IntProperty FLODLevelGenerateSettings::TargetPercentage is not initialized properly. Module:MeshModelingToolsEditorOnly File:Public/GenerateLODMeshesTool.h
[2025.07.22-00.05.30:803][  0]LogClass: Display: IntProperty FLODLevelGenerateSettings::TargetCount is not initialized properly. Module:MeshModelingToolsEditorOnly File:Public/GenerateLODMeshesTool.h
[2025.07.22-00.05.30:803][  0]LogClass: Display: 9 Uninitialized script struct members found including 0 object properties
[2025.07.22-00.05.30:804][  0]LogEngine: Initializing Engine...
[2025.07.22-00.05.30:808][  0]LogHMD: Failed to enumerate extensions. Please check that you have a valid OpenXR runtime installed.
[2025.07.22-00.05.30:808][  0]LogHMD: Failed to initialize OpenVR with code 110
[2025.07.22-00.05.30:808][  0]LogMagicLeap: Warning: VR disabled because ZI is not enabled.  To enable, in the editor, Edit -> Project Settings -> Plugins -> Magic Leap Plugin -> Enable Zero Iteration
[2025.07.22-00.05.30:809][  0]LogStylusInput: Initializing StylusInput subsystem.
[2025.07.22-00.05.30:811][  0]LogStats: UGameplayTagsManager::InitializeManager -  0.000 s
[2025.07.22-00.05.30:929][  0]LogInit: Initializing FReadOnlyCVARCache
[2025.07.22-00.05.30:942][  0]LogAIModule: Creating AISystem for world Untitled
[2025.07.22-00.05.30:943][  0]LogAudio: Display: Initializing Audio Device Manager...
[2025.07.22-00.05.30:949][  0]LogAudio: Display: Loading Default Audio Settings Objects...
[2025.07.22-00.05.30:952][  0]LogAudio: Display: No default SoundConcurrencyObject specified (or failed to load).
[2025.07.22-00.05.30:953][  0]LogAudio: Display: Audio Device Manager Initialized
[2025.07.22-00.05.30:953][  0]LogAudio: Display: Creating Audio Device:                 Id: 1, Scope: Shared, Realtime: True
[2025.07.22-00.05.30:953][  0]LogAudioMixer: Display: Audio Mixer Platform Settings:
[2025.07.22-00.05.30:953][  0]LogAudioMixer: Display: 	Sample Rate:						  48000
[2025.07.22-00.05.30:953][  0]LogAudioMixer: Display: 	Callback Buffer Frame Size Requested: 1024
[2025.07.22-00.05.30:953][  0]LogAudioMixer: Display: 	Callback Buffer Frame Size To Use:	  1024
[2025.07.22-00.05.30:953][  0]LogAudioMixer: Display: 	Number of buffers to queue:			  2
[2025.07.22-00.05.30:953][  0]LogAudioMixer: Display: 	Max Channels (voices):				  32
[2025.07.22-00.05.30:953][  0]LogAudioMixer: Display: 	Number of Async Source Workers:		  0
[2025.07.22-00.05.30:953][  0]LogAudio: Display: AudioDevice MaxSources: 32
[2025.07.22-00.05.30:953][  0]LogAudio: Display: Audio Spatialization Plugin: None (built-in).
[2025.07.22-00.05.30:953][  0]LogAudio: Display: Audio Reverb Plugin: None (built-in).
[2025.07.22-00.05.30:953][  0]LogAudio: Display: Audio Occlusion Plugin: None (built-in).
[2025.07.22-00.05.30:953][  0]LogAudioMixer: Display: Initializing audio mixer.
[2025.07.22-00.05.30:971][  0]LogAudioMixer: Display: 0: FrontLeft
[2025.07.22-00.05.30:971][  0]LogAudioMixer: Display: 1: FrontRight
[2025.07.22-00.05.30:999][  0]LogAudioMixer: Display: Using Audio Device Headphones (SOUNDPEATS Opera05)
[2025.07.22-00.05.31:001][  0]LogAudioMixer: Display: Initializing Sound Submixes...
[2025.07.22-00.05.31:003][  0]LogAudioMixer: Display: Creating Master Submix 'MasterSubmixDefault'
[2025.07.22-00.05.31:004][  0]LogAudioMixer: Display: Creating Master Submix 'MasterReverbSubmixDefault'
[2025.07.22-00.05.31:005][  0]LogAudioMixer: Display: Creating Master Submix 'MasterEQSubmixDefault'
[2025.07.22-00.05.31:005][  0]LogAudioMixer: FMixerPlatformXAudio2::StartAudioStream() called
[2025.07.22-00.05.31:005][  0]LogAudioMixer: Display: Output buffers initialized: Frames=1024, Channels=2, Samples=2048
[2025.07.22-00.05.31:005][  0]LogAudioMixer: Display: Starting AudioMixerPlatformInterface::RunInternal()
[2025.07.22-00.05.31:005][  0]LogAudioMixer: Display: FMixerPlatformXAudio2::SubmitBuffer() called for the first time
[2025.07.22-00.05.31:005][  0]LogInit: FAudioDevice initialized.
[2025.07.22-00.05.31:007][  0]LogAudio: Display: Audio Device (ID: 1) registered with world 'Untitled'.
[2025.07.22-00.05.31:007][  0]LogNetVersion: Set ProjectVersion to 1.0.0.0. Version Checksum will be recalculated on next use.
[2025.07.22-00.05.31:083][  0]LogDerivedDataCache: Saved boot cache 0.08s 97MB C:/Users/ezequ/AppData/Local/UnrealEngine/4.27/DerivedDataCache/Boot.ddc.
[2025.07.22-00.05.31:086][  0]LogInit: Texture streaming: Enabled
[2025.07.22-00.05.31:105][  0]LogAnalytics: Display: [UEEditor.Rocket.Release] APIServer = https://datarouter.ol.epicgames.com/. AppVersion = 4.27.2-18319896+++UE4+Release-4.27
[2025.07.22-00.05.31:119][  0]LogEngineSessionManager: EngineSessionManager initialized
[2025.07.22-00.05.31:119][  0]LogEditorSessionSummary: Verbose: Initializing EditorSessionSummaryWriter for editor session tracking
[2025.07.22-00.05.31:152][  0]LogEditorSessionSummary: EditorSessionSummaryWriter initialized
[2025.07.22-00.05.31:219][  0]LogInit: Transaction tracking system initialized
[2025.07.22-00.05.31:254][  0]BlueprintLog: New page: Editor Load
[2025.07.22-00.05.31:346][  0]LocalizationService: Localization service is disabled
[2025.07.22-00.05.31:383][  0]TimingProfiler: Initialize
[2025.07.22-00.05.31:383][  0]TimingProfiler: OnSessionChanged
[2025.07.22-00.05.31:383][  0]LoadingProfiler: Initialize
[2025.07.22-00.05.31:383][  0]LoadingProfiler: OnSessionChanged
[2025.07.22-00.05.31:383][  0]NetworkingProfiler: Initialize
[2025.07.22-00.05.31:383][  0]NetworkingProfiler: OnSessionChanged
[2025.07.22-00.05.31:383][  0]MemoryProfiler: Initialize
[2025.07.22-00.05.31:383][  0]MemoryProfiler: OnSessionChanged
[2025.07.22-00.05.31:579][  0]LogCook: Display: CookSettings for Memory: MemoryMaxUsedVirtual 0MiB, MemoryMaxUsedPhysical 16384MiB, MemoryMinFreeVirtual 0MiB, MemoryMinFreePhysical 1024MiB
[2025.07.22-00.05.31:580][  0]LogCook: Display: Mobile HDR setting 1
[2025.07.22-00.05.31:886][  0]LogFileCache: Scanning file cache for directory 'D:/UTN-e-learning/Unreal-Engine/Unreal-Projects/TP_PreEntrega/Content/' took 0.01s
[2025.07.22-00.05.32:206][  0]LogInit: Display: Engine is initialized. Leaving FEngineLoop::Init()
[2025.07.22-00.05.32:220][  0]SourceControl: Source control is disabled
[2025.07.22-00.05.32:220][  0]LogUnrealEdMisc: Loading editor; pre map load, took 9.257
[2025.07.22-00.05.32:220][  0]Cmd: MAP LOAD FILE="../../../../../UTN-e-learning/Unreal-Engine/Unreal-Projects/TP_PreEntrega/Content/ThirdPersonBP/Maps/ThirdPersonExampleMap.umap" TEMPLATE=0 SHOWPROGRESS=1 FEATURELEVEL=3
[2025.07.22-00.05.32:221][  0]LightingResults: New page: Lighting Build
[2025.07.22-00.05.32:221][  0]LogWorld: UWorld::CleanupWorld for Untitled, bSessionEnded=true, bCleanupResources=true
[2025.07.22-00.05.32:222][  0]LogSlate: InvalidateAllWidgets triggered.  All widgets were invalidated
[2025.07.22-00.05.32:222][  0]MapCheck: New page: Map Check
[2025.07.22-00.05.32:222][  0]LightingResults: New page: Lighting Build
[2025.07.22-00.05.32:226][  0]LogAudio: Display: Audio Device unregistered from world 'None'.
[2025.07.22-00.05.32:229][  0]LogUObjectHash: Compacting FUObjectHashTables data took   0.79ms
[2025.07.22-00.05.32:882][  0]LogMaterial: Display: Missing cached shadermap for lambert3 in PCD3D_SM5, Default, SM5 (DDC key hash: B7C57C5C40F6203CBAC0E9E4E16B1AFC3ED04D3F), compiling. 
[2025.07.22-00.05.32:884][  0]LogMaterial: Warning: [AssetLog] D:\UTN-e-learning\Unreal-Engine\Unreal-Projects\TP_PreEntrega\Content\ThirdPersonBP\Blueprints\blueprints\Textures\lambert3.uasset: Failed to compile Material for platform PCD3D_SM5, Default Material will be used in game.
[2025.07.22-00.05.32:884][  0]LogMaterial: Display: 	(Node TextureSample) TextureSample> Sampler type is Normal, should be Color for /Game/ThirdPersonBP/Blueprints/blueprints/Textures/ROCK04LB.ROCK04LB
[2025.07.22-00.05.33:110][  0]LogAudio: Display: Audio Device (ID: 1) registered with world 'ThirdPersonExampleMap'.
[2025.07.22-00.05.33:111][  0]LogAIModule: Creating AISystem for world ThirdPersonExampleMap
[2025.07.22-00.05.33:122][  0]LogMaterial: Display: Material /Game/StarterContent/Materials/M_Wood_Floor_Walnut_Polished.M_Wood_Floor_Walnut_Polished needed to have new flag set bUsedWithSkeletalMesh !
[2025.07.22-00.05.33:125][  0]LogMaterial: Display: Missing cached shadermap for M_Wood_Floor_Walnut_Polished in PCD3D_SM5, Default, SM5 (DDC key hash: 19CFC757C52193FFB76DCDA870CDBC8CDE00D70E), compiling. 
[2025.07.22-00.05.33:253][  0]LogShaderCompilers: Display: Submitted 41 shader compile jobs with 'Low' priority
[2025.07.22-00.05.33:253][  0]MapCheck: Warning: M_Wood_Floor_Walnut_Polished Material /Game/StarterContent/Materials/M_Wood_Floor_Walnut_Polished.M_Wood_Floor_Walnut_Polished was missing the usage flag bUsedWithSkeletalMesh. If the material asset is not re-saved, it may not render correctly when run outside the editor. Fix
[2025.07.22-00.05.33:315][  0]LogShaderCompilers: Display: Worker (1/5): shaders left to compile 41
[2025.07.22-00.05.33:315][  0]LogShaderCompilers: Display: Worker (2/5): shaders left to compile 32
[2025.07.22-00.05.33:315][  0]LogShaderCompilers: Display: Worker (3/5): shaders left to compile 23
[2025.07.22-00.05.33:315][  0]LogShaderCompilers: Display: Worker (4/5): shaders left to compile 14
[2025.07.22-00.05.33:315][  0]LogShaderCompilers: Display: Worker (5/5): shaders left to compile 5
[2025.07.22-00.05.33:315][  0]LogShaderCompilers: Display: Started 41 'Local' shader compile jobs with 'Low' priority
[2025.07.22-00.05.33:316][  0]LogEditorServer: Finished looking for orphan Actors (0.000 secs)
[2025.07.22-00.05.33:342][  0]LogUObjectHash: Compacting FUObjectHashTables data took   2.87ms
[2025.07.22-00.05.33:342][  0]Cmd: MAP CHECKDEP NOCLEARLOG
[2025.07.22-00.05.33:343][  0]MapCheck: Map check complete: 0 Error(s), 1 Warning(s), took 0.177ms to complete.
[2025.07.22-00.05.33:356][  0]LogFileHelpers: Loading map 'ThirdPersonExampleMap' took 1.136
[2025.07.22-00.05.33:361][  0]LogUnrealEdMisc: Total Editor Startup Time, took 10.398
[2025.07.22-00.05.33:618][  0]LogSlate: Updating window title bar state: overlay mode, drag disabled, window buttons hidden, title bar hidden
[2025.07.22-00.05.33:638][  0]LogSlate: Updating window title bar state: overlay mode, drag disabled, window buttons hidden, title bar hidden
[2025.07.22-00.05.33:660][  0]LogSlate: Updating window title bar state: overlay mode, drag disabled, window buttons hidden, title bar hidden
[2025.07.22-00.05.33:683][  0]LogSlate: Updating window title bar state: overlay mode, drag disabled, window buttons hidden, title bar hidden
[2025.07.22-00.05.33:749][  0]LogNativeClassHierarchy: Verbose: Native class hierarchy populated in 0.0304 seconds. Added 4208 classes and 963 folders.
[2025.07.22-00.05.33:755][  0]LogNativeClassHierarchy: Verbose: Native class hierarchy updated for 'WidgetCarousel' in 0.0007 seconds. Added 0 classes and 0 folders.
[2025.07.22-00.05.33:758][  0]LogPakFile: PakFile PrimaryIndexSize=187
[2025.07.22-00.05.33:758][  0]LogPakFile: PakFile PathHashIndexSize=101
[2025.07.22-00.05.33:758][  0]LogPakFile: PakFile FullDirectoryIndexSize=148
[2025.07.22-00.05.33:759][  0]LogShaderLibrary: Display: ShaderCodeLibraryPakFileMountedCallback: PakFile 'D:/UE4-Windows/UE_4.27/FeaturePacks/FP_FirstPerson.upack' (chunk index -1, root 'root:/') mounted
[2025.07.22-00.05.33:759][  0]LogShaderLibrary: Display: ShaderCodeLibraryPakFileMountedCallback: pending pak file info (ChunkID:-1 Root:root:/ File:D:/UE4-Windows/UE_4.27/FeaturePacks/FP_FirstPerson.upack)
[2025.07.22-00.05.33:759][  0]LogPakFile: OnPakFileMounted2Time == 0.000198
[2025.07.22-00.05.33:761][  0]LogPakFile: PakFile PrimaryIndexSize=189
[2025.07.22-00.05.33:761][  0]LogPakFile: PakFile PathHashIndexSize=101
[2025.07.22-00.05.33:761][  0]LogPakFile: PakFile FullDirectoryIndexSize=152
[2025.07.22-00.05.33:761][  0]LogShaderLibrary: Display: ShaderCodeLibraryPakFileMountedCallback: PakFile 'D:/UE4-Windows/UE_4.27/FeaturePacks/FP_FirstPersonBP.upack' (chunk index -1, root 'root:/') mounted
[2025.07.22-00.05.33:761][  0]LogShaderLibrary: Display: ShaderCodeLibraryPakFileMountedCallback: pending pak file info (ChunkID:-1 Root:root:/ File:D:/UE4-Windows/UE_4.27/FeaturePacks/FP_FirstPersonBP.upack)
[2025.07.22-00.05.33:761][  0]LogPakFile: OnPakFileMounted2Time == 0.000168
[2025.07.22-00.05.33:763][  0]LogPakFile: PakFile PrimaryIndexSize=191
[2025.07.22-00.05.33:763][  0]LogPakFile: PakFile PathHashIndexSize=101
[2025.07.22-00.05.33:763][  0]LogPakFile: PakFile FullDirectoryIndexSize=160
[2025.07.22-00.05.33:763][  0]LogShaderLibrary: Display: ShaderCodeLibraryPakFileMountedCallback: PakFile 'D:/UE4-Windows/UE_4.27/FeaturePacks/MobileStarterContent.upack' (chunk index -1, root 'root:/') mounted
[2025.07.22-00.05.33:763][  0]LogShaderLibrary: Display: ShaderCodeLibraryPakFileMountedCallback: pending pak file info (ChunkID:-1 Root:root:/ File:D:/UE4-Windows/UE_4.27/FeaturePacks/MobileStarterContent.upack)
[2025.07.22-00.05.33:763][  0]LogPakFile: OnPakFileMounted2Time == 0.000310
[2025.07.22-00.05.33:765][  0]LogPakFile: PakFile PrimaryIndexSize=185
[2025.07.22-00.05.33:765][  0]LogPakFile: PakFile PathHashIndexSize=101
[2025.07.22-00.05.33:765][  0]LogPakFile: PakFile FullDirectoryIndexSize=148
[2025.07.22-00.05.33:765][  0]LogShaderLibrary: Display: ShaderCodeLibraryPakFileMountedCallback: PakFile 'D:/UE4-Windows/UE_4.27/FeaturePacks/StarterContent.upack' (chunk index -1, root 'root:/') mounted
[2025.07.22-00.05.33:765][  0]LogShaderLibrary: Display: ShaderCodeLibraryPakFileMountedCallback: pending pak file info (ChunkID:-1 Root:root:/ File:D:/UE4-Windows/UE_4.27/FeaturePacks/StarterContent.upack)
[2025.07.22-00.05.33:765][  0]LogPakFile: OnPakFileMounted2Time == 0.000159
[2025.07.22-00.05.33:767][  0]LogPakFile: PakFile PrimaryIndexSize=190
[2025.07.22-00.05.33:767][  0]LogPakFile: PakFile PathHashIndexSize=101
[2025.07.22-00.05.33:767][  0]LogPakFile: PakFile FullDirectoryIndexSize=154
[2025.07.22-00.05.33:767][  0]LogShaderLibrary: Display: ShaderCodeLibraryPakFileMountedCallback: PakFile 'D:/UE4-Windows/UE_4.27/FeaturePacks/TP_2DSideScroller.upack' (chunk index -1, root 'root:/') mounted
[2025.07.22-00.05.33:767][  0]LogShaderLibrary: Display: ShaderCodeLibraryPakFileMountedCallback: pending pak file info (ChunkID:-1 Root:root:/ File:D:/UE4-Windows/UE_4.27/FeaturePacks/TP_2DSideScroller.upack)
[2025.07.22-00.05.33:767][  0]LogPakFile: OnPakFileMounted2Time == 0.000072
[2025.07.22-00.05.33:769][  0]LogPakFile: PakFile PrimaryIndexSize=192
[2025.07.22-00.05.33:769][  0]LogPakFile: PakFile PathHashIndexSize=101
[2025.07.22-00.05.33:769][  0]LogPakFile: PakFile FullDirectoryIndexSize=158
[2025.07.22-00.05.33:769][  0]LogShaderLibrary: Display: ShaderCodeLibraryPakFileMountedCallback: PakFile 'D:/UE4-Windows/UE_4.27/FeaturePacks/TP_2DSideScrollerBP.upack' (chunk index -1, root 'root:/') mounted
[2025.07.22-00.05.33:769][  0]LogShaderLibrary: Display: ShaderCodeLibraryPakFileMountedCallback: pending pak file info (ChunkID:-1 Root:root:/ File:D:/UE4-Windows/UE_4.27/FeaturePacks/TP_2DSideScrollerBP.upack)
[2025.07.22-00.05.33:769][  0]LogPakFile: OnPakFileMounted2Time == 0.000140
[2025.07.22-00.05.33:771][  0]LogPakFile: PakFile PrimaryIndexSize=182
[2025.07.22-00.05.33:771][  0]LogPakFile: PakFile PathHashIndexSize=101
[2025.07.22-00.05.33:772][  0]LogPakFile: PakFile FullDirectoryIndexSize=138
[2025.07.22-00.05.33:772][  0]LogShaderLibrary: Display: ShaderCodeLibraryPakFileMountedCallback: PakFile 'D:/UE4-Windows/UE_4.27/FeaturePacks/TP_Flying.upack' (chunk index -1, root 'root:/') mounted
[2025.07.22-00.05.33:772][  0]LogShaderLibrary: Display: ShaderCodeLibraryPakFileMountedCallback: pending pak file info (ChunkID:-1 Root:root:/ File:D:/UE4-Windows/UE_4.27/FeaturePacks/TP_Flying.upack)
[2025.07.22-00.05.33:772][  0]LogPakFile: OnPakFileMounted2Time == 0.000114
[2025.07.22-00.05.33:772][  0]LogPakFile: PakFile PrimaryIndexSize=184
[2025.07.22-00.05.33:772][  0]LogPakFile: PakFile PathHashIndexSize=101
[2025.07.22-00.05.33:773][  0]LogPakFile: PakFile FullDirectoryIndexSize=142
[2025.07.22-00.05.33:773][  0]LogShaderLibrary: Display: ShaderCodeLibraryPakFileMountedCallback: PakFile 'D:/UE4-Windows/UE_4.27/FeaturePacks/TP_FlyingBP.upack' (chunk index -1, root 'root:/') mounted
[2025.07.22-00.05.33:773][  0]LogShaderLibrary: Display: ShaderCodeLibraryPakFileMountedCallback: pending pak file info (ChunkID:-1 Root:root:/ File:D:/UE4-Windows/UE_4.27/FeaturePacks/TP_FlyingBP.upack)
[2025.07.22-00.05.33:773][  0]LogPakFile: OnPakFileMounted2Time == 0.000106
[2025.07.22-00.05.33:774][  0]LogPakFile: PakFile PrimaryIndexSize=188
[2025.07.22-00.05.33:774][  0]LogPakFile: PakFile PathHashIndexSize=101
[2025.07.22-00.05.33:774][  0]LogPakFile: PakFile FullDirectoryIndexSize=150
[2025.07.22-00.05.33:774][  0]LogShaderLibrary: Display: ShaderCodeLibraryPakFileMountedCallback: PakFile 'D:/UE4-Windows/UE_4.27/FeaturePacks/TP_HandheldARBP.upack' (chunk index -1, root 'root:/') mounted
[2025.07.22-00.05.33:774][  0]LogShaderLibrary: Display: ShaderCodeLibraryPakFileMountedCallback: pending pak file info (ChunkID:-1 Root:root:/ File:D:/UE4-Windows/UE_4.27/FeaturePacks/TP_HandheldARBP.upack)
[2025.07.22-00.05.33:774][  0]LogPakFile: OnPakFileMounted2Time == 0.000142
[2025.07.22-00.05.33:776][  0]LogPakFile: PakFile PrimaryIndexSize=182
[2025.07.22-00.05.33:776][  0]LogPakFile: PakFile PathHashIndexSize=101
[2025.07.22-00.05.33:776][  0]LogPakFile: PakFile FullDirectoryIndexSize=138
[2025.07.22-00.05.33:776][  0]LogShaderLibrary: Display: ShaderCodeLibraryPakFileMountedCallback: PakFile 'D:/UE4-Windows/UE_4.27/FeaturePacks/TP_Puzzle.upack' (chunk index -1, root 'root:/') mounted
[2025.07.22-00.05.33:776][  0]LogShaderLibrary: Display: ShaderCodeLibraryPakFileMountedCallback: pending pak file info (ChunkID:-1 Root:root:/ File:D:/UE4-Windows/UE_4.27/FeaturePacks/TP_Puzzle.upack)
[2025.07.22-00.05.33:776][  0]LogPakFile: OnPakFileMounted2Time == 0.000133
[2025.07.22-00.05.33:777][  0]LogPakFile: PakFile PrimaryIndexSize=184
[2025.07.22-00.05.33:777][  0]LogPakFile: PakFile PathHashIndexSize=101
[2025.07.22-00.05.33:777][  0]LogPakFile: PakFile FullDirectoryIndexSize=142
[2025.07.22-00.05.33:777][  0]LogShaderLibrary: Display: ShaderCodeLibraryPakFileMountedCallback: PakFile 'D:/UE4-Windows/UE_4.27/FeaturePacks/TP_PuzzleBP.upack' (chunk index -1, root 'root:/') mounted
[2025.07.22-00.05.33:778][  0]LogShaderLibrary: Display: ShaderCodeLibraryPakFileMountedCallback: pending pak file info (ChunkID:-1 Root:root:/ File:D:/UE4-Windows/UE_4.27/FeaturePacks/TP_PuzzleBP.upack)
[2025.07.22-00.05.33:778][  0]LogPakFile: OnPakFileMounted2Time == 0.000157
[2025.07.22-00.05.33:779][  0]LogPakFile: PakFile PrimaryIndexSize=183
[2025.07.22-00.05.33:779][  0]LogPakFile: PakFile PathHashIndexSize=101
[2025.07.22-00.05.33:779][  0]LogPakFile: PakFile FullDirectoryIndexSize=140
[2025.07.22-00.05.33:779][  0]LogShaderLibrary: Display: ShaderCodeLibraryPakFileMountedCallback: PakFile 'D:/UE4-Windows/UE_4.27/FeaturePacks/TP_Rolling.upack' (chunk index -1, root 'root:/') mounted
[2025.07.22-00.05.33:779][  0]LogShaderLibrary: Display: ShaderCodeLibraryPakFileMountedCallback: pending pak file info (ChunkID:-1 Root:root:/ File:D:/UE4-Windows/UE_4.27/FeaturePacks/TP_Rolling.upack)
[2025.07.22-00.05.33:779][  0]LogPakFile: OnPakFileMounted2Time == 0.000150
[2025.07.22-00.05.33:781][  0]LogPakFile: PakFile PrimaryIndexSize=185
[2025.07.22-00.05.33:781][  0]LogPakFile: PakFile PathHashIndexSize=101
[2025.07.22-00.05.33:781][  0]LogPakFile: PakFile FullDirectoryIndexSize=144
[2025.07.22-00.05.33:781][  0]LogShaderLibrary: Display: ShaderCodeLibraryPakFileMountedCallback: PakFile 'D:/UE4-Windows/UE_4.27/FeaturePacks/TP_RollingBP.upack' (chunk index -1, root 'root:/') mounted
[2025.07.22-00.05.33:782][  0]LogShaderLibrary: Display: ShaderCodeLibraryPakFileMountedCallback: pending pak file info (ChunkID:-1 Root:root:/ File:D:/UE4-Windows/UE_4.27/FeaturePacks/TP_RollingBP.upack)
[2025.07.22-00.05.33:782][  0]LogPakFile: OnPakFileMounted2Time == 0.000143
[2025.07.22-00.05.33:783][  0]LogPakFile: PakFile PrimaryIndexSize=188
[2025.07.22-00.05.33:783][  0]LogPakFile: PakFile PathHashIndexSize=101
[2025.07.22-00.05.33:783][  0]LogPakFile: PakFile FullDirectoryIndexSize=150
[2025.07.22-00.05.33:783][  0]LogShaderLibrary: Display: ShaderCodeLibraryPakFileMountedCallback: PakFile 'D:/UE4-Windows/UE_4.27/FeaturePacks/TP_SideScroller.upack' (chunk index -1, root 'root:/') mounted
[2025.07.22-00.05.33:783][  0]LogShaderLibrary: Display: ShaderCodeLibraryPakFileMountedCallback: pending pak file info (ChunkID:-1 Root:root:/ File:D:/UE4-Windows/UE_4.27/FeaturePacks/TP_SideScroller.upack)
[2025.07.22-00.05.33:783][  0]LogPakFile: OnPakFileMounted2Time == 0.000133
[2025.07.22-00.05.33:785][  0]LogPakFile: PakFile PrimaryIndexSize=190
[2025.07.22-00.05.33:785][  0]LogPakFile: PakFile PathHashIndexSize=101
[2025.07.22-00.05.33:785][  0]LogPakFile: PakFile FullDirectoryIndexSize=154
[2025.07.22-00.05.33:785][  0]LogShaderLibrary: Display: ShaderCodeLibraryPakFileMountedCallback: PakFile 'D:/UE4-Windows/UE_4.27/FeaturePacks/TP_SideScrollerBP.upack' (chunk index -1, root 'root:/') mounted
[2025.07.22-00.05.33:785][  0]LogShaderLibrary: Display: ShaderCodeLibraryPakFileMountedCallback: pending pak file info (ChunkID:-1 Root:root:/ File:D:/UE4-Windows/UE_4.27/FeaturePacks/TP_SideScrollerBP.upack)
[2025.07.22-00.05.33:785][  0]LogPakFile: OnPakFileMounted2Time == 0.000131
[2025.07.22-00.05.33:787][  0]LogPakFile: PakFile PrimaryIndexSize=187
[2025.07.22-00.05.33:787][  0]LogPakFile: PakFile PathHashIndexSize=101
[2025.07.22-00.05.33:787][  0]LogPakFile: PakFile FullDirectoryIndexSize=148
[2025.07.22-00.05.33:787][  0]LogShaderLibrary: Display: ShaderCodeLibraryPakFileMountedCallback: PakFile 'D:/UE4-Windows/UE_4.27/FeaturePacks/TP_ThirdPerson.upack' (chunk index -1, root 'root:/') mounted
[2025.07.22-00.05.33:787][  0]LogShaderLibrary: Display: ShaderCodeLibraryPakFileMountedCallback: pending pak file info (ChunkID:-1 Root:root:/ File:D:/UE4-Windows/UE_4.27/FeaturePacks/TP_ThirdPerson.upack)
[2025.07.22-00.05.33:787][  0]LogPakFile: OnPakFileMounted2Time == 0.000132
[2025.07.22-00.05.33:788][  0]LogPakFile: PakFile PrimaryIndexSize=189
[2025.07.22-00.05.33:788][  0]LogPakFile: PakFile PathHashIndexSize=101
[2025.07.22-00.05.33:788][  0]LogPakFile: PakFile FullDirectoryIndexSize=152
[2025.07.22-00.05.33:789][  0]LogShaderLibrary: Display: ShaderCodeLibraryPakFileMountedCallback: PakFile 'D:/UE4-Windows/UE_4.27/FeaturePacks/TP_ThirdPersonBP.upack' (chunk index -1, root 'root:/') mounted
[2025.07.22-00.05.33:789][  0]LogShaderLibrary: Display: ShaderCodeLibraryPakFileMountedCallback: pending pak file info (ChunkID:-1 Root:root:/ File:D:/UE4-Windows/UE_4.27/FeaturePacks/TP_ThirdPersonBP.upack)
[2025.07.22-00.05.33:789][  0]LogPakFile: OnPakFileMounted2Time == 0.000144
[2025.07.22-00.05.33:789][  0]LogPakFile: PakFile PrimaryIndexSize=183
[2025.07.22-00.05.33:791][  0]LogPakFile: PakFile PathHashIndexSize=101
[2025.07.22-00.05.33:791][  0]LogPakFile: PakFile FullDirectoryIndexSize=140
[2025.07.22-00.05.33:791][  0]LogShaderLibrary: Display: ShaderCodeLibraryPakFileMountedCallback: PakFile 'D:/UE4-Windows/UE_4.27/FeaturePacks/TP_TopDown.upack' (chunk index -1, root 'root:/') mounted
[2025.07.22-00.05.33:791][  0]LogShaderLibrary: Display: ShaderCodeLibraryPakFileMountedCallback: pending pak file info (ChunkID:-1 Root:root:/ File:D:/UE4-Windows/UE_4.27/FeaturePacks/TP_TopDown.upack)
[2025.07.22-00.05.33:791][  0]LogPakFile: OnPakFileMounted2Time == 0.000142
[2025.07.22-00.05.33:792][  0]LogPakFile: PakFile PrimaryIndexSize=185
[2025.07.22-00.05.33:792][  0]LogPakFile: PakFile PathHashIndexSize=101
[2025.07.22-00.05.33:792][  0]LogPakFile: PakFile FullDirectoryIndexSize=144
[2025.07.22-00.05.33:792][  0]LogShaderLibrary: Display: ShaderCodeLibraryPakFileMountedCallback: PakFile 'D:/UE4-Windows/UE_4.27/FeaturePacks/TP_TopDownBP.upack' (chunk index -1, root 'root:/') mounted
[2025.07.22-00.05.33:792][  0]LogShaderLibrary: Display: ShaderCodeLibraryPakFileMountedCallback: pending pak file info (ChunkID:-1 Root:root:/ File:D:/UE4-Windows/UE_4.27/FeaturePacks/TP_TopDownBP.upack)
[2025.07.22-00.05.33:792][  0]LogPakFile: OnPakFileMounted2Time == 0.000104
[2025.07.22-00.05.33:793][  0]LogPakFile: PakFile PrimaryIndexSize=185
[2025.07.22-00.05.33:793][  0]LogPakFile: PakFile PathHashIndexSize=101
[2025.07.22-00.05.33:793][  0]LogPakFile: PakFile FullDirectoryIndexSize=144
[2025.07.22-00.05.33:793][  0]LogShaderLibrary: Display: ShaderCodeLibraryPakFileMountedCallback: PakFile 'D:/UE4-Windows/UE_4.27/FeaturePacks/TP_TwinStick.upack' (chunk index -1, root 'root:/') mounted
[2025.07.22-00.05.33:793][  0]LogShaderLibrary: Display: ShaderCodeLibraryPakFileMountedCallback: pending pak file info (ChunkID:-1 Root:root:/ File:D:/UE4-Windows/UE_4.27/FeaturePacks/TP_TwinStick.upack)
[2025.07.22-00.05.33:793][  0]LogPakFile: OnPakFileMounted2Time == 0.000099
[2025.07.22-00.05.33:794][  0]LogPakFile: PakFile PrimaryIndexSize=187
[2025.07.22-00.05.33:794][  0]LogPakFile: PakFile PathHashIndexSize=101
[2025.07.22-00.05.33:794][  0]LogPakFile: PakFile FullDirectoryIndexSize=148
[2025.07.22-00.05.33:794][  0]LogShaderLibrary: Display: ShaderCodeLibraryPakFileMountedCallback: PakFile 'D:/UE4-Windows/UE_4.27/FeaturePacks/TP_TwinStickBP.upack' (chunk index -1, root 'root:/') mounted
[2025.07.22-00.05.33:795][  0]LogShaderLibrary: Display: ShaderCodeLibraryPakFileMountedCallback: pending pak file info (ChunkID:-1 Root:root:/ File:D:/UE4-Windows/UE_4.27/FeaturePacks/TP_TwinStickBP.upack)
[2025.07.22-00.05.33:795][  0]LogPakFile: OnPakFileMounted2Time == 0.000197
[2025.07.22-00.05.33:796][  0]LogPakFile: PakFile PrimaryIndexSize=183
[2025.07.22-00.05.33:796][  0]LogPakFile: PakFile PathHashIndexSize=101
[2025.07.22-00.05.33:796][  0]LogPakFile: PakFile FullDirectoryIndexSize=140
[2025.07.22-00.05.33:796][  0]LogShaderLibrary: Display: ShaderCodeLibraryPakFileMountedCallback: PakFile 'D:/UE4-Windows/UE_4.27/FeaturePacks/TP_Vehicle.upack' (chunk index -1, root 'root:/') mounted
[2025.07.22-00.05.33:796][  0]LogShaderLibrary: Display: ShaderCodeLibraryPakFileMountedCallback: pending pak file info (ChunkID:-1 Root:root:/ File:D:/UE4-Windows/UE_4.27/FeaturePacks/TP_Vehicle.upack)
[2025.07.22-00.05.33:796][  0]LogPakFile: OnPakFileMounted2Time == 0.000143
[2025.07.22-00.05.33:798][  0]LogPakFile: PakFile PrimaryIndexSize=186
[2025.07.22-00.05.33:798][  0]LogPakFile: PakFile PathHashIndexSize=101
[2025.07.22-00.05.33:798][  0]LogPakFile: PakFile FullDirectoryIndexSize=146
[2025.07.22-00.05.33:798][  0]LogShaderLibrary: Display: ShaderCodeLibraryPakFileMountedCallback: PakFile 'D:/UE4-Windows/UE_4.27/FeaturePacks/TP_VehicleAdv.upack' (chunk index -1, root 'root:/') mounted
[2025.07.22-00.05.33:798][  0]LogShaderLibrary: Display: ShaderCodeLibraryPakFileMountedCallback: pending pak file info (ChunkID:-1 Root:root:/ File:D:/UE4-Windows/UE_4.27/FeaturePacks/TP_VehicleAdv.upack)
[2025.07.22-00.05.33:799][  0]LogPakFile: OnPakFileMounted2Time == 0.000141
[2025.07.22-00.05.33:801][  0]LogPakFile: PakFile PrimaryIndexSize=188
[2025.07.22-00.05.33:801][  0]LogPakFile: PakFile PathHashIndexSize=101
[2025.07.22-00.05.33:801][  0]LogPakFile: PakFile FullDirectoryIndexSize=150
[2025.07.22-00.05.33:801][  0]LogShaderLibrary: Display: ShaderCodeLibraryPakFileMountedCallback: PakFile 'D:/UE4-Windows/UE_4.27/FeaturePacks/TP_VehicleAdvBP.upack' (chunk index -1, root 'root:/') mounted
[2025.07.22-00.05.33:801][  0]LogShaderLibrary: Display: ShaderCodeLibraryPakFileMountedCallback: pending pak file info (ChunkID:-1 Root:root:/ File:D:/UE4-Windows/UE_4.27/FeaturePacks/TP_VehicleAdvBP.upack)
[2025.07.22-00.05.33:801][  0]LogPakFile: OnPakFileMounted2Time == 0.000133
[2025.07.22-00.05.33:802][  0]LogPakFile: PakFile PrimaryIndexSize=185
[2025.07.22-00.05.33:802][  0]LogPakFile: PakFile PathHashIndexSize=101
[2025.07.22-00.05.33:802][  0]LogPakFile: PakFile FullDirectoryIndexSize=144
[2025.07.22-00.05.33:802][  0]LogShaderLibrary: Display: ShaderCodeLibraryPakFileMountedCallback: PakFile 'D:/UE4-Windows/UE_4.27/FeaturePacks/TP_VehicleBP.upack' (chunk index -1, root 'root:/') mounted
[2025.07.22-00.05.33:802][  0]LogShaderLibrary: Display: ShaderCodeLibraryPakFileMountedCallback: pending pak file info (ChunkID:-1 Root:root:/ File:D:/UE4-Windows/UE_4.27/FeaturePacks/TP_VehicleBP.upack)
[2025.07.22-00.05.33:802][  0]LogPakFile: OnPakFileMounted2Time == 0.000113
[2025.07.22-00.05.33:804][  0]LogPakFile: PakFile PrimaryIndexSize=192
[2025.07.22-00.05.33:804][  0]LogPakFile: PakFile PathHashIndexSize=101
[2025.07.22-00.05.33:804][  0]LogPakFile: PakFile FullDirectoryIndexSize=158
[2025.07.22-00.05.33:804][  0]LogShaderLibrary: Display: ShaderCodeLibraryPakFileMountedCallback: PakFile 'D:/UE4-Windows/UE_4.27/FeaturePacks/TP_VirtualRealityBP.upack' (chunk index -1, root 'root:/') mounted
[2025.07.22-00.05.33:804][  0]LogShaderLibrary: Display: ShaderCodeLibraryPakFileMountedCallback: pending pak file info (ChunkID:-1 Root:root:/ File:D:/UE4-Windows/UE_4.27/FeaturePacks/TP_VirtualRealityBP.upack)
[2025.07.22-00.05.33:804][  0]LogPakFile: OnPakFileMounted2Time == 0.000122
[2025.07.22-00.05.33:933][  0]LogNativeClassHierarchy: Verbose: Native class hierarchy updated for 'AddContentDialog' in 0.0005 seconds. Added 0 classes and 0 folders.
[2025.07.22-00.05.33:936][  0]LogNativeClassHierarchy: Verbose: Native class hierarchy updated for 'SceneOutliner' in 0.0005 seconds. Added 2 classes and 0 folders.
[2025.07.22-00.05.34:328][  0]LogSlate: Took 0.000368 seconds to synchronously load lazily loaded font '../../../Engine/Content/Slate/Fonts/Roboto-Regular.ttf' (155K)
[2025.07.22-00.05.34:332][  0]LogSlate: Took 0.000401 seconds to synchronously load lazily loaded font '../../../Engine/Content/Editor/Slate/Fonts/FontAwesome.ttf' (139K)
[2025.07.22-00.05.34:334][  0]LogSlate: Took 0.000388 seconds to synchronously load lazily loaded font '../../../Engine/Content/Slate/Fonts/Roboto-Bold.ttf' (160K)
[2025.07.22-00.05.34:584][  0]LogRenderer: Reallocating scene render targets to support 1208x492 Format 10 NumSamples 1 (Frame:1).
[2025.07.22-00.05.34:756][  0]LogSlate: Took 0.000501 seconds to synchronously load lazily loaded font '../../../Engine/Content/Slate/Fonts/Roboto-Light.ttf' (167K)
[2025.07.22-00.05.35:531][  0]LogNativeClassHierarchy: Verbose: Native class hierarchy updated for 'HierarchicalLODOutliner' in 0.0006 seconds. Added 0 classes and 0 folders.
[2025.07.22-00.05.35:531][  0]LogInput: Warning: Action Jump uses invalid key OculusGo_Left_Trigger_Click.
[2025.07.22-00.05.35:531][  0]LogInput: Warning: Action ResetVR uses invalid key OculusGo_Left_Trackpad_Click.
[2025.07.22-00.05.35:531][  0]LogInput: Warning: Use -RemoveInvalidKeys to remove instances of these keys from the action mapping.
[2025.07.22-00.05.35:531][  0]LogLoad: (Engine Initialization) Total time: 12.57 seconds
[2025.07.22-00.05.35:531][  0]LogLoad: (Engine Initialization) Total Blueprint compile time: 0.00 seconds
[2025.07.22-00.05.35:691][  0]LogContentStreaming: Texture pool size now 1000 MB
[2025.07.22-00.05.35:980][  2]LogAssetRegistry: Asset discovery search completed in 8.7735 seconds
[2025.07.22-00.05.35:997][  2]LogCollectionManager: Fixed up redirectors for 0 collections in 0.000006 seconds (updated 0 objects)
[2025.07.22-00.05.58:736][191]LogSlate: Took 0.000262 seconds to synchronously load lazily loaded font '../../../Engine/Content/Slate/Fonts/Roboto-Light.ttf' (167K)
[2025.07.22-00.05.58:777][191]LogAssetEditorSubsystem: Opening Asset editor for Blueprint /Game/ThirdPersonBP/Blueprints/blueprints/ReglasJuego.ReglasJuego
[2025.07.22-00.05.59:065][191]LogNativeClassHierarchy: Verbose: Native class hierarchy updated for 'BlueprintGraph' in 0.0005 seconds. Added 126 classes and 0 folders.
[2025.07.22-00.06.00:076][191]LogSlate: Took 0.000186 seconds to synchronously load lazily loaded font '../../../Engine/Content/Slate/Fonts/Roboto-BoldCondensed.ttf' (158K)
[2025.07.22-00.06.00:180][192]LogSlate: Took 0.000289 seconds to synchronously load lazily loaded font '../../../Engine/Content/Slate/Fonts/Roboto-Italic.ttf' (157K)
[2025.07.22-00.08.29:816][180]LogEditorViewport: Clicking on Actor (LMB): Cave_C (Cave)
[2025.07.22-00.08.30:617][220]LogEditorViewport: Clicking on Actor (LMB): Cave_C (Cave)
[2025.07.22-00.08.30:701][224]LogEditorViewport: Clicking on Component (LMB): StaticMeshComponent (Cube)
[2025.07.22-00.08.40:575][744]LogAssetEditorSubsystem: Opening Asset editor for Blueprint /Game/ThirdPersonBP/Blueprints/blueprints/Cave.Cave
[2025.07.22-00.08.53:478][404]LogEditorClassViewer: Warning: Class /Engine/Tutorial/InWorldBlueprintEditing/TutorialAssets/IWBE_Blutility.IWBE_Blutility_C has parent /Script/Blutility.PlacedEditorUtilityBase, but this parent is not found. The Class will not be shown in ClassViewer.
[2025.07.22-00.10.00:175][321]BlueprintLog: New page: Compile Cave
[2025.07.22-00.10.00:257][321]LogUObjectHash: Compacting FUObjectHashTables data took   3.93ms
[2025.07.22-00.10.00:363][321]LogSlate: Took 0.000270 seconds to synchronously load lazily loaded font '../../../Engine/Content/Slate/Fonts/DroidSansMono.ttf' (77K)
[2025.07.22-00.11.07:332][975]LogSavePackage: Moving '../../../../../UTN-e-learning/Unreal-Engine/Unreal-Projects/TP_PreEntrega/Saved/CaveFFB125074820E83AAA21509C277782AC.tmp' to '../../../../../UTN-e-learning/Unreal-Engine/Unreal-Projects/TP_PreEntrega/Content/ThirdPersonBP/Blueprints/blueprints/Cave.uasset'
[2025.07.22-00.11.07:351][975]AssetCheck: New page: Asset Save: Cave
[2025.07.22-00.11.07:351][975]LogContentValidation: Display: Validating Blueprint /Game/ThirdPersonBP/Blueprints/blueprints/Cave.Cave
[2025.07.22-00.11.09:469][ 72]BlueprintLog: New page: Compile Cave
[2025.07.22-00.11.09:567][ 72]LogUObjectHash: Compacting FUObjectHashTables data took   4.71ms
[2025.07.22-00.11.11:134][131]LogTemp: Repeating last play command: Selected Viewport
[2025.07.22-00.11.11:178][131]LogPlayLevel: PlayLevel: No blueprints needed recompiling
[2025.07.22-00.11.11:179][131]PIE: New page: PIE session: ThirdPersonExampleMap (Jul 21, 2025, 6:11:11 PM)
[2025.07.22-00.11.11:180][131]LogOnline: OSS: Creating online subsystem instance for: NULL
[2025.07.22-00.11.11:183][131]LogOnline: OSS: TryLoadSubsystemAndSetDefault: Loaded subsystem for module [NULL]
[2025.07.22-00.11.11:183][131]LogPlayLevel: Creating play world package: /Game/ThirdPersonBP/Maps/UEDPIE_0_ThirdPersonExampleMap
[2025.07.22-00.11.11:218][131]LogPlayLevel: PIE: StaticDuplicateObject took: (0.034830s)
[2025.07.22-00.11.11:219][131]LogAIModule: Creating AISystem for world ThirdPersonExampleMap
[2025.07.22-00.11.11:219][131]LogPlayLevel: PIE: World Init took: (0.001887s)
[2025.07.22-00.11.11:219][131]LogPlayLevel: PIE: Created PIE world by copying editor world from /Game/ThirdPersonBP/Maps/ThirdPersonExampleMap.ThirdPersonExampleMap to /Game/ThirdPersonBP/Maps/UEDPIE_0_ThirdPersonExampleMap.ThirdPersonExampleMap (0.037002s)
[2025.07.22-00.11.11:262][131]LogUObjectHash: Compacting FUObjectHashTables data took   4.57ms
[2025.07.22-00.11.11:263][131]LogAudio: Display: Creating Audio Device:                 Id: 2, Scope: Unique, Realtime: True
[2025.07.22-00.11.11:263][131]LogAudioMixer: Display: Audio Mixer Platform Settings:
[2025.07.22-00.11.11:263][131]LogAudioMixer: Display: 	Sample Rate:						  48000
[2025.07.22-00.11.11:263][131]LogAudioMixer: Display: 	Callback Buffer Frame Size Requested: 1024
[2025.07.22-00.11.11:263][131]LogAudioMixer: Display: 	Callback Buffer Frame Size To Use:	  1024
[2025.07.22-00.11.11:263][131]LogAudioMixer: Display: 	Number of buffers to queue:			  2
[2025.07.22-00.11.11:264][131]LogAudioMixer: Display: 	Max Channels (voices):				  32
[2025.07.22-00.11.11:264][131]LogAudioMixer: Display: 	Number of Async Source Workers:		  0
[2025.07.22-00.11.11:264][131]LogAudio: Display: AudioDevice MaxSources: 32
[2025.07.22-00.11.11:264][131]LogAudio: Display: Audio Spatialization Plugin: None (built-in).
[2025.07.22-00.11.11:264][131]LogAudio: Display: Audio Reverb Plugin: None (built-in).
[2025.07.22-00.11.11:264][131]LogAudio: Display: Audio Occlusion Plugin: None (built-in).
[2025.07.22-00.11.11:264][131]LogAudioMixer: Display: Initializing audio mixer.
[2025.07.22-00.11.11:273][131]LogAudioMixer: Display: 0: FrontLeft
[2025.07.22-00.11.11:273][131]LogAudioMixer: Display: 1: FrontRight
[2025.07.22-00.11.11:300][131]LogAudioMixer: Display: Using Audio Device Headphones (SOUNDPEATS Opera05)
[2025.07.22-00.11.11:301][131]LogAudioMixer: Display: Initializing Sound Submixes...
[2025.07.22-00.11.11:301][131]LogAudioMixer: Display: Creating Master Submix 'MasterSubmixDefault'
[2025.07.22-00.11.11:301][131]LogAudioMixer: Display: Creating Master Submix 'MasterReverbSubmixDefault'
[2025.07.22-00.11.11:301][131]LogAudioMixer: Display: Creating Master Submix 'MasterEQSubmixDefault'
[2025.07.22-00.11.11:301][131]LogAudioMixer: FMixerPlatformXAudio2::StartAudioStream() called
[2025.07.22-00.11.11:301][131]LogAudioMixer: Display: Output buffers initialized: Frames=1024, Channels=2, Samples=2048
[2025.07.22-00.11.11:303][131]LogAudioMixer: Display: Starting AudioMixerPlatformInterface::RunInternal()
[2025.07.22-00.11.11:303][131]LogAudioMixer: Display: FMixerPlatformXAudio2::SubmitBuffer() called for the first time
[2025.07.22-00.11.11:303][131]LogInit: FAudioDevice initialized.
[2025.07.22-00.11.11:303][131]LogAudio: Display: Audio Device (ID: 2) registered with world 'ThirdPersonExampleMap'.
[2025.07.22-00.11.11:322][131]LogLoad: Game class is 'ReglasJuego_C'
[2025.07.22-00.11.11:335][131]LogWorld: Bringing World /Game/ThirdPersonBP/Maps/UEDPIE_0_ThirdPersonExampleMap.ThirdPersonExampleMap up for play (max tick rate 60) at 2025.07.21-21.11.11
[2025.07.22-00.11.11:336][131]LogWorld: Bringing up level for play took: 0.010920
[2025.07.22-00.11.11:336][131]LogOnline: OSS: Creating online subsystem instance for: :Context_23
[2025.07.22-00.11.11:345][131]LogNativeClassHierarchy: Verbose: Native class hierarchy updated for 'MovieSceneCapture' in 0.0004 seconds. Added 20 classes and 0 folders.
[2025.07.22-00.11.11:346][131]LogBlueprintUserMessages: [plataforma_2] Buenas buenas!
[2025.07.22-00.11.11:349][131]PIE: Server logged in
[2025.07.22-00.11.11:352][131]PIE: Play in editor total start time 0.199 seconds.
[2025.07.22-00.11.11:360][131]LogBlueprintUserMessages: [Cave_5] 1
[2025.07.22-00.11.11:760][132]LogBlueprintUserMessages: [Cave_5] 1
[2025.07.22-00.11.11:797][133]LogBlueprintUserMessages: [Cave_5] 1
[2025.07.22-00.11.11:848][134]LogBlueprintUserMessages: [Cave_5] 1
[2025.07.22-00.11.11:871][135]LogBlueprintUserMessages: [Cave_5] 1
[2025.07.22-00.11.11:896][136]LogBlueprintUserMessages: [Cave_5] 1
[2025.07.22-00.11.11:920][137]LogBlueprintUserMessages: [Cave_5] 1
[2025.07.22-00.11.11:949][138]LogBlueprintUserMessages: [Cave_5] 1
[2025.07.22-00.11.11:983][139]LogBlueprintUserMessages: [Cave_5] 1
[2025.07.22-00.11.12:016][140]LogBlueprintUserMessages: [Cave_5] 1
[2025.07.22-00.11.12:050][141]LogBlueprintUserMessages: [Cave_5] 1
[2025.07.22-00.11.12:077][142]LogBlueprintUserMessages: [Cave_5] 1
[2025.07.22-00.11.12:102][143]LogBlueprintUserMessages: [Cave_5] 1
[2025.07.22-00.11.12:127][144]LogBlueprintUserMessages: [Cave_5] 1
[2025.07.22-00.11.12:157][145]LogBlueprintUserMessages: [Cave_5] 1
[2025.07.22-00.11.12:184][146]LogBlueprintUserMessages: [Cave_5] 1
[2025.07.22-00.11.12:215][147]LogBlueprintUserMessages: [Cave_5] 1
[2025.07.22-00.11.12:241][148]LogBlueprintUserMessages: [Cave_5] 1
[2025.07.22-00.11.12:264][149]LogBlueprintUserMessages: [Cave_5] 1
[2025.07.22-00.11.12:286][150]LogBlueprintUserMessages: [Cave_5] 1
[2025.07.22-00.11.12:309][151]LogBlueprintUserMessages: [Cave_5] 1
[2025.07.22-00.11.12:335][152]LogBlueprintUserMessages: [Cave_5] 1
[2025.07.22-00.11.12:359][153]LogBlueprintUserMessages: [Cave_5] 1
[2025.07.22-00.11.12:381][154]LogBlueprintUserMessages: [Cave_5] 1
[2025.07.22-00.11.12:402][155]LogBlueprintUserMessages: [Cave_5] 1
[2025.07.22-00.11.12:426][156]LogBlueprintUserMessages: [Cave_5] 1
[2025.07.22-00.11.12:445][157]LogBlueprintUserMessages: [Cave_5] 1
[2025.07.22-00.11.12:464][158]LogBlueprintUserMessages: [Cave_5] 1
[2025.07.22-00.11.12:519][159]LogBlueprintUserMessages: [Cave_5] 1
[2025.07.22-00.11.12:537][160]LogBlueprintUserMessages: [Cave_5] 1
[2025.07.22-00.11.12:566][161]LogBlueprintUserMessages: [Cave_5] 1
[2025.07.22-00.11.12:604][162]LogBlueprintUserMessages: [Cave_5] 1
[2025.07.22-00.11.12:641][163]LogBlueprintUserMessages: [Cave_5] 1
[2025.07.22-00.11.12:677][164]LogBlueprintUserMessages: [Cave_5] 1
[2025.07.22-00.11.12:704][165]LogBlueprintUserMessages: [Cave_5] 1
[2025.07.22-00.11.12:727][166]LogBlueprintUserMessages: [Cave_5] 1
[2025.07.22-00.11.12:748][167]LogBlueprintUserMessages: [Cave_5] 1
[2025.07.22-00.11.12:769][168]LogBlueprintUserMessages: [Cave_5] 1
[2025.07.22-00.11.12:788][169]LogBlueprintUserMessages: [Cave_5] 1
[2025.07.22-00.11.12:806][170]LogBlueprintUserMessages: [Cave_5] 1
[2025.07.22-00.11.12:828][171]LogBlueprintUserMessages: [Cave_5] 1
[2025.07.22-00.11.12:847][172]LogBlueprintUserMessages: [Cave_5] 1
[2025.07.22-00.11.12:868][173]LogBlueprintUserMessages: [Cave_5] 1
[2025.07.22-00.11.12:891][174]LogBlueprintUserMessages: [Cave_5] 1
[2025.07.22-00.11.12:909][175]LogBlueprintUserMessages: [Cave_5] 1
[2025.07.22-00.11.12:929][176]LogBlueprintUserMessages: [Cave_5] 1
[2025.07.22-00.11.12:954][177]LogBlueprintUserMessages: [Cave_5] 1
[2025.07.22-00.11.12:978][178]LogBlueprintUserMessages: [Cave_5] 1
[2025.07.22-00.11.13:000][179]LogBlueprintUserMessages: [Cave_5] 1
[2025.07.22-00.11.13:025][180]LogBlueprintUserMessages: [Cave_5] 1
[2025.07.22-00.11.13:049][181]LogBlueprintUserMessages: [Cave_5] 1
[2025.07.22-00.11.13:075][182]LogBlueprintUserMessages: [Cave_5] 1
[2025.07.22-00.11.13:106][183]LogBlueprintUserMessages: [Cave_5] 1
[2025.07.22-00.11.13:133][184]LogBlueprintUserMessages: [Cave_5] 1
[2025.07.22-00.11.13:161][185]LogBlueprintUserMessages: [Cave_5] 1
[2025.07.22-00.11.13:185][186]LogBlueprintUserMessages: [Cave_5] 1
[2025.07.22-00.11.13:211][187]LogBlueprintUserMessages: [Cave_5] 1
[2025.07.22-00.11.13:231][188]LogBlueprintUserMessages: [Cave_5] 1
[2025.07.22-00.11.13:255][189]LogBlueprintUserMessages: [Cave_5] 1
[2025.07.22-00.11.13:278][190]LogBlueprintUserMessages: [Cave_5] 1
[2025.07.22-00.11.13:305][191]LogBlueprintUserMessages: [Cave_5] 1
[2025.07.22-00.11.13:329][192]LogBlueprintUserMessages: [Cave_5] 1
[2025.07.22-00.11.13:350][193]LogBlueprintUserMessages: [Cave_5] 1
[2025.07.22-00.11.13:375][194]LogBlueprintUserMessages: [Cave_5] 1
[2025.07.22-00.11.13:404][195]LogBlueprintUserMessages: [Cave_5] 1
[2025.07.22-00.11.13:428][196]LogBlueprintUserMessages: [Cave_5] 1
[2025.07.22-00.11.13:455][197]LogBlueprintUserMessages: [Cave_5] 1
[2025.07.22-00.11.13:481][198]LogBlueprintUserMessages: [Cave_5] 1
[2025.07.22-00.11.13:505][199]LogBlueprintUserMessages: [Cave_5] 1
[2025.07.22-00.11.13:526][200]LogBlueprintUserMessages: [Cave_5] 1
[2025.07.22-00.11.13:546][201]LogBlueprintUserMessages: [Cave_5] 1
[2025.07.22-00.11.13:566][202]LogBlueprintUserMessages: [Cave_5] 1
[2025.07.22-00.11.13:586][203]LogBlueprintUserMessages: [Cave_5] 1
[2025.07.22-00.11.13:606][204]LogBlueprintUserMessages: [Cave_5] 1
[2025.07.22-00.11.13:622][205]LogBlueprintUserMessages: [Cave_5] 1
[2025.07.22-00.11.13:639][206]LogBlueprintUserMessages: [Cave_5] 1
[2025.07.22-00.11.13:656][207]LogBlueprintUserMessages: [Cave_5] 1
[2025.07.22-00.11.13:672][208]LogBlueprintUserMessages: [Cave_5] 1
[2025.07.22-00.11.13:689][209]LogBlueprintUserMessages: [Cave_5] 1
[2025.07.22-00.11.13:706][210]LogBlueprintUserMessages: [Cave_5] 1
[2025.07.22-00.11.13:722][211]LogBlueprintUserMessages: [Cave_5] 1
[2025.07.22-00.11.13:740][212]LogBlueprintUserMessages: [Cave_5] 1
[2025.07.22-00.11.13:758][213]LogBlueprintUserMessages: [Cave_5] 1
[2025.07.22-00.11.13:776][214]LogBlueprintUserMessages: [Cave_5] 1
[2025.07.22-00.11.13:793][215]LogBlueprintUserMessages: [Cave_5] 1
[2025.07.22-00.11.13:813][216]LogBlueprintUserMessages: [Cave_5] 1
[2025.07.22-00.11.13:829][217]LogBlueprintUserMessages: [Cave_5] 1
[2025.07.22-00.11.13:850][218]LogBlueprintUserMessages: [Cave_5] 1
[2025.07.22-00.11.13:868][219]LogBlueprintUserMessages: [Cave_5] 1
[2025.07.22-00.11.13:885][220]LogBlueprintUserMessages: [Cave_5] 1
[2025.07.22-00.11.13:905][221]LogBlueprintUserMessages: [Cave_5] 1
[2025.07.22-00.11.13:927][222]LogBlueprintUserMessages: [Cave_5] 1
[2025.07.22-00.11.13:953][223]LogBlueprintUserMessages: [Cave_5] 1
[2025.07.22-00.11.13:974][224]LogBlueprintUserMessages: [Cave_5] 1
[2025.07.22-00.11.13:995][225]LogBlueprintUserMessages: [Cave_5] 1
[2025.07.22-00.11.14:014][226]LogBlueprintUserMessages: [Cave_5] 1
[2025.07.22-00.11.14:035][227]LogBlueprintUserMessages: [Cave_5] 1
[2025.07.22-00.11.14:055][228]LogBlueprintUserMessages: [Cave_5] 1
[2025.07.22-00.11.14:075][229]LogBlueprintUserMessages: [Cave_5] 1
[2025.07.22-00.11.14:096][230]LogBlueprintUserMessages: [Cave_5] 1
[2025.07.22-00.11.14:115][231]LogBlueprintUserMessages: [Cave_5] 1
[2025.07.22-00.11.14:136][232]LogBlueprintUserMessages: [Cave_5] 1
[2025.07.22-00.11.14:161][233]LogBlueprintUserMessages: [Cave_5] 1
[2025.07.22-00.11.14:178][234]LogBlueprintUserMessages: [Cave_5] 1
[2025.07.22-00.11.14:204][235]LogBlueprintUserMessages: [Cave_5] 1
[2025.07.22-00.11.14:225][236]LogBlueprintUserMessages: [Cave_5] 1
[2025.07.22-00.11.14:248][237]LogBlueprintUserMessages: [Cave_5] 1
[2025.07.22-00.11.14:272][238]LogBlueprintUserMessages: [Cave_5] 1
[2025.07.22-00.11.14:293][239]LogBlueprintUserMessages: [Cave_5] 1
[2025.07.22-00.11.14:314][240]LogBlueprintUserMessages: [Cave_5] 1
[2025.07.22-00.11.14:334][241]LogBlueprintUserMessages: [Cave_5] 1
[2025.07.22-00.11.14:353][242]LogBlueprintUserMessages: [Cave_5] 1
[2025.07.22-00.11.14:376][243]LogBlueprintUserMessages: [Cave_5] 1
[2025.07.22-00.11.14:397][244]LogBlueprintUserMessages: [Cave_5] 1
[2025.07.22-00.11.14:420][245]LogBlueprintUserMessages: [Cave_5] 1
[2025.07.22-00.11.14:440][246]LogBlueprintUserMessages: [Cave_5] 1
[2025.07.22-00.11.14:459][247]LogBlueprintUserMessages: [Cave_5] 1
[2025.07.22-00.11.14:477][248]LogBlueprintUserMessages: [Cave_5] 1
[2025.07.22-00.11.14:494][249]LogBlueprintUserMessages: [Cave_5] 1
[2025.07.22-00.11.14:512][250]LogBlueprintUserMessages: [Cave_5] 1
[2025.07.22-00.11.14:531][251]LogBlueprintUserMessages: [Cave_5] 1
[2025.07.22-00.11.14:556][252]LogBlueprintUserMessages: [Cave_5] 1
[2025.07.22-00.11.14:574][253]LogBlueprintUserMessages: [Cave_5] 1
[2025.07.22-00.11.14:594][254]LogBlueprintUserMessages: [Cave_5] 1
[2025.07.22-00.11.14:613][255]LogBlueprintUserMessages: [Cave_5] 1
[2025.07.22-00.11.14:634][256]LogBlueprintUserMessages: [Cave_5] 1
[2025.07.22-00.11.14:654][257]LogBlueprintUserMessages: [Cave_5] 1
[2025.07.22-00.11.14:673][258]LogBlueprintUserMessages: [Cave_5] 1
[2025.07.22-00.11.14:694][259]LogBlueprintUserMessages: [Cave_5] 1
[2025.07.22-00.11.14:712][260]LogBlueprintUserMessages: [Cave_5] 1
[2025.07.22-00.11.14:729][261]LogBlueprintUserMessages: [Cave_5] 1
[2025.07.22-00.11.14:746][262]LogBlueprintUserMessages: [Cave_5] 1
[2025.07.22-00.11.14:763][263]LogBlueprintUserMessages: [Cave_5] 1
[2025.07.22-00.11.14:781][264]LogBlueprintUserMessages: [Cave_5] 1
[2025.07.22-00.11.14:799][265]LogBlueprintUserMessages: [Cave_5] 1
[2025.07.22-00.11.14:817][266]LogBlueprintUserMessages: [Cave_5] 1
[2025.07.22-00.11.14:839][267]LogBlueprintUserMessages: [Cave_5] 1
[2025.07.22-00.11.14:858][268]LogBlueprintUserMessages: [Cave_5] 1
[2025.07.22-00.11.14:879][269]LogBlueprintUserMessages: [Cave_5] 1
[2025.07.22-00.11.14:903][270]LogBlueprintUserMessages: [Cave_5] 1
[2025.07.22-00.11.14:924][271]LogBlueprintUserMessages: [Cave_5] 1
[2025.07.22-00.11.14:945][272]LogBlueprintUserMessages: [Cave_5] 1
[2025.07.22-00.11.14:969][273]LogBlueprintUserMessages: [Cave_5] 1
[2025.07.22-00.11.14:987][274]LogBlueprintUserMessages: [Cave_5] 1
[2025.07.22-00.11.15:007][275]LogBlueprintUserMessages: [Cave_5] 1
[2025.07.22-00.11.15:026][276]LogBlueprintUserMessages: [Cave_5] 1
[2025.07.22-00.11.15:045][277]LogBlueprintUserMessages: [Cave_5] 1
[2025.07.22-00.11.15:062][278]LogBlueprintUserMessages: [Cave_5] 1
[2025.07.22-00.11.15:082][279]LogBlueprintUserMessages: [Cave_5] 1
[2025.07.22-00.11.15:100][280]LogBlueprintUserMessages: [Cave_5] 1
[2025.07.22-00.11.15:118][281]LogBlueprintUserMessages: [Cave_5] 1
[2025.07.22-00.11.15:136][282]LogBlueprintUserMessages: [Cave_5] 1
[2025.07.22-00.11.15:158][283]LogBlueprintUserMessages: [Cave_5] 1
[2025.07.22-00.11.15:177][284]LogBlueprintUserMessages: [Cave_5] 1
[2025.07.22-00.11.15:196][285]LogBlueprintUserMessages: [Cave_5] 1
[2025.07.22-00.11.15:217][286]LogBlueprintUserMessages: [Cave_5] 1
[2025.07.22-00.11.15:235][287]LogBlueprintUserMessages: [Cave_5] 1
[2025.07.22-00.11.15:254][288]LogBlueprintUserMessages: [Cave_5] 1
[2025.07.22-00.11.15:272][289]LogBlueprintUserMessages: [Cave_5] 1
[2025.07.22-00.11.15:294][290]LogBlueprintUserMessages: [Cave_5] 1
[2025.07.22-00.11.15:316][291]LogBlueprintUserMessages: [Cave_5] 1
[2025.07.22-00.11.15:335][292]LogBlueprintUserMessages: [Cave_5] 1
[2025.07.22-00.11.15:356][293]LogBlueprintUserMessages: [Cave_5] 1
[2025.07.22-00.11.15:379][294]LogBlueprintUserMessages: [Cave_5] 1
[2025.07.22-00.11.15:400][295]LogBlueprintUserMessages: [Cave_5] 1
[2025.07.22-00.11.15:418][296]LogBlueprintUserMessages: [Cave_5] 1
[2025.07.22-00.11.15:435][297]LogBlueprintUserMessages: [Cave_5] 1
[2025.07.22-00.11.15:455][298]LogBlueprintUserMessages: [Cave_5] 1
[2025.07.22-00.11.15:470][299]LogBlueprintUserMessages: [Cave_5] 1
[2025.07.22-00.11.15:488][300]LogBlueprintUserMessages: [Cave_5] 1
[2025.07.22-00.11.15:504][301]LogBlueprintUserMessages: [Cave_5] 1
[2025.07.22-00.11.15:521][302]LogBlueprintUserMessages: [Cave_5] 1
[2025.07.22-00.11.15:537][303]LogBlueprintUserMessages: [Cave_5] 1
[2025.07.22-00.11.15:556][304]LogBlueprintUserMessages: [Cave_5] 1
[2025.07.22-00.11.15:572][305]LogBlueprintUserMessages: [Cave_5] 1
[2025.07.22-00.11.15:590][306]LogBlueprintUserMessages: [Cave_5] 1
[2025.07.22-00.11.15:607][307]LogBlueprintUserMessages: [Cave_5] 1
[2025.07.22-00.11.15:629][308]LogBlueprintUserMessages: [Cave_5] 1
[2025.07.22-00.11.15:647][309]LogBlueprintUserMessages: [Cave_5] 1
[2025.07.22-00.11.15:668][310]LogBlueprintUserMessages: [Cave_5] 1
[2025.07.22-00.11.15:684][311]LogBlueprintUserMessages: [Cave_5] 1
[2025.07.22-00.11.15:703][312]LogBlueprintUserMessages: [Cave_5] 1
[2025.07.22-00.11.15:724][313]LogBlueprintUserMessages: [Cave_5] 1
[2025.07.22-00.11.15:743][314]LogBlueprintUserMessages: [enemy_bullet_C_5] El peoncito perdio 10 de vida!!!!
[2025.07.22-00.11.15:744][314]LogBlueprintUserMessages: [Cave_5] 1
[2025.07.22-00.11.15:767][315]LogBlueprintUserMessages: [Cave_5] 1
[2025.07.22-00.11.15:791][316]LogBlueprintUserMessages: [Cave_5] 1
[2025.07.22-00.11.15:793][316]LogBlueprintUserMessages: [EnemyCharacter_2] Golem aniquilado
[2025.07.22-00.11.15:813][317]LogBlueprintUserMessages: [Cave_5] 0
[2025.07.22-00.11.15:833][318]LogBlueprintUserMessages: [Cave_5] 0
[2025.07.22-00.11.15:852][319]LogBlueprintUserMessages: [Cave_5] 0
[2025.07.22-00.11.15:871][320]LogBlueprintUserMessages: [Cave_5] 0
[2025.07.22-00.11.15:887][321]LogBlueprintUserMessages: [Cave_5] 0
[2025.07.22-00.11.15:905][322]LogBlueprintUserMessages: [Cave_5] 0
[2025.07.22-00.11.15:925][323]LogBlueprintUserMessages: [Cave_5] 0
[2025.07.22-00.11.15:944][324]LogBlueprintUserMessages: [Cave_5] 0
[2025.07.22-00.11.15:966][325]LogBlueprintUserMessages: [Cave_5] 0
[2025.07.22-00.11.15:982][326]LogBlueprintUserMessages: [Cave_5] 0
[2025.07.22-00.11.16:001][327]LogBlueprintUserMessages: [Cave_5] 0
[2025.07.22-00.11.16:020][328]LogBlueprintUserMessages: [Cave_5] 0
[2025.07.22-00.11.16:037][329]LogBlueprintUserMessages: [Cave_5] 0
[2025.07.22-00.11.16:053][330]LogBlueprintUserMessages: [Cave_5] 0
[2025.07.22-00.11.16:071][331]LogBlueprintUserMessages: [Cave_5] 0
[2025.07.22-00.11.16:088][332]LogBlueprintUserMessages: [Cave_5] 0
[2025.07.22-00.11.16:104][333]LogBlueprintUserMessages: [Cave_5] 0
[2025.07.22-00.11.16:121][334]LogBlueprintUserMessages: [Cave_5] 0
[2025.07.22-00.11.16:144][335]LogBlueprintUserMessages: [Cave_5] 0
[2025.07.22-00.11.16:164][336]LogBlueprintUserMessages: [Cave_5] 0
[2025.07.22-00.11.16:183][337]LogBlueprintUserMessages: [Cave_5] 0
[2025.07.22-00.11.16:202][338]LogBlueprintUserMessages: [Cave_5] 0
[2025.07.22-00.11.16:223][339]LogBlueprintUserMessages: [Cave_5] 0
[2025.07.22-00.11.16:243][340]LogBlueprintUserMessages: [Cave_5] 0
[2025.07.22-00.11.16:265][341]LogBlueprintUserMessages: [Cave_5] 0
[2025.07.22-00.11.16:288][342]LogBlueprintUserMessages: [Cave_5] 0
[2025.07.22-00.11.16:306][343]LogBlueprintUserMessages: [Cave_5] 0
[2025.07.22-00.11.16:324][344]LogBlueprintUserMessages: [Cave_5] 0
[2025.07.22-00.11.16:342][345]LogBlueprintUserMessages: [Cave_5] 0
[2025.07.22-00.11.16:363][346]LogBlueprintUserMessages: [Cave_5] 0
[2025.07.22-00.11.16:386][347]LogBlueprintUserMessages: [Cave_5] 0
[2025.07.22-00.11.16:405][348]LogBlueprintUserMessages: [Cave_5] 0
[2025.07.22-00.11.16:424][349]LogBlueprintUserMessages: [Cave_5] 0
[2025.07.22-00.11.16:446][350]LogBlueprintUserMessages: [Cave_5] 0
[2025.07.22-00.11.16:464][351]LogBlueprintUserMessages: [Cave_5] 0
[2025.07.22-00.11.16:483][352]LogBlueprintUserMessages: [Cave_5] 0
[2025.07.22-00.11.16:504][353]LogBlueprintUserMessages: [Cave_5] 0
[2025.07.22-00.11.16:525][354]LogBlueprintUserMessages: [Cave_5] 0
[2025.07.22-00.11.16:544][355]LogBlueprintUserMessages: [Cave_5] 0
[2025.07.22-00.11.16:565][356]LogBlueprintUserMessages: [Cave_5] 0
[2025.07.22-00.11.16:586][357]LogBlueprintUserMessages: [Cave_5] 0
[2025.07.22-00.11.16:607][358]LogBlueprintUserMessages: [Cave_5] 0
[2025.07.22-00.11.16:626][359]LogBlueprintUserMessages: [Cave_5] 0
[2025.07.22-00.11.16:648][360]LogBlueprintUserMessages: [Cave_5] 0
[2025.07.22-00.11.16:668][361]LogBlueprintUserMessages: [Cave_5] 0
[2025.07.22-00.11.16:690][362]LogBlueprintUserMessages: [Cave_5] 0
[2025.07.22-00.11.16:710][363]LogBlueprintUserMessages: [Cave_5] 0
[2025.07.22-00.11.16:730][364]LogBlueprintUserMessages: [Cave_5] 0
[2025.07.22-00.11.16:751][365]LogBlueprintUserMessages: [Cave_5] 0
[2025.07.22-00.11.16:773][366]LogBlueprintUserMessages: [Cave_5] 0
[2025.07.22-00.11.16:791][367]LogBlueprintUserMessages: [Cave_5] 0
[2025.07.22-00.11.16:809][368]LogBlueprintUserMessages: [Cave_5] 0
[2025.07.22-00.11.16:826][369]LogBlueprintUserMessages: [Cave_5] 0
[2025.07.22-00.11.16:846][370]LogBlueprintUserMessages: [Cave_5] 0
[2025.07.22-00.11.16:868][371]LogBlueprintUserMessages: [Cave_5] 0
[2025.07.22-00.11.16:885][372]LogBlueprintUserMessages: [Cave_5] 0
[2025.07.22-00.11.16:901][373]LogBlueprintUserMessages: [Cave_5] 0
[2025.07.22-00.11.16:918][374]LogBlueprintUserMessages: [Cave_5] 0
[2025.07.22-00.11.16:935][375]LogBlueprintUserMessages: [Cave_5] 0
[2025.07.22-00.11.16:953][376]LogBlueprintUserMessages: [Cave_5] 0
[2025.07.22-00.11.16:971][377]LogBlueprintUserMessages: [Cave_5] 0
[2025.07.22-00.11.16:989][378]LogBlueprintUserMessages: [Cave_5] 0
[2025.07.22-00.11.17:012][379]LogBlueprintUserMessages: [Cave_5] 0
[2025.07.22-00.11.17:035][380]LogBlueprintUserMessages: [Cave_5] 0
[2025.07.22-00.11.17:055][381]LogBlueprintUserMessages: [enemy_bullet_C_6] El peoncito perdio 10 de vida!!!!
[2025.07.22-00.11.17:057][381]LogBlueprintUserMessages: [Cave_5] 0
[2025.07.22-00.11.17:080][382]LogBlueprintUserMessages: [Cave_5] 0
[2025.07.22-00.11.17:101][383]LogBlueprintUserMessages: [Cave_5] 0
[2025.07.22-00.11.17:118][384]LogBlueprintUserMessages: [Cave_5] 0
[2025.07.22-00.11.17:137][385]LogBlueprintUserMessages: [Cave_5] 0
[2025.07.22-00.11.17:156][386]LogBlueprintUserMessages: [Cave_5] 0
[2025.07.22-00.11.17:175][387]LogBlueprintUserMessages: [Cave_5] 0
[2025.07.22-00.11.17:192][388]LogBlueprintUserMessages: [Cave_5] 0
[2025.07.22-00.11.17:210][389]LogBlueprintUserMessages: [Cave_5] 0
[2025.07.22-00.11.17:227][390]LogBlueprintUserMessages: [Cave_5] 0
[2025.07.22-00.11.17:246][391]LogBlueprintUserMessages: [Cave_5] 0
[2025.07.22-00.11.17:264][392]LogBlueprintUserMessages: [Cave_5] 0
[2025.07.22-00.11.17:284][393]LogBlueprintUserMessages: [Cave_5] 0
[2025.07.22-00.11.17:304][394]LogBlueprintUserMessages: [Cave_5] 0
[2025.07.22-00.11.17:325][395]LogBlueprintUserMessages: [Cave_5] 0
[2025.07.22-00.11.17:344][396]LogBlueprintUserMessages: [Cave_5] 0
[2025.07.22-00.11.17:365][397]LogBlueprintUserMessages: [Cave_5] 0
[2025.07.22-00.11.17:388][398]LogBlueprintUserMessages: [Cave_5] 0
[2025.07.22-00.11.17:410][399]LogBlueprintUserMessages: [Cave_5] 0
[2025.07.22-00.11.17:432][400]LogBlueprintUserMessages: [Cave_5] 0
[2025.07.22-00.11.17:455][401]LogBlueprintUserMessages: [Cave_5] 0
[2025.07.22-00.11.17:479][402]LogBlueprintUserMessages: [Cave_5] 0
[2025.07.22-00.11.17:497][403]LogBlueprintUserMessages: [Cave_5] 0
[2025.07.22-00.11.17:517][404]LogBlueprintUserMessages: [Cave_5] 0
[2025.07.22-00.11.17:540][405]LogBlueprintUserMessages: [Cave_5] 0
[2025.07.22-00.11.17:559][406]LogBlueprintUserMessages: [Cave_5] 0
[2025.07.22-00.11.17:587][407]LogBlueprintUserMessages: [Cave_5] 0
[2025.07.22-00.11.17:612][408]LogBlueprintUserMessages: [Cave_5] 0
[2025.07.22-00.11.17:638][409]LogBlueprintUserMessages: [Cave_5] 0
[2025.07.22-00.11.17:659][410]LogBlueprintUserMessages: [Cave_5] 0
[2025.07.22-00.11.17:688][411]LogBlueprintUserMessages: [Cave_5] 0
[2025.07.22-00.11.17:714][412]LogBlueprintUserMessages: [Cave_5] 0
[2025.07.22-00.11.17:743][413]LogBlueprintUserMessages: [Cave_5] 0
[2025.07.22-00.11.17:771][414]LogBlueprintUserMessages: [Cave_5] 0
[2025.07.22-00.11.17:796][415]LogBlueprintUserMessages: [Cave_5] 0
[2025.07.22-00.11.17:825][416]LogBlueprintUserMessages: [Cave_5] 0
[2025.07.22-00.11.17:845][417]LogBlueprintUserMessages: [Cave_5] 0
[2025.07.22-00.11.17:871][418]LogBlueprintUserMessages: [Cave_5] 0
[2025.07.22-00.11.17:894][419]LogBlueprintUserMessages: [Cave_5] 0
[2025.07.22-00.11.17:914][420]LogBlueprintUserMessages: [Cave_5] 0
[2025.07.22-00.11.17:935][421]LogBlueprintUserMessages: [Cave_5] 0
[2025.07.22-00.11.17:955][422]LogBlueprintUserMessages: [Cave_5] 0
[2025.07.22-00.11.17:973][423]LogBlueprintUserMessages: [Cave_5] 0
[2025.07.22-00.11.17:994][424]LogBlueprintUserMessages: [Cave_5] 0
[2025.07.22-00.11.18:012][425]LogBlueprintUserMessages: [Cave_5] 0
[2025.07.22-00.11.18:031][426]LogBlueprintUserMessages: [Cave_5] 0
[2025.07.22-00.11.18:054][427]LogBlueprintUserMessages: [Cave_5] 0
[2025.07.22-00.11.18:072][428]LogBlueprintUserMessages: [Cave_5] 0
[2025.07.22-00.11.18:091][429]LogBlueprintUserMessages: [Cave_5] 0
[2025.07.22-00.11.18:107][430]LogBlueprintUserMessages: [Cave_5] 0
[2025.07.22-00.11.18:125][431]LogBlueprintUserMessages: [Cave_5] 0
[2025.07.22-00.11.18:143][432]LogBlueprintUserMessages: [Cave_5] 0
[2025.07.22-00.11.18:162][433]LogBlueprintUserMessages: [Cave_5] 0
[2025.07.22-00.11.18:190][434]LogBlueprintUserMessages: [Cave_5] 0
[2025.07.22-00.11.18:208][435]LogBlueprintUserMessages: [Cave_5] 0
[2025.07.22-00.11.18:226][436]LogBlueprintUserMessages: [Cave_5] 0
[2025.07.22-00.11.18:243][437]LogBlueprintUserMessages: [Cave_5] 0
[2025.07.22-00.11.18:304][437]LogSlate: Updating window title bar state: overlay mode, drag disabled, window buttons hidden, title bar hidden
[2025.07.22-00.11.18:304][437]LogWorld: BeginTearingDown for /Game/ThirdPersonBP/Maps/UEDPIE_0_ThirdPersonExampleMap
[2025.07.22-00.11.18:305][437]LogWorld: UWorld::CleanupWorld for ThirdPersonExampleMap, bSessionEnded=true, bCleanupResources=true
[2025.07.22-00.11.18:306][437]LogSlate: InvalidateAllWidgets triggered.  All widgets were invalidated
[2025.07.22-00.11.18:319][437]LogPlayLevel: Display: Shutting down PIE online subsystems
[2025.07.22-00.11.18:331][437]LogSlate: InvalidateAllWidgets triggered.  All widgets were invalidated
[2025.07.22-00.11.18:367][437]LogAudio: Display: Audio Device unregistered from world 'None'.
[2025.07.22-00.11.18:369][437]LogAudioMixer: FMixerPlatformXAudio2::StopAudioStream() called
[2025.07.22-00.11.18:371][437]LogAudioMixer: FMixerPlatformXAudio2::StopAudioStream() called
[2025.07.22-00.11.18:374][437]LogSlate: Updating window title bar state: overlay mode, drag disabled, window buttons hidden, title bar hidden
[2025.07.22-00.11.18:410][437]LogUObjectHash: Compacting FUObjectHashTables data took   6.68ms
[2025.07.22-00.11.18:490][438]LogPlayLevel: Display: Destroying online subsystem :Context_23
[2025.07.22-00.12.10:218][979]LogSavePackage: Moving '../../../../../UTN-e-learning/Unreal-Engine/Unreal-Projects/TP_PreEntrega/Saved/CaveEDB30B264DAC48B9F5D382B8D6B97DBE.tmp' to '../../../../../UTN-e-learning/Unreal-Engine/Unreal-Projects/TP_PreEntrega/Content/ThirdPersonBP/Blueprints/blueprints/Cave.uasset'
[2025.07.22-00.12.10:258][979]AssetCheck: New page: Asset Save: Cave
[2025.07.22-00.12.10:258][979]LogContentValidation: Display: Validating Blueprint /Game/ThirdPersonBP/Blueprints/blueprints/Cave.Cave
[2025.07.22-00.12.10:979][ 13]BlueprintLog: New page: Compile Cave
[2025.07.22-00.12.11:104][ 13]LogUObjectHash: Compacting FUObjectHashTables data took   8.70ms
[2025.07.22-00.12.12:829][ 82]LogSavePackage: Moving '../../../../../UTN-e-learning/Unreal-Engine/Unreal-Projects/TP_PreEntrega/Saved/ReglasJuegoA2EF5E22493E27110C15318D4DF936ED.tmp' to '../../../../../UTN-e-learning/Unreal-Engine/Unreal-Projects/TP_PreEntrega/Content/ThirdPersonBP/Blueprints/blueprints/ReglasJuego.uasset'
[2025.07.22-00.12.12:887][ 82]AssetCheck: New page: Asset Save: ReglasJuego
[2025.07.22-00.12.12:887][ 82]LogContentValidation: Display: Validating Blueprint /Game/ThirdPersonBP/Blueprints/blueprints/ReglasJuego.ReglasJuego
[2025.07.22-00.15.43:089][874]LogUObjectHash: Compacting FUObjectHashTables data took   5.02ms
[2025.07.22-00.15.43:175][874]LogSavePackage: Moving '../../../../../UTN-e-learning/Unreal-Engine/Unreal-Projects/TP_PreEntrega/Saved/ThirdPersonExampleMap_Auto1DB3CF1674DB2F57723156F9F06B90B48.tmp' to '../../../../../UTN-e-learning/Unreal-Engine/Unreal-Projects/TP_PreEntrega/Saved/Autosaves/Game/ThirdPersonBP/Maps/ThirdPersonExampleMap_Auto1.umap'
[2025.07.22-00.15.43:179][874]LogFileHelpers: Editor autosave (incl. external actors) for '/Game/ThirdPersonBP/Maps/ThirdPersonExampleMap' took 0.134
[2025.07.22-00.15.43:179][874]LogFileHelpers: Editor autosave (incl. sublevels & external actors) for all levels took 0.134
[2025.07.22-00.49.55:574][207]LogAssetEditorSubsystem: Opening Asset editor for Blueprint /Game/ThirdPersonBP/Blueprints/blueprints/bad_guy.bad_guy
[2025.07.22-00.51.54:491][872]LogSlate: Prevented a slow task dialog from being summoned while a context menu was open
[2025.07.22-00.51.54:535][872]LogEditorClassViewer: Warning: Class /Engine/Tutorial/InWorldBlueprintEditing/TutorialAssets/IWBE_Blutility.IWBE_Blutility_C has parent /Script/Blutility.PlacedEditorUtilityBase, but this parent is not found. The Class will not be shown in ClassViewer.
[2025.07.22-00.52.53:026][848]BlueprintLog: New page: Compile Cave
[2025.07.22-00.52.53:032][848]LogBlueprint: Error: [AssetLog] D:\UTN-e-learning\Unreal-Engine\Unreal-Projects\TP_PreEntrega\Content\ThirdPersonBP\Blueprints\blueprints\Cave.uasset: [Compiler] The current value of the ' Spawn Transform ' pin is invalid: 'Spawn Transform' in action 'Begin Deferred Actor Spawn from Class' must have an input wired into it ("by ref" params expect a valid input to operate on).
[2025.07.22-00.52.53:034][848]LogBlueprint: Error: [AssetLog] D:\UTN-e-learning\Unreal-Engine\Unreal-Projects\TP_PreEntrega\Content\ThirdPersonBP\Blueprints\blueprints\Cave.uasset: [Compiler] The current value of the ' Spawn Transform ' pin is invalid: 'Spawn Transform' in action 'Finish Spawning Actor' must have an input wired into it ("by ref" params expect a valid input to operate on).
[2025.07.22-00.52.53:138][848]LogUObjectHash: Compacting FUObjectHashTables data took   4.86ms
[2025.07.22-00.53.11:212][753]LogRenderer: Reallocating scene render targets to support 1208x532 Format 10 NumSamples 1 (Frame:1).
[2025.07.22-00.53.27:084][479]BlueprintLog: New page: Compile Cave
[2025.07.22-00.53.27:089][479]LogBlueprint: Error: [AssetLog] D:\UTN-e-learning\Unreal-Engine\Unreal-Projects\TP_PreEntrega\Content\ThirdPersonBP\Blueprints\blueprints\Cave.uasset: [Compiler] The current value of the ' Spawn Transform ' pin is invalid: 'Spawn Transform' in action 'Begin Deferred Actor Spawn from Class' must have an input wired into it ("by ref" params expect a valid input to operate on).
[2025.07.22-00.53.27:089][479]LogBlueprint: Error: [AssetLog] D:\UTN-e-learning\Unreal-Engine\Unreal-Projects\TP_PreEntrega\Content\ThirdPersonBP\Blueprints\blueprints\Cave.uasset: [Compiler] The current value of the ' Spawn Transform ' pin is invalid: 'Spawn Transform' in action 'Finish Spawning Actor' must have an input wired into it ("by ref" params expect a valid input to operate on).
[2025.07.22-00.53.27:220][479]LogUObjectHash: Compacting FUObjectHashTables data took   6.72ms
[2025.07.22-00.53.27:411][481]LogSavePackage: Moving '../../../../../UTN-e-learning/Unreal-Engine/Unreal-Projects/TP_PreEntrega/Saved/Cave8959937845C4F82EB0872EB1215C469C.tmp' to '../../../../../UTN-e-learning/Unreal-Engine/Unreal-Projects/TP_PreEntrega/Content/ThirdPersonBP/Blueprints/blueprints/Cave.uasset'
[2025.07.22-00.53.27:450][481]AssetCheck: New page: Asset Save: Cave
[2025.07.22-00.53.27:451][481]LogContentValidation: Display: Validating Blueprint /Game/ThirdPersonBP/Blueprints/blueprints/Cave.Cave
[2025.07.22-00.53.57:135][805]BlueprintLog: New page: Compile Cave
[2025.07.22-00.53.57:242][805]LogUObjectHash: Compacting FUObjectHashTables data took   7.22ms
[2025.07.22-00.54.02:243][ 48]LogSavePackage: Moving '../../../../../UTN-e-learning/Unreal-Engine/Unreal-Projects/TP_PreEntrega/Saved/CaveFC22A9EF4AF4C74F4E414D99F614BCF7.tmp' to '../../../../../UTN-e-learning/Unreal-Engine/Unreal-Projects/TP_PreEntrega/Content/ThirdPersonBP/Blueprints/blueprints/Cave.uasset'
[2025.07.22-00.54.02:271][ 48]AssetCheck: New page: Asset Save: Cave
[2025.07.22-00.54.02:271][ 48]LogContentValidation: Display: Validating Blueprint /Game/ThirdPersonBP/Blueprints/blueprints/Cave.Cave
[2025.07.22-00.54.04:739][146]LogTemp: Repeating last play command: Selected Viewport
[2025.07.22-00.54.04:793][146]LogPlayLevel: PlayLevel: No blueprints needed recompiling
[2025.07.22-00.54.04:793][146]PIE: New page: PIE session: ThirdPersonExampleMap (Jul 21, 2025, 6:54:04 PM)
[2025.07.22-00.54.04:793][146]LogPlayLevel: Creating play world package: /Game/ThirdPersonBP/Maps/UEDPIE_0_ThirdPersonExampleMap
[2025.07.22-00.54.04:839][146]LogPlayLevel: PIE: StaticDuplicateObject took: (0.044773s)
[2025.07.22-00.54.04:841][146]LogAIModule: Creating AISystem for world ThirdPersonExampleMap
[2025.07.22-00.54.04:842][146]LogPlayLevel: PIE: World Init took: (0.003179s)
[2025.07.22-00.54.04:842][146]LogPlayLevel: PIE: Created PIE world by copying editor world from /Game/ThirdPersonBP/Maps/ThirdPersonExampleMap.ThirdPersonExampleMap to /Game/ThirdPersonBP/Maps/UEDPIE_0_ThirdPersonExampleMap.ThirdPersonExampleMap (0.048299s)
[2025.07.22-00.54.04:909][146]LogUObjectHash: Compacting FUObjectHashTables data took   7.75ms
[2025.07.22-00.54.04:910][146]LogAudio: Display: Creating Audio Device:                 Id: 3, Scope: Unique, Realtime: True
[2025.07.22-00.54.04:911][146]LogAudioMixer: Display: Audio Mixer Platform Settings:
[2025.07.22-00.54.04:911][146]LogAudioMixer: Display: 	Sample Rate:						  48000
[2025.07.22-00.54.04:911][146]LogAudioMixer: Display: 	Callback Buffer Frame Size Requested: 1024
[2025.07.22-00.54.04:911][146]LogAudioMixer: Display: 	Callback Buffer Frame Size To Use:	  1024
[2025.07.22-00.54.04:911][146]LogAudioMixer: Display: 	Number of buffers to queue:			  2
[2025.07.22-00.54.04:911][146]LogAudioMixer: Display: 	Max Channels (voices):				  32
[2025.07.22-00.54.04:911][146]LogAudioMixer: Display: 	Number of Async Source Workers:		  0
[2025.07.22-00.54.04:911][146]LogAudio: Display: AudioDevice MaxSources: 32
[2025.07.22-00.54.04:912][146]LogAudio: Display: Audio Spatialization Plugin: None (built-in).
[2025.07.22-00.54.04:912][146]LogAudio: Display: Audio Reverb Plugin: None (built-in).
[2025.07.22-00.54.04:912][146]LogAudio: Display: Audio Occlusion Plugin: None (built-in).
[2025.07.22-00.54.04:912][146]LogAudioMixer: Display: Initializing audio mixer.
[2025.07.22-00.54.04:921][146]LogAudioMixer: Display: 0: FrontLeft
[2025.07.22-00.54.04:921][146]LogAudioMixer: Display: 1: FrontRight
[2025.07.22-00.54.04:954][146]LogAudioMixer: Display: Using Audio Device Headphones (SOUNDPEATS Opera05)
[2025.07.22-00.54.04:955][146]LogAudioMixer: Display: Initializing Sound Submixes...
[2025.07.22-00.54.04:955][146]LogAudioMixer: Display: Creating Master Submix 'MasterSubmixDefault'
[2025.07.22-00.54.04:955][146]LogAudioMixer: Display: Creating Master Submix 'MasterReverbSubmixDefault'
[2025.07.22-00.54.04:955][146]LogAudioMixer: Display: Creating Master Submix 'MasterEQSubmixDefault'
[2025.07.22-00.54.04:955][146]LogAudioMixer: FMixerPlatformXAudio2::StartAudioStream() called
[2025.07.22-00.54.04:955][146]LogAudioMixer: Display: Output buffers initialized: Frames=1024, Channels=2, Samples=2048
[2025.07.22-00.54.04:957][146]LogAudioMixer: Display: Starting AudioMixerPlatformInterface::RunInternal()
[2025.07.22-00.54.04:957][146]LogAudioMixer: Display: FMixerPlatformXAudio2::SubmitBuffer() called for the first time
[2025.07.22-00.54.04:957][146]LogInit: FAudioDevice initialized.
[2025.07.22-00.54.04:957][146]LogAudio: Display: Audio Device (ID: 3) registered with world 'ThirdPersonExampleMap'.
[2025.07.22-00.54.04:966][146]LogLoad: Game class is 'ReglasJuego_C'
[2025.07.22-00.54.04:975][146]LogWorld: Bringing World /Game/ThirdPersonBP/Maps/UEDPIE_0_ThirdPersonExampleMap.ThirdPersonExampleMap up for play (max tick rate 60) at 2025.07.21-21.54.04
[2025.07.22-00.54.04:976][146]LogWorld: Bringing up level for play took: 0.009778
[2025.07.22-00.54.04:977][146]LogOnline: OSS: Creating online subsystem instance for: :Context_25
[2025.07.22-00.54.04:980][146]LogBlueprintUserMessages: [plataforma_2] Buenas buenas!
[2025.07.22-00.54.04:983][146]PIE: Server logged in
[2025.07.22-00.54.04:984][146]PIE: Play in editor total start time 0.223 seconds.
[2025.07.22-00.54.13:649][529]LogSlate: Updating window title bar state: overlay mode, drag disabled, window buttons hidden, title bar hidden
[2025.07.22-00.54.13:649][529]LogWorld: BeginTearingDown for /Game/ThirdPersonBP/Maps/UEDPIE_0_ThirdPersonExampleMap
[2025.07.22-00.54.13:649][529]LogWorld: UWorld::CleanupWorld for ThirdPersonExampleMap, bSessionEnded=true, bCleanupResources=true
[2025.07.22-00.54.13:650][529]LogSlate: InvalidateAllWidgets triggered.  All widgets were invalidated
[2025.07.22-00.54.13:662][529]LogPlayLevel: Display: Shutting down PIE online subsystems
[2025.07.22-00.54.13:673][529]LogSlate: InvalidateAllWidgets triggered.  All widgets were invalidated
[2025.07.22-00.54.13:711][529]LogAudio: Display: Audio Device unregistered from world 'None'.
[2025.07.22-00.54.13:712][529]LogAudioMixer: FMixerPlatformXAudio2::StopAudioStream() called
[2025.07.22-00.54.13:714][529]LogAudioMixer: FMixerPlatformXAudio2::StopAudioStream() called
[2025.07.22-00.54.13:716][529]LogSlate: Updating window title bar state: overlay mode, drag disabled, window buttons hidden, title bar hidden
[2025.07.22-00.54.13:725][529]LogUObjectHash: Compacting FUObjectHashTables data took   5.14ms
[2025.07.22-00.54.13:798][530]LogPlayLevel: Display: Destroying online subsystem :Context_25
[2025.07.22-00.54.37:484][577]LogEditorViewport: Clicking on Actor (LMB): EnemyCharacter_C (EnemyCharacter)
[2025.07.22-00.55.09:111][780]BlueprintLog: New page: Compile Cave
[2025.07.22-00.55.09:287][780]LogUObjectHash: Compacting FUObjectHashTables data took   7.45ms
[2025.07.22-00.55.12:398][898]LogTemp: Repeating last play command: Selected Viewport
[2025.07.22-00.55.12:433][898]LogPlayLevel: PlayLevel: No blueprints needed recompiling
[2025.07.22-00.55.12:433][898]PIE: New page: PIE session: ThirdPersonExampleMap (Jul 21, 2025, 6:55:12 PM)
[2025.07.22-00.55.12:433][898]LogPlayLevel: Creating play world package: /Game/ThirdPersonBP/Maps/UEDPIE_0_ThirdPersonExampleMap
[2025.07.22-00.55.12:456][898]LogPlayLevel: PIE: StaticDuplicateObject took: (0.022282s)
[2025.07.22-00.55.12:457][898]LogAIModule: Creating AISystem for world ThirdPersonExampleMap
[2025.07.22-00.55.12:458][898]LogPlayLevel: PIE: World Init took: (0.001918s)
[2025.07.22-00.55.12:458][898]LogPlayLevel: PIE: Created PIE world by copying editor world from /Game/ThirdPersonBP/Maps/ThirdPersonExampleMap.ThirdPersonExampleMap to /Game/ThirdPersonBP/Maps/UEDPIE_0_ThirdPersonExampleMap.ThirdPersonExampleMap (0.024396s)
[2025.07.22-00.55.12:509][898]LogUObjectHash: Compacting FUObjectHashTables data took   6.58ms
[2025.07.22-00.55.12:509][898]LogAudio: Display: Creating Audio Device:                 Id: 4, Scope: Unique, Realtime: True
[2025.07.22-00.55.12:509][898]LogAudioMixer: Display: Audio Mixer Platform Settings:
[2025.07.22-00.55.12:509][898]LogAudioMixer: Display: 	Sample Rate:						  48000
[2025.07.22-00.55.12:509][898]LogAudioMixer: Display: 	Callback Buffer Frame Size Requested: 1024
[2025.07.22-00.55.12:509][898]LogAudioMixer: Display: 	Callback Buffer Frame Size To Use:	  1024
[2025.07.22-00.55.12:509][898]LogAudioMixer: Display: 	Number of buffers to queue:			  2
[2025.07.22-00.55.12:509][898]LogAudioMixer: Display: 	Max Channels (voices):				  32
[2025.07.22-00.55.12:509][898]LogAudioMixer: Display: 	Number of Async Source Workers:		  0
[2025.07.22-00.55.12:509][898]LogAudio: Display: AudioDevice MaxSources: 32
[2025.07.22-00.55.12:511][898]LogAudio: Display: Audio Spatialization Plugin: None (built-in).
[2025.07.22-00.55.12:511][898]LogAudio: Display: Audio Reverb Plugin: None (built-in).
[2025.07.22-00.55.12:511][898]LogAudio: Display: Audio Occlusion Plugin: None (built-in).
[2025.07.22-00.55.12:511][898]LogAudioMixer: Display: Initializing audio mixer.
[2025.07.22-00.55.12:520][898]LogAudioMixer: Display: 0: FrontLeft
[2025.07.22-00.55.12:520][898]LogAudioMixer: Display: 1: FrontRight
[2025.07.22-00.55.12:553][898]LogAudioMixer: Display: Using Audio Device Headphones (SOUNDPEATS Opera05)
[2025.07.22-00.55.12:554][898]LogAudioMixer: Display: Initializing Sound Submixes...
[2025.07.22-00.55.12:554][898]LogAudioMixer: Display: Creating Master Submix 'MasterSubmixDefault'
[2025.07.22-00.55.12:554][898]LogAudioMixer: Display: Creating Master Submix 'MasterReverbSubmixDefault'
[2025.07.22-00.55.12:554][898]LogAudioMixer: Display: Creating Master Submix 'MasterEQSubmixDefault'
[2025.07.22-00.55.12:554][898]LogAudioMixer: FMixerPlatformXAudio2::StartAudioStream() called
[2025.07.22-00.55.12:554][898]LogAudioMixer: Display: Output buffers initialized: Frames=1024, Channels=2, Samples=2048
[2025.07.22-00.55.12:556][898]LogAudioMixer: Display: Starting AudioMixerPlatformInterface::RunInternal()
[2025.07.22-00.55.12:556][898]LogAudioMixer: Display: FMixerPlatformXAudio2::SubmitBuffer() called for the first time
[2025.07.22-00.55.12:556][898]LogInit: FAudioDevice initialized.
[2025.07.22-00.55.12:556][898]LogAudio: Display: Audio Device (ID: 4) registered with world 'ThirdPersonExampleMap'.
[2025.07.22-00.55.12:569][898]LogLoad: Game class is 'ReglasJuego_C'
[2025.07.22-00.55.12:583][898]LogWorld: Bringing World /Game/ThirdPersonBP/Maps/UEDPIE_0_ThirdPersonExampleMap.ThirdPersonExampleMap up for play (max tick rate 60) at 2025.07.21-21.55.12
[2025.07.22-00.55.12:584][898]LogWorld: Bringing up level for play took: 0.012336
[2025.07.22-00.55.12:584][898]LogOnline: OSS: Creating online subsystem instance for: :Context_27
[2025.07.22-00.55.12:587][898]LogBlueprintUserMessages: [plataforma_2] Buenas buenas!
[2025.07.22-00.55.12:592][898]PIE: Server logged in
[2025.07.22-00.55.12:593][898]PIE: Play in editor total start time 0.179 seconds.
[2025.07.22-00.55.18:408][157]LogSpawn: Warning: SpawnActor failed because of collision at the spawn location [X=-113.822 Y=1344.365 Z=181.489] for [EnemyCharacter_C]
[2025.07.22-00.55.18:853][178]LogBlueprintUserMessages: [Balaza_C_5] Le reste 20 al peoncito
[2025.07.22-00.55.19:099][189]LogBlueprintUserMessages: [enemy_bullet_C_10] El peoncito perdio 10 de vida!!!!
[2025.07.22-00.55.19:649][215]LogBlueprintUserMessages: [enemy_bullet_C_12] El peoncito perdio 10 de vida!!!!
[2025.07.22-00.55.20:748][264]LogBlueprintUserMessages: [enemy_bullet_C_14] El peoncito perdio 10 de vida!!!!
[2025.07.22-00.55.21:426][297]LogSpawn: Warning: SpawnActor failed because of collision at the spawn location [X=-113.822 Y=1344.365 Z=181.489] for [EnemyCharacter_C]
[2025.07.22-00.55.21:672][308]LogBlueprintUserMessages: [enemy_bullet_C_16] El peoncito perdio 10 de vida!!!!
[2025.07.22-00.55.22:170][330]LogBlueprintUserMessages: [enemy_misil_C_2] El peoncito perdio 10 de vida!!!!
[2025.07.22-00.55.22:753][356]LogBlueprintUserMessages: [enemy_bullet_C_19] El peoncito perdio 10 de vida!!!!
[2025.07.22-00.55.23:094][372]LogCharacterMovement: EnemyCharacter_2 is stuck and failed to move! Velocity: X=-5.00 Y=43.30 Z=0.00 Location: X=-42.71 Y=1299.23 Z=220.43 Normal: X=0.27 Y=-0.96 Z=0.00 PenetrationDepth:0.000 Actor:peoncito_2 Component:Box BoneName:None (0 other events since notify)
[2025.07.22-00.55.23:715][401]LogBlueprintUserMessages: [enemy_bullet_C_21] El peoncito perdio 10 de vida!!!!
[2025.07.22-00.55.23:717][401]LogBlueprintUserMessages: [peoncito_2] El peoncito murio
[2025.07.22-00.55.23:717][401]LogBlueprintUserMessages: [ReglasJuego_C_0] Noo, perdiste!
[2025.07.22-00.55.23:721][401]LogScript: Warning: Accessed None trying to read property K2Node_DynamicCast_AsPeoncito
	BarraVIda_C /Engine/Transient.UnrealEdEngine_0:GameInstance_2.BarraVIda_C_0
	Function /Game/ThirdPersonBP/Blueprints/blueprints/BarraVIda.BarraVIda_C:GetText_0:0099
[2025.07.22-00.55.23:723][401]PIE: Error: Blueprint Runtime Error: "Accessed None trying to read property K2Node_DynamicCast_AsPeoncito". Blueprint:  BarraVIda Function:  Get Text 0 Graph:  GetText_0 Node:  Return Node
[2025.07.22-00.55.23:738][402]LogNet: Browse: /Game/ThirdPersonBP/Maps/Perdiste_Level
[2025.07.22-00.55.23:739][402]LogLoad: LoadMap: /Game/ThirdPersonBP/Maps/Perdiste_Level
[2025.07.22-00.55.23:739][402]LogWorld: BeginTearingDown for /Game/ThirdPersonBP/Maps/UEDPIE_0_ThirdPersonExampleMap
[2025.07.22-00.55.23:739][402]LogWorld: UWorld::CleanupWorld for ThirdPersonExampleMap, bSessionEnded=true, bCleanupResources=true
[2025.07.22-00.55.23:742][402]LogSlate: InvalidateAllWidgets triggered.  All widgets were invalidated
[2025.07.22-00.55.23:827][402]LogAudio: Display: Audio Device unregistered from world 'None'.
[2025.07.22-00.55.23:834][402]LogUObjectHash: Compacting FUObjectHashTables data took   4.83ms
[2025.07.22-00.55.23:968][402]LogAudio: Display: Audio Device (ID: 4) registered with world 'Perdiste_Level'.
[2025.07.22-00.55.23:969][402]LogAIModule: Creating AISystem for world Perdiste_Level
[2025.07.22-00.55.23:970][402]LogLoad: Game class is 'ReglasJuego_C'
[2025.07.22-00.55.24:033][402]LogWorld: Bringing World /Game/ThirdPersonBP/Maps/UEDPIE_0_Perdiste_Level.Perdiste_Level up for play (max tick rate 60) at 2025.07.21-21.55.24
[2025.07.22-00.55.24:035][402]LogWorld: Bringing up level for play took: 0.062610
[2025.07.22-00.55.24:035][402]LogGameMode: FindPlayerStart: PATHS NOT DEFINED or NO PLAYERSTART with positive rating
[2025.07.22-00.55.24:038][402]LogBlueprintUserMessages: [plataforma_2] Buenas buenas!
[2025.07.22-00.55.24:039][402]LogLoad: Took 0.300870 seconds to LoadMap(/Game/ThirdPersonBP/Maps/Perdiste_Level)
[2025.07.22-00.55.24:050][402]LogScript: Warning: Accessed None trying to read property K2Node_DynamicCast_AsPeoncito
	BarraVIda_C /Engine/Transient.UnrealEdEngine_0:GameInstance_2.BarraVIda_C_1
	Function /Game/ThirdPersonBP/Blueprints/blueprints/BarraVIda.BarraVIda_C:GetText_0:0099
[2025.07.22-00.55.24:052][402]PIE: Error: Blueprint Runtime Error: "Accessed None trying to read property K2Node_DynamicCast_AsPeoncito". Blueprint:  BarraVIda Function:  Get Text 0 Graph:  GetText_0 Node:  Return Node
[2025.07.22-00.55.24:162][403]LogScript: Warning: Accessed None trying to read property K2Node_DynamicCast_AsPeoncito
	BarraVIda_C /Engine/Transient.UnrealEdEngine_0:GameInstance_2.BarraVIda_C_1
	Function /Game/ThirdPersonBP/Blueprints/blueprints/BarraVIda.BarraVIda_C:GetText_0:0099
[2025.07.22-00.55.24:163][403]PIE: Error: Blueprint Runtime Error: "Accessed None trying to read property K2Node_DynamicCast_AsPeoncito". Blueprint:  BarraVIda Function:  Get Text 0 Graph:  GetText_0 Node:  Return Node
[2025.07.22-00.55.24:182][404]LogScript: Warning: Accessed None trying to read property K2Node_DynamicCast_AsPeoncito
	BarraVIda_C /Engine/Transient.UnrealEdEngine_0:GameInstance_2.BarraVIda_C_1
	Function /Game/ThirdPersonBP/Blueprints/blueprints/BarraVIda.BarraVIda_C:GetText_0:0099
[2025.07.22-00.55.24:183][404]PIE: Error: Blueprint Runtime Error: "Accessed None trying to read property K2Node_DynamicCast_AsPeoncito". Blueprint:  BarraVIda Function:  Get Text 0 Graph:  GetText_0 Node:  Return Node
[2025.07.22-00.55.24:199][405]LogScript: Warning: Accessed None trying to read property K2Node_DynamicCast_AsPeoncito
	BarraVIda_C /Engine/Transient.UnrealEdEngine_0:GameInstance_2.BarraVIda_C_1
	Function /Game/ThirdPersonBP/Blueprints/blueprints/BarraVIda.BarraVIda_C:GetText_0:0099
[2025.07.22-00.55.24:199][405]PIE: Error: Blueprint Runtime Error: "Accessed None trying to read property K2Node_DynamicCast_AsPeoncito". Blueprint:  BarraVIda Function:  Get Text 0 Graph:  GetText_0 Node:  Return Node
[2025.07.22-00.55.24:217][406]LogScript: Warning: Accessed None trying to read property K2Node_DynamicCast_AsPeoncito
	BarraVIda_C /Engine/Transient.UnrealEdEngine_0:GameInstance_2.BarraVIda_C_1
	Function /Game/ThirdPersonBP/Blueprints/blueprints/BarraVIda.BarraVIda_C:GetText_0:0099
[2025.07.22-00.55.24:217][406]PIE: Error: Blueprint Runtime Error: "Accessed None trying to read property K2Node_DynamicCast_AsPeoncito". Blueprint:  BarraVIda Function:  Get Text 0 Graph:  GetText_0 Node:  Return Node
[2025.07.22-00.55.24:236][407]LogScript: Warning: Accessed None trying to read property K2Node_DynamicCast_AsPeoncito
	BarraVIda_C /Engine/Transient.UnrealEdEngine_0:GameInstance_2.BarraVIda_C_1
	Function /Game/ThirdPersonBP/Blueprints/blueprints/BarraVIda.BarraVIda_C:GetText_0:0099
[2025.07.22-00.55.24:236][407]PIE: Error: Blueprint Runtime Error: "Accessed None trying to read property K2Node_DynamicCast_AsPeoncito". Blueprint:  BarraVIda Function:  Get Text 0 Graph:  GetText_0 Node:  Return Node
[2025.07.22-00.55.24:257][408]LogScript: Warning: Accessed None trying to read property K2Node_DynamicCast_AsPeoncito
	BarraVIda_C /Engine/Transient.UnrealEdEngine_0:GameInstance_2.BarraVIda_C_1
	Function /Game/ThirdPersonBP/Blueprints/blueprints/BarraVIda.BarraVIda_C:GetText_0:0099
[2025.07.22-00.55.24:258][408]PIE: Error: Blueprint Runtime Error: "Accessed None trying to read property K2Node_DynamicCast_AsPeoncito". Blueprint:  BarraVIda Function:  Get Text 0 Graph:  GetText_0 Node:  Return Node
[2025.07.22-00.55.24:282][409]LogScript: Warning: Accessed None trying to read property K2Node_DynamicCast_AsPeoncito
	BarraVIda_C /Engine/Transient.UnrealEdEngine_0:GameInstance_2.BarraVIda_C_1
	Function /Game/ThirdPersonBP/Blueprints/blueprints/BarraVIda.BarraVIda_C:GetText_0:0099
[2025.07.22-00.55.24:282][409]PIE: Error: Blueprint Runtime Error: "Accessed None trying to read property K2Node_DynamicCast_AsPeoncito". Blueprint:  BarraVIda Function:  Get Text 0 Graph:  GetText_0 Node:  Return Node
[2025.07.22-00.55.24:305][410]LogScript: Warning: Accessed None trying to read property K2Node_DynamicCast_AsPeoncito
	BarraVIda_C /Engine/Transient.UnrealEdEngine_0:GameInstance_2.BarraVIda_C_1
	Function /Game/ThirdPersonBP/Blueprints/blueprints/BarraVIda.BarraVIda_C:GetText_0:0099
[2025.07.22-00.55.24:305][410]PIE: Error: Blueprint Runtime Error: "Accessed None trying to read property K2Node_DynamicCast_AsPeoncito". Blueprint:  BarraVIda Function:  Get Text 0 Graph:  GetText_0 Node:  Return Node
[2025.07.22-00.55.24:329][411]LogScript: Warning: Accessed None trying to read property K2Node_DynamicCast_AsPeoncito
	BarraVIda_C /Engine/Transient.UnrealEdEngine_0:GameInstance_2.BarraVIda_C_1
	Function /Game/ThirdPersonBP/Blueprints/blueprints/BarraVIda.BarraVIda_C:GetText_0:0099
[2025.07.22-00.55.24:329][411]PIE: Error: Blueprint Runtime Error: "Accessed None trying to read property K2Node_DynamicCast_AsPeoncito". Blueprint:  BarraVIda Function:  Get Text 0 Graph:  GetText_0 Node:  Return Node
[2025.07.22-00.55.24:351][412]LogScript: Warning: Accessed None trying to read property K2Node_DynamicCast_AsPeoncito
	BarraVIda_C /Engine/Transient.UnrealEdEngine_0:GameInstance_2.BarraVIda_C_1
	Function /Game/ThirdPersonBP/Blueprints/blueprints/BarraVIda.BarraVIda_C:GetText_0:0099
[2025.07.22-00.55.24:351][412]PIE: Error: Blueprint Runtime Error: "Accessed None trying to read property K2Node_DynamicCast_AsPeoncito". Blueprint:  BarraVIda Function:  Get Text 0 Graph:  GetText_0 Node:  Return Node
[2025.07.22-00.55.24:370][413]LogScript: Warning: Accessed None trying to read property K2Node_DynamicCast_AsPeoncito
	BarraVIda_C /Engine/Transient.UnrealEdEngine_0:GameInstance_2.BarraVIda_C_1
	Function /Game/ThirdPersonBP/Blueprints/blueprints/BarraVIda.BarraVIda_C:GetText_0:0099
[2025.07.22-00.55.24:370][413]PIE: Error: Blueprint Runtime Error: "Accessed None trying to read property K2Node_DynamicCast_AsPeoncito". Blueprint:  BarraVIda Function:  Get Text 0 Graph:  GetText_0 Node:  Return Node
[2025.07.22-00.55.24:387][414]LogScript: Warning: Accessed None trying to read property K2Node_DynamicCast_AsPeoncito
	BarraVIda_C /Engine/Transient.UnrealEdEngine_0:GameInstance_2.BarraVIda_C_1
	Function /Game/ThirdPersonBP/Blueprints/blueprints/BarraVIda.BarraVIda_C:GetText_0:0099
[2025.07.22-00.55.24:387][414]PIE: Error: Blueprint Runtime Error: "Accessed None trying to read property K2Node_DynamicCast_AsPeoncito". Blueprint:  BarraVIda Function:  Get Text 0 Graph:  GetText_0 Node:  Return Node
[2025.07.22-00.55.24:404][415]LogScript: Warning: Accessed None trying to read property K2Node_DynamicCast_AsPeoncito
	BarraVIda_C /Engine/Transient.UnrealEdEngine_0:GameInstance_2.BarraVIda_C_1
	Function /Game/ThirdPersonBP/Blueprints/blueprints/BarraVIda.BarraVIda_C:GetText_0:0099
[2025.07.22-00.55.24:404][415]PIE: Error: Blueprint Runtime Error: "Accessed None trying to read property K2Node_DynamicCast_AsPeoncito". Blueprint:  BarraVIda Function:  Get Text 0 Graph:  GetText_0 Node:  Return Node
[2025.07.22-00.55.24:420][416]LogScript: Warning: Accessed None trying to read property K2Node_DynamicCast_AsPeoncito
	BarraVIda_C /Engine/Transient.UnrealEdEngine_0:GameInstance_2.BarraVIda_C_1
	Function /Game/ThirdPersonBP/Blueprints/blueprints/BarraVIda.BarraVIda_C:GetText_0:0099
[2025.07.22-00.55.24:421][416]PIE: Error: Blueprint Runtime Error: "Accessed None trying to read property K2Node_DynamicCast_AsPeoncito". Blueprint:  BarraVIda Function:  Get Text 0 Graph:  GetText_0 Node:  Return Node
[2025.07.22-00.55.24:439][417]LogScript: Warning: Accessed None trying to read property K2Node_DynamicCast_AsPeoncito
	BarraVIda_C /Engine/Transient.UnrealEdEngine_0:GameInstance_2.BarraVIda_C_1
	Function /Game/ThirdPersonBP/Blueprints/blueprints/BarraVIda.BarraVIda_C:GetText_0:0099
[2025.07.22-00.55.24:439][417]PIE: Error: Blueprint Runtime Error: "Accessed None trying to read property K2Node_DynamicCast_AsPeoncito". Blueprint:  BarraVIda Function:  Get Text 0 Graph:  GetText_0 Node:  Return Node
[2025.07.22-00.55.24:456][418]PIE: Error: Blueprint Runtime Error: "Accessed None trying to read property K2Node_DynamicCast_AsPeoncito". Blueprint:  BarraVIda Function:  Get Text 0 Graph:  GetText_0 Node:  Return Node
[2025.07.22-00.55.24:473][419]PIE: Error: Blueprint Runtime Error: "Accessed None trying to read property K2Node_DynamicCast_AsPeoncito". Blueprint:  BarraVIda Function:  Get Text 0 Graph:  GetText_0 Node:  Return Node
[2025.07.22-00.55.24:493][420]PIE: Error: Blueprint Runtime Error: "Accessed None trying to read property K2Node_DynamicCast_AsPeoncito". Blueprint:  BarraVIda Function:  Get Text 0 Graph:  GetText_0 Node:  Return Node
[2025.07.22-00.55.24:509][421]PIE: Error: Blueprint Runtime Error: "Accessed None trying to read property K2Node_DynamicCast_AsPeoncito". Blueprint:  BarraVIda Function:  Get Text 0 Graph:  GetText_0 Node:  Return Node
[2025.07.22-00.55.24:526][422]PIE: Error: Blueprint Runtime Error: "Accessed None trying to read property K2Node_DynamicCast_AsPeoncito". Blueprint:  BarraVIda Function:  Get Text 0 Graph:  GetText_0 Node:  Return Node
[2025.07.22-00.55.24:543][423]PIE: Error: Blueprint Runtime Error: "Accessed None trying to read property K2Node_DynamicCast_AsPeoncito". Blueprint:  BarraVIda Function:  Get Text 0 Graph:  GetText_0 Node:  Return Node
[2025.07.22-00.55.24:567][424]PIE: Error: Blueprint Runtime Error: "Accessed None trying to read property K2Node_DynamicCast_AsPeoncito". Blueprint:  BarraVIda Function:  Get Text 0 Graph:  GetText_0 Node:  Return Node
[2025.07.22-00.55.24:601][425]PIE: Error: Blueprint Runtime Error: "Accessed None trying to read property K2Node_DynamicCast_AsPeoncito". Blueprint:  BarraVIda Function:  Get Text 0 Graph:  GetText_0 Node:  Return Node
[2025.07.22-00.55.24:641][426]PIE: Error: Blueprint Runtime Error: "Accessed None trying to read property K2Node_DynamicCast_AsPeoncito". Blueprint:  BarraVIda Function:  Get Text 0 Graph:  GetText_0 Node:  Return Node
[2025.07.22-00.55.24:756][427]LogSlate: Updating window title bar state: overlay mode, drag disabled, window buttons hidden, title bar hidden
[2025.07.22-00.55.24:756][427]LogWorld: BeginTearingDown for /Game/ThirdPersonBP/Maps/UEDPIE_0_Perdiste_Level
[2025.07.22-00.55.24:757][427]LogWorld: UWorld::CleanupWorld for Perdiste_Level, bSessionEnded=true, bCleanupResources=true
[2025.07.22-00.55.24:759][427]LogSlate: InvalidateAllWidgets triggered.  All widgets were invalidated
[2025.07.22-00.55.24:774][427]LogPlayLevel: Display: Shutting down PIE online subsystems
[2025.07.22-00.55.24:858][427]LogSlate: InvalidateAllWidgets triggered.  All widgets were invalidated
[2025.07.22-00.55.24:912][427]LogAudio: Display: Audio Device unregistered from world 'None'.
[2025.07.22-00.55.24:912][427]LogAudioMixer: FMixerPlatformXAudio2::StopAudioStream() called
[2025.07.22-00.55.24:914][427]LogAudioMixer: FMixerPlatformXAudio2::StopAudioStream() called
[2025.07.22-00.55.24:919][427]LogSlate: Updating window title bar state: overlay mode, drag disabled, window buttons hidden, title bar hidden
[2025.07.22-00.55.24:927][427]LogUObjectHash: Compacting FUObjectHashTables data took   5.64ms
[2025.07.22-00.55.25:179][428]LogPlayLevel: Display: Destroying online subsystem :Context_27
[2025.07.22-00.55.26:522][468]LogSlate: Window 'Message Log' being destroyed
[2025.07.22-00.55.26:535][468]LogSlate: Window 'Message Log' being destroyed
[2025.07.22-00.55.27:178][490]LogTemp: Repeating last play command: Selected Viewport
[2025.07.22-00.55.27:226][490]LogPlayLevel: PlayLevel: No blueprints needed recompiling
[2025.07.22-00.55.27:226][490]PIE: New page: PIE session: ThirdPersonExampleMap (Jul 21, 2025, 6:55:27 PM)
[2025.07.22-00.55.27:226][490]LogPlayLevel: Creating play world package: /Game/ThirdPersonBP/Maps/UEDPIE_0_ThirdPersonExampleMap
[2025.07.22-00.55.27:256][490]LogPlayLevel: PIE: StaticDuplicateObject took: (0.028690s)
[2025.07.22-00.55.27:258][490]LogAIModule: Creating AISystem for world ThirdPersonExampleMap
[2025.07.22-00.55.27:258][490]LogPlayLevel: PIE: World Init took: (0.002026s)
[2025.07.22-00.55.27:258][490]LogPlayLevel: PIE: Created PIE world by copying editor world from /Game/ThirdPersonBP/Maps/ThirdPersonExampleMap.ThirdPersonExampleMap to /Game/ThirdPersonBP/Maps/UEDPIE_0_ThirdPersonExampleMap.ThirdPersonExampleMap (0.030957s)
[2025.07.22-00.55.27:302][490]LogUObjectHash: Compacting FUObjectHashTables data took   4.33ms
[2025.07.22-00.55.27:303][490]LogAudio: Display: Creating Audio Device:                 Id: 5, Scope: Unique, Realtime: True
[2025.07.22-00.55.27:303][490]LogAudioMixer: Display: Audio Mixer Platform Settings:
[2025.07.22-00.55.27:303][490]LogAudioMixer: Display: 	Sample Rate:						  48000
[2025.07.22-00.55.27:303][490]LogAudioMixer: Display: 	Callback Buffer Frame Size Requested: 1024
[2025.07.22-00.55.27:304][490]LogAudioMixer: Display: 	Callback Buffer Frame Size To Use:	  1024
[2025.07.22-00.55.27:304][490]LogAudioMixer: Display: 	Number of buffers to queue:			  2
[2025.07.22-00.55.27:304][490]LogAudioMixer: Display: 	Max Channels (voices):				  32
[2025.07.22-00.55.27:304][490]LogAudioMixer: Display: 	Number of Async Source Workers:		  0
[2025.07.22-00.55.27:304][490]LogAudio: Display: AudioDevice MaxSources: 32
[2025.07.22-00.55.27:304][490]LogAudio: Display: Audio Spatialization Plugin: None (built-in).
[2025.07.22-00.55.27:304][490]LogAudio: Display: Audio Reverb Plugin: None (built-in).
[2025.07.22-00.55.27:304][490]LogAudio: Display: Audio Occlusion Plugin: None (built-in).
[2025.07.22-00.55.27:304][490]LogAudioMixer: Display: Initializing audio mixer.
[2025.07.22-00.55.27:311][490]LogAudioMixer: Display: 0: FrontLeft
[2025.07.22-00.55.27:311][490]LogAudioMixer: Display: 1: FrontRight
[2025.07.22-00.55.27:338][490]LogAudioMixer: Display: Using Audio Device Headphones (SOUNDPEATS Opera05)
[2025.07.22-00.55.27:339][490]LogAudioMixer: Display: Initializing Sound Submixes...
[2025.07.22-00.55.27:339][490]LogAudioMixer: Display: Creating Master Submix 'MasterSubmixDefault'
[2025.07.22-00.55.27:339][490]LogAudioMixer: Display: Creating Master Submix 'MasterReverbSubmixDefault'
[2025.07.22-00.55.27:339][490]LogAudioMixer: Display: Creating Master Submix 'MasterEQSubmixDefault'
[2025.07.22-00.55.27:339][490]LogAudioMixer: FMixerPlatformXAudio2::StartAudioStream() called
[2025.07.22-00.55.27:339][490]LogAudioMixer: Display: Output buffers initialized: Frames=1024, Channels=2, Samples=2048
[2025.07.22-00.55.27:341][490]LogAudioMixer: Display: Starting AudioMixerPlatformInterface::RunInternal()
[2025.07.22-00.55.27:341][490]LogAudioMixer: Display: FMixerPlatformXAudio2::SubmitBuffer() called for the first time
[2025.07.22-00.55.27:342][490]LogInit: FAudioDevice initialized.
[2025.07.22-00.55.27:342][490]LogAudio: Display: Audio Device (ID: 5) registered with world 'ThirdPersonExampleMap'.
[2025.07.22-00.55.27:359][490]LogLoad: Game class is 'ReglasJuego_C'
[2025.07.22-00.55.27:371][490]LogWorld: Bringing World /Game/ThirdPersonBP/Maps/UEDPIE_0_ThirdPersonExampleMap.ThirdPersonExampleMap up for play (max tick rate 60) at 2025.07.21-21.55.27
[2025.07.22-00.55.27:371][490]LogWorld: Bringing up level for play took: 0.012232
[2025.07.22-00.55.27:372][490]LogOnline: OSS: Creating online subsystem instance for: :Context_29
[2025.07.22-00.55.27:376][490]LogBlueprintUserMessages: [plataforma_2] Buenas buenas!
[2025.07.22-00.55.27:378][490]PIE: Server logged in
[2025.07.22-00.55.27:379][490]PIE: Play in editor total start time 0.18 seconds.
[2025.07.22-00.55.33:138][764]LogSpawn: Warning: SpawnActor failed because of collision at the spawn location [X=-113.822 Y=1344.365 Z=181.489] for [EnemyCharacter_C]
[2025.07.22-00.55.33:413][776]LogBlueprintUserMessages: [enemy_bullet_C_10] El peoncito perdio 10 de vida!!!!
[2025.07.22-00.55.34:411][826]LogBlueprintUserMessages: [enemy_bullet_C_12] El peoncito perdio 10 de vida!!!!
[2025.07.22-00.55.35:408][875]LogBlueprintUserMessages: [enemy_bullet_C_14] El peoncito perdio 10 de vida!!!!
[2025.07.22-00.55.36:638][926]LogBlueprintUserMessages: [enemy_bullet_C_16] El peoncito perdio 10 de vida!!!!
[2025.07.22-00.55.37:416][966]LogBlueprintUserMessages: [enemy_bullet_C_19] El peoncito perdio 10 de vida!!!!
[2025.07.22-00.55.38:364][ 13]LogBlueprintUserMessages: [enemy_bullet_C_21] El peoncito perdio 10 de vida!!!!
[2025.07.22-00.55.39:319][ 58]LogSlate: Updating window title bar state: overlay mode, drag disabled, window buttons hidden, title bar hidden
[2025.07.22-00.55.39:319][ 58]LogWorld: BeginTearingDown for /Game/ThirdPersonBP/Maps/UEDPIE_0_ThirdPersonExampleMap
[2025.07.22-00.55.39:319][ 58]LogWorld: UWorld::CleanupWorld for ThirdPersonExampleMap, bSessionEnded=true, bCleanupResources=true
[2025.07.22-00.55.39:321][ 58]LogSlate: InvalidateAllWidgets triggered.  All widgets were invalidated
[2025.07.22-00.55.39:335][ 58]LogPlayLevel: Display: Shutting down PIE online subsystems
[2025.07.22-00.55.39:411][ 58]LogSlate: InvalidateAllWidgets triggered.  All widgets were invalidated
[2025.07.22-00.55.39:471][ 58]LogSlate: Updating window title bar state: overlay mode, drag disabled, window buttons hidden, title bar hidden
[2025.07.22-00.55.39:471][ 58]LogAudioMixer: FMixerPlatformXAudio2::StopAudioStream() called
[2025.07.22-00.55.39:473][ 58]LogAudioMixer: FMixerPlatformXAudio2::StopAudioStream() called
[2025.07.22-00.55.39:489][ 58]LogUObjectHash: Compacting FUObjectHashTables data took   7.05ms
[2025.07.22-00.55.39:596][ 59]LogPlayLevel: Display: Destroying online subsystem :Context_29
[2025.07.22-00.55.46:923][323]LogTemp: Repeating last play command: Selected Viewport
[2025.07.22-00.55.46:969][323]LogPlayLevel: PlayLevel: No blueprints needed recompiling
[2025.07.22-00.55.46:969][323]PIE: New page: PIE session: ThirdPersonExampleMap (Jul 21, 2025, 6:55:46 PM)
[2025.07.22-00.55.46:969][323]LogPlayLevel: Creating play world package: /Game/ThirdPersonBP/Maps/UEDPIE_0_ThirdPersonExampleMap
[2025.07.22-00.55.47:006][323]LogPlayLevel: PIE: StaticDuplicateObject took: (0.036495s)
[2025.07.22-00.55.47:009][323]LogAIModule: Creating AISystem for world ThirdPersonExampleMap
[2025.07.22-00.55.47:009][323]LogPlayLevel: PIE: World Init took: (0.003136s)
[2025.07.22-00.55.47:009][323]LogPlayLevel: PIE: Created PIE world by copying editor world from /Game/ThirdPersonBP/Maps/ThirdPersonExampleMap.ThirdPersonExampleMap to /Game/ThirdPersonBP/Maps/UEDPIE_0_ThirdPersonExampleMap.ThirdPersonExampleMap (0.039953s)
[2025.07.22-00.55.47:068][323]LogUObjectHash: Compacting FUObjectHashTables data took   5.26ms
[2025.07.22-00.55.47:070][323]LogAudio: Display: Creating Audio Device:                 Id: 6, Scope: Unique, Realtime: True
[2025.07.22-00.55.47:071][323]LogAudioMixer: Display: Audio Mixer Platform Settings:
[2025.07.22-00.55.47:071][323]LogAudioMixer: Display: 	Sample Rate:						  48000
[2025.07.22-00.55.47:071][323]LogAudioMixer: Display: 	Callback Buffer Frame Size Requested: 1024
[2025.07.22-00.55.47:071][323]LogAudioMixer: Display: 	Callback Buffer Frame Size To Use:	  1024
[2025.07.22-00.55.47:071][323]LogAudioMixer: Display: 	Number of buffers to queue:			  2
[2025.07.22-00.55.47:071][323]LogAudioMixer: Display: 	Max Channels (voices):				  32
[2025.07.22-00.55.47:071][323]LogAudioMixer: Display: 	Number of Async Source Workers:		  0
[2025.07.22-00.55.47:071][323]LogAudio: Display: AudioDevice MaxSources: 32
[2025.07.22-00.55.47:072][323]LogAudio: Display: Audio Spatialization Plugin: None (built-in).
[2025.07.22-00.55.47:072][323]LogAudio: Display: Audio Reverb Plugin: None (built-in).
[2025.07.22-00.55.47:072][323]LogAudio: Display: Audio Occlusion Plugin: None (built-in).
[2025.07.22-00.55.47:072][323]LogAudioMixer: Display: Initializing audio mixer.
[2025.07.22-00.55.47:079][323]LogAudioMixer: Display: 0: FrontLeft
[2025.07.22-00.55.47:079][323]LogAudioMixer: Display: 1: FrontRight
[2025.07.22-00.55.47:102][323]LogAudioMixer: Display: Using Audio Device Headphones (SOUNDPEATS Opera05)
[2025.07.22-00.55.47:102][323]LogAudioMixer: Display: Initializing Sound Submixes...
[2025.07.22-00.55.47:102][323]LogAudioMixer: Display: Creating Master Submix 'MasterSubmixDefault'
[2025.07.22-00.55.47:102][323]LogAudioMixer: Display: Creating Master Submix 'MasterReverbSubmixDefault'
[2025.07.22-00.55.47:103][323]LogAudioMixer: Display: Creating Master Submix 'MasterEQSubmixDefault'
[2025.07.22-00.55.47:103][323]LogAudioMixer: FMixerPlatformXAudio2::StartAudioStream() called
[2025.07.22-00.55.47:103][323]LogAudioMixer: Display: Output buffers initialized: Frames=1024, Channels=2, Samples=2048
[2025.07.22-00.55.47:105][323]LogAudioMixer: Display: Starting AudioMixerPlatformInterface::RunInternal()
[2025.07.22-00.55.47:105][323]LogAudioMixer: Display: FMixerPlatformXAudio2::SubmitBuffer() called for the first time
[2025.07.22-00.55.47:105][323]LogInit: FAudioDevice initialized.
[2025.07.22-00.55.47:105][323]LogAudio: Display: Audio Device (ID: 6) registered with world 'ThirdPersonExampleMap'.
[2025.07.22-00.55.47:115][323]LogLoad: Game class is 'ReglasJuego_C'
[2025.07.22-00.55.47:125][323]LogWorld: Bringing World /Game/ThirdPersonBP/Maps/UEDPIE_0_ThirdPersonExampleMap.ThirdPersonExampleMap up for play (max tick rate 60) at 2025.07.21-21.55.47
[2025.07.22-00.55.47:126][323]LogWorld: Bringing up level for play took: 0.010257
[2025.07.22-00.55.47:126][323]LogOnline: OSS: Creating online subsystem instance for: :Context_30
[2025.07.22-00.55.47:129][323]LogBlueprintUserMessages: [plataforma_2] Buenas buenas!
[2025.07.22-00.55.47:133][323]PIE: Server logged in
[2025.07.22-00.55.47:133][323]PIE: Play in editor total start time 0.192 seconds.
[2025.07.22-00.55.47:583][338]LogSlate: Updating window title bar state: overlay mode, drag disabled, window buttons hidden, title bar hidden
[2025.07.22-00.55.47:583][338]LogWorld: BeginTearingDown for /Game/ThirdPersonBP/Maps/UEDPIE_0_ThirdPersonExampleMap
[2025.07.22-00.55.47:583][338]LogWorld: UWorld::CleanupWorld for ThirdPersonExampleMap, bSessionEnded=true, bCleanupResources=true
[2025.07.22-00.55.47:585][338]LogSlate: InvalidateAllWidgets triggered.  All widgets were invalidated
[2025.07.22-00.55.47:603][338]LogPlayLevel: Display: Shutting down PIE online subsystems
[2025.07.22-00.55.47:655][338]LogSlate: InvalidateAllWidgets triggered.  All widgets were invalidated
[2025.07.22-00.55.47:688][338]LogAudio: Display: Audio Device unregistered from world 'None'.
[2025.07.22-00.55.47:688][338]LogAudioMixer: FMixerPlatformXAudio2::StopAudioStream() called
[2025.07.22-00.55.47:689][338]LogAudioMixer: FMixerPlatformXAudio2::StopAudioStream() called
[2025.07.22-00.55.47:692][338]LogSlate: Updating window title bar state: overlay mode, drag disabled, window buttons hidden, title bar hidden
[2025.07.22-00.55.47:697][338]LogUObjectHash: Compacting FUObjectHashTables data took   3.78ms
[2025.07.22-00.55.47:804][339]LogPlayLevel: Display: Destroying online subsystem :Context_30
[2025.07.22-00.55.50:379][423]LogEditorViewport: Clicking on Actor (LMB): Cave_C (Cave)
[2025.07.22-00.55.51:306][458]LogEditorViewport: Clicking on Actor (LMB): Cave_C (Cave)
[2025.07.22-00.56.05:577][990]BlueprintLog: New page: Compile Cave
[2025.07.22-00.56.05:661][990]LogUObjectHash: Compacting FUObjectHashTables data took   6.44ms
[2025.07.22-00.56.06:629][ 20]LogTemp: Repeating last play command: Selected Viewport
[2025.07.22-00.56.06:681][ 20]LogPlayLevel: PlayLevel: No blueprints needed recompiling
[2025.07.22-00.56.06:681][ 20]PIE: New page: PIE session: ThirdPersonExampleMap (Jul 21, 2025, 6:56:06 PM)
[2025.07.22-00.56.06:681][ 20]LogPlayLevel: Creating play world package: /Game/ThirdPersonBP/Maps/UEDPIE_0_ThirdPersonExampleMap
[2025.07.22-00.56.06:711][ 20]LogPlayLevel: PIE: StaticDuplicateObject took: (0.029114s)
[2025.07.22-00.56.06:711][ 20]LogAIModule: Creating AISystem for world ThirdPersonExampleMap
[2025.07.22-00.56.06:712][ 20]LogPlayLevel: PIE: World Init took: (0.001378s)
[2025.07.22-00.56.06:712][ 20]LogPlayLevel: PIE: Created PIE world by copying editor world from /Game/ThirdPersonBP/Maps/ThirdPersonExampleMap.ThirdPersonExampleMap to /Game/ThirdPersonBP/Maps/UEDPIE_0_ThirdPersonExampleMap.ThirdPersonExampleMap (0.030688s)
[2025.07.22-00.56.06:764][ 20]LogUObjectHash: Compacting FUObjectHashTables data took   7.20ms
[2025.07.22-00.56.06:767][ 20]LogAudio: Display: Creating Audio Device:                 Id: 7, Scope: Unique, Realtime: True
[2025.07.22-00.56.06:767][ 20]LogAudioMixer: Display: Audio Mixer Platform Settings:
[2025.07.22-00.56.06:768][ 20]LogAudioMixer: Display: 	Sample Rate:						  48000
[2025.07.22-00.56.06:768][ 20]LogAudioMixer: Display: 	Callback Buffer Frame Size Requested: 1024
[2025.07.22-00.56.06:768][ 20]LogAudioMixer: Display: 	Callback Buffer Frame Size To Use:	  1024
[2025.07.22-00.56.06:768][ 20]LogAudioMixer: Display: 	Number of buffers to queue:			  2
[2025.07.22-00.56.06:768][ 20]LogAudioMixer: Display: 	Max Channels (voices):				  32
[2025.07.22-00.56.06:768][ 20]LogAudioMixer: Display: 	Number of Async Source Workers:		  0
[2025.07.22-00.56.06:768][ 20]LogAudio: Display: AudioDevice MaxSources: 32
[2025.07.22-00.56.06:769][ 20]LogAudio: Display: Audio Spatialization Plugin: None (built-in).
[2025.07.22-00.56.06:769][ 20]LogAudio: Display: Audio Reverb Plugin: None (built-in).
[2025.07.22-00.56.06:769][ 20]LogAudio: Display: Audio Occlusion Plugin: None (built-in).
[2025.07.22-00.56.06:769][ 20]LogAudioMixer: Display: Initializing audio mixer.
[2025.07.22-00.56.06:778][ 20]LogAudioMixer: Display: 0: FrontLeft
[2025.07.22-00.56.06:778][ 20]LogAudioMixer: Display: 1: FrontRight
[2025.07.22-00.56.06:813][ 20]LogAudioMixer: Display: Using Audio Device Headphones (SOUNDPEATS Opera05)
[2025.07.22-00.56.06:813][ 20]LogAudioMixer: Display: Initializing Sound Submixes...
[2025.07.22-00.56.06:813][ 20]LogAudioMixer: Display: Creating Master Submix 'MasterSubmixDefault'
[2025.07.22-00.56.06:813][ 20]LogAudioMixer: Display: Creating Master Submix 'MasterReverbSubmixDefault'
[2025.07.22-00.56.06:815][ 20]LogAudioMixer: Display: Creating Master Submix 'MasterEQSubmixDefault'
[2025.07.22-00.56.06:815][ 20]LogAudioMixer: FMixerPlatformXAudio2::StartAudioStream() called
[2025.07.22-00.56.06:815][ 20]LogAudioMixer: Display: Output buffers initialized: Frames=1024, Channels=2, Samples=2048
[2025.07.22-00.56.06:818][ 20]LogAudioMixer: Display: Starting AudioMixerPlatformInterface::RunInternal()
[2025.07.22-00.56.06:818][ 20]LogAudioMixer: Display: FMixerPlatformXAudio2::SubmitBuffer() called for the first time
[2025.07.22-00.56.06:818][ 20]LogInit: FAudioDevice initialized.
[2025.07.22-00.56.06:818][ 20]LogAudio: Display: Audio Device (ID: 7) registered with world 'ThirdPersonExampleMap'.
[2025.07.22-00.56.06:863][ 20]LogLoad: Game class is 'ReglasJuego_C'
[2025.07.22-00.56.06:874][ 20]LogWorld: Bringing World /Game/ThirdPersonBP/Maps/UEDPIE_0_ThirdPersonExampleMap.ThirdPersonExampleMap up for play (max tick rate 60) at 2025.07.21-21.56.06
[2025.07.22-00.56.06:875][ 20]LogWorld: Bringing up level for play took: 0.010640
[2025.07.22-00.56.06:875][ 20]LogOnline: OSS: Creating online subsystem instance for: :Context_31
[2025.07.22-00.56.06:879][ 20]LogBlueprintUserMessages: [plataforma_2] Buenas buenas!
[2025.07.22-00.56.06:881][ 20]PIE: Server logged in
[2025.07.22-00.56.06:882][ 20]PIE: Play in editor total start time 0.231 seconds.
[2025.07.22-00.56.09:125][122]LogBlueprintUserMessages: [enemy_bullet_C_1] El peoncito perdio 10 de vida!!!!
[2025.07.22-00.56.10:665][167]LogBlueprintUserMessages: [enemy_bullet_C_0] El peoncito perdio 10 de vida!!!!
[2025.07.22-00.56.10:821][171]LogBlueprintUserMessages: [enemy_bullet_C_3] El peoncito perdio 10 de vida!!!!
[2025.07.22-00.56.11:717][196]LogBlueprintUserMessages: [Balaza2_C_0] Le reste 30 al peoncito
[2025.07.22-00.56.12:009][205]LogBlueprintUserMessages: [enemy_bullet_C_5] El peoncito perdio 10 de vida!!!!
[2025.07.22-00.56.12:146][209]LogBlueprintUserMessages: [enemy_bullet_C_7] El peoncito perdio 10 de vida!!!!
[2025.07.22-00.56.12:330][216]LogBlueprintUserMessages: [enemy_bullet_C_2] El peoncito perdio 10 de vida!!!!
[2025.07.22-00.56.12:828][240]LogBlueprintUserMessages: [enemy_bullet_C_9] El peoncito perdio 10 de vida!!!!
[2025.07.22-00.56.12:828][240]LogBlueprintUserMessages: [peoncito_2] El peoncito murio
[2025.07.22-00.56.12:830][240]LogBlueprintUserMessages: [ReglasJuego_C_0] Noo, perdiste!
[2025.07.22-00.56.12:830][240]LogScript: Warning: FLatentActionManager::ProcessLatentActions: CallbackTarget is None.
[2025.07.22-00.56.12:832][240]LogScript: Warning: Accessed None trying to read property K2Node_DynamicCast_AsPeoncito
	BarraVIda_C /Engine/Transient.UnrealEdEngine_0:GameInstance_5.BarraVIda_C_0
	Function /Game/ThirdPersonBP/Blueprints/blueprints/BarraVIda.BarraVIda_C:GetText_0:0099
[2025.07.22-00.56.12:832][240]PIE: Error: Blueprint Runtime Error: "Accessed None trying to read property K2Node_DynamicCast_AsPeoncito". Blueprint:  BarraVIda Function:  Get Text 0 Graph:  GetText_0 Node:  Return Node
[2025.07.22-00.56.12:843][241]LogNet: Browse: /Game/ThirdPersonBP/Maps/Perdiste_Level
[2025.07.22-00.56.12:843][241]LogLoad: LoadMap: /Game/ThirdPersonBP/Maps/Perdiste_Level
[2025.07.22-00.56.12:843][241]LogWorld: BeginTearingDown for /Game/ThirdPersonBP/Maps/UEDPIE_0_ThirdPersonExampleMap
[2025.07.22-00.56.12:844][241]LogWorld: UWorld::CleanupWorld for ThirdPersonExampleMap, bSessionEnded=true, bCleanupResources=true
[2025.07.22-00.56.12:846][241]LogSlate: InvalidateAllWidgets triggered.  All widgets were invalidated
[2025.07.22-00.56.12:926][241]LogAudio: Display: Audio Device unregistered from world 'None'.
[2025.07.22-00.56.12:932][241]LogUObjectHash: Compacting FUObjectHashTables data took   4.23ms
[2025.07.22-00.56.12:956][241]LogAudio: Display: Audio Device (ID: 7) registered with world 'Perdiste_Level'.
[2025.07.22-00.56.12:957][241]LogAIModule: Creating AISystem for world Perdiste_Level
[2025.07.22-00.56.12:958][241]LogLoad: Game class is 'ReglasJuego_C'
[2025.07.22-00.56.13:005][241]LogWorld: Bringing World /Game/ThirdPersonBP/Maps/UEDPIE_0_Perdiste_Level.Perdiste_Level up for play (max tick rate 60) at 2025.07.21-21.56.13
[2025.07.22-00.56.13:007][241]LogWorld: Bringing up level for play took: 0.047622
[2025.07.22-00.56.13:007][241]LogGameMode: FindPlayerStart: PATHS NOT DEFINED or NO PLAYERSTART with positive rating
[2025.07.22-00.56.13:009][241]LogBlueprintUserMessages: [plataforma_2] Buenas buenas!
[2025.07.22-00.56.13:010][241]LogLoad: Took 0.166849 seconds to LoadMap(/Game/ThirdPersonBP/Maps/Perdiste_Level)
[2025.07.22-00.56.13:079][241]PIE: Error: Blueprint Runtime Error: "Accessed None trying to read property K2Node_DynamicCast_AsPeoncito". Blueprint:  BarraVIda Function:  Get Text 0 Graph:  GetText_0 Node:  Return Node
[2025.07.22-00.56.13:108][242]PIE: Error: Blueprint Runtime Error: "Accessed None trying to read property K2Node_DynamicCast_AsPeoncito". Blueprint:  BarraVIda Function:  Get Text 0 Graph:  GetText_0 Node:  Return Node
[2025.07.22-00.56.13:123][243]PIE: Error: Blueprint Runtime Error: "Accessed None trying to read property K2Node_DynamicCast_AsPeoncito". Blueprint:  BarraVIda Function:  Get Text 0 Graph:  GetText_0 Node:  Return Node
[2025.07.22-00.56.13:140][244]PIE: Error: Blueprint Runtime Error: "Accessed None trying to read property K2Node_DynamicCast_AsPeoncito". Blueprint:  BarraVIda Function:  Get Text 0 Graph:  GetText_0 Node:  Return Node
[2025.07.22-00.56.13:157][245]PIE: Error: Blueprint Runtime Error: "Accessed None trying to read property K2Node_DynamicCast_AsPeoncito". Blueprint:  BarraVIda Function:  Get Text 0 Graph:  GetText_0 Node:  Return Node
[2025.07.22-00.56.13:173][246]PIE: Error: Blueprint Runtime Error: "Accessed None trying to read property K2Node_DynamicCast_AsPeoncito". Blueprint:  BarraVIda Function:  Get Text 0 Graph:  GetText_0 Node:  Return Node
[2025.07.22-00.56.13:189][247]PIE: Error: Blueprint Runtime Error: "Accessed None trying to read property K2Node_DynamicCast_AsPeoncito". Blueprint:  BarraVIda Function:  Get Text 0 Graph:  GetText_0 Node:  Return Node
[2025.07.22-00.56.13:207][248]PIE: Error: Blueprint Runtime Error: "Accessed None trying to read property K2Node_DynamicCast_AsPeoncito". Blueprint:  BarraVIda Function:  Get Text 0 Graph:  GetText_0 Node:  Return Node
[2025.07.22-00.56.13:223][249]PIE: Error: Blueprint Runtime Error: "Accessed None trying to read property K2Node_DynamicCast_AsPeoncito". Blueprint:  BarraVIda Function:  Get Text 0 Graph:  GetText_0 Node:  Return Node
[2025.07.22-00.56.13:240][250]PIE: Error: Blueprint Runtime Error: "Accessed None trying to read property K2Node_DynamicCast_AsPeoncito". Blueprint:  BarraVIda Function:  Get Text 0 Graph:  GetText_0 Node:  Return Node
[2025.07.22-00.56.13:257][251]PIE: Error: Blueprint Runtime Error: "Accessed None trying to read property K2Node_DynamicCast_AsPeoncito". Blueprint:  BarraVIda Function:  Get Text 0 Graph:  GetText_0 Node:  Return Node
[2025.07.22-00.56.13:274][252]PIE: Error: Blueprint Runtime Error: "Accessed None trying to read property K2Node_DynamicCast_AsPeoncito". Blueprint:  BarraVIda Function:  Get Text 0 Graph:  GetText_0 Node:  Return Node
[2025.07.22-00.56.13:289][253]PIE: Error: Blueprint Runtime Error: "Accessed None trying to read property K2Node_DynamicCast_AsPeoncito". Blueprint:  BarraVIda Function:  Get Text 0 Graph:  GetText_0 Node:  Return Node
[2025.07.22-00.56.13:306][254]PIE: Error: Blueprint Runtime Error: "Accessed None trying to read property K2Node_DynamicCast_AsPeoncito". Blueprint:  BarraVIda Function:  Get Text 0 Graph:  GetText_0 Node:  Return Node
[2025.07.22-00.56.13:324][255]PIE: Error: Blueprint Runtime Error: "Accessed None trying to read property K2Node_DynamicCast_AsPeoncito". Blueprint:  BarraVIda Function:  Get Text 0 Graph:  GetText_0 Node:  Return Node
[2025.07.22-00.56.13:343][256]PIE: Error: Blueprint Runtime Error: "Accessed None trying to read property K2Node_DynamicCast_AsPeoncito". Blueprint:  BarraVIda Function:  Get Text 0 Graph:  GetText_0 Node:  Return Node
[2025.07.22-00.56.13:363][257]PIE: Error: Blueprint Runtime Error: "Accessed None trying to read property K2Node_DynamicCast_AsPeoncito". Blueprint:  BarraVIda Function:  Get Text 0 Graph:  GetText_0 Node:  Return Node
[2025.07.22-00.56.13:383][258]PIE: Error: Blueprint Runtime Error: "Accessed None trying to read property K2Node_DynamicCast_AsPeoncito". Blueprint:  BarraVIda Function:  Get Text 0 Graph:  GetText_0 Node:  Return Node
[2025.07.22-00.56.13:401][259]PIE: Error: Blueprint Runtime Error: "Accessed None trying to read property K2Node_DynamicCast_AsPeoncito". Blueprint:  BarraVIda Function:  Get Text 0 Graph:  GetText_0 Node:  Return Node
[2025.07.22-00.56.13:420][260]PIE: Error: Blueprint Runtime Error: "Accessed None trying to read property K2Node_DynamicCast_AsPeoncito". Blueprint:  BarraVIda Function:  Get Text 0 Graph:  GetText_0 Node:  Return Node
[2025.07.22-00.56.13:438][261]PIE: Error: Blueprint Runtime Error: "Accessed None trying to read property K2Node_DynamicCast_AsPeoncito". Blueprint:  BarraVIda Function:  Get Text 0 Graph:  GetText_0 Node:  Return Node
[2025.07.22-00.56.13:456][262]PIE: Error: Blueprint Runtime Error: "Accessed None trying to read property K2Node_DynamicCast_AsPeoncito". Blueprint:  BarraVIda Function:  Get Text 0 Graph:  GetText_0 Node:  Return Node
[2025.07.22-00.56.13:471][263]PIE: Error: Blueprint Runtime Error: "Accessed None trying to read property K2Node_DynamicCast_AsPeoncito". Blueprint:  BarraVIda Function:  Get Text 0 Graph:  GetText_0 Node:  Return Node
[2025.07.22-00.56.13:487][264]PIE: Error: Blueprint Runtime Error: "Accessed None trying to read property K2Node_DynamicCast_AsPeoncito". Blueprint:  BarraVIda Function:  Get Text 0 Graph:  GetText_0 Node:  Return Node
[2025.07.22-00.56.13:505][265]PIE: Error: Blueprint Runtime Error: "Accessed None trying to read property K2Node_DynamicCast_AsPeoncito". Blueprint:  BarraVIda Function:  Get Text 0 Graph:  GetText_0 Node:  Return Node
[2025.07.22-00.56.13:523][266]PIE: Error: Blueprint Runtime Error: "Accessed None trying to read property K2Node_DynamicCast_AsPeoncito". Blueprint:  BarraVIda Function:  Get Text 0 Graph:  GetText_0 Node:  Return Node
[2025.07.22-00.56.13:541][267]PIE: Error: Blueprint Runtime Error: "Accessed None trying to read property K2Node_DynamicCast_AsPeoncito". Blueprint:  BarraVIda Function:  Get Text 0 Graph:  GetText_0 Node:  Return Node
[2025.07.22-00.56.13:558][268]PIE: Error: Blueprint Runtime Error: "Accessed None trying to read property K2Node_DynamicCast_AsPeoncito". Blueprint:  BarraVIda Function:  Get Text 0 Graph:  GetText_0 Node:  Return Node
[2025.07.22-00.56.13:577][269]PIE: Error: Blueprint Runtime Error: "Accessed None trying to read property K2Node_DynamicCast_AsPeoncito". Blueprint:  BarraVIda Function:  Get Text 0 Graph:  GetText_0 Node:  Return Node
[2025.07.22-00.56.13:593][270]PIE: Error: Blueprint Runtime Error: "Accessed None trying to read property K2Node_DynamicCast_AsPeoncito". Blueprint:  BarraVIda Function:  Get Text 0 Graph:  GetText_0 Node:  Return Node
[2025.07.22-00.56.13:609][271]PIE: Error: Blueprint Runtime Error: "Accessed None trying to read property K2Node_DynamicCast_AsPeoncito". Blueprint:  BarraVIda Function:  Get Text 0 Graph:  GetText_0 Node:  Return Node
[2025.07.22-00.56.13:626][272]PIE: Error: Blueprint Runtime Error: "Accessed None trying to read property K2Node_DynamicCast_AsPeoncito". Blueprint:  BarraVIda Function:  Get Text 0 Graph:  GetText_0 Node:  Return Node
[2025.07.22-00.56.13:643][273]PIE: Error: Blueprint Runtime Error: "Accessed None trying to read property K2Node_DynamicCast_AsPeoncito". Blueprint:  BarraVIda Function:  Get Text 0 Graph:  GetText_0 Node:  Return Node
[2025.07.22-00.56.13:661][274]PIE: Error: Blueprint Runtime Error: "Accessed None trying to read property K2Node_DynamicCast_AsPeoncito". Blueprint:  BarraVIda Function:  Get Text 0 Graph:  GetText_0 Node:  Return Node
[2025.07.22-00.56.13:760][275]LogSlate: Updating window title bar state: overlay mode, drag disabled, window buttons hidden, title bar hidden
[2025.07.22-00.56.13:760][275]LogWorld: BeginTearingDown for /Game/ThirdPersonBP/Maps/UEDPIE_0_Perdiste_Level
[2025.07.22-00.56.13:760][275]LogWorld: UWorld::CleanupWorld for Perdiste_Level, bSessionEnded=true, bCleanupResources=true
[2025.07.22-00.56.13:761][275]LogSlate: InvalidateAllWidgets triggered.  All widgets were invalidated
[2025.07.22-00.56.13:769][275]LogPlayLevel: Display: Shutting down PIE online subsystems
[2025.07.22-00.56.13:779][275]LogSlate: InvalidateAllWidgets triggered.  All widgets were invalidated
[2025.07.22-00.56.13:810][275]LogAudio: Display: Audio Device unregistered from world 'None'.
[2025.07.22-00.56.13:811][275]LogAudioMixer: FMixerPlatformXAudio2::StopAudioStream() called
[2025.07.22-00.56.13:811][275]LogAudioMixer: FMixerPlatformXAudio2::StopAudioStream() called
[2025.07.22-00.56.13:815][275]LogSlate: Updating window title bar state: overlay mode, drag disabled, window buttons hidden, title bar hidden
[2025.07.22-00.56.13:820][275]LogUObjectHash: Compacting FUObjectHashTables data took   3.68ms
[2025.07.22-00.56.14:077][276]LogPlayLevel: Display: Destroying online subsystem :Context_31
[2025.07.22-00.56.15:252][312]LogSlate: Window 'Message Log' being destroyed
[2025.07.22-00.56.15:274][312]LogSlate: Window 'Message Log' being destroyed
[2025.07.22-00.56.17:061][376]LogTemp: Repeating last play command: Selected Viewport
[2025.07.22-00.56.17:100][376]LogPlayLevel: PlayLevel: No blueprints needed recompiling
[2025.07.22-00.56.17:100][376]PIE: New page: PIE session: ThirdPersonExampleMap (Jul 21, 2025, 6:56:17 PM)
[2025.07.22-00.56.17:101][376]LogPlayLevel: Creating play world package: /Game/ThirdPersonBP/Maps/UEDPIE_0_ThirdPersonExampleMap
[2025.07.22-00.56.17:123][376]LogPlayLevel: PIE: StaticDuplicateObject took: (0.022203s)
[2025.07.22-00.56.17:123][376]LogAIModule: Creating AISystem for world ThirdPersonExampleMap
[2025.07.22-00.56.17:123][376]LogPlayLevel: PIE: World Init took: (0.001160s)
[2025.07.22-00.56.17:125][376]LogPlayLevel: PIE: Created PIE world by copying editor world from /Game/ThirdPersonBP/Maps/ThirdPersonExampleMap.ThirdPersonExampleMap to /Game/ThirdPersonBP/Maps/UEDPIE_0_ThirdPersonExampleMap.ThirdPersonExampleMap (0.023544s)
[2025.07.22-00.56.17:174][376]LogUObjectHash: Compacting FUObjectHashTables data took   5.11ms
[2025.07.22-00.56.17:176][376]LogAudio: Display: Creating Audio Device:                 Id: 8, Scope: Unique, Realtime: True
[2025.07.22-00.56.17:176][376]LogAudioMixer: Display: Audio Mixer Platform Settings:
[2025.07.22-00.56.17:176][376]LogAudioMixer: Display: 	Sample Rate:						  48000
[2025.07.22-00.56.17:176][376]LogAudioMixer: Display: 	Callback Buffer Frame Size Requested: 1024
[2025.07.22-00.56.17:176][376]LogAudioMixer: Display: 	Callback Buffer Frame Size To Use:	  1024
[2025.07.22-00.56.17:176][376]LogAudioMixer: Display: 	Number of buffers to queue:			  2
[2025.07.22-00.56.17:176][376]LogAudioMixer: Display: 	Max Channels (voices):				  32
[2025.07.22-00.56.17:176][376]LogAudioMixer: Display: 	Number of Async Source Workers:		  0
[2025.07.22-00.56.17:176][376]LogAudio: Display: AudioDevice MaxSources: 32
[2025.07.22-00.56.17:177][376]LogAudio: Display: Audio Spatialization Plugin: None (built-in).
[2025.07.22-00.56.17:177][376]LogAudio: Display: Audio Reverb Plugin: None (built-in).
[2025.07.22-00.56.17:177][376]LogAudio: Display: Audio Occlusion Plugin: None (built-in).
[2025.07.22-00.56.17:177][376]LogAudioMixer: Display: Initializing audio mixer.
[2025.07.22-00.56.17:185][376]LogAudioMixer: Display: 0: FrontLeft
[2025.07.22-00.56.17:185][376]LogAudioMixer: Display: 1: FrontRight
[2025.07.22-00.56.17:215][376]LogAudioMixer: Display: Using Audio Device Headphones (SOUNDPEATS Opera05)
[2025.07.22-00.56.17:216][376]LogAudioMixer: Display: Initializing Sound Submixes...
[2025.07.22-00.56.17:216][376]LogAudioMixer: Display: Creating Master Submix 'MasterSubmixDefault'
[2025.07.22-00.56.17:216][376]LogAudioMixer: Display: Creating Master Submix 'MasterReverbSubmixDefault'
[2025.07.22-00.56.17:217][376]LogAudioMixer: Display: Creating Master Submix 'MasterEQSubmixDefault'
[2025.07.22-00.56.17:217][376]LogAudioMixer: FMixerPlatformXAudio2::StartAudioStream() called
[2025.07.22-00.56.17:217][376]LogAudioMixer: Display: Output buffers initialized: Frames=1024, Channels=2, Samples=2048
[2025.07.22-00.56.17:218][376]LogAudioMixer: Display: Starting AudioMixerPlatformInterface::RunInternal()
[2025.07.22-00.56.17:218][376]LogAudioMixer: Display: FMixerPlatformXAudio2::SubmitBuffer() called for the first time
[2025.07.22-00.56.17:218][376]LogInit: FAudioDevice initialized.
[2025.07.22-00.56.17:218][376]LogAudio: Display: Audio Device (ID: 8) registered with world 'ThirdPersonExampleMap'.
[2025.07.22-00.56.17:229][376]LogLoad: Game class is 'ReglasJuego_C'
[2025.07.22-00.56.17:243][376]LogWorld: Bringing World /Game/ThirdPersonBP/Maps/UEDPIE_0_ThirdPersonExampleMap.ThirdPersonExampleMap up for play (max tick rate 60) at 2025.07.21-21.56.17
[2025.07.22-00.56.17:244][376]LogWorld: Bringing up level for play took: 0.013286
[2025.07.22-00.56.17:244][376]LogOnline: OSS: Creating online subsystem instance for: :Context_32
[2025.07.22-00.56.17:248][376]LogBlueprintUserMessages: [plataforma_2] Buenas buenas!
[2025.07.22-00.56.17:251][376]PIE: Server logged in
[2025.07.22-00.56.17:252][376]PIE: Play in editor total start time 0.174 seconds.
[2025.07.22-00.56.20:452][514]LogBlueprintUserMessages: [Balaza_C_0] Le reste 20 al peoncito
[2025.07.22-00.56.20:505][516]LogBlueprintUserMessages: [EnemyCharacter_2] Golem aniquilado
[2025.07.22-00.56.21:594][563]LogBlueprintUserMessages: [enemy_bullet_C_0] El peoncito perdio 10 de vida!!!!
[2025.07.22-00.56.22:050][581]LogBlueprintUserMessages: [enemy_bullet_C_4] El peoncito perdio 10 de vida!!!!
[2025.07.22-00.56.22:184][587]LogBlueprintUserMessages: [Balaza_C_1] Le reste 20 al peoncito
[2025.07.22-00.56.23:609][648]LogBlueprintUserMessages: [enemy_misil_C_0] El peoncito perdio 10 de vida!!!!
[2025.07.22-00.56.24:286][679]LogBlueprintUserMessages: [Balaza_C_5] Le reste 20 al peoncito
[2025.07.22-00.56.24:287][679]LogBlueprintUserMessages: [peoncito_2] El peoncito murio
[2025.07.22-00.56.24:287][679]LogBlueprintUserMessages: [ReglasJuego_C_0] Noo, perdiste!
[2025.07.22-00.56.24:291][679]LogScript: Warning: Accessed None trying to read property K2Node_DynamicCast_AsPeoncito
	BarraVIda_C /Engine/Transient.UnrealEdEngine_0:GameInstance_6.BarraVIda_C_0
	Function /Game/ThirdPersonBP/Blueprints/blueprints/BarraVIda.BarraVIda_C:GetText_0:0099
[2025.07.22-00.56.24:291][679]PIE: Error: Blueprint Runtime Error: "Accessed None trying to read property K2Node_DynamicCast_AsPeoncito". Blueprint:  BarraVIda Function:  Get Text 0 Graph:  GetText_0 Node:  Return Node
[2025.07.22-00.56.24:307][680]LogNet: Browse: /Game/ThirdPersonBP/Maps/Perdiste_Level
[2025.07.22-00.56.24:307][680]LogLoad: LoadMap: /Game/ThirdPersonBP/Maps/Perdiste_Level
[2025.07.22-00.56.24:307][680]LogWorld: BeginTearingDown for /Game/ThirdPersonBP/Maps/UEDPIE_0_ThirdPersonExampleMap
[2025.07.22-00.56.24:308][680]LogWorld: UWorld::CleanupWorld for ThirdPersonExampleMap, bSessionEnded=true, bCleanupResources=true
[2025.07.22-00.56.24:311][680]LogSlate: InvalidateAllWidgets triggered.  All widgets were invalidated
[2025.07.22-00.56.24:394][680]LogAudio: Display: Audio Device unregistered from world 'None'.
[2025.07.22-00.56.24:401][680]LogUObjectHash: Compacting FUObjectHashTables data took   4.00ms
[2025.07.22-00.56.24:421][680]LogAudio: Display: Audio Device (ID: 8) registered with world 'Perdiste_Level'.
[2025.07.22-00.56.24:422][680]LogAIModule: Creating AISystem for world Perdiste_Level
[2025.07.22-00.56.24:422][680]LogLoad: Game class is 'ReglasJuego_C'
[2025.07.22-00.56.24:474][680]LogWorld: Bringing World /Game/ThirdPersonBP/Maps/UEDPIE_0_Perdiste_Level.Perdiste_Level up for play (max tick rate 60) at 2025.07.21-21.56.24
[2025.07.22-00.56.24:475][680]LogWorld: Bringing up level for play took: 0.051317
[2025.07.22-00.56.24:475][680]LogGameMode: FindPlayerStart: PATHS NOT DEFINED or NO PLAYERSTART with positive rating
[2025.07.22-00.56.24:477][680]LogBlueprintUserMessages: [plataforma_2] Buenas buenas!
[2025.07.22-00.56.24:478][680]LogLoad: Took 0.171135 seconds to LoadMap(/Game/ThirdPersonBP/Maps/Perdiste_Level)
[2025.07.22-00.56.24:549][680]PIE: Error: Blueprint Runtime Error: "Accessed None trying to read property K2Node_DynamicCast_AsPeoncito". Blueprint:  BarraVIda Function:  Get Text 0 Graph:  GetText_0 Node:  Return Node
[2025.07.22-00.56.24:577][681]PIE: Error: Blueprint Runtime Error: "Accessed None trying to read property K2Node_DynamicCast_AsPeoncito". Blueprint:  BarraVIda Function:  Get Text 0 Graph:  GetText_0 Node:  Return Node
[2025.07.22-00.56.24:594][682]PIE: Error: Blueprint Runtime Error: "Accessed None trying to read property K2Node_DynamicCast_AsPeoncito". Blueprint:  BarraVIda Function:  Get Text 0 Graph:  GetText_0 Node:  Return Node
[2025.07.22-00.56.24:611][683]PIE: Error: Blueprint Runtime Error: "Accessed None trying to read property K2Node_DynamicCast_AsPeoncito". Blueprint:  BarraVIda Function:  Get Text 0 Graph:  GetText_0 Node:  Return Node
[2025.07.22-00.56.24:629][684]PIE: Error: Blueprint Runtime Error: "Accessed None trying to read property K2Node_DynamicCast_AsPeoncito". Blueprint:  BarraVIda Function:  Get Text 0 Graph:  GetText_0 Node:  Return Node
[2025.07.22-00.56.24:646][685]PIE: Error: Blueprint Runtime Error: "Accessed None trying to read property K2Node_DynamicCast_AsPeoncito". Blueprint:  BarraVIda Function:  Get Text 0 Graph:  GetText_0 Node:  Return Node
[2025.07.22-00.56.24:663][686]PIE: Error: Blueprint Runtime Error: "Accessed None trying to read property K2Node_DynamicCast_AsPeoncito". Blueprint:  BarraVIda Function:  Get Text 0 Graph:  GetText_0 Node:  Return Node
[2025.07.22-00.56.24:679][687]PIE: Error: Blueprint Runtime Error: "Accessed None trying to read property K2Node_DynamicCast_AsPeoncito". Blueprint:  BarraVIda Function:  Get Text 0 Graph:  GetText_0 Node:  Return Node
[2025.07.22-00.56.24:696][688]PIE: Error: Blueprint Runtime Error: "Accessed None trying to read property K2Node_DynamicCast_AsPeoncito". Blueprint:  BarraVIda Function:  Get Text 0 Graph:  GetText_0 Node:  Return Node
[2025.07.22-00.56.24:714][689]PIE: Error: Blueprint Runtime Error: "Accessed None trying to read property K2Node_DynamicCast_AsPeoncito". Blueprint:  BarraVIda Function:  Get Text 0 Graph:  GetText_0 Node:  Return Node
[2025.07.22-00.56.24:730][690]PIE: Error: Blueprint Runtime Error: "Accessed None trying to read property K2Node_DynamicCast_AsPeoncito". Blueprint:  BarraVIda Function:  Get Text 0 Graph:  GetText_0 Node:  Return Node
[2025.07.22-00.56.24:747][691]PIE: Error: Blueprint Runtime Error: "Accessed None trying to read property K2Node_DynamicCast_AsPeoncito". Blueprint:  BarraVIda Function:  Get Text 0 Graph:  GetText_0 Node:  Return Node
[2025.07.22-00.56.24:763][692]PIE: Error: Blueprint Runtime Error: "Accessed None trying to read property K2Node_DynamicCast_AsPeoncito". Blueprint:  BarraVIda Function:  Get Text 0 Graph:  GetText_0 Node:  Return Node
[2025.07.22-00.56.24:780][693]PIE: Error: Blueprint Runtime Error: "Accessed None trying to read property K2Node_DynamicCast_AsPeoncito". Blueprint:  BarraVIda Function:  Get Text 0 Graph:  GetText_0 Node:  Return Node
[2025.07.22-00.56.24:798][694]PIE: Error: Blueprint Runtime Error: "Accessed None trying to read property K2Node_DynamicCast_AsPeoncito". Blueprint:  BarraVIda Function:  Get Text 0 Graph:  GetText_0 Node:  Return Node
[2025.07.22-00.56.24:815][695]PIE: Error: Blueprint Runtime Error: "Accessed None trying to read property K2Node_DynamicCast_AsPeoncito". Blueprint:  BarraVIda Function:  Get Text 0 Graph:  GetText_0 Node:  Return Node
[2025.07.22-00.56.24:833][696]PIE: Error: Blueprint Runtime Error: "Accessed None trying to read property K2Node_DynamicCast_AsPeoncito". Blueprint:  BarraVIda Function:  Get Text 0 Graph:  GetText_0 Node:  Return Node
[2025.07.22-00.56.24:851][697]PIE: Error: Blueprint Runtime Error: "Accessed None trying to read property K2Node_DynamicCast_AsPeoncito". Blueprint:  BarraVIda Function:  Get Text 0 Graph:  GetText_0 Node:  Return Node
[2025.07.22-00.56.24:869][698]PIE: Error: Blueprint Runtime Error: "Accessed None trying to read property K2Node_DynamicCast_AsPeoncito". Blueprint:  BarraVIda Function:  Get Text 0 Graph:  GetText_0 Node:  Return Node
[2025.07.22-00.56.24:888][699]PIE: Error: Blueprint Runtime Error: "Accessed None trying to read property K2Node_DynamicCast_AsPeoncito". Blueprint:  BarraVIda Function:  Get Text 0 Graph:  GetText_0 Node:  Return Node
[2025.07.22-00.56.24:905][700]PIE: Error: Blueprint Runtime Error: "Accessed None trying to read property K2Node_DynamicCast_AsPeoncito". Blueprint:  BarraVIda Function:  Get Text 0 Graph:  GetText_0 Node:  Return Node
[2025.07.22-00.56.24:923][701]PIE: Error: Blueprint Runtime Error: "Accessed None trying to read property K2Node_DynamicCast_AsPeoncito". Blueprint:  BarraVIda Function:  Get Text 0 Graph:  GetText_0 Node:  Return Node
[2025.07.22-00.56.24:940][702]PIE: Error: Blueprint Runtime Error: "Accessed None trying to read property K2Node_DynamicCast_AsPeoncito". Blueprint:  BarraVIda Function:  Get Text 0 Graph:  GetText_0 Node:  Return Node
[2025.07.22-00.56.24:957][703]PIE: Error: Blueprint Runtime Error: "Accessed None trying to read property K2Node_DynamicCast_AsPeoncito". Blueprint:  BarraVIda Function:  Get Text 0 Graph:  GetText_0 Node:  Return Node
[2025.07.22-00.56.24:974][704]PIE: Error: Blueprint Runtime Error: "Accessed None trying to read property K2Node_DynamicCast_AsPeoncito". Blueprint:  BarraVIda Function:  Get Text 0 Graph:  GetText_0 Node:  Return Node
[2025.07.22-00.56.24:990][705]PIE: Error: Blueprint Runtime Error: "Accessed None trying to read property K2Node_DynamicCast_AsPeoncito". Blueprint:  BarraVIda Function:  Get Text 0 Graph:  GetText_0 Node:  Return Node
[2025.07.22-00.56.25:007][706]PIE: Error: Blueprint Runtime Error: "Accessed None trying to read property K2Node_DynamicCast_AsPeoncito". Blueprint:  BarraVIda Function:  Get Text 0 Graph:  GetText_0 Node:  Return Node
[2025.07.22-00.56.25:024][707]PIE: Error: Blueprint Runtime Error: "Accessed None trying to read property K2Node_DynamicCast_AsPeoncito". Blueprint:  BarraVIda Function:  Get Text 0 Graph:  GetText_0 Node:  Return Node
[2025.07.22-00.56.25:050][708]PIE: Error: Blueprint Runtime Error: "Accessed None trying to read property K2Node_DynamicCast_AsPeoncito". Blueprint:  BarraVIda Function:  Get Text 0 Graph:  GetText_0 Node:  Return Node
[2025.07.22-00.56.25:087][709]PIE: Error: Blueprint Runtime Error: "Accessed None trying to read property K2Node_DynamicCast_AsPeoncito". Blueprint:  BarraVIda Function:  Get Text 0 Graph:  GetText_0 Node:  Return Node
[2025.07.22-00.56.25:125][710]PIE: Error: Blueprint Runtime Error: "Accessed None trying to read property K2Node_DynamicCast_AsPeoncito". Blueprint:  BarraVIda Function:  Get Text 0 Graph:  GetText_0 Node:  Return Node
[2025.07.22-00.56.25:166][711]PIE: Error: Blueprint Runtime Error: "Accessed None trying to read property K2Node_DynamicCast_AsPeoncito". Blueprint:  BarraVIda Function:  Get Text 0 Graph:  GetText_0 Node:  Return Node
[2025.07.22-00.56.25:196][712]PIE: Error: Blueprint Runtime Error: "Accessed None trying to read property K2Node_DynamicCast_AsPeoncito". Blueprint:  BarraVIda Function:  Get Text 0 Graph:  GetText_0 Node:  Return Node
[2025.07.22-00.56.25:221][713]PIE: Error: Blueprint Runtime Error: "Accessed None trying to read property K2Node_DynamicCast_AsPeoncito". Blueprint:  BarraVIda Function:  Get Text 0 Graph:  GetText_0 Node:  Return Node
[2025.07.22-00.56.25:243][714]PIE: Error: Blueprint Runtime Error: "Accessed None trying to read property K2Node_DynamicCast_AsPeoncito". Blueprint:  BarraVIda Function:  Get Text 0 Graph:  GetText_0 Node:  Return Node
[2025.07.22-00.56.25:266][715]PIE: Error: Blueprint Runtime Error: "Accessed None trying to read property K2Node_DynamicCast_AsPeoncito". Blueprint:  BarraVIda Function:  Get Text 0 Graph:  GetText_0 Node:  Return Node
[2025.07.22-00.56.25:290][716]PIE: Error: Blueprint Runtime Error: "Accessed None trying to read property K2Node_DynamicCast_AsPeoncito". Blueprint:  BarraVIda Function:  Get Text 0 Graph:  GetText_0 Node:  Return Node
[2025.07.22-00.56.25:313][717]PIE: Error: Blueprint Runtime Error: "Accessed None trying to read property K2Node_DynamicCast_AsPeoncito". Blueprint:  BarraVIda Function:  Get Text 0 Graph:  GetText_0 Node:  Return Node
[2025.07.22-00.56.25:335][718]PIE: Error: Blueprint Runtime Error: "Accessed None trying to read property K2Node_DynamicCast_AsPeoncito". Blueprint:  BarraVIda Function:  Get Text 0 Graph:  GetText_0 Node:  Return Node
[2025.07.22-00.56.25:354][719]PIE: Error: Blueprint Runtime Error: "Accessed None trying to read property K2Node_DynamicCast_AsPeoncito". Blueprint:  BarraVIda Function:  Get Text 0 Graph:  GetText_0 Node:  Return Node
[2025.07.22-00.56.25:370][720]PIE: Error: Blueprint Runtime Error: "Accessed None trying to read property K2Node_DynamicCast_AsPeoncito". Blueprint:  BarraVIda Function:  Get Text 0 Graph:  GetText_0 Node:  Return Node
[2025.07.22-00.56.25:386][721]PIE: Error: Blueprint Runtime Error: "Accessed None trying to read property K2Node_DynamicCast_AsPeoncito". Blueprint:  BarraVIda Function:  Get Text 0 Graph:  GetText_0 Node:  Return Node
[2025.07.22-00.56.25:404][722]PIE: Error: Blueprint Runtime Error: "Accessed None trying to read property K2Node_DynamicCast_AsPeoncito". Blueprint:  BarraVIda Function:  Get Text 0 Graph:  GetText_0 Node:  Return Node
[2025.07.22-00.56.25:420][723]PIE: Error: Blueprint Runtime Error: "Accessed None trying to read property K2Node_DynamicCast_AsPeoncito". Blueprint:  BarraVIda Function:  Get Text 0 Graph:  GetText_0 Node:  Return Node
[2025.07.22-00.56.25:436][724]PIE: Error: Blueprint Runtime Error: "Accessed None trying to read property K2Node_DynamicCast_AsPeoncito". Blueprint:  BarraVIda Function:  Get Text 0 Graph:  GetText_0 Node:  Return Node
[2025.07.22-00.56.25:454][725]PIE: Error: Blueprint Runtime Error: "Accessed None trying to read property K2Node_DynamicCast_AsPeoncito". Blueprint:  BarraVIda Function:  Get Text 0 Graph:  GetText_0 Node:  Return Node
[2025.07.22-00.56.25:470][726]PIE: Error: Blueprint Runtime Error: "Accessed None trying to read property K2Node_DynamicCast_AsPeoncito". Blueprint:  BarraVIda Function:  Get Text 0 Graph:  GetText_0 Node:  Return Node
[2025.07.22-00.56.25:487][727]PIE: Error: Blueprint Runtime Error: "Accessed None trying to read property K2Node_DynamicCast_AsPeoncito". Blueprint:  BarraVIda Function:  Get Text 0 Graph:  GetText_0 Node:  Return Node
[2025.07.22-00.56.25:504][728]PIE: Error: Blueprint Runtime Error: "Accessed None trying to read property K2Node_DynamicCast_AsPeoncito". Blueprint:  BarraVIda Function:  Get Text 0 Graph:  GetText_0 Node:  Return Node
[2025.07.22-00.56.25:521][729]PIE: Error: Blueprint Runtime Error: "Accessed None trying to read property K2Node_DynamicCast_AsPeoncito". Blueprint:  BarraVIda Function:  Get Text 0 Graph:  GetText_0 Node:  Return Node
[2025.07.22-00.56.25:539][730]PIE: Error: Blueprint Runtime Error: "Accessed None trying to read property K2Node_DynamicCast_AsPeoncito". Blueprint:  BarraVIda Function:  Get Text 0 Graph:  GetText_0 Node:  Return Node
[2025.07.22-00.56.25:558][731]PIE: Error: Blueprint Runtime Error: "Accessed None trying to read property K2Node_DynamicCast_AsPeoncito". Blueprint:  BarraVIda Function:  Get Text 0 Graph:  GetText_0 Node:  Return Node
[2025.07.22-00.56.25:577][732]PIE: Error: Blueprint Runtime Error: "Accessed None trying to read property K2Node_DynamicCast_AsPeoncito". Blueprint:  BarraVIda Function:  Get Text 0 Graph:  GetText_0 Node:  Return Node
[2025.07.22-00.56.25:600][733]PIE: Error: Blueprint Runtime Error: "Accessed None trying to read property K2Node_DynamicCast_AsPeoncito". Blueprint:  BarraVIda Function:  Get Text 0 Graph:  GetText_0 Node:  Return Node
[2025.07.22-00.56.25:686][734]LogSlate: Updating window title bar state: overlay mode, drag disabled, window buttons hidden, title bar hidden
[2025.07.22-00.56.25:687][734]LogWorld: BeginTearingDown for /Game/ThirdPersonBP/Maps/UEDPIE_0_Perdiste_Level
[2025.07.22-00.56.25:687][734]LogWorld: UWorld::CleanupWorld for Perdiste_Level, bSessionEnded=true, bCleanupResources=true
[2025.07.22-00.56.25:688][734]LogSlate: InvalidateAllWidgets triggered.  All widgets were invalidated
[2025.07.22-00.56.25:696][734]LogPlayLevel: Display: Shutting down PIE online subsystems
[2025.07.22-00.56.25:706][734]LogSlate: InvalidateAllWidgets triggered.  All widgets were invalidated
[2025.07.22-00.56.25:743][734]LogSlate: Updating window title bar state: overlay mode, drag disabled, window buttons hidden, title bar hidden
[2025.07.22-00.56.25:744][734]LogAudioMixer: FMixerPlatformXAudio2::StopAudioStream() called
[2025.07.22-00.56.25:745][734]LogAudioMixer: FMixerPlatformXAudio2::StopAudioStream() called
[2025.07.22-00.56.25:756][734]LogUObjectHash: Compacting FUObjectHashTables data took   4.49ms
[2025.07.22-00.56.25:988][735]LogPlayLevel: Display: Destroying online subsystem :Context_32
[2025.07.22-00.56.27:155][773]LogSlate: Window 'Message Log' being destroyed
[2025.07.22-00.56.27:197][773]LogSlate: Window 'Message Log' being destroyed
[2025.07.22-00.56.28:081][808]LogEditorViewport: Clicking on Actor (LMB): EnemyCharacter_C (EnemyCharacter)
[2025.07.22-00.56.31:489][936]LogUObjectHash: Compacting FUObjectHashTables data took   5.35ms
[2025.07.22-00.56.31:622][936]LogSavePackage: Moving '../../../../../UTN-e-learning/Unreal-Engine/Unreal-Projects/TP_PreEntrega/Saved/ThirdPersonExampleMap2F9C94D8419AF1357B45E8BC3E1D4718.tmp' to '../../../../../UTN-e-learning/Unreal-Engine/Unreal-Projects/TP_PreEntrega/Content/ThirdPersonBP/Maps/ThirdPersonExampleMap.umap'
[2025.07.22-00.56.31:904][936]LogSavePackage: Moving '../../../../../UTN-e-learning/Unreal-Engine/Unreal-Projects/TP_PreEntrega/Saved/ThirdPersonExampleMap_BuiltDataEA6F6C0B4B41F8CC6943AD8D85DEB2A5.tmp' to '../../../../../UTN-e-learning/Unreal-Engine/Unreal-Projects/TP_PreEntrega/Content/ThirdPersonBP/Maps/ThirdPersonExampleMap_BuiltData.uasset'
[2025.07.22-00.56.31:938][936]AssetCheck: New page: Asset Save: multiple assets
[2025.07.22-00.56.31:938][936]LogContentValidation: Display: Validating MapBuildDataRegistry /Game/ThirdPersonBP/Maps/ThirdPersonExampleMap_BuiltData.ThirdPersonExampleMap_BuiltData
[2025.07.22-00.56.31:938][936]LogContentValidation: Display: Validating World /Game/ThirdPersonBP/Maps/ThirdPersonExampleMap.ThirdPersonExampleMap
[2025.07.22-00.56.33:243][985]LogTemp: Repeating last play command: Selected Viewport
[2025.07.22-00.56.33:282][985]LogPlayLevel: PlayLevel: No blueprints needed recompiling
[2025.07.22-00.56.33:282][985]PIE: New page: PIE session: ThirdPersonExampleMap (Jul 21, 2025, 6:56:33 PM)
[2025.07.22-00.56.33:282][985]LogPlayLevel: Creating play world package: /Game/ThirdPersonBP/Maps/UEDPIE_0_ThirdPersonExampleMap
[2025.07.22-00.56.33:306][985]LogPlayLevel: PIE: StaticDuplicateObject took: (0.024150s)
[2025.07.22-00.56.33:307][985]LogAIModule: Creating AISystem for world ThirdPersonExampleMap
[2025.07.22-00.56.33:308][985]LogPlayLevel: PIE: World Init took: (0.001238s)
[2025.07.22-00.56.33:308][985]LogPlayLevel: PIE: Created PIE world by copying editor world from /Game/ThirdPersonBP/Maps/ThirdPersonExampleMap.ThirdPersonExampleMap to /Game/ThirdPersonBP/Maps/UEDPIE_0_ThirdPersonExampleMap.ThirdPersonExampleMap (0.025583s)
[2025.07.22-00.56.33:359][985]LogUObjectHash: Compacting FUObjectHashTables data took   6.40ms
[2025.07.22-00.56.33:360][985]LogAudio: Display: Creating Audio Device:                 Id: 9, Scope: Unique, Realtime: True
[2025.07.22-00.56.33:360][985]LogAudioMixer: Display: Audio Mixer Platform Settings:
[2025.07.22-00.56.33:360][985]LogAudioMixer: Display: 	Sample Rate:						  48000
[2025.07.22-00.56.33:360][985]LogAudioMixer: Display: 	Callback Buffer Frame Size Requested: 1024
[2025.07.22-00.56.33:360][985]LogAudioMixer: Display: 	Callback Buffer Frame Size To Use:	  1024
[2025.07.22-00.56.33:360][985]LogAudioMixer: Display: 	Number of buffers to queue:			  2
[2025.07.22-00.56.33:360][985]LogAudioMixer: Display: 	Max Channels (voices):				  32
[2025.07.22-00.56.33:360][985]LogAudioMixer: Display: 	Number of Async Source Workers:		  0
[2025.07.22-00.56.33:360][985]LogAudio: Display: AudioDevice MaxSources: 32
[2025.07.22-00.56.33:362][985]LogAudio: Display: Audio Spatialization Plugin: None (built-in).
[2025.07.22-00.56.33:362][985]LogAudio: Display: Audio Reverb Plugin: None (built-in).
[2025.07.22-00.56.33:362][985]LogAudio: Display: Audio Occlusion Plugin: None (built-in).
[2025.07.22-00.56.33:362][985]LogAudioMixer: Display: Initializing audio mixer.
[2025.07.22-00.56.33:370][985]LogAudioMixer: Display: 0: FrontLeft
[2025.07.22-00.56.33:370][985]LogAudioMixer: Display: 1: FrontRight
[2025.07.22-00.56.33:397][985]LogAudioMixer: Display: Using Audio Device Headphones (SOUNDPEATS Opera05)
[2025.07.22-00.56.33:397][985]LogAudioMixer: Display: Initializing Sound Submixes...
[2025.07.22-00.56.33:397][985]LogAudioMixer: Display: Creating Master Submix 'MasterSubmixDefault'
[2025.07.22-00.56.33:397][985]LogAudioMixer: Display: Creating Master Submix 'MasterReverbSubmixDefault'
[2025.07.22-00.56.33:398][985]LogAudioMixer: Display: Creating Master Submix 'MasterEQSubmixDefault'
[2025.07.22-00.56.33:398][985]LogAudioMixer: FMixerPlatformXAudio2::StartAudioStream() called
[2025.07.22-00.56.33:398][985]LogAudioMixer: Display: Output buffers initialized: Frames=1024, Channels=2, Samples=2048
[2025.07.22-00.56.33:400][985]LogAudioMixer: Display: Starting AudioMixerPlatformInterface::RunInternal()
[2025.07.22-00.56.33:400][985]LogAudioMixer: Display: FMixerPlatformXAudio2::SubmitBuffer() called for the first time
[2025.07.22-00.56.33:400][985]LogInit: FAudioDevice initialized.
[2025.07.22-00.56.33:400][985]LogAudio: Display: Audio Device (ID: 9) registered with world 'ThirdPersonExampleMap'.
[2025.07.22-00.56.33:408][985]LogLoad: Game class is 'ReglasJuego_C'
[2025.07.22-00.56.33:417][985]LogWorld: Bringing World /Game/ThirdPersonBP/Maps/UEDPIE_0_ThirdPersonExampleMap.ThirdPersonExampleMap up for play (max tick rate 60) at 2025.07.21-21.56.33
[2025.07.22-00.56.33:418][985]LogWorld: Bringing up level for play took: 0.009909
[2025.07.22-00.56.33:419][985]LogOnline: OSS: Creating online subsystem instance for: :Context_33
[2025.07.22-00.56.33:421][985]LogBlueprintUserMessages: [plataforma_2] Buenas buenas!
[2025.07.22-00.56.33:424][985]PIE: Server logged in
[2025.07.22-00.56.33:425][985]PIE: Play in editor total start time 0.165 seconds.
[2025.07.22-00.56.39:327][279]LogBlueprintUserMessages: [enemy_bullet_C_9] El peoncito perdio 10 de vida!!!!
[2025.07.22-00.56.41:266][363]LogBlueprintUserMessages: [Balaza2_C_2] Le reste 30 al peoncito
[2025.07.22-00.56.41:319][366]LogBlueprintUserMessages: [enemy_bullet_C_14] El peoncito perdio 10 de vida!!!!
[2025.07.22-00.56.41:540][376]LogBlueprintUserMessages: [Balaza_C_7] Le reste 20 al peoncito
[2025.07.22-00.56.42:371][406]LogBlueprintUserMessages: [enemy_bullet_C_16] El peoncito perdio 10 de vida!!!!
[2025.07.22-00.56.43:585][455]LogBlueprintUserMessages: [Torreta_2] algo me ataveso!
[2025.07.22-00.56.46:039][565]LogBlueprintUserMessages: [enemy_bullet_C_26] El peoncito perdio 10 de vida!!!!
[2025.07.22-00.56.48:337][647]LogBlueprintUserMessages: [Balaza_C_13] Le reste 20 al peoncito
[2025.07.22-00.56.48:338][647]LogBlueprintUserMessages: [peoncito_2] El peoncito murio
[2025.07.22-00.56.48:338][647]LogBlueprintUserMessages: [ReglasJuego_C_0] Noo, perdiste!
[2025.07.22-00.56.48:344][647]LogScript: Warning: Accessed None trying to read property K2Node_DynamicCast_AsPeoncito
	BarraVIda_C /Engine/Transient.UnrealEdEngine_0:GameInstance_7.BarraVIda_C_0
	Function /Game/ThirdPersonBP/Blueprints/blueprints/BarraVIda.BarraVIda_C:GetText_0:0099
[2025.07.22-00.56.48:344][647]PIE: Error: Blueprint Runtime Error: "Accessed None trying to read property K2Node_DynamicCast_AsPeoncito". Blueprint:  BarraVIda Function:  Get Text 0 Graph:  GetText_0 Node:  Return Node
[2025.07.22-00.56.48:368][648]LogNet: Browse: /Game/ThirdPersonBP/Maps/Perdiste_Level
[2025.07.22-00.56.48:369][648]LogLoad: LoadMap: /Game/ThirdPersonBP/Maps/Perdiste_Level
[2025.07.22-00.56.48:369][648]LogWorld: BeginTearingDown for /Game/ThirdPersonBP/Maps/UEDPIE_0_ThirdPersonExampleMap
[2025.07.22-00.56.48:369][648]LogWorld: UWorld::CleanupWorld for ThirdPersonExampleMap, bSessionEnded=true, bCleanupResources=true
[2025.07.22-00.56.48:373][648]LogSlate: InvalidateAllWidgets triggered.  All widgets were invalidated
[2025.07.22-00.56.48:468][648]LogAudio: Display: Audio Device unregistered from world 'None'.
[2025.07.22-00.56.48:476][648]LogUObjectHash: Compacting FUObjectHashTables data took   4.77ms
[2025.07.22-00.56.48:509][648]LogAudio: Display: Audio Device (ID: 9) registered with world 'Perdiste_Level'.
[2025.07.22-00.56.48:511][648]LogAIModule: Creating AISystem for world Perdiste_Level
[2025.07.22-00.56.48:512][648]LogLoad: Game class is 'ReglasJuego_C'
[2025.07.22-00.56.48:584][648]LogWorld: Bringing World /Game/ThirdPersonBP/Maps/UEDPIE_0_Perdiste_Level.Perdiste_Level up for play (max tick rate 60) at 2025.07.21-21.56.48
[2025.07.22-00.56.48:585][648]LogWorld: Bringing up level for play took: 0.071150
[2025.07.22-00.56.48:585][648]LogGameMode: FindPlayerStart: PATHS NOT DEFINED or NO PLAYERSTART with positive rating
[2025.07.22-00.56.48:588][648]LogBlueprintUserMessages: [plataforma_2] Buenas buenas!
[2025.07.22-00.56.48:590][648]LogLoad: Took 0.221525 seconds to LoadMap(/Game/ThirdPersonBP/Maps/Perdiste_Level)
[2025.07.22-00.56.48:669][648]PIE: Error: Blueprint Runtime Error: "Accessed None trying to read property K2Node_DynamicCast_AsPeoncito". Blueprint:  BarraVIda Function:  Get Text 0 Graph:  GetText_0 Node:  Return Node
[2025.07.22-00.56.48:711][649]PIE: Error: Blueprint Runtime Error: "Accessed None trying to read property K2Node_DynamicCast_AsPeoncito". Blueprint:  BarraVIda Function:  Get Text 0 Graph:  GetText_0 Node:  Return Node
[2025.07.22-00.56.48:729][650]PIE: Error: Blueprint Runtime Error: "Accessed None trying to read property K2Node_DynamicCast_AsPeoncito". Blueprint:  BarraVIda Function:  Get Text 0 Graph:  GetText_0 Node:  Return Node
[2025.07.22-00.56.48:746][651]PIE: Error: Blueprint Runtime Error: "Accessed None trying to read property K2Node_DynamicCast_AsPeoncito". Blueprint:  BarraVIda Function:  Get Text 0 Graph:  GetText_0 Node:  Return Node
[2025.07.22-00.56.48:761][652]PIE: Error: Blueprint Runtime Error: "Accessed None trying to read property K2Node_DynamicCast_AsPeoncito". Blueprint:  BarraVIda Function:  Get Text 0 Graph:  GetText_0 Node:  Return Node
[2025.07.22-00.56.48:777][653]PIE: Error: Blueprint Runtime Error: "Accessed None trying to read property K2Node_DynamicCast_AsPeoncito". Blueprint:  BarraVIda Function:  Get Text 0 Graph:  GetText_0 Node:  Return Node
[2025.07.22-00.56.48:795][654]PIE: Error: Blueprint Runtime Error: "Accessed None trying to read property K2Node_DynamicCast_AsPeoncito". Blueprint:  BarraVIda Function:  Get Text 0 Graph:  GetText_0 Node:  Return Node
[2025.07.22-00.56.48:812][655]PIE: Error: Blueprint Runtime Error: "Accessed None trying to read property K2Node_DynamicCast_AsPeoncito". Blueprint:  BarraVIda Function:  Get Text 0 Graph:  GetText_0 Node:  Return Node
[2025.07.22-00.56.48:828][656]PIE: Error: Blueprint Runtime Error: "Accessed None trying to read property K2Node_DynamicCast_AsPeoncito". Blueprint:  BarraVIda Function:  Get Text 0 Graph:  GetText_0 Node:  Return Node
[2025.07.22-00.56.48:845][657]PIE: Error: Blueprint Runtime Error: "Accessed None trying to read property K2Node_DynamicCast_AsPeoncito". Blueprint:  BarraVIda Function:  Get Text 0 Graph:  GetText_0 Node:  Return Node
[2025.07.22-00.56.48:862][658]PIE: Error: Blueprint Runtime Error: "Accessed None trying to read property K2Node_DynamicCast_AsPeoncito". Blueprint:  BarraVIda Function:  Get Text 0 Graph:  GetText_0 Node:  Return Node
[2025.07.22-00.56.48:880][659]PIE: Error: Blueprint Runtime Error: "Accessed None trying to read property K2Node_DynamicCast_AsPeoncito". Blueprint:  BarraVIda Function:  Get Text 0 Graph:  GetText_0 Node:  Return Node
[2025.07.22-00.56.48:896][660]PIE: Error: Blueprint Runtime Error: "Accessed None trying to read property K2Node_DynamicCast_AsPeoncito". Blueprint:  BarraVIda Function:  Get Text 0 Graph:  GetText_0 Node:  Return Node
[2025.07.22-00.56.48:913][661]PIE: Error: Blueprint Runtime Error: "Accessed None trying to read property K2Node_DynamicCast_AsPeoncito". Blueprint:  BarraVIda Function:  Get Text 0 Graph:  GetText_0 Node:  Return Node
[2025.07.22-00.56.48:932][662]PIE: Error: Blueprint Runtime Error: "Accessed None trying to read property K2Node_DynamicCast_AsPeoncito". Blueprint:  BarraVIda Function:  Get Text 0 Graph:  GetText_0 Node:  Return Node
[2025.07.22-00.56.48:954][663]PIE: Error: Blueprint Runtime Error: "Accessed None trying to read property K2Node_DynamicCast_AsPeoncito". Blueprint:  BarraVIda Function:  Get Text 0 Graph:  GetText_0 Node:  Return Node
[2025.07.22-00.56.48:974][664]PIE: Error: Blueprint Runtime Error: "Accessed None trying to read property K2Node_DynamicCast_AsPeoncito". Blueprint:  BarraVIda Function:  Get Text 0 Graph:  GetText_0 Node:  Return Node
[2025.07.22-00.56.48:999][665]PIE: Error: Blueprint Runtime Error: "Accessed None trying to read property K2Node_DynamicCast_AsPeoncito". Blueprint:  BarraVIda Function:  Get Text 0 Graph:  GetText_0 Node:  Return Node
[2025.07.22-00.56.49:031][666]PIE: Error: Blueprint Runtime Error: "Accessed None trying to read property K2Node_DynamicCast_AsPeoncito". Blueprint:  BarraVIda Function:  Get Text 0 Graph:  GetText_0 Node:  Return Node
[2025.07.22-00.56.49:063][667]PIE: Error: Blueprint Runtime Error: "Accessed None trying to read property K2Node_DynamicCast_AsPeoncito". Blueprint:  BarraVIda Function:  Get Text 0 Graph:  GetText_0 Node:  Return Node
[2025.07.22-00.56.49:101][668]PIE: Error: Blueprint Runtime Error: "Accessed None trying to read property K2Node_DynamicCast_AsPeoncito". Blueprint:  BarraVIda Function:  Get Text 0 Graph:  GetText_0 Node:  Return Node
[2025.07.22-00.56.49:199][669]LogSlate: Updating window title bar state: overlay mode, drag disabled, window buttons hidden, title bar hidden
[2025.07.22-00.56.49:199][669]LogWorld: BeginTearingDown for /Game/ThirdPersonBP/Maps/UEDPIE_0_Perdiste_Level
[2025.07.22-00.56.49:200][669]LogWorld: UWorld::CleanupWorld for Perdiste_Level, bSessionEnded=true, bCleanupResources=true
[2025.07.22-00.56.49:202][669]LogSlate: InvalidateAllWidgets triggered.  All widgets were invalidated
[2025.07.22-00.56.49:219][669]LogPlayLevel: Display: Shutting down PIE online subsystems
[2025.07.22-00.56.49:270][669]LogSlate: InvalidateAllWidgets triggered.  All widgets were invalidated
[2025.07.22-00.56.49:306][669]LogSlate: Updating window title bar state: overlay mode, drag disabled, window buttons hidden, title bar hidden
[2025.07.22-00.56.49:306][669]LogAudioMixer: FMixerPlatformXAudio2::StopAudioStream() called
[2025.07.22-00.56.49:307][669]LogAudioMixer: FMixerPlatformXAudio2::StopAudioStream() called
[2025.07.22-00.56.49:318][669]LogUObjectHash: Compacting FUObjectHashTables data took   5.17ms
[2025.07.22-00.56.49:589][670]LogPlayLevel: Display: Destroying online subsystem :Context_33
[2025.07.22-00.56.50:929][708]LogSlate: Window 'Message Log' being destroyed
[2025.07.22-00.56.50:955][708]LogSlate: Window 'Message Log' being destroyed
[2025.07.22-00.56.51:740][734]LogTemp: Repeating last play command: Selected Viewport
[2025.07.22-00.56.51:771][734]LogPlayLevel: PlayLevel: No blueprints needed recompiling
[2025.07.22-00.56.51:771][734]PIE: New page: PIE session: ThirdPersonExampleMap (Jul 21, 2025, 6:56:51 PM)
[2025.07.22-00.56.51:771][734]LogPlayLevel: Creating play world package: /Game/ThirdPersonBP/Maps/UEDPIE_0_ThirdPersonExampleMap
[2025.07.22-00.56.51:795][734]LogPlayLevel: PIE: StaticDuplicateObject took: (0.023335s)
[2025.07.22-00.56.51:796][734]LogAIModule: Creating AISystem for world ThirdPersonExampleMap
[2025.07.22-00.56.51:796][734]LogPlayLevel: PIE: World Init took: (0.001336s)
[2025.07.22-00.56.51:796][734]LogPlayLevel: PIE: Created PIE world by copying editor world from /Game/ThirdPersonBP/Maps/ThirdPersonExampleMap.ThirdPersonExampleMap to /Game/ThirdPersonBP/Maps/UEDPIE_0_ThirdPersonExampleMap.ThirdPersonExampleMap (0.024840s)
[2025.07.22-00.56.51:843][734]LogUObjectHash: Compacting FUObjectHashTables data took   4.99ms
[2025.07.22-00.56.51:844][734]LogAudio: Display: Creating Audio Device:                 Id: 10, Scope: Unique, Realtime: True
[2025.07.22-00.56.51:844][734]LogAudioMixer: Display: Audio Mixer Platform Settings:
[2025.07.22-00.56.51:845][734]LogAudioMixer: Display: 	Sample Rate:						  48000
[2025.07.22-00.56.51:845][734]LogAudioMixer: Display: 	Callback Buffer Frame Size Requested: 1024
[2025.07.22-00.56.51:845][734]LogAudioMixer: Display: 	Callback Buffer Frame Size To Use:	  1024
[2025.07.22-00.56.51:845][734]LogAudioMixer: Display: 	Number of buffers to queue:			  2
[2025.07.22-00.56.51:845][734]LogAudioMixer: Display: 	Max Channels (voices):				  32
[2025.07.22-00.56.51:845][734]LogAudioMixer: Display: 	Number of Async Source Workers:		  0
[2025.07.22-00.56.51:845][734]LogAudio: Display: AudioDevice MaxSources: 32
[2025.07.22-00.56.51:845][734]LogAudio: Display: Audio Spatialization Plugin: None (built-in).
[2025.07.22-00.56.51:845][734]LogAudio: Display: Audio Reverb Plugin: None (built-in).
[2025.07.22-00.56.51:845][734]LogAudio: Display: Audio Occlusion Plugin: None (built-in).
[2025.07.22-00.56.51:846][734]LogAudioMixer: Display: Initializing audio mixer.
[2025.07.22-00.56.51:853][734]LogAudioMixer: Display: 0: FrontLeft
[2025.07.22-00.56.51:853][734]LogAudioMixer: Display: 1: FrontRight
[2025.07.22-00.56.51:890][734]LogAudioMixer: Display: Using Audio Device Headphones (SOUNDPEATS Opera05)
[2025.07.22-00.56.51:890][734]LogAudioMixer: Display: Initializing Sound Submixes...
[2025.07.22-00.56.51:890][734]LogAudioMixer: Display: Creating Master Submix 'MasterSubmixDefault'
[2025.07.22-00.56.51:890][734]LogAudioMixer: Display: Creating Master Submix 'MasterReverbSubmixDefault'
[2025.07.22-00.56.51:891][734]LogAudioMixer: Display: Creating Master Submix 'MasterEQSubmixDefault'
[2025.07.22-00.56.51:891][734]LogAudioMixer: FMixerPlatformXAudio2::StartAudioStream() called
[2025.07.22-00.56.51:891][734]LogAudioMixer: Display: Output buffers initialized: Frames=1024, Channels=2, Samples=2048
[2025.07.22-00.56.51:894][734]LogAudioMixer: Display: Starting AudioMixerPlatformInterface::RunInternal()
[2025.07.22-00.56.51:894][734]LogAudioMixer: Display: FMixerPlatformXAudio2::SubmitBuffer() called for the first time
[2025.07.22-00.56.51:894][734]LogInit: FAudioDevice initialized.
[2025.07.22-00.56.51:894][734]LogAudio: Display: Audio Device (ID: 10) registered with world 'ThirdPersonExampleMap'.
[2025.07.22-00.56.51:908][734]LogLoad: Game class is 'ReglasJuego_C'
[2025.07.22-00.56.51:925][734]LogWorld: Bringing World /Game/ThirdPersonBP/Maps/UEDPIE_0_ThirdPersonExampleMap.ThirdPersonExampleMap up for play (max tick rate 60) at 2025.07.21-21.56.51
[2025.07.22-00.56.51:927][734]LogWorld: Bringing up level for play took: 0.016707
[2025.07.22-00.56.51:927][734]LogOnline: OSS: Creating online subsystem instance for: :Context_34
[2025.07.22-00.56.51:931][734]LogBlueprintUserMessages: [plataforma_2] Buenas buenas!
[2025.07.22-00.56.51:936][734]PIE: Server logged in
[2025.07.22-00.56.51:937][734]PIE: Play in editor total start time 0.183 seconds.
[2025.07.22-00.56.55:141][857]LogBlueprintUserMessages: [Balaza_C_0] Le reste 20 al peoncito
[2025.07.22-00.56.55:468][869]LogBlueprintUserMessages: [EnemyCharacter_2] Golem aniquilado
[2025.07.22-00.56.56:633][915]LogBlueprintUserMessages: [enemy_bullet_C_4] El peoncito perdio 10 de vida!!!!
[2025.07.22-00.56.56:814][922]LogBlueprintUserMessages: [enemy_bullet_C_6] El peoncito perdio 10 de vida!!!!
[2025.07.22-00.56.56:836][923]LogBlueprintUserMessages: [Balaza_C_1] Le reste 20 al peoncito
[2025.07.22-00.56.59:111][ 12]LogBlueprintUserMessages: [Balaza_C_2] Le reste 20 al peoncito
[2025.07.22-00.57.05:945][275]LogBlueprintUserMessages: [Curador_2] Le di vida al peoncito! ahora tiene:
[2025.07.22-00.57.05:945][275]LogBlueprintUserMessages: [Curador_2] 20.0
[2025.07.22-00.57.05:945][275]LogBlueprintUserMessages: [Curador_2] El curador ya curo las siguientes veces:
[2025.07.22-00.57.05:945][275]LogBlueprintUserMessages: [Curador_2] 1.0
[2025.07.22-00.57.07:550][341]LogBlueprintUserMessages: [Curador_2] Le di vida al peoncito! ahora tiene:
[2025.07.22-00.57.07:551][341]LogBlueprintUserMessages: [Curador_2] 40.0
[2025.07.22-00.57.07:551][341]LogBlueprintUserMessages: [Curador_2] El curador ya curo las siguientes veces:
[2025.07.22-00.57.07:551][341]LogBlueprintUserMessages: [Curador_2] 2.0
[2025.07.22-00.57.08:417][376]LogBlueprintUserMessages: [enemy_bullet_C_30] El peoncito perdio 10 de vida!!!!
[2025.07.22-00.57.09:002][401]LogBlueprintUserMessages: [ReglasJuego_C_0] El puntaje subio!
[2025.07.22-00.57.09:002][401]LogBlueprintUserMessages: [ReglasJuego_C_0] 2
[2025.07.22-00.57.09:241][411]LogBlueprintUserMessages: [Curador_2] Le di vida al peoncito! ahora tiene:
[2025.07.22-00.57.09:241][411]LogBlueprintUserMessages: [Curador_2] 50.0
[2025.07.22-00.57.09:241][411]LogBlueprintUserMessages: [Curador_2] El curador ya curo las siguientes veces:
[2025.07.22-00.57.09:241][411]LogBlueprintUserMessages: [Curador_2] 3.0
[2025.07.22-00.57.16:161][702]LogBlueprintUserMessages: [enemy_bullet_C_51] El peoncito perdio 10 de vida!!!!
[2025.07.22-00.57.17:153][746]LogBlueprintUserMessages: [enemy_bullet_C_54] El peoncito perdio 10 de vida!!!!
[2025.07.22-00.57.19:011][817]LogBlueprintUserMessages: [enemy_bullet_C_52] El peoncito perdio 10 de vida!!!!
[2025.07.22-00.57.19:106][821]LogBlueprintUserMessages: [EnemyCharacter_C_0] Golem aniquilado
[2025.07.22-00.57.19:299][829]LogBlueprintUserMessages: [enemy_misil_C_8] El peoncito perdio 10 de vida!!!!
[2025.07.22-00.57.19:498][834]LogSlate: Updating window title bar state: overlay mode, drag disabled, window buttons hidden, title bar hidden
[2025.07.22-00.57.19:498][834]LogWorld: BeginTearingDown for /Game/ThirdPersonBP/Maps/UEDPIE_0_ThirdPersonExampleMap
[2025.07.22-00.57.19:498][834]LogWorld: UWorld::CleanupWorld for ThirdPersonExampleMap, bSessionEnded=true, bCleanupResources=true
[2025.07.22-00.57.19:500][834]LogSlate: InvalidateAllWidgets triggered.  All widgets were invalidated
[2025.07.22-00.57.19:513][834]LogPlayLevel: Display: Shutting down PIE online subsystems
[2025.07.22-00.57.19:585][834]LogSlate: InvalidateAllWidgets triggered.  All widgets were invalidated
[2025.07.22-00.57.19:636][834]LogSlate: Updating window title bar state: overlay mode, drag disabled, window buttons hidden, title bar hidden
[2025.07.22-00.57.19:636][834]LogAudioMixer: FMixerPlatformXAudio2::StopAudioStream() called
[2025.07.22-00.57.19:638][834]LogAudioMixer: FMixerPlatformXAudio2::StopAudioStream() called
[2025.07.22-00.57.19:650][834]LogUObjectHash: Compacting FUObjectHashTables data took   4.87ms
[2025.07.22-00.57.19:759][835]LogPlayLevel: Display: Destroying online subsystem :Context_34
[2025.07.22-00.57.27:196][119]LogSavePackage: Moving '../../../../../UTN-e-learning/Unreal-Engine/Unreal-Projects/TP_PreEntrega/Saved/Cave5E29E8B544A01B725BD31F9CB6DDD381.tmp' to '../../../../../UTN-e-learning/Unreal-Engine/Unreal-Projects/TP_PreEntrega/Content/ThirdPersonBP/Blueprints/blueprints/Cave.uasset'
[2025.07.22-00.57.27:239][119]AssetCheck: New page: Asset Save: Cave
[2025.07.22-00.57.27:239][119]LogContentValidation: Display: Validating Blueprint /Game/ThirdPersonBP/Blueprints/blueprints/Cave.Cave
[2025.07.22-00.58.15:572][838]LogSelectionDetails: Warning: NavigateToFunctionSource:  Unable to find symbols for 'UKismetMathLibrary::Conv_VectorToTransform' [No se puede encontrar el módulo especificado.]
[2025.07.22-00.58.24:863][116]BlueprintLog: New page: Compile Cave
[2025.07.22-00.58.24:868][116]LogBlueprint: Error: [AssetLog] D:\UTN-e-learning\Unreal-Engine\Unreal-Projects\TP_PreEntrega\Content\ThirdPersonBP\Blueprints\blueprints\Cave.uasset: [Compiler] The current value of the ' Spawn Transform ' pin is invalid: 'Spawn Transform' in action 'Begin Deferred Actor Spawn from Class' must have an input wired into it ("by ref" params expect a valid input to operate on).
[2025.07.22-00.58.24:869][116]LogBlueprint: Error: [AssetLog] D:\UTN-e-learning\Unreal-Engine\Unreal-Projects\TP_PreEntrega\Content\ThirdPersonBP\Blueprints\blueprints\Cave.uasset: [Compiler] The current value of the ' Spawn Transform ' pin is invalid: 'Spawn Transform' in action 'Finish Spawning Actor' must have an input wired into it ("by ref" params expect a valid input to operate on).
[2025.07.22-00.58.24:980][116]LogUObjectHash: Compacting FUObjectHashTables data took   8.02ms
[2025.07.22-00.58.57:469][926]LogSavePackage: Moving '../../../../../UTN-e-learning/Unreal-Engine/Unreal-Projects/TP_PreEntrega/Saved/bad_guyF36770E44C2CEFC4B0C297958E5CEE6F.tmp' to '../../../../../UTN-e-learning/Unreal-Engine/Unreal-Projects/TP_PreEntrega/Content/ThirdPersonBP/Blueprints/blueprints/bad_guy.uasset'
[2025.07.22-00.58.57:537][926]AssetCheck: New page: Asset Save: bad_guy
[2025.07.22-00.58.57:537][926]LogContentValidation: Display: Validating Blueprint /Game/ThirdPersonBP/Blueprints/blueprints/bad_guy.bad_guy
[2025.07.22-00.58.59:850][  7]BlueprintLog: New page: Compile Cave
[2025.07.22-00.58.59:857][  7]LogBlueprint: Error: [AssetLog] D:\UTN-e-learning\Unreal-Engine\Unreal-Projects\TP_PreEntrega\Content\ThirdPersonBP\Blueprints\blueprints\Cave.uasset: [Compiler] The current value (0, 0, 0) of the ' Start ' pin is invalid: 'Start' in action 'Find Look at Rotation' must have an input wired into it ("by ref" params expect a valid input to operate on).
[2025.07.22-00.58.59:857][  7]LogBlueprint: Error: [AssetLog] D:\UTN-e-learning\Unreal-Engine\Unreal-Projects\TP_PreEntrega\Content\ThirdPersonBP\Blueprints\blueprints\Cave.uasset: [Compiler] The current value (0, 0, 0) of the ' Target ' pin is invalid: 'Target' in action 'Find Look at Rotation' must have an input wired into it ("by ref" params expect a valid input to operate on).
[2025.07.22-00.58.59:952][  7]LogUObjectHash: Compacting FUObjectHashTables data took   7.48ms
[2025.07.22-00.59.03:818][152]LogEditorViewport: Clicking on Actor (LMB): EnemyCharacter_C (EnemyCharacter)
[2025.07.22-00.59.06:001][254]LogEditorViewport: Clicking on Actor (LMB): EnemyCharacter_C (EnemyCharacter)
[2025.07.22-00.59.06:098][256]LogEditorViewport: Clicking on Component (LMB): SkeletalMeshComponent (CharacterMesh0)
[2025.07.22-00.59.08:136][352]LogEditorViewport: Clicking on Component (LMB): SkeletalMeshComponent (CharacterMesh0)
[2025.07.22-00.59.10:613][471]LogEditorViewport: Clicking on Component (LMB): SkeletalMeshComponent (CharacterMesh0)
[2025.07.22-00.59.11:800][527]LogEditorViewport: Clicking on Component (LMB): SkeletalMeshComponent (CharacterMesh0)
[2025.07.22-00.59.14:897][623]LogAssetEditorSubsystem: Opening Asset editor for Blueprint /Game/ThirdPersonBP/Blueprints/blueprints/EnemyCharacter.EnemyCharacter
[2025.07.22-00.59.49:884][784]BlueprintLog: New page: Compile Cave
[2025.07.22-00.59.50:001][784]LogUObjectHash: Compacting FUObjectHashTables data took   7.64ms
[2025.07.22-00.59.51:563][837]LogSavePackage: Moving '../../../../../UTN-e-learning/Unreal-Engine/Unreal-Projects/TP_PreEntrega/Saved/Cave41479B5844D2AABDEEBD4FB500685CCB.tmp' to '../../../../../UTN-e-learning/Unreal-Engine/Unreal-Projects/TP_PreEntrega/Content/ThirdPersonBP/Blueprints/blueprints/Cave.uasset'
[2025.07.22-00.59.51:604][837]AssetCheck: New page: Asset Save: Cave
[2025.07.22-00.59.51:604][837]LogContentValidation: Display: Validating Blueprint /Game/ThirdPersonBP/Blueprints/blueprints/Cave.Cave
[2025.07.22-00.59.54:461][934]LogTemp: Repeating last play command: Selected Viewport
[2025.07.22-00.59.54:515][934]LogPlayLevel: PlayLevel: No blueprints needed recompiling
[2025.07.22-00.59.54:515][934]PIE: New page: PIE session: ThirdPersonExampleMap (Jul 21, 2025, 6:59:54 PM)
[2025.07.22-00.59.54:515][934]LogPlayLevel: Creating play world package: /Game/ThirdPersonBP/Maps/UEDPIE_0_ThirdPersonExampleMap
[2025.07.22-00.59.54:557][934]LogPlayLevel: PIE: StaticDuplicateObject took: (0.041695s)
[2025.07.22-00.59.54:559][934]LogAIModule: Creating AISystem for world ThirdPersonExampleMap
[2025.07.22-00.59.54:559][934]LogPlayLevel: PIE: World Init took: (0.002158s)
[2025.07.22-00.59.54:559][934]LogPlayLevel: PIE: Created PIE world by copying editor world from /Game/ThirdPersonBP/Maps/ThirdPersonExampleMap.ThirdPersonExampleMap to /Game/ThirdPersonBP/Maps/UEDPIE_0_ThirdPersonExampleMap.ThirdPersonExampleMap (0.044142s)
[2025.07.22-00.59.54:644][934]LogUObjectHash: Compacting FUObjectHashTables data took   7.91ms
[2025.07.22-00.59.54:646][934]LogAudio: Display: Creating Audio Device:                 Id: 11, Scope: Unique, Realtime: True
[2025.07.22-00.59.54:646][934]LogAudioMixer: Display: Audio Mixer Platform Settings:
[2025.07.22-00.59.54:646][934]LogAudioMixer: Display: 	Sample Rate:						  48000
[2025.07.22-00.59.54:646][934]LogAudioMixer: Display: 	Callback Buffer Frame Size Requested: 1024
[2025.07.22-00.59.54:646][934]LogAudioMixer: Display: 	Callback Buffer Frame Size To Use:	  1024
[2025.07.22-00.59.54:646][934]LogAudioMixer: Display: 	Number of buffers to queue:			  2
[2025.07.22-00.59.54:646][934]LogAudioMixer: Display: 	Max Channels (voices):				  32
[2025.07.22-00.59.54:646][934]LogAudioMixer: Display: 	Number of Async Source Workers:		  0
[2025.07.22-00.59.54:646][934]LogAudio: Display: AudioDevice MaxSources: 32
[2025.07.22-00.59.54:647][934]LogAudio: Display: Audio Spatialization Plugin: None (built-in).
[2025.07.22-00.59.54:647][934]LogAudio: Display: Audio Reverb Plugin: None (built-in).
[2025.07.22-00.59.54:647][934]LogAudio: Display: Audio Occlusion Plugin: None (built-in).
[2025.07.22-00.59.54:647][934]LogAudioMixer: Display: Initializing audio mixer.
[2025.07.22-00.59.54:658][934]LogAudioMixer: Display: 0: FrontLeft
[2025.07.22-00.59.54:658][934]LogAudioMixer: Display: 1: FrontRight
[2025.07.22-00.59.54:693][934]LogAudioMixer: Display: Using Audio Device Headphones (SOUNDPEATS Opera05)
[2025.07.22-00.59.54:694][934]LogAudioMixer: Display: Initializing Sound Submixes...
[2025.07.22-00.59.54:694][934]LogAudioMixer: Display: Creating Master Submix 'MasterSubmixDefault'
[2025.07.22-00.59.54:694][934]LogAudioMixer: Display: Creating Master Submix 'MasterReverbSubmixDefault'
[2025.07.22-00.59.54:694][934]LogAudioMixer: Display: Creating Master Submix 'MasterEQSubmixDefault'
[2025.07.22-00.59.54:695][934]LogAudioMixer: FMixerPlatformXAudio2::StartAudioStream() called
[2025.07.22-00.59.54:695][934]LogAudioMixer: Display: Output buffers initialized: Frames=1024, Channels=2, Samples=2048
[2025.07.22-00.59.54:696][934]LogAudioMixer: Display: Starting AudioMixerPlatformInterface::RunInternal()
[2025.07.22-00.59.54:696][934]LogAudioMixer: Display: FMixerPlatformXAudio2::SubmitBuffer() called for the first time
[2025.07.22-00.59.54:697][934]LogInit: FAudioDevice initialized.
[2025.07.22-00.59.54:697][934]LogAudio: Display: Audio Device (ID: 11) registered with world 'ThirdPersonExampleMap'.
[2025.07.22-00.59.54:712][934]LogLoad: Game class is 'ReglasJuego_C'
[2025.07.22-00.59.54:723][934]LogWorld: Bringing World /Game/ThirdPersonBP/Maps/UEDPIE_0_ThirdPersonExampleMap.ThirdPersonExampleMap up for play (max tick rate 60) at 2025.07.21-21.59.54
[2025.07.22-00.59.54:724][934]LogWorld: Bringing up level for play took: 0.012140
[2025.07.22-00.59.54:724][934]LogOnline: OSS: Creating online subsystem instance for: :Context_36
[2025.07.22-00.59.54:728][934]LogBlueprintUserMessages: [plataforma_2] Buenas buenas!
[2025.07.22-00.59.54:732][934]PIE: Server logged in
[2025.07.22-00.59.54:733][934]PIE: Play in editor total start time 0.25 seconds.
[2025.07.22-01.00.00:445][165]LogSpawn: Warning: SpawnActor failed because of collision at the spawn location [X=-106.875 Y=1304.973 Z=181.489] for [EnemyCharacter_C]
[2025.07.22-01.00.00:494][167]LogBlueprintUserMessages: [Torreta2_5] algo me ataveso!
[2025.07.22-01.00.03:452][297]LogSpawn: Warning: SpawnActor failed because of collision at the spawn location [X=-106.875 Y=1304.973 Z=181.489] for [EnemyCharacter_C]
[2025.07.22-01.00.05:112][374]LogBlueprintUserMessages: [Balaza_C_9] Le reste 20 al peoncito
[2025.07.22-01.00.06:482][440]LogSpawn: Warning: SpawnActor failed because of collision at the spawn location [X=-106.875 Y=1304.973 Z=181.489] for [EnemyCharacter_C]
[2025.07.22-01.00.08:311][530]LogBlueprintUserMessages: [EnemyCharacter_C_0] Golem aniquilado
[2025.07.22-01.00.09:186][569]LogSlate: Updating window title bar state: overlay mode, drag disabled, window buttons hidden, title bar hidden
[2025.07.22-01.00.09:186][569]LogWorld: BeginTearingDown for /Game/ThirdPersonBP/Maps/UEDPIE_0_ThirdPersonExampleMap
[2025.07.22-01.00.09:186][569]LogWorld: UWorld::CleanupWorld for ThirdPersonExampleMap, bSessionEnded=true, bCleanupResources=true
[2025.07.22-01.00.09:188][569]LogSlate: InvalidateAllWidgets triggered.  All widgets were invalidated
[2025.07.22-01.00.09:208][569]LogPlayLevel: Display: Shutting down PIE online subsystems
[2025.07.22-01.00.09:250][569]LogSlate: InvalidateAllWidgets triggered.  All widgets were invalidated
[2025.07.22-01.00.09:287][569]LogAudio: Display: Audio Device unregistered from world 'None'.
[2025.07.22-01.00.09:287][569]LogAudioMixer: FMixerPlatformXAudio2::StopAudioStream() called
[2025.07.22-01.00.09:288][569]LogAudioMixer: FMixerPlatformXAudio2::StopAudioStream() called
[2025.07.22-01.00.09:290][569]LogSlate: Updating window title bar state: overlay mode, drag disabled, window buttons hidden, title bar hidden
[2025.07.22-01.00.09:295][569]LogUObjectHash: Compacting FUObjectHashTables data took   3.83ms
[2025.07.22-01.00.09:391][570]LogPlayLevel: Display: Destroying online subsystem :Context_36
[2025.07.22-01.00.11:386][644]LogEditorViewport: Clicking on Actor (LMB): EnemyCharacter_C (EnemyCharacter)
[2025.07.22-01.01.32:423][439]BlueprintLog: New page: Compile EnemyCharacter
[2025.07.22-01.01.32:722][439]LogUObjectHash: Compacting FUObjectHashTables data took   5.52ms
[2025.07.22-01.01.34:998][523]LogSavePackage: Moving '../../../../../UTN-e-learning/Unreal-Engine/Unreal-Projects/TP_PreEntrega/Saved/EnemyCharacter734FBC27424A100C91A5B38F124B2075.tmp' to '../../../../../UTN-e-learning/Unreal-Engine/Unreal-Projects/TP_PreEntrega/Content/ThirdPersonBP/Blueprints/blueprints/EnemyCharacter.uasset'
[2025.07.22-01.01.35:050][523]AssetCheck: New page: Asset Save: EnemyCharacter
[2025.07.22-01.01.35:050][523]LogContentValidation: Display: Validating Blueprint /Game/ThirdPersonBP/Blueprints/blueprints/EnemyCharacter.EnemyCharacter
[2025.07.22-01.01.40:001][748]LogTemp: Repeating last play command: Selected Viewport
[2025.07.22-01.01.40:045][748]LogPlayLevel: PlayLevel: No blueprints needed recompiling
[2025.07.22-01.01.40:045][748]PIE: New page: PIE session: ThirdPersonExampleMap (Jul 21, 2025, 7:01:40 PM)
[2025.07.22-01.01.40:071][748]LogPlayLevel: Creating play world package: /Game/ThirdPersonBP/Maps/UEDPIE_0_ThirdPersonExampleMap
[2025.07.22-01.01.40:103][748]LogPlayLevel: PIE: StaticDuplicateObject took: (0.031010s)
[2025.07.22-01.01.40:104][748]LogAIModule: Creating AISystem for world ThirdPersonExampleMap
[2025.07.22-01.01.40:104][748]LogPlayLevel: PIE: World Init took: (0.001397s)
[2025.07.22-01.01.40:104][748]LogPlayLevel: PIE: Created PIE world by copying editor world from /Game/ThirdPersonBP/Maps/ThirdPersonExampleMap.ThirdPersonExampleMap to /Game/ThirdPersonBP/Maps/UEDPIE_0_ThirdPersonExampleMap.ThirdPersonExampleMap (0.032703s)
[2025.07.22-01.01.40:155][748]LogUObjectHash: Compacting FUObjectHashTables data took   5.80ms
[2025.07.22-01.01.40:158][748]LogAudio: Display: Creating Audio Device:                 Id: 12, Scope: Unique, Realtime: True
[2025.07.22-01.01.40:158][748]LogAudioMixer: Display: Audio Mixer Platform Settings:
[2025.07.22-01.01.40:158][748]LogAudioMixer: Display: 	Sample Rate:						  48000
[2025.07.22-01.01.40:158][748]LogAudioMixer: Display: 	Callback Buffer Frame Size Requested: 1024
[2025.07.22-01.01.40:158][748]LogAudioMixer: Display: 	Callback Buffer Frame Size To Use:	  1024
[2025.07.22-01.01.40:158][748]LogAudioMixer: Display: 	Number of buffers to queue:			  2
[2025.07.22-01.01.40:158][748]LogAudioMixer: Display: 	Max Channels (voices):				  32
[2025.07.22-01.01.40:158][748]LogAudioMixer: Display: 	Number of Async Source Workers:		  0
[2025.07.22-01.01.40:158][748]LogAudio: Display: AudioDevice MaxSources: 32
[2025.07.22-01.01.40:159][748]LogAudio: Display: Audio Spatialization Plugin: None (built-in).
[2025.07.22-01.01.40:159][748]LogAudio: Display: Audio Reverb Plugin: None (built-in).
[2025.07.22-01.01.40:159][748]LogAudio: Display: Audio Occlusion Plugin: None (built-in).
[2025.07.22-01.01.40:159][748]LogAudioMixer: Display: Initializing audio mixer.
[2025.07.22-01.01.40:166][748]LogAudioMixer: Display: 0: FrontLeft
[2025.07.22-01.01.40:166][748]LogAudioMixer: Display: 1: FrontRight
[2025.07.22-01.01.40:190][748]LogAudioMixer: Display: Using Audio Device Headphones (SOUNDPEATS Opera05)
[2025.07.22-01.01.40:190][748]LogAudioMixer: Display: Initializing Sound Submixes...
[2025.07.22-01.01.40:190][748]LogAudioMixer: Display: Creating Master Submix 'MasterSubmixDefault'
[2025.07.22-01.01.40:190][748]LogAudioMixer: Display: Creating Master Submix 'MasterReverbSubmixDefault'
[2025.07.22-01.01.40:190][748]LogAudioMixer: Display: Creating Master Submix 'MasterEQSubmixDefault'
[2025.07.22-01.01.40:192][748]LogAudioMixer: FMixerPlatformXAudio2::StartAudioStream() called
[2025.07.22-01.01.40:192][748]LogAudioMixer: Display: Output buffers initialized: Frames=1024, Channels=2, Samples=2048
[2025.07.22-01.01.40:193][748]LogAudioMixer: Display: Starting AudioMixerPlatformInterface::RunInternal()
[2025.07.22-01.01.40:193][748]LogAudioMixer: Display: FMixerPlatformXAudio2::SubmitBuffer() called for the first time
[2025.07.22-01.01.40:193][748]LogInit: FAudioDevice initialized.
[2025.07.22-01.01.40:193][748]LogAudio: Display: Audio Device (ID: 12) registered with world 'ThirdPersonExampleMap'.
[2025.07.22-01.01.40:209][748]LogLoad: Game class is 'ReglasJuego_C'
[2025.07.22-01.01.40:220][748]LogWorld: Bringing World /Game/ThirdPersonBP/Maps/UEDPIE_0_ThirdPersonExampleMap.ThirdPersonExampleMap up for play (max tick rate 60) at 2025.07.21-22.01.40
[2025.07.22-01.01.40:220][748]LogWorld: Bringing up level for play took: 0.009214
[2025.07.22-01.01.40:221][748]LogOnline: OSS: Creating online subsystem instance for: :Context_38
[2025.07.22-01.01.40:223][748]LogBlueprintUserMessages: [plataforma_2] Buenas buenas!
[2025.07.22-01.01.40:226][748]PIE: Server logged in
[2025.07.22-01.01.40:227][748]PIE: Play in editor total start time 0.208 seconds.
[2025.07.22-01.01.42:996][897]LogSpawn: Warning: SpawnActor failed because of collision at the spawn location [X=-106.875 Y=1304.973 Z=181.489] for [EnemyCharacter_C]
[2025.07.22-01.01.44:747][  2]LogBlueprintUserMessages: [Balaza_C_3] Le reste 20 al peoncito
[2025.07.22-01.01.45:134][ 25]LogBlueprintUserMessages: [enemy_bullet_C_7] El peoncito perdio 10 de vida!!!!
[2025.07.22-01.01.46:003][ 77]LogSpawn: Warning: SpawnActor failed because of collision at the spawn location [X=-106.875 Y=1304.973 Z=181.489] for [EnemyCharacter_C]
[2025.07.22-01.01.46:102][ 83]LogBlueprintUserMessages: [enemy_bullet_C_11] El peoncito perdio 10 de vida!!!!
[2025.07.22-01.01.46:134][ 85]LogBlueprintUserMessages: [enemy_bullet_C_9] El peoncito perdio 10 de vida!!!!
[2025.07.22-01.01.46:404][101]LogBlueprintUserMessages: [Balaza_C_2] Le reste 20 al peoncito
[2025.07.22-01.01.48:032][193]LogBlueprintUserMessages: [Balaza_C_4] Le reste 20 al peoncito
[2025.07.22-01.01.48:354][212]LogBlueprintUserMessages: [EnemyCharacter_2] Golem aniquilado
[2025.07.22-01.01.53:868][540]LogBlueprintUserMessages: [Balaza_C_10] Le reste 20 al peoncito
[2025.07.22-01.01.53:869][540]LogBlueprintUserMessages: [peoncito_2] El peoncito murio
[2025.07.22-01.01.53:869][540]LogBlueprintUserMessages: [ReglasJuego_C_0] Noo, perdiste!
[2025.07.22-01.01.53:872][540]LogScript: Warning: Accessed None trying to read property K2Node_DynamicCast_AsPeoncito
	BarraVIda_C /Engine/Transient.UnrealEdEngine_0:GameInstance_10.BarraVIda_C_0
	Function /Game/ThirdPersonBP/Blueprints/blueprints/BarraVIda.BarraVIda_C:GetText_0:0099
[2025.07.22-01.01.53:873][540]PIE: Error: Blueprint Runtime Error: "Accessed None trying to read property K2Node_DynamicCast_AsPeoncito". Blueprint:  BarraVIda Function:  Get Text 0 Graph:  GetText_0 Node:  Return Node
[2025.07.22-01.01.53:883][541]LogNet: Browse: /Game/ThirdPersonBP/Maps/Perdiste_Level
[2025.07.22-01.01.53:883][541]LogLoad: LoadMap: /Game/ThirdPersonBP/Maps/Perdiste_Level
[2025.07.22-01.01.53:883][541]LogWorld: BeginTearingDown for /Game/ThirdPersonBP/Maps/UEDPIE_0_ThirdPersonExampleMap
[2025.07.22-01.01.53:883][541]LogWorld: UWorld::CleanupWorld for ThirdPersonExampleMap, bSessionEnded=true, bCleanupResources=true
[2025.07.22-01.01.53:886][541]LogSlate: InvalidateAllWidgets triggered.  All widgets were invalidated
[2025.07.22-01.01.53:977][541]LogAudio: Display: Audio Device unregistered from world 'None'.
[2025.07.22-01.01.53:982][541]LogUObjectHash: Compacting FUObjectHashTables data took   3.42ms
[2025.07.22-01.01.54:003][541]LogAudio: Display: Audio Device (ID: 12) registered with world 'Perdiste_Level'.
[2025.07.22-01.01.54:004][541]LogAIModule: Creating AISystem for world Perdiste_Level
[2025.07.22-01.01.54:005][541]LogLoad: Game class is 'ReglasJuego_C'
[2025.07.22-01.01.54:058][541]LogWorld: Bringing World /Game/ThirdPersonBP/Maps/UEDPIE_0_Perdiste_Level.Perdiste_Level up for play (max tick rate 60) at 2025.07.21-22.01.54
[2025.07.22-01.01.54:059][541]LogWorld: Bringing up level for play took: 0.052753
[2025.07.22-01.01.54:059][541]LogGameMode: FindPlayerStart: PATHS NOT DEFINED or NO PLAYERSTART with positive rating
[2025.07.22-01.01.54:061][541]LogBlueprintUserMessages: [plataforma_2] Buenas buenas!
[2025.07.22-01.01.54:061][541]LogLoad: Took 0.179049 seconds to LoadMap(/Game/ThirdPersonBP/Maps/Perdiste_Level)
[2025.07.22-01.01.54:113][541]PIE: Error: Blueprint Runtime Error: "Accessed None trying to read property K2Node_DynamicCast_AsPeoncito". Blueprint:  BarraVIda Function:  Get Text 0 Graph:  GetText_0 Node:  Return Node
[2025.07.22-01.01.54:130][542]PIE: Error: Blueprint Runtime Error: "Accessed None trying to read property K2Node_DynamicCast_AsPeoncito". Blueprint:  BarraVIda Function:  Get Text 0 Graph:  GetText_0 Node:  Return Node
[2025.07.22-01.01.54:147][543]PIE: Error: Blueprint Runtime Error: "Accessed None trying to read property K2Node_DynamicCast_AsPeoncito". Blueprint:  BarraVIda Function:  Get Text 0 Graph:  GetText_0 Node:  Return Node
[2025.07.22-01.01.54:163][544]PIE: Error: Blueprint Runtime Error: "Accessed None trying to read property K2Node_DynamicCast_AsPeoncito". Blueprint:  BarraVIda Function:  Get Text 0 Graph:  GetText_0 Node:  Return Node
[2025.07.22-01.01.54:179][545]PIE: Error: Blueprint Runtime Error: "Accessed None trying to read property K2Node_DynamicCast_AsPeoncito". Blueprint:  BarraVIda Function:  Get Text 0 Graph:  GetText_0 Node:  Return Node
[2025.07.22-01.01.54:198][546]PIE: Error: Blueprint Runtime Error: "Accessed None trying to read property K2Node_DynamicCast_AsPeoncito". Blueprint:  BarraVIda Function:  Get Text 0 Graph:  GetText_0 Node:  Return Node
[2025.07.22-01.01.54:213][547]PIE: Error: Blueprint Runtime Error: "Accessed None trying to read property K2Node_DynamicCast_AsPeoncito". Blueprint:  BarraVIda Function:  Get Text 0 Graph:  GetText_0 Node:  Return Node
[2025.07.22-01.01.54:229][548]PIE: Error: Blueprint Runtime Error: "Accessed None trying to read property K2Node_DynamicCast_AsPeoncito". Blueprint:  BarraVIda Function:  Get Text 0 Graph:  GetText_0 Node:  Return Node
[2025.07.22-01.01.54:246][549]PIE: Error: Blueprint Runtime Error: "Accessed None trying to read property K2Node_DynamicCast_AsPeoncito". Blueprint:  BarraVIda Function:  Get Text 0 Graph:  GetText_0 Node:  Return Node
[2025.07.22-01.01.54:263][550]PIE: Error: Blueprint Runtime Error: "Accessed None trying to read property K2Node_DynamicCast_AsPeoncito". Blueprint:  BarraVIda Function:  Get Text 0 Graph:  GetText_0 Node:  Return Node
[2025.07.22-01.01.54:279][551]PIE: Error: Blueprint Runtime Error: "Accessed None trying to read property K2Node_DynamicCast_AsPeoncito". Blueprint:  BarraVIda Function:  Get Text 0 Graph:  GetText_0 Node:  Return Node
[2025.07.22-01.01.54:299][552]PIE: Error: Blueprint Runtime Error: "Accessed None trying to read property K2Node_DynamicCast_AsPeoncito". Blueprint:  BarraVIda Function:  Get Text 0 Graph:  GetText_0 Node:  Return Node
[2025.07.22-01.01.54:313][553]PIE: Error: Blueprint Runtime Error: "Accessed None trying to read property K2Node_DynamicCast_AsPeoncito". Blueprint:  BarraVIda Function:  Get Text 0 Graph:  GetText_0 Node:  Return Node
[2025.07.22-01.01.54:330][554]PIE: Error: Blueprint Runtime Error: "Accessed None trying to read property K2Node_DynamicCast_AsPeoncito". Blueprint:  BarraVIda Function:  Get Text 0 Graph:  GetText_0 Node:  Return Node
[2025.07.22-01.01.54:347][555]PIE: Error: Blueprint Runtime Error: "Accessed None trying to read property K2Node_DynamicCast_AsPeoncito". Blueprint:  BarraVIda Function:  Get Text 0 Graph:  GetText_0 Node:  Return Node
[2025.07.22-01.01.54:364][556]PIE: Error: Blueprint Runtime Error: "Accessed None trying to read property K2Node_DynamicCast_AsPeoncito". Blueprint:  BarraVIda Function:  Get Text 0 Graph:  GetText_0 Node:  Return Node
[2025.07.22-01.01.54:380][557]PIE: Error: Blueprint Runtime Error: "Accessed None trying to read property K2Node_DynamicCast_AsPeoncito". Blueprint:  BarraVIda Function:  Get Text 0 Graph:  GetText_0 Node:  Return Node
[2025.07.22-01.01.54:397][558]PIE: Error: Blueprint Runtime Error: "Accessed None trying to read property K2Node_DynamicCast_AsPeoncito". Blueprint:  BarraVIda Function:  Get Text 0 Graph:  GetText_0 Node:  Return Node
[2025.07.22-01.01.54:414][559]PIE: Error: Blueprint Runtime Error: "Accessed None trying to read property K2Node_DynamicCast_AsPeoncito". Blueprint:  BarraVIda Function:  Get Text 0 Graph:  GetText_0 Node:  Return Node
[2025.07.22-01.01.54:430][560]PIE: Error: Blueprint Runtime Error: "Accessed None trying to read property K2Node_DynamicCast_AsPeoncito". Blueprint:  BarraVIda Function:  Get Text 0 Graph:  GetText_0 Node:  Return Node
[2025.07.22-01.01.54:447][561]PIE: Error: Blueprint Runtime Error: "Accessed None trying to read property K2Node_DynamicCast_AsPeoncito". Blueprint:  BarraVIda Function:  Get Text 0 Graph:  GetText_0 Node:  Return Node
[2025.07.22-01.01.54:464][562]PIE: Error: Blueprint Runtime Error: "Accessed None trying to read property K2Node_DynamicCast_AsPeoncito". Blueprint:  BarraVIda Function:  Get Text 0 Graph:  GetText_0 Node:  Return Node
[2025.07.22-01.01.54:479][563]PIE: Error: Blueprint Runtime Error: "Accessed None trying to read property K2Node_DynamicCast_AsPeoncito". Blueprint:  BarraVIda Function:  Get Text 0 Graph:  GetText_0 Node:  Return Node
[2025.07.22-01.01.54:499][564]PIE: Error: Blueprint Runtime Error: "Accessed None trying to read property K2Node_DynamicCast_AsPeoncito". Blueprint:  BarraVIda Function:  Get Text 0 Graph:  GetText_0 Node:  Return Node
[2025.07.22-01.01.54:513][565]PIE: Error: Blueprint Runtime Error: "Accessed None trying to read property K2Node_DynamicCast_AsPeoncito". Blueprint:  BarraVIda Function:  Get Text 0 Graph:  GetText_0 Node:  Return Node
[2025.07.22-01.01.54:529][566]PIE: Error: Blueprint Runtime Error: "Accessed None trying to read property K2Node_DynamicCast_AsPeoncito". Blueprint:  BarraVIda Function:  Get Text 0 Graph:  GetText_0 Node:  Return Node
[2025.07.22-01.01.54:546][567]PIE: Error: Blueprint Runtime Error: "Accessed None trying to read property K2Node_DynamicCast_AsPeoncito". Blueprint:  BarraVIda Function:  Get Text 0 Graph:  GetText_0 Node:  Return Node
[2025.07.22-01.01.54:565][568]PIE: Error: Blueprint Runtime Error: "Accessed None trying to read property K2Node_DynamicCast_AsPeoncito". Blueprint:  BarraVIda Function:  Get Text 0 Graph:  GetText_0 Node:  Return Node
[2025.07.22-01.01.54:579][569]PIE: Error: Blueprint Runtime Error: "Accessed None trying to read property K2Node_DynamicCast_AsPeoncito". Blueprint:  BarraVIda Function:  Get Text 0 Graph:  GetText_0 Node:  Return Node
[2025.07.22-01.01.54:597][570]PIE: Error: Blueprint Runtime Error: "Accessed None trying to read property K2Node_DynamicCast_AsPeoncito". Blueprint:  BarraVIda Function:  Get Text 0 Graph:  GetText_0 Node:  Return Node
[2025.07.22-01.01.54:613][571]PIE: Error: Blueprint Runtime Error: "Accessed None trying to read property K2Node_DynamicCast_AsPeoncito". Blueprint:  BarraVIda Function:  Get Text 0 Graph:  GetText_0 Node:  Return Node
[2025.07.22-01.01.54:629][572]PIE: Error: Blueprint Runtime Error: "Accessed None trying to read property K2Node_DynamicCast_AsPeoncito". Blueprint:  BarraVIda Function:  Get Text 0 Graph:  GetText_0 Node:  Return Node
[2025.07.22-01.01.54:649][573]PIE: Error: Blueprint Runtime Error: "Accessed None trying to read property K2Node_DynamicCast_AsPeoncito". Blueprint:  BarraVIda Function:  Get Text 0 Graph:  GetText_0 Node:  Return Node
[2025.07.22-01.01.54:663][574]PIE: Error: Blueprint Runtime Error: "Accessed None trying to read property K2Node_DynamicCast_AsPeoncito". Blueprint:  BarraVIda Function:  Get Text 0 Graph:  GetText_0 Node:  Return Node
[2025.07.22-01.01.54:680][575]PIE: Error: Blueprint Runtime Error: "Accessed None trying to read property K2Node_DynamicCast_AsPeoncito". Blueprint:  BarraVIda Function:  Get Text 0 Graph:  GetText_0 Node:  Return Node
[2025.07.22-01.01.54:697][576]PIE: Error: Blueprint Runtime Error: "Accessed None trying to read property K2Node_DynamicCast_AsPeoncito". Blueprint:  BarraVIda Function:  Get Text 0 Graph:  GetText_0 Node:  Return Node
[2025.07.22-01.01.54:713][577]PIE: Error: Blueprint Runtime Error: "Accessed None trying to read property K2Node_DynamicCast_AsPeoncito". Blueprint:  BarraVIda Function:  Get Text 0 Graph:  GetText_0 Node:  Return Node
[2025.07.22-01.01.54:800][578]LogSlate: Updating window title bar state: overlay mode, drag disabled, window buttons hidden, title bar hidden
[2025.07.22-01.01.54:800][578]LogWorld: BeginTearingDown for /Game/ThirdPersonBP/Maps/UEDPIE_0_Perdiste_Level
[2025.07.22-01.01.54:800][578]LogWorld: UWorld::CleanupWorld for Perdiste_Level, bSessionEnded=true, bCleanupResources=true
[2025.07.22-01.01.54:802][578]LogSlate: InvalidateAllWidgets triggered.  All widgets were invalidated
[2025.07.22-01.01.54:814][578]LogPlayLevel: Display: Shutting down PIE online subsystems
[2025.07.22-01.01.54:875][578]LogSlate: InvalidateAllWidgets triggered.  All widgets were invalidated
[2025.07.22-01.01.54:925][578]LogAudio: Display: Audio Device unregistered from world 'None'.
[2025.07.22-01.01.54:925][578]LogAudioMixer: FMixerPlatformXAudio2::StopAudioStream() called
[2025.07.22-01.01.54:927][578]LogAudioMixer: FMixerPlatformXAudio2::StopAudioStream() called
[2025.07.22-01.01.54:929][578]LogSlate: Updating window title bar state: overlay mode, drag disabled, window buttons hidden, title bar hidden
[2025.07.22-01.01.54:936][578]LogUObjectHash: Compacting FUObjectHashTables data took   4.50ms
[2025.07.22-01.01.55:178][579]LogPlayLevel: Display: Destroying online subsystem :Context_38
[2025.07.22-01.01.56:204][625]LogSlate: Window 'Message Log' being destroyed
[2025.07.22-01.01.56:218][625]LogSlate: Window 'Message Log' being destroyed
[2025.07.22-01.01.57:459][689]LogUObjectHash: Compacting FUObjectHashTables data took   4.11ms
[2025.07.22-01.01.57:524][689]LogSavePackage: Moving '../../../../../UTN-e-learning/Unreal-Engine/Unreal-Projects/TP_PreEntrega/Saved/ThirdPersonExampleMapBD063A154CF6692FEE6936A140EC65EA.tmp' to '../../../../../UTN-e-learning/Unreal-Engine/Unreal-Projects/TP_PreEntrega/Content/ThirdPersonBP/Maps/ThirdPersonExampleMap.umap'
[2025.07.22-01.01.57:797][689]LogSavePackage: Moving '../../../../../UTN-e-learning/Unreal-Engine/Unreal-Projects/TP_PreEntrega/Saved/ThirdPersonExampleMap_BuiltDataD3E8DDDF4EB5E486171B67AD5E720FD6.tmp' to '../../../../../UTN-e-learning/Unreal-Engine/Unreal-Projects/TP_PreEntrega/Content/ThirdPersonBP/Maps/ThirdPersonExampleMap_BuiltData.uasset'
[2025.07.22-01.01.57:832][689]AssetCheck: New page: Asset Save: multiple assets
[2025.07.22-01.01.57:832][689]LogContentValidation: Display: Validating MapBuildDataRegistry /Game/ThirdPersonBP/Maps/ThirdPersonExampleMap_BuiltData.ThirdPersonExampleMap_BuiltData
[2025.07.22-01.01.57:833][689]LogContentValidation: Display: Validating World /Game/ThirdPersonBP/Maps/ThirdPersonExampleMap.ThirdPersonExampleMap
[2025.07.22-01.01.58:627][732]LogEditorViewport: Clicking on Actor (LMB): EnemyCharacter_C (EnemyCharacter)
[2025.07.22-01.02.00:928][863]Cmd: DELETE
[2025.07.22-01.02.00:928][863]Cmd: ACTOR DELETE
[2025.07.22-01.02.00:938][863]LogEditorActor: Deleted Actor: EnemyCharacter_C
[2025.07.22-01.02.00:998][863]LogUObjectHash: Compacting FUObjectHashTables data took   4.01ms
[2025.07.22-01.02.00:999][863]LogEditorActor: Deleted 1 Actors (0.070 secs)
[2025.07.22-01.02.02:108][929]LogEditorViewport: Clicking on Actor (LMB): StaticMeshActor (Floor)
[2025.07.22-01.02.02:603][949]LogUObjectHash: Compacting FUObjectHashTables data took   1.00ms
[2025.07.22-01.02.02:664][949]LogSavePackage: Moving '../../../../../UTN-e-learning/Unreal-Engine/Unreal-Projects/TP_PreEntrega/Saved/ThirdPersonExampleMap5427FEED4208172FDCC75A81959E2DAC.tmp' to '../../../../../UTN-e-learning/Unreal-Engine/Unreal-Projects/TP_PreEntrega/Content/ThirdPersonBP/Maps/ThirdPersonExampleMap.umap'
[2025.07.22-01.02.02:833][949]LogSavePackage: Moving '../../../../../UTN-e-learning/Unreal-Engine/Unreal-Projects/TP_PreEntrega/Saved/ThirdPersonExampleMap_BuiltData993561364F25EBCD163DCD8673E94357.tmp' to '../../../../../UTN-e-learning/Unreal-Engine/Unreal-Projects/TP_PreEntrega/Content/ThirdPersonBP/Maps/ThirdPersonExampleMap_BuiltData.uasset'
[2025.07.22-01.02.02:859][949]AssetCheck: New page: Asset Save: multiple assets
[2025.07.22-01.02.02:859][949]LogContentValidation: Display: Validating MapBuildDataRegistry /Game/ThirdPersonBP/Maps/ThirdPersonExampleMap_BuiltData.ThirdPersonExampleMap_BuiltData
[2025.07.22-01.02.02:859][949]LogContentValidation: Display: Validating World /Game/ThirdPersonBP/Maps/ThirdPersonExampleMap.ThirdPersonExampleMap
[2025.07.22-01.02.03:959][  6]LogTemp: Repeating last play command: Selected Viewport
[2025.07.22-01.02.03:998][  6]LogPlayLevel: PlayLevel: No blueprints needed recompiling
[2025.07.22-01.02.03:998][  6]PIE: New page: PIE session: ThirdPersonExampleMap (Jul 21, 2025, 7:02:03 PM)
[2025.07.22-01.02.03:998][  6]LogPlayLevel: Creating play world package: /Game/ThirdPersonBP/Maps/UEDPIE_0_ThirdPersonExampleMap
[2025.07.22-01.02.04:020][  6]LogPlayLevel: PIE: StaticDuplicateObject took: (0.022061s)
[2025.07.22-01.02.04:021][  6]LogAIModule: Creating AISystem for world ThirdPersonExampleMap
[2025.07.22-01.02.04:022][  6]LogPlayLevel: PIE: World Init took: (0.001218s)
[2025.07.22-01.02.04:022][  6]LogPlayLevel: PIE: Created PIE world by copying editor world from /Game/ThirdPersonBP/Maps/ThirdPersonExampleMap.ThirdPersonExampleMap to /Game/ThirdPersonBP/Maps/UEDPIE_0_ThirdPersonExampleMap.ThirdPersonExampleMap (0.023442s)
[2025.07.22-01.02.04:069][  6]LogUObjectHash: Compacting FUObjectHashTables data took   4.62ms
[2025.07.22-01.02.04:070][  6]LogAudio: Display: Creating Audio Device:                 Id: 13, Scope: Unique, Realtime: True
[2025.07.22-01.02.04:070][  6]LogAudioMixer: Display: Audio Mixer Platform Settings:
[2025.07.22-01.02.04:070][  6]LogAudioMixer: Display: 	Sample Rate:						  48000
[2025.07.22-01.02.04:070][  6]LogAudioMixer: Display: 	Callback Buffer Frame Size Requested: 1024
[2025.07.22-01.02.04:070][  6]LogAudioMixer: Display: 	Callback Buffer Frame Size To Use:	  1024
[2025.07.22-01.02.04:070][  6]LogAudioMixer: Display: 	Number of buffers to queue:			  2
[2025.07.22-01.02.04:070][  6]LogAudioMixer: Display: 	Max Channels (voices):				  32
[2025.07.22-01.02.04:070][  6]LogAudioMixer: Display: 	Number of Async Source Workers:		  0
[2025.07.22-01.02.04:070][  6]LogAudio: Display: AudioDevice MaxSources: 32
[2025.07.22-01.02.04:072][  6]LogAudio: Display: Audio Spatialization Plugin: None (built-in).
[2025.07.22-01.02.04:072][  6]LogAudio: Display: Audio Reverb Plugin: None (built-in).
[2025.07.22-01.02.04:072][  6]LogAudio: Display: Audio Occlusion Plugin: None (built-in).
[2025.07.22-01.02.04:072][  6]LogAudioMixer: Display: Initializing audio mixer.
[2025.07.22-01.02.04:080][  6]LogAudioMixer: Display: 0: FrontLeft
[2025.07.22-01.02.04:080][  6]LogAudioMixer: Display: 1: FrontRight
[2025.07.22-01.02.04:108][  6]LogAudioMixer: Display: Using Audio Device Headphones (SOUNDPEATS Opera05)
[2025.07.22-01.02.04:109][  6]LogAudioMixer: Display: Initializing Sound Submixes...
[2025.07.22-01.02.04:109][  6]LogAudioMixer: Display: Creating Master Submix 'MasterSubmixDefault'
[2025.07.22-01.02.04:109][  6]LogAudioMixer: Display: Creating Master Submix 'MasterReverbSubmixDefault'
[2025.07.22-01.02.04:109][  6]LogAudioMixer: Display: Creating Master Submix 'MasterEQSubmixDefault'
[2025.07.22-01.02.04:109][  6]LogAudioMixer: FMixerPlatformXAudio2::StartAudioStream() called
[2025.07.22-01.02.04:109][  6]LogAudioMixer: Display: Output buffers initialized: Frames=1024, Channels=2, Samples=2048
[2025.07.22-01.02.04:111][  6]LogAudioMixer: Display: Starting AudioMixerPlatformInterface::RunInternal()
[2025.07.22-01.02.04:111][  6]LogAudioMixer: Display: FMixerPlatformXAudio2::SubmitBuffer() called for the first time
[2025.07.22-01.02.04:111][  6]LogInit: FAudioDevice initialized.
[2025.07.22-01.02.04:111][  6]LogAudio: Display: Audio Device (ID: 13) registered with world 'ThirdPersonExampleMap'.
[2025.07.22-01.02.04:125][  6]LogLoad: Game class is 'ReglasJuego_C'
[2025.07.22-01.02.04:137][  6]LogWorld: Bringing World /Game/ThirdPersonBP/Maps/UEDPIE_0_ThirdPersonExampleMap.ThirdPersonExampleMap up for play (max tick rate 60) at 2025.07.21-22.02.04
[2025.07.22-01.02.04:138][  6]LogWorld: Bringing up level for play took: 0.011214
[2025.07.22-01.02.04:138][  6]LogOnline: OSS: Creating online subsystem instance for: :Context_39
[2025.07.22-01.02.04:141][  6]LogBlueprintUserMessages: [plataforma_2] Buenas buenas!
[2025.07.22-01.02.04:145][  6]PIE: Server logged in
[2025.07.22-01.02.04:146][  6]PIE: Play in editor total start time 0.168 seconds.
[2025.07.22-01.02.07:132][181]LogBlueprintUserMessages: [Balaza2_C_0] Le reste 30 al peoncito
[2025.07.22-01.02.08:634][271]LogBlueprintUserMessages: [enemy_bullet_C_5] El peoncito perdio 10 de vida!!!!
[2025.07.22-01.02.09:847][343]LogBlueprintUserMessages: [EnemyCharacter_C_0] Golem aniquilado
[2025.07.22-01.02.11:711][454]LogBlueprintUserMessages: [Torreta2_5] algo me ataveso!
[2025.07.22-01.02.12:589][506]LogBlueprintUserMessages: [ReglasJuego_C_0] El puntaje subio!
[2025.07.22-01.02.12:589][506]LogBlueprintUserMessages: [ReglasJuego_C_0] 2
[2025.07.22-01.02.13:051][533]LogBlueprintUserMessages: [ReglasJuego_C_0] El puntaje subio!
[2025.07.22-01.02.13:051][533]LogBlueprintUserMessages: [ReglasJuego_C_0] 4
[2025.07.22-01.02.18:982][886]LogSpawn: Warning: SpawnActor failed because of collision at the spawn location [X=-106.875 Y=1304.973 Z=181.489] for [EnemyCharacter_C]
[2025.07.22-01.02.21:241][ 21]LogBlueprintUserMessages: [Balaza_C_15] Le reste 20 al peoncito
[2025.07.22-01.02.21:307][ 25]LogCharacterMovement: EnemyCharacter_C_3 is stuck and failed to move! Velocity: X=14.70 Y=-36.48 Z=0.00 Location: X=-303.82 Y=396.06 Z=220.43 Normal: X=-0.01 Y=1.00 Z=0.00 PenetrationDepth:0.000 Actor:peoncito_2 Component:Box BoneName:None (0 other events since notify)
[2025.07.22-01.02.21:764][ 48]LogSlate: Updating window title bar state: overlay mode, drag disabled, window buttons hidden, title bar hidden
[2025.07.22-01.02.21:764][ 48]LogWorld: BeginTearingDown for /Game/ThirdPersonBP/Maps/UEDPIE_0_ThirdPersonExampleMap
[2025.07.22-01.02.21:764][ 48]LogWorld: UWorld::CleanupWorld for ThirdPersonExampleMap, bSessionEnded=true, bCleanupResources=true
[2025.07.22-01.02.21:766][ 48]LogSlate: InvalidateAllWidgets triggered.  All widgets were invalidated
[2025.07.22-01.02.21:780][ 48]LogPlayLevel: Display: Shutting down PIE online subsystems
[2025.07.22-01.02.21:798][ 48]LogSlate: InvalidateAllWidgets triggered.  All widgets were invalidated
[2025.07.22-01.02.21:831][ 48]LogAudio: Display: Audio Device unregistered from world 'None'.
[2025.07.22-01.02.21:833][ 48]LogAudioMixer: FMixerPlatformXAudio2::StopAudioStream() called
[2025.07.22-01.02.21:835][ 48]LogAudioMixer: FMixerPlatformXAudio2::StopAudioStream() called
[2025.07.22-01.02.21:837][ 48]LogSlate: Updating window title bar state: overlay mode, drag disabled, window buttons hidden, title bar hidden
[2025.07.22-01.02.21:843][ 48]LogUObjectHash: Compacting FUObjectHashTables data took   3.64ms
[2025.07.22-01.02.21:887][ 49]LogPlayLevel: Display: Destroying online subsystem :Context_39
[2025.07.22-01.02.32:692][454]LogAudioMixer: Warning: Changing default audio render device to new device: {0.0.0.00000000}.{67e6e69c-a453-4877-b60e-2bb37672be58}.
[2025.07.22-01.02.32:752][454]LogAudioMixer: Resetting audio stream to device id 
[2025.07.22-01.02.32:805][454]LogAudioMixer: Display: 0: FrontLeft
[2025.07.22-01.02.32:806][454]LogAudioMixer: Display: 1: FrontRight
[2025.07.22-01.02.33:627][455]LogAudioMixer: Resetting audio stream to device id 
[2025.07.22-01.02.33:659][455]LogAudioMixer: Display: 0: FrontLeft
[2025.07.22-01.02.33:659][455]LogAudioMixer: Display: 1: FrontRight
[2025.07.22-01.02.34:161][463]LogEditorViewport: Clicking on Actor (LMB): StaticMeshActor (Floor)
[2025.07.22-01.02.34:706][473]LogUObjectHash: Compacting FUObjectHashTables data took  12.39ms
[2025.07.22-01.02.34:939][473]LogSavePackage: Moving '../../../../../UTN-e-learning/Unreal-Engine/Unreal-Projects/TP_PreEntrega/Saved/ThirdPersonExampleMap442CAEB6421B309AC5DA06AEC44289A9.tmp' to '../../../../../UTN-e-learning/Unreal-Engine/Unreal-Projects/TP_PreEntrega/Content/ThirdPersonBP/Maps/ThirdPersonExampleMap.umap'
[2025.07.22-01.02.35:243][473]LogSavePackage: Moving '../../../../../UTN-e-learning/Unreal-Engine/Unreal-Projects/TP_PreEntrega/Saved/ThirdPersonExampleMap_BuiltData90C6809C4289B0068385C3B8880F9ACA.tmp' to '../../../../../UTN-e-learning/Unreal-Engine/Unreal-Projects/TP_PreEntrega/Content/ThirdPersonBP/Maps/ThirdPersonExampleMap_BuiltData.uasset'
[2025.07.22-01.02.35:277][473]AssetCheck: New page: Asset Save: multiple assets
[2025.07.22-01.02.35:277][473]LogContentValidation: Display: Validating MapBuildDataRegistry /Game/ThirdPersonBP/Maps/ThirdPersonExampleMap_BuiltData.ThirdPersonExampleMap_BuiltData
[2025.07.22-01.02.35:277][473]LogContentValidation: Display: Validating World /Game/ThirdPersonBP/Maps/ThirdPersonExampleMap.ThirdPersonExampleMap
[2025.07.22-01.02.36:131][516]LogTemp: Repeating last play command: Selected Viewport
[2025.07.22-01.02.36:165][516]LogPlayLevel: PlayLevel: No blueprints needed recompiling
[2025.07.22-01.02.36:165][516]PIE: New page: PIE session: ThirdPersonExampleMap (Jul 21, 2025, 7:02:36 PM)
[2025.07.22-01.02.36:166][516]LogPlayLevel: Creating play world package: /Game/ThirdPersonBP/Maps/UEDPIE_0_ThirdPersonExampleMap
[2025.07.22-01.02.36:191][516]LogPlayLevel: PIE: StaticDuplicateObject took: (0.025186s)
[2025.07.22-01.02.36:192][516]LogAIModule: Creating AISystem for world ThirdPersonExampleMap
[2025.07.22-01.02.36:192][516]LogPlayLevel: PIE: World Init took: (0.001491s)
[2025.07.22-01.02.36:192][516]LogPlayLevel: PIE: Created PIE world by copying editor world from /Game/ThirdPersonBP/Maps/ThirdPersonExampleMap.ThirdPersonExampleMap to /Game/ThirdPersonBP/Maps/UEDPIE_0_ThirdPersonExampleMap.ThirdPersonExampleMap (0.026869s)
[2025.07.22-01.02.36:247][516]LogUObjectHash: Compacting FUObjectHashTables data took   5.73ms
[2025.07.22-01.02.36:250][516]LogAudio: Display: Creating Audio Device:                 Id: 14, Scope: Unique, Realtime: True
[2025.07.22-01.02.36:250][516]LogAudioMixer: Display: Audio Mixer Platform Settings:
[2025.07.22-01.02.36:250][516]LogAudioMixer: Display: 	Sample Rate:						  48000
[2025.07.22-01.02.36:250][516]LogAudioMixer: Display: 	Callback Buffer Frame Size Requested: 1024
[2025.07.22-01.02.36:250][516]LogAudioMixer: Display: 	Callback Buffer Frame Size To Use:	  1024
[2025.07.22-01.02.36:250][516]LogAudioMixer: Display: 	Number of buffers to queue:			  2
[2025.07.22-01.02.36:250][516]LogAudioMixer: Display: 	Max Channels (voices):				  32
[2025.07.22-01.02.36:250][516]LogAudioMixer: Display: 	Number of Async Source Workers:		  0
[2025.07.22-01.02.36:250][516]LogAudio: Display: AudioDevice MaxSources: 32
[2025.07.22-01.02.36:251][516]LogAudio: Display: Audio Spatialization Plugin: None (built-in).
[2025.07.22-01.02.36:251][516]LogAudio: Display: Audio Reverb Plugin: None (built-in).
[2025.07.22-01.02.36:251][516]LogAudio: Display: Audio Occlusion Plugin: None (built-in).
[2025.07.22-01.02.36:251][516]LogAudioMixer: Display: Initializing audio mixer.
[2025.07.22-01.02.36:258][516]LogAudioMixer: Display: 0: FrontLeft
[2025.07.22-01.02.36:258][516]LogAudioMixer: Display: 1: FrontRight
[2025.07.22-01.02.36:284][516]LogAudioMixer: Display: Using Audio Device Speakers (Realtek(R) Audio)
[2025.07.22-01.02.36:284][516]LogAudioMixer: Display: Initializing Sound Submixes...
[2025.07.22-01.02.36:284][516]LogAudioMixer: Display: Creating Master Submix 'MasterSubmixDefault'
[2025.07.22-01.02.36:285][516]LogAudioMixer: Display: Creating Master Submix 'MasterReverbSubmixDefault'
[2025.07.22-01.02.36:285][516]LogAudioMixer: Display: Creating Master Submix 'MasterEQSubmixDefault'
[2025.07.22-01.02.36:285][516]LogAudioMixer: FMixerPlatformXAudio2::StartAudioStream() called
[2025.07.22-01.02.36:285][516]LogAudioMixer: Display: Output buffers initialized: Frames=1024, Channels=2, Samples=2048
[2025.07.22-01.02.36:286][516]LogAudioMixer: Display: Starting AudioMixerPlatformInterface::RunInternal()
[2025.07.22-01.02.36:286][516]LogAudioMixer: Display: FMixerPlatformXAudio2::SubmitBuffer() called for the first time
[2025.07.22-01.02.36:286][516]LogInit: FAudioDevice initialized.
[2025.07.22-01.02.36:286][516]LogAudio: Display: Audio Device (ID: 14) registered with world 'ThirdPersonExampleMap'.
[2025.07.22-01.02.36:303][516]LogLoad: Game class is 'ReglasJuego_C'
[2025.07.22-01.02.36:314][516]LogWorld: Bringing World /Game/ThirdPersonBP/Maps/UEDPIE_0_ThirdPersonExampleMap.ThirdPersonExampleMap up for play (max tick rate 60) at 2025.07.21-22.02.36
[2025.07.22-01.02.36:315][516]LogWorld: Bringing up level for play took: 0.009546
[2025.07.22-01.02.36:315][516]LogOnline: OSS: Creating online subsystem instance for: :Context_40
[2025.07.22-01.02.36:318][516]LogBlueprintUserMessages: [plataforma_2] Buenas buenas!
[2025.07.22-01.02.36:321][516]PIE: Server logged in
[2025.07.22-01.02.36:321][516]PIE: Play in editor total start time 0.177 seconds.
[2025.07.22-01.02.39:409][695]LogBlueprintUserMessages: [Balaza2_C_0] Le reste 30 al peoncito
[2025.07.22-01.02.41:164][795]LogBlueprintUserMessages: [Balaza2_C_1] Le reste 30 al peoncito
[2025.07.22-01.02.42:083][846]LogBlueprintUserMessages: [EnemyCharacter_C_0] Golem aniquilado
[2025.07.22-01.02.43:101][901]LogBlueprintUserMessages: [enemy_misil_C_1] El peoncito perdio 10 de vida!!!!
[2025.07.22-01.02.47:066][124]LogBlueprintUserMessages: [EnemyCharacter_C_1] Golem aniquilado
[2025.07.22-01.02.49:123][245]LogBlueprintUserMessages: [Balaza_C_8] Le reste 20 al peoncito
[2025.07.22-01.02.49:125][245]LogBlueprintUserMessages: [peoncito_2] El peoncito murio
[2025.07.22-01.02.49:125][245]LogBlueprintUserMessages: [ReglasJuego_C_0] Noo, perdiste!
[2025.07.22-01.02.49:129][245]LogScript: Warning: Accessed None trying to read property K2Node_DynamicCast_AsPeoncito
	BarraVIda_C /Engine/Transient.UnrealEdEngine_0:GameInstance_12.BarraVIda_C_0
	Function /Game/ThirdPersonBP/Blueprints/blueprints/BarraVIda.BarraVIda_C:GetText_0:0099
[2025.07.22-01.02.49:129][245]PIE: Error: Blueprint Runtime Error: "Accessed None trying to read property K2Node_DynamicCast_AsPeoncito". Blueprint:  BarraVIda Function:  Get Text 0 Graph:  GetText_0 Node:  Return Node
[2025.07.22-01.02.49:139][246]LogNet: Browse: /Game/ThirdPersonBP/Maps/Perdiste_Level
[2025.07.22-01.02.49:139][246]LogLoad: LoadMap: /Game/ThirdPersonBP/Maps/Perdiste_Level
[2025.07.22-01.02.49:139][246]LogWorld: BeginTearingDown for /Game/ThirdPersonBP/Maps/UEDPIE_0_ThirdPersonExampleMap
[2025.07.22-01.02.49:140][246]LogWorld: UWorld::CleanupWorld for ThirdPersonExampleMap, bSessionEnded=true, bCleanupResources=true
[2025.07.22-01.02.49:142][246]LogSlate: InvalidateAllWidgets triggered.  All widgets were invalidated
[2025.07.22-01.02.49:242][246]LogAudio: Display: Audio Device unregistered from world 'None'.
[2025.07.22-01.02.49:249][246]LogUObjectHash: Compacting FUObjectHashTables data took   4.00ms
[2025.07.22-01.02.49:271][246]LogAudio: Display: Audio Device (ID: 14) registered with world 'Perdiste_Level'.
[2025.07.22-01.02.49:273][246]LogAIModule: Creating AISystem for world Perdiste_Level
[2025.07.22-01.02.49:273][246]LogLoad: Game class is 'ReglasJuego_C'
[2025.07.22-01.02.49:323][246]LogWorld: Bringing World /Game/ThirdPersonBP/Maps/UEDPIE_0_Perdiste_Level.Perdiste_Level up for play (max tick rate 60) at 2025.07.21-22.02.49
[2025.07.22-01.02.49:323][246]LogWorld: Bringing up level for play took: 0.049006
[2025.07.22-01.02.49:323][246]LogGameMode: FindPlayerStart: PATHS NOT DEFINED or NO PLAYERSTART with positive rating
[2025.07.22-01.02.49:325][246]LogBlueprintUserMessages: [plataforma_2] Buenas buenas!
[2025.07.22-01.02.49:326][246]LogLoad: Took 0.187217 seconds to LoadMap(/Game/ThirdPersonBP/Maps/Perdiste_Level)
[2025.07.22-01.02.49:382][246]PIE: Error: Blueprint Runtime Error: "Accessed None trying to read property K2Node_DynamicCast_AsPeoncito". Blueprint:  BarraVIda Function:  Get Text 0 Graph:  GetText_0 Node:  Return Node
[2025.07.22-01.02.49:400][247]PIE: Error: Blueprint Runtime Error: "Accessed None trying to read property K2Node_DynamicCast_AsPeoncito". Blueprint:  BarraVIda Function:  Get Text 0 Graph:  GetText_0 Node:  Return Node
[2025.07.22-01.02.49:416][248]PIE: Error: Blueprint Runtime Error: "Accessed None trying to read property K2Node_DynamicCast_AsPeoncito". Blueprint:  BarraVIda Function:  Get Text 0 Graph:  GetText_0 Node:  Return Node
[2025.07.22-01.02.49:433][249]PIE: Error: Blueprint Runtime Error: "Accessed None trying to read property K2Node_DynamicCast_AsPeoncito". Blueprint:  BarraVIda Function:  Get Text 0 Graph:  GetText_0 Node:  Return Node
[2025.07.22-01.02.49:449][250]PIE: Error: Blueprint Runtime Error: "Accessed None trying to read property K2Node_DynamicCast_AsPeoncito". Blueprint:  BarraVIda Function:  Get Text 0 Graph:  GetText_0 Node:  Return Node
[2025.07.22-01.02.49:467][251]PIE: Error: Blueprint Runtime Error: "Accessed None trying to read property K2Node_DynamicCast_AsPeoncito". Blueprint:  BarraVIda Function:  Get Text 0 Graph:  GetText_0 Node:  Return Node
[2025.07.22-01.02.49:483][252]PIE: Error: Blueprint Runtime Error: "Accessed None trying to read property K2Node_DynamicCast_AsPeoncito". Blueprint:  BarraVIda Function:  Get Text 0 Graph:  GetText_0 Node:  Return Node
[2025.07.22-01.02.49:500][253]PIE: Error: Blueprint Runtime Error: "Accessed None trying to read property K2Node_DynamicCast_AsPeoncito". Blueprint:  BarraVIda Function:  Get Text 0 Graph:  GetText_0 Node:  Return Node
[2025.07.22-01.02.49:517][254]PIE: Error: Blueprint Runtime Error: "Accessed None trying to read property K2Node_DynamicCast_AsPeoncito". Blueprint:  BarraVIda Function:  Get Text 0 Graph:  GetText_0 Node:  Return Node
[2025.07.22-01.02.49:534][255]PIE: Error: Blueprint Runtime Error: "Accessed None trying to read property K2Node_DynamicCast_AsPeoncito". Blueprint:  BarraVIda Function:  Get Text 0 Graph:  GetText_0 Node:  Return Node
[2025.07.22-01.02.49:549][256]PIE: Error: Blueprint Runtime Error: "Accessed None trying to read property K2Node_DynamicCast_AsPeoncito". Blueprint:  BarraVIda Function:  Get Text 0 Graph:  GetText_0 Node:  Return Node
[2025.07.22-01.02.49:567][257]PIE: Error: Blueprint Runtime Error: "Accessed None trying to read property K2Node_DynamicCast_AsPeoncito". Blueprint:  BarraVIda Function:  Get Text 0 Graph:  GetText_0 Node:  Return Node
[2025.07.22-01.02.49:584][258]PIE: Error: Blueprint Runtime Error: "Accessed None trying to read property K2Node_DynamicCast_AsPeoncito". Blueprint:  BarraVIda Function:  Get Text 0 Graph:  GetText_0 Node:  Return Node
[2025.07.22-01.02.49:601][259]PIE: Error: Blueprint Runtime Error: "Accessed None trying to read property K2Node_DynamicCast_AsPeoncito". Blueprint:  BarraVIda Function:  Get Text 0 Graph:  GetText_0 Node:  Return Node
[2025.07.22-01.02.49:616][260]PIE: Error: Blueprint Runtime Error: "Accessed None trying to read property K2Node_DynamicCast_AsPeoncito". Blueprint:  BarraVIda Function:  Get Text 0 Graph:  GetText_0 Node:  Return Node
[2025.07.22-01.02.49:633][261]PIE: Error: Blueprint Runtime Error: "Accessed None trying to read property K2Node_DynamicCast_AsPeoncito". Blueprint:  BarraVIda Function:  Get Text 0 Graph:  GetText_0 Node:  Return Node
[2025.07.22-01.02.49:651][262]PIE: Error: Blueprint Runtime Error: "Accessed None trying to read property K2Node_DynamicCast_AsPeoncito". Blueprint:  BarraVIda Function:  Get Text 0 Graph:  GetText_0 Node:  Return Node
[2025.07.22-01.02.49:668][263]PIE: Error: Blueprint Runtime Error: "Accessed None trying to read property K2Node_DynamicCast_AsPeoncito". Blueprint:  BarraVIda Function:  Get Text 0 Graph:  GetText_0 Node:  Return Node
[2025.07.22-01.02.49:683][264]PIE: Error: Blueprint Runtime Error: "Accessed None trying to read property K2Node_DynamicCast_AsPeoncito". Blueprint:  BarraVIda Function:  Get Text 0 Graph:  GetText_0 Node:  Return Node
[2025.07.22-01.02.49:701][265]PIE: Error: Blueprint Runtime Error: "Accessed None trying to read property K2Node_DynamicCast_AsPeoncito". Blueprint:  BarraVIda Function:  Get Text 0 Graph:  GetText_0 Node:  Return Node
[2025.07.22-01.02.49:717][266]PIE: Error: Blueprint Runtime Error: "Accessed None trying to read property K2Node_DynamicCast_AsPeoncito". Blueprint:  BarraVIda Function:  Get Text 0 Graph:  GetText_0 Node:  Return Node
[2025.07.22-01.02.49:734][267]PIE: Error: Blueprint Runtime Error: "Accessed None trying to read property K2Node_DynamicCast_AsPeoncito". Blueprint:  BarraVIda Function:  Get Text 0 Graph:  GetText_0 Node:  Return Node
[2025.07.22-01.02.49:750][268]PIE: Error: Blueprint Runtime Error: "Accessed None trying to read property K2Node_DynamicCast_AsPeoncito". Blueprint:  BarraVIda Function:  Get Text 0 Graph:  GetText_0 Node:  Return Node
[2025.07.22-01.02.49:767][269]PIE: Error: Blueprint Runtime Error: "Accessed None trying to read property K2Node_DynamicCast_AsPeoncito". Blueprint:  BarraVIda Function:  Get Text 0 Graph:  GetText_0 Node:  Return Node
[2025.07.22-01.02.49:783][270]PIE: Error: Blueprint Runtime Error: "Accessed None trying to read property K2Node_DynamicCast_AsPeoncito". Blueprint:  BarraVIda Function:  Get Text 0 Graph:  GetText_0 Node:  Return Node
[2025.07.22-01.02.49:800][271]PIE: Error: Blueprint Runtime Error: "Accessed None trying to read property K2Node_DynamicCast_AsPeoncito". Blueprint:  BarraVIda Function:  Get Text 0 Graph:  GetText_0 Node:  Return Node
[2025.07.22-01.02.49:816][272]PIE: Error: Blueprint Runtime Error: "Accessed None trying to read property K2Node_DynamicCast_AsPeoncito". Blueprint:  BarraVIda Function:  Get Text 0 Graph:  GetText_0 Node:  Return Node
[2025.07.22-01.02.49:833][273]PIE: Error: Blueprint Runtime Error: "Accessed None trying to read property K2Node_DynamicCast_AsPeoncito". Blueprint:  BarraVIda Function:  Get Text 0 Graph:  GetText_0 Node:  Return Node
[2025.07.22-01.02.49:849][274]PIE: Error: Blueprint Runtime Error: "Accessed None trying to read property K2Node_DynamicCast_AsPeoncito". Blueprint:  BarraVIda Function:  Get Text 0 Graph:  GetText_0 Node:  Return Node
[2025.07.22-01.02.49:867][275]PIE: Error: Blueprint Runtime Error: "Accessed None trying to read property K2Node_DynamicCast_AsPeoncito". Blueprint:  BarraVIda Function:  Get Text 0 Graph:  GetText_0 Node:  Return Node
[2025.07.22-01.02.49:883][276]PIE: Error: Blueprint Runtime Error: "Accessed None trying to read property K2Node_DynamicCast_AsPeoncito". Blueprint:  BarraVIda Function:  Get Text 0 Graph:  GetText_0 Node:  Return Node
[2025.07.22-01.02.49:900][277]PIE: Error: Blueprint Runtime Error: "Accessed None trying to read property K2Node_DynamicCast_AsPeoncito". Blueprint:  BarraVIda Function:  Get Text 0 Graph:  GetText_0 Node:  Return Node
[2025.07.22-01.02.49:917][278]PIE: Error: Blueprint Runtime Error: "Accessed None trying to read property K2Node_DynamicCast_AsPeoncito". Blueprint:  BarraVIda Function:  Get Text 0 Graph:  GetText_0 Node:  Return Node
[2025.07.22-01.02.49:933][279]PIE: Error: Blueprint Runtime Error: "Accessed None trying to read property K2Node_DynamicCast_AsPeoncito". Blueprint:  BarraVIda Function:  Get Text 0 Graph:  GetText_0 Node:  Return Node
[2025.07.22-01.02.49:951][280]PIE: Error: Blueprint Runtime Error: "Accessed None trying to read property K2Node_DynamicCast_AsPeoncito". Blueprint:  BarraVIda Function:  Get Text 0 Graph:  GetText_0 Node:  Return Node
[2025.07.22-01.02.49:966][281]PIE: Error: Blueprint Runtime Error: "Accessed None trying to read property K2Node_DynamicCast_AsPeoncito". Blueprint:  BarraVIda Function:  Get Text 0 Graph:  GetText_0 Node:  Return Node
[2025.07.22-01.02.49:982][282]PIE: Error: Blueprint Runtime Error: "Accessed None trying to read property K2Node_DynamicCast_AsPeoncito". Blueprint:  BarraVIda Function:  Get Text 0 Graph:  GetText_0 Node:  Return Node
[2025.07.22-01.02.50:001][283]PIE: Error: Blueprint Runtime Error: "Accessed None trying to read property K2Node_DynamicCast_AsPeoncito". Blueprint:  BarraVIda Function:  Get Text 0 Graph:  GetText_0 Node:  Return Node
[2025.07.22-01.02.50:016][284]PIE: Error: Blueprint Runtime Error: "Accessed None trying to read property K2Node_DynamicCast_AsPeoncito". Blueprint:  BarraVIda Function:  Get Text 0 Graph:  GetText_0 Node:  Return Node
[2025.07.22-01.02.50:032][285]PIE: Error: Blueprint Runtime Error: "Accessed None trying to read property K2Node_DynamicCast_AsPeoncito". Blueprint:  BarraVIda Function:  Get Text 0 Graph:  GetText_0 Node:  Return Node
[2025.07.22-01.02.50:049][286]PIE: Error: Blueprint Runtime Error: "Accessed None trying to read property K2Node_DynamicCast_AsPeoncito". Blueprint:  BarraVIda Function:  Get Text 0 Graph:  GetText_0 Node:  Return Node
[2025.07.22-01.02.50:066][287]PIE: Error: Blueprint Runtime Error: "Accessed None trying to read property K2Node_DynamicCast_AsPeoncito". Blueprint:  BarraVIda Function:  Get Text 0 Graph:  GetText_0 Node:  Return Node
[2025.07.22-01.02.50:083][288]PIE: Error: Blueprint Runtime Error: "Accessed None trying to read property K2Node_DynamicCast_AsPeoncito". Blueprint:  BarraVIda Function:  Get Text 0 Graph:  GetText_0 Node:  Return Node
[2025.07.22-01.02.50:099][289]PIE: Error: Blueprint Runtime Error: "Accessed None trying to read property K2Node_DynamicCast_AsPeoncito". Blueprint:  BarraVIda Function:  Get Text 0 Graph:  GetText_0 Node:  Return Node
[2025.07.22-01.02.50:116][290]PIE: Error: Blueprint Runtime Error: "Accessed None trying to read property K2Node_DynamicCast_AsPeoncito". Blueprint:  BarraVIda Function:  Get Text 0 Graph:  GetText_0 Node:  Return Node
[2025.07.22-01.02.50:132][291]PIE: Error: Blueprint Runtime Error: "Accessed None trying to read property K2Node_DynamicCast_AsPeoncito". Blueprint:  BarraVIda Function:  Get Text 0 Graph:  GetText_0 Node:  Return Node
[2025.07.22-01.02.50:149][292]PIE: Error: Blueprint Runtime Error: "Accessed None trying to read property K2Node_DynamicCast_AsPeoncito". Blueprint:  BarraVIda Function:  Get Text 0 Graph:  GetText_0 Node:  Return Node
[2025.07.22-01.02.50:165][293]PIE: Error: Blueprint Runtime Error: "Accessed None trying to read property K2Node_DynamicCast_AsPeoncito". Blueprint:  BarraVIda Function:  Get Text 0 Graph:  GetText_0 Node:  Return Node
[2025.07.22-01.02.50:182][294]PIE: Error: Blueprint Runtime Error: "Accessed None trying to read property K2Node_DynamicCast_AsPeoncito". Blueprint:  BarraVIda Function:  Get Text 0 Graph:  GetText_0 Node:  Return Node
[2025.07.22-01.02.50:203][295]PIE: Error: Blueprint Runtime Error: "Accessed None trying to read property K2Node_DynamicCast_AsPeoncito". Blueprint:  BarraVIda Function:  Get Text 0 Graph:  GetText_0 Node:  Return Node
[2025.07.22-01.02.50:221][296]PIE: Error: Blueprint Runtime Error: "Accessed None trying to read property K2Node_DynamicCast_AsPeoncito". Blueprint:  BarraVIda Function:  Get Text 0 Graph:  GetText_0 Node:  Return Node
[2025.07.22-01.02.50:238][297]PIE: Error: Blueprint Runtime Error: "Accessed None trying to read property K2Node_DynamicCast_AsPeoncito". Blueprint:  BarraVIda Function:  Get Text 0 Graph:  GetText_0 Node:  Return Node
[2025.07.22-01.02.50:255][298]PIE: Error: Blueprint Runtime Error: "Accessed None trying to read property K2Node_DynamicCast_AsPeoncito". Blueprint:  BarraVIda Function:  Get Text 0 Graph:  GetText_0 Node:  Return Node
[2025.07.22-01.02.50:271][299]PIE: Error: Blueprint Runtime Error: "Accessed None trying to read property K2Node_DynamicCast_AsPeoncito". Blueprint:  BarraVIda Function:  Get Text 0 Graph:  GetText_0 Node:  Return Node
[2025.07.22-01.02.50:289][300]PIE: Error: Blueprint Runtime Error: "Accessed None trying to read property K2Node_DynamicCast_AsPeoncito". Blueprint:  BarraVIda Function:  Get Text 0 Graph:  GetText_0 Node:  Return Node
[2025.07.22-01.02.50:304][301]PIE: Error: Blueprint Runtime Error: "Accessed None trying to read property K2Node_DynamicCast_AsPeoncito". Blueprint:  BarraVIda Function:  Get Text 0 Graph:  GetText_0 Node:  Return Node
[2025.07.22-01.02.50:321][302]PIE: Error: Blueprint Runtime Error: "Accessed None trying to read property K2Node_DynamicCast_AsPeoncito". Blueprint:  BarraVIda Function:  Get Text 0 Graph:  GetText_0 Node:  Return Node
[2025.07.22-01.02.50:338][303]PIE: Error: Blueprint Runtime Error: "Accessed None trying to read property K2Node_DynamicCast_AsPeoncito". Blueprint:  BarraVIda Function:  Get Text 0 Graph:  GetText_0 Node:  Return Node
[2025.07.22-01.02.50:355][304]PIE: Error: Blueprint Runtime Error: "Accessed None trying to read property K2Node_DynamicCast_AsPeoncito". Blueprint:  BarraVIda Function:  Get Text 0 Graph:  GetText_0 Node:  Return Node
[2025.07.22-01.02.50:371][305]PIE: Error: Blueprint Runtime Error: "Accessed None trying to read property K2Node_DynamicCast_AsPeoncito". Blueprint:  BarraVIda Function:  Get Text 0 Graph:  GetText_0 Node:  Return Node
[2025.07.22-01.02.50:389][306]PIE: Error: Blueprint Runtime Error: "Accessed None trying to read property K2Node_DynamicCast_AsPeoncito". Blueprint:  BarraVIda Function:  Get Text 0 Graph:  GetText_0 Node:  Return Node
[2025.07.22-01.02.50:404][307]PIE: Error: Blueprint Runtime Error: "Accessed None trying to read property K2Node_DynamicCast_AsPeoncito". Blueprint:  BarraVIda Function:  Get Text 0 Graph:  GetText_0 Node:  Return Node
[2025.07.22-01.02.50:423][308]PIE: Error: Blueprint Runtime Error: "Accessed None trying to read property K2Node_DynamicCast_AsPeoncito". Blueprint:  BarraVIda Function:  Get Text 0 Graph:  GetText_0 Node:  Return Node
[2025.07.22-01.02.50:437][309]PIE: Error: Blueprint Runtime Error: "Accessed None trying to read property K2Node_DynamicCast_AsPeoncito". Blueprint:  BarraVIda Function:  Get Text 0 Graph:  GetText_0 Node:  Return Node
[2025.07.22-01.02.50:455][310]PIE: Error: Blueprint Runtime Error: "Accessed None trying to read property K2Node_DynamicCast_AsPeoncito". Blueprint:  BarraVIda Function:  Get Text 0 Graph:  GetText_0 Node:  Return Node
[2025.07.22-01.02.50:471][311]PIE: Error: Blueprint Runtime Error: "Accessed None trying to read property K2Node_DynamicCast_AsPeoncito". Blueprint:  BarraVIda Function:  Get Text 0 Graph:  GetText_0 Node:  Return Node
[2025.07.22-01.02.50:487][312]PIE: Error: Blueprint Runtime Error: "Accessed None trying to read property K2Node_DynamicCast_AsPeoncito". Blueprint:  BarraVIda Function:  Get Text 0 Graph:  GetText_0 Node:  Return Node
[2025.07.22-01.02.50:506][313]PIE: Error: Blueprint Runtime Error: "Accessed None trying to read property K2Node_DynamicCast_AsPeoncito". Blueprint:  BarraVIda Function:  Get Text 0 Graph:  GetText_0 Node:  Return Node
[2025.07.22-01.02.50:522][314]PIE: Error: Blueprint Runtime Error: "Accessed None trying to read property K2Node_DynamicCast_AsPeoncito". Blueprint:  BarraVIda Function:  Get Text 0 Graph:  GetText_0 Node:  Return Node
[2025.07.22-01.02.50:539][315]PIE: Error: Blueprint Runtime Error: "Accessed None trying to read property K2Node_DynamicCast_AsPeoncito". Blueprint:  BarraVIda Function:  Get Text 0 Graph:  GetText_0 Node:  Return Node
[2025.07.22-01.02.50:554][316]PIE: Error: Blueprint Runtime Error: "Accessed None trying to read property K2Node_DynamicCast_AsPeoncito". Blueprint:  BarraVIda Function:  Get Text 0 Graph:  GetText_0 Node:  Return Node
[2025.07.22-01.02.50:571][317]PIE: Error: Blueprint Runtime Error: "Accessed None trying to read property K2Node_DynamicCast_AsPeoncito". Blueprint:  BarraVIda Function:  Get Text 0 Graph:  GetText_0 Node:  Return Node
[2025.07.22-01.02.50:661][318]LogSlate: Updating window title bar state: overlay mode, drag disabled, window buttons hidden, title bar hidden
[2025.07.22-01.02.50:661][318]LogWorld: BeginTearingDown for /Game/ThirdPersonBP/Maps/UEDPIE_0_Perdiste_Level
[2025.07.22-01.02.50:661][318]LogWorld: UWorld::CleanupWorld for Perdiste_Level, bSessionEnded=true, bCleanupResources=true
[2025.07.22-01.02.50:664][318]LogSlate: InvalidateAllWidgets triggered.  All widgets were invalidated
[2025.07.22-01.02.50:678][318]LogPlayLevel: Display: Shutting down PIE online subsystems
[2025.07.22-01.02.50:711][318]LogSlate: InvalidateAllWidgets triggered.  All widgets were invalidated
[2025.07.22-01.02.50:745][318]LogSlate: Updating window title bar state: overlay mode, drag disabled, window buttons hidden, title bar hidden
[2025.07.22-01.02.50:746][318]LogAudioMixer: FMixerPlatformXAudio2::StopAudioStream() called
[2025.07.22-01.02.50:747][318]LogAudioMixer: FMixerPlatformXAudio2::StopAudioStream() called
[2025.07.22-01.02.50:755][318]LogUObjectHash: Compacting FUObjectHashTables data took   3.60ms
[2025.07.22-01.02.50:994][319]LogPlayLevel: Display: Destroying online subsystem :Context_40
[2025.07.22-01.02.52:245][371]LogSlate: Window 'Message Log' being destroyed
[2025.07.22-01.02.52:278][371]LogSlate: Window 'Message Log' being destroyed
[2025.07.22-01.02.53:000][405]LogTemp: Repeating last play command: Selected Viewport
[2025.07.22-01.02.53:036][405]LogPlayLevel: PlayLevel: No blueprints needed recompiling
[2025.07.22-01.02.53:036][405]PIE: New page: PIE session: ThirdPersonExampleMap (Jul 21, 2025, 7:02:53 PM)
[2025.07.22-01.02.53:036][405]LogPlayLevel: Creating play world package: /Game/ThirdPersonBP/Maps/UEDPIE_0_ThirdPersonExampleMap
[2025.07.22-01.02.53:061][405]LogPlayLevel: PIE: StaticDuplicateObject took: (0.024389s)
[2025.07.22-01.02.53:062][405]LogAIModule: Creating AISystem for world ThirdPersonExampleMap
[2025.07.22-01.02.53:062][405]LogPlayLevel: PIE: World Init took: (0.002121s)
[2025.07.22-01.02.53:062][405]LogPlayLevel: PIE: Created PIE world by copying editor world from /Game/ThirdPersonBP/Maps/ThirdPersonExampleMap.ThirdPersonExampleMap to /Game/ThirdPersonBP/Maps/UEDPIE_0_ThirdPersonExampleMap.ThirdPersonExampleMap (0.026827s)
[2025.07.22-01.02.53:116][405]LogUObjectHash: Compacting FUObjectHashTables data took   5.35ms
[2025.07.22-01.02.53:118][405]LogAudio: Display: Creating Audio Device:                 Id: 15, Scope: Unique, Realtime: True
[2025.07.22-01.02.53:118][405]LogAudioMixer: Display: Audio Mixer Platform Settings:
[2025.07.22-01.02.53:118][405]LogAudioMixer: Display: 	Sample Rate:						  48000
[2025.07.22-01.02.53:118][405]LogAudioMixer: Display: 	Callback Buffer Frame Size Requested: 1024
[2025.07.22-01.02.53:118][405]LogAudioMixer: Display: 	Callback Buffer Frame Size To Use:	  1024
[2025.07.22-01.02.53:118][405]LogAudioMixer: Display: 	Number of buffers to queue:			  2
[2025.07.22-01.02.53:118][405]LogAudioMixer: Display: 	Max Channels (voices):				  32
[2025.07.22-01.02.53:118][405]LogAudioMixer: Display: 	Number of Async Source Workers:		  0
[2025.07.22-01.02.53:118][405]LogAudio: Display: AudioDevice MaxSources: 32
[2025.07.22-01.02.53:119][405]LogAudio: Display: Audio Spatialization Plugin: None (built-in).
[2025.07.22-01.02.53:119][405]LogAudio: Display: Audio Reverb Plugin: None (built-in).
[2025.07.22-01.02.53:119][405]LogAudio: Display: Audio Occlusion Plugin: None (built-in).
[2025.07.22-01.02.53:119][405]LogAudioMixer: Display: Initializing audio mixer.
[2025.07.22-01.02.53:127][405]LogAudioMixer: Display: 0: FrontLeft
[2025.07.22-01.02.53:127][405]LogAudioMixer: Display: 1: FrontRight
[2025.07.22-01.02.53:150][405]LogAudioMixer: Display: Using Audio Device Speakers (Realtek(R) Audio)
[2025.07.22-01.02.53:150][405]LogAudioMixer: Display: Initializing Sound Submixes...
[2025.07.22-01.02.53:150][405]LogAudioMixer: Display: Creating Master Submix 'MasterSubmixDefault'
[2025.07.22-01.02.53:150][405]LogAudioMixer: Display: Creating Master Submix 'MasterReverbSubmixDefault'
[2025.07.22-01.02.53:150][405]LogAudioMixer: Display: Creating Master Submix 'MasterEQSubmixDefault'
[2025.07.22-01.02.53:151][405]LogAudioMixer: FMixerPlatformXAudio2::StartAudioStream() called
[2025.07.22-01.02.53:151][405]LogAudioMixer: Display: Output buffers initialized: Frames=1024, Channels=2, Samples=2048
[2025.07.22-01.02.53:152][405]LogAudioMixer: Display: Starting AudioMixerPlatformInterface::RunInternal()
[2025.07.22-01.02.53:152][405]LogAudioMixer: Display: FMixerPlatformXAudio2::SubmitBuffer() called for the first time
[2025.07.22-01.02.53:152][405]LogInit: FAudioDevice initialized.
[2025.07.22-01.02.53:152][405]LogAudio: Display: Audio Device (ID: 15) registered with world 'ThirdPersonExampleMap'.
[2025.07.22-01.02.53:165][405]LogLoad: Game class is 'ReglasJuego_C'
[2025.07.22-01.02.53:175][405]LogWorld: Bringing World /Game/ThirdPersonBP/Maps/UEDPIE_0_ThirdPersonExampleMap.ThirdPersonExampleMap up for play (max tick rate 60) at 2025.07.21-22.02.53
[2025.07.22-01.02.53:176][405]LogWorld: Bringing up level for play took: 0.009097
[2025.07.22-01.02.53:176][405]LogOnline: OSS: Creating online subsystem instance for: :Context_41
[2025.07.22-01.02.53:179][405]LogBlueprintUserMessages: [plataforma_2] Buenas buenas!
[2025.07.22-01.02.53:182][405]PIE: Server logged in
[2025.07.22-01.02.53:183][405]PIE: Play in editor total start time 0.167 seconds.
[2025.07.22-01.02.56:998][628]LogBlueprintUserMessages: [Balaza_C_0] Le reste 20 al peoncito
[2025.07.22-01.02.57:066][632]LogBlueprintUserMessages: [enemy_bullet_C_4] El peoncito perdio 10 de vida!!!!
[2025.07.22-01.02.58:346][707]LogBlueprintUserMessages: [EnemyCharacter_C_0] Golem aniquilado
[2025.07.22-01.02.59:260][761]LogBlueprintUserMessages: [enemy_bullet_C_10] El peoncito perdio 10 de vida!!!!
[2025.07.22-01.03.01:822][912]LogBlueprintUserMessages: [Torreta2_5] algo me ataveso!
[2025.07.22-01.03.05:095][102]LogBlueprintUserMessages: [ReglasJuego_C_0] El puntaje subio!
[2025.07.22-01.03.05:095][102]LogBlueprintUserMessages: [ReglasJuego_C_0] 2
[2025.07.22-01.03.08:355][290]LogBlueprintUserMessages: [enemy_misil_C_4] El peoncito perdio 10 de vida!!!!
[2025.07.22-01.03.11:162][451]LogBlueprintUserMessages: [enemy_bullet_C_40] El peoncito perdio 10 de vida!!!!
[2025.07.22-01.03.15:092][670]LogBlueprintUserMessages: [ReglasJuego_C_0] El puntaje subio!
[2025.07.22-01.03.15:092][670]LogBlueprintUserMessages: [ReglasJuego_C_0] 4
[2025.07.22-01.03.15:287][681]LogCharacterMovement: EnemyCharacter_C_2 is stuck and failed to move! Velocity: X=306.60 Y=-65.34 Z=0.00 Location: X=863.40 Y=-981.81 Z=220.83 Normal: X=0.44 Y=0.87 Z=0.22 PenetrationDepth:3.778 Actor:Curador_2 Component:Cylinder3 BoneName:None (0 other events since notify)
[2025.07.22-01.03.16:323][743]LogCharacterMovement: EnemyCharacter_C_3 is stuck and failed to move! Velocity: X=-36.17 Y=7.32 Z=0.00 Location: X=790.84 Y=-1338.87 Z=220.27 Normal: X=0.64 Y=0.76 Z=0.00 PenetrationDepth:0.020 Actor:EnemyCharacter_C_1 Component:CollisionCylinder BoneName:None (0 other events since notify)
[2025.07.22-01.03.17:243][798]LogBlueprintUserMessages: [Curador_2] Le di vida al peoncito! ahora tiene:
[2025.07.22-01.03.17:243][798]LogBlueprintUserMessages: [Curador_2] 30.0
[2025.07.22-01.03.17:243][798]LogBlueprintUserMessages: [Curador_2] El curador ya curo las siguientes veces:
[2025.07.22-01.03.17:243][798]LogBlueprintUserMessages: [Curador_2] 1.0
[2025.07.22-01.03.17:386][806]LogCharacterMovement: EnemyCharacter_C_1 is stuck and failed to move! Velocity: X=219.19 Y=104.21 Z=0.00 Location: X=723.39 Y=-1090.11 Z=220.29 Normal: X=-0.46 Y=-0.89 Z=-0.01 PenetrationDepth:1.268 Actor:Curador_2 Component:Cylinder3 BoneName:None (0 other events since notify)
[2025.07.22-01.03.17:647][820]LogBlueprintUserMessages: [Balaza_C_21] Le reste 20 al peoncito
[2025.07.22-01.03.18:508][865]LogCharacterMovement: EnemyCharacter_C_1 is stuck and failed to move! Velocity: X=-94.51 Y=108.99 Z=0.00 Location: X=881.18 Y=-985.34 Z=220.37 Normal: X=0.50 Y=0.87 Z=0.01 PenetrationDepth:2.907 Actor:Curador_2 Component:Cylinder3 BoneName:None (0 other events since notify)
[2025.07.22-01.03.19:665][932]LogBlueprintUserMessages: [enemy_bullet_C_54] El peoncito perdio 10 de vida!!!!
[2025.07.22-01.03.19:965][950]LogBlueprintUserMessages: [enemy_bullet_C_52] El peoncito perdio 10 de vida!!!!
[2025.07.22-01.03.20:738][995]LogBlueprintUserMessages: [Curador_2] Le di vida al peoncito! ahora tiene:
[2025.07.22-01.03.20:739][995]LogBlueprintUserMessages: [Curador_2] 10.0
[2025.07.22-01.03.20:739][995]LogBlueprintUserMessages: [Curador_2] El curador ya curo las siguientes veces:
[2025.07.22-01.03.20:739][995]LogBlueprintUserMessages: [Curador_2] 2.0
[2025.07.22-01.03.21:079][ 14]LogCharacterMovement: peoncito_2 is stuck and failed to move! Velocity: X=-148.20 Y=-441.20 Z=0.00 Location: X=854.96 Y=-1120.44 Z=198.46 Normal: X=-0.52 Y=0.86 Z=-0.01 PenetrationDepth:2.097 Actor:EnemyCharacter_C_1 Component:CollisionCylinder BoneName:None (0 other events since notify)
[2025.07.22-01.03.23:691][155]LogBlueprintUserMessages: [EnemyCharacter_C_3] Golem aniquilado
[2025.07.22-01.03.23:915][168]LogBlueprintUserMessages: [Balaza_C_27] Le reste 20 al peoncito
[2025.07.22-01.03.24:219][185]LogBlueprintUserMessages: [enemy_bullet_C_66] El peoncito perdio 10 de vida!!!!
[2025.07.22-01.03.24:221][185]LogBlueprintUserMessages: [peoncito_2] El peoncito murio
[2025.07.22-01.03.24:221][185]LogBlueprintUserMessages: [ReglasJuego_C_0] Noo, perdiste!
[2025.07.22-01.03.24:226][185]LogScript: Warning: Accessed None trying to read property K2Node_DynamicCast_AsPeoncito
	BarraVIda_C /Engine/Transient.UnrealEdEngine_0:GameInstance_13.BarraVIda_C_0
	Function /Game/ThirdPersonBP/Blueprints/blueprints/BarraVIda.BarraVIda_C:GetText_0:0099
[2025.07.22-01.03.24:226][185]PIE: Error: Blueprint Runtime Error: "Accessed None trying to read property K2Node_DynamicCast_AsPeoncito". Blueprint:  BarraVIda Function:  Get Text 0 Graph:  GetText_0 Node:  Return Node
[2025.07.22-01.03.24:236][186]LogNet: Browse: /Game/ThirdPersonBP/Maps/Perdiste_Level
[2025.07.22-01.03.24:236][186]LogLoad: LoadMap: /Game/ThirdPersonBP/Maps/Perdiste_Level
[2025.07.22-01.03.24:237][186]LogWorld: BeginTearingDown for /Game/ThirdPersonBP/Maps/UEDPIE_0_ThirdPersonExampleMap
[2025.07.22-01.03.24:237][186]LogWorld: UWorld::CleanupWorld for ThirdPersonExampleMap, bSessionEnded=true, bCleanupResources=true
[2025.07.22-01.03.24:241][186]LogSlate: InvalidateAllWidgets triggered.  All widgets were invalidated
[2025.07.22-01.03.24:322][186]LogAudio: Display: Audio Device unregistered from world 'None'.
[2025.07.22-01.03.24:329][186]LogUObjectHash: Compacting FUObjectHashTables data took   5.00ms
[2025.07.22-01.03.24:369][186]LogAudio: Display: Audio Device (ID: 15) registered with world 'Perdiste_Level'.
[2025.07.22-01.03.24:371][186]LogAIModule: Creating AISystem for world Perdiste_Level
[2025.07.22-01.03.24:372][186]LogLoad: Game class is 'ReglasJuego_C'
[2025.07.22-01.03.24:431][186]LogWorld: Bringing World /Game/ThirdPersonBP/Maps/UEDPIE_0_Perdiste_Level.Perdiste_Level up for play (max tick rate 60) at 2025.07.21-22.03.24
[2025.07.22-01.03.24:431][186]LogWorld: Bringing up level for play took: 0.057620
[2025.07.22-01.03.24:431][186]LogGameMode: FindPlayerStart: PATHS NOT DEFINED or NO PLAYERSTART with positive rating
[2025.07.22-01.03.24:433][186]LogBlueprintUserMessages: [plataforma_2] Buenas buenas!
[2025.07.22-01.03.24:434][186]LogLoad: Took 0.197618 seconds to LoadMap(/Game/ThirdPersonBP/Maps/Perdiste_Level)
[2025.07.22-01.03.24:477][186]PIE: Error: Blueprint Runtime Error: "Accessed None trying to read property K2Node_DynamicCast_AsPeoncito". Blueprint:  BarraVIda Function:  Get Text 0 Graph:  GetText_0 Node:  Return Node
[2025.07.22-01.03.24:494][187]PIE: Error: Blueprint Runtime Error: "Accessed None trying to read property K2Node_DynamicCast_AsPeoncito". Blueprint:  BarraVIda Function:  Get Text 0 Graph:  GetText_0 Node:  Return Node
[2025.07.22-01.03.24:509][188]PIE: Error: Blueprint Runtime Error: "Accessed None trying to read property K2Node_DynamicCast_AsPeoncito". Blueprint:  BarraVIda Function:  Get Text 0 Graph:  GetText_0 Node:  Return Node
[2025.07.22-01.03.24:526][189]PIE: Error: Blueprint Runtime Error: "Accessed None trying to read property K2Node_DynamicCast_AsPeoncito". Blueprint:  BarraVIda Function:  Get Text 0 Graph:  GetText_0 Node:  Return Node
[2025.07.22-01.03.24:543][190]PIE: Error: Blueprint Runtime Error: "Accessed None trying to read property K2Node_DynamicCast_AsPeoncito". Blueprint:  BarraVIda Function:  Get Text 0 Graph:  GetText_0 Node:  Return Node
[2025.07.22-01.03.24:560][191]PIE: Error: Blueprint Runtime Error: "Accessed None trying to read property K2Node_DynamicCast_AsPeoncito". Blueprint:  BarraVIda Function:  Get Text 0 Graph:  GetText_0 Node:  Return Node
[2025.07.22-01.03.24:577][192]PIE: Error: Blueprint Runtime Error: "Accessed None trying to read property K2Node_DynamicCast_AsPeoncito". Blueprint:  BarraVIda Function:  Get Text 0 Graph:  GetText_0 Node:  Return Node
[2025.07.22-01.03.24:594][193]PIE: Error: Blueprint Runtime Error: "Accessed None trying to read property K2Node_DynamicCast_AsPeoncito". Blueprint:  BarraVIda Function:  Get Text 0 Graph:  GetText_0 Node:  Return Node
[2025.07.22-01.03.24:611][194]PIE: Error: Blueprint Runtime Error: "Accessed None trying to read property K2Node_DynamicCast_AsPeoncito". Blueprint:  BarraVIda Function:  Get Text 0 Graph:  GetText_0 Node:  Return Node
[2025.07.22-01.03.24:628][195]PIE: Error: Blueprint Runtime Error: "Accessed None trying to read property K2Node_DynamicCast_AsPeoncito". Blueprint:  BarraVIda Function:  Get Text 0 Graph:  GetText_0 Node:  Return Node
[2025.07.22-01.03.24:644][196]PIE: Error: Blueprint Runtime Error: "Accessed None trying to read property K2Node_DynamicCast_AsPeoncito". Blueprint:  BarraVIda Function:  Get Text 0 Graph:  GetText_0 Node:  Return Node
[2025.07.22-01.03.24:661][197]PIE: Error: Blueprint Runtime Error: "Accessed None trying to read property K2Node_DynamicCast_AsPeoncito". Blueprint:  BarraVIda Function:  Get Text 0 Graph:  GetText_0 Node:  Return Node
[2025.07.22-01.03.24:677][198]PIE: Error: Blueprint Runtime Error: "Accessed None trying to read property K2Node_DynamicCast_AsPeoncito". Blueprint:  BarraVIda Function:  Get Text 0 Graph:  GetText_0 Node:  Return Node
[2025.07.22-01.03.24:694][199]PIE: Error: Blueprint Runtime Error: "Accessed None trying to read property K2Node_DynamicCast_AsPeoncito". Blueprint:  BarraVIda Function:  Get Text 0 Graph:  GetText_0 Node:  Return Node
[2025.07.22-01.03.24:711][200]PIE: Error: Blueprint Runtime Error: "Accessed None trying to read property K2Node_DynamicCast_AsPeoncito". Blueprint:  BarraVIda Function:  Get Text 0 Graph:  GetText_0 Node:  Return Node
[2025.07.22-01.03.24:728][201]PIE: Error: Blueprint Runtime Error: "Accessed None trying to read property K2Node_DynamicCast_AsPeoncito". Blueprint:  BarraVIda Function:  Get Text 0 Graph:  GetText_0 Node:  Return Node
[2025.07.22-01.03.24:746][202]PIE: Error: Blueprint Runtime Error: "Accessed None trying to read property K2Node_DynamicCast_AsPeoncito". Blueprint:  BarraVIda Function:  Get Text 0 Graph:  GetText_0 Node:  Return Node
[2025.07.22-01.03.24:761][203]PIE: Error: Blueprint Runtime Error: "Accessed None trying to read property K2Node_DynamicCast_AsPeoncito". Blueprint:  BarraVIda Function:  Get Text 0 Graph:  GetText_0 Node:  Return Node
[2025.07.22-01.03.24:778][204]PIE: Error: Blueprint Runtime Error: "Accessed None trying to read property K2Node_DynamicCast_AsPeoncito". Blueprint:  BarraVIda Function:  Get Text 0 Graph:  GetText_0 Node:  Return Node
[2025.07.22-01.03.24:794][205]PIE: Error: Blueprint Runtime Error: "Accessed None trying to read property K2Node_DynamicCast_AsPeoncito". Blueprint:  BarraVIda Function:  Get Text 0 Graph:  GetText_0 Node:  Return Node
[2025.07.22-01.03.24:811][206]PIE: Error: Blueprint Runtime Error: "Accessed None trying to read property K2Node_DynamicCast_AsPeoncito". Blueprint:  BarraVIda Function:  Get Text 0 Graph:  GetText_0 Node:  Return Node
[2025.07.22-01.03.24:827][207]PIE: Error: Blueprint Runtime Error: "Accessed None trying to read property K2Node_DynamicCast_AsPeoncito". Blueprint:  BarraVIda Function:  Get Text 0 Graph:  GetText_0 Node:  Return Node
[2025.07.22-01.03.24:844][208]PIE: Error: Blueprint Runtime Error: "Accessed None trying to read property K2Node_DynamicCast_AsPeoncito". Blueprint:  BarraVIda Function:  Get Text 0 Graph:  GetText_0 Node:  Return Node
[2025.07.22-01.03.24:861][209]PIE: Error: Blueprint Runtime Error: "Accessed None trying to read property K2Node_DynamicCast_AsPeoncito". Blueprint:  BarraVIda Function:  Get Text 0 Graph:  GetText_0 Node:  Return Node
[2025.07.22-01.03.24:877][210]PIE: Error: Blueprint Runtime Error: "Accessed None trying to read property K2Node_DynamicCast_AsPeoncito". Blueprint:  BarraVIda Function:  Get Text 0 Graph:  GetText_0 Node:  Return Node
[2025.07.22-01.03.24:893][211]PIE: Error: Blueprint Runtime Error: "Accessed None trying to read property K2Node_DynamicCast_AsPeoncito". Blueprint:  BarraVIda Function:  Get Text 0 Graph:  GetText_0 Node:  Return Node
[2025.07.22-01.03.24:909][212]PIE: Error: Blueprint Runtime Error: "Accessed None trying to read property K2Node_DynamicCast_AsPeoncito". Blueprint:  BarraVIda Function:  Get Text 0 Graph:  GetText_0 Node:  Return Node
[2025.07.22-01.03.24:926][213]PIE: Error: Blueprint Runtime Error: "Accessed None trying to read property K2Node_DynamicCast_AsPeoncito". Blueprint:  BarraVIda Function:  Get Text 0 Graph:  GetText_0 Node:  Return Node
[2025.07.22-01.03.24:944][214]PIE: Error: Blueprint Runtime Error: "Accessed None trying to read property K2Node_DynamicCast_AsPeoncito". Blueprint:  BarraVIda Function:  Get Text 0 Graph:  GetText_0 Node:  Return Node
[2025.07.22-01.03.24:960][215]PIE: Error: Blueprint Runtime Error: "Accessed None trying to read property K2Node_DynamicCast_AsPeoncito". Blueprint:  BarraVIda Function:  Get Text 0 Graph:  GetText_0 Node:  Return Node
[2025.07.22-01.03.24:977][216]PIE: Error: Blueprint Runtime Error: "Accessed None trying to read property K2Node_DynamicCast_AsPeoncito". Blueprint:  BarraVIda Function:  Get Text 0 Graph:  GetText_0 Node:  Return Node
[2025.07.22-01.03.24:993][217]PIE: Error: Blueprint Runtime Error: "Accessed None trying to read property K2Node_DynamicCast_AsPeoncito". Blueprint:  BarraVIda Function:  Get Text 0 Graph:  GetText_0 Node:  Return Node
[2025.07.22-01.03.25:010][218]PIE: Error: Blueprint Runtime Error: "Accessed None trying to read property K2Node_DynamicCast_AsPeoncito". Blueprint:  BarraVIda Function:  Get Text 0 Graph:  GetText_0 Node:  Return Node
[2025.07.22-01.03.25:027][219]PIE: Error: Blueprint Runtime Error: "Accessed None trying to read property K2Node_DynamicCast_AsPeoncito". Blueprint:  BarraVIda Function:  Get Text 0 Graph:  GetText_0 Node:  Return Node
[2025.07.22-01.03.25:043][220]PIE: Error: Blueprint Runtime Error: "Accessed None trying to read property K2Node_DynamicCast_AsPeoncito". Blueprint:  BarraVIda Function:  Get Text 0 Graph:  GetText_0 Node:  Return Node
[2025.07.22-01.03.25:060][221]PIE: Error: Blueprint Runtime Error: "Accessed None trying to read property K2Node_DynamicCast_AsPeoncito". Blueprint:  BarraVIda Function:  Get Text 0 Graph:  GetText_0 Node:  Return Node
[2025.07.22-01.03.25:137][222]LogSlate: Updating window title bar state: overlay mode, drag disabled, window buttons hidden, title bar hidden
[2025.07.22-01.03.25:137][222]LogWorld: BeginTearingDown for /Game/ThirdPersonBP/Maps/UEDPIE_0_Perdiste_Level
[2025.07.22-01.03.25:137][222]LogWorld: UWorld::CleanupWorld for Perdiste_Level, bSessionEnded=true, bCleanupResources=true
[2025.07.22-01.03.25:138][222]LogSlate: InvalidateAllWidgets triggered.  All widgets were invalidated
[2025.07.22-01.03.25:150][222]LogPlayLevel: Display: Shutting down PIE online subsystems
[2025.07.22-01.03.25:167][222]LogSlate: InvalidateAllWidgets triggered.  All widgets were invalidated
[2025.07.22-01.03.25:200][222]LogSlate: Updating window title bar state: overlay mode, drag disabled, window buttons hidden, title bar hidden
[2025.07.22-01.03.25:200][222]LogAudioMixer: FMixerPlatformXAudio2::StopAudioStream() called
[2025.07.22-01.03.25:201][222]LogAudioMixer: FMixerPlatformXAudio2::StopAudioStream() called
[2025.07.22-01.03.25:209][222]LogUObjectHash: Compacting FUObjectHashTables data took   3.73ms
[2025.07.22-01.03.25:477][223]LogPlayLevel: Display: Destroying online subsystem :Context_41
[2025.07.22-01.03.27:361][302]LogSlate: Window 'Message Log' being destroyed
[2025.07.22-01.03.27:393][302]LogSlate: Window 'Message Log' being destroyed
[2025.07.22-01.03.28:835][361]LogUObjectHash: Compacting FUObjectHashTables data took   5.80ms
[2025.07.22-01.03.28:925][361]LogSavePackage: Moving '../../../../../UTN-e-learning/Unreal-Engine/Unreal-Projects/TP_PreEntrega/Saved/ThirdPersonExampleMapE70B57444965C1D7AE83D580D9EB83D6.tmp' to '../../../../../UTN-e-learning/Unreal-Engine/Unreal-Projects/TP_PreEntrega/Content/ThirdPersonBP/Maps/ThirdPersonExampleMap.umap'
[2025.07.22-01.03.29:176][361]LogSavePackage: Moving '../../../../../UTN-e-learning/Unreal-Engine/Unreal-Projects/TP_PreEntrega/Saved/ThirdPersonExampleMap_BuiltDataB9C4EE3B4A443B394604CAB6CDF563AE.tmp' to '../../../../../UTN-e-learning/Unreal-Engine/Unreal-Projects/TP_PreEntrega/Content/ThirdPersonBP/Maps/ThirdPersonExampleMap_BuiltData.uasset'
[2025.07.22-01.03.29:205][361]AssetCheck: New page: Asset Save: multiple assets
[2025.07.22-01.03.29:205][361]LogContentValidation: Display: Validating MapBuildDataRegistry /Game/ThirdPersonBP/Maps/ThirdPersonExampleMap_BuiltData.ThirdPersonExampleMap_BuiltData
[2025.07.22-01.03.29:205][361]LogContentValidation: Display: Validating World /Game/ThirdPersonBP/Maps/ThirdPersonExampleMap.ThirdPersonExampleMap
[2025.07.22-01.03.52:515][474]LogTemp: Repeating last play command: Selected Viewport
[2025.07.22-01.03.52:571][474]LogPlayLevel: PlayLevel: No blueprints needed recompiling
[2025.07.22-01.03.52:571][474]PIE: New page: PIE session: ThirdPersonExampleMap (Jul 21, 2025, 7:03:52 PM)
[2025.07.22-01.03.52:603][474]LogPlayLevel: Creating play world package: /Game/ThirdPersonBP/Maps/UEDPIE_0_ThirdPersonExampleMap
[2025.07.22-01.03.52:640][474]LogPlayLevel: PIE: StaticDuplicateObject took: (0.037397s)
[2025.07.22-01.03.52:641][474]LogAIModule: Creating AISystem for world ThirdPersonExampleMap
[2025.07.22-01.03.52:642][474]LogPlayLevel: PIE: World Init took: (0.001479s)
[2025.07.22-01.03.52:642][474]LogPlayLevel: PIE: Created PIE world by copying editor world from /Game/ThirdPersonBP/Maps/ThirdPersonExampleMap.ThirdPersonExampleMap to /Game/ThirdPersonBP/Maps/UEDPIE_0_ThirdPersonExampleMap.ThirdPersonExampleMap (0.039301s)
[2025.07.22-01.03.52:683][474]LogUObjectHash: Compacting FUObjectHashTables data took   3.85ms
[2025.07.22-01.03.52:685][474]LogAudio: Display: Creating Audio Device:                 Id: 16, Scope: Unique, Realtime: True
[2025.07.22-01.03.52:685][474]LogAudioMixer: Display: Audio Mixer Platform Settings:
[2025.07.22-01.03.52:685][474]LogAudioMixer: Display: 	Sample Rate:						  48000
[2025.07.22-01.03.52:685][474]LogAudioMixer: Display: 	Callback Buffer Frame Size Requested: 1024
[2025.07.22-01.03.52:685][474]LogAudioMixer: Display: 	Callback Buffer Frame Size To Use:	  1024
[2025.07.22-01.03.52:685][474]LogAudioMixer: Display: 	Number of buffers to queue:			  2
[2025.07.22-01.03.52:685][474]LogAudioMixer: Display: 	Max Channels (voices):				  32
[2025.07.22-01.03.52:685][474]LogAudioMixer: Display: 	Number of Async Source Workers:		  0
[2025.07.22-01.03.52:685][474]LogAudio: Display: AudioDevice MaxSources: 32
[2025.07.22-01.03.52:685][474]LogAudio: Display: Audio Spatialization Plugin: None (built-in).
[2025.07.22-01.03.52:686][474]LogAudio: Display: Audio Reverb Plugin: None (built-in).
[2025.07.22-01.03.52:686][474]LogAudio: Display: Audio Occlusion Plugin: None (built-in).
[2025.07.22-01.03.52:686][474]LogAudioMixer: Display: Initializing audio mixer.
[2025.07.22-01.03.52:692][474]LogAudioMixer: Display: 0: FrontLeft
[2025.07.22-01.03.52:692][474]LogAudioMixer: Display: 1: FrontRight
[2025.07.22-01.03.52:716][474]LogAudioMixer: Display: Using Audio Device Speakers (Realtek(R) Audio)
[2025.07.22-01.03.52:716][474]LogAudioMixer: Display: Initializing Sound Submixes...
[2025.07.22-01.03.52:716][474]LogAudioMixer: Display: Creating Master Submix 'MasterSubmixDefault'
[2025.07.22-01.03.52:716][474]LogAudioMixer: Display: Creating Master Submix 'MasterReverbSubmixDefault'
[2025.07.22-01.03.52:717][474]LogAudioMixer: Display: Creating Master Submix 'MasterEQSubmixDefault'
[2025.07.22-01.03.52:717][474]LogAudioMixer: FMixerPlatformXAudio2::StartAudioStream() called
[2025.07.22-01.03.52:717][474]LogAudioMixer: Display: Output buffers initialized: Frames=1024, Channels=2, Samples=2048
[2025.07.22-01.03.52:719][474]LogAudioMixer: Display: Starting AudioMixerPlatformInterface::RunInternal()
[2025.07.22-01.03.52:719][474]LogAudioMixer: Display: FMixerPlatformXAudio2::SubmitBuffer() called for the first time
[2025.07.22-01.03.52:719][474]LogInit: FAudioDevice initialized.
[2025.07.22-01.03.52:719][474]LogAudio: Display: Audio Device (ID: 16) registered with world 'ThirdPersonExampleMap'.
[2025.07.22-01.03.52:730][474]LogLoad: Game class is 'ReglasJuego_C'
[2025.07.22-01.03.52:741][474]LogWorld: Bringing World /Game/ThirdPersonBP/Maps/UEDPIE_0_ThirdPersonExampleMap.ThirdPersonExampleMap up for play (max tick rate 60) at 2025.07.21-22.03.52
[2025.07.22-01.03.52:741][474]LogWorld: Bringing up level for play took: 0.010223
[2025.07.22-01.03.52:742][474]LogOnline: OSS: Creating online subsystem instance for: :Context_42
[2025.07.22-01.03.52:745][474]LogBlueprintUserMessages: [plataforma_2] Buenas buenas!
[2025.07.22-01.03.52:749][474]PIE: Server logged in
[2025.07.22-01.03.52:750][474]PIE: Play in editor total start time 0.21 seconds.
[2025.07.22-01.03.56:555][675]LogBlueprintUserMessages: [enemy_bullet_C_5] El peoncito perdio 10 de vida!!!!
[2025.07.22-01.04.01:561][924]LogBlueprintUserMessages: [enemy_bullet_C_18] El peoncito perdio 10 de vida!!!!
[2025.07.22-01.04.09:207][319]LogBlueprintUserMessages: [enemy_bullet_C_31] El peoncito perdio 10 de vida!!!!
[2025.07.22-01.04.10:667][391]LogBlueprintUserMessages: [ReglasJuego_C_0] El puntaje subio!
[2025.07.22-01.04.10:667][391]LogBlueprintUserMessages: [ReglasJuego_C_0] 2
[2025.07.22-01.04.17:041][757]LogBlueprintUserMessages: [EnemyCharacter_C_0] Golem aniquilado
[2025.07.22-01.04.19:693][914]LogBlueprintUserMessages: [Curador_2] Le di vida al peoncito! ahora tiene:
[2025.07.22-01.04.19:693][914]LogBlueprintUserMessages: [Curador_2] 70.0
[2025.07.22-01.04.19:693][914]LogBlueprintUserMessages: [Curador_2] El curador ya curo las siguientes veces:
[2025.07.22-01.04.19:693][914]LogBlueprintUserMessages: [Curador_2] 1.0
[2025.07.22-01.04.20:695][973]LogBlueprintUserMessages: [Curador_2] no te puedo curar porque tu vida es mayor a 80, volve cuando tengas menos!
[2025.07.22-01.04.23:081][109]LogBlueprintUserMessages: [Balaza_C_27] Le reste 20 al peoncito
[2025.07.22-01.04.24:412][183]LogBlueprintUserMessages: [Balaza_C_29] Le reste 20 al peoncito
[2025.07.22-01.04.31:953][560]LogBlueprintUserMessages: [EnemyCharacter_C_1] Golem aniquilado
[2025.07.22-01.04.32:536][590]LogBlueprintUserMessages: [enemy_bullet_C_88] El peoncito perdio 10 de vida!!!!
[2025.07.22-01.04.34:923][711]LogBlueprintUserMessages: [enemy_bullet_C_92] El peoncito perdio 10 de vida!!!!
[2025.07.22-01.04.37:524][866]LogBlueprintUserMessages: [ReglasJuego_C_0] El puntaje subio!
[2025.07.22-01.04.37:524][866]LogBlueprintUserMessages: [ReglasJuego_C_0] 4
[2025.07.22-01.04.39:328][974]LogBlueprintUserMessages: [Curador_2] Le di vida al peoncito! ahora tiene:
[2025.07.22-01.04.39:328][974]LogBlueprintUserMessages: [Curador_2] 30.0
[2025.07.22-01.04.39:328][974]LogBlueprintUserMessages: [Curador_2] El curador ya curo las siguientes veces:
[2025.07.22-01.04.39:328][974]LogBlueprintUserMessages: [Curador_2] 2.0
[2025.07.22-01.04.42:736][171]LogBlueprintUserMessages: [enemy_bullet_C_106] El peoncito perdio 10 de vida!!!!
[2025.07.22-01.04.45:462][325]LogBlueprintUserMessages: [enemy_bullet_C_111] El peoncito perdio 10 de vida!!!!
[2025.07.22-01.04.47:082][418]LogSlate: Updating window title bar state: overlay mode, drag disabled, window buttons hidden, title bar hidden
[2025.07.22-01.04.47:082][418]LogWorld: BeginTearingDown for /Game/ThirdPersonBP/Maps/UEDPIE_0_ThirdPersonExampleMap
[2025.07.22-01.04.47:083][418]LogWorld: UWorld::CleanupWorld for ThirdPersonExampleMap, bSessionEnded=true, bCleanupResources=true
[2025.07.22-01.04.47:084][418]LogSlate: InvalidateAllWidgets triggered.  All widgets were invalidated
[2025.07.22-01.04.47:095][418]LogPlayLevel: Display: Shutting down PIE online subsystems
[2025.07.22-01.04.47:118][418]LogSlate: InvalidateAllWidgets triggered.  All widgets were invalidated
[2025.07.22-01.04.47:164][418]LogSlate: Updating window title bar state: overlay mode, drag disabled, window buttons hidden, title bar hidden
[2025.07.22-01.04.47:165][418]LogAudioMixer: FMixerPlatformXAudio2::StopAudioStream() called
[2025.07.22-01.04.47:166][418]LogAudioMixer: FMixerPlatformXAudio2::StopAudioStream() called
[2025.07.22-01.04.47:176][418]LogUObjectHash: Compacting FUObjectHashTables data took   4.70ms
[2025.07.22-01.04.47:243][419]LogPlayLevel: Display: Destroying online subsystem :Context_42
[2025.07.22-01.05.06:754][103]LogUObjectHash: Compacting FUObjectHashTables data took  10.41ms
[2025.07.22-01.05.06:981][103]LogSavePackage: Moving '../../../../../UTN-e-learning/Unreal-Engine/Unreal-Projects/TP_PreEntrega/Saved/ThirdPersonExampleMapFC1510D049FCAF65D4D36A83C608FE94.tmp' to '../../../../../UTN-e-learning/Unreal-Engine/Unreal-Projects/TP_PreEntrega/Content/ThirdPersonBP/Maps/ThirdPersonExampleMap.umap'
[2025.07.22-01.05.07:341][103]LogSavePackage: Moving '../../../../../UTN-e-learning/Unreal-Engine/Unreal-Projects/TP_PreEntrega/Saved/ThirdPersonExampleMap_BuiltDataD2A6B7AE41C0839246609E95B8445EE1.tmp' to '../../../../../UTN-e-learning/Unreal-Engine/Unreal-Projects/TP_PreEntrega/Content/ThirdPersonBP/Maps/ThirdPersonExampleMap_BuiltData.uasset'
[2025.07.22-01.05.07:376][103]AssetCheck: New page: Asset Save: multiple assets
[2025.07.22-01.05.07:376][103]LogContentValidation: Display: Validating MapBuildDataRegistry /Game/ThirdPersonBP/Maps/ThirdPersonExampleMap_BuiltData.ThirdPersonExampleMap_BuiltData
[2025.07.22-01.05.07:376][103]LogContentValidation: Display: Validating World /Game/ThirdPersonBP/Maps/ThirdPersonExampleMap.ThirdPersonExampleMap
[2025.07.22-01.05.08:655][143]LogAudioMixer: Warning: Changing default audio render device to new device: {0.0.0.00000000}.{24e7b202-284e-42f7-bc0e-362262c7f551}.
[2025.07.22-01.05.08:655][143]LogAudioMixer: Resetting audio stream to device id 
[2025.07.22-01.05.08:906][143]LogAudioMixer: Display: 0: FrontLeft
[2025.07.22-01.05.08:906][143]LogAudioMixer: Display: 1: FrontRight
[2025.07.22-01.06.10:190][454]LogSavePackage: Moving '../../../../../UTN-e-learning/Unreal-Engine/Unreal-Projects/TP_PreEntrega/Saved/CaveF061901F4C72F994E27F568F3A2BA38D.tmp' to '../../../../../UTN-e-learning/Unreal-Engine/Unreal-Projects/TP_PreEntrega/Content/ThirdPersonBP/Blueprints/blueprints/Cave.uasset'
[2025.07.22-01.06.10:226][454]AssetCheck: New page: Asset Save: Cave
[2025.07.22-01.06.10:226][454]LogContentValidation: Display: Validating Blueprint /Game/ThirdPersonBP/Blueprints/blueprints/Cave.Cave
[2025.07.22-01.06.13:164][567]BlueprintLog: New page: Compile Cave
[2025.07.22-01.06.13:276][567]LogUObjectHash: Compacting FUObjectHashTables data took   6.62ms
[2025.07.22-01.06.21:585][901]LogTemp: Repeating last play command: Selected Viewport
[2025.07.22-01.06.21:625][901]LogPlayLevel: PlayLevel: No blueprints needed recompiling
[2025.07.22-01.06.21:626][901]PIE: New page: PIE session: ThirdPersonExampleMap (Jul 21, 2025, 7:06:21 PM)
[2025.07.22-01.06.21:626][901]LogPlayLevel: Creating play world package: /Game/ThirdPersonBP/Maps/UEDPIE_0_ThirdPersonExampleMap
[2025.07.22-01.06.21:662][901]LogPlayLevel: PIE: StaticDuplicateObject took: (0.036244s)
[2025.07.22-01.06.21:664][901]LogAIModule: Creating AISystem for world ThirdPersonExampleMap
[2025.07.22-01.06.21:665][901]LogPlayLevel: PIE: World Init took: (0.002754s)
[2025.07.22-01.06.21:665][901]LogPlayLevel: PIE: Created PIE world by copying editor world from /Game/ThirdPersonBP/Maps/ThirdPersonExampleMap.ThirdPersonExampleMap to /Game/ThirdPersonBP/Maps/UEDPIE_0_ThirdPersonExampleMap.ThirdPersonExampleMap (0.039409s)
[2025.07.22-01.06.21:731][901]LogUObjectHash: Compacting FUObjectHashTables data took   6.84ms
[2025.07.22-01.06.21:733][901]LogAudio: Display: Creating Audio Device:                 Id: 17, Scope: Unique, Realtime: True
[2025.07.22-01.06.21:733][901]LogAudioMixer: Display: Audio Mixer Platform Settings:
[2025.07.22-01.06.21:733][901]LogAudioMixer: Display: 	Sample Rate:						  48000
[2025.07.22-01.06.21:734][901]LogAudioMixer: Display: 	Callback Buffer Frame Size Requested: 1024
[2025.07.22-01.06.21:734][901]LogAudioMixer: Display: 	Callback Buffer Frame Size To Use:	  1024
[2025.07.22-01.06.21:734][901]LogAudioMixer: Display: 	Number of buffers to queue:			  2
[2025.07.22-01.06.21:734][901]LogAudioMixer: Display: 	Max Channels (voices):				  32
[2025.07.22-01.06.21:734][901]LogAudioMixer: Display: 	Number of Async Source Workers:		  0
[2025.07.22-01.06.21:734][901]LogAudio: Display: AudioDevice MaxSources: 32
[2025.07.22-01.06.21:734][901]LogAudio: Display: Audio Spatialization Plugin: None (built-in).
[2025.07.22-01.06.21:734][901]LogAudio: Display: Audio Reverb Plugin: None (built-in).
[2025.07.22-01.06.21:734][901]LogAudio: Display: Audio Occlusion Plugin: None (built-in).
[2025.07.22-01.06.21:734][901]LogAudioMixer: Display: Initializing audio mixer.
[2025.07.22-01.06.21:742][901]LogAudioMixer: Display: 0: FrontLeft
[2025.07.22-01.06.21:742][901]LogAudioMixer: Display: 1: FrontRight
[2025.07.22-01.06.21:770][901]LogAudioMixer: Display: Using Audio Device Headphones (SOUNDPEATS Opera05)
[2025.07.22-01.06.21:770][901]LogAudioMixer: Display: Initializing Sound Submixes...
[2025.07.22-01.06.21:770][901]LogAudioMixer: Display: Creating Master Submix 'MasterSubmixDefault'
[2025.07.22-01.06.21:770][901]LogAudioMixer: Display: Creating Master Submix 'MasterReverbSubmixDefault'
[2025.07.22-01.06.21:770][901]LogAudioMixer: Display: Creating Master Submix 'MasterEQSubmixDefault'
[2025.07.22-01.06.21:770][901]LogAudioMixer: FMixerPlatformXAudio2::StartAudioStream() called
[2025.07.22-01.06.21:771][901]LogAudioMixer: Display: Output buffers initialized: Frames=1024, Channels=2, Samples=2048
[2025.07.22-01.06.21:772][901]LogAudioMixer: Display: Starting AudioMixerPlatformInterface::RunInternal()
[2025.07.22-01.06.21:772][901]LogAudioMixer: Display: FMixerPlatformXAudio2::SubmitBuffer() called for the first time
[2025.07.22-01.06.21:772][901]LogInit: FAudioDevice initialized.
[2025.07.22-01.06.21:772][901]LogAudio: Display: Audio Device (ID: 17) registered with world 'ThirdPersonExampleMap'.
[2025.07.22-01.06.21:806][901]LogLoad: Game class is 'ReglasJuego_C'
[2025.07.22-01.06.21:814][901]LogWorld: Bringing World /Game/ThirdPersonBP/Maps/UEDPIE_0_ThirdPersonExampleMap.ThirdPersonExampleMap up for play (max tick rate 60) at 2025.07.21-22.06.21
[2025.07.22-01.06.21:815][901]LogWorld: Bringing up level for play took: 0.007910
[2025.07.22-01.06.21:816][901]LogOnline: OSS: Creating online subsystem instance for: :Context_43
[2025.07.22-01.06.21:818][901]LogBlueprintUserMessages: [plataforma_2] Buenas buenas!
[2025.07.22-01.06.21:820][901]PIE: Server logged in
[2025.07.22-01.06.21:821][901]PIE: Play in editor total start time 0.221 seconds.
[2025.07.22-01.06.23:432][972]LogSlate: Updating window title bar state: overlay mode, drag disabled, window buttons hidden, title bar hidden
[2025.07.22-01.06.23:432][972]LogWorld: BeginTearingDown for /Game/ThirdPersonBP/Maps/UEDPIE_0_ThirdPersonExampleMap
[2025.07.22-01.06.23:432][972]LogWorld: UWorld::CleanupWorld for ThirdPersonExampleMap, bSessionEnded=true, bCleanupResources=true
[2025.07.22-01.06.23:434][972]LogSlate: InvalidateAllWidgets triggered.  All widgets were invalidated
[2025.07.22-01.06.23:450][972]LogPlayLevel: Display: Shutting down PIE online subsystems
[2025.07.22-01.06.23:473][972]LogSlate: InvalidateAllWidgets triggered.  All widgets were invalidated
[2025.07.22-01.06.23:516][972]LogAudio: Display: Audio Device unregistered from world 'None'.
[2025.07.22-01.06.23:517][972]LogAudioMixer: FMixerPlatformXAudio2::StopAudioStream() called
[2025.07.22-01.06.23:518][972]LogAudioMixer: FMixerPlatformXAudio2::StopAudioStream() called
[2025.07.22-01.06.23:521][972]LogSlate: Updating window title bar state: overlay mode, drag disabled, window buttons hidden, title bar hidden
[2025.07.22-01.06.23:529][972]LogUObjectHash: Compacting FUObjectHashTables data took   5.48ms
[2025.07.22-01.06.23:605][973]LogPlayLevel: Display: Destroying online subsystem :Context_43
[2025.07.22-01.06.25:665][ 74]LogTemp: Repeating last play command: Selected Viewport
[2025.07.22-01.06.25:717][ 74]LogPlayLevel: PlayLevel: No blueprints needed recompiling
[2025.07.22-01.06.25:717][ 74]PIE: New page: PIE session: ThirdPersonExampleMap (Jul 21, 2025, 7:06:25 PM)
[2025.07.22-01.06.25:717][ 74]LogPlayLevel: Creating play world package: /Game/ThirdPersonBP/Maps/UEDPIE_0_ThirdPersonExampleMap
[2025.07.22-01.06.25:757][ 74]LogPlayLevel: PIE: StaticDuplicateObject took: (0.039197s)
[2025.07.22-01.06.25:758][ 74]LogAIModule: Creating AISystem for world ThirdPersonExampleMap
[2025.07.22-01.06.25:760][ 74]LogPlayLevel: PIE: World Init took: (0.002095s)
[2025.07.22-01.06.25:760][ 74]LogPlayLevel: PIE: Created PIE world by copying editor world from /Game/ThirdPersonBP/Maps/ThirdPersonExampleMap.ThirdPersonExampleMap to /Game/ThirdPersonBP/Maps/UEDPIE_0_ThirdPersonExampleMap.ThirdPersonExampleMap (0.041583s)
[2025.07.22-01.06.25:816][ 74]LogUObjectHash: Compacting FUObjectHashTables data took   4.91ms
[2025.07.22-01.06.25:818][ 74]LogAudio: Display: Creating Audio Device:                 Id: 18, Scope: Unique, Realtime: True
[2025.07.22-01.06.25:818][ 74]LogAudioMixer: Display: Audio Mixer Platform Settings:
[2025.07.22-01.06.25:818][ 74]LogAudioMixer: Display: 	Sample Rate:						  48000
[2025.07.22-01.06.25:818][ 74]LogAudioMixer: Display: 	Callback Buffer Frame Size Requested: 1024
[2025.07.22-01.06.25:818][ 74]LogAudioMixer: Display: 	Callback Buffer Frame Size To Use:	  1024
[2025.07.22-01.06.25:818][ 74]LogAudioMixer: Display: 	Number of buffers to queue:			  2
[2025.07.22-01.06.25:818][ 74]LogAudioMixer: Display: 	Max Channels (voices):				  32
[2025.07.22-01.06.25:818][ 74]LogAudioMixer: Display: 	Number of Async Source Workers:		  0
[2025.07.22-01.06.25:818][ 74]LogAudio: Display: AudioDevice MaxSources: 32
[2025.07.22-01.06.25:818][ 74]LogAudio: Display: Audio Spatialization Plugin: None (built-in).
[2025.07.22-01.06.25:818][ 74]LogAudio: Display: Audio Reverb Plugin: None (built-in).
[2025.07.22-01.06.25:818][ 74]LogAudio: Display: Audio Occlusion Plugin: None (built-in).
[2025.07.22-01.06.25:818][ 74]LogAudioMixer: Display: Initializing audio mixer.
[2025.07.22-01.06.25:828][ 74]LogAudioMixer: Display: 0: FrontLeft
[2025.07.22-01.06.25:828][ 74]LogAudioMixer: Display: 1: FrontRight
[2025.07.22-01.06.25:859][ 74]LogAudioMixer: Display: Using Audio Device Headphones (SOUNDPEATS Opera05)
[2025.07.22-01.06.25:859][ 74]LogAudioMixer: Display: Initializing Sound Submixes...
[2025.07.22-01.06.25:859][ 74]LogAudioMixer: Display: Creating Master Submix 'MasterSubmixDefault'
[2025.07.22-01.06.25:859][ 74]LogAudioMixer: Display: Creating Master Submix 'MasterReverbSubmixDefault'
[2025.07.22-01.06.25:860][ 74]LogAudioMixer: Display: Creating Master Submix 'MasterEQSubmixDefault'
[2025.07.22-01.06.25:860][ 74]LogAudioMixer: FMixerPlatformXAudio2::StartAudioStream() called
[2025.07.22-01.06.25:860][ 74]LogAudioMixer: Display: Output buffers initialized: Frames=1024, Channels=2, Samples=2048
[2025.07.22-01.06.25:862][ 74]LogAudioMixer: Display: Starting AudioMixerPlatformInterface::RunInternal()
[2025.07.22-01.06.25:862][ 74]LogAudioMixer: Display: FMixerPlatformXAudio2::SubmitBuffer() called for the first time
[2025.07.22-01.06.25:862][ 74]LogInit: FAudioDevice initialized.
[2025.07.22-01.06.25:862][ 74]LogAudio: Display: Audio Device (ID: 18) registered with world 'ThirdPersonExampleMap'.
[2025.07.22-01.06.25:874][ 74]LogLoad: Game class is 'ReglasJuego_C'
[2025.07.22-01.06.25:886][ 74]LogWorld: Bringing World /Game/ThirdPersonBP/Maps/UEDPIE_0_ThirdPersonExampleMap.ThirdPersonExampleMap up for play (max tick rate 60) at 2025.07.21-22.06.25
[2025.07.22-01.06.25:887][ 74]LogWorld: Bringing up level for play took: 0.011586
[2025.07.22-01.06.25:887][ 74]LogOnline: OSS: Creating online subsystem instance for: :Context_44
[2025.07.22-01.06.25:890][ 74]LogBlueprintUserMessages: [plataforma_2] Buenas buenas!
[2025.07.22-01.06.25:894][ 74]PIE: Server logged in
[2025.07.22-01.06.25:896][ 74]PIE: Play in editor total start time 0.209 seconds.
[2025.07.22-01.06.28:336][215]LogBlueprintUserMessages: [enemy_bullet_C_0] El peoncito perdio 10 de vida!!!!
[2025.07.22-01.06.28:969][253]LogBlueprintUserMessages: [enemy_bullet_C_2] El peoncito perdio 10 de vida!!!!
[2025.07.22-01.06.30:907][369]LogBlueprintUserMessages: [enemy_bullet_C_10] El peoncito perdio 10 de vida!!!!
[2025.07.22-01.06.31:742][419]LogBlueprintUserMessages: [bala_C_0] Le reste 50 al bad guy
[2025.07.22-01.06.31:759][420]LogBlueprintUserMessages: [enemy_bullet_C_12] El peoncito perdio 10 de vida!!!!
[2025.07.22-01.06.32:311][453]LogBlueprintUserMessages: [bala_C_1] Le reste 50 al bad guy
[2025.07.22-01.06.32:311][453]LogBlueprintUserMessages: [bad_guy2_2] Bad guy  Destruido!
[2025.07.22-01.06.34:998][614]LogBlueprintUserMessages: [EnemyCharacter_C_0] Golem aniquilado
[2025.07.22-01.06.39:212][865]LogBlueprintUserMessages: [ReglasJuego_C_0] El puntaje subio!
[2025.07.22-01.06.39:212][865]LogBlueprintUserMessages: [ReglasJuego_C_0] 2
[2025.07.22-01.06.39:679][893]LogBlueprintUserMessages: [Curador_2] Le di vida al peoncito! ahora tiene:
[2025.07.22-01.06.39:679][893]LogBlueprintUserMessages: [Curador_2] 60.0
[2025.07.22-01.06.39:679][893]LogBlueprintUserMessages: [Curador_2] El curador ya curo las siguientes veces:
[2025.07.22-01.06.39:679][893]LogBlueprintUserMessages: [Curador_2] 1.0
[2025.07.22-01.06.41:737][ 16]LogBlueprintUserMessages: [Curador_2] no te puedo curar porque tu vida es mayor a 80, volve cuando tengas menos!
[2025.07.22-01.06.44:734][195]LogBlueprintUserMessages: [Balaza_C_17] Le reste 20 al peoncito
[2025.07.22-01.06.45:424][235]LogBlueprintUserMessages: [bala_C_9] Le reste 25 a la torreta
[2025.07.22-01.06.45:424][235]LogBlueprintUserMessages: [Torreta_2] algo me ataveso!
[2025.07.22-01.06.45:609][246]LogBlueprintUserMessages: [bala_C_10] Le reste 25 a la torreta
[2025.07.22-01.06.45:609][246]LogBlueprintUserMessages: [Torreta_2] algo me ataveso!
[2025.07.22-01.06.45:609][246]LogBlueprintUserMessages: [Torreta_2] Torreta Destruida!
[2025.07.22-01.06.51:401][586]LogBlueprintUserMessages: [enemy_bullet_C_37] El peoncito perdio 10 de vida!!!!
[2025.07.22-01.06.51:633][600]LogBlueprintUserMessages: [ReglasJuego_C_0] El puntaje subio!
[2025.07.22-01.06.51:633][600]LogBlueprintUserMessages: [ReglasJuego_C_0] 4
[2025.07.22-01.06.52:068][625]LogBlueprintUserMessages: [ReglasJuego_C_0] El puntaje subio!
[2025.07.22-01.06.52:068][625]LogBlueprintUserMessages: [ReglasJuego_C_0] 6
[2025.07.22-01.06.53:774][718]LogBlueprintUserMessages: [enemy_misil_C_8] El peoncito perdio 10 de vida!!!!
[2025.07.22-01.06.56:865][899]LogSlate: Updating window title bar state: overlay mode, drag disabled, window buttons hidden, title bar hidden
[2025.07.22-01.06.56:865][899]LogWorld: BeginTearingDown for /Game/ThirdPersonBP/Maps/UEDPIE_0_ThirdPersonExampleMap
[2025.07.22-01.06.56:865][899]LogWorld: UWorld::CleanupWorld for ThirdPersonExampleMap, bSessionEnded=true, bCleanupResources=true
[2025.07.22-01.06.56:867][899]LogSlate: InvalidateAllWidgets triggered.  All widgets were invalidated
[2025.07.22-01.06.56:884][899]LogPlayLevel: Display: Shutting down PIE online subsystems
[2025.07.22-01.06.56:909][899]LogSlate: InvalidateAllWidgets triggered.  All widgets were invalidated
[2025.07.22-01.06.56:949][899]LogSlate: Updating window title bar state: overlay mode, drag disabled, window buttons hidden, title bar hidden
[2025.07.22-01.06.56:949][899]LogAudioMixer: FMixerPlatformXAudio2::StopAudioStream() called
[2025.07.22-01.06.56:951][899]LogAudioMixer: FMixerPlatformXAudio2::StopAudioStream() called
[2025.07.22-01.06.56:960][899]LogUObjectHash: Compacting FUObjectHashTables data took   4.11ms
[2025.07.22-01.06.57:018][900]LogPlayLevel: Display: Destroying online subsystem :Context_44
[2025.07.22-01.06.59:082][  1]LogUObjectHash: Compacting FUObjectHashTables data took   2.91ms
[2025.07.22-01.06.59:148][  1]LogSavePackage: Moving '../../../../../UTN-e-learning/Unreal-Engine/Unreal-Projects/TP_PreEntrega/Saved/ThirdPersonExampleMap84BC588D41DF5CC66660C6B37A760227.tmp' to '../../../../../UTN-e-learning/Unreal-Engine/Unreal-Projects/TP_PreEntrega/Content/ThirdPersonBP/Maps/ThirdPersonExampleMap.umap'
[2025.07.22-01.06.59:355][  1]LogSavePackage: Moving '../../../../../UTN-e-learning/Unreal-Engine/Unreal-Projects/TP_PreEntrega/Saved/ThirdPersonExampleMap_BuiltData5FCA2D4E4FDED2212EEF6B902129F680.tmp' to '../../../../../UTN-e-learning/Unreal-Engine/Unreal-Projects/TP_PreEntrega/Content/ThirdPersonBP/Maps/ThirdPersonExampleMap_BuiltData.uasset'
[2025.07.22-01.06.59:374][  1]AssetCheck: New page: Asset Save: multiple assets
[2025.07.22-01.06.59:374][  1]LogContentValidation: Display: Validating MapBuildDataRegistry /Game/ThirdPersonBP/Maps/ThirdPersonExampleMap_BuiltData.ThirdPersonExampleMap_BuiltData
[2025.07.22-01.06.59:374][  1]LogContentValidation: Display: Validating World /Game/ThirdPersonBP/Maps/ThirdPersonExampleMap.ThirdPersonExampleMap
[2025.07.22-01.34.10:612][708]LogTemp: Repeating last play command: Selected Viewport
[2025.07.22-01.34.10:647][708]LogPlayLevel: PlayLevel: No blueprints needed recompiling
[2025.07.22-01.34.10:647][708]PIE: New page: PIE session: ThirdPersonExampleMap (Jul 21, 2025, 7:34:10 PM)
[2025.07.22-01.34.10:647][708]LogPlayLevel: Creating play world package: /Game/ThirdPersonBP/Maps/UEDPIE_0_ThirdPersonExampleMap
[2025.07.22-01.34.10:670][708]LogPlayLevel: PIE: StaticDuplicateObject took: (0.022302s)
[2025.07.22-01.34.10:672][708]LogAIModule: Creating AISystem for world ThirdPersonExampleMap
[2025.07.22-01.34.10:672][708]LogPlayLevel: PIE: World Init took: (0.001430s)
[2025.07.22-01.34.10:672][708]LogPlayLevel: PIE: Created PIE world by copying editor world from /Game/ThirdPersonBP/Maps/ThirdPersonExampleMap.ThirdPersonExampleMap to /Game/ThirdPersonBP/Maps/UEDPIE_0_ThirdPersonExampleMap.ThirdPersonExampleMap (0.023935s)
[2025.07.22-01.34.10:723][708]LogUObjectHash: Compacting FUObjectHashTables data took   4.42ms
[2025.07.22-01.34.10:726][708]LogAudio: Display: Creating Audio Device:                 Id: 19, Scope: Unique, Realtime: True
[2025.07.22-01.34.10:726][708]LogAudioMixer: Display: Audio Mixer Platform Settings:
[2025.07.22-01.34.10:726][708]LogAudioMixer: Display: 	Sample Rate:						  48000
[2025.07.22-01.34.10:726][708]LogAudioMixer: Display: 	Callback Buffer Frame Size Requested: 1024
[2025.07.22-01.34.10:726][708]LogAudioMixer: Display: 	Callback Buffer Frame Size To Use:	  1024
[2025.07.22-01.34.10:726][708]LogAudioMixer: Display: 	Number of buffers to queue:			  2
[2025.07.22-01.34.10:726][708]LogAudioMixer: Display: 	Max Channels (voices):				  32
[2025.07.22-01.34.10:726][708]LogAudioMixer: Display: 	Number of Async Source Workers:		  0
[2025.07.22-01.34.10:726][708]LogAudio: Display: AudioDevice MaxSources: 32
[2025.07.22-01.34.10:726][708]LogAudio: Display: Audio Spatialization Plugin: None (built-in).
[2025.07.22-01.34.10:726][708]LogAudio: Display: Audio Reverb Plugin: None (built-in).
[2025.07.22-01.34.10:726][708]LogAudio: Display: Audio Occlusion Plugin: None (built-in).
[2025.07.22-01.34.10:726][708]LogAudioMixer: Display: Initializing audio mixer.
[2025.07.22-01.34.10:734][708]LogAudioMixer: Display: 0: FrontLeft
[2025.07.22-01.34.10:734][708]LogAudioMixer: Display: 1: FrontRight
[2025.07.22-01.34.10:769][708]LogAudioMixer: Display: Using Audio Device Headphones (SOUNDPEATS Opera05)
[2025.07.22-01.34.10:769][708]LogAudioMixer: Display: Initializing Sound Submixes...
[2025.07.22-01.34.10:769][708]LogAudioMixer: Display: Creating Master Submix 'MasterSubmixDefault'
[2025.07.22-01.34.10:769][708]LogAudioMixer: Display: Creating Master Submix 'MasterReverbSubmixDefault'
[2025.07.22-01.34.10:770][708]LogAudioMixer: Display: Creating Master Submix 'MasterEQSubmixDefault'
[2025.07.22-01.34.10:770][708]LogAudioMixer: FMixerPlatformXAudio2::StartAudioStream() called
[2025.07.22-01.34.10:770][708]LogAudioMixer: Display: Output buffers initialized: Frames=1024, Channels=2, Samples=2048
[2025.07.22-01.34.10:773][708]LogAudioMixer: Display: Starting AudioMixerPlatformInterface::RunInternal()
[2025.07.22-01.34.10:773][708]LogAudioMixer: Display: FMixerPlatformXAudio2::SubmitBuffer() called for the first time
[2025.07.22-01.34.10:773][708]LogInit: FAudioDevice initialized.
[2025.07.22-01.34.10:773][708]LogAudio: Display: Audio Device (ID: 19) registered with world 'ThirdPersonExampleMap'.
[2025.07.22-01.34.10:785][708]LogLoad: Game class is 'ReglasJuego_C'
[2025.07.22-01.34.10:795][708]LogWorld: Bringing World /Game/ThirdPersonBP/Maps/UEDPIE_0_ThirdPersonExampleMap.ThirdPersonExampleMap up for play (max tick rate 60) at 2025.07.21-22.34.10
[2025.07.22-01.34.10:796][708]LogWorld: Bringing up level for play took: 0.009663
[2025.07.22-01.34.10:796][708]LogOnline: OSS: Creating online subsystem instance for: :Context_45
[2025.07.22-01.34.10:800][708]LogBlueprintUserMessages: [plataforma_2] Buenas buenas!
[2025.07.22-01.34.10:803][708]PIE: Server logged in
[2025.07.22-01.34.10:804][708]PIE: Play in editor total start time 0.174 seconds.
[2025.07.22-01.34.12:843][825]LogBlueprintUserMessages: [enemy_bullet_C_1] El peoncito perdio 10 de vida!!!!
[2025.07.22-01.34.14:831][944]LogBlueprintUserMessages: [ReglasJuego_C_0] El puntaje subio!
[2025.07.22-01.34.14:831][944]LogBlueprintUserMessages: [ReglasJuego_C_0] 2
[2025.07.22-01.34.15:284][971]LogBlueprintUserMessages: [ReglasJuego_C_0] El puntaje subio!
[2025.07.22-01.34.15:284][971]LogBlueprintUserMessages: [ReglasJuego_C_0] 4
[2025.07.22-01.34.19:159][198]LogBlueprintUserMessages: [bala_C_1] Le reste 50 al bad guy
[2025.07.22-01.34.19:192][200]LogBlueprintUserMessages: [enemy_bullet_C_14] El peoncito perdio 10 de vida!!!!
[2025.07.22-01.34.19:641][227]LogBlueprintUserMessages: [bala_C_2] Le reste 50 al bad guy
[2025.07.22-01.34.19:642][227]LogBlueprintUserMessages: [bad_guy2_2] Bad guy  Destruido!
[2025.07.22-01.34.20:999][307]LogBlueprintUserMessages: [EnemyCharacter_C_0] Golem aniquilado
[2025.07.22-01.34.21:895][361]LogBlueprintUserMessages: [Curador_2] no te puedo curar porque tu vida es mayor a 80, volve cuando tengas menos!
[2025.07.22-01.34.22:563][401]LogBlueprintUserMessages: [Curador_2] no te puedo curar porque tu vida es mayor a 80, volve cuando tengas menos!
[2025.07.22-01.34.23:640][465]LogBlueprintUserMessages: [Curador_2] no te puedo curar porque tu vida es mayor a 80, volve cuando tengas menos!
[2025.07.22-01.34.24:891][540]LogBlueprintUserMessages: [enemy_misil_C_2] El peoncito perdio 10 de vida!!!!
[2025.07.22-01.34.25:112][553]LogBlueprintUserMessages: [Balaza_C_11] Le reste 20 al peoncito
[2025.07.22-01.34.25:614][583]LogSpawn: Warning: SpawnActor failed because of collision at the spawn location [X=-106.875 Y=1304.973 Z=181.489] for [EnemyCharacter_C]
[2025.07.22-01.34.28:374][748]LogBlueprintUserMessages: [enemy_bullet_C_27] El peoncito perdio 10 de vida!!!!
[2025.07.22-01.34.29:125][793]LogBlueprintUserMessages: [bala_C_11] Le reste 50 al bad guy
[2025.07.22-01.34.29:594][821]LogBlueprintUserMessages: [bala_C_12] Le reste 50 al bad guy
[2025.07.22-01.34.29:594][821]LogBlueprintUserMessages: [bad_guy_5] Bad guy  Destruido!
[2025.07.22-01.34.30:094][851]LogBlueprintUserMessages: [ReglasJuego_C_0] El puntaje subio!
[2025.07.22-01.34.30:094][851]LogBlueprintUserMessages: [ReglasJuego_C_0] 6
[2025.07.22-01.34.30:629][883]LogSpawn: Warning: SpawnActor failed because of collision at the spawn location [X=-106.875 Y=1304.973 Z=181.489] for [EnemyCharacter_C]
[2025.07.22-01.34.34:011][ 86]LogBlueprintUserMessages: [enemy_misil_C_6] El peoncito perdio 10 de vida!!!!
[2025.07.22-01.34.35:637][180]LogSpawn: Warning: SpawnActor failed because of collision at the spawn location [X=-106.875 Y=1304.973 Z=181.489] for [EnemyCharacter_C]
[2025.07.22-01.34.35:868][194]LogBlueprintUserMessages: [Curador_2] Le di vida al peoncito! ahora tiene:
[2025.07.22-01.34.35:868][194]LogBlueprintUserMessages: [Curador_2] 10.0
[2025.07.22-01.34.35:868][194]LogBlueprintUserMessages: [Curador_2] El curador ya curo las siguientes veces:
[2025.07.22-01.34.35:868][194]LogBlueprintUserMessages: [Curador_2] 1.0
[2025.07.22-01.34.36:417][227]LogBlueprintUserMessages: [Curador_2] Le di vida al peoncito! ahora tiene:
[2025.07.22-01.34.36:417][227]LogBlueprintUserMessages: [Curador_2] 30.0
[2025.07.22-01.34.36:418][227]LogBlueprintUserMessages: [Curador_2] El curador ya curo las siguientes veces:
[2025.07.22-01.34.36:418][227]LogBlueprintUserMessages: [Curador_2] 2.0
[2025.07.22-01.34.38:451][349]LogBlueprintUserMessages: [Curador_2] Le di vida al peoncito! ahora tiene:
[2025.07.22-01.34.38:451][349]LogBlueprintUserMessages: [Curador_2] 50.0
[2025.07.22-01.34.38:451][349]LogBlueprintUserMessages: [Curador_2] El curador ya curo las siguientes veces:
[2025.07.22-01.34.38:451][349]LogBlueprintUserMessages: [Curador_2] 3.0
[2025.07.22-01.34.40:636][480]LogSpawn: Warning: SpawnActor failed because of collision at the spawn location [X=-106.875 Y=1304.973 Z=181.489] for [EnemyCharacter_C]
[2025.07.22-01.34.41:070][506]LogBlueprintUserMessages: [enemy_bullet_C_35] El peoncito perdio 10 de vida!!!!
[2025.07.22-01.34.45:257][756]LogBlueprintUserMessages: [ReglasJuego_C_0] El puntaje subio!
[2025.07.22-01.34.45:257][756]LogBlueprintUserMessages: [ReglasJuego_C_0] 8
[2025.07.22-01.34.45:690][782]LogBlueprintUserMessages: [ReglasJuego_C_0] El puntaje subio!
[2025.07.22-01.34.45:690][782]LogBlueprintUserMessages: [ReglasJuego_C_0] 10
[2025.07.22-01.34.46:612][837]LogBlueprintUserMessages: [bala_C_15] Le reste 25 a la torreta
[2025.07.22-01.34.46:612][837]LogBlueprintUserMessages: [Torreta3_2] algo me ataveso!
[2025.07.22-01.34.46:982][859]LogBlueprintUserMessages: [Balaza_C_34] Le reste 20 al peoncito
[2025.07.22-01.34.47:000][860]LogBlueprintUserMessages: [bala_C_16] Le reste 25 a la torreta
[2025.07.22-01.34.47:000][860]LogBlueprintUserMessages: [Torreta3_2] algo me ataveso!
[2025.07.22-01.34.47:001][860]LogBlueprintUserMessages: [Torreta3_2] Torreta Destruida!
[2025.07.22-01.34.53:461][244]LogBlueprintUserMessages: [ReglasJuego_C_0] El puntaje subio!
[2025.07.22-01.34.53:461][244]LogBlueprintUserMessages: [ReglasJuego_C_0] 12
[2025.07.22-01.34.54:310][295]LogBlueprintUserMessages: [ReglasJuego_C_0] El puntaje subio!
[2025.07.22-01.34.54:311][295]LogBlueprintUserMessages: [ReglasJuego_C_0] 14
[2025.07.22-01.34.55:956][391]LogBlueprintUserMessages: [Curador_2] Le di vida al peoncito! ahora tiene:
[2025.07.22-01.34.55:956][391]LogBlueprintUserMessages: [Curador_2] 40.0
[2025.07.22-01.34.55:956][391]LogBlueprintUserMessages: [Curador_2] El curador ya curo las siguientes veces:
[2025.07.22-01.34.55:956][391]LogBlueprintUserMessages: [Curador_2] 4.0
[2025.07.22-01.35.02:488][781]LogBlueprintUserMessages: [Curador_2] Le di vida al peoncito! ahora tiene:
[2025.07.22-01.35.02:488][781]LogBlueprintUserMessages: [Curador_2] 60.0
[2025.07.22-01.35.02:488][781]LogBlueprintUserMessages: [Curador_2] El curador ya curo las siguientes veces:
[2025.07.22-01.35.02:488][781]LogBlueprintUserMessages: [Curador_2] 5.0
[2025.07.22-01.35.04:438][898]LogBlueprintUserMessages: [Balaza2_C_24] Le reste 30 al peoncito
[2025.07.22-01.35.04:873][924]LogBlueprintUserMessages: [EnemyCharacter_C_6] Golem aniquilado
[2025.07.22-01.35.06:437][ 17]LogBlueprintUserMessages: [Balaza2_C_25] Le reste 30 al peoncito
[2025.07.22-01.35.07:504][ 81]LogBlueprintUserMessages: [EnemyCharacter_C_7] Golem aniquilado
[2025.07.22-01.35.07:970][109]LogBlueprintUserMessages: [Curador_2] Le di vida al peoncito! ahora tiene:
[2025.07.22-01.35.07:970][109]LogBlueprintUserMessages: [Curador_2] 20.0
[2025.07.22-01.35.07:970][109]LogBlueprintUserMessages: [Curador_2] El curador ya curo las siguientes veces:
[2025.07.22-01.35.07:970][109]LogBlueprintUserMessages: [Curador_2] 6.0
[2025.07.22-01.35.10:671][271]LogBlueprintUserMessages: [Balaza2_C_27] Le reste 30 al peoncito
[2025.07.22-01.35.10:687][272]LogSpawn: Warning: SpawnActor failed because of collision at the spawn location [X=-106.875 Y=1304.973 Z=181.489] for [EnemyCharacter_C]
[2025.07.22-01.35.11:567][324]LogBlueprintUserMessages: [EnemyCharacter_C_1] Golem aniquilado
[2025.07.22-01.35.12:584][385]LogBlueprintUserMessages: [Balaza2_C_28] Le reste 30 al peoncito
[2025.07.22-01.35.12:585][385]LogBlueprintUserMessages: [peoncito_2] El peoncito murio
[2025.07.22-01.35.12:585][385]LogBlueprintUserMessages: [ReglasJuego_C_0] Noo, perdiste!
[2025.07.22-01.35.12:588][385]LogScript: Warning: Accessed None trying to read property K2Node_DynamicCast_AsPeoncito
	BarraVIda_C /Engine/Transient.UnrealEdEngine_0:GameInstance_17.BarraVIda_C_0
	Function /Game/ThirdPersonBP/Blueprints/blueprints/BarraVIda.BarraVIda_C:GetText_0:0099
[2025.07.22-01.35.12:588][385]PIE: Error: Blueprint Runtime Error: "Accessed None trying to read property K2Node_DynamicCast_AsPeoncito". Blueprint:  BarraVIda Function:  Get Text 0 Graph:  GetText_0 Node:  Return Node
[2025.07.22-01.35.12:599][386]LogNet: Browse: /Game/ThirdPersonBP/Maps/Perdiste_Level
[2025.07.22-01.35.12:599][386]LogLoad: LoadMap: /Game/ThirdPersonBP/Maps/Perdiste_Level
[2025.07.22-01.35.12:599][386]LogWorld: BeginTearingDown for /Game/ThirdPersonBP/Maps/UEDPIE_0_ThirdPersonExampleMap
[2025.07.22-01.35.12:600][386]LogWorld: UWorld::CleanupWorld for ThirdPersonExampleMap, bSessionEnded=true, bCleanupResources=true
[2025.07.22-01.35.12:601][386]LogSlate: InvalidateAllWidgets triggered.  All widgets were invalidated
[2025.07.22-01.35.12:686][386]LogAudio: Display: Audio Device unregistered from world 'None'.
[2025.07.22-01.35.12:691][386]LogUObjectHash: Compacting FUObjectHashTables data took   3.04ms
[2025.07.22-01.35.12:713][386]LogAudio: Display: Audio Device (ID: 19) registered with world 'Perdiste_Level'.
[2025.07.22-01.35.12:715][386]LogAIModule: Creating AISystem for world Perdiste_Level
[2025.07.22-01.35.12:715][386]LogLoad: Game class is 'ReglasJuego_C'
[2025.07.22-01.35.12:767][386]LogWorld: Bringing World /Game/ThirdPersonBP/Maps/UEDPIE_0_Perdiste_Level.Perdiste_Level up for play (max tick rate 60) at 2025.07.21-22.35.12
[2025.07.22-01.35.12:768][386]LogWorld: Bringing up level for play took: 0.052076
[2025.07.22-01.35.12:768][386]LogGameMode: FindPlayerStart: PATHS NOT DEFINED or NO PLAYERSTART with positive rating
[2025.07.22-01.35.12:771][386]LogBlueprintUserMessages: [plataforma_2] Buenas buenas!
[2025.07.22-01.35.12:772][386]LogLoad: Took 0.171956 seconds to LoadMap(/Game/ThirdPersonBP/Maps/Perdiste_Level)
[2025.07.22-01.35.12:828][386]PIE: Error: Blueprint Runtime Error: "Accessed None trying to read property K2Node_DynamicCast_AsPeoncito". Blueprint:  BarraVIda Function:  Get Text 0 Graph:  GetText_0 Node:  Return Node
[2025.07.22-01.35.12:844][387]PIE: Error: Blueprint Runtime Error: "Accessed None trying to read property K2Node_DynamicCast_AsPeoncito". Blueprint:  BarraVIda Function:  Get Text 0 Graph:  GetText_0 Node:  Return Node
[2025.07.22-01.35.12:859][388]PIE: Error: Blueprint Runtime Error: "Accessed None trying to read property K2Node_DynamicCast_AsPeoncito". Blueprint:  BarraVIda Function:  Get Text 0 Graph:  GetText_0 Node:  Return Node
[2025.07.22-01.35.12:879][389]PIE: Error: Blueprint Runtime Error: "Accessed None trying to read property K2Node_DynamicCast_AsPeoncito". Blueprint:  BarraVIda Function:  Get Text 0 Graph:  GetText_0 Node:  Return Node
[2025.07.22-01.35.12:893][390]PIE: Error: Blueprint Runtime Error: "Accessed None trying to read property K2Node_DynamicCast_AsPeoncito". Blueprint:  BarraVIda Function:  Get Text 0 Graph:  GetText_0 Node:  Return Node
[2025.07.22-01.35.12:910][391]PIE: Error: Blueprint Runtime Error: "Accessed None trying to read property K2Node_DynamicCast_AsPeoncito". Blueprint:  BarraVIda Function:  Get Text 0 Graph:  GetText_0 Node:  Return Node
[2025.07.22-01.35.12:926][392]PIE: Error: Blueprint Runtime Error: "Accessed None trying to read property K2Node_DynamicCast_AsPeoncito". Blueprint:  BarraVIda Function:  Get Text 0 Graph:  GetText_0 Node:  Return Node
[2025.07.22-01.35.12:944][393]PIE: Error: Blueprint Runtime Error: "Accessed None trying to read property K2Node_DynamicCast_AsPeoncito". Blueprint:  BarraVIda Function:  Get Text 0 Graph:  GetText_0 Node:  Return Node
[2025.07.22-01.35.12:960][394]PIE: Error: Blueprint Runtime Error: "Accessed None trying to read property K2Node_DynamicCast_AsPeoncito". Blueprint:  BarraVIda Function:  Get Text 0 Graph:  GetText_0 Node:  Return Node
[2025.07.22-01.35.12:977][395]PIE: Error: Blueprint Runtime Error: "Accessed None trying to read property K2Node_DynamicCast_AsPeoncito". Blueprint:  BarraVIda Function:  Get Text 0 Graph:  GetText_0 Node:  Return Node
[2025.07.22-01.35.12:993][396]PIE: Error: Blueprint Runtime Error: "Accessed None trying to read property K2Node_DynamicCast_AsPeoncito". Blueprint:  BarraVIda Function:  Get Text 0 Graph:  GetText_0 Node:  Return Node
[2025.07.22-01.35.13:010][397]PIE: Error: Blueprint Runtime Error: "Accessed None trying to read property K2Node_DynamicCast_AsPeoncito". Blueprint:  BarraVIda Function:  Get Text 0 Graph:  GetText_0 Node:  Return Node
[2025.07.22-01.35.13:027][398]PIE: Error: Blueprint Runtime Error: "Accessed None trying to read property K2Node_DynamicCast_AsPeoncito". Blueprint:  BarraVIda Function:  Get Text 0 Graph:  GetText_0 Node:  Return Node
[2025.07.22-01.35.13:044][399]PIE: Error: Blueprint Runtime Error: "Accessed None trying to read property K2Node_DynamicCast_AsPeoncito". Blueprint:  BarraVIda Function:  Get Text 0 Graph:  GetText_0 Node:  Return Node
[2025.07.22-01.35.13:060][400]PIE: Error: Blueprint Runtime Error: "Accessed None trying to read property K2Node_DynamicCast_AsPeoncito". Blueprint:  BarraVIda Function:  Get Text 0 Graph:  GetText_0 Node:  Return Node
[2025.07.22-01.35.13:077][401]PIE: Error: Blueprint Runtime Error: "Accessed None trying to read property K2Node_DynamicCast_AsPeoncito". Blueprint:  BarraVIda Function:  Get Text 0 Graph:  GetText_0 Node:  Return Node
[2025.07.22-01.35.13:094][402]PIE: Error: Blueprint Runtime Error: "Accessed None trying to read property K2Node_DynamicCast_AsPeoncito". Blueprint:  BarraVIda Function:  Get Text 0 Graph:  GetText_0 Node:  Return Node
[2025.07.22-01.35.13:111][403]PIE: Error: Blueprint Runtime Error: "Accessed None trying to read property K2Node_DynamicCast_AsPeoncito". Blueprint:  BarraVIda Function:  Get Text 0 Graph:  GetText_0 Node:  Return Node
[2025.07.22-01.35.13:127][404]PIE: Error: Blueprint Runtime Error: "Accessed None trying to read property K2Node_DynamicCast_AsPeoncito". Blueprint:  BarraVIda Function:  Get Text 0 Graph:  GetText_0 Node:  Return Node
[2025.07.22-01.35.13:144][405]PIE: Error: Blueprint Runtime Error: "Accessed None trying to read property K2Node_DynamicCast_AsPeoncito". Blueprint:  BarraVIda Function:  Get Text 0 Graph:  GetText_0 Node:  Return Node
[2025.07.22-01.35.13:160][406]PIE: Error: Blueprint Runtime Error: "Accessed None trying to read property K2Node_DynamicCast_AsPeoncito". Blueprint:  BarraVIda Function:  Get Text 0 Graph:  GetText_0 Node:  Return Node
[2025.07.22-01.35.13:177][407]PIE: Error: Blueprint Runtime Error: "Accessed None trying to read property K2Node_DynamicCast_AsPeoncito". Blueprint:  BarraVIda Function:  Get Text 0 Graph:  GetText_0 Node:  Return Node
[2025.07.22-01.35.13:194][408]PIE: Error: Blueprint Runtime Error: "Accessed None trying to read property K2Node_DynamicCast_AsPeoncito". Blueprint:  BarraVIda Function:  Get Text 0 Graph:  GetText_0 Node:  Return Node
[2025.07.22-01.35.13:210][409]PIE: Error: Blueprint Runtime Error: "Accessed None trying to read property K2Node_DynamicCast_AsPeoncito". Blueprint:  BarraVIda Function:  Get Text 0 Graph:  GetText_0 Node:  Return Node
[2025.07.22-01.35.13:227][410]PIE: Error: Blueprint Runtime Error: "Accessed None trying to read property K2Node_DynamicCast_AsPeoncito". Blueprint:  BarraVIda Function:  Get Text 0 Graph:  GetText_0 Node:  Return Node
[2025.07.22-01.35.13:244][411]PIE: Error: Blueprint Runtime Error: "Accessed None trying to read property K2Node_DynamicCast_AsPeoncito". Blueprint:  BarraVIda Function:  Get Text 0 Graph:  GetText_0 Node:  Return Node
[2025.07.22-01.35.13:261][412]PIE: Error: Blueprint Runtime Error: "Accessed None trying to read property K2Node_DynamicCast_AsPeoncito". Blueprint:  BarraVIda Function:  Get Text 0 Graph:  GetText_0 Node:  Return Node
[2025.07.22-01.35.13:278][413]PIE: Error: Blueprint Runtime Error: "Accessed None trying to read property K2Node_DynamicCast_AsPeoncito". Blueprint:  BarraVIda Function:  Get Text 0 Graph:  GetText_0 Node:  Return Node
[2025.07.22-01.35.13:293][414]PIE: Error: Blueprint Runtime Error: "Accessed None trying to read property K2Node_DynamicCast_AsPeoncito". Blueprint:  BarraVIda Function:  Get Text 0 Graph:  GetText_0 Node:  Return Node
[2025.07.22-01.35.13:310][415]PIE: Error: Blueprint Runtime Error: "Accessed None trying to read property K2Node_DynamicCast_AsPeoncito". Blueprint:  BarraVIda Function:  Get Text 0 Graph:  GetText_0 Node:  Return Node
[2025.07.22-01.35.13:327][416]PIE: Error: Blueprint Runtime Error: "Accessed None trying to read property K2Node_DynamicCast_AsPeoncito". Blueprint:  BarraVIda Function:  Get Text 0 Graph:  GetText_0 Node:  Return Node
[2025.07.22-01.35.13:343][417]PIE: Error: Blueprint Runtime Error: "Accessed None trying to read property K2Node_DynamicCast_AsPeoncito". Blueprint:  BarraVIda Function:  Get Text 0 Graph:  GetText_0 Node:  Return Node
[2025.07.22-01.35.13:360][418]PIE: Error: Blueprint Runtime Error: "Accessed None trying to read property K2Node_DynamicCast_AsPeoncito". Blueprint:  BarraVIda Function:  Get Text 0 Graph:  GetText_0 Node:  Return Node
[2025.07.22-01.35.13:376][419]PIE: Error: Blueprint Runtime Error: "Accessed None trying to read property K2Node_DynamicCast_AsPeoncito". Blueprint:  BarraVIda Function:  Get Text 0 Graph:  GetText_0 Node:  Return Node
[2025.07.22-01.35.13:393][420]PIE: Error: Blueprint Runtime Error: "Accessed None trying to read property K2Node_DynamicCast_AsPeoncito". Blueprint:  BarraVIda Function:  Get Text 0 Graph:  GetText_0 Node:  Return Node
[2025.07.22-01.35.13:411][421]PIE: Error: Blueprint Runtime Error: "Accessed None trying to read property K2Node_DynamicCast_AsPeoncito". Blueprint:  BarraVIda Function:  Get Text 0 Graph:  GetText_0 Node:  Return Node
[2025.07.22-01.35.13:426][422]PIE: Error: Blueprint Runtime Error: "Accessed None trying to read property K2Node_DynamicCast_AsPeoncito". Blueprint:  BarraVIda Function:  Get Text 0 Graph:  GetText_0 Node:  Return Node
[2025.07.22-01.35.13:445][423]PIE: Error: Blueprint Runtime Error: "Accessed None trying to read property K2Node_DynamicCast_AsPeoncito". Blueprint:  BarraVIda Function:  Get Text 0 Graph:  GetText_0 Node:  Return Node
[2025.07.22-01.35.13:459][424]PIE: Error: Blueprint Runtime Error: "Accessed None trying to read property K2Node_DynamicCast_AsPeoncito". Blueprint:  BarraVIda Function:  Get Text 0 Graph:  GetText_0 Node:  Return Node
[2025.07.22-01.35.13:477][425]PIE: Error: Blueprint Runtime Error: "Accessed None trying to read property K2Node_DynamicCast_AsPeoncito". Blueprint:  BarraVIda Function:  Get Text 0 Graph:  GetText_0 Node:  Return Node
[2025.07.22-01.35.13:493][426]PIE: Error: Blueprint Runtime Error: "Accessed None trying to read property K2Node_DynamicCast_AsPeoncito". Blueprint:  BarraVIda Function:  Get Text 0 Graph:  GetText_0 Node:  Return Node
[2025.07.22-01.35.13:510][427]PIE: Error: Blueprint Runtime Error: "Accessed None trying to read property K2Node_DynamicCast_AsPeoncito". Blueprint:  BarraVIda Function:  Get Text 0 Graph:  GetText_0 Node:  Return Node
[2025.07.22-01.35.13:526][428]PIE: Error: Blueprint Runtime Error: "Accessed None trying to read property K2Node_DynamicCast_AsPeoncito". Blueprint:  BarraVIda Function:  Get Text 0 Graph:  GetText_0 Node:  Return Node
[2025.07.22-01.35.13:545][429]PIE: Error: Blueprint Runtime Error: "Accessed None trying to read property K2Node_DynamicCast_AsPeoncito". Blueprint:  BarraVIda Function:  Get Text 0 Graph:  GetText_0 Node:  Return Node
[2025.07.22-01.35.13:560][430]PIE: Error: Blueprint Runtime Error: "Accessed None trying to read property K2Node_DynamicCast_AsPeoncito". Blueprint:  BarraVIda Function:  Get Text 0 Graph:  GetText_0 Node:  Return Node
[2025.07.22-01.35.13:617][431]LogSlate: Updating window title bar state: overlay mode, drag disabled, window buttons hidden, title bar hidden
[2025.07.22-01.35.13:617][431]LogWorld: BeginTearingDown for /Game/ThirdPersonBP/Maps/UEDPIE_0_Perdiste_Level
[2025.07.22-01.35.13:617][431]LogWorld: UWorld::CleanupWorld for Perdiste_Level, bSessionEnded=true, bCleanupResources=true
[2025.07.22-01.35.13:618][431]LogSlate: InvalidateAllWidgets triggered.  All widgets were invalidated
[2025.07.22-01.35.13:628][431]LogPlayLevel: Display: Shutting down PIE online subsystems
[2025.07.22-01.35.13:652][431]LogSlate: InvalidateAllWidgets triggered.  All widgets were invalidated
[2025.07.22-01.35.13:692][431]LogSlate: Updating window title bar state: overlay mode, drag disabled, window buttons hidden, title bar hidden
[2025.07.22-01.35.13:692][431]LogAudioMixer: FMixerPlatformXAudio2::StopAudioStream() called
[2025.07.22-01.35.13:693][431]LogAudioMixer: FMixerPlatformXAudio2::StopAudioStream() called
[2025.07.22-01.35.13:702][431]LogUObjectHash: Compacting FUObjectHashTables data took   3.97ms
[2025.07.22-01.35.13:930][432]LogPlayLevel: Display: Destroying online subsystem :Context_45
[2025.07.22-01.35.15:771][519]LogSlate: Window 'Message Log' being destroyed
[2025.07.22-01.35.15:790][519]LogSlate: Window 'Message Log' being destroyed
[2025.07.22-01.35.18:184][651]LogTemp: Repeating last play command: Selected Viewport
[2025.07.22-01.35.18:216][651]LogPlayLevel: PlayLevel: No blueprints needed recompiling
[2025.07.22-01.35.18:217][651]PIE: New page: PIE session: ThirdPersonExampleMap (Jul 21, 2025, 7:35:18 PM)
[2025.07.22-01.35.18:217][651]LogPlayLevel: Creating play world package: /Game/ThirdPersonBP/Maps/UEDPIE_0_ThirdPersonExampleMap
[2025.07.22-01.35.18:237][651]LogPlayLevel: PIE: StaticDuplicateObject took: (0.020913s)
[2025.07.22-01.35.18:238][651]LogAIModule: Creating AISystem for world ThirdPersonExampleMap
[2025.07.22-01.35.18:239][651]LogPlayLevel: PIE: World Init took: (0.001347s)
[2025.07.22-01.35.18:239][651]LogPlayLevel: PIE: Created PIE world by copying editor world from /Game/ThirdPersonBP/Maps/ThirdPersonExampleMap.ThirdPersonExampleMap to /Game/ThirdPersonBP/Maps/UEDPIE_0_ThirdPersonExampleMap.ThirdPersonExampleMap (0.022489s)
[2025.07.22-01.35.18:282][651]LogUObjectHash: Compacting FUObjectHashTables data took   3.70ms
[2025.07.22-01.35.18:283][651]LogAudio: Display: Creating Audio Device:                 Id: 20, Scope: Unique, Realtime: True
[2025.07.22-01.35.18:283][651]LogAudioMixer: Display: Audio Mixer Platform Settings:
[2025.07.22-01.35.18:283][651]LogAudioMixer: Display: 	Sample Rate:						  48000
[2025.07.22-01.35.18:283][651]LogAudioMixer: Display: 	Callback Buffer Frame Size Requested: 1024
[2025.07.22-01.35.18:283][651]LogAudioMixer: Display: 	Callback Buffer Frame Size To Use:	  1024
[2025.07.22-01.35.18:283][651]LogAudioMixer: Display: 	Number of buffers to queue:			  2
[2025.07.22-01.35.18:283][651]LogAudioMixer: Display: 	Max Channels (voices):				  32
[2025.07.22-01.35.18:283][651]LogAudioMixer: Display: 	Number of Async Source Workers:		  0
[2025.07.22-01.35.18:283][651]LogAudio: Display: AudioDevice MaxSources: 32
[2025.07.22-01.35.18:284][651]LogAudio: Display: Audio Spatialization Plugin: None (built-in).
[2025.07.22-01.35.18:284][651]LogAudio: Display: Audio Reverb Plugin: None (built-in).
[2025.07.22-01.35.18:284][651]LogAudio: Display: Audio Occlusion Plugin: None (built-in).
[2025.07.22-01.35.18:284][651]LogAudioMixer: Display: Initializing audio mixer.
[2025.07.22-01.35.18:289][651]LogAudioMixer: Display: 0: FrontLeft
[2025.07.22-01.35.18:289][651]LogAudioMixer: Display: 1: FrontRight
[2025.07.22-01.35.18:312][651]LogAudioMixer: Display: Using Audio Device Headphones (SOUNDPEATS Opera05)
[2025.07.22-01.35.18:313][651]LogAudioMixer: Display: Initializing Sound Submixes...
[2025.07.22-01.35.18:313][651]LogAudioMixer: Display: Creating Master Submix 'MasterSubmixDefault'
[2025.07.22-01.35.18:313][651]LogAudioMixer: Display: Creating Master Submix 'MasterReverbSubmixDefault'
[2025.07.22-01.35.18:313][651]LogAudioMixer: Display: Creating Master Submix 'MasterEQSubmixDefault'
[2025.07.22-01.35.18:313][651]LogAudioMixer: FMixerPlatformXAudio2::StartAudioStream() called
[2025.07.22-01.35.18:313][651]LogAudioMixer: Display: Output buffers initialized: Frames=1024, Channels=2, Samples=2048
[2025.07.22-01.35.18:315][651]LogAudioMixer: Display: Starting AudioMixerPlatformInterface::RunInternal()
[2025.07.22-01.35.18:315][651]LogAudioMixer: Display: FMixerPlatformXAudio2::SubmitBuffer() called for the first time
[2025.07.22-01.35.18:315][651]LogInit: FAudioDevice initialized.
[2025.07.22-01.35.18:315][651]LogAudio: Display: Audio Device (ID: 20) registered with world 'ThirdPersonExampleMap'.
[2025.07.22-01.35.18:323][651]LogLoad: Game class is 'ReglasJuego_C'
[2025.07.22-01.35.18:334][651]LogWorld: Bringing World /Game/ThirdPersonBP/Maps/UEDPIE_0_ThirdPersonExampleMap.ThirdPersonExampleMap up for play (max tick rate 60) at 2025.07.21-22.35.18
[2025.07.22-01.35.18:336][651]LogWorld: Bringing up level for play took: 0.009970
[2025.07.22-01.35.18:336][651]LogOnline: OSS: Creating online subsystem instance for: :Context_46
[2025.07.22-01.35.18:338][651]LogBlueprintUserMessages: [plataforma_2] Buenas buenas!
[2025.07.22-01.35.18:341][651]PIE: Server logged in
[2025.07.22-01.35.18:342][651]PIE: Play in editor total start time 0.145 seconds.
[2025.07.22-01.35.21:678][846]LogBlueprintUserMessages: [ReglasJuego_C_0] El puntaje subio!
[2025.07.22-01.35.21:678][846]LogBlueprintUserMessages: [ReglasJuego_C_0] 2
[2025.07.22-01.35.22:762][911]LogBlueprintUserMessages: [ReglasJuego_C_0] El puntaje subio!
[2025.07.22-01.35.22:762][911]LogBlueprintUserMessages: [ReglasJuego_C_0] 4
[2025.07.22-01.35.26:570][135]LogBlueprintUserMessages: [bala_C_1] Le reste 50 al bad guy
[2025.07.22-01.35.27:232][173]LogBlueprintUserMessages: [bala_C_2] Le reste 50 al bad guy
[2025.07.22-01.35.27:233][173]LogBlueprintUserMessages: [bad_guy2_2] Bad guy  Destruido!
[2025.07.22-01.35.28:377][236]LogCharacterMovement: EnemyCharacter_C_0 is stuck and failed to move! Velocity: X=53.52 Y=-597.61 Z=0.00 Location: X=919.92 Y=-924.99 Z=217.58 Normal: X=0.32 Y=0.93 Z=-0.15 PenetrationDepth:3.671 Actor:Curador_2 Component:Cylinder3 BoneName:None (0 other events since notify)
[2025.07.22-01.35.28:979][272]LogBlueprintUserMessages: [ReglasJuego_C_0] El puntaje subio!
[2025.07.22-01.35.28:979][272]LogBlueprintUserMessages: [ReglasJuego_C_0] 6
[2025.07.22-01.35.31:484][421]LogBlueprintUserMessages: [Curador_2] no te puedo curar porque tu vida es mayor a 80, volve cuando tengas menos!
[2025.07.22-01.35.32:566][482]LogBlueprintUserMessages: [enemy_bullet_C_22] El peoncito perdio 10 de vida!!!!
[2025.07.22-01.35.33:186][519]LogSpawn: Warning: SpawnActor failed because of collision at the spawn location [X=-106.875 Y=1304.973 Z=181.489] for [EnemyCharacter_C]
[2025.07.22-01.35.35:057][631]LogBlueprintUserMessages: [EnemyCharacter_C_0] Golem aniquilado
[2025.07.22-01.35.36:097][692]LogBlueprintUserMessages: [Curador_2] no te puedo curar porque tu vida es mayor a 80, volve cuando tengas menos!
[2025.07.22-01.35.38:198][815]LogSpawn: Warning: SpawnActor failed because of collision at the spawn location [X=-106.875 Y=1304.973 Z=181.489] for [EnemyCharacter_C]
[2025.07.22-01.35.38:764][849]LogBlueprintUserMessages: [enemy_bullet_C_32] El peoncito perdio 10 de vida!!!!
[2025.07.22-01.35.39:666][903]LogBlueprintUserMessages: [bala_C_11] Le reste 50 al bad guy
[2025.07.22-01.35.40:050][926]LogBlueprintUserMessages: [bala_C_12] Le reste 50 al bad guy
[2025.07.22-01.35.40:050][926]LogBlueprintUserMessages: [bad_guy_5] Bad guy  Destruido!
[2025.07.22-01.35.44:176][169]LogBlueprintUserMessages: [bala_C_15] Le reste 25 a la torreta
[2025.07.22-01.35.44:176][169]LogBlueprintUserMessages: [Torreta3_2] algo me ataveso!
[2025.07.22-01.35.44:578][193]LogBlueprintUserMessages: [bala_C_16] Le reste 25 a la torreta
[2025.07.22-01.35.44:578][193]LogBlueprintUserMessages: [Torreta3_2] algo me ataveso!
[2025.07.22-01.35.44:579][193]LogBlueprintUserMessages: [Torreta3_2] Torreta Destruida!
[2025.07.22-01.35.48:227][411]LogSpawn: Warning: SpawnActor failed because of collision at the spawn location [X=-106.875 Y=1304.973 Z=181.489] for [EnemyCharacter_C]
[2025.07.22-01.35.49:017][457]LogBlueprintUserMessages: [Curador_2] no te puedo curar porque tu vida es mayor a 80, volve cuando tengas menos!
[2025.07.22-01.35.51:959][623]LogBlueprintUserMessages: [EnemyCharacter_C_1] Golem aniquilado
[2025.07.22-01.35.53:107][690]LogBlueprintUserMessages: [Curador_2] no te puedo curar porque tu vida es mayor a 80, volve cuando tengas menos!
[2025.07.22-01.35.53:242][697]LogSpawn: Warning: SpawnActor failed because of collision at the spawn location [X=-106.875 Y=1304.973 Z=181.489] for [EnemyCharacter_C]
[2025.07.22-01.35.57:314][924]LogBlueprintUserMessages: [bala_C_25] Le reste 25 a la torreta
[2025.07.22-01.35.57:314][924]LogBlueprintUserMessages: [Torreta_2] algo me ataveso!
[2025.07.22-01.35.57:569][939]LogBlueprintUserMessages: [bala_C_26] Le reste 25 a la torreta
[2025.07.22-01.35.57:569][939]LogBlueprintUserMessages: [Torreta_2] algo me ataveso!
[2025.07.22-01.35.57:570][939]LogBlueprintUserMessages: [Torreta_2] Torreta Destruida!
[2025.07.22-01.35.58:254][978]LogSpawn: Warning: SpawnActor failed because of collision at the spawn location [X=-106.875 Y=1304.973 Z=181.489] for [EnemyCharacter_C]
[2025.07.22-01.36.03:525][286]LogBlueprintUserMessages: [EnemyCharacter_C_4] Golem aniquilado
[2025.07.22-01.36.04:804][360]LogBlueprintUserMessages: [ReglasJuego_C_0] El puntaje subio!
[2025.07.22-01.36.04:804][360]LogBlueprintUserMessages: [ReglasJuego_C_0] 8
[2025.07.22-01.36.05:337][392]LogBlueprintUserMessages: [ReglasJuego_C_0] El puntaje subio!
[2025.07.22-01.36.05:337][392]LogBlueprintUserMessages: [ReglasJuego_C_0] 10
[2025.07.22-01.36.05:992][431]LogBlueprintUserMessages: [ReglasJuego_C_0] El puntaje subio!
[2025.07.22-01.36.05:992][431]LogBlueprintUserMessages: [ReglasJuego_C_0] 12
[2025.07.22-01.36.07:752][536]LogBlueprintUserMessages: [bala_C_38] Le reste 25 al bad fella
[2025.07.22-01.36.08:104][557]LogBlueprintUserMessages: [bala_C_39] Le reste 25 al bad fella
[2025.07.22-01.36.11:364][747]LogBlueprintUserMessages: [bala_C_40] Le reste 25 a la torreta
[2025.07.22-01.36.11:364][747]LogBlueprintUserMessages: [Torreta2_5] algo me ataveso!
[2025.07.22-01.36.13:951][898]LogBlueprintUserMessages: [bala_C_46] Le reste 25 al bad fella
[2025.07.22-01.36.18:057][140]LogBlueprintUserMessages: [bala_C_50] Le reste 25 a la torreta
[2025.07.22-01.36.18:057][140]LogBlueprintUserMessages: [Torreta2_5] algo me ataveso!
[2025.07.22-01.36.18:058][140]LogBlueprintUserMessages: [Torreta2_5] Torreta Destruida!
[2025.07.22-01.36.26:256][629]LogBlueprintUserMessages: [Curador_2] no te puedo curar porque tu vida es mayor a 80, volve cuando tengas menos!
[2025.07.22-01.36.26:290][631]LogCharacterMovement: EnemyCharacter_C_8 is stuck and failed to move! Velocity: X=10.81 Y=-32.38 Z=0.00 Location: X=-656.75 Y=1094.81 Z=220.42 Normal: X=0.44 Y=0.90 Z=0.00 PenetrationDepth:0.045 Actor:EnemyCharacter_C_10 Component:CollisionCylinder BoneName:None (0 other events since notify)
[2025.07.22-01.36.27:291][691]LogCharacterMovement: EnemyCharacter_C_8 is stuck and failed to move! Velocity: X=189.95 Y=-569.14 Z=0.00 Location: X=-656.75 Y=1094.81 Z=220.42 Normal: X=0.44 Y=0.90 Z=0.00 PenetrationDepth:0.045 Actor:EnemyCharacter_C_10 Component:CollisionCylinder BoneName:None (59 other events since notify)
[2025.07.22-01.36.28:292][751]LogCharacterMovement: EnemyCharacter_C_8 is stuck and failed to move! Velocity: X=189.95 Y=-569.14 Z=0.00 Location: X=-656.75 Y=1094.81 Z=220.42 Normal: X=0.44 Y=0.90 Z=0.00 PenetrationDepth:0.045 Actor:EnemyCharacter_C_10 Component:CollisionCylinder BoneName:None (59 other events since notify)
[2025.07.22-01.36.29:296][811]LogCharacterMovement: EnemyCharacter_C_8 is stuck and failed to move! Velocity: X=189.95 Y=-569.14 Z=0.00 Location: X=-656.75 Y=1094.81 Z=220.42 Normal: X=0.44 Y=0.90 Z=0.00 PenetrationDepth:0.045 Actor:EnemyCharacter_C_10 Component:CollisionCylinder BoneName:None (29 other events since notify)
[2025.07.22-01.36.30:309][871]LogCharacterMovement: EnemyCharacter_C_8 is stuck and failed to move! Velocity: X=189.95 Y=-569.14 Z=0.00 Location: X=-656.75 Y=1094.81 Z=220.42 Normal: X=0.44 Y=0.90 Z=0.00 PenetrationDepth:0.045 Actor:EnemyCharacter_C_10 Component:CollisionCylinder BoneName:None (59 other events since notify)
[2025.07.22-01.36.32:333][992]LogCharacterMovement: EnemyCharacter_C_8 is stuck and failed to move! Velocity: X=10.81 Y=-32.38 Z=0.00 Location: X=-656.75 Y=1094.81 Z=220.42 Normal: X=0.44 Y=0.90 Z=0.00 PenetrationDepth:0.045 Actor:EnemyCharacter_C_10 Component:CollisionCylinder BoneName:None (59 other events since notify)
[2025.07.22-01.36.33:233][ 46]LogBlueprintUserMessages: [ReglasJuego_C_0] El puntaje subio!
[2025.07.22-01.36.33:233][ 46]LogBlueprintUserMessages: [ReglasJuego_C_0] 14
[2025.07.22-01.36.33:332][ 52]LogCharacterMovement: EnemyCharacter_C_8 is stuck and failed to move! Velocity: X=189.95 Y=-569.14 Z=0.00 Location: X=-656.75 Y=1094.81 Z=220.42 Normal: X=0.44 Y=0.90 Z=0.00 PenetrationDepth:0.045 Actor:EnemyCharacter_C_10 Component:CollisionCylinder BoneName:None (59 other events since notify)
[2025.07.22-01.36.34:666][132]LogBlueprintUserMessages: [ReglasJuego_C_0] El puntaje subio!
[2025.07.22-01.36.34:666][132]LogBlueprintUserMessages: [ReglasJuego_C_0] 16
[2025.07.22-01.36.34:832][142]LogCharacterMovement: EnemyCharacter_C_8 is stuck and failed to move! Velocity: X=-8.47 Y=-33.07 Z=0.00 Location: X=-656.75 Y=1094.81 Z=220.42 Normal: X=-0.87 Y=-0.50 Z=0.01 PenetrationDepth:0.047 Actor:Columna3_5 Component:Cube1 BoneName:None (28 other events since notify)
[2025.07.22-01.36.35:450][179]LogBlueprintUserMessages: [ReglasJuego_C_0] El puntaje subio!
[2025.07.22-01.36.35:450][179]LogBlueprintUserMessages: [ReglasJuego_C_0] 18
[2025.07.22-01.36.35:833][202]LogCharacterMovement: EnemyCharacter_C_8 is stuck and failed to move! Velocity: X=25.79 Y=-562.35 Z=0.00 Location: X=-656.75 Y=1094.81 Z=220.42 Normal: X=-0.87 Y=-0.50 Z=0.01 PenetrationDepth:0.061 Actor:Columna3_5 Component:Cube1 BoneName:None (59 other events since notify)
[2025.07.22-01.36.36:838][262]LogCharacterMovement: EnemyCharacter_C_8 is stuck and failed to move! Velocity: X=-218.35 Y=-558.86 Z=0.00 Location: X=-656.75 Y=1094.81 Z=220.42 Normal: X=-0.87 Y=-0.50 Z=0.01 PenetrationDepth:0.061 Actor:Columna3_5 Component:Cube1 BoneName:None (59 other events since notify)
[2025.07.22-01.36.39:838][442]LogCharacterMovement: EnemyCharacter_C_8 is stuck and failed to move! Velocity: X=-8.47 Y=-33.07 Z=0.00 Location: X=-656.75 Y=1094.81 Z=220.42 Normal: X=-0.87 Y=-0.50 Z=0.01 PenetrationDepth:0.047 Actor:Columna3_5 Component:Cube1 BoneName:None (58 other events since notify)
[2025.07.22-01.36.40:838][502]LogCharacterMovement: EnemyCharacter_C_8 is stuck and failed to move! Velocity: X=-148.94 Y=-581.22 Z=0.00 Location: X=-656.75 Y=1094.81 Z=220.42 Normal: X=-0.87 Y=-0.50 Z=0.01 PenetrationDepth:0.047 Actor:Columna3_5 Component:Cube1 BoneName:None (59 other events since notify)
[2025.07.22-01.36.41:838][562]LogCharacterMovement: EnemyCharacter_C_8 is stuck and failed to move! Velocity: X=-218.35 Y=-558.86 Z=0.00 Location: X=-656.75 Y=1094.81 Z=220.42 Normal: X=-0.87 Y=-0.50 Z=0.01 PenetrationDepth:0.061 Actor:Columna3_5 Component:Cube1 BoneName:None (59 other events since notify)
[2025.07.22-01.36.42:153][576]LogBlueprintUserMessages: [ReglasJuego_C_0] El puntaje subio!
[2025.07.22-01.36.42:153][576]LogBlueprintUserMessages: [ReglasJuego_C_0] 20
[2025.07.22-01.36.42:598][602]LogBlueprintUserMessages: [ReglasJuego_C_0] El puntaje subio!
[2025.07.22-01.36.42:598][602]LogBlueprintUserMessages: [ReglasJuego_C_0] 22
[2025.07.22-01.36.42:850][617]LogCharacterMovement: EnemyCharacter_C_8 is stuck and failed to move! Velocity: X=-260.17 Y=-540.66 Z=0.00 Location: X=-656.84 Y=1094.85 Z=220.42 Normal: X=0.43 Y=0.90 Z=0.00 PenetrationDepth:0.293 Actor:EnemyCharacter_C_10 Component:CollisionCylinder BoneName:None (53 other events since notify)
[2025.07.22-01.36.51:999][163]LogBlueprintUserMessages: [EnemyCharacter_C_8] Golem aniquilado
[2025.07.22-01.36.58:163][521]LogBlueprintUserMessages: [EnemyCharacter_C_11] Golem aniquilado
[2025.07.22-01.37.00:617][668]LogBlueprintUserMessages: [ReglasJuego_C_0] El puntaje subio!
[2025.07.22-01.37.00:617][668]LogBlueprintUserMessages: [ReglasJuego_C_0] 24
[2025.07.22-01.37.00:718][674]LogBlueprintUserMessages: [ReglasJuego_C_0] El puntaje subio!
[2025.07.22-01.37.00:718][674]LogBlueprintUserMessages: [ReglasJuego_C_0] 26
[2025.07.22-01.37.02:108][757]LogBlueprintUserMessages: [ReglasJuego_C_0] El puntaje subio!
[2025.07.22-01.37.02:108][757]LogBlueprintUserMessages: [ReglasJuego_C_0] 28
[2025.07.22-01.37.02:379][773]LogBlueprintUserMessages: [ReglasJuego_C_0] El puntaje subio!
[2025.07.22-01.37.02:379][773]LogBlueprintUserMessages: [ReglasJuego_C_0] 30
[2025.07.22-01.37.02:743][794]LogBlueprintUserMessages: [peoncito_2] Te queda de vida:
[2025.07.22-01.37.02:743][794]LogBlueprintUserMessages: [peoncito_2] 78.0
[2025.07.22-01.37.02:761][795]LogBlueprintUserMessages: [peoncito_2] Te queda de vida:
[2025.07.22-01.37.02:761][795]LogBlueprintUserMessages: [peoncito_2] 76.0
[2025.07.22-01.37.02:778][796]LogBlueprintUserMessages: [peoncito_2] Te queda de vida:
[2025.07.22-01.37.02:778][796]LogBlueprintUserMessages: [peoncito_2] 74.0
[2025.07.22-01.37.02:794][797]LogBlueprintUserMessages: [peoncito_2] Te queda de vida:
[2025.07.22-01.37.02:795][797]LogBlueprintUserMessages: [peoncito_2] 72.0
[2025.07.22-01.37.02:810][798]LogBlueprintUserMessages: [peoncito_2] Te queda de vida:
[2025.07.22-01.37.02:810][798]LogBlueprintUserMessages: [peoncito_2] 70.0
[2025.07.22-01.37.02:828][799]LogBlueprintUserMessages: [peoncito_2] Te queda de vida:
[2025.07.22-01.37.02:828][799]LogBlueprintUserMessages: [peoncito_2] 68.0
[2025.07.22-01.37.02:845][800]LogBlueprintUserMessages: [peoncito_2] Te queda de vida:
[2025.07.22-01.37.02:845][800]LogBlueprintUserMessages: [peoncito_2] 66.0
[2025.07.22-01.37.02:863][801]LogBlueprintUserMessages: [peoncito_2] Te queda de vida:
[2025.07.22-01.37.02:863][801]LogBlueprintUserMessages: [peoncito_2] 64.0
[2025.07.22-01.37.02:880][802]LogBlueprintUserMessages: [peoncito_2] Te queda de vida:
[2025.07.22-01.37.02:880][802]LogBlueprintUserMessages: [peoncito_2] 62.0
[2025.07.22-01.37.02:898][803]LogBlueprintUserMessages: [peoncito_2] Te queda de vida:
[2025.07.22-01.37.02:899][803]LogBlueprintUserMessages: [peoncito_2] 60.0
[2025.07.22-01.37.02:916][804]LogBlueprintUserMessages: [peoncito_2] Te queda de vida:
[2025.07.22-01.37.02:916][804]LogBlueprintUserMessages: [peoncito_2] 58.0
[2025.07.22-01.37.02:935][805]LogBlueprintUserMessages: [peoncito_2] Te queda de vida:
[2025.07.22-01.37.02:936][805]LogBlueprintUserMessages: [peoncito_2] 56.0
[2025.07.22-01.37.02:951][806]LogBlueprintUserMessages: [peoncito_2] Te queda de vida:
[2025.07.22-01.37.02:951][806]LogBlueprintUserMessages: [peoncito_2] 54.0
[2025.07.22-01.37.02:969][807]LogBlueprintUserMessages: [peoncito_2] Te queda de vida:
[2025.07.22-01.37.02:969][807]LogBlueprintUserMessages: [peoncito_2] 52.0
[2025.07.22-01.37.02:985][808]LogBlueprintUserMessages: [peoncito_2] Te queda de vida:
[2025.07.22-01.37.02:985][808]LogBlueprintUserMessages: [peoncito_2] 50.0
[2025.07.22-01.37.03:002][809]LogBlueprintUserMessages: [peoncito_2] Te queda de vida:
[2025.07.22-01.37.03:002][809]LogBlueprintUserMessages: [peoncito_2] 48.0
[2025.07.22-01.37.03:019][810]LogBlueprintUserMessages: [peoncito_2] Te queda de vida:
[2025.07.22-01.37.03:019][810]LogBlueprintUserMessages: [peoncito_2] 46.0
[2025.07.22-01.37.03:035][811]LogBlueprintUserMessages: [peoncito_2] Te queda de vida:
[2025.07.22-01.37.03:036][811]LogBlueprintUserMessages: [peoncito_2] 44.0
[2025.07.22-01.37.03:052][812]LogBlueprintUserMessages: [peoncito_2] Te queda de vida:
[2025.07.22-01.37.03:052][812]LogBlueprintUserMessages: [peoncito_2] 42.0
[2025.07.22-01.37.03:070][813]LogBlueprintUserMessages: [peoncito_2] Te queda de vida:
[2025.07.22-01.37.03:070][813]LogBlueprintUserMessages: [peoncito_2] 40.0
[2025.07.22-01.37.03:087][814]LogBlueprintUserMessages: [peoncito_2] Te queda de vida:
[2025.07.22-01.37.03:087][814]LogBlueprintUserMessages: [peoncito_2] 38.0
[2025.07.22-01.37.03:103][815]LogBlueprintUserMessages: [peoncito_2] Te queda de vida:
[2025.07.22-01.37.03:103][815]LogBlueprintUserMessages: [peoncito_2] 36.0
[2025.07.22-01.37.03:123][816]LogBlueprintUserMessages: [peoncito_2] Te queda de vida:
[2025.07.22-01.37.03:124][816]LogBlueprintUserMessages: [peoncito_2] 34.0
[2025.07.22-01.37.03:146][817]LogBlueprintUserMessages: [peoncito_2] Te queda de vida:
[2025.07.22-01.37.03:146][817]LogBlueprintUserMessages: [peoncito_2] 32.0
[2025.07.22-01.37.08:589][138]LogBlueprintUserMessages: [EnemyCharacter_C_9] Golem aniquilado
[2025.07.22-01.37.09:772][209]LogBlueprintUserMessages: [Curador_2] Le di vida al peoncito! ahora tiene:
[2025.07.22-01.37.09:772][209]LogBlueprintUserMessages: [Curador_2] 32.0
[2025.07.22-01.37.09:772][209]LogBlueprintUserMessages: [Curador_2] El curador ya curo las siguientes veces:
[2025.07.22-01.37.09:772][209]LogBlueprintUserMessages: [Curador_2] 1.0
[2025.07.22-01.37.13:324][422]LogBlueprintUserMessages: [Curador_2] Le di vida al peoncito! ahora tiene:
[2025.07.22-01.37.13:324][422]LogBlueprintUserMessages: [Curador_2] 52.0
[2025.07.22-01.37.13:324][422]LogBlueprintUserMessages: [Curador_2] El curador ya curo las siguientes veces:
[2025.07.22-01.37.13:325][422]LogBlueprintUserMessages: [Curador_2] 2.0
[2025.07.22-01.37.16:410][607]LogBlueprintUserMessages: [Curador_2] Le di vida al peoncito! ahora tiene:
[2025.07.22-01.37.16:410][607]LogBlueprintUserMessages: [Curador_2] 72.0
[2025.07.22-01.37.16:410][607]LogBlueprintUserMessages: [Curador_2] El curador ya curo las siguientes veces:
[2025.07.22-01.37.16:410][607]LogBlueprintUserMessages: [Curador_2] 3.0
[2025.07.22-01.37.31:430][506]LogBlueprintUserMessages: [ReglasJuego_C_0] El puntaje subio!
[2025.07.22-01.37.31:430][506]LogBlueprintUserMessages: [ReglasJuego_C_0] 32
[2025.07.22-01.37.33:987][659]LogBlueprintUserMessages: [ReglasJuego_C_0] El puntaje subio!
[2025.07.22-01.37.33:987][659]LogBlueprintUserMessages: [ReglasJuego_C_0] 34
[2025.07.22-01.37.33:987][659]LogBlueprintUserMessages: [ReglasJuego_C_0] Ganaste!
[2025.07.22-01.37.34:010][660]LogNet: Browse: /Game/ThirdPersonBP/Maps/GanasteLevel
[2025.07.22-01.37.34:010][660]LogLoad: LoadMap: /Game/ThirdPersonBP/Maps/GanasteLevel
[2025.07.22-01.37.34:012][660]LogWorld: BeginTearingDown for /Game/ThirdPersonBP/Maps/UEDPIE_0_ThirdPersonExampleMap
[2025.07.22-01.37.34:012][660]LogWorld: UWorld::CleanupWorld for ThirdPersonExampleMap, bSessionEnded=true, bCleanupResources=true
[2025.07.22-01.37.34:014][660]LogSlate: InvalidateAllWidgets triggered.  All widgets were invalidated
[2025.07.22-01.37.34:094][660]LogAudio: Display: Audio Device unregistered from world 'None'.
[2025.07.22-01.37.34:100][660]LogUObjectHash: Compacting FUObjectHashTables data took   3.34ms
[2025.07.22-01.37.34:139][660]LogAudio: Display: Audio Device (ID: 20) registered with world 'GanasteLevel'.
[2025.07.22-01.37.34:140][660]LogAIModule: Creating AISystem for world GanasteLevel
[2025.07.22-01.37.34:141][660]LogLoad: Game class is 'ReglasJuego_C'
[2025.07.22-01.37.34:183][660]LogWorld: Bringing World /Game/ThirdPersonBP/Maps/UEDPIE_0_GanasteLevel.GanasteLevel up for play (max tick rate 60) at 2025.07.21-22.37.34
[2025.07.22-01.37.34:184][660]LogWorld: Bringing up level for play took: 0.041561
[2025.07.22-01.37.34:184][660]LogGameMode: FindPlayerStart: PATHS NOT DEFINED or NO PLAYERSTART with positive rating
[2025.07.22-01.37.34:186][660]LogBlueprintUserMessages: [plataforma_2] Buenas buenas!
[2025.07.22-01.37.34:187][660]LogLoad: Took 0.175905 seconds to LoadMap(/Game/ThirdPersonBP/Maps/GanasteLevel)
[2025.07.22-01.37.34:230][660]PIE: Error: Blueprint Runtime Error: "Accessed None trying to read property K2Node_DynamicCast_AsPeoncito". Blueprint:  BarraVIda Function:  Get Text 0 Graph:  GetText_0 Node:  Return Node
[2025.07.22-01.37.34:244][661]PIE: Error: Blueprint Runtime Error: "Accessed None trying to read property K2Node_DynamicCast_AsPeoncito". Blueprint:  BarraVIda Function:  Get Text 0 Graph:  GetText_0 Node:  Return Node
[2025.07.22-01.37.34:262][662]PIE: Error: Blueprint Runtime Error: "Accessed None trying to read property K2Node_DynamicCast_AsPeoncito". Blueprint:  BarraVIda Function:  Get Text 0 Graph:  GetText_0 Node:  Return Node
[2025.07.22-01.37.34:280][663]PIE: Error: Blueprint Runtime Error: "Accessed None trying to read property K2Node_DynamicCast_AsPeoncito". Blueprint:  BarraVIda Function:  Get Text 0 Graph:  GetText_0 Node:  Return Node
[2025.07.22-01.37.34:296][664]PIE: Error: Blueprint Runtime Error: "Accessed None trying to read property K2Node_DynamicCast_AsPeoncito". Blueprint:  BarraVIda Function:  Get Text 0 Graph:  GetText_0 Node:  Return Node
[2025.07.22-01.37.34:313][665]PIE: Error: Blueprint Runtime Error: "Accessed None trying to read property K2Node_DynamicCast_AsPeoncito". Blueprint:  BarraVIda Function:  Get Text 0 Graph:  GetText_0 Node:  Return Node
[2025.07.22-01.37.34:330][666]PIE: Error: Blueprint Runtime Error: "Accessed None trying to read property K2Node_DynamicCast_AsPeoncito". Blueprint:  BarraVIda Function:  Get Text 0 Graph:  GetText_0 Node:  Return Node
[2025.07.22-01.37.34:345][667]PIE: Error: Blueprint Runtime Error: "Accessed None trying to read property K2Node_DynamicCast_AsPeoncito". Blueprint:  BarraVIda Function:  Get Text 0 Graph:  GetText_0 Node:  Return Node
[2025.07.22-01.37.34:362][668]PIE: Error: Blueprint Runtime Error: "Accessed None trying to read property K2Node_DynamicCast_AsPeoncito". Blueprint:  BarraVIda Function:  Get Text 0 Graph:  GetText_0 Node:  Return Node
[2025.07.22-01.37.34:379][669]PIE: Error: Blueprint Runtime Error: "Accessed None trying to read property K2Node_DynamicCast_AsPeoncito". Blueprint:  BarraVIda Function:  Get Text 0 Graph:  GetText_0 Node:  Return Node
[2025.07.22-01.37.34:395][670]PIE: Error: Blueprint Runtime Error: "Accessed None trying to read property K2Node_DynamicCast_AsPeoncito". Blueprint:  BarraVIda Function:  Get Text 0 Graph:  GetText_0 Node:  Return Node
[2025.07.22-01.37.34:413][671]PIE: Error: Blueprint Runtime Error: "Accessed None trying to read property K2Node_DynamicCast_AsPeoncito". Blueprint:  BarraVIda Function:  Get Text 0 Graph:  GetText_0 Node:  Return Node
[2025.07.22-01.37.34:429][672]PIE: Error: Blueprint Runtime Error: "Accessed None trying to read property K2Node_DynamicCast_AsPeoncito". Blueprint:  BarraVIda Function:  Get Text 0 Graph:  GetText_0 Node:  Return Node
[2025.07.22-01.37.34:445][673]PIE: Error: Blueprint Runtime Error: "Accessed None trying to read property K2Node_DynamicCast_AsPeoncito". Blueprint:  BarraVIda Function:  Get Text 0 Graph:  GetText_0 Node:  Return Node
[2025.07.22-01.37.34:463][674]PIE: Error: Blueprint Runtime Error: "Accessed None trying to read property K2Node_DynamicCast_AsPeoncito". Blueprint:  BarraVIda Function:  Get Text 0 Graph:  GetText_0 Node:  Return Node
[2025.07.22-01.37.34:479][675]PIE: Error: Blueprint Runtime Error: "Accessed None trying to read property K2Node_DynamicCast_AsPeoncito". Blueprint:  BarraVIda Function:  Get Text 0 Graph:  GetText_0 Node:  Return Node
[2025.07.22-01.37.34:495][676]PIE: Error: Blueprint Runtime Error: "Accessed None trying to read property K2Node_DynamicCast_AsPeoncito". Blueprint:  BarraVIda Function:  Get Text 0 Graph:  GetText_0 Node:  Return Node
[2025.07.22-01.37.34:512][677]PIE: Error: Blueprint Runtime Error: "Accessed None trying to read property K2Node_DynamicCast_AsPeoncito". Blueprint:  BarraVIda Function:  Get Text 0 Graph:  GetText_0 Node:  Return Node
[2025.07.22-01.37.34:529][678]PIE: Error: Blueprint Runtime Error: "Accessed None trying to read property K2Node_DynamicCast_AsPeoncito". Blueprint:  BarraVIda Function:  Get Text 0 Graph:  GetText_0 Node:  Return Node
[2025.07.22-01.37.34:546][679]PIE: Error: Blueprint Runtime Error: "Accessed None trying to read property K2Node_DynamicCast_AsPeoncito". Blueprint:  BarraVIda Function:  Get Text 0 Graph:  GetText_0 Node:  Return Node
[2025.07.22-01.37.34:562][680]PIE: Error: Blueprint Runtime Error: "Accessed None trying to read property K2Node_DynamicCast_AsPeoncito". Blueprint:  BarraVIda Function:  Get Text 0 Graph:  GetText_0 Node:  Return Node
[2025.07.22-01.37.34:579][681]PIE: Error: Blueprint Runtime Error: "Accessed None trying to read property K2Node_DynamicCast_AsPeoncito". Blueprint:  BarraVIda Function:  Get Text 0 Graph:  GetText_0 Node:  Return Node
[2025.07.22-01.37.34:596][682]PIE: Error: Blueprint Runtime Error: "Accessed None trying to read property K2Node_DynamicCast_AsPeoncito". Blueprint:  BarraVIda Function:  Get Text 0 Graph:  GetText_0 Node:  Return Node
[2025.07.22-01.37.34:612][683]PIE: Error: Blueprint Runtime Error: "Accessed None trying to read property K2Node_DynamicCast_AsPeoncito". Blueprint:  BarraVIda Function:  Get Text 0 Graph:  GetText_0 Node:  Return Node
[2025.07.22-01.37.34:628][684]PIE: Error: Blueprint Runtime Error: "Accessed None trying to read property K2Node_DynamicCast_AsPeoncito". Blueprint:  BarraVIda Function:  Get Text 0 Graph:  GetText_0 Node:  Return Node
[2025.07.22-01.37.34:645][685]PIE: Error: Blueprint Runtime Error: "Accessed None trying to read property K2Node_DynamicCast_AsPeoncito". Blueprint:  BarraVIda Function:  Get Text 0 Graph:  GetText_0 Node:  Return Node
[2025.07.22-01.37.34:662][686]PIE: Error: Blueprint Runtime Error: "Accessed None trying to read property K2Node_DynamicCast_AsPeoncito". Blueprint:  BarraVIda Function:  Get Text 0 Graph:  GetText_0 Node:  Return Node
[2025.07.22-01.37.34:678][687]PIE: Error: Blueprint Runtime Error: "Accessed None trying to read property K2Node_DynamicCast_AsPeoncito". Blueprint:  BarraVIda Function:  Get Text 0 Graph:  GetText_0 Node:  Return Node
[2025.07.22-01.37.34:694][688]PIE: Error: Blueprint Runtime Error: "Accessed None trying to read property K2Node_DynamicCast_AsPeoncito". Blueprint:  BarraVIda Function:  Get Text 0 Graph:  GetText_0 Node:  Return Node
[2025.07.22-01.37.34:713][689]PIE: Error: Blueprint Runtime Error: "Accessed None trying to read property K2Node_DynamicCast_AsPeoncito". Blueprint:  BarraVIda Function:  Get Text 0 Graph:  GetText_0 Node:  Return Node
[2025.07.22-01.37.34:728][690]PIE: Error: Blueprint Runtime Error: "Accessed None trying to read property K2Node_DynamicCast_AsPeoncito". Blueprint:  BarraVIda Function:  Get Text 0 Graph:  GetText_0 Node:  Return Node
[2025.07.22-01.37.34:744][691]PIE: Error: Blueprint Runtime Error: "Accessed None trying to read property K2Node_DynamicCast_AsPeoncito". Blueprint:  BarraVIda Function:  Get Text 0 Graph:  GetText_0 Node:  Return Node
[2025.07.22-01.37.34:761][692]PIE: Error: Blueprint Runtime Error: "Accessed None trying to read property K2Node_DynamicCast_AsPeoncito". Blueprint:  BarraVIda Function:  Get Text 0 Graph:  GetText_0 Node:  Return Node
[2025.07.22-01.37.34:780][693]PIE: Error: Blueprint Runtime Error: "Accessed None trying to read property K2Node_DynamicCast_AsPeoncito". Blueprint:  BarraVIda Function:  Get Text 0 Graph:  GetText_0 Node:  Return Node
[2025.07.22-01.37.34:794][694]PIE: Error: Blueprint Runtime Error: "Accessed None trying to read property K2Node_DynamicCast_AsPeoncito". Blueprint:  BarraVIda Function:  Get Text 0 Graph:  GetText_0 Node:  Return Node
[2025.07.22-01.37.34:811][695]PIE: Error: Blueprint Runtime Error: "Accessed None trying to read property K2Node_DynamicCast_AsPeoncito". Blueprint:  BarraVIda Function:  Get Text 0 Graph:  GetText_0 Node:  Return Node
[2025.07.22-01.37.34:829][696]PIE: Error: Blueprint Runtime Error: "Accessed None trying to read property K2Node_DynamicCast_AsPeoncito". Blueprint:  BarraVIda Function:  Get Text 0 Graph:  GetText_0 Node:  Return Node
[2025.07.22-01.37.34:844][697]PIE: Error: Blueprint Runtime Error: "Accessed None trying to read property K2Node_DynamicCast_AsPeoncito". Blueprint:  BarraVIda Function:  Get Text 0 Graph:  GetText_0 Node:  Return Node
[2025.07.22-01.37.34:861][698]PIE: Error: Blueprint Runtime Error: "Accessed None trying to read property K2Node_DynamicCast_AsPeoncito". Blueprint:  BarraVIda Function:  Get Text 0 Graph:  GetText_0 Node:  Return Node
[2025.07.22-01.37.34:879][699]PIE: Error: Blueprint Runtime Error: "Accessed None trying to read property K2Node_DynamicCast_AsPeoncito". Blueprint:  BarraVIda Function:  Get Text 0 Graph:  GetText_0 Node:  Return Node
[2025.07.22-01.37.34:894][700]PIE: Error: Blueprint Runtime Error: "Accessed None trying to read property K2Node_DynamicCast_AsPeoncito". Blueprint:  BarraVIda Function:  Get Text 0 Graph:  GetText_0 Node:  Return Node
[2025.07.22-01.37.34:911][701]PIE: Error: Blueprint Runtime Error: "Accessed None trying to read property K2Node_DynamicCast_AsPeoncito". Blueprint:  BarraVIda Function:  Get Text 0 Graph:  GetText_0 Node:  Return Node
[2025.07.22-01.37.34:928][702]PIE: Error: Blueprint Runtime Error: "Accessed None trying to read property K2Node_DynamicCast_AsPeoncito". Blueprint:  BarraVIda Function:  Get Text 0 Graph:  GetText_0 Node:  Return Node
[2025.07.22-01.37.34:944][703]PIE: Error: Blueprint Runtime Error: "Accessed None trying to read property K2Node_DynamicCast_AsPeoncito". Blueprint:  BarraVIda Function:  Get Text 0 Graph:  GetText_0 Node:  Return Node
[2025.07.22-01.37.34:961][704]PIE: Error: Blueprint Runtime Error: "Accessed None trying to read property K2Node_DynamicCast_AsPeoncito". Blueprint:  BarraVIda Function:  Get Text 0 Graph:  GetText_0 Node:  Return Node
[2025.07.22-01.37.34:978][705]PIE: Error: Blueprint Runtime Error: "Accessed None trying to read property K2Node_DynamicCast_AsPeoncito". Blueprint:  BarraVIda Function:  Get Text 0 Graph:  GetText_0 Node:  Return Node
[2025.07.22-01.37.34:994][706]PIE: Error: Blueprint Runtime Error: "Accessed None trying to read property K2Node_DynamicCast_AsPeoncito". Blueprint:  BarraVIda Function:  Get Text 0 Graph:  GetText_0 Node:  Return Node
[2025.07.22-01.37.35:012][707]PIE: Error: Blueprint Runtime Error: "Accessed None trying to read property K2Node_DynamicCast_AsPeoncito". Blueprint:  BarraVIda Function:  Get Text 0 Graph:  GetText_0 Node:  Return Node
[2025.07.22-01.37.35:030][708]PIE: Error: Blueprint Runtime Error: "Accessed None trying to read property K2Node_DynamicCast_AsPeoncito". Blueprint:  BarraVIda Function:  Get Text 0 Graph:  GetText_0 Node:  Return Node
[2025.07.22-01.37.35:044][709]PIE: Error: Blueprint Runtime Error: "Accessed None trying to read property K2Node_DynamicCast_AsPeoncito". Blueprint:  BarraVIda Function:  Get Text 0 Graph:  GetText_0 Node:  Return Node
[2025.07.22-01.37.35:061][710]PIE: Error: Blueprint Runtime Error: "Accessed None trying to read property K2Node_DynamicCast_AsPeoncito". Blueprint:  BarraVIda Function:  Get Text 0 Graph:  GetText_0 Node:  Return Node
[2025.07.22-01.37.35:080][711]PIE: Error: Blueprint Runtime Error: "Accessed None trying to read property K2Node_DynamicCast_AsPeoncito". Blueprint:  BarraVIda Function:  Get Text 0 Graph:  GetText_0 Node:  Return Node
[2025.07.22-01.37.35:094][712]PIE: Error: Blueprint Runtime Error: "Accessed None trying to read property K2Node_DynamicCast_AsPeoncito". Blueprint:  BarraVIda Function:  Get Text 0 Graph:  GetText_0 Node:  Return Node
[2025.07.22-01.37.35:111][713]PIE: Error: Blueprint Runtime Error: "Accessed None trying to read property K2Node_DynamicCast_AsPeoncito". Blueprint:  BarraVIda Function:  Get Text 0 Graph:  GetText_0 Node:  Return Node
[2025.07.22-01.37.35:129][714]PIE: Error: Blueprint Runtime Error: "Accessed None trying to read property K2Node_DynamicCast_AsPeoncito". Blueprint:  BarraVIda Function:  Get Text 0 Graph:  GetText_0 Node:  Return Node
[2025.07.22-01.37.35:144][715]PIE: Error: Blueprint Runtime Error: "Accessed None trying to read property K2Node_DynamicCast_AsPeoncito". Blueprint:  BarraVIda Function:  Get Text 0 Graph:  GetText_0 Node:  Return Node
[2025.07.22-01.37.35:161][716]PIE: Error: Blueprint Runtime Error: "Accessed None trying to read property K2Node_DynamicCast_AsPeoncito". Blueprint:  BarraVIda Function:  Get Text 0 Graph:  GetText_0 Node:  Return Node
[2025.07.22-01.37.35:179][717]PIE: Error: Blueprint Runtime Error: "Accessed None trying to read property K2Node_DynamicCast_AsPeoncito". Blueprint:  BarraVIda Function:  Get Text 0 Graph:  GetText_0 Node:  Return Node
[2025.07.22-01.37.35:194][718]PIE: Error: Blueprint Runtime Error: "Accessed None trying to read property K2Node_DynamicCast_AsPeoncito". Blueprint:  BarraVIda Function:  Get Text 0 Graph:  GetText_0 Node:  Return Node
[2025.07.22-01.37.35:210][719]PIE: Error: Blueprint Runtime Error: "Accessed None trying to read property K2Node_DynamicCast_AsPeoncito". Blueprint:  BarraVIda Function:  Get Text 0 Graph:  GetText_0 Node:  Return Node
[2025.07.22-01.37.35:228][720]PIE: Error: Blueprint Runtime Error: "Accessed None trying to read property K2Node_DynamicCast_AsPeoncito". Blueprint:  BarraVIda Function:  Get Text 0 Graph:  GetText_0 Node:  Return Node
[2025.07.22-01.37.35:244][721]PIE: Error: Blueprint Runtime Error: "Accessed None trying to read property K2Node_DynamicCast_AsPeoncito". Blueprint:  BarraVIda Function:  Get Text 0 Graph:  GetText_0 Node:  Return Node
[2025.07.22-01.37.35:261][722]PIE: Error: Blueprint Runtime Error: "Accessed None trying to read property K2Node_DynamicCast_AsPeoncito". Blueprint:  BarraVIda Function:  Get Text 0 Graph:  GetText_0 Node:  Return Node
[2025.07.22-01.37.35:278][723]PIE: Error: Blueprint Runtime Error: "Accessed None trying to read property K2Node_DynamicCast_AsPeoncito". Blueprint:  BarraVIda Function:  Get Text 0 Graph:  GetText_0 Node:  Return Node
[2025.07.22-01.37.35:294][724]PIE: Error: Blueprint Runtime Error: "Accessed None trying to read property K2Node_DynamicCast_AsPeoncito". Blueprint:  BarraVIda Function:  Get Text 0 Graph:  GetText_0 Node:  Return Node
[2025.07.22-01.37.35:311][725]PIE: Error: Blueprint Runtime Error: "Accessed None trying to read property K2Node_DynamicCast_AsPeoncito". Blueprint:  BarraVIda Function:  Get Text 0 Graph:  GetText_0 Node:  Return Node
[2025.07.22-01.37.35:329][726]PIE: Error: Blueprint Runtime Error: "Accessed None trying to read property K2Node_DynamicCast_AsPeoncito". Blueprint:  BarraVIda Function:  Get Text 0 Graph:  GetText_0 Node:  Return Node
[2025.07.22-01.37.35:344][727]PIE: Error: Blueprint Runtime Error: "Accessed None trying to read property K2Node_DynamicCast_AsPeoncito". Blueprint:  BarraVIda Function:  Get Text 0 Graph:  GetText_0 Node:  Return Node
[2025.07.22-01.37.35:361][728]PIE: Error: Blueprint Runtime Error: "Accessed None trying to read property K2Node_DynamicCast_AsPeoncito". Blueprint:  BarraVIda Function:  Get Text 0 Graph:  GetText_0 Node:  Return Node
[2025.07.22-01.37.35:378][729]PIE: Error: Blueprint Runtime Error: "Accessed None trying to read property K2Node_DynamicCast_AsPeoncito". Blueprint:  BarraVIda Function:  Get Text 0 Graph:  GetText_0 Node:  Return Node
[2025.07.22-01.37.35:396][730]PIE: Error: Blueprint Runtime Error: "Accessed None trying to read property K2Node_DynamicCast_AsPeoncito". Blueprint:  BarraVIda Function:  Get Text 0 Graph:  GetText_0 Node:  Return Node
[2025.07.22-01.37.35:411][731]PIE: Error: Blueprint Runtime Error: "Accessed None trying to read property K2Node_DynamicCast_AsPeoncito". Blueprint:  BarraVIda Function:  Get Text 0 Graph:  GetText_0 Node:  Return Node
[2025.07.22-01.37.35:429][732]PIE: Error: Blueprint Runtime Error: "Accessed None trying to read property K2Node_DynamicCast_AsPeoncito". Blueprint:  BarraVIda Function:  Get Text 0 Graph:  GetText_0 Node:  Return Node
[2025.07.22-01.37.35:444][733]PIE: Error: Blueprint Runtime Error: "Accessed None trying to read property K2Node_DynamicCast_AsPeoncito". Blueprint:  BarraVIda Function:  Get Text 0 Graph:  GetText_0 Node:  Return Node
[2025.07.22-01.37.35:461][734]PIE: Error: Blueprint Runtime Error: "Accessed None trying to read property K2Node_DynamicCast_AsPeoncito". Blueprint:  BarraVIda Function:  Get Text 0 Graph:  GetText_0 Node:  Return Node
[2025.07.22-01.37.35:479][735]PIE: Error: Blueprint Runtime Error: "Accessed None trying to read property K2Node_DynamicCast_AsPeoncito". Blueprint:  BarraVIda Function:  Get Text 0 Graph:  GetText_0 Node:  Return Node
[2025.07.22-01.37.35:494][736]PIE: Error: Blueprint Runtime Error: "Accessed None trying to read property K2Node_DynamicCast_AsPeoncito". Blueprint:  BarraVIda Function:  Get Text 0 Graph:  GetText_0 Node:  Return Node
[2025.07.22-01.37.35:511][737]PIE: Error: Blueprint Runtime Error: "Accessed None trying to read property K2Node_DynamicCast_AsPeoncito". Blueprint:  BarraVIda Function:  Get Text 0 Graph:  GetText_0 Node:  Return Node
[2025.07.22-01.37.35:530][738]PIE: Error: Blueprint Runtime Error: "Accessed None trying to read property K2Node_DynamicCast_AsPeoncito". Blueprint:  BarraVIda Function:  Get Text 0 Graph:  GetText_0 Node:  Return Node
[2025.07.22-01.37.35:544][739]PIE: Error: Blueprint Runtime Error: "Accessed None trying to read property K2Node_DynamicCast_AsPeoncito". Blueprint:  BarraVIda Function:  Get Text 0 Graph:  GetText_0 Node:  Return Node
[2025.07.22-01.37.35:561][740]PIE: Error: Blueprint Runtime Error: "Accessed None trying to read property K2Node_DynamicCast_AsPeoncito". Blueprint:  BarraVIda Function:  Get Text 0 Graph:  GetText_0 Node:  Return Node
[2025.07.22-01.37.35:580][741]PIE: Error: Blueprint Runtime Error: "Accessed None trying to read property K2Node_DynamicCast_AsPeoncito". Blueprint:  BarraVIda Function:  Get Text 0 Graph:  GetText_0 Node:  Return Node
[2025.07.22-01.37.35:594][742]PIE: Error: Blueprint Runtime Error: "Accessed None trying to read property K2Node_DynamicCast_AsPeoncito". Blueprint:  BarraVIda Function:  Get Text 0 Graph:  GetText_0 Node:  Return Node
[2025.07.22-01.37.35:611][743]PIE: Error: Blueprint Runtime Error: "Accessed None trying to read property K2Node_DynamicCast_AsPeoncito". Blueprint:  BarraVIda Function:  Get Text 0 Graph:  GetText_0 Node:  Return Node
[2025.07.22-01.37.35:629][744]PIE: Error: Blueprint Runtime Error: "Accessed None trying to read property K2Node_DynamicCast_AsPeoncito". Blueprint:  BarraVIda Function:  Get Text 0 Graph:  GetText_0 Node:  Return Node
[2025.07.22-01.37.35:644][745]PIE: Error: Blueprint Runtime Error: "Accessed None trying to read property K2Node_DynamicCast_AsPeoncito". Blueprint:  BarraVIda Function:  Get Text 0 Graph:  GetText_0 Node:  Return Node
[2025.07.22-01.37.35:661][746]PIE: Error: Blueprint Runtime Error: "Accessed None trying to read property K2Node_DynamicCast_AsPeoncito". Blueprint:  BarraVIda Function:  Get Text 0 Graph:  GetText_0 Node:  Return Node
[2025.07.22-01.37.35:678][747]PIE: Error: Blueprint Runtime Error: "Accessed None trying to read property K2Node_DynamicCast_AsPeoncito". Blueprint:  BarraVIda Function:  Get Text 0 Graph:  GetText_0 Node:  Return Node
[2025.07.22-01.37.35:694][748]PIE: Error: Blueprint Runtime Error: "Accessed None trying to read property K2Node_DynamicCast_AsPeoncito". Blueprint:  BarraVIda Function:  Get Text 0 Graph:  GetText_0 Node:  Return Node
[2025.07.22-01.37.35:711][749]PIE: Error: Blueprint Runtime Error: "Accessed None trying to read property K2Node_DynamicCast_AsPeoncito". Blueprint:  BarraVIda Function:  Get Text 0 Graph:  GetText_0 Node:  Return Node
[2025.07.22-01.37.35:728][750]PIE: Error: Blueprint Runtime Error: "Accessed None trying to read property K2Node_DynamicCast_AsPeoncito". Blueprint:  BarraVIda Function:  Get Text 0 Graph:  GetText_0 Node:  Return Node
[2025.07.22-01.37.35:744][751]PIE: Error: Blueprint Runtime Error: "Accessed None trying to read property K2Node_DynamicCast_AsPeoncito". Blueprint:  BarraVIda Function:  Get Text 0 Graph:  GetText_0 Node:  Return Node
[2025.07.22-01.37.35:762][752]PIE: Error: Blueprint Runtime Error: "Accessed None trying to read property K2Node_DynamicCast_AsPeoncito". Blueprint:  BarraVIda Function:  Get Text 0 Graph:  GetText_0 Node:  Return Node
[2025.07.22-01.37.35:780][753]PIE: Error: Blueprint Runtime Error: "Accessed None trying to read property K2Node_DynamicCast_AsPeoncito". Blueprint:  BarraVIda Function:  Get Text 0 Graph:  GetText_0 Node:  Return Node
[2025.07.22-01.37.35:794][754]PIE: Error: Blueprint Runtime Error: "Accessed None trying to read property K2Node_DynamicCast_AsPeoncito". Blueprint:  BarraVIda Function:  Get Text 0 Graph:  GetText_0 Node:  Return Node
[2025.07.22-01.37.35:811][755]PIE: Error: Blueprint Runtime Error: "Accessed None trying to read property K2Node_DynamicCast_AsPeoncito". Blueprint:  BarraVIda Function:  Get Text 0 Graph:  GetText_0 Node:  Return Node
[2025.07.22-01.37.35:828][756]PIE: Error: Blueprint Runtime Error: "Accessed None trying to read property K2Node_DynamicCast_AsPeoncito". Blueprint:  BarraVIda Function:  Get Text 0 Graph:  GetText_0 Node:  Return Node
[2025.07.22-01.37.35:844][757]PIE: Error: Blueprint Runtime Error: "Accessed None trying to read property K2Node_DynamicCast_AsPeoncito". Blueprint:  BarraVIda Function:  Get Text 0 Graph:  GetText_0 Node:  Return Node
[2025.07.22-01.37.35:861][758]PIE: Error: Blueprint Runtime Error: "Accessed None trying to read property K2Node_DynamicCast_AsPeoncito". Blueprint:  BarraVIda Function:  Get Text 0 Graph:  GetText_0 Node:  Return Node
[2025.07.22-01.37.35:879][759]PIE: Error: Blueprint Runtime Error: "Accessed None trying to read property K2Node_DynamicCast_AsPeoncito". Blueprint:  BarraVIda Function:  Get Text 0 Graph:  GetText_0 Node:  Return Node
[2025.07.22-01.37.35:894][760]PIE: Error: Blueprint Runtime Error: "Accessed None trying to read property K2Node_DynamicCast_AsPeoncito". Blueprint:  BarraVIda Function:  Get Text 0 Graph:  GetText_0 Node:  Return Node
[2025.07.22-01.37.35:911][761]PIE: Error: Blueprint Runtime Error: "Accessed None trying to read property K2Node_DynamicCast_AsPeoncito". Blueprint:  BarraVIda Function:  Get Text 0 Graph:  GetText_0 Node:  Return Node
[2025.07.22-01.37.35:929][762]PIE: Error: Blueprint Runtime Error: "Accessed None trying to read property K2Node_DynamicCast_AsPeoncito". Blueprint:  BarraVIda Function:  Get Text 0 Graph:  GetText_0 Node:  Return Node
[2025.07.22-01.37.35:943][763]PIE: Error: Blueprint Runtime Error: "Accessed None trying to read property K2Node_DynamicCast_AsPeoncito". Blueprint:  BarraVIda Function:  Get Text 0 Graph:  GetText_0 Node:  Return Node
[2025.07.22-01.37.35:961][764]PIE: Error: Blueprint Runtime Error: "Accessed None trying to read property K2Node_DynamicCast_AsPeoncito". Blueprint:  BarraVIda Function:  Get Text 0 Graph:  GetText_0 Node:  Return Node
[2025.07.22-01.37.35:980][765]PIE: Error: Blueprint Runtime Error: "Accessed None trying to read property K2Node_DynamicCast_AsPeoncito". Blueprint:  BarraVIda Function:  Get Text 0 Graph:  GetText_0 Node:  Return Node
[2025.07.22-01.37.35:994][766]PIE: Error: Blueprint Runtime Error: "Accessed None trying to read property K2Node_DynamicCast_AsPeoncito". Blueprint:  BarraVIda Function:  Get Text 0 Graph:  GetText_0 Node:  Return Node
[2025.07.22-01.37.36:011][767]PIE: Error: Blueprint Runtime Error: "Accessed None trying to read property K2Node_DynamicCast_AsPeoncito". Blueprint:  BarraVIda Function:  Get Text 0 Graph:  GetText_0 Node:  Return Node
[2025.07.22-01.37.36:029][768]PIE: Error: Blueprint Runtime Error: "Accessed None trying to read property K2Node_DynamicCast_AsPeoncito". Blueprint:  BarraVIda Function:  Get Text 0 Graph:  GetText_0 Node:  Return Node
[2025.07.22-01.37.36:044][769]PIE: Error: Blueprint Runtime Error: "Accessed None trying to read property K2Node_DynamicCast_AsPeoncito". Blueprint:  BarraVIda Function:  Get Text 0 Graph:  GetText_0 Node:  Return Node
[2025.07.22-01.37.36:061][770]PIE: Error: Blueprint Runtime Error: "Accessed None trying to read property K2Node_DynamicCast_AsPeoncito". Blueprint:  BarraVIda Function:  Get Text 0 Graph:  GetText_0 Node:  Return Node
[2025.07.22-01.37.36:080][771]PIE: Error: Blueprint Runtime Error: "Accessed None trying to read property K2Node_DynamicCast_AsPeoncito". Blueprint:  BarraVIda Function:  Get Text 0 Graph:  GetText_0 Node:  Return Node
[2025.07.22-01.37.36:094][772]PIE: Error: Blueprint Runtime Error: "Accessed None trying to read property K2Node_DynamicCast_AsPeoncito". Blueprint:  BarraVIda Function:  Get Text 0 Graph:  GetText_0 Node:  Return Node
[2025.07.22-01.37.36:111][773]PIE: Error: Blueprint Runtime Error: "Accessed None trying to read property K2Node_DynamicCast_AsPeoncito". Blueprint:  BarraVIda Function:  Get Text 0 Graph:  GetText_0 Node:  Return Node
[2025.07.22-01.37.36:129][774]PIE: Error: Blueprint Runtime Error: "Accessed None trying to read property K2Node_DynamicCast_AsPeoncito". Blueprint:  BarraVIda Function:  Get Text 0 Graph:  GetText_0 Node:  Return Node
[2025.07.22-01.37.36:144][775]PIE: Error: Blueprint Runtime Error: "Accessed None trying to read property K2Node_DynamicCast_AsPeoncito". Blueprint:  BarraVIda Function:  Get Text 0 Graph:  GetText_0 Node:  Return Node
[2025.07.22-01.37.36:161][776]PIE: Error: Blueprint Runtime Error: "Accessed None trying to read property K2Node_DynamicCast_AsPeoncito". Blueprint:  BarraVIda Function:  Get Text 0 Graph:  GetText_0 Node:  Return Node
[2025.07.22-01.37.36:179][777]PIE: Error: Blueprint Runtime Error: "Accessed None trying to read property K2Node_DynamicCast_AsPeoncito". Blueprint:  BarraVIda Function:  Get Text 0 Graph:  GetText_0 Node:  Return Node
[2025.07.22-01.37.36:194][778]PIE: Error: Blueprint Runtime Error: "Accessed None trying to read property K2Node_DynamicCast_AsPeoncito". Blueprint:  BarraVIda Function:  Get Text 0 Graph:  GetText_0 Node:  Return Node
[2025.07.22-01.37.36:211][779]PIE: Error: Blueprint Runtime Error: "Accessed None trying to read property K2Node_DynamicCast_AsPeoncito". Blueprint:  BarraVIda Function:  Get Text 0 Graph:  GetText_0 Node:  Return Node
[2025.07.22-01.37.36:229][780]PIE: Error: Blueprint Runtime Error: "Accessed None trying to read property K2Node_DynamicCast_AsPeoncito". Blueprint:  BarraVIda Function:  Get Text 0 Graph:  GetText_0 Node:  Return Node
[2025.07.22-01.37.36:244][781]PIE: Error: Blueprint Runtime Error: "Accessed None trying to read property K2Node_DynamicCast_AsPeoncito". Blueprint:  BarraVIda Function:  Get Text 0 Graph:  GetText_0 Node:  Return Node
[2025.07.22-01.37.36:261][782]PIE: Error: Blueprint Runtime Error: "Accessed None trying to read property K2Node_DynamicCast_AsPeoncito". Blueprint:  BarraVIda Function:  Get Text 0 Graph:  GetText_0 Node:  Return Node
[2025.07.22-01.37.36:280][783]PIE: Error: Blueprint Runtime Error: "Accessed None trying to read property K2Node_DynamicCast_AsPeoncito". Blueprint:  BarraVIda Function:  Get Text 0 Graph:  GetText_0 Node:  Return Node
[2025.07.22-01.37.36:294][784]PIE: Error: Blueprint Runtime Error: "Accessed None trying to read property K2Node_DynamicCast_AsPeoncito". Blueprint:  BarraVIda Function:  Get Text 0 Graph:  GetText_0 Node:  Return Node
[2025.07.22-01.37.36:311][785]PIE: Error: Blueprint Runtime Error: "Accessed None trying to read property K2Node_DynamicCast_AsPeoncito". Blueprint:  BarraVIda Function:  Get Text 0 Graph:  GetText_0 Node:  Return Node
[2025.07.22-01.37.36:330][786]PIE: Error: Blueprint Runtime Error: "Accessed None trying to read property K2Node_DynamicCast_AsPeoncito". Blueprint:  BarraVIda Function:  Get Text 0 Graph:  GetText_0 Node:  Return Node
[2025.07.22-01.37.36:344][787]PIE: Error: Blueprint Runtime Error: "Accessed None trying to read property K2Node_DynamicCast_AsPeoncito". Blueprint:  BarraVIda Function:  Get Text 0 Graph:  GetText_0 Node:  Return Node
[2025.07.22-01.37.36:361][788]PIE: Error: Blueprint Runtime Error: "Accessed None trying to read property K2Node_DynamicCast_AsPeoncito". Blueprint:  BarraVIda Function:  Get Text 0 Graph:  GetText_0 Node:  Return Node
[2025.07.22-01.37.36:380][789]PIE: Error: Blueprint Runtime Error: "Accessed None trying to read property K2Node_DynamicCast_AsPeoncito". Blueprint:  BarraVIda Function:  Get Text 0 Graph:  GetText_0 Node:  Return Node
[2025.07.22-01.37.36:394][790]PIE: Error: Blueprint Runtime Error: "Accessed None trying to read property K2Node_DynamicCast_AsPeoncito". Blueprint:  BarraVIda Function:  Get Text 0 Graph:  GetText_0 Node:  Return Node
[2025.07.22-01.37.36:411][791]PIE: Error: Blueprint Runtime Error: "Accessed None trying to read property K2Node_DynamicCast_AsPeoncito". Blueprint:  BarraVIda Function:  Get Text 0 Graph:  GetText_0 Node:  Return Node
[2025.07.22-01.37.36:430][792]PIE: Error: Blueprint Runtime Error: "Accessed None trying to read property K2Node_DynamicCast_AsPeoncito". Blueprint:  BarraVIda Function:  Get Text 0 Graph:  GetText_0 Node:  Return Node
[2025.07.22-01.37.36:444][793]PIE: Error: Blueprint Runtime Error: "Accessed None trying to read property K2Node_DynamicCast_AsPeoncito". Blueprint:  BarraVIda Function:  Get Text 0 Graph:  GetText_0 Node:  Return Node
[2025.07.22-01.37.36:461][794]PIE: Error: Blueprint Runtime Error: "Accessed None trying to read property K2Node_DynamicCast_AsPeoncito". Blueprint:  BarraVIda Function:  Get Text 0 Graph:  GetText_0 Node:  Return Node
[2025.07.22-01.37.36:479][795]PIE: Error: Blueprint Runtime Error: "Accessed None trying to read property K2Node_DynamicCast_AsPeoncito". Blueprint:  BarraVIda Function:  Get Text 0 Graph:  GetText_0 Node:  Return Node
[2025.07.22-01.37.36:494][796]PIE: Error: Blueprint Runtime Error: "Accessed None trying to read property K2Node_DynamicCast_AsPeoncito". Blueprint:  BarraVIda Function:  Get Text 0 Graph:  GetText_0 Node:  Return Node
[2025.07.22-01.37.36:511][797]PIE: Error: Blueprint Runtime Error: "Accessed None trying to read property K2Node_DynamicCast_AsPeoncito". Blueprint:  BarraVIda Function:  Get Text 0 Graph:  GetText_0 Node:  Return Node
[2025.07.22-01.37.36:528][798]PIE: Error: Blueprint Runtime Error: "Accessed None trying to read property K2Node_DynamicCast_AsPeoncito". Blueprint:  BarraVIda Function:  Get Text 0 Graph:  GetText_0 Node:  Return Node
[2025.07.22-01.37.36:544][799]PIE: Error: Blueprint Runtime Error: "Accessed None trying to read property K2Node_DynamicCast_AsPeoncito". Blueprint:  BarraVIda Function:  Get Text 0 Graph:  GetText_0 Node:  Return Node
[2025.07.22-01.37.36:561][800]PIE: Error: Blueprint Runtime Error: "Accessed None trying to read property K2Node_DynamicCast_AsPeoncito". Blueprint:  BarraVIda Function:  Get Text 0 Graph:  GetText_0 Node:  Return Node
[2025.07.22-01.37.36:578][801]PIE: Error: Blueprint Runtime Error: "Accessed None trying to read property K2Node_DynamicCast_AsPeoncito". Blueprint:  BarraVIda Function:  Get Text 0 Graph:  GetText_0 Node:  Return Node
[2025.07.22-01.37.36:594][802]PIE: Error: Blueprint Runtime Error: "Accessed None trying to read property K2Node_DynamicCast_AsPeoncito". Blueprint:  BarraVIda Function:  Get Text 0 Graph:  GetText_0 Node:  Return Node
[2025.07.22-01.37.36:611][803]PIE: Error: Blueprint Runtime Error: "Accessed None trying to read property K2Node_DynamicCast_AsPeoncito". Blueprint:  BarraVIda Function:  Get Text 0 Graph:  GetText_0 Node:  Return Node
[2025.07.22-01.37.36:629][804]PIE: Error: Blueprint Runtime Error: "Accessed None trying to read property K2Node_DynamicCast_AsPeoncito". Blueprint:  BarraVIda Function:  Get Text 0 Graph:  GetText_0 Node:  Return Node
[2025.07.22-01.37.36:645][805]PIE: Error: Blueprint Runtime Error: "Accessed None trying to read property K2Node_DynamicCast_AsPeoncito". Blueprint:  BarraVIda Function:  Get Text 0 Graph:  GetText_0 Node:  Return Node
[2025.07.22-01.37.36:662][806]PIE: Error: Blueprint Runtime Error: "Accessed None trying to read property K2Node_DynamicCast_AsPeoncito". Blueprint:  BarraVIda Function:  Get Text 0 Graph:  GetText_0 Node:  Return Node
[2025.07.22-01.37.36:679][807]PIE: Error: Blueprint Runtime Error: "Accessed None trying to read property K2Node_DynamicCast_AsPeoncito". Blueprint:  BarraVIda Function:  Get Text 0 Graph:  GetText_0 Node:  Return Node
[2025.07.22-01.37.36:694][808]PIE: Error: Blueprint Runtime Error: "Accessed None trying to read property K2Node_DynamicCast_AsPeoncito". Blueprint:  BarraVIda Function:  Get Text 0 Graph:  GetText_0 Node:  Return Node
[2025.07.22-01.37.36:711][809]PIE: Error: Blueprint Runtime Error: "Accessed None trying to read property K2Node_DynamicCast_AsPeoncito". Blueprint:  BarraVIda Function:  Get Text 0 Graph:  GetText_0 Node:  Return Node
[2025.07.22-01.37.36:730][810]PIE: Error: Blueprint Runtime Error: "Accessed None trying to read property K2Node_DynamicCast_AsPeoncito". Blueprint:  BarraVIda Function:  Get Text 0 Graph:  GetText_0 Node:  Return Node
[2025.07.22-01.37.36:745][811]PIE: Error: Blueprint Runtime Error: "Accessed None trying to read property K2Node_DynamicCast_AsPeoncito". Blueprint:  BarraVIda Function:  Get Text 0 Graph:  GetText_0 Node:  Return Node
[2025.07.22-01.37.36:762][812]PIE: Error: Blueprint Runtime Error: "Accessed None trying to read property K2Node_DynamicCast_AsPeoncito". Blueprint:  BarraVIda Function:  Get Text 0 Graph:  GetText_0 Node:  Return Node
[2025.07.22-01.37.36:779][813]PIE: Error: Blueprint Runtime Error: "Accessed None trying to read property K2Node_DynamicCast_AsPeoncito". Blueprint:  BarraVIda Function:  Get Text 0 Graph:  GetText_0 Node:  Return Node
[2025.07.22-01.37.36:794][814]PIE: Error: Blueprint Runtime Error: "Accessed None trying to read property K2Node_DynamicCast_AsPeoncito". Blueprint:  BarraVIda Function:  Get Text 0 Graph:  GetText_0 Node:  Return Node
[2025.07.22-01.37.36:811][815]PIE: Error: Blueprint Runtime Error: "Accessed None trying to read property K2Node_DynamicCast_AsPeoncito". Blueprint:  BarraVIda Function:  Get Text 0 Graph:  GetText_0 Node:  Return Node
[2025.07.22-01.37.36:830][816]PIE: Error: Blueprint Runtime Error: "Accessed None trying to read property K2Node_DynamicCast_AsPeoncito". Blueprint:  BarraVIda Function:  Get Text 0 Graph:  GetText_0 Node:  Return Node
[2025.07.22-01.37.36:844][817]PIE: Error: Blueprint Runtime Error: "Accessed None trying to read property K2Node_DynamicCast_AsPeoncito". Blueprint:  BarraVIda Function:  Get Text 0 Graph:  GetText_0 Node:  Return Node
[2025.07.22-01.37.36:861][818]PIE: Error: Blueprint Runtime Error: "Accessed None trying to read property K2Node_DynamicCast_AsPeoncito". Blueprint:  BarraVIda Function:  Get Text 0 Graph:  GetText_0 Node:  Return Node
[2025.07.22-01.37.36:879][819]PIE: Error: Blueprint Runtime Error: "Accessed None trying to read property K2Node_DynamicCast_AsPeoncito". Blueprint:  BarraVIda Function:  Get Text 0 Graph:  GetText_0 Node:  Return Node
[2025.07.22-01.37.36:894][820]PIE: Error: Blueprint Runtime Error: "Accessed None trying to read property K2Node_DynamicCast_AsPeoncito". Blueprint:  BarraVIda Function:  Get Text 0 Graph:  GetText_0 Node:  Return Node
[2025.07.22-01.37.36:911][821]PIE: Error: Blueprint Runtime Error: "Accessed None trying to read property K2Node_DynamicCast_AsPeoncito". Blueprint:  BarraVIda Function:  Get Text 0 Graph:  GetText_0 Node:  Return Node
[2025.07.22-01.37.36:930][822]PIE: Error: Blueprint Runtime Error: "Accessed None trying to read property K2Node_DynamicCast_AsPeoncito". Blueprint:  BarraVIda Function:  Get Text 0 Graph:  GetText_0 Node:  Return Node
[2025.07.22-01.37.36:944][823]PIE: Error: Blueprint Runtime Error: "Accessed None trying to read property K2Node_DynamicCast_AsPeoncito". Blueprint:  BarraVIda Function:  Get Text 0 Graph:  GetText_0 Node:  Return Node
[2025.07.22-01.37.36:961][824]PIE: Error: Blueprint Runtime Error: "Accessed None trying to read property K2Node_DynamicCast_AsPeoncito". Blueprint:  BarraVIda Function:  Get Text 0 Graph:  GetText_0 Node:  Return Node
[2025.07.22-01.37.36:978][825]PIE: Error: Blueprint Runtime Error: "Accessed None trying to read property K2Node_DynamicCast_AsPeoncito". Blueprint:  BarraVIda Function:  Get Text 0 Graph:  GetText_0 Node:  Return Node
[2025.07.22-01.37.36:994][826]PIE: Error: Blueprint Runtime Error: "Accessed None trying to read property K2Node_DynamicCast_AsPeoncito". Blueprint:  BarraVIda Function:  Get Text 0 Graph:  GetText_0 Node:  Return Node
[2025.07.22-01.37.37:011][827]PIE: Error: Blueprint Runtime Error: "Accessed None trying to read property K2Node_DynamicCast_AsPeoncito". Blueprint:  BarraVIda Function:  Get Text 0 Graph:  GetText_0 Node:  Return Node
[2025.07.22-01.37.37:028][828]PIE: Error: Blueprint Runtime Error: "Accessed None trying to read property K2Node_DynamicCast_AsPeoncito". Blueprint:  BarraVIda Function:  Get Text 0 Graph:  GetText_0 Node:  Return Node
[2025.07.22-01.37.37:044][829]PIE: Error: Blueprint Runtime Error: "Accessed None trying to read property K2Node_DynamicCast_AsPeoncito". Blueprint:  BarraVIda Function:  Get Text 0 Graph:  GetText_0 Node:  Return Node
[2025.07.22-01.37.37:061][830]PIE: Error: Blueprint Runtime Error: "Accessed None trying to read property K2Node_DynamicCast_AsPeoncito". Blueprint:  BarraVIda Function:  Get Text 0 Graph:  GetText_0 Node:  Return Node
[2025.07.22-01.37.37:078][831]PIE: Error: Blueprint Runtime Error: "Accessed None trying to read property K2Node_DynamicCast_AsPeoncito". Blueprint:  BarraVIda Function:  Get Text 0 Graph:  GetText_0 Node:  Return Node
[2025.07.22-01.37.37:094][832]PIE: Error: Blueprint Runtime Error: "Accessed None trying to read property K2Node_DynamicCast_AsPeoncito". Blueprint:  BarraVIda Function:  Get Text 0 Graph:  GetText_0 Node:  Return Node
[2025.07.22-01.37.37:111][833]PIE: Error: Blueprint Runtime Error: "Accessed None trying to read property K2Node_DynamicCast_AsPeoncito". Blueprint:  BarraVIda Function:  Get Text 0 Graph:  GetText_0 Node:  Return Node
[2025.07.22-01.37.37:128][834]PIE: Error: Blueprint Runtime Error: "Accessed None trying to read property K2Node_DynamicCast_AsPeoncito". Blueprint:  BarraVIda Function:  Get Text 0 Graph:  GetText_0 Node:  Return Node
[2025.07.22-01.37.37:144][835]PIE: Error: Blueprint Runtime Error: "Accessed None trying to read property K2Node_DynamicCast_AsPeoncito". Blueprint:  BarraVIda Function:  Get Text 0 Graph:  GetText_0 Node:  Return Node
[2025.07.22-01.37.37:162][836]PIE: Error: Blueprint Runtime Error: "Accessed None trying to read property K2Node_DynamicCast_AsPeoncito". Blueprint:  BarraVIda Function:  Get Text 0 Graph:  GetText_0 Node:  Return Node
[2025.07.22-01.37.37:180][837]PIE: Error: Blueprint Runtime Error: "Accessed None trying to read property K2Node_DynamicCast_AsPeoncito". Blueprint:  BarraVIda Function:  Get Text 0 Graph:  GetText_0 Node:  Return Node
[2025.07.22-01.37.37:194][838]PIE: Error: Blueprint Runtime Error: "Accessed None trying to read property K2Node_DynamicCast_AsPeoncito". Blueprint:  BarraVIda Function:  Get Text 0 Graph:  GetText_0 Node:  Return Node
[2025.07.22-01.37.37:211][839]PIE: Error: Blueprint Runtime Error: "Accessed None trying to read property K2Node_DynamicCast_AsPeoncito". Blueprint:  BarraVIda Function:  Get Text 0 Graph:  GetText_0 Node:  Return Node
[2025.07.22-01.37.37:228][840]PIE: Error: Blueprint Runtime Error: "Accessed None trying to read property K2Node_DynamicCast_AsPeoncito". Blueprint:  BarraVIda Function:  Get Text 0 Graph:  GetText_0 Node:  Return Node
[2025.07.22-01.37.37:244][841]PIE: Error: Blueprint Runtime Error: "Accessed None trying to read property K2Node_DynamicCast_AsPeoncito". Blueprint:  BarraVIda Function:  Get Text 0 Graph:  GetText_0 Node:  Return Node
[2025.07.22-01.37.37:261][842]PIE: Error: Blueprint Runtime Error: "Accessed None trying to read property K2Node_DynamicCast_AsPeoncito". Blueprint:  BarraVIda Function:  Get Text 0 Graph:  GetText_0 Node:  Return Node
[2025.07.22-01.37.37:280][843]PIE: Error: Blueprint Runtime Error: "Accessed None trying to read property K2Node_DynamicCast_AsPeoncito". Blueprint:  BarraVIda Function:  Get Text 0 Graph:  GetText_0 Node:  Return Node
[2025.07.22-01.37.37:294][844]PIE: Error: Blueprint Runtime Error: "Accessed None trying to read property K2Node_DynamicCast_AsPeoncito". Blueprint:  BarraVIda Function:  Get Text 0 Graph:  GetText_0 Node:  Return Node
[2025.07.22-01.37.37:311][845]PIE: Error: Blueprint Runtime Error: "Accessed None trying to read property K2Node_DynamicCast_AsPeoncito". Blueprint:  BarraVIda Function:  Get Text 0 Graph:  GetText_0 Node:  Return Node
[2025.07.22-01.37.37:330][846]PIE: Error: Blueprint Runtime Error: "Accessed None trying to read property K2Node_DynamicCast_AsPeoncito". Blueprint:  BarraVIda Function:  Get Text 0 Graph:  GetText_0 Node:  Return Node
[2025.07.22-01.37.37:344][847]PIE: Error: Blueprint Runtime Error: "Accessed None trying to read property K2Node_DynamicCast_AsPeoncito". Blueprint:  BarraVIda Function:  Get Text 0 Graph:  GetText_0 Node:  Return Node
[2025.07.22-01.37.37:361][848]PIE: Error: Blueprint Runtime Error: "Accessed None trying to read property K2Node_DynamicCast_AsPeoncito". Blueprint:  BarraVIda Function:  Get Text 0 Graph:  GetText_0 Node:  Return Node
[2025.07.22-01.37.37:380][849]PIE: Error: Blueprint Runtime Error: "Accessed None trying to read property K2Node_DynamicCast_AsPeoncito". Blueprint:  BarraVIda Function:  Get Text 0 Graph:  GetText_0 Node:  Return Node
[2025.07.22-01.37.37:394][850]PIE: Error: Blueprint Runtime Error: "Accessed None trying to read property K2Node_DynamicCast_AsPeoncito". Blueprint:  BarraVIda Function:  Get Text 0 Graph:  GetText_0 Node:  Return Node
[2025.07.22-01.37.37:411][851]PIE: Error: Blueprint Runtime Error: "Accessed None trying to read property K2Node_DynamicCast_AsPeoncito". Blueprint:  BarraVIda Function:  Get Text 0 Graph:  GetText_0 Node:  Return Node
[2025.07.22-01.37.37:430][852]PIE: Error: Blueprint Runtime Error: "Accessed None trying to read property K2Node_DynamicCast_AsPeoncito". Blueprint:  BarraVIda Function:  Get Text 0 Graph:  GetText_0 Node:  Return Node
[2025.07.22-01.37.37:444][853]PIE: Error: Blueprint Runtime Error: "Accessed None trying to read property K2Node_DynamicCast_AsPeoncito". Blueprint:  BarraVIda Function:  Get Text 0 Graph:  GetText_0 Node:  Return Node
[2025.07.22-01.37.37:460][854]PIE: Error: Blueprint Runtime Error: "Accessed None trying to read property K2Node_DynamicCast_AsPeoncito". Blueprint:  BarraVIda Function:  Get Text 0 Graph:  GetText_0 Node:  Return Node
[2025.07.22-01.37.37:479][855]PIE: Error: Blueprint Runtime Error: "Accessed None trying to read property K2Node_DynamicCast_AsPeoncito". Blueprint:  BarraVIda Function:  Get Text 0 Graph:  GetText_0 Node:  Return Node
[2025.07.22-01.37.37:494][856]PIE: Error: Blueprint Runtime Error: "Accessed None trying to read property K2Node_DynamicCast_AsPeoncito". Blueprint:  BarraVIda Function:  Get Text 0 Graph:  GetText_0 Node:  Return Node
[2025.07.22-01.37.37:511][857]PIE: Error: Blueprint Runtime Error: "Accessed None trying to read property K2Node_DynamicCast_AsPeoncito". Blueprint:  BarraVIda Function:  Get Text 0 Graph:  GetText_0 Node:  Return Node
[2025.07.22-01.37.37:529][858]PIE: Error: Blueprint Runtime Error: "Accessed None trying to read property K2Node_DynamicCast_AsPeoncito". Blueprint:  BarraVIda Function:  Get Text 0 Graph:  GetText_0 Node:  Return Node
[2025.07.22-01.37.37:544][859]PIE: Error: Blueprint Runtime Error: "Accessed None trying to read property K2Node_DynamicCast_AsPeoncito". Blueprint:  BarraVIda Function:  Get Text 0 Graph:  GetText_0 Node:  Return Node
[2025.07.22-01.37.37:561][860]PIE: Error: Blueprint Runtime Error: "Accessed None trying to read property K2Node_DynamicCast_AsPeoncito". Blueprint:  BarraVIda Function:  Get Text 0 Graph:  GetText_0 Node:  Return Node
[2025.07.22-01.37.37:579][861]PIE: Error: Blueprint Runtime Error: "Accessed None trying to read property K2Node_DynamicCast_AsPeoncito". Blueprint:  BarraVIda Function:  Get Text 0 Graph:  GetText_0 Node:  Return Node
[2025.07.22-01.37.37:594][862]PIE: Error: Blueprint Runtime Error: "Accessed None trying to read property K2Node_DynamicCast_AsPeoncito". Blueprint:  BarraVIda Function:  Get Text 0 Graph:  GetText_0 Node:  Return Node
[2025.07.22-01.37.37:612][863]PIE: Error: Blueprint Runtime Error: "Accessed None trying to read property K2Node_DynamicCast_AsPeoncito". Blueprint:  BarraVIda Function:  Get Text 0 Graph:  GetText_0 Node:  Return Node
[2025.07.22-01.37.37:629][864]PIE: Error: Blueprint Runtime Error: "Accessed None trying to read property K2Node_DynamicCast_AsPeoncito". Blueprint:  BarraVIda Function:  Get Text 0 Graph:  GetText_0 Node:  Return Node
[2025.07.22-01.37.37:644][865]PIE: Error: Blueprint Runtime Error: "Accessed None trying to read property K2Node_DynamicCast_AsPeoncito". Blueprint:  BarraVIda Function:  Get Text 0 Graph:  GetText_0 Node:  Return Node
[2025.07.22-01.37.37:662][866]PIE: Error: Blueprint Runtime Error: "Accessed None trying to read property K2Node_DynamicCast_AsPeoncito". Blueprint:  BarraVIda Function:  Get Text 0 Graph:  GetText_0 Node:  Return Node
[2025.07.22-01.37.37:680][867]PIE: Error: Blueprint Runtime Error: "Accessed None trying to read property K2Node_DynamicCast_AsPeoncito". Blueprint:  BarraVIda Function:  Get Text 0 Graph:  GetText_0 Node:  Return Node
[2025.07.22-01.37.37:695][868]PIE: Error: Blueprint Runtime Error: "Accessed None trying to read property K2Node_DynamicCast_AsPeoncito". Blueprint:  BarraVIda Function:  Get Text 0 Graph:  GetText_0 Node:  Return Node
[2025.07.22-01.37.37:712][869]PIE: Error: Blueprint Runtime Error: "Accessed None trying to read property K2Node_DynamicCast_AsPeoncito". Blueprint:  BarraVIda Function:  Get Text 0 Graph:  GetText_0 Node:  Return Node
[2025.07.22-01.37.37:727][870]PIE: Error: Blueprint Runtime Error: "Accessed None trying to read property K2Node_DynamicCast_AsPeoncito". Blueprint:  BarraVIda Function:  Get Text 0 Graph:  GetText_0 Node:  Return Node
[2025.07.22-01.37.37:744][871]PIE: Error: Blueprint Runtime Error: "Accessed None trying to read property K2Node_DynamicCast_AsPeoncito". Blueprint:  BarraVIda Function:  Get Text 0 Graph:  GetText_0 Node:  Return Node
[2025.07.22-01.37.37:763][872]PIE: Error: Blueprint Runtime Error: "Accessed None trying to read property K2Node_DynamicCast_AsPeoncito". Blueprint:  BarraVIda Function:  Get Text 0 Graph:  GetText_0 Node:  Return Node
[2025.07.22-01.37.37:778][873]PIE: Error: Blueprint Runtime Error: "Accessed None trying to read property K2Node_DynamicCast_AsPeoncito". Blueprint:  BarraVIda Function:  Get Text 0 Graph:  GetText_0 Node:  Return Node
[2025.07.22-01.37.37:794][874]PIE: Error: Blueprint Runtime Error: "Accessed None trying to read property K2Node_DynamicCast_AsPeoncito". Blueprint:  BarraVIda Function:  Get Text 0 Graph:  GetText_0 Node:  Return Node
[2025.07.22-01.37.37:811][875]PIE: Error: Blueprint Runtime Error: "Accessed None trying to read property K2Node_DynamicCast_AsPeoncito". Blueprint:  BarraVIda Function:  Get Text 0 Graph:  GetText_0 Node:  Return Node
[2025.07.22-01.37.37:828][876]PIE: Error: Blueprint Runtime Error: "Accessed None trying to read property K2Node_DynamicCast_AsPeoncito". Blueprint:  BarraVIda Function:  Get Text 0 Graph:  GetText_0 Node:  Return Node
[2025.07.22-01.37.37:844][877]PIE: Error: Blueprint Runtime Error: "Accessed None trying to read property K2Node_DynamicCast_AsPeoncito". Blueprint:  BarraVIda Function:  Get Text 0 Graph:  GetText_0 Node:  Return Node
[2025.07.22-01.37.37:861][878]PIE: Error: Blueprint Runtime Error: "Accessed None trying to read property K2Node_DynamicCast_AsPeoncito". Blueprint:  BarraVIda Function:  Get Text 0 Graph:  GetText_0 Node:  Return Node
[2025.07.22-01.37.37:880][879]PIE: Error: Blueprint Runtime Error: "Accessed None trying to read property K2Node_DynamicCast_AsPeoncito". Blueprint:  BarraVIda Function:  Get Text 0 Graph:  GetText_0 Node:  Return Node
[2025.07.22-01.37.37:894][880]PIE: Error: Blueprint Runtime Error: "Accessed None trying to read property K2Node_DynamicCast_AsPeoncito". Blueprint:  BarraVIda Function:  Get Text 0 Graph:  GetText_0 Node:  Return Node
[2025.07.22-01.37.37:911][881]PIE: Error: Blueprint Runtime Error: "Accessed None trying to read property K2Node_DynamicCast_AsPeoncito". Blueprint:  BarraVIda Function:  Get Text 0 Graph:  GetText_0 Node:  Return Node
[2025.07.22-01.37.37:930][882]PIE: Error: Blueprint Runtime Error: "Accessed None trying to read property K2Node_DynamicCast_AsPeoncito". Blueprint:  BarraVIda Function:  Get Text 0 Graph:  GetText_0 Node:  Return Node
[2025.07.22-01.37.37:944][883]PIE: Error: Blueprint Runtime Error: "Accessed None trying to read property K2Node_DynamicCast_AsPeoncito". Blueprint:  BarraVIda Function:  Get Text 0 Graph:  GetText_0 Node:  Return Node
[2025.07.22-01.37.37:962][884]PIE: Error: Blueprint Runtime Error: "Accessed None trying to read property K2Node_DynamicCast_AsPeoncito". Blueprint:  BarraVIda Function:  Get Text 0 Graph:  GetText_0 Node:  Return Node
[2025.07.22-01.37.37:979][885]PIE: Error: Blueprint Runtime Error: "Accessed None trying to read property K2Node_DynamicCast_AsPeoncito". Blueprint:  BarraVIda Function:  Get Text 0 Graph:  GetText_0 Node:  Return Node
[2025.07.22-01.37.37:994][886]PIE: Error: Blueprint Runtime Error: "Accessed None trying to read property K2Node_DynamicCast_AsPeoncito". Blueprint:  BarraVIda Function:  Get Text 0 Graph:  GetText_0 Node:  Return Node
[2025.07.22-01.37.38:011][887]PIE: Error: Blueprint Runtime Error: "Accessed None trying to read property K2Node_DynamicCast_AsPeoncito". Blueprint:  BarraVIda Function:  Get Text 0 Graph:  GetText_0 Node:  Return Node
[2025.07.22-01.37.38:030][888]PIE: Error: Blueprint Runtime Error: "Accessed None trying to read property K2Node_DynamicCast_AsPeoncito". Blueprint:  BarraVIda Function:  Get Text 0 Graph:  GetText_0 Node:  Return Node
[2025.07.22-01.37.38:044][889]PIE: Error: Blueprint Runtime Error: "Accessed None trying to read property K2Node_DynamicCast_AsPeoncito". Blueprint:  BarraVIda Function:  Get Text 0 Graph:  GetText_0 Node:  Return Node
[2025.07.22-01.37.38:062][890]PIE: Error: Blueprint Runtime Error: "Accessed None trying to read property K2Node_DynamicCast_AsPeoncito". Blueprint:  BarraVIda Function:  Get Text 0 Graph:  GetText_0 Node:  Return Node
[2025.07.22-01.37.38:079][891]PIE: Error: Blueprint Runtime Error: "Accessed None trying to read property K2Node_DynamicCast_AsPeoncito". Blueprint:  BarraVIda Function:  Get Text 0 Graph:  GetText_0 Node:  Return Node
[2025.07.22-01.37.38:094][892]PIE: Error: Blueprint Runtime Error: "Accessed None trying to read property K2Node_DynamicCast_AsPeoncito". Blueprint:  BarraVIda Function:  Get Text 0 Graph:  GetText_0 Node:  Return Node
[2025.07.22-01.37.38:111][893]PIE: Error: Blueprint Runtime Error: "Accessed None trying to read property K2Node_DynamicCast_AsPeoncito". Blueprint:  BarraVIda Function:  Get Text 0 Graph:  GetText_0 Node:  Return Node
[2025.07.22-01.37.38:129][894]PIE: Error: Blueprint Runtime Error: "Accessed None trying to read property K2Node_DynamicCast_AsPeoncito". Blueprint:  BarraVIda Function:  Get Text 0 Graph:  GetText_0 Node:  Return Node
[2025.07.22-01.37.38:144][895]PIE: Error: Blueprint Runtime Error: "Accessed None trying to read property K2Node_DynamicCast_AsPeoncito". Blueprint:  BarraVIda Function:  Get Text 0 Graph:  GetText_0 Node:  Return Node
[2025.07.22-01.37.38:162][896]PIE: Error: Blueprint Runtime Error: "Accessed None trying to read property K2Node_DynamicCast_AsPeoncito". Blueprint:  BarraVIda Function:  Get Text 0 Graph:  GetText_0 Node:  Return Node
[2025.07.22-01.37.38:180][897]PIE: Error: Blueprint Runtime Error: "Accessed None trying to read property K2Node_DynamicCast_AsPeoncito". Blueprint:  BarraVIda Function:  Get Text 0 Graph:  GetText_0 Node:  Return Node
[2025.07.22-01.37.38:194][898]PIE: Error: Blueprint Runtime Error: "Accessed None trying to read property K2Node_DynamicCast_AsPeoncito". Blueprint:  BarraVIda Function:  Get Text 0 Graph:  GetText_0 Node:  Return Node
[2025.07.22-01.37.38:211][899]PIE: Error: Blueprint Runtime Error: "Accessed None trying to read property K2Node_DynamicCast_AsPeoncito". Blueprint:  BarraVIda Function:  Get Text 0 Graph:  GetText_0 Node:  Return Node
[2025.07.22-01.37.38:228][900]PIE: Error: Blueprint Runtime Error: "Accessed None trying to read property K2Node_DynamicCast_AsPeoncito". Blueprint:  BarraVIda Function:  Get Text 0 Graph:  GetText_0 Node:  Return Node
[2025.07.22-01.37.38:244][901]PIE: Error: Blueprint Runtime Error: "Accessed None trying to read property K2Node_DynamicCast_AsPeoncito". Blueprint:  BarraVIda Function:  Get Text 0 Graph:  GetText_0 Node:  Return Node
[2025.07.22-01.37.38:261][902]PIE: Error: Blueprint Runtime Error: "Accessed None trying to read property K2Node_DynamicCast_AsPeoncito". Blueprint:  BarraVIda Function:  Get Text 0 Graph:  GetText_0 Node:  Return Node
[2025.07.22-01.37.38:278][903]PIE: Error: Blueprint Runtime Error: "Accessed None trying to read property K2Node_DynamicCast_AsPeoncito". Blueprint:  BarraVIda Function:  Get Text 0 Graph:  GetText_0 Node:  Return Node
[2025.07.22-01.37.38:295][904]PIE: Error: Blueprint Runtime Error: "Accessed None trying to read property K2Node_DynamicCast_AsPeoncito". Blueprint:  BarraVIda Function:  Get Text 0 Graph:  GetText_0 Node:  Return Node
[2025.07.22-01.37.38:313][905]PIE: Error: Blueprint Runtime Error: "Accessed None trying to read property K2Node_DynamicCast_AsPeoncito". Blueprint:  BarraVIda Function:  Get Text 0 Graph:  GetText_0 Node:  Return Node
[2025.07.22-01.37.38:328][906]PIE: Error: Blueprint Runtime Error: "Accessed None trying to read property K2Node_DynamicCast_AsPeoncito". Blueprint:  BarraVIda Function:  Get Text 0 Graph:  GetText_0 Node:  Return Node
[2025.07.22-01.37.38:346][907]PIE: Error: Blueprint Runtime Error: "Accessed None trying to read property K2Node_DynamicCast_AsPeoncito". Blueprint:  BarraVIda Function:  Get Text 0 Graph:  GetText_0 Node:  Return Node
[2025.07.22-01.37.38:361][908]PIE: Error: Blueprint Runtime Error: "Accessed None trying to read property K2Node_DynamicCast_AsPeoncito". Blueprint:  BarraVIda Function:  Get Text 0 Graph:  GetText_0 Node:  Return Node
[2025.07.22-01.37.38:380][909]PIE: Error: Blueprint Runtime Error: "Accessed None trying to read property K2Node_DynamicCast_AsPeoncito". Blueprint:  BarraVIda Function:  Get Text 0 Graph:  GetText_0 Node:  Return Node
[2025.07.22-01.37.38:394][910]PIE: Error: Blueprint Runtime Error: "Accessed None trying to read property K2Node_DynamicCast_AsPeoncito". Blueprint:  BarraVIda Function:  Get Text 0 Graph:  GetText_0 Node:  Return Node
[2025.07.22-01.37.38:413][911]PIE: Error: Blueprint Runtime Error: "Accessed None trying to read property K2Node_DynamicCast_AsPeoncito". Blueprint:  BarraVIda Function:  Get Text 0 Graph:  GetText_0 Node:  Return Node
[2025.07.22-01.37.38:428][912]PIE: Error: Blueprint Runtime Error: "Accessed None trying to read property K2Node_DynamicCast_AsPeoncito". Blueprint:  BarraVIda Function:  Get Text 0 Graph:  GetText_0 Node:  Return Node
[2025.07.22-01.37.38:446][913]PIE: Error: Blueprint Runtime Error: "Accessed None trying to read property K2Node_DynamicCast_AsPeoncito". Blueprint:  BarraVIda Function:  Get Text 0 Graph:  GetText_0 Node:  Return Node
[2025.07.22-01.37.38:460][914]PIE: Error: Blueprint Runtime Error: "Accessed None trying to read property K2Node_DynamicCast_AsPeoncito". Blueprint:  BarraVIda Function:  Get Text 0 Graph:  GetText_0 Node:  Return Node
[2025.07.22-01.37.38:478][915]PIE: Error: Blueprint Runtime Error: "Accessed None trying to read property K2Node_DynamicCast_AsPeoncito". Blueprint:  BarraVIda Function:  Get Text 0 Graph:  GetText_0 Node:  Return Node
[2025.07.22-01.37.38:496][916]PIE: Error: Blueprint Runtime Error: "Accessed None trying to read property K2Node_DynamicCast_AsPeoncito". Blueprint:  BarraVIda Function:  Get Text 0 Graph:  GetText_0 Node:  Return Node
[2025.07.22-01.37.38:513][917]PIE: Error: Blueprint Runtime Error: "Accessed None trying to read property K2Node_DynamicCast_AsPeoncito". Blueprint:  BarraVIda Function:  Get Text 0 Graph:  GetText_0 Node:  Return Node
[2025.07.22-01.37.38:528][918]PIE: Error: Blueprint Runtime Error: "Accessed None trying to read property K2Node_DynamicCast_AsPeoncito". Blueprint:  BarraVIda Function:  Get Text 0 Graph:  GetText_0 Node:  Return Node
[2025.07.22-01.37.38:544][919]PIE: Error: Blueprint Runtime Error: "Accessed None trying to read property K2Node_DynamicCast_AsPeoncito". Blueprint:  BarraVIda Function:  Get Text 0 Graph:  GetText_0 Node:  Return Node
[2025.07.22-01.37.38:561][920]PIE: Error: Blueprint Runtime Error: "Accessed None trying to read property K2Node_DynamicCast_AsPeoncito". Blueprint:  BarraVIda Function:  Get Text 0 Graph:  GetText_0 Node:  Return Node
[2025.07.22-01.37.38:578][921]PIE: Error: Blueprint Runtime Error: "Accessed None trying to read property K2Node_DynamicCast_AsPeoncito". Blueprint:  BarraVIda Function:  Get Text 0 Graph:  GetText_0 Node:  Return Node
[2025.07.22-01.37.38:594][922]PIE: Error: Blueprint Runtime Error: "Accessed None trying to read property K2Node_DynamicCast_AsPeoncito". Blueprint:  BarraVIda Function:  Get Text 0 Graph:  GetText_0 Node:  Return Node
[2025.07.22-01.37.38:612][923]PIE: Error: Blueprint Runtime Error: "Accessed None trying to read property K2Node_DynamicCast_AsPeoncito". Blueprint:  BarraVIda Function:  Get Text 0 Graph:  GetText_0 Node:  Return Node
[2025.07.22-01.37.38:630][924]PIE: Error: Blueprint Runtime Error: "Accessed None trying to read property K2Node_DynamicCast_AsPeoncito". Blueprint:  BarraVIda Function:  Get Text 0 Graph:  GetText_0 Node:  Return Node
[2025.07.22-01.37.38:644][925]PIE: Error: Blueprint Runtime Error: "Accessed None trying to read property K2Node_DynamicCast_AsPeoncito". Blueprint:  BarraVIda Function:  Get Text 0 Graph:  GetText_0 Node:  Return Node
[2025.07.22-01.37.38:661][926]PIE: Error: Blueprint Runtime Error: "Accessed None trying to read property K2Node_DynamicCast_AsPeoncito". Blueprint:  BarraVIda Function:  Get Text 0 Graph:  GetText_0 Node:  Return Node
[2025.07.22-01.37.38:680][927]PIE: Error: Blueprint Runtime Error: "Accessed None trying to read property K2Node_DynamicCast_AsPeoncito". Blueprint:  BarraVIda Function:  Get Text 0 Graph:  GetText_0 Node:  Return Node
[2025.07.22-01.37.38:695][928]PIE: Error: Blueprint Runtime Error: "Accessed None trying to read property K2Node_DynamicCast_AsPeoncito". Blueprint:  BarraVIda Function:  Get Text 0 Graph:  GetText_0 Node:  Return Node
[2025.07.22-01.37.38:712][929]PIE: Error: Blueprint Runtime Error: "Accessed None trying to read property K2Node_DynamicCast_AsPeoncito". Blueprint:  BarraVIda Function:  Get Text 0 Graph:  GetText_0 Node:  Return Node
[2025.07.22-01.37.38:728][930]PIE: Error: Blueprint Runtime Error: "Accessed None trying to read property K2Node_DynamicCast_AsPeoncito". Blueprint:  BarraVIda Function:  Get Text 0 Graph:  GetText_0 Node:  Return Node
[2025.07.22-01.37.38:744][931]PIE: Error: Blueprint Runtime Error: "Accessed None trying to read property K2Node_DynamicCast_AsPeoncito". Blueprint:  BarraVIda Function:  Get Text 0 Graph:  GetText_0 Node:  Return Node
[2025.07.22-01.37.38:761][932]PIE: Error: Blueprint Runtime Error: "Accessed None trying to read property K2Node_DynamicCast_AsPeoncito". Blueprint:  BarraVIda Function:  Get Text 0 Graph:  GetText_0 Node:  Return Node
[2025.07.22-01.37.38:780][933]PIE: Error: Blueprint Runtime Error: "Accessed None trying to read property K2Node_DynamicCast_AsPeoncito". Blueprint:  BarraVIda Function:  Get Text 0 Graph:  GetText_0 Node:  Return Node
[2025.07.22-01.37.38:794][934]PIE: Error: Blueprint Runtime Error: "Accessed None trying to read property K2Node_DynamicCast_AsPeoncito". Blueprint:  BarraVIda Function:  Get Text 0 Graph:  GetText_0 Node:  Return Node
[2025.07.22-01.37.38:811][935]PIE: Error: Blueprint Runtime Error: "Accessed None trying to read property K2Node_DynamicCast_AsPeoncito". Blueprint:  BarraVIda Function:  Get Text 0 Graph:  GetText_0 Node:  Return Node
[2025.07.22-01.37.38:829][936]PIE: Error: Blueprint Runtime Error: "Accessed None trying to read property K2Node_DynamicCast_AsPeoncito". Blueprint:  BarraVIda Function:  Get Text 0 Graph:  GetText_0 Node:  Return Node
[2025.07.22-01.37.38:844][937]PIE: Error: Blueprint Runtime Error: "Accessed None trying to read property K2Node_DynamicCast_AsPeoncito". Blueprint:  BarraVIda Function:  Get Text 0 Graph:  GetText_0 Node:  Return Node
[2025.07.22-01.37.38:861][938]PIE: Error: Blueprint Runtime Error: "Accessed None trying to read property K2Node_DynamicCast_AsPeoncito". Blueprint:  BarraVIda Function:  Get Text 0 Graph:  GetText_0 Node:  Return Node
[2025.07.22-01.37.38:878][939]PIE: Error: Blueprint Runtime Error: "Accessed None trying to read property K2Node_DynamicCast_AsPeoncito". Blueprint:  BarraVIda Function:  Get Text 0 Graph:  GetText_0 Node:  Return Node
[2025.07.22-01.37.38:896][940]PIE: Error: Blueprint Runtime Error: "Accessed None trying to read property K2Node_DynamicCast_AsPeoncito". Blueprint:  BarraVIda Function:  Get Text 0 Graph:  GetText_0 Node:  Return Node
[2025.07.22-01.37.38:911][941]PIE: Error: Blueprint Runtime Error: "Accessed None trying to read property K2Node_DynamicCast_AsPeoncito". Blueprint:  BarraVIda Function:  Get Text 0 Graph:  GetText_0 Node:  Return Node
[2025.07.22-01.37.38:931][942]PIE: Error: Blueprint Runtime Error: "Accessed None trying to read property K2Node_DynamicCast_AsPeoncito". Blueprint:  BarraVIda Function:  Get Text 0 Graph:  GetText_0 Node:  Return Node
[2025.07.22-01.37.38:944][943]PIE: Error: Blueprint Runtime Error: "Accessed None trying to read property K2Node_DynamicCast_AsPeoncito". Blueprint:  BarraVIda Function:  Get Text 0 Graph:  GetText_0 Node:  Return Node
[2025.07.22-01.37.38:961][944]PIE: Error: Blueprint Runtime Error: "Accessed None trying to read property K2Node_DynamicCast_AsPeoncito". Blueprint:  BarraVIda Function:  Get Text 0 Graph:  GetText_0 Node:  Return Node
[2025.07.22-01.37.38:980][945]PIE: Error: Blueprint Runtime Error: "Accessed None trying to read property K2Node_DynamicCast_AsPeoncito". Blueprint:  BarraVIda Function:  Get Text 0 Graph:  GetText_0 Node:  Return Node
[2025.07.22-01.37.38:994][946]PIE: Error: Blueprint Runtime Error: "Accessed None trying to read property K2Node_DynamicCast_AsPeoncito". Blueprint:  BarraVIda Function:  Get Text 0 Graph:  GetText_0 Node:  Return Node
[2025.07.22-01.37.39:011][947]PIE: Error: Blueprint Runtime Error: "Accessed None trying to read property K2Node_DynamicCast_AsPeoncito". Blueprint:  BarraVIda Function:  Get Text 0 Graph:  GetText_0 Node:  Return Node
[2025.07.22-01.37.39:028][948]PIE: Error: Blueprint Runtime Error: "Accessed None trying to read property K2Node_DynamicCast_AsPeoncito". Blueprint:  BarraVIda Function:  Get Text 0 Graph:  GetText_0 Node:  Return Node
[2025.07.22-01.37.39:044][949]PIE: Error: Blueprint Runtime Error: "Accessed None trying to read property K2Node_DynamicCast_AsPeoncito". Blueprint:  BarraVIda Function:  Get Text 0 Graph:  GetText_0 Node:  Return Node
[2025.07.22-01.37.39:063][950]PIE: Error: Blueprint Runtime Error: "Accessed None trying to read property K2Node_DynamicCast_AsPeoncito". Blueprint:  BarraVIda Function:  Get Text 0 Graph:  GetText_0 Node:  Return Node
[2025.07.22-01.37.39:077][951]PIE: Error: Blueprint Runtime Error: "Accessed None trying to read property K2Node_DynamicCast_AsPeoncito". Blueprint:  BarraVIda Function:  Get Text 0 Graph:  GetText_0 Node:  Return Node
[2025.07.22-01.37.39:094][952]PIE: Error: Blueprint Runtime Error: "Accessed None trying to read property K2Node_DynamicCast_AsPeoncito". Blueprint:  BarraVIda Function:  Get Text 0 Graph:  GetText_0 Node:  Return Node
[2025.07.22-01.37.39:111][953]PIE: Error: Blueprint Runtime Error: "Accessed None trying to read property K2Node_DynamicCast_AsPeoncito". Blueprint:  BarraVIda Function:  Get Text 0 Graph:  GetText_0 Node:  Return Node
[2025.07.22-01.37.39:130][954]PIE: Error: Blueprint Runtime Error: "Accessed None trying to read property K2Node_DynamicCast_AsPeoncito". Blueprint:  BarraVIda Function:  Get Text 0 Graph:  GetText_0 Node:  Return Node
[2025.07.22-01.37.39:144][955]PIE: Error: Blueprint Runtime Error: "Accessed None trying to read property K2Node_DynamicCast_AsPeoncito". Blueprint:  BarraVIda Function:  Get Text 0 Graph:  GetText_0 Node:  Return Node
[2025.07.22-01.37.39:161][956]PIE: Error: Blueprint Runtime Error: "Accessed None trying to read property K2Node_DynamicCast_AsPeoncito". Blueprint:  BarraVIda Function:  Get Text 0 Graph:  GetText_0 Node:  Return Node
[2025.07.22-01.37.39:179][957]PIE: Error: Blueprint Runtime Error: "Accessed None trying to read property K2Node_DynamicCast_AsPeoncito". Blueprint:  BarraVIda Function:  Get Text 0 Graph:  GetText_0 Node:  Return Node
[2025.07.22-01.37.39:195][958]PIE: Error: Blueprint Runtime Error: "Accessed None trying to read property K2Node_DynamicCast_AsPeoncito". Blueprint:  BarraVIda Function:  Get Text 0 Graph:  GetText_0 Node:  Return Node
[2025.07.22-01.37.39:211][959]PIE: Error: Blueprint Runtime Error: "Accessed None trying to read property K2Node_DynamicCast_AsPeoncito". Blueprint:  BarraVIda Function:  Get Text 0 Graph:  GetText_0 Node:  Return Node
[2025.07.22-01.37.39:229][960]PIE: Error: Blueprint Runtime Error: "Accessed None trying to read property K2Node_DynamicCast_AsPeoncito". Blueprint:  BarraVIda Function:  Get Text 0 Graph:  GetText_0 Node:  Return Node
[2025.07.22-01.37.39:245][961]PIE: Error: Blueprint Runtime Error: "Accessed None trying to read property K2Node_DynamicCast_AsPeoncito". Blueprint:  BarraVIda Function:  Get Text 0 Graph:  GetText_0 Node:  Return Node
[2025.07.22-01.37.39:261][962]PIE: Error: Blueprint Runtime Error: "Accessed None trying to read property K2Node_DynamicCast_AsPeoncito". Blueprint:  BarraVIda Function:  Get Text 0 Graph:  GetText_0 Node:  Return Node
[2025.07.22-01.37.39:278][963]PIE: Error: Blueprint Runtime Error: "Accessed None trying to read property K2Node_DynamicCast_AsPeoncito". Blueprint:  BarraVIda Function:  Get Text 0 Graph:  GetText_0 Node:  Return Node
[2025.07.22-01.37.39:295][964]PIE: Error: Blueprint Runtime Error: "Accessed None trying to read property K2Node_DynamicCast_AsPeoncito". Blueprint:  BarraVIda Function:  Get Text 0 Graph:  GetText_0 Node:  Return Node
[2025.07.22-01.37.39:312][965]PIE: Error: Blueprint Runtime Error: "Accessed None trying to read property K2Node_DynamicCast_AsPeoncito". Blueprint:  BarraVIda Function:  Get Text 0 Graph:  GetText_0 Node:  Return Node
[2025.07.22-01.37.39:329][966]PIE: Error: Blueprint Runtime Error: "Accessed None trying to read property K2Node_DynamicCast_AsPeoncito". Blueprint:  BarraVIda Function:  Get Text 0 Graph:  GetText_0 Node:  Return Node
[2025.07.22-01.37.39:344][967]PIE: Error: Blueprint Runtime Error: "Accessed None trying to read property K2Node_DynamicCast_AsPeoncito". Blueprint:  BarraVIda Function:  Get Text 0 Graph:  GetText_0 Node:  Return Node
[2025.07.22-01.37.39:363][968]PIE: Error: Blueprint Runtime Error: "Accessed None trying to read property K2Node_DynamicCast_AsPeoncito". Blueprint:  BarraVIda Function:  Get Text 0 Graph:  GetText_0 Node:  Return Node
[2025.07.22-01.37.39:379][969]PIE: Error: Blueprint Runtime Error: "Accessed None trying to read property K2Node_DynamicCast_AsPeoncito". Blueprint:  BarraVIda Function:  Get Text 0 Graph:  GetText_0 Node:  Return Node
[2025.07.22-01.37.39:395][970]PIE: Error: Blueprint Runtime Error: "Accessed None trying to read property K2Node_DynamicCast_AsPeoncito". Blueprint:  BarraVIda Function:  Get Text 0 Graph:  GetText_0 Node:  Return Node
[2025.07.22-01.37.39:412][971]PIE: Error: Blueprint Runtime Error: "Accessed None trying to read property K2Node_DynamicCast_AsPeoncito". Blueprint:  BarraVIda Function:  Get Text 0 Graph:  GetText_0 Node:  Return Node
[2025.07.22-01.37.39:428][972]PIE: Error: Blueprint Runtime Error: "Accessed None trying to read property K2Node_DynamicCast_AsPeoncito". Blueprint:  BarraVIda Function:  Get Text 0 Graph:  GetText_0 Node:  Return Node
[2025.07.22-01.37.39:445][973]PIE: Error: Blueprint Runtime Error: "Accessed None trying to read property K2Node_DynamicCast_AsPeoncito". Blueprint:  BarraVIda Function:  Get Text 0 Graph:  GetText_0 Node:  Return Node
[2025.07.22-01.37.39:461][974]PIE: Error: Blueprint Runtime Error: "Accessed None trying to read property K2Node_DynamicCast_AsPeoncito". Blueprint:  BarraVIda Function:  Get Text 0 Graph:  GetText_0 Node:  Return Node
[2025.07.22-01.37.39:480][975]PIE: Error: Blueprint Runtime Error: "Accessed None trying to read property K2Node_DynamicCast_AsPeoncito". Blueprint:  BarraVIda Function:  Get Text 0 Graph:  GetText_0 Node:  Return Node
[2025.07.22-01.37.39:494][976]PIE: Error: Blueprint Runtime Error: "Accessed None trying to read property K2Node_DynamicCast_AsPeoncito". Blueprint:  BarraVIda Function:  Get Text 0 Graph:  GetText_0 Node:  Return Node
[2025.07.22-01.37.39:511][977]PIE: Error: Blueprint Runtime Error: "Accessed None trying to read property K2Node_DynamicCast_AsPeoncito". Blueprint:  BarraVIda Function:  Get Text 0 Graph:  GetText_0 Node:  Return Node
[2025.07.22-01.37.39:530][978]PIE: Error: Blueprint Runtime Error: "Accessed None trying to read property K2Node_DynamicCast_AsPeoncito". Blueprint:  BarraVIda Function:  Get Text 0 Graph:  GetText_0 Node:  Return Node
[2025.07.22-01.37.39:544][979]PIE: Error: Blueprint Runtime Error: "Accessed None trying to read property K2Node_DynamicCast_AsPeoncito". Blueprint:  BarraVIda Function:  Get Text 0 Graph:  GetText_0 Node:  Return Node
[2025.07.22-01.37.39:561][980]PIE: Error: Blueprint Runtime Error: "Accessed None trying to read property K2Node_DynamicCast_AsPeoncito". Blueprint:  BarraVIda Function:  Get Text 0 Graph:  GetText_0 Node:  Return Node
[2025.07.22-01.37.39:579][981]PIE: Error: Blueprint Runtime Error: "Accessed None trying to read property K2Node_DynamicCast_AsPeoncito". Blueprint:  BarraVIda Function:  Get Text 0 Graph:  GetText_0 Node:  Return Node
[2025.07.22-01.37.39:594][982]PIE: Error: Blueprint Runtime Error: "Accessed None trying to read property K2Node_DynamicCast_AsPeoncito". Blueprint:  BarraVIda Function:  Get Text 0 Graph:  GetText_0 Node:  Return Node
[2025.07.22-01.37.39:611][983]PIE: Error: Blueprint Runtime Error: "Accessed None trying to read property K2Node_DynamicCast_AsPeoncito". Blueprint:  BarraVIda Function:  Get Text 0 Graph:  GetText_0 Node:  Return Node
[2025.07.22-01.37.39:628][984]PIE: Error: Blueprint Runtime Error: "Accessed None trying to read property K2Node_DynamicCast_AsPeoncito". Blueprint:  BarraVIda Function:  Get Text 0 Graph:  GetText_0 Node:  Return Node
[2025.07.22-01.37.39:644][985]PIE: Error: Blueprint Runtime Error: "Accessed None trying to read property K2Node_DynamicCast_AsPeoncito". Blueprint:  BarraVIda Function:  Get Text 0 Graph:  GetText_0 Node:  Return Node
[2025.07.22-01.37.39:663][986]PIE: Error: Blueprint Runtime Error: "Accessed None trying to read property K2Node_DynamicCast_AsPeoncito". Blueprint:  BarraVIda Function:  Get Text 0 Graph:  GetText_0 Node:  Return Node
[2025.07.22-01.37.39:678][987]PIE: Error: Blueprint Runtime Error: "Accessed None trying to read property K2Node_DynamicCast_AsPeoncito". Blueprint:  BarraVIda Function:  Get Text 0 Graph:  GetText_0 Node:  Return Node
[2025.07.22-01.37.39:695][988]PIE: Error: Blueprint Runtime Error: "Accessed None trying to read property K2Node_DynamicCast_AsPeoncito". Blueprint:  BarraVIda Function:  Get Text 0 Graph:  GetText_0 Node:  Return Node
[2025.07.22-01.37.39:712][989]PIE: Error: Blueprint Runtime Error: "Accessed None trying to read property K2Node_DynamicCast_AsPeoncito". Blueprint:  BarraVIda Function:  Get Text 0 Graph:  GetText_0 Node:  Return Node
[2025.07.22-01.37.39:730][990]PIE: Error: Blueprint Runtime Error: "Accessed None trying to read property K2Node_DynamicCast_AsPeoncito". Blueprint:  BarraVIda Function:  Get Text 0 Graph:  GetText_0 Node:  Return Node
[2025.07.22-01.37.39:744][991]PIE: Error: Blueprint Runtime Error: "Accessed None trying to read property K2Node_DynamicCast_AsPeoncito". Blueprint:  BarraVIda Function:  Get Text 0 Graph:  GetText_0 Node:  Return Node
[2025.07.22-01.37.39:762][992]PIE: Error: Blueprint Runtime Error: "Accessed None trying to read property K2Node_DynamicCast_AsPeoncito". Blueprint:  BarraVIda Function:  Get Text 0 Graph:  GetText_0 Node:  Return Node
[2025.07.22-01.37.39:780][993]PIE: Error: Blueprint Runtime Error: "Accessed None trying to read property K2Node_DynamicCast_AsPeoncito". Blueprint:  BarraVIda Function:  Get Text 0 Graph:  GetText_0 Node:  Return Node
[2025.07.22-01.37.39:794][994]PIE: Error: Blueprint Runtime Error: "Accessed None trying to read property K2Node_DynamicCast_AsPeoncito". Blueprint:  BarraVIda Function:  Get Text 0 Graph:  GetText_0 Node:  Return Node
[2025.07.22-01.37.39:812][995]PIE: Error: Blueprint Runtime Error: "Accessed None trying to read property K2Node_DynamicCast_AsPeoncito". Blueprint:  BarraVIda Function:  Get Text 0 Graph:  GetText_0 Node:  Return Node
[2025.07.22-01.37.39:830][996]PIE: Error: Blueprint Runtime Error: "Accessed None trying to read property K2Node_DynamicCast_AsPeoncito". Blueprint:  BarraVIda Function:  Get Text 0 Graph:  GetText_0 Node:  Return Node
[2025.07.22-01.37.39:844][997]PIE: Error: Blueprint Runtime Error: "Accessed None trying to read property K2Node_DynamicCast_AsPeoncito". Blueprint:  BarraVIda Function:  Get Text 0 Graph:  GetText_0 Node:  Return Node
[2025.07.22-01.37.39:861][998]PIE: Error: Blueprint Runtime Error: "Accessed None trying to read property K2Node_DynamicCast_AsPeoncito". Blueprint:  BarraVIda Function:  Get Text 0 Graph:  GetText_0 Node:  Return Node
[2025.07.22-01.37.39:878][999]PIE: Error: Blueprint Runtime Error: "Accessed None trying to read property K2Node_DynamicCast_AsPeoncito". Blueprint:  BarraVIda Function:  Get Text 0 Graph:  GetText_0 Node:  Return Node
[2025.07.22-01.37.39:894][  0]PIE: Error: Blueprint Runtime Error: "Accessed None trying to read property K2Node_DynamicCast_AsPeoncito". Blueprint:  BarraVIda Function:  Get Text 0 Graph:  GetText_0 Node:  Return Node
[2025.07.22-01.37.39:911][  1]PIE: Error: Blueprint Runtime Error: "Accessed None trying to read property K2Node_DynamicCast_AsPeoncito". Blueprint:  BarraVIda Function:  Get Text 0 Graph:  GetText_0 Node:  Return Node
[2025.07.22-01.37.39:928][  2]PIE: Error: Blueprint Runtime Error: "Accessed None trying to read property K2Node_DynamicCast_AsPeoncito". Blueprint:  BarraVIda Function:  Get Text 0 Graph:  GetText_0 Node:  Return Node
[2025.07.22-01.37.39:946][  3]PIE: Error: Blueprint Runtime Error: "Accessed None trying to read property K2Node_DynamicCast_AsPeoncito". Blueprint:  BarraVIda Function:  Get Text 0 Graph:  GetText_0 Node:  Return Node
[2025.07.22-01.37.39:962][  4]PIE: Error: Blueprint Runtime Error: "Accessed None trying to read property K2Node_DynamicCast_AsPeoncito". Blueprint:  BarraVIda Function:  Get Text 0 Graph:  GetText_0 Node:  Return Node
[2025.07.22-01.37.39:977][  5]PIE: Error: Blueprint Runtime Error: "Accessed None trying to read property K2Node_DynamicCast_AsPeoncito". Blueprint:  BarraVIda Function:  Get Text 0 Graph:  GetText_0 Node:  Return Node
[2025.07.22-01.37.39:994][  6]PIE: Error: Blueprint Runtime Error: "Accessed None trying to read property K2Node_DynamicCast_AsPeoncito". Blueprint:  BarraVIda Function:  Get Text 0 Graph:  GetText_0 Node:  Return Node
[2025.07.22-01.37.40:011][  7]PIE: Error: Blueprint Runtime Error: "Accessed None trying to read property K2Node_DynamicCast_AsPeoncito". Blueprint:  BarraVIda Function:  Get Text 0 Graph:  GetText_0 Node:  Return Node
[2025.07.22-01.37.40:030][  8]PIE: Error: Blueprint Runtime Error: "Accessed None trying to read property K2Node_DynamicCast_AsPeoncito". Blueprint:  BarraVIda Function:  Get Text 0 Graph:  GetText_0 Node:  Return Node
[2025.07.22-01.37.40:044][  9]PIE: Error: Blueprint Runtime Error: "Accessed None trying to read property K2Node_DynamicCast_AsPeoncito". Blueprint:  BarraVIda Function:  Get Text 0 Graph:  GetText_0 Node:  Return Node
[2025.07.22-01.37.40:061][ 10]PIE: Error: Blueprint Runtime Error: "Accessed None trying to read property K2Node_DynamicCast_AsPeoncito". Blueprint:  BarraVIda Function:  Get Text 0 Graph:  GetText_0 Node:  Return Node
[2025.07.22-01.37.40:078][ 11]PIE: Error: Blueprint Runtime Error: "Accessed None trying to read property K2Node_DynamicCast_AsPeoncito". Blueprint:  BarraVIda Function:  Get Text 0 Graph:  GetText_0 Node:  Return Node
[2025.07.22-01.37.40:096][ 12]PIE: Error: Blueprint Runtime Error: "Accessed None trying to read property K2Node_DynamicCast_AsPeoncito". Blueprint:  BarraVIda Function:  Get Text 0 Graph:  GetText_0 Node:  Return Node
[2025.07.22-01.37.40:111][ 13]PIE: Error: Blueprint Runtime Error: "Accessed None trying to read property K2Node_DynamicCast_AsPeoncito". Blueprint:  BarraVIda Function:  Get Text 0 Graph:  GetText_0 Node:  Return Node
[2025.07.22-01.37.40:130][ 14]PIE: Error: Blueprint Runtime Error: "Accessed None trying to read property K2Node_DynamicCast_AsPeoncito". Blueprint:  BarraVIda Function:  Get Text 0 Graph:  GetText_0 Node:  Return Node
[2025.07.22-01.37.40:144][ 15]PIE: Error: Blueprint Runtime Error: "Accessed None trying to read property K2Node_DynamicCast_AsPeoncito". Blueprint:  BarraVIda Function:  Get Text 0 Graph:  GetText_0 Node:  Return Node
[2025.07.22-01.37.40:161][ 16]PIE: Error: Blueprint Runtime Error: "Accessed None trying to read property K2Node_DynamicCast_AsPeoncito". Blueprint:  BarraVIda Function:  Get Text 0 Graph:  GetText_0 Node:  Return Node
[2025.07.22-01.37.40:180][ 17]PIE: Error: Blueprint Runtime Error: "Accessed None trying to read property K2Node_DynamicCast_AsPeoncito". Blueprint:  BarraVIda Function:  Get Text 0 Graph:  GetText_0 Node:  Return Node
[2025.07.22-01.37.40:194][ 18]PIE: Error: Blueprint Runtime Error: "Accessed None trying to read property K2Node_DynamicCast_AsPeoncito". Blueprint:  BarraVIda Function:  Get Text 0 Graph:  GetText_0 Node:  Return Node
[2025.07.22-01.37.40:211][ 19]PIE: Error: Blueprint Runtime Error: "Accessed None trying to read property K2Node_DynamicCast_AsPeoncito". Blueprint:  BarraVIda Function:  Get Text 0 Graph:  GetText_0 Node:  Return Node
[2025.07.22-01.37.40:230][ 20]PIE: Error: Blueprint Runtime Error: "Accessed None trying to read property K2Node_DynamicCast_AsPeoncito". Blueprint:  BarraVIda Function:  Get Text 0 Graph:  GetText_0 Node:  Return Node
[2025.07.22-01.37.40:244][ 21]PIE: Error: Blueprint Runtime Error: "Accessed None trying to read property K2Node_DynamicCast_AsPeoncito". Blueprint:  BarraVIda Function:  Get Text 0 Graph:  GetText_0 Node:  Return Node
[2025.07.22-01.37.40:261][ 22]PIE: Error: Blueprint Runtime Error: "Accessed None trying to read property K2Node_DynamicCast_AsPeoncito". Blueprint:  BarraVIda Function:  Get Text 0 Graph:  GetText_0 Node:  Return Node
[2025.07.22-01.37.40:279][ 23]PIE: Error: Blueprint Runtime Error: "Accessed None trying to read property K2Node_DynamicCast_AsPeoncito". Blueprint:  BarraVIda Function:  Get Text 0 Graph:  GetText_0 Node:  Return Node
[2025.07.22-01.37.40:294][ 24]PIE: Error: Blueprint Runtime Error: "Accessed None trying to read property K2Node_DynamicCast_AsPeoncito". Blueprint:  BarraVIda Function:  Get Text 0 Graph:  GetText_0 Node:  Return Node
[2025.07.22-01.37.40:311][ 25]PIE: Error: Blueprint Runtime Error: "Accessed None trying to read property K2Node_DynamicCast_AsPeoncito". Blueprint:  BarraVIda Function:  Get Text 0 Graph:  GetText_0 Node:  Return Node
[2025.07.22-01.37.40:330][ 26]PIE: Error: Blueprint Runtime Error: "Accessed None trying to read property K2Node_DynamicCast_AsPeoncito". Blueprint:  BarraVIda Function:  Get Text 0 Graph:  GetText_0 Node:  Return Node
[2025.07.22-01.37.40:344][ 27]PIE: Error: Blueprint Runtime Error: "Accessed None trying to read property K2Node_DynamicCast_AsPeoncito". Blueprint:  BarraVIda Function:  Get Text 0 Graph:  GetText_0 Node:  Return Node
[2025.07.22-01.37.40:364][ 28]PIE: Error: Blueprint Runtime Error: "Accessed None trying to read property K2Node_DynamicCast_AsPeoncito". Blueprint:  BarraVIda Function:  Get Text 0 Graph:  GetText_0 Node:  Return Node
[2025.07.22-01.37.40:378][ 29]PIE: Error: Blueprint Runtime Error: "Accessed None trying to read property K2Node_DynamicCast_AsPeoncito". Blueprint:  BarraVIda Function:  Get Text 0 Graph:  GetText_0 Node:  Return Node
[2025.07.22-01.37.40:394][ 30]PIE: Error: Blueprint Runtime Error: "Accessed None trying to read property K2Node_DynamicCast_AsPeoncito". Blueprint:  BarraVIda Function:  Get Text 0 Graph:  GetText_0 Node:  Return Node
[2025.07.22-01.37.40:411][ 31]PIE: Error: Blueprint Runtime Error: "Accessed None trying to read property K2Node_DynamicCast_AsPeoncito". Blueprint:  BarraVIda Function:  Get Text 0 Graph:  GetText_0 Node:  Return Node
[2025.07.22-01.37.40:430][ 32]PIE: Error: Blueprint Runtime Error: "Accessed None trying to read property K2Node_DynamicCast_AsPeoncito". Blueprint:  BarraVIda Function:  Get Text 0 Graph:  GetText_0 Node:  Return Node
[2025.07.22-01.37.40:444][ 33]PIE: Error: Blueprint Runtime Error: "Accessed None trying to read property K2Node_DynamicCast_AsPeoncito". Blueprint:  BarraVIda Function:  Get Text 0 Graph:  GetText_0 Node:  Return Node
[2025.07.22-01.37.40:461][ 34]PIE: Error: Blueprint Runtime Error: "Accessed None trying to read property K2Node_DynamicCast_AsPeoncito". Blueprint:  BarraVIda Function:  Get Text 0 Graph:  GetText_0 Node:  Return Node
[2025.07.22-01.37.40:477][ 35]PIE: Error: Blueprint Runtime Error: "Accessed None trying to read property K2Node_DynamicCast_AsPeoncito". Blueprint:  BarraVIda Function:  Get Text 0 Graph:  GetText_0 Node:  Return Node
[2025.07.22-01.37.40:494][ 36]PIE: Error: Blueprint Runtime Error: "Accessed None trying to read property K2Node_DynamicCast_AsPeoncito". Blueprint:  BarraVIda Function:  Get Text 0 Graph:  GetText_0 Node:  Return Node
[2025.07.22-01.37.40:511][ 37]PIE: Error: Blueprint Runtime Error: "Accessed None trying to read property K2Node_DynamicCast_AsPeoncito". Blueprint:  BarraVIda Function:  Get Text 0 Graph:  GetText_0 Node:  Return Node
[2025.07.22-01.37.40:530][ 38]PIE: Error: Blueprint Runtime Error: "Accessed None trying to read property K2Node_DynamicCast_AsPeoncito". Blueprint:  BarraVIda Function:  Get Text 0 Graph:  GetText_0 Node:  Return Node
[2025.07.22-01.37.40:544][ 39]PIE: Error: Blueprint Runtime Error: "Accessed None trying to read property K2Node_DynamicCast_AsPeoncito". Blueprint:  BarraVIda Function:  Get Text 0 Graph:  GetText_0 Node:  Return Node
[2025.07.22-01.37.40:561][ 40]PIE: Error: Blueprint Runtime Error: "Accessed None trying to read property K2Node_DynamicCast_AsPeoncito". Blueprint:  BarraVIda Function:  Get Text 0 Graph:  GetText_0 Node:  Return Node
[2025.07.22-01.37.40:577][ 41]PIE: Error: Blueprint Runtime Error: "Accessed None trying to read property K2Node_DynamicCast_AsPeoncito". Blueprint:  BarraVIda Function:  Get Text 0 Graph:  GetText_0 Node:  Return Node
[2025.07.22-01.37.40:595][ 42]PIE: Error: Blueprint Runtime Error: "Accessed None trying to read property K2Node_DynamicCast_AsPeoncito". Blueprint:  BarraVIda Function:  Get Text 0 Graph:  GetText_0 Node:  Return Node
[2025.07.22-01.37.40:613][ 43]PIE: Error: Blueprint Runtime Error: "Accessed None trying to read property K2Node_DynamicCast_AsPeoncito". Blueprint:  BarraVIda Function:  Get Text 0 Graph:  GetText_0 Node:  Return Node
[2025.07.22-01.37.40:629][ 44]PIE: Error: Blueprint Runtime Error: "Accessed None trying to read property K2Node_DynamicCast_AsPeoncito". Blueprint:  BarraVIda Function:  Get Text 0 Graph:  GetText_0 Node:  Return Node
[2025.07.22-01.37.40:645][ 45]PIE: Error: Blueprint Runtime Error: "Accessed None trying to read property K2Node_DynamicCast_AsPeoncito". Blueprint:  BarraVIda Function:  Get Text 0 Graph:  GetText_0 Node:  Return Node
[2025.07.22-01.37.40:662][ 46]PIE: Error: Blueprint Runtime Error: "Accessed None trying to read property K2Node_DynamicCast_AsPeoncito". Blueprint:  BarraVIda Function:  Get Text 0 Graph:  GetText_0 Node:  Return Node
[2025.07.22-01.37.40:679][ 47]PIE: Error: Blueprint Runtime Error: "Accessed None trying to read property K2Node_DynamicCast_AsPeoncito". Blueprint:  BarraVIda Function:  Get Text 0 Graph:  GetText_0 Node:  Return Node
[2025.07.22-01.37.40:695][ 48]PIE: Error: Blueprint Runtime Error: "Accessed None trying to read property K2Node_DynamicCast_AsPeoncito". Blueprint:  BarraVIda Function:  Get Text 0 Graph:  GetText_0 Node:  Return Node
[2025.07.22-01.37.40:711][ 49]PIE: Error: Blueprint Runtime Error: "Accessed None trying to read property K2Node_DynamicCast_AsPeoncito". Blueprint:  BarraVIda Function:  Get Text 0 Graph:  GetText_0 Node:  Return Node
[2025.07.22-01.37.40:728][ 50]PIE: Error: Blueprint Runtime Error: "Accessed None trying to read property K2Node_DynamicCast_AsPeoncito". Blueprint:  BarraVIda Function:  Get Text 0 Graph:  GetText_0 Node:  Return Node
[2025.07.22-01.37.40:745][ 51]PIE: Error: Blueprint Runtime Error: "Accessed None trying to read property K2Node_DynamicCast_AsPeoncito". Blueprint:  BarraVIda Function:  Get Text 0 Graph:  GetText_0 Node:  Return Node
[2025.07.22-01.37.40:762][ 52]PIE: Error: Blueprint Runtime Error: "Accessed None trying to read property K2Node_DynamicCast_AsPeoncito". Blueprint:  BarraVIda Function:  Get Text 0 Graph:  GetText_0 Node:  Return Node
[2025.07.22-01.37.40:780][ 53]PIE: Error: Blueprint Runtime Error: "Accessed None trying to read property K2Node_DynamicCast_AsPeoncito". Blueprint:  BarraVIda Function:  Get Text 0 Graph:  GetText_0 Node:  Return Node
[2025.07.22-01.37.40:794][ 54]PIE: Error: Blueprint Runtime Error: "Accessed None trying to read property K2Node_DynamicCast_AsPeoncito". Blueprint:  BarraVIda Function:  Get Text 0 Graph:  GetText_0 Node:  Return Node
[2025.07.22-01.37.40:812][ 55]PIE: Error: Blueprint Runtime Error: "Accessed None trying to read property K2Node_DynamicCast_AsPeoncito". Blueprint:  BarraVIda Function:  Get Text 0 Graph:  GetText_0 Node:  Return Node
[2025.07.22-01.37.40:829][ 56]PIE: Error: Blueprint Runtime Error: "Accessed None trying to read property K2Node_DynamicCast_AsPeoncito". Blueprint:  BarraVIda Function:  Get Text 0 Graph:  GetText_0 Node:  Return Node
[2025.07.22-01.37.40:845][ 57]PIE: Error: Blueprint Runtime Error: "Accessed None trying to read property K2Node_DynamicCast_AsPeoncito". Blueprint:  BarraVIda Function:  Get Text 0 Graph:  GetText_0 Node:  Return Node
[2025.07.22-01.37.40:862][ 58]PIE: Error: Blueprint Runtime Error: "Accessed None trying to read property K2Node_DynamicCast_AsPeoncito". Blueprint:  BarraVIda Function:  Get Text 0 Graph:  GetText_0 Node:  Return Node
[2025.07.22-01.37.40:880][ 59]PIE: Error: Blueprint Runtime Error: "Accessed None trying to read property K2Node_DynamicCast_AsPeoncito". Blueprint:  BarraVIda Function:  Get Text 0 Graph:  GetText_0 Node:  Return Node
[2025.07.22-01.37.40:894][ 60]PIE: Error: Blueprint Runtime Error: "Accessed None trying to read property K2Node_DynamicCast_AsPeoncito". Blueprint:  BarraVIda Function:  Get Text 0 Graph:  GetText_0 Node:  Return Node
[2025.07.22-01.37.40:912][ 61]PIE: Error: Blueprint Runtime Error: "Accessed None trying to read property K2Node_DynamicCast_AsPeoncito". Blueprint:  BarraVIda Function:  Get Text 0 Graph:  GetText_0 Node:  Return Node
[2025.07.22-01.37.40:928][ 62]PIE: Error: Blueprint Runtime Error: "Accessed None trying to read property K2Node_DynamicCast_AsPeoncito". Blueprint:  BarraVIda Function:  Get Text 0 Graph:  GetText_0 Node:  Return Node
[2025.07.22-01.37.40:946][ 63]PIE: Error: Blueprint Runtime Error: "Accessed None trying to read property K2Node_DynamicCast_AsPeoncito". Blueprint:  BarraVIda Function:  Get Text 0 Graph:  GetText_0 Node:  Return Node
[2025.07.22-01.37.40:961][ 64]PIE: Error: Blueprint Runtime Error: "Accessed None trying to read property K2Node_DynamicCast_AsPeoncito". Blueprint:  BarraVIda Function:  Get Text 0 Graph:  GetText_0 Node:  Return Node
[2025.07.22-01.37.40:980][ 65]PIE: Error: Blueprint Runtime Error: "Accessed None trying to read property K2Node_DynamicCast_AsPeoncito". Blueprint:  BarraVIda Function:  Get Text 0 Graph:  GetText_0 Node:  Return Node
[2025.07.22-01.37.40:994][ 66]PIE: Error: Blueprint Runtime Error: "Accessed None trying to read property K2Node_DynamicCast_AsPeoncito". Blueprint:  BarraVIda Function:  Get Text 0 Graph:  GetText_0 Node:  Return Node
[2025.07.22-01.37.41:014][ 67]PIE: Error: Blueprint Runtime Error: "Accessed None trying to read property K2Node_DynamicCast_AsPeoncito". Blueprint:  BarraVIda Function:  Get Text 0 Graph:  GetText_0 Node:  Return Node
[2025.07.22-01.37.41:027][ 68]PIE: Error: Blueprint Runtime Error: "Accessed None trying to read property K2Node_DynamicCast_AsPeoncito". Blueprint:  BarraVIda Function:  Get Text 0 Graph:  GetText_0 Node:  Return Node
[2025.07.22-01.37.41:046][ 69]PIE: Error: Blueprint Runtime Error: "Accessed None trying to read property K2Node_DynamicCast_AsPeoncito". Blueprint:  BarraVIda Function:  Get Text 0 Graph:  GetText_0 Node:  Return Node
[2025.07.22-01.37.41:060][ 70]PIE: Error: Blueprint Runtime Error: "Accessed None trying to read property K2Node_DynamicCast_AsPeoncito". Blueprint:  BarraVIda Function:  Get Text 0 Graph:  GetText_0 Node:  Return Node
[2025.07.22-01.37.41:078][ 71]PIE: Error: Blueprint Runtime Error: "Accessed None trying to read property K2Node_DynamicCast_AsPeoncito". Blueprint:  BarraVIda Function:  Get Text 0 Graph:  GetText_0 Node:  Return Node
[2025.07.22-01.37.41:094][ 72]PIE: Error: Blueprint Runtime Error: "Accessed None trying to read property K2Node_DynamicCast_AsPeoncito". Blueprint:  BarraVIda Function:  Get Text 0 Graph:  GetText_0 Node:  Return Node
[2025.07.22-01.37.41:111][ 73]PIE: Error: Blueprint Runtime Error: "Accessed None trying to read property K2Node_DynamicCast_AsPeoncito". Blueprint:  BarraVIda Function:  Get Text 0 Graph:  GetText_0 Node:  Return Node
[2025.07.22-01.37.41:128][ 74]PIE: Error: Blueprint Runtime Error: "Accessed None trying to read property K2Node_DynamicCast_AsPeoncito". Blueprint:  BarraVIda Function:  Get Text 0 Graph:  GetText_0 Node:  Return Node
[2025.07.22-01.37.41:144][ 75]PIE: Error: Blueprint Runtime Error: "Accessed None trying to read property K2Node_DynamicCast_AsPeoncito". Blueprint:  BarraVIda Function:  Get Text 0 Graph:  GetText_0 Node:  Return Node
[2025.07.22-01.37.41:161][ 76]PIE: Error: Blueprint Runtime Error: "Accessed None trying to read property K2Node_DynamicCast_AsPeoncito". Blueprint:  BarraVIda Function:  Get Text 0 Graph:  GetText_0 Node:  Return Node
[2025.07.22-01.37.41:178][ 77]PIE: Error: Blueprint Runtime Error: "Accessed None trying to read property K2Node_DynamicCast_AsPeoncito". Blueprint:  BarraVIda Function:  Get Text 0 Graph:  GetText_0 Node:  Return Node
[2025.07.22-01.37.41:194][ 78]PIE: Error: Blueprint Runtime Error: "Accessed None trying to read property K2Node_DynamicCast_AsPeoncito". Blueprint:  BarraVIda Function:  Get Text 0 Graph:  GetText_0 Node:  Return Node
[2025.07.22-01.37.41:212][ 79]PIE: Error: Blueprint Runtime Error: "Accessed None trying to read property K2Node_DynamicCast_AsPeoncito". Blueprint:  BarraVIda Function:  Get Text 0 Graph:  GetText_0 Node:  Return Node
[2025.07.22-01.37.41:230][ 80]PIE: Error: Blueprint Runtime Error: "Accessed None trying to read property K2Node_DynamicCast_AsPeoncito". Blueprint:  BarraVIda Function:  Get Text 0 Graph:  GetText_0 Node:  Return Node
[2025.07.22-01.37.41:244][ 81]PIE: Error: Blueprint Runtime Error: "Accessed None trying to read property K2Node_DynamicCast_AsPeoncito". Blueprint:  BarraVIda Function:  Get Text 0 Graph:  GetText_0 Node:  Return Node
[2025.07.22-01.37.41:263][ 82]PIE: Error: Blueprint Runtime Error: "Accessed None trying to read property K2Node_DynamicCast_AsPeoncito". Blueprint:  BarraVIda Function:  Get Text 0 Graph:  GetText_0 Node:  Return Node
[2025.07.22-01.37.41:278][ 83]PIE: Error: Blueprint Runtime Error: "Accessed None trying to read property K2Node_DynamicCast_AsPeoncito". Blueprint:  BarraVIda Function:  Get Text 0 Graph:  GetText_0 Node:  Return Node
[2025.07.22-01.37.41:294][ 84]PIE: Error: Blueprint Runtime Error: "Accessed None trying to read property K2Node_DynamicCast_AsPeoncito". Blueprint:  BarraVIda Function:  Get Text 0 Graph:  GetText_0 Node:  Return Node
[2025.07.22-01.37.41:311][ 85]PIE: Error: Blueprint Runtime Error: "Accessed None trying to read property K2Node_DynamicCast_AsPeoncito". Blueprint:  BarraVIda Function:  Get Text 0 Graph:  GetText_0 Node:  Return Node
[2025.07.22-01.37.41:329][ 86]PIE: Error: Blueprint Runtime Error: "Accessed None trying to read property K2Node_DynamicCast_AsPeoncito". Blueprint:  BarraVIda Function:  Get Text 0 Graph:  GetText_0 Node:  Return Node
[2025.07.22-01.37.41:344][ 87]PIE: Error: Blueprint Runtime Error: "Accessed None trying to read property K2Node_DynamicCast_AsPeoncito". Blueprint:  BarraVIda Function:  Get Text 0 Graph:  GetText_0 Node:  Return Node
[2025.07.22-01.37.41:362][ 88]PIE: Error: Blueprint Runtime Error: "Accessed None trying to read property K2Node_DynamicCast_AsPeoncito". Blueprint:  BarraVIda Function:  Get Text 0 Graph:  GetText_0 Node:  Return Node
[2025.07.22-01.37.41:379][ 89]PIE: Error: Blueprint Runtime Error: "Accessed None trying to read property K2Node_DynamicCast_AsPeoncito". Blueprint:  BarraVIda Function:  Get Text 0 Graph:  GetText_0 Node:  Return Node
[2025.07.22-01.37.41:398][ 90]PIE: Error: Blueprint Runtime Error: "Accessed None trying to read property K2Node_DynamicCast_AsPeoncito". Blueprint:  BarraVIda Function:  Get Text 0 Graph:  GetText_0 Node:  Return Node
[2025.07.22-01.37.41:419][ 91]PIE: Error: Blueprint Runtime Error: "Accessed None trying to read property K2Node_DynamicCast_AsPeoncito". Blueprint:  BarraVIda Function:  Get Text 0 Graph:  GetText_0 Node:  Return Node
[2025.07.22-01.37.41:444][ 92]PIE: Error: Blueprint Runtime Error: "Accessed None trying to read property K2Node_DynamicCast_AsPeoncito". Blueprint:  BarraVIda Function:  Get Text 0 Graph:  GetText_0 Node:  Return Node
[2025.07.22-01.37.41:465][ 93]PIE: Error: Blueprint Runtime Error: "Accessed None trying to read property K2Node_DynamicCast_AsPeoncito". Blueprint:  BarraVIda Function:  Get Text 0 Graph:  GetText_0 Node:  Return Node
[2025.07.22-01.37.41:486][ 94]PIE: Error: Blueprint Runtime Error: "Accessed None trying to read property K2Node_DynamicCast_AsPeoncito". Blueprint:  BarraVIda Function:  Get Text 0 Graph:  GetText_0 Node:  Return Node
[2025.07.22-01.37.41:503][ 95]PIE: Error: Blueprint Runtime Error: "Accessed None trying to read property K2Node_DynamicCast_AsPeoncito". Blueprint:  BarraVIda Function:  Get Text 0 Graph:  GetText_0 Node:  Return Node
[2025.07.22-01.37.41:520][ 96]PIE: Error: Blueprint Runtime Error: "Accessed None trying to read property K2Node_DynamicCast_AsPeoncito". Blueprint:  BarraVIda Function:  Get Text 0 Graph:  GetText_0 Node:  Return Node
[2025.07.22-01.37.41:535][ 97]PIE: Error: Blueprint Runtime Error: "Accessed None trying to read property K2Node_DynamicCast_AsPeoncito". Blueprint:  BarraVIda Function:  Get Text 0 Graph:  GetText_0 Node:  Return Node
[2025.07.22-01.37.41:552][ 98]PIE: Error: Blueprint Runtime Error: "Accessed None trying to read property K2Node_DynamicCast_AsPeoncito". Blueprint:  BarraVIda Function:  Get Text 0 Graph:  GetText_0 Node:  Return Node
[2025.07.22-01.37.41:568][ 99]PIE: Error: Blueprint Runtime Error: "Accessed None trying to read property K2Node_DynamicCast_AsPeoncito". Blueprint:  BarraVIda Function:  Get Text 0 Graph:  GetText_0 Node:  Return Node
[2025.07.22-01.37.41:584][100]PIE: Error: Blueprint Runtime Error: "Accessed None trying to read property K2Node_DynamicCast_AsPeoncito". Blueprint:  BarraVIda Function:  Get Text 0 Graph:  GetText_0 Node:  Return Node
[2025.07.22-01.37.41:601][101]PIE: Error: Blueprint Runtime Error: "Accessed None trying to read property K2Node_DynamicCast_AsPeoncito". Blueprint:  BarraVIda Function:  Get Text 0 Graph:  GetText_0 Node:  Return Node
[2025.07.22-01.37.41:617][102]PIE: Error: Blueprint Runtime Error: "Accessed None trying to read property K2Node_DynamicCast_AsPeoncito". Blueprint:  BarraVIda Function:  Get Text 0 Graph:  GetText_0 Node:  Return Node
[2025.07.22-01.37.41:635][103]PIE: Error: Blueprint Runtime Error: "Accessed None trying to read property K2Node_DynamicCast_AsPeoncito". Blueprint:  BarraVIda Function:  Get Text 0 Graph:  GetText_0 Node:  Return Node
[2025.07.22-01.37.41:651][104]PIE: Error: Blueprint Runtime Error: "Accessed None trying to read property K2Node_DynamicCast_AsPeoncito". Blueprint:  BarraVIda Function:  Get Text 0 Graph:  GetText_0 Node:  Return Node
[2025.07.22-01.37.41:668][105]PIE: Error: Blueprint Runtime Error: "Accessed None trying to read property K2Node_DynamicCast_AsPeoncito". Blueprint:  BarraVIda Function:  Get Text 0 Graph:  GetText_0 Node:  Return Node
[2025.07.22-01.37.41:684][106]PIE: Error: Blueprint Runtime Error: "Accessed None trying to read property K2Node_DynamicCast_AsPeoncito". Blueprint:  BarraVIda Function:  Get Text 0 Graph:  GetText_0 Node:  Return Node
[2025.07.22-01.37.41:701][107]PIE: Error: Blueprint Runtime Error: "Accessed None trying to read property K2Node_DynamicCast_AsPeoncito". Blueprint:  BarraVIda Function:  Get Text 0 Graph:  GetText_0 Node:  Return Node
[2025.07.22-01.37.41:718][108]PIE: Error: Blueprint Runtime Error: "Accessed None trying to read property K2Node_DynamicCast_AsPeoncito". Blueprint:  BarraVIda Function:  Get Text 0 Graph:  GetText_0 Node:  Return Node
[2025.07.22-01.37.41:736][109]PIE: Error: Blueprint Runtime Error: "Accessed None trying to read property K2Node_DynamicCast_AsPeoncito". Blueprint:  BarraVIda Function:  Get Text 0 Graph:  GetText_0 Node:  Return Node
[2025.07.22-01.37.41:758][110]PIE: Error: Blueprint Runtime Error: "Accessed None trying to read property K2Node_DynamicCast_AsPeoncito". Blueprint:  BarraVIda Function:  Get Text 0 Graph:  GetText_0 Node:  Return Node
[2025.07.22-01.37.41:771][111]PIE: Error: Blueprint Runtime Error: "Accessed None trying to read property K2Node_DynamicCast_AsPeoncito". Blueprint:  BarraVIda Function:  Get Text 0 Graph:  GetText_0 Node:  Return Node
[2025.07.22-01.37.41:788][112]PIE: Error: Blueprint Runtime Error: "Accessed None trying to read property K2Node_DynamicCast_AsPeoncito". Blueprint:  BarraVIda Function:  Get Text 0 Graph:  GetText_0 Node:  Return Node
[2025.07.22-01.37.41:804][113]PIE: Error: Blueprint Runtime Error: "Accessed None trying to read property K2Node_DynamicCast_AsPeoncito". Blueprint:  BarraVIda Function:  Get Text 0 Graph:  GetText_0 Node:  Return Node
[2025.07.22-01.37.41:823][114]PIE: Error: Blueprint Runtime Error: "Accessed None trying to read property K2Node_DynamicCast_AsPeoncito". Blueprint:  BarraVIda Function:  Get Text 0 Graph:  GetText_0 Node:  Return Node
[2025.07.22-01.37.41:838][115]PIE: Error: Blueprint Runtime Error: "Accessed None trying to read property K2Node_DynamicCast_AsPeoncito". Blueprint:  BarraVIda Function:  Get Text 0 Graph:  GetText_0 Node:  Return Node
[2025.07.22-01.37.41:856][116]PIE: Error: Blueprint Runtime Error: "Accessed None trying to read property K2Node_DynamicCast_AsPeoncito". Blueprint:  BarraVIda Function:  Get Text 0 Graph:  GetText_0 Node:  Return Node
[2025.07.22-01.37.41:872][117]PIE: Error: Blueprint Runtime Error: "Accessed None trying to read property K2Node_DynamicCast_AsPeoncito". Blueprint:  BarraVIda Function:  Get Text 0 Graph:  GetText_0 Node:  Return Node
[2025.07.22-01.37.41:888][118]PIE: Error: Blueprint Runtime Error: "Accessed None trying to read property K2Node_DynamicCast_AsPeoncito". Blueprint:  BarraVIda Function:  Get Text 0 Graph:  GetText_0 Node:  Return Node
[2025.07.22-01.37.41:905][119]PIE: Error: Blueprint Runtime Error: "Accessed None trying to read property K2Node_DynamicCast_AsPeoncito". Blueprint:  BarraVIda Function:  Get Text 0 Graph:  GetText_0 Node:  Return Node
[2025.07.22-01.37.41:923][120]PIE: Error: Blueprint Runtime Error: "Accessed None trying to read property K2Node_DynamicCast_AsPeoncito". Blueprint:  BarraVIda Function:  Get Text 0 Graph:  GetText_0 Node:  Return Node
[2025.07.22-01.37.41:938][121]PIE: Error: Blueprint Runtime Error: "Accessed None trying to read property K2Node_DynamicCast_AsPeoncito". Blueprint:  BarraVIda Function:  Get Text 0 Graph:  GetText_0 Node:  Return Node
[2025.07.22-01.37.41:957][122]PIE: Error: Blueprint Runtime Error: "Accessed None trying to read property K2Node_DynamicCast_AsPeoncito". Blueprint:  BarraVIda Function:  Get Text 0 Graph:  GetText_0 Node:  Return Node
[2025.07.22-01.37.41:972][123]PIE: Error: Blueprint Runtime Error: "Accessed None trying to read property K2Node_DynamicCast_AsPeoncito". Blueprint:  BarraVIda Function:  Get Text 0 Graph:  GetText_0 Node:  Return Node
[2025.07.22-01.37.41:990][124]PIE: Error: Blueprint Runtime Error: "Accessed None trying to read property K2Node_DynamicCast_AsPeoncito". Blueprint:  BarraVIda Function:  Get Text 0 Graph:  GetText_0 Node:  Return Node
[2025.07.22-01.37.42:005][125]PIE: Error: Blueprint Runtime Error: "Accessed None trying to read property K2Node_DynamicCast_AsPeoncito". Blueprint:  BarraVIda Function:  Get Text 0 Graph:  GetText_0 Node:  Return Node
[2025.07.22-01.37.42:022][126]PIE: Error: Blueprint Runtime Error: "Accessed None trying to read property K2Node_DynamicCast_AsPeoncito". Blueprint:  BarraVIda Function:  Get Text 0 Graph:  GetText_0 Node:  Return Node
[2025.07.22-01.37.42:039][127]PIE: Error: Blueprint Runtime Error: "Accessed None trying to read property K2Node_DynamicCast_AsPeoncito". Blueprint:  BarraVIda Function:  Get Text 0 Graph:  GetText_0 Node:  Return Node
[2025.07.22-01.37.42:055][128]PIE: Error: Blueprint Runtime Error: "Accessed None trying to read property K2Node_DynamicCast_AsPeoncito". Blueprint:  BarraVIda Function:  Get Text 0 Graph:  GetText_0 Node:  Return Node
[2025.07.22-01.37.42:072][129]PIE: Error: Blueprint Runtime Error: "Accessed None trying to read property K2Node_DynamicCast_AsPeoncito". Blueprint:  BarraVIda Function:  Get Text 0 Graph:  GetText_0 Node:  Return Node
[2025.07.22-01.37.42:088][130]PIE: Error: Blueprint Runtime Error: "Accessed None trying to read property K2Node_DynamicCast_AsPeoncito". Blueprint:  BarraVIda Function:  Get Text 0 Graph:  GetText_0 Node:  Return Node
[2025.07.22-01.37.42:105][131]PIE: Error: Blueprint Runtime Error: "Accessed None trying to read property K2Node_DynamicCast_AsPeoncito". Blueprint:  BarraVIda Function:  Get Text 0 Graph:  GetText_0 Node:  Return Node
[2025.07.22-01.37.42:122][132]PIE: Error: Blueprint Runtime Error: "Accessed None trying to read property K2Node_DynamicCast_AsPeoncito". Blueprint:  BarraVIda Function:  Get Text 0 Graph:  GetText_0 Node:  Return Node
[2025.07.22-01.37.42:139][133]PIE: Error: Blueprint Runtime Error: "Accessed None trying to read property K2Node_DynamicCast_AsPeoncito". Blueprint:  BarraVIda Function:  Get Text 0 Graph:  GetText_0 Node:  Return Node
[2025.07.22-01.37.42:155][134]PIE: Error: Blueprint Runtime Error: "Accessed None trying to read property K2Node_DynamicCast_AsPeoncito". Blueprint:  BarraVIda Function:  Get Text 0 Graph:  GetText_0 Node:  Return Node
[2025.07.22-01.37.42:172][135]PIE: Error: Blueprint Runtime Error: "Accessed None trying to read property K2Node_DynamicCast_AsPeoncito". Blueprint:  BarraVIda Function:  Get Text 0 Graph:  GetText_0 Node:  Return Node
[2025.07.22-01.37.42:189][136]PIE: Error: Blueprint Runtime Error: "Accessed None trying to read property K2Node_DynamicCast_AsPeoncito". Blueprint:  BarraVIda Function:  Get Text 0 Graph:  GetText_0 Node:  Return Node
[2025.07.22-01.37.42:205][137]PIE: Error: Blueprint Runtime Error: "Accessed None trying to read property K2Node_DynamicCast_AsPeoncito". Blueprint:  BarraVIda Function:  Get Text 0 Graph:  GetText_0 Node:  Return Node
[2025.07.22-01.37.42:221][138]PIE: Error: Blueprint Runtime Error: "Accessed None trying to read property K2Node_DynamicCast_AsPeoncito". Blueprint:  BarraVIda Function:  Get Text 0 Graph:  GetText_0 Node:  Return Node
[2025.07.22-01.37.42:238][139]PIE: Error: Blueprint Runtime Error: "Accessed None trying to read property K2Node_DynamicCast_AsPeoncito". Blueprint:  BarraVIda Function:  Get Text 0 Graph:  GetText_0 Node:  Return Node
[2025.07.22-01.37.42:256][140]PIE: Error: Blueprint Runtime Error: "Accessed None trying to read property K2Node_DynamicCast_AsPeoncito". Blueprint:  BarraVIda Function:  Get Text 0 Graph:  GetText_0 Node:  Return Node
[2025.07.22-01.37.42:272][141]PIE: Error: Blueprint Runtime Error: "Accessed None trying to read property K2Node_DynamicCast_AsPeoncito". Blueprint:  BarraVIda Function:  Get Text 0 Graph:  GetText_0 Node:  Return Node
[2025.07.22-01.37.42:288][142]PIE: Error: Blueprint Runtime Error: "Accessed None trying to read property K2Node_DynamicCast_AsPeoncito". Blueprint:  BarraVIda Function:  Get Text 0 Graph:  GetText_0 Node:  Return Node
[2025.07.22-01.37.42:304][143]PIE: Error: Blueprint Runtime Error: "Accessed None trying to read property K2Node_DynamicCast_AsPeoncito". Blueprint:  BarraVIda Function:  Get Text 0 Graph:  GetText_0 Node:  Return Node
[2025.07.22-01.37.42:321][144]PIE: Error: Blueprint Runtime Error: "Accessed None trying to read property K2Node_DynamicCast_AsPeoncito". Blueprint:  BarraVIda Function:  Get Text 0 Graph:  GetText_0 Node:  Return Node
[2025.07.22-01.37.42:340][145]PIE: Error: Blueprint Runtime Error: "Accessed None trying to read property K2Node_DynamicCast_AsPeoncito". Blueprint:  BarraVIda Function:  Get Text 0 Graph:  GetText_0 Node:  Return Node
[2025.07.22-01.37.42:356][146]PIE: Error: Blueprint Runtime Error: "Accessed None trying to read property K2Node_DynamicCast_AsPeoncito". Blueprint:  BarraVIda Function:  Get Text 0 Graph:  GetText_0 Node:  Return Node
[2025.07.22-01.37.42:371][147]PIE: Error: Blueprint Runtime Error: "Accessed None trying to read property K2Node_DynamicCast_AsPeoncito". Blueprint:  BarraVIda Function:  Get Text 0 Graph:  GetText_0 Node:  Return Node
[2025.07.22-01.37.42:386][148]PIE: Error: Blueprint Runtime Error: "Accessed None trying to read property K2Node_DynamicCast_AsPeoncito". Blueprint:  BarraVIda Function:  Get Text 0 Graph:  GetText_0 Node:  Return Node
[2025.07.22-01.37.42:403][149]PIE: Error: Blueprint Runtime Error: "Accessed None trying to read property K2Node_DynamicCast_AsPeoncito". Blueprint:  BarraVIda Function:  Get Text 0 Graph:  GetText_0 Node:  Return Node
[2025.07.22-01.37.42:420][150]PIE: Error: Blueprint Runtime Error: "Accessed None trying to read property K2Node_DynamicCast_AsPeoncito". Blueprint:  BarraVIda Function:  Get Text 0 Graph:  GetText_0 Node:  Return Node
[2025.07.22-01.37.42:437][151]PIE: Error: Blueprint Runtime Error: "Accessed None trying to read property K2Node_DynamicCast_AsPeoncito". Blueprint:  BarraVIda Function:  Get Text 0 Graph:  GetText_0 Node:  Return Node
[2025.07.22-01.37.42:454][152]PIE: Error: Blueprint Runtime Error: "Accessed None trying to read property K2Node_DynamicCast_AsPeoncito". Blueprint:  BarraVIda Function:  Get Text 0 Graph:  GetText_0 Node:  Return Node
[2025.07.22-01.37.42:472][153]PIE: Error: Blueprint Runtime Error: "Accessed None trying to read property K2Node_DynamicCast_AsPeoncito". Blueprint:  BarraVIda Function:  Get Text 0 Graph:  GetText_0 Node:  Return Node
[2025.07.22-01.37.42:488][154]PIE: Error: Blueprint Runtime Error: "Accessed None trying to read property K2Node_DynamicCast_AsPeoncito". Blueprint:  BarraVIda Function:  Get Text 0 Graph:  GetText_0 Node:  Return Node
[2025.07.22-01.37.42:503][155]PIE: Error: Blueprint Runtime Error: "Accessed None trying to read property K2Node_DynamicCast_AsPeoncito". Blueprint:  BarraVIda Function:  Get Text 0 Graph:  GetText_0 Node:  Return Node
[2025.07.22-01.37.42:521][156]PIE: Error: Blueprint Runtime Error: "Accessed None trying to read property K2Node_DynamicCast_AsPeoncito". Blueprint:  BarraVIda Function:  Get Text 0 Graph:  GetText_0 Node:  Return Node
[2025.07.22-01.37.42:538][157]PIE: Error: Blueprint Runtime Error: "Accessed None trying to read property K2Node_DynamicCast_AsPeoncito". Blueprint:  BarraVIda Function:  Get Text 0 Graph:  GetText_0 Node:  Return Node
[2025.07.22-01.37.42:555][158]PIE: Error: Blueprint Runtime Error: "Accessed None trying to read property K2Node_DynamicCast_AsPeoncito". Blueprint:  BarraVIda Function:  Get Text 0 Graph:  GetText_0 Node:  Return Node
[2025.07.22-01.37.42:571][159]PIE: Error: Blueprint Runtime Error: "Accessed None trying to read property K2Node_DynamicCast_AsPeoncito". Blueprint:  BarraVIda Function:  Get Text 0 Graph:  GetText_0 Node:  Return Node
[2025.07.22-01.37.42:587][160]PIE: Error: Blueprint Runtime Error: "Accessed None trying to read property K2Node_DynamicCast_AsPeoncito". Blueprint:  BarraVIda Function:  Get Text 0 Graph:  GetText_0 Node:  Return Node
[2025.07.22-01.37.42:604][161]PIE: Error: Blueprint Runtime Error: "Accessed None trying to read property K2Node_DynamicCast_AsPeoncito". Blueprint:  BarraVIda Function:  Get Text 0 Graph:  GetText_0 Node:  Return Node
[2025.07.22-01.37.42:620][162]PIE: Error: Blueprint Runtime Error: "Accessed None trying to read property K2Node_DynamicCast_AsPeoncito". Blueprint:  BarraVIda Function:  Get Text 0 Graph:  GetText_0 Node:  Return Node
[2025.07.22-01.37.42:637][163]PIE: Error: Blueprint Runtime Error: "Accessed None trying to read property K2Node_DynamicCast_AsPeoncito". Blueprint:  BarraVIda Function:  Get Text 0 Graph:  GetText_0 Node:  Return Node
[2025.07.22-01.37.42:654][164]PIE: Error: Blueprint Runtime Error: "Accessed None trying to read property K2Node_DynamicCast_AsPeoncito". Blueprint:  BarraVIda Function:  Get Text 0 Graph:  GetText_0 Node:  Return Node
[2025.07.22-01.37.42:673][165]PIE: Error: Blueprint Runtime Error: "Accessed None trying to read property K2Node_DynamicCast_AsPeoncito". Blueprint:  BarraVIda Function:  Get Text 0 Graph:  GetText_0 Node:  Return Node
[2025.07.22-01.37.42:687][166]PIE: Error: Blueprint Runtime Error: "Accessed None trying to read property K2Node_DynamicCast_AsPeoncito". Blueprint:  BarraVIda Function:  Get Text 0 Graph:  GetText_0 Node:  Return Node
[2025.07.22-01.37.42:704][167]PIE: Error: Blueprint Runtime Error: "Accessed None trying to read property K2Node_DynamicCast_AsPeoncito". Blueprint:  BarraVIda Function:  Get Text 0 Graph:  GetText_0 Node:  Return Node
[2025.07.22-01.37.42:723][168]PIE: Error: Blueprint Runtime Error: "Accessed None trying to read property K2Node_DynamicCast_AsPeoncito". Blueprint:  BarraVIda Function:  Get Text 0 Graph:  GetText_0 Node:  Return Node
[2025.07.22-01.37.42:738][169]PIE: Error: Blueprint Runtime Error: "Accessed None trying to read property K2Node_DynamicCast_AsPeoncito". Blueprint:  BarraVIda Function:  Get Text 0 Graph:  GetText_0 Node:  Return Node
[2025.07.22-01.37.42:755][170]PIE: Error: Blueprint Runtime Error: "Accessed None trying to read property K2Node_DynamicCast_AsPeoncito". Blueprint:  BarraVIda Function:  Get Text 0 Graph:  GetText_0 Node:  Return Node
[2025.07.22-01.37.42:771][171]PIE: Error: Blueprint Runtime Error: "Accessed None trying to read property K2Node_DynamicCast_AsPeoncito". Blueprint:  BarraVIda Function:  Get Text 0 Graph:  GetText_0 Node:  Return Node
[2025.07.22-01.37.42:787][172]PIE: Error: Blueprint Runtime Error: "Accessed None trying to read property K2Node_DynamicCast_AsPeoncito". Blueprint:  BarraVIda Function:  Get Text 0 Graph:  GetText_0 Node:  Return Node
[2025.07.22-01.37.42:804][173]PIE: Error: Blueprint Runtime Error: "Accessed None trying to read property K2Node_DynamicCast_AsPeoncito". Blueprint:  BarraVIda Function:  Get Text 0 Graph:  GetText_0 Node:  Return Node
[2025.07.22-01.37.42:822][174]PIE: Error: Blueprint Runtime Error: "Accessed None trying to read property K2Node_DynamicCast_AsPeoncito". Blueprint:  BarraVIda Function:  Get Text 0 Graph:  GetText_0 Node:  Return Node
[2025.07.22-01.37.42:837][175]PIE: Error: Blueprint Runtime Error: "Accessed None trying to read property K2Node_DynamicCast_AsPeoncito". Blueprint:  BarraVIda Function:  Get Text 0 Graph:  GetText_0 Node:  Return Node
[2025.07.22-01.37.42:854][176]PIE: Error: Blueprint Runtime Error: "Accessed None trying to read property K2Node_DynamicCast_AsPeoncito". Blueprint:  BarraVIda Function:  Get Text 0 Graph:  GetText_0 Node:  Return Node
[2025.07.22-01.37.42:871][177]PIE: Error: Blueprint Runtime Error: "Accessed None trying to read property K2Node_DynamicCast_AsPeoncito". Blueprint:  BarraVIda Function:  Get Text 0 Graph:  GetText_0 Node:  Return Node
[2025.07.22-01.37.42:889][178]PIE: Error: Blueprint Runtime Error: "Accessed None trying to read property K2Node_DynamicCast_AsPeoncito". Blueprint:  BarraVIda Function:  Get Text 0 Graph:  GetText_0 Node:  Return Node
[2025.07.22-01.37.42:904][179]PIE: Error: Blueprint Runtime Error: "Accessed None trying to read property K2Node_DynamicCast_AsPeoncito". Blueprint:  BarraVIda Function:  Get Text 0 Graph:  GetText_0 Node:  Return Node
[2025.07.22-01.37.42:921][180]PIE: Error: Blueprint Runtime Error: "Accessed None trying to read property K2Node_DynamicCast_AsPeoncito". Blueprint:  BarraVIda Function:  Get Text 0 Graph:  GetText_0 Node:  Return Node
[2025.07.22-01.37.42:939][181]PIE: Error: Blueprint Runtime Error: "Accessed None trying to read property K2Node_DynamicCast_AsPeoncito". Blueprint:  BarraVIda Function:  Get Text 0 Graph:  GetText_0 Node:  Return Node
[2025.07.22-01.37.42:955][182]PIE: Error: Blueprint Runtime Error: "Accessed None trying to read property K2Node_DynamicCast_AsPeoncito". Blueprint:  BarraVIda Function:  Get Text 0 Graph:  GetText_0 Node:  Return Node
[2025.07.22-01.37.42:971][183]PIE: Error: Blueprint Runtime Error: "Accessed None trying to read property K2Node_DynamicCast_AsPeoncito". Blueprint:  BarraVIda Function:  Get Text 0 Graph:  GetText_0 Node:  Return Node
[2025.07.22-01.37.42:989][184]PIE: Error: Blueprint Runtime Error: "Accessed None trying to read property K2Node_DynamicCast_AsPeoncito". Blueprint:  BarraVIda Function:  Get Text 0 Graph:  GetText_0 Node:  Return Node
[2025.07.22-01.37.43:003][185]PIE: Error: Blueprint Runtime Error: "Accessed None trying to read property K2Node_DynamicCast_AsPeoncito". Blueprint:  BarraVIda Function:  Get Text 0 Graph:  GetText_0 Node:  Return Node
[2025.07.22-01.37.43:023][186]PIE: Error: Blueprint Runtime Error: "Accessed None trying to read property K2Node_DynamicCast_AsPeoncito". Blueprint:  BarraVIda Function:  Get Text 0 Graph:  GetText_0 Node:  Return Node
[2025.07.22-01.37.43:038][187]PIE: Error: Blueprint Runtime Error: "Accessed None trying to read property K2Node_DynamicCast_AsPeoncito". Blueprint:  BarraVIda Function:  Get Text 0 Graph:  GetText_0 Node:  Return Node
[2025.07.22-01.37.43:055][188]PIE: Error: Blueprint Runtime Error: "Accessed None trying to read property K2Node_DynamicCast_AsPeoncito". Blueprint:  BarraVIda Function:  Get Text 0 Graph:  GetText_0 Node:  Return Node
[2025.07.22-01.37.43:122][189]PIE: Error: Blueprint Runtime Error: "Accessed None trying to read property K2Node_DynamicCast_AsPeoncito". Blueprint:  BarraVIda Function:  Get Text 0 Graph:  GetText_0 Node:  Return Node
[2025.07.22-01.37.43:133][190]PIE: Error: Blueprint Runtime Error: "Accessed None trying to read property K2Node_DynamicCast_AsPeoncito". Blueprint:  BarraVIda Function:  Get Text 0 Graph:  GetText_0 Node:  Return Node
[2025.07.22-01.37.43:150][191]PIE: Error: Blueprint Runtime Error: "Accessed None trying to read property K2Node_DynamicCast_AsPeoncito". Blueprint:  BarraVIda Function:  Get Text 0 Graph:  GetText_0 Node:  Return Node
[2025.07.22-01.37.43:168][192]PIE: Error: Blueprint Runtime Error: "Accessed None trying to read property K2Node_DynamicCast_AsPeoncito". Blueprint:  BarraVIda Function:  Get Text 0 Graph:  GetText_0 Node:  Return Node
[2025.07.22-01.37.43:182][193]PIE: Error: Blueprint Runtime Error: "Accessed None trying to read property K2Node_DynamicCast_AsPeoncito". Blueprint:  BarraVIda Function:  Get Text 0 Graph:  GetText_0 Node:  Return Node
[2025.07.22-01.37.43:199][194]PIE: Error: Blueprint Runtime Error: "Accessed None trying to read property K2Node_DynamicCast_AsPeoncito". Blueprint:  BarraVIda Function:  Get Text 0 Graph:  GetText_0 Node:  Return Node
[2025.07.22-01.37.43:215][195]PIE: Error: Blueprint Runtime Error: "Accessed None trying to read property K2Node_DynamicCast_AsPeoncito". Blueprint:  BarraVIda Function:  Get Text 0 Graph:  GetText_0 Node:  Return Node
[2025.07.22-01.37.43:232][196]PIE: Error: Blueprint Runtime Error: "Accessed None trying to read property K2Node_DynamicCast_AsPeoncito". Blueprint:  BarraVIda Function:  Get Text 0 Graph:  GetText_0 Node:  Return Node
[2025.07.22-01.37.43:250][197]PIE: Error: Blueprint Runtime Error: "Accessed None trying to read property K2Node_DynamicCast_AsPeoncito". Blueprint:  BarraVIda Function:  Get Text 0 Graph:  GetText_0 Node:  Return Node
[2025.07.22-01.37.43:268][198]PIE: Error: Blueprint Runtime Error: "Accessed None trying to read property K2Node_DynamicCast_AsPeoncito". Blueprint:  BarraVIda Function:  Get Text 0 Graph:  GetText_0 Node:  Return Node
[2025.07.22-01.37.43:282][199]PIE: Error: Blueprint Runtime Error: "Accessed None trying to read property K2Node_DynamicCast_AsPeoncito". Blueprint:  BarraVIda Function:  Get Text 0 Graph:  GetText_0 Node:  Return Node
[2025.07.22-01.37.43:299][200]PIE: Error: Blueprint Runtime Error: "Accessed None trying to read property K2Node_DynamicCast_AsPeoncito". Blueprint:  BarraVIda Function:  Get Text 0 Graph:  GetText_0 Node:  Return Node
[2025.07.22-01.37.43:316][201]PIE: Error: Blueprint Runtime Error: "Accessed None trying to read property K2Node_DynamicCast_AsPeoncito". Blueprint:  BarraVIda Function:  Get Text 0 Graph:  GetText_0 Node:  Return Node
[2025.07.22-01.37.43:334][202]PIE: Error: Blueprint Runtime Error: "Accessed None trying to read property K2Node_DynamicCast_AsPeoncito". Blueprint:  BarraVIda Function:  Get Text 0 Graph:  GetText_0 Node:  Return Node
[2025.07.22-01.37.43:349][203]PIE: Error: Blueprint Runtime Error: "Accessed None trying to read property K2Node_DynamicCast_AsPeoncito". Blueprint:  BarraVIda Function:  Get Text 0 Graph:  GetText_0 Node:  Return Node
[2025.07.22-01.37.43:366][204]PIE: Error: Blueprint Runtime Error: "Accessed None trying to read property K2Node_DynamicCast_AsPeoncito". Blueprint:  BarraVIda Function:  Get Text 0 Graph:  GetText_0 Node:  Return Node
[2025.07.22-01.37.43:384][205]PIE: Error: Blueprint Runtime Error: "Accessed None trying to read property K2Node_DynamicCast_AsPeoncito". Blueprint:  BarraVIda Function:  Get Text 0 Graph:  GetText_0 Node:  Return Node
[2025.07.22-01.37.43:400][206]PIE: Error: Blueprint Runtime Error: "Accessed None trying to read property K2Node_DynamicCast_AsPeoncito". Blueprint:  BarraVIda Function:  Get Text 0 Graph:  GetText_0 Node:  Return Node
[2025.07.22-01.37.43:419][207]PIE: Error: Blueprint Runtime Error: "Accessed None trying to read property K2Node_DynamicCast_AsPeoncito". Blueprint:  BarraVIda Function:  Get Text 0 Graph:  GetText_0 Node:  Return Node
[2025.07.22-01.37.43:432][208]PIE: Error: Blueprint Runtime Error: "Accessed None trying to read property K2Node_DynamicCast_AsPeoncito". Blueprint:  BarraVIda Function:  Get Text 0 Graph:  GetText_0 Node:  Return Node
[2025.07.22-01.37.43:448][209]PIE: Error: Blueprint Runtime Error: "Accessed None trying to read property K2Node_DynamicCast_AsPeoncito". Blueprint:  BarraVIda Function:  Get Text 0 Graph:  GetText_0 Node:  Return Node
[2025.07.22-01.37.43:468][210]PIE: Error: Blueprint Runtime Error: "Accessed None trying to read property K2Node_DynamicCast_AsPeoncito". Blueprint:  BarraVIda Function:  Get Text 0 Graph:  GetText_0 Node:  Return Node
[2025.07.22-01.37.43:482][211]PIE: Error: Blueprint Runtime Error: "Accessed None trying to read property K2Node_DynamicCast_AsPeoncito". Blueprint:  BarraVIda Function:  Get Text 0 Graph:  GetText_0 Node:  Return Node
[2025.07.22-01.37.43:499][212]PIE: Error: Blueprint Runtime Error: "Accessed None trying to read property K2Node_DynamicCast_AsPeoncito". Blueprint:  BarraVIda Function:  Get Text 0 Graph:  GetText_0 Node:  Return Node
[2025.07.22-01.37.43:516][213]PIE: Error: Blueprint Runtime Error: "Accessed None trying to read property K2Node_DynamicCast_AsPeoncito". Blueprint:  BarraVIda Function:  Get Text 0 Graph:  GetText_0 Node:  Return Node
[2025.07.22-01.37.43:534][214]PIE: Error: Blueprint Runtime Error: "Accessed None trying to read property K2Node_DynamicCast_AsPeoncito". Blueprint:  BarraVIda Function:  Get Text 0 Graph:  GetText_0 Node:  Return Node
[2025.07.22-01.37.43:549][215]PIE: Error: Blueprint Runtime Error: "Accessed None trying to read property K2Node_DynamicCast_AsPeoncito". Blueprint:  BarraVIda Function:  Get Text 0 Graph:  GetText_0 Node:  Return Node
[2025.07.22-01.37.43:568][216]PIE: Error: Blueprint Runtime Error: "Accessed None trying to read property K2Node_DynamicCast_AsPeoncito". Blueprint:  BarraVIda Function:  Get Text 0 Graph:  GetText_0 Node:  Return Node
[2025.07.22-01.37.43:582][217]PIE: Error: Blueprint Runtime Error: "Accessed None trying to read property K2Node_DynamicCast_AsPeoncito". Blueprint:  BarraVIda Function:  Get Text 0 Graph:  GetText_0 Node:  Return Node
[2025.07.22-01.37.43:598][218]PIE: Error: Blueprint Runtime Error: "Accessed None trying to read property K2Node_DynamicCast_AsPeoncito". Blueprint:  BarraVIda Function:  Get Text 0 Graph:  GetText_0 Node:  Return Node
[2025.07.22-01.37.43:618][219]PIE: Error: Blueprint Runtime Error: "Accessed None trying to read property K2Node_DynamicCast_AsPeoncito". Blueprint:  BarraVIda Function:  Get Text 0 Graph:  GetText_0 Node:  Return Node
[2025.07.22-01.37.43:632][220]PIE: Error: Blueprint Runtime Error: "Accessed None trying to read property K2Node_DynamicCast_AsPeoncito". Blueprint:  BarraVIda Function:  Get Text 0 Graph:  GetText_0 Node:  Return Node
[2025.07.22-01.37.43:652][221]PIE: Error: Blueprint Runtime Error: "Accessed None trying to read property K2Node_DynamicCast_AsPeoncito". Blueprint:  BarraVIda Function:  Get Text 0 Graph:  GetText_0 Node:  Return Node
[2025.07.22-01.37.43:665][222]PIE: Error: Blueprint Runtime Error: "Accessed None trying to read property K2Node_DynamicCast_AsPeoncito". Blueprint:  BarraVIda Function:  Get Text 0 Graph:  GetText_0 Node:  Return Node
[2025.07.22-01.37.43:685][223]PIE: Error: Blueprint Runtime Error: "Accessed None trying to read property K2Node_DynamicCast_AsPeoncito". Blueprint:  BarraVIda Function:  Get Text 0 Graph:  GetText_0 Node:  Return Node
[2025.07.22-01.37.43:700][224]PIE: Error: Blueprint Runtime Error: "Accessed None trying to read property K2Node_DynamicCast_AsPeoncito". Blueprint:  BarraVIda Function:  Get Text 0 Graph:  GetText_0 Node:  Return Node
[2025.07.22-01.37.43:717][225]PIE: Error: Blueprint Runtime Error: "Accessed None trying to read property K2Node_DynamicCast_AsPeoncito". Blueprint:  BarraVIda Function:  Get Text 0 Graph:  GetText_0 Node:  Return Node
[2025.07.22-01.37.43:732][226]PIE: Error: Blueprint Runtime Error: "Accessed None trying to read property K2Node_DynamicCast_AsPeoncito". Blueprint:  BarraVIda Function:  Get Text 0 Graph:  GetText_0 Node:  Return Node
[2025.07.22-01.37.43:750][227]PIE: Error: Blueprint Runtime Error: "Accessed None trying to read property K2Node_DynamicCast_AsPeoncito". Blueprint:  BarraVIda Function:  Get Text 0 Graph:  GetText_0 Node:  Return Node
[2025.07.22-01.37.43:766][228]PIE: Error: Blueprint Runtime Error: "Accessed None trying to read property K2Node_DynamicCast_AsPeoncito". Blueprint:  BarraVIda Function:  Get Text 0 Graph:  GetText_0 Node:  Return Node
[2025.07.22-01.37.43:782][229]PIE: Error: Blueprint Runtime Error: "Accessed None trying to read property K2Node_DynamicCast_AsPeoncito". Blueprint:  BarraVIda Function:  Get Text 0 Graph:  GetText_0 Node:  Return Node
[2025.07.22-01.37.43:802][230]PIE: Error: Blueprint Runtime Error: "Accessed None trying to read property K2Node_DynamicCast_AsPeoncito". Blueprint:  BarraVIda Function:  Get Text 0 Graph:  GetText_0 Node:  Return Node
[2025.07.22-01.37.43:816][231]PIE: Error: Blueprint Runtime Error: "Accessed None trying to read property K2Node_DynamicCast_AsPeoncito". Blueprint:  BarraVIda Function:  Get Text 0 Graph:  GetText_0 Node:  Return Node
[2025.07.22-01.37.43:834][232]PIE: Error: Blueprint Runtime Error: "Accessed None trying to read property K2Node_DynamicCast_AsPeoncito". Blueprint:  BarraVIda Function:  Get Text 0 Graph:  GetText_0 Node:  Return Node
[2025.07.22-01.37.43:848][233]PIE: Error: Blueprint Runtime Error: "Accessed None trying to read property K2Node_DynamicCast_AsPeoncito". Blueprint:  BarraVIda Function:  Get Text 0 Graph:  GetText_0 Node:  Return Node
[2025.07.22-01.37.43:868][234]PIE: Error: Blueprint Runtime Error: "Accessed None trying to read property K2Node_DynamicCast_AsPeoncito". Blueprint:  BarraVIda Function:  Get Text 0 Graph:  GetText_0 Node:  Return Node
[2025.07.22-01.37.43:882][235]PIE: Error: Blueprint Runtime Error: "Accessed None trying to read property K2Node_DynamicCast_AsPeoncito". Blueprint:  BarraVIda Function:  Get Text 0 Graph:  GetText_0 Node:  Return Node
[2025.07.22-01.37.43:899][236]PIE: Error: Blueprint Runtime Error: "Accessed None trying to read property K2Node_DynamicCast_AsPeoncito". Blueprint:  BarraVIda Function:  Get Text 0 Graph:  GetText_0 Node:  Return Node
[2025.07.22-01.37.43:915][237]PIE: Error: Blueprint Runtime Error: "Accessed None trying to read property K2Node_DynamicCast_AsPeoncito". Blueprint:  BarraVIda Function:  Get Text 0 Graph:  GetText_0 Node:  Return Node
[2025.07.22-01.37.43:934][238]PIE: Error: Blueprint Runtime Error: "Accessed None trying to read property K2Node_DynamicCast_AsPeoncito". Blueprint:  BarraVIda Function:  Get Text 0 Graph:  GetText_0 Node:  Return Node
[2025.07.22-01.37.43:949][239]PIE: Error: Blueprint Runtime Error: "Accessed None trying to read property K2Node_DynamicCast_AsPeoncito". Blueprint:  BarraVIda Function:  Get Text 0 Graph:  GetText_0 Node:  Return Node
[2025.07.22-01.37.43:968][240]PIE: Error: Blueprint Runtime Error: "Accessed None trying to read property K2Node_DynamicCast_AsPeoncito". Blueprint:  BarraVIda Function:  Get Text 0 Graph:  GetText_0 Node:  Return Node
[2025.07.22-01.37.43:982][241]PIE: Error: Blueprint Runtime Error: "Accessed None trying to read property K2Node_DynamicCast_AsPeoncito". Blueprint:  BarraVIda Function:  Get Text 0 Graph:  GetText_0 Node:  Return Node
[2025.07.22-01.37.43:998][242]PIE: Error: Blueprint Runtime Error: "Accessed None trying to read property K2Node_DynamicCast_AsPeoncito". Blueprint:  BarraVIda Function:  Get Text 0 Graph:  GetText_0 Node:  Return Node
[2025.07.22-01.37.44:018][243]PIE: Error: Blueprint Runtime Error: "Accessed None trying to read property K2Node_DynamicCast_AsPeoncito". Blueprint:  BarraVIda Function:  Get Text 0 Graph:  GetText_0 Node:  Return Node
[2025.07.22-01.37.44:032][244]PIE: Error: Blueprint Runtime Error: "Accessed None trying to read property K2Node_DynamicCast_AsPeoncito". Blueprint:  BarraVIda Function:  Get Text 0 Graph:  GetText_0 Node:  Return Node
[2025.07.22-01.37.44:048][245]PIE: Error: Blueprint Runtime Error: "Accessed None trying to read property K2Node_DynamicCast_AsPeoncito". Blueprint:  BarraVIda Function:  Get Text 0 Graph:  GetText_0 Node:  Return Node
[2025.07.22-01.37.44:065][246]PIE: Error: Blueprint Runtime Error: "Accessed None trying to read property K2Node_DynamicCast_AsPeoncito". Blueprint:  BarraVIda Function:  Get Text 0 Graph:  GetText_0 Node:  Return Node
[2025.07.22-01.37.44:082][247]PIE: Error: Blueprint Runtime Error: "Accessed None trying to read property K2Node_DynamicCast_AsPeoncito". Blueprint:  BarraVIda Function:  Get Text 0 Graph:  GetText_0 Node:  Return Node
[2025.07.22-01.37.44:099][248]PIE: Error: Blueprint Runtime Error: "Accessed None trying to read property K2Node_DynamicCast_AsPeoncito". Blueprint:  BarraVIda Function:  Get Text 0 Graph:  GetText_0 Node:  Return Node
[2025.07.22-01.37.44:116][249]PIE: Error: Blueprint Runtime Error: "Accessed None trying to read property K2Node_DynamicCast_AsPeoncito". Blueprint:  BarraVIda Function:  Get Text 0 Graph:  GetText_0 Node:  Return Node
[2025.07.22-01.37.44:133][250]PIE: Error: Blueprint Runtime Error: "Accessed None trying to read property K2Node_DynamicCast_AsPeoncito". Blueprint:  BarraVIda Function:  Get Text 0 Graph:  GetText_0 Node:  Return Node
[2025.07.22-01.37.44:149][251]PIE: Error: Blueprint Runtime Error: "Accessed None trying to read property K2Node_DynamicCast_AsPeoncito". Blueprint:  BarraVIda Function:  Get Text 0 Graph:  GetText_0 Node:  Return Node
[2025.07.22-01.37.44:166][252]PIE: Error: Blueprint Runtime Error: "Accessed None trying to read property K2Node_DynamicCast_AsPeoncito". Blueprint:  BarraVIda Function:  Get Text 0 Graph:  GetText_0 Node:  Return Node
[2025.07.22-01.37.44:182][253]PIE: Error: Blueprint Runtime Error: "Accessed None trying to read property K2Node_DynamicCast_AsPeoncito". Blueprint:  BarraVIda Function:  Get Text 0 Graph:  GetText_0 Node:  Return Node
[2025.07.22-01.37.44:199][254]PIE: Error: Blueprint Runtime Error: "Accessed None trying to read property K2Node_DynamicCast_AsPeoncito". Blueprint:  BarraVIda Function:  Get Text 0 Graph:  GetText_0 Node:  Return Node
[2025.07.22-01.37.44:218][255]PIE: Error: Blueprint Runtime Error: "Accessed None trying to read property K2Node_DynamicCast_AsPeoncito". Blueprint:  BarraVIda Function:  Get Text 0 Graph:  GetText_0 Node:  Return Node
[2025.07.22-01.37.44:233][256]PIE: Error: Blueprint Runtime Error: "Accessed None trying to read property K2Node_DynamicCast_AsPeoncito". Blueprint:  BarraVIda Function:  Get Text 0 Graph:  GetText_0 Node:  Return Node
[2025.07.22-01.37.44:250][257]PIE: Error: Blueprint Runtime Error: "Accessed None trying to read property K2Node_DynamicCast_AsPeoncito". Blueprint:  BarraVIda Function:  Get Text 0 Graph:  GetText_0 Node:  Return Node
[2025.07.22-01.37.44:266][258]PIE: Error: Blueprint Runtime Error: "Accessed None trying to read property K2Node_DynamicCast_AsPeoncito". Blueprint:  BarraVIda Function:  Get Text 0 Graph:  GetText_0 Node:  Return Node
[2025.07.22-01.37.44:283][259]PIE: Error: Blueprint Runtime Error: "Accessed None trying to read property K2Node_DynamicCast_AsPeoncito". Blueprint:  BarraVIda Function:  Get Text 0 Graph:  GetText_0 Node:  Return Node
[2025.07.22-01.37.44:299][260]PIE: Error: Blueprint Runtime Error: "Accessed None trying to read property K2Node_DynamicCast_AsPeoncito". Blueprint:  BarraVIda Function:  Get Text 0 Graph:  GetText_0 Node:  Return Node
[2025.07.22-01.37.44:316][261]PIE: Error: Blueprint Runtime Error: "Accessed None trying to read property K2Node_DynamicCast_AsPeoncito". Blueprint:  BarraVIda Function:  Get Text 0 Graph:  GetText_0 Node:  Return Node
[2025.07.22-01.37.44:332][262]PIE: Error: Blueprint Runtime Error: "Accessed None trying to read property K2Node_DynamicCast_AsPeoncito". Blueprint:  BarraVIda Function:  Get Text 0 Graph:  GetText_0 Node:  Return Node
[2025.07.22-01.37.44:349][263]PIE: Error: Blueprint Runtime Error: "Accessed None trying to read property K2Node_DynamicCast_AsPeoncito". Blueprint:  BarraVIda Function:  Get Text 0 Graph:  GetText_0 Node:  Return Node
[2025.07.22-01.37.44:366][264]PIE: Error: Blueprint Runtime Error: "Accessed None trying to read property K2Node_DynamicCast_AsPeoncito". Blueprint:  BarraVIda Function:  Get Text 0 Graph:  GetText_0 Node:  Return Node
[2025.07.22-01.37.44:383][265]PIE: Error: Blueprint Runtime Error: "Accessed None trying to read property K2Node_DynamicCast_AsPeoncito". Blueprint:  BarraVIda Function:  Get Text 0 Graph:  GetText_0 Node:  Return Node
[2025.07.22-01.37.44:399][266]PIE: Error: Blueprint Runtime Error: "Accessed None trying to read property K2Node_DynamicCast_AsPeoncito". Blueprint:  BarraVIda Function:  Get Text 0 Graph:  GetText_0 Node:  Return Node
[2025.07.22-01.37.44:418][267]PIE: Error: Blueprint Runtime Error: "Accessed None trying to read property K2Node_DynamicCast_AsPeoncito". Blueprint:  BarraVIda Function:  Get Text 0 Graph:  GetText_0 Node:  Return Node
[2025.07.22-01.37.44:432][268]PIE: Error: Blueprint Runtime Error: "Accessed None trying to read property K2Node_DynamicCast_AsPeoncito". Blueprint:  BarraVIda Function:  Get Text 0 Graph:  GetText_0 Node:  Return Node
[2025.07.22-01.37.44:449][269]PIE: Error: Blueprint Runtime Error: "Accessed None trying to read property K2Node_DynamicCast_AsPeoncito". Blueprint:  BarraVIda Function:  Get Text 0 Graph:  GetText_0 Node:  Return Node
[2025.07.22-01.37.44:469][270]PIE: Error: Blueprint Runtime Error: "Accessed None trying to read property K2Node_DynamicCast_AsPeoncito". Blueprint:  BarraVIda Function:  Get Text 0 Graph:  GetText_0 Node:  Return Node
[2025.07.22-01.37.44:482][271]PIE: Error: Blueprint Runtime Error: "Accessed None trying to read property K2Node_DynamicCast_AsPeoncito". Blueprint:  BarraVIda Function:  Get Text 0 Graph:  GetText_0 Node:  Return Node
[2025.07.22-01.37.44:499][272]PIE: Error: Blueprint Runtime Error: "Accessed None trying to read property K2Node_DynamicCast_AsPeoncito". Blueprint:  BarraVIda Function:  Get Text 0 Graph:  GetText_0 Node:  Return Node
[2025.07.22-01.37.44:515][273]PIE: Error: Blueprint Runtime Error: "Accessed None trying to read property K2Node_DynamicCast_AsPeoncito". Blueprint:  BarraVIda Function:  Get Text 0 Graph:  GetText_0 Node:  Return Node
[2025.07.22-01.37.44:533][274]PIE: Error: Blueprint Runtime Error: "Accessed None trying to read property K2Node_DynamicCast_AsPeoncito". Blueprint:  BarraVIda Function:  Get Text 0 Graph:  GetText_0 Node:  Return Node
[2025.07.22-01.37.44:549][275]PIE: Error: Blueprint Runtime Error: "Accessed None trying to read property K2Node_DynamicCast_AsPeoncito". Blueprint:  BarraVIda Function:  Get Text 0 Graph:  GetText_0 Node:  Return Node
[2025.07.22-01.37.44:566][276]PIE: Error: Blueprint Runtime Error: "Accessed None trying to read property K2Node_DynamicCast_AsPeoncito". Blueprint:  BarraVIda Function:  Get Text 0 Graph:  GetText_0 Node:  Return Node
[2025.07.22-01.37.44:582][277]PIE: Error: Blueprint Runtime Error: "Accessed None trying to read property K2Node_DynamicCast_AsPeoncito". Blueprint:  BarraVIda Function:  Get Text 0 Graph:  GetText_0 Node:  Return Node
[2025.07.22-01.37.44:600][278]PIE: Error: Blueprint Runtime Error: "Accessed None trying to read property K2Node_DynamicCast_AsPeoncito". Blueprint:  BarraVIda Function:  Get Text 0 Graph:  GetText_0 Node:  Return Node
[2025.07.22-01.37.44:618][279]PIE: Error: Blueprint Runtime Error: "Accessed None trying to read property K2Node_DynamicCast_AsPeoncito". Blueprint:  BarraVIda Function:  Get Text 0 Graph:  GetText_0 Node:  Return Node
[2025.07.22-01.37.44:633][280]PIE: Error: Blueprint Runtime Error: "Accessed None trying to read property K2Node_DynamicCast_AsPeoncito". Blueprint:  BarraVIda Function:  Get Text 0 Graph:  GetText_0 Node:  Return Node
[2025.07.22-01.37.44:648][281]PIE: Error: Blueprint Runtime Error: "Accessed None trying to read property K2Node_DynamicCast_AsPeoncito". Blueprint:  BarraVIda Function:  Get Text 0 Graph:  GetText_0 Node:  Return Node
[2025.07.22-01.37.44:670][282]PIE: Error: Blueprint Runtime Error: "Accessed None trying to read property K2Node_DynamicCast_AsPeoncito". Blueprint:  BarraVIda Function:  Get Text 0 Graph:  GetText_0 Node:  Return Node
[2025.07.22-01.37.44:684][283]PIE: Error: Blueprint Runtime Error: "Accessed None trying to read property K2Node_DynamicCast_AsPeoncito". Blueprint:  BarraVIda Function:  Get Text 0 Graph:  GetText_0 Node:  Return Node
[2025.07.22-01.37.44:699][284]PIE: Error: Blueprint Runtime Error: "Accessed None trying to read property K2Node_DynamicCast_AsPeoncito". Blueprint:  BarraVIda Function:  Get Text 0 Graph:  GetText_0 Node:  Return Node
[2025.07.22-01.37.44:716][285]PIE: Error: Blueprint Runtime Error: "Accessed None trying to read property K2Node_DynamicCast_AsPeoncito". Blueprint:  BarraVIda Function:  Get Text 0 Graph:  GetText_0 Node:  Return Node
[2025.07.22-01.37.44:735][286]PIE: Error: Blueprint Runtime Error: "Accessed None trying to read property K2Node_DynamicCast_AsPeoncito". Blueprint:  BarraVIda Function:  Get Text 0 Graph:  GetText_0 Node:  Return Node
[2025.07.22-01.37.44:750][287]PIE: Error: Blueprint Runtime Error: "Accessed None trying to read property K2Node_DynamicCast_AsPeoncito". Blueprint:  BarraVIda Function:  Get Text 0 Graph:  GetText_0 Node:  Return Node
[2025.07.22-01.37.44:767][288]PIE: Error: Blueprint Runtime Error: "Accessed None trying to read property K2Node_DynamicCast_AsPeoncito". Blueprint:  BarraVIda Function:  Get Text 0 Graph:  GetText_0 Node:  Return Node
[2025.07.22-01.37.44:783][289]PIE: Error: Blueprint Runtime Error: "Accessed None trying to read property K2Node_DynamicCast_AsPeoncito". Blueprint:  BarraVIda Function:  Get Text 0 Graph:  GetText_0 Node:  Return Node
[2025.07.22-01.37.44:802][290]PIE: Error: Blueprint Runtime Error: "Accessed None trying to read property K2Node_DynamicCast_AsPeoncito". Blueprint:  BarraVIda Function:  Get Text 0 Graph:  GetText_0 Node:  Return Node
[2025.07.22-01.37.44:817][291]PIE: Error: Blueprint Runtime Error: "Accessed None trying to read property K2Node_DynamicCast_AsPeoncito". Blueprint:  BarraVIda Function:  Get Text 0 Graph:  GetText_0 Node:  Return Node
[2025.07.22-01.37.44:833][292]PIE: Error: Blueprint Runtime Error: "Accessed None trying to read property K2Node_DynamicCast_AsPeoncito". Blueprint:  BarraVIda Function:  Get Text 0 Graph:  GetText_0 Node:  Return Node
[2025.07.22-01.37.44:850][293]PIE: Error: Blueprint Runtime Error: "Accessed None trying to read property K2Node_DynamicCast_AsPeoncito". Blueprint:  BarraVIda Function:  Get Text 0 Graph:  GetText_0 Node:  Return Node
[2025.07.22-01.37.44:869][294]PIE: Error: Blueprint Runtime Error: "Accessed None trying to read property K2Node_DynamicCast_AsPeoncito". Blueprint:  BarraVIda Function:  Get Text 0 Graph:  GetText_0 Node:  Return Node
[2025.07.22-01.37.44:883][295]PIE: Error: Blueprint Runtime Error: "Accessed None trying to read property K2Node_DynamicCast_AsPeoncito". Blueprint:  BarraVIda Function:  Get Text 0 Graph:  GetText_0 Node:  Return Node
[2025.07.22-01.37.44:901][296]PIE: Error: Blueprint Runtime Error: "Accessed None trying to read property K2Node_DynamicCast_AsPeoncito". Blueprint:  BarraVIda Function:  Get Text 0 Graph:  GetText_0 Node:  Return Node
[2025.07.22-01.37.44:916][297]PIE: Error: Blueprint Runtime Error: "Accessed None trying to read property K2Node_DynamicCast_AsPeoncito". Blueprint:  BarraVIda Function:  Get Text 0 Graph:  GetText_0 Node:  Return Node
[2025.07.22-01.37.44:933][298]PIE: Error: Blueprint Runtime Error: "Accessed None trying to read property K2Node_DynamicCast_AsPeoncito". Blueprint:  BarraVIda Function:  Get Text 0 Graph:  GetText_0 Node:  Return Node
[2025.07.22-01.37.44:953][299]PIE: Error: Blueprint Runtime Error: "Accessed None trying to read property K2Node_DynamicCast_AsPeoncito". Blueprint:  BarraVIda Function:  Get Text 0 Graph:  GetText_0 Node:  Return Node
[2025.07.22-01.37.44:966][300]PIE: Error: Blueprint Runtime Error: "Accessed None trying to read property K2Node_DynamicCast_AsPeoncito". Blueprint:  BarraVIda Function:  Get Text 0 Graph:  GetText_0 Node:  Return Node
[2025.07.22-01.37.44:983][301]PIE: Error: Blueprint Runtime Error: "Accessed None trying to read property K2Node_DynamicCast_AsPeoncito". Blueprint:  BarraVIda Function:  Get Text 0 Graph:  GetText_0 Node:  Return Node
[2025.07.22-01.37.45:000][302]PIE: Error: Blueprint Runtime Error: "Accessed None trying to read property K2Node_DynamicCast_AsPeoncito". Blueprint:  BarraVIda Function:  Get Text 0 Graph:  GetText_0 Node:  Return Node
[2025.07.22-01.37.45:094][303]LogSlate: Updating window title bar state: overlay mode, drag disabled, window buttons hidden, title bar hidden
[2025.07.22-01.37.45:094][303]LogWorld: BeginTearingDown for /Game/ThirdPersonBP/Maps/UEDPIE_0_GanasteLevel
[2025.07.22-01.37.45:095][303]LogWorld: UWorld::CleanupWorld for GanasteLevel, bSessionEnded=true, bCleanupResources=true
[2025.07.22-01.37.45:095][303]LogSlate: InvalidateAllWidgets triggered.  All widgets were invalidated
[2025.07.22-01.37.45:107][303]LogPlayLevel: Display: Shutting down PIE online subsystems
[2025.07.22-01.37.45:125][303]LogSlate: InvalidateAllWidgets triggered.  All widgets were invalidated
[2025.07.22-01.37.45:158][303]LogSlate: Updating window title bar state: overlay mode, drag disabled, window buttons hidden, title bar hidden
[2025.07.22-01.37.45:158][303]LogAudioMixer: FMixerPlatformXAudio2::StopAudioStream() called
[2025.07.22-01.37.45:160][303]LogAudioMixer: FMixerPlatformXAudio2::StopAudioStream() called
[2025.07.22-01.37.45:167][303]LogUObjectHash: Compacting FUObjectHashTables data took   3.57ms
[2025.07.22-01.37.45:395][304]LogPlayLevel: Display: Destroying online subsystem :Context_46
[2025.07.22-01.37.46:863][378]LogSlate: Window 'Message Log' being destroyed
[2025.07.22-01.37.46:881][378]LogSlate: Window 'Message Log' being destroyed
[2025.07.22-01.37.52:630][710]LogUObjectHash: Compacting FUObjectHashTables data took   6.74ms
[2025.07.22-01.37.52:762][710]LogSavePackage: Moving '../../../../../UTN-e-learning/Unreal-Engine/Unreal-Projects/TP_PreEntrega/Saved/ThirdPersonExampleMap429B9EE341D754E756BD0BB0EFA6B388.tmp' to '../../../../../UTN-e-learning/Unreal-Engine/Unreal-Projects/TP_PreEntrega/Content/ThirdPersonBP/Maps/ThirdPersonExampleMap.umap'
[2025.07.22-01.37.52:952][710]LogSavePackage: Moving '../../../../../UTN-e-learning/Unreal-Engine/Unreal-Projects/TP_PreEntrega/Saved/ThirdPersonExampleMap_BuiltData4B24C2564072B5B94B5C78BDAB7A9F33.tmp' to '../../../../../UTN-e-learning/Unreal-Engine/Unreal-Projects/TP_PreEntrega/Content/ThirdPersonBP/Maps/ThirdPersonExampleMap_BuiltData.uasset'
[2025.07.22-01.37.52:971][710]AssetCheck: New page: Asset Save: multiple assets
[2025.07.22-01.37.52:971][710]LogContentValidation: Display: Validating MapBuildDataRegistry /Game/ThirdPersonBP/Maps/ThirdPersonExampleMap_BuiltData.ThirdPersonExampleMap_BuiltData
[2025.07.22-01.37.52:971][710]LogContentValidation: Display: Validating World /Game/ThirdPersonBP/Maps/ThirdPersonExampleMap.ThirdPersonExampleMap
[2025.07.22-01.40.27:041][303]LogContentBrowser: Attempting asset rename: particulas_2 -> particulas_enemy_spawned
[2025.07.22-01.40.27:139][303]LogSavePackage: Moving '../../../../../UTN-e-learning/Unreal-Engine/Unreal-Projects/TP_PreEntrega/Saved/particulas_enemy_spawned6481EE234267EEC0B535AB9BD629CAE9.tmp' to '../../../../../UTN-e-learning/Unreal-Engine/Unreal-Projects/TP_PreEntrega/Content/ThirdPersonBP/Blueprints/blueprints/particulas_enemy_spawned.uasset'
[2025.07.22-01.40.27:287][303]LogUObjectHash: Compacting FUObjectHashTables data took   3.61ms
[2025.07.22-01.40.27:345][303]LogUObjectHash: Compacting FUObjectHashTables data took   3.74ms
[2025.07.22-01.40.27:391][303]LogUObjectHash: Compacting FUObjectHashTables data took   1.21ms
[2025.07.22-01.40.27:483][303]AssetCheck: New page: Asset Save: particulas_enemy_spawned
[2025.07.22-01.40.27:483][303]LogContentValidation: Display: Validating ParticleSystem /Game/ThirdPersonBP/Blueprints/blueprints/particulas_enemy_spawned.particulas_enemy_spawned
[2025.07.22-01.40.29:211][393]LogAssetEditorSubsystem: Opening Asset editor for ParticleSystem /Game/ThirdPersonBP/Blueprints/blueprints/particulas_enemy_spawned.particulas_enemy_spawned
[2025.07.22-01.40.29:278][393]LogNativeClassHierarchy: Verbose: Native class hierarchy updated for 'Cascade' in 0.0004 seconds. Added 2 classes and 2 folders.
[2025.07.22-01.41.38:864][811]LogSlate: Window 'Color Picker' being destroyed
[2025.07.22-01.44.01:123][895]LogSlate: Window 'Color Picker' being destroyed
[2025.07.22-01.44.05:106][ 85]LogSlate: Prevented a slow task dialog from being summoned while a context menu was open
[2025.07.22-01.44.05:150][ 85]LogEditorClassViewer: Warning: Class /Engine/Tutorial/InWorldBlueprintEditing/TutorialAssets/IWBE_Blutility.IWBE_Blutility_C has parent /Script/Blutility.PlacedEditorUtilityBase, but this parent is not found. The Class will not be shown in ClassViewer.
[2025.07.22-01.46.39:927][953]LogSlate: Window 'Color Picker' being destroyed
[2025.07.22-01.46.57:198][797]LogSlate: Window 'Color Picker' being destroyed
[2025.07.22-01.47.20:465][980]LogTexture: Display: Building textures: blackSmoke00 (BGRA8, 362X336)
[2025.07.22-01.48.52:780][826]LogEditorTransaction: Undo Edit Particle Burst Method
[2025.07.22-01.48.53:341][833]LogEditorTransaction: Undo Reset to Default
[2025.07.22-01.48.54:212][878]LogEditorTransaction: Undo Reset to Default
[2025.07.22-01.48.55:230][929]LogEditorTransaction: Undo Set Class
[2025.07.22-01.48.55:966][965]LogEditorTransaction: Undo Reset to Default
[2025.07.22-01.48.56:705][  2]LogEditorTransaction: Undo Set Class
[2025.07.22-01.48.57:539][ 45]LogEditorTransaction: Undo Reset to Default
[2025.07.22-01.48.58:184][ 77]LogEditorTransaction: Undo Edit Cutout Texture
[2025.07.22-01.48.59:097][123]LogEditorTransaction: Undo Edit Module Editor Color
[2025.07.22-01.48.59:938][166]LogEditorTransaction: Undo Edit Z
[2025.07.22-01.49.01:620][254]LogEditorTransaction: Undo Edit Material
[2025.07.22-01.50.08:932][701]LogSlate: Window 'Color Picker' being destroyed
[2025.07.22-01.50.24:763][507]LogSlate: Window 'Color Picker' being destroyed
[2025.07.22-01.50.40:528][297]LogSlate: Window 'Color Picker' being destroyed
[2025.07.22-01.51.26:301][636]LogSlate: Window 'Color Picker' being destroyed
[2025.07.22-01.51.51:795][926]LogSavePackage: Moving '../../../../../UTN-e-learning/Unreal-Engine/Unreal-Projects/TP_PreEntrega/Saved/particulas_enemy_spawned41F14E0C471FF7EEA3283EA98A8DC255.tmp' to '../../../../../UTN-e-learning/Unreal-Engine/Unreal-Projects/TP_PreEntrega/Content/ThirdPersonBP/Blueprints/blueprints/particulas_enemy_spawned.uasset'
[2025.07.22-01.51.51:841][926]AssetCheck: New page: Asset Save: particulas_enemy_spawned
[2025.07.22-01.51.51:842][926]LogContentValidation: Display: Validating ParticleSystem /Game/ThirdPersonBP/Blueprints/blueprints/particulas_enemy_spawned.particulas_enemy_spawned
[2025.07.22-01.52.03:493][451]LogUObjectHash: Compacting FUObjectHashTables data took   9.47ms
[2025.07.22-01.52.04:850][499]LogAssetEditorSubsystem: Opening Asset editor for Blueprint /Game/ThirdPersonBP/Blueprints/blueprints/ParticulasActor_2.ParticulasActor_2
[2025.07.22-01.52.11:352][726]LogRenderer: Reallocating scene render targets to support 1208x704 Format 10 NumSamples 1 (Frame:1).
[2025.07.22-01.52.25:421][242]LogSavePackage: Moving '../../../../../UTN-e-learning/Unreal-Engine/Unreal-Projects/TP_PreEntrega/Saved/ParticulasActor_21FF865C240933006BC3F2883C6C4E7F6.tmp' to '../../../../../UTN-e-learning/Unreal-Engine/Unreal-Projects/TP_PreEntrega/Content/ThirdPersonBP/Blueprints/blueprints/ParticulasActor_2.uasset'
[2025.07.22-01.52.25:478][242]AssetCheck: New page: Asset Save: ParticulasActor_2
[2025.07.22-01.52.25:478][242]LogContentValidation: Display: Validating Blueprint /Game/ThirdPersonBP/Blueprints/blueprints/ParticulasActor_2.ParticulasActor_2
[2025.07.22-01.52.34:779][546]LogSavePackage: Moving '../../../../../UTN-e-learning/Unreal-Engine/Unreal-Projects/TP_PreEntrega/Saved/ParticulasActor_207D8E96247444AD2932D229F618B7CDD.tmp' to '../../../../../UTN-e-learning/Unreal-Engine/Unreal-Projects/TP_PreEntrega/Content/ThirdPersonBP/Blueprints/blueprints/ParticulasActor_2.uasset'
[2025.07.22-01.52.34:834][546]AssetCheck: New page: Asset Save: ParticulasActor_2
[2025.07.22-01.52.34:834][546]LogContentValidation: Display: Validating Blueprint /Game/ThirdPersonBP/Blueprints/blueprints/ParticulasActor_2.ParticulasActor_2
[2025.07.22-01.52.36:893][617]BlueprintLog: New page: Compile ParticulasActor_2
[2025.07.22-01.52.37:063][617]LogUObjectHash: Compacting FUObjectHashTables data took  12.73ms
[2025.07.22-01.52.45:452][920]LogSavePackage: Moving '../../../../../UTN-e-learning/Unreal-Engine/Unreal-Projects/TP_PreEntrega/Saved/ParticulasActor_2BB86EC8C48238A77349D039FFD6E7B88.tmp' to '../../../../../UTN-e-learning/Unreal-Engine/Unreal-Projects/TP_PreEntrega/Content/ThirdPersonBP/Blueprints/blueprints/ParticulasActor_2.uasset'
[2025.07.22-01.52.45:501][920]AssetCheck: New page: Asset Save: ParticulasActor_2
[2025.07.22-01.52.45:501][920]LogContentValidation: Display: Validating Blueprint /Game/ThirdPersonBP/Blueprints/blueprints/ParticulasActor_2.ParticulasActor_2
[2025.07.22-01.53.02:782][567]LogContentBrowser: Attempting asset rename: ParticulasActor_2 -> ParticulasEnemySpawnedMaterial
[2025.07.22-01.53.02:845][567]LogMetaData: Removing '/Game/ThirdPersonBP/Blueprints/blueprints/ParticulasEnemySpawnedMaterial.SKEL_ParticulasEnemySpawnedMaterial_C:UserConstructionScript' ref from Metadata '/Game/ThirdPersonBP/Blueprints/blueprints/ParticulasActor_2.PackageMetaData'
[2025.07.22-01.53.02:845][567]LogMetaData: Removing '/Game/ThirdPersonBP/Blueprints/blueprints/ParticulasEnemySpawnedMaterial.SKEL_ParticulasEnemySpawnedMaterial_C:ReceiveTick' ref from Metadata '/Game/ThirdPersonBP/Blueprints/blueprints/ParticulasActor_2.PackageMetaData'
[2025.07.22-01.53.02:845][567]LogMetaData: Removing '/Game/ThirdPersonBP/Blueprints/blueprints/ParticulasEnemySpawnedMaterial.SKEL_ParticulasEnemySpawnedMaterial_C:ReceiveActorBeginOverlap' ref from Metadata '/Game/ThirdPersonBP/Blueprints/blueprints/ParticulasActor_2.PackageMetaData'
[2025.07.22-01.53.02:845][567]LogMetaData: Removing '/Game/ThirdPersonBP/Blueprints/blueprints/ParticulasEnemySpawnedMaterial.SKEL_ParticulasEnemySpawnedMaterial_C:ReceiveBeginPlay' ref from Metadata '/Game/ThirdPersonBP/Blueprints/blueprints/ParticulasActor_2.PackageMetaData'
[2025.07.22-01.53.02:845][567]LogMetaData: Removing '/Game/ThirdPersonBP/Blueprints/blueprints/ParticulasEnemySpawnedMaterial.SKEL_ParticulasEnemySpawnedMaterial_C' ref from Metadata '/Game/ThirdPersonBP/Blueprints/blueprints/ParticulasActor_2.PackageMetaData'
[2025.07.22-01.53.02:845][567]LogMetaData: Removing '/Game/ThirdPersonBP/Blueprints/blueprints/ParticulasEnemySpawnedMaterial.ParticulasEnemySpawnedMaterial_C' ref from Metadata '/Game/ThirdPersonBP/Blueprints/blueprints/ParticulasActor_2.PackageMetaData'
[2025.07.22-01.53.02:845][567]LogMetaData: Removing '/Game/ThirdPersonBP/Blueprints/blueprints/ParticulasEnemySpawnedMaterial.ParticulasEnemySpawnedMaterial_C:ReceiveBeginPlay' ref from Metadata '/Game/ThirdPersonBP/Blueprints/blueprints/ParticulasActor_2.PackageMetaData'
[2025.07.22-01.53.02:892][567]LogSavePackage: Moving '../../../../../UTN-e-learning/Unreal-Engine/Unreal-Projects/TP_PreEntrega/Saved/ParticulasEnemySpawnedMaterialF138FA2047F41B1694D716BC3C9E4AE9.tmp' to '../../../../../UTN-e-learning/Unreal-Engine/Unreal-Projects/TP_PreEntrega/Content/ThirdPersonBP/Blueprints/blueprints/ParticulasEnemySpawnedMaterial.uasset'
[2025.07.22-01.53.03:117][567]LogUObjectHash: Compacting FUObjectHashTables data took  10.75ms
[2025.07.22-01.53.03:228][567]LogUObjectHash: Compacting FUObjectHashTables data took   7.76ms
[2025.07.22-01.53.03:309][567]LogUObjectHash: Compacting FUObjectHashTables data took   1.91ms
[2025.07.22-01.53.03:449][567]AssetCheck: New page: Asset Save: ParticulasEnemySpawnedMaterial
[2025.07.22-01.53.03:449][567]LogContentValidation: Display: Validating Blueprint /Game/ThirdPersonBP/Blueprints/blueprints/ParticulasEnemySpawnedMaterial.ParticulasEnemySpawnedMaterial
[2025.07.22-01.53.05:271][630]LogSavePackage: Moving '../../../../../UTN-e-learning/Unreal-Engine/Unreal-Projects/TP_PreEntrega/Saved/ParticulasEnemySpawnedMaterialCA23AAD34507C4E8336CEBA516F5397C.tmp' to '../../../../../UTN-e-learning/Unreal-Engine/Unreal-Projects/TP_PreEntrega/Content/ThirdPersonBP/Blueprints/blueprints/ParticulasEnemySpawnedMaterial.uasset'
[2025.07.22-01.53.05:302][630]AssetCheck: New page: Asset Save: ParticulasEnemySpawnedMaterial
[2025.07.22-01.53.05:303][630]LogContentValidation: Display: Validating Blueprint /Game/ThirdPersonBP/Blueprints/blueprints/ParticulasEnemySpawnedMaterial.ParticulasEnemySpawnedMaterial
[2025.07.22-01.53.35:319][421]LogSlate: Prevented a slow task dialog from being summoned while a context menu was open
[2025.07.22-01.53.35:368][421]LogEditorClassViewer: Warning: Class /Engine/Tutorial/InWorldBlueprintEditing/TutorialAssets/IWBE_Blutility.IWBE_Blutility_C has parent /Script/Blutility.PlacedEditorUtilityBase, but this parent is not found. The Class will not be shown in ClassViewer.
[2025.07.22-01.53.48:360][874]LogSavePackage: Moving '../../../../../UTN-e-learning/Unreal-Engine/Unreal-Projects/TP_PreEntrega/Saved/CaveAC2EA76A462847CA73F9569250B2D341.tmp' to '../../../../../UTN-e-learning/Unreal-Engine/Unreal-Projects/TP_PreEntrega/Content/ThirdPersonBP/Blueprints/blueprints/Cave.uasset'
[2025.07.22-01.53.48:405][874]AssetCheck: New page: Asset Save: Cave
[2025.07.22-01.53.48:405][874]LogContentValidation: Display: Validating Blueprint /Game/ThirdPersonBP/Blueprints/blueprints/Cave.Cave
[2025.07.22-01.53.50:200][932]LogTemp: Repeating last play command: Selected Viewport
[2025.07.22-01.53.50:244][932]BlueprintLog: New page: Pre-Play auto-recompile
[2025.07.22-01.53.50:245][932]LogPlayLevel: [PlayLevel] Compiling Cave before play...
[2025.07.22-01.53.50:300][932]LogPlayLevel: [PlayLevel] Compiling ParticulasEnemySpawnedMaterial before play...
[2025.07.22-01.53.50:441][932]LogUObjectHash: Compacting FUObjectHashTables data took  10.75ms
[2025.07.22-01.53.50:445][932]LogPlayLevel: PlayLevel: Blueprint regeneration took 201 ms (2 blueprints)
[2025.07.22-01.53.50:445][932]PIE: New page: PIE session: ThirdPersonExampleMap (Jul 21, 2025, 7:53:50 PM)
[2025.07.22-01.53.50:450][932]LogPlayLevel: Creating play world package: /Game/ThirdPersonBP/Maps/UEDPIE_0_ThirdPersonExampleMap
[2025.07.22-01.53.50:480][932]LogPlayLevel: PIE: StaticDuplicateObject took: (0.030870s)
[2025.07.22-01.53.50:482][932]LogAIModule: Creating AISystem for world ThirdPersonExampleMap
[2025.07.22-01.53.50:482][932]LogPlayLevel: PIE: World Init took: (0.001590s)
[2025.07.22-01.53.50:482][932]LogPlayLevel: PIE: Created PIE world by copying editor world from /Game/ThirdPersonBP/Maps/ThirdPersonExampleMap.ThirdPersonExampleMap to /Game/ThirdPersonBP/Maps/UEDPIE_0_ThirdPersonExampleMap.ThirdPersonExampleMap (0.032706s)
[2025.07.22-01.53.50:550][932]LogUObjectHash: Compacting FUObjectHashTables data took   7.23ms
[2025.07.22-01.53.50:552][932]LogAudio: Display: Creating Audio Device:                 Id: 21, Scope: Unique, Realtime: True
[2025.07.22-01.53.50:552][932]LogAudioMixer: Display: Audio Mixer Platform Settings:
[2025.07.22-01.53.50:552][932]LogAudioMixer: Display: 	Sample Rate:						  48000
[2025.07.22-01.53.50:552][932]LogAudioMixer: Display: 	Callback Buffer Frame Size Requested: 1024
[2025.07.22-01.53.50:552][932]LogAudioMixer: Display: 	Callback Buffer Frame Size To Use:	  1024
[2025.07.22-01.53.50:552][932]LogAudioMixer: Display: 	Number of buffers to queue:			  2
[2025.07.22-01.53.50:552][932]LogAudioMixer: Display: 	Max Channels (voices):				  32
[2025.07.22-01.53.50:552][932]LogAudioMixer: Display: 	Number of Async Source Workers:		  0
[2025.07.22-01.53.50:552][932]LogAudio: Display: AudioDevice MaxSources: 32
[2025.07.22-01.53.50:553][932]LogAudio: Display: Audio Spatialization Plugin: None (built-in).
[2025.07.22-01.53.50:553][932]LogAudio: Display: Audio Reverb Plugin: None (built-in).
[2025.07.22-01.53.50:553][932]LogAudio: Display: Audio Occlusion Plugin: None (built-in).
[2025.07.22-01.53.50:553][932]LogAudioMixer: Display: Initializing audio mixer.
[2025.07.22-01.53.50:564][932]LogAudioMixer: Display: 0: FrontLeft
[2025.07.22-01.53.50:564][932]LogAudioMixer: Display: 1: FrontRight
[2025.07.22-01.53.50:593][932]LogAudioMixer: Display: Using Audio Device Headphones (SOUNDPEATS Opera05)
[2025.07.22-01.53.50:593][932]LogAudioMixer: Display: Initializing Sound Submixes...
[2025.07.22-01.53.50:594][932]LogAudioMixer: Display: Creating Master Submix 'MasterSubmixDefault'
[2025.07.22-01.53.50:594][932]LogAudioMixer: Display: Creating Master Submix 'MasterReverbSubmixDefault'
[2025.07.22-01.53.50:594][932]LogAudioMixer: Display: Creating Master Submix 'MasterEQSubmixDefault'
[2025.07.22-01.53.50:594][932]LogAudioMixer: FMixerPlatformXAudio2::StartAudioStream() called
[2025.07.22-01.53.50:594][932]LogAudioMixer: Display: Output buffers initialized: Frames=1024, Channels=2, Samples=2048
[2025.07.22-01.53.50:596][932]LogAudioMixer: Display: Starting AudioMixerPlatformInterface::RunInternal()
[2025.07.22-01.53.50:596][932]LogAudioMixer: Display: FMixerPlatformXAudio2::SubmitBuffer() called for the first time
[2025.07.22-01.53.50:596][932]LogInit: FAudioDevice initialized.
[2025.07.22-01.53.50:596][932]LogAudio: Display: Audio Device (ID: 21) registered with world 'ThirdPersonExampleMap'.
[2025.07.22-01.53.50:607][932]LogLoad: Game class is 'ReglasJuego_C'
[2025.07.22-01.53.50:619][932]LogWorld: Bringing World /Game/ThirdPersonBP/Maps/UEDPIE_0_ThirdPersonExampleMap.ThirdPersonExampleMap up for play (max tick rate 60) at 2025.07.21-22.53.50
[2025.07.22-01.53.50:620][932]LogWorld: Bringing up level for play took: 0.011506
[2025.07.22-01.53.50:620][932]LogOnline: OSS: Creating online subsystem instance for: :Context_49
[2025.07.22-01.53.50:623][932]LogBlueprintUserMessages: [plataforma_2] Buenas buenas!
[2025.07.22-01.53.50:628][932]PIE: Server logged in
[2025.07.22-01.53.50:629][932]PIE: Play in editor total start time 0.405 seconds.
[2025.07.22-01.53.54:444][ 71]LogBlueprintUserMessages: [Balaza2_C_0] Le reste 30 al peoncito
[2025.07.22-01.53.56:905][156]LogBlueprintUserMessages: [Balaza_C_2] Le reste 20 al peoncito
[2025.07.22-01.53.57:633][183]LogBlueprintUserMessages: [enemy_bullet_C_10] El peoncito perdio 10 de vida!!!!
[2025.07.22-01.53.57:755][185]LogSlate: Updating window title bar state: overlay mode, drag disabled, window buttons hidden, title bar hidden
[2025.07.22-01.53.57:755][185]LogWorld: BeginTearingDown for /Game/ThirdPersonBP/Maps/UEDPIE_0_ThirdPersonExampleMap
[2025.07.22-01.53.57:756][185]LogWorld: UWorld::CleanupWorld for ThirdPersonExampleMap, bSessionEnded=true, bCleanupResources=true
[2025.07.22-01.53.57:758][185]LogSlate: InvalidateAllWidgets triggered.  All widgets were invalidated
[2025.07.22-01.53.57:779][185]LogPlayLevel: Display: Shutting down PIE online subsystems
[2025.07.22-01.53.57:816][185]LogSlate: InvalidateAllWidgets triggered.  All widgets were invalidated
[2025.07.22-01.53.57:880][185]LogAudio: Display: Audio Device unregistered from world 'None'.
[2025.07.22-01.53.57:880][185]LogAudioMixer: FMixerPlatformXAudio2::StopAudioStream() called
[2025.07.22-01.53.57:883][185]LogAudioMixer: FMixerPlatformXAudio2::StopAudioStream() called
[2025.07.22-01.53.57:884][185]LogSlate: Updating window title bar state: overlay mode, drag disabled, window buttons hidden, title bar hidden
[2025.07.22-01.53.57:893][185]LogUObjectHash: Compacting FUObjectHashTables data took   6.00ms
[2025.07.22-01.53.58:002][186]LogPlayLevel: Display: Destroying online subsystem :Context_49
[2025.07.22-01.54.40:835][308]LogSavePackage: Moving '../../../../../UTN-e-learning/Unreal-Engine/Unreal-Projects/TP_PreEntrega/Saved/particulas_enemy_spawned8F57238F4C863FBF5E24668223E9CFE3.tmp' to '../../../../../UTN-e-learning/Unreal-Engine/Unreal-Projects/TP_PreEntrega/Content/ThirdPersonBP/Blueprints/blueprints/particulas_enemy_spawned.uasset'
[2025.07.22-01.54.40:892][308]AssetCheck: New page: Asset Save: particulas_enemy_spawned
[2025.07.22-01.54.40:892][308]LogContentValidation: Display: Validating ParticleSystem /Game/ThirdPersonBP/Blueprints/blueprints/particulas_enemy_spawned.particulas_enemy_spawned
[2025.07.22-01.54.43:557][392]LogTemp: Repeating last play command: Selected Viewport
[2025.07.22-01.54.43:589][392]LogPlayLevel: PlayLevel: No blueprints needed recompiling
[2025.07.22-01.54.43:589][392]PIE: New page: PIE session: ThirdPersonExampleMap (Jul 21, 2025, 7:54:43 PM)
[2025.07.22-01.54.43:589][392]LogPlayLevel: Creating play world package: /Game/ThirdPersonBP/Maps/UEDPIE_0_ThirdPersonExampleMap
[2025.07.22-01.54.43:613][392]LogPlayLevel: PIE: StaticDuplicateObject took: (0.023269s)
[2025.07.22-01.54.43:614][392]LogAIModule: Creating AISystem for world ThirdPersonExampleMap
[2025.07.22-01.54.43:614][392]LogPlayLevel: PIE: World Init took: (0.001154s)
[2025.07.22-01.54.43:614][392]LogPlayLevel: PIE: Created PIE world by copying editor world from /Game/ThirdPersonBP/Maps/ThirdPersonExampleMap.ThirdPersonExampleMap to /Game/ThirdPersonBP/Maps/UEDPIE_0_ThirdPersonExampleMap.ThirdPersonExampleMap (0.024598s)
[2025.07.22-01.54.43:676][392]LogUObjectHash: Compacting FUObjectHashTables data took   6.59ms
[2025.07.22-01.54.43:679][392]LogAudio: Display: Creating Audio Device:                 Id: 22, Scope: Unique, Realtime: True
[2025.07.22-01.54.43:679][392]LogAudioMixer: Display: Audio Mixer Platform Settings:
[2025.07.22-01.54.43:679][392]LogAudioMixer: Display: 	Sample Rate:						  48000
[2025.07.22-01.54.43:679][392]LogAudioMixer: Display: 	Callback Buffer Frame Size Requested: 1024
[2025.07.22-01.54.43:679][392]LogAudioMixer: Display: 	Callback Buffer Frame Size To Use:	  1024
[2025.07.22-01.54.43:679][392]LogAudioMixer: Display: 	Number of buffers to queue:			  2
[2025.07.22-01.54.43:679][392]LogAudioMixer: Display: 	Max Channels (voices):				  32
[2025.07.22-01.54.43:679][392]LogAudioMixer: Display: 	Number of Async Source Workers:		  0
[2025.07.22-01.54.43:679][392]LogAudio: Display: AudioDevice MaxSources: 32
[2025.07.22-01.54.43:681][392]LogAudio: Display: Audio Spatialization Plugin: None (built-in).
[2025.07.22-01.54.43:681][392]LogAudio: Display: Audio Reverb Plugin: None (built-in).
[2025.07.22-01.54.43:681][392]LogAudio: Display: Audio Occlusion Plugin: None (built-in).
[2025.07.22-01.54.43:681][392]LogAudioMixer: Display: Initializing audio mixer.
[2025.07.22-01.54.43:687][392]LogAudioMixer: Display: 0: FrontLeft
[2025.07.22-01.54.43:687][392]LogAudioMixer: Display: 1: FrontRight
[2025.07.22-01.54.43:713][392]LogAudioMixer: Display: Using Audio Device Headphones (SOUNDPEATS Opera05)
[2025.07.22-01.54.43:713][392]LogAudioMixer: Display: Initializing Sound Submixes...
[2025.07.22-01.54.43:713][392]LogAudioMixer: Display: Creating Master Submix 'MasterSubmixDefault'
[2025.07.22-01.54.43:713][392]LogAudioMixer: Display: Creating Master Submix 'MasterReverbSubmixDefault'
[2025.07.22-01.54.43:714][392]LogAudioMixer: Display: Creating Master Submix 'MasterEQSubmixDefault'
[2025.07.22-01.54.43:714][392]LogAudioMixer: FMixerPlatformXAudio2::StartAudioStream() called
[2025.07.22-01.54.43:714][392]LogAudioMixer: Display: Output buffers initialized: Frames=1024, Channels=2, Samples=2048
[2025.07.22-01.54.43:715][392]LogAudioMixer: Display: Starting AudioMixerPlatformInterface::RunInternal()
[2025.07.22-01.54.43:715][392]LogAudioMixer: Display: FMixerPlatformXAudio2::SubmitBuffer() called for the first time
[2025.07.22-01.54.43:715][392]LogInit: FAudioDevice initialized.
[2025.07.22-01.54.43:715][392]LogAudio: Display: Audio Device (ID: 22) registered with world 'ThirdPersonExampleMap'.
[2025.07.22-01.54.43:728][392]LogLoad: Game class is 'ReglasJuego_C'
[2025.07.22-01.54.43:739][392]LogWorld: Bringing World /Game/ThirdPersonBP/Maps/UEDPIE_0_ThirdPersonExampleMap.ThirdPersonExampleMap up for play (max tick rate 60) at 2025.07.21-22.54.43
[2025.07.22-01.54.43:740][392]LogWorld: Bringing up level for play took: 0.010475
[2025.07.22-01.54.43:740][392]LogOnline: OSS: Creating online subsystem instance for: :Context_50
[2025.07.22-01.54.43:743][392]LogBlueprintUserMessages: [plataforma_2] Buenas buenas!
[2025.07.22-01.54.43:748][392]PIE: Server logged in
[2025.07.22-01.54.43:749][392]PIE: Play in editor total start time 0.177 seconds.
[2025.07.22-01.54.51:634][670]LogSlate: Updating window title bar state: overlay mode, drag disabled, window buttons hidden, title bar hidden
[2025.07.22-01.54.51:634][670]LogWorld: BeginTearingDown for /Game/ThirdPersonBP/Maps/UEDPIE_0_ThirdPersonExampleMap
[2025.07.22-01.54.51:635][670]LogWorld: UWorld::CleanupWorld for ThirdPersonExampleMap, bSessionEnded=true, bCleanupResources=true
[2025.07.22-01.54.51:636][670]LogSlate: InvalidateAllWidgets triggered.  All widgets were invalidated
[2025.07.22-01.54.51:653][670]LogPlayLevel: Display: Shutting down PIE online subsystems
[2025.07.22-01.54.51:677][670]LogSlate: InvalidateAllWidgets triggered.  All widgets were invalidated
[2025.07.22-01.54.51:732][670]LogSlate: Updating window title bar state: overlay mode, drag disabled, window buttons hidden, title bar hidden
[2025.07.22-01.54.51:733][670]LogAudioMixer: FMixerPlatformXAudio2::StopAudioStream() called
[2025.07.22-01.54.51:734][670]LogAudioMixer: FMixerPlatformXAudio2::StopAudioStream() called
[2025.07.22-01.54.51:745][670]LogUObjectHash: Compacting FUObjectHashTables data took   6.10ms
[2025.07.22-01.54.51:858][671]LogPlayLevel: Display: Destroying online subsystem :Context_50
[2025.07.22-01.55.11:680][239]LogSavePackage: Moving '../../../../../UTN-e-learning/Unreal-Engine/Unreal-Projects/TP_PreEntrega/Saved/ParticulasEnemySpawnedMaterial5086E095410F1D698A59E7AE2A28023B.tmp' to '../../../../../UTN-e-learning/Unreal-Engine/Unreal-Projects/TP_PreEntrega/Content/ThirdPersonBP/Blueprints/blueprints/ParticulasEnemySpawnedMaterial.uasset'
[2025.07.22-01.55.11:726][239]AssetCheck: New page: Asset Save: ParticulasEnemySpawnedMaterial
[2025.07.22-01.55.11:726][239]LogContentValidation: Display: Validating Blueprint /Game/ThirdPersonBP/Blueprints/blueprints/ParticulasEnemySpawnedMaterial.ParticulasEnemySpawnedMaterial
[2025.07.22-01.55.14:237][301]LogTemp: Repeating last play command: Selected Viewport
[2025.07.22-01.55.14:281][301]BlueprintLog: New page: Pre-Play auto-recompile
[2025.07.22-01.55.14:287][301]LogPlayLevel: [PlayLevel] Compiling ParticulasEnemySpawnedMaterial before play...
[2025.07.22-01.55.14:453][301]LogUObjectHash: Compacting FUObjectHashTables data took  10.81ms
[2025.07.22-01.55.14:456][301]LogPlayLevel: PlayLevel: Blueprint regeneration took 175 ms (1 blueprints)
[2025.07.22-01.55.14:456][301]PIE: New page: PIE session: ThirdPersonExampleMap (Jul 21, 2025, 7:55:14 PM)
[2025.07.22-01.55.14:457][301]LogPlayLevel: Creating play world package: /Game/ThirdPersonBP/Maps/UEDPIE_0_ThirdPersonExampleMap
[2025.07.22-01.55.14:497][301]LogPlayLevel: PIE: StaticDuplicateObject took: (0.040041s)
[2025.07.22-01.55.14:498][301]LogAIModule: Creating AISystem for world ThirdPersonExampleMap
[2025.07.22-01.55.14:499][301]LogPlayLevel: PIE: World Init took: (0.001652s)
[2025.07.22-01.55.14:499][301]LogPlayLevel: PIE: Created PIE world by copying editor world from /Game/ThirdPersonBP/Maps/ThirdPersonExampleMap.ThirdPersonExampleMap to /Game/ThirdPersonBP/Maps/UEDPIE_0_ThirdPersonExampleMap.ThirdPersonExampleMap (0.041939s)
[2025.07.22-01.55.14:569][301]LogUObjectHash: Compacting FUObjectHashTables data took   6.66ms
[2025.07.22-01.55.14:570][301]LogAudio: Display: Creating Audio Device:                 Id: 23, Scope: Unique, Realtime: True
[2025.07.22-01.55.14:570][301]LogAudioMixer: Display: Audio Mixer Platform Settings:
[2025.07.22-01.55.14:570][301]LogAudioMixer: Display: 	Sample Rate:						  48000
[2025.07.22-01.55.14:570][301]LogAudioMixer: Display: 	Callback Buffer Frame Size Requested: 1024
[2025.07.22-01.55.14:570][301]LogAudioMixer: Display: 	Callback Buffer Frame Size To Use:	  1024
[2025.07.22-01.55.14:570][301]LogAudioMixer: Display: 	Number of buffers to queue:			  2
[2025.07.22-01.55.14:570][301]LogAudioMixer: Display: 	Max Channels (voices):				  32
[2025.07.22-01.55.14:570][301]LogAudioMixer: Display: 	Number of Async Source Workers:		  0
[2025.07.22-01.55.14:570][301]LogAudio: Display: AudioDevice MaxSources: 32
[2025.07.22-01.55.14:571][301]LogAudio: Display: Audio Spatialization Plugin: None (built-in).
[2025.07.22-01.55.14:571][301]LogAudio: Display: Audio Reverb Plugin: None (built-in).
[2025.07.22-01.55.14:571][301]LogAudio: Display: Audio Occlusion Plugin: None (built-in).
[2025.07.22-01.55.14:571][301]LogAudioMixer: Display: Initializing audio mixer.
[2025.07.22-01.55.14:578][301]LogAudioMixer: Display: 0: FrontLeft
[2025.07.22-01.55.14:578][301]LogAudioMixer: Display: 1: FrontRight
[2025.07.22-01.55.14:600][301]LogAudioMixer: Display: Using Audio Device Headphones (SOUNDPEATS Opera05)
[2025.07.22-01.55.14:600][301]LogAudioMixer: Display: Initializing Sound Submixes...
[2025.07.22-01.55.14:601][301]LogAudioMixer: Display: Creating Master Submix 'MasterSubmixDefault'
[2025.07.22-01.55.14:601][301]LogAudioMixer: Display: Creating Master Submix 'MasterReverbSubmixDefault'
[2025.07.22-01.55.14:601][301]LogAudioMixer: Display: Creating Master Submix 'MasterEQSubmixDefault'
[2025.07.22-01.55.14:601][301]LogAudioMixer: FMixerPlatformXAudio2::StartAudioStream() called
[2025.07.22-01.55.14:601][301]LogAudioMixer: Display: Output buffers initialized: Frames=1024, Channels=2, Samples=2048
[2025.07.22-01.55.14:602][301]LogAudioMixer: Display: Starting AudioMixerPlatformInterface::RunInternal()
[2025.07.22-01.55.14:602][301]LogAudioMixer: Display: FMixerPlatformXAudio2::SubmitBuffer() called for the first time
[2025.07.22-01.55.14:602][301]LogInit: FAudioDevice initialized.
[2025.07.22-01.55.14:602][301]LogAudio: Display: Audio Device (ID: 23) registered with world 'ThirdPersonExampleMap'.
[2025.07.22-01.55.14:612][301]LogLoad: Game class is 'ReglasJuego_C'
[2025.07.22-01.55.14:622][301]LogWorld: Bringing World /Game/ThirdPersonBP/Maps/UEDPIE_0_ThirdPersonExampleMap.ThirdPersonExampleMap up for play (max tick rate 60) at 2025.07.21-22.55.14
[2025.07.22-01.55.14:622][301]LogWorld: Bringing up level for play took: 0.009217
[2025.07.22-01.55.14:623][301]LogOnline: OSS: Creating online subsystem instance for: :Context_51
[2025.07.22-01.55.14:626][301]LogBlueprintUserMessages: [plataforma_2] Buenas buenas!
[2025.07.22-01.55.14:628][301]PIE: Server logged in
[2025.07.22-01.55.14:629][301]PIE: Play in editor total start time 0.372 seconds.
[2025.07.22-01.55.18:464][430]LogBlueprintUserMessages: [Balaza2_C_0] Le reste 30 al peoncito
[2025.07.22-01.55.18:899][442]LogBlueprintUserMessages: [enemy_misil_C_0] El peoncito perdio 10 de vida!!!!
[2025.07.22-01.55.18:932][443]LogBlueprintUserMessages: [enemy_bullet_C_4] El peoncito perdio 10 de vida!!!!
[2025.07.22-01.55.20:868][510]LogBlueprintUserMessages: [Balaza_C_2] Le reste 20 al peoncito
[2025.07.22-01.55.21:350][524]LogSlate: Updating window title bar state: overlay mode, drag disabled, window buttons hidden, title bar hidden
[2025.07.22-01.55.21:350][524]LogWorld: BeginTearingDown for /Game/ThirdPersonBP/Maps/UEDPIE_0_ThirdPersonExampleMap
[2025.07.22-01.55.21:350][524]LogWorld: UWorld::CleanupWorld for ThirdPersonExampleMap, bSessionEnded=true, bCleanupResources=true
[2025.07.22-01.55.21:352][524]LogSlate: InvalidateAllWidgets triggered.  All widgets were invalidated
[2025.07.22-01.55.21:366][524]LogPlayLevel: Display: Shutting down PIE online subsystems
[2025.07.22-01.55.21:388][524]LogSlate: InvalidateAllWidgets triggered.  All widgets were invalidated
[2025.07.22-01.55.21:444][524]LogSlate: Updating window title bar state: overlay mode, drag disabled, window buttons hidden, title bar hidden
[2025.07.22-01.55.21:444][524]LogAudioMixer: FMixerPlatformXAudio2::StopAudioStream() called
[2025.07.22-01.55.21:447][524]LogAudioMixer: FMixerPlatformXAudio2::StopAudioStream() called
[2025.07.22-01.55.21:463][524]LogUObjectHash: Compacting FUObjectHashTables data took   9.07ms
[2025.07.22-01.55.21:573][525]LogPlayLevel: Display: Destroying online subsystem :Context_51
[2025.07.22-01.55.32:859][819]LogSavePackage: Moving '../../../../../UTN-e-learning/Unreal-Engine/Unreal-Projects/TP_PreEntrega/Saved/ParticulasEnemySpawnedMaterialF9D679984855DFC9AE81CEBE4AE90935.tmp' to '../../../../../UTN-e-learning/Unreal-Engine/Unreal-Projects/TP_PreEntrega/Content/ThirdPersonBP/Blueprints/blueprints/ParticulasEnemySpawnedMaterial.uasset'
[2025.07.22-01.55.32:912][819]AssetCheck: New page: Asset Save: ParticulasEnemySpawnedMaterial
[2025.07.22-01.55.32:912][819]LogContentValidation: Display: Validating Blueprint /Game/ThirdPersonBP/Blueprints/blueprints/ParticulasEnemySpawnedMaterial.ParticulasEnemySpawnedMaterial
[2025.07.22-01.55.52:836][251]LogSavePackage: Moving '../../../../../UTN-e-learning/Unreal-Engine/Unreal-Projects/TP_PreEntrega/Saved/particulas_enemy_spawned9C332253411B346E025C8F9D39059112.tmp' to '../../../../../UTN-e-learning/Unreal-Engine/Unreal-Projects/TP_PreEntrega/Content/ThirdPersonBP/Blueprints/blueprints/particulas_enemy_spawned.uasset'
[2025.07.22-01.55.52:898][251]AssetCheck: New page: Asset Save: particulas_enemy_spawned
[2025.07.22-01.55.52:898][251]LogContentValidation: Display: Validating ParticleSystem /Game/ThirdPersonBP/Blueprints/blueprints/particulas_enemy_spawned.particulas_enemy_spawned
[2025.07.22-01.55.58:053][385]LogTemp: Repeating last play command: Selected Viewport
[2025.07.22-01.55.58:108][385]BlueprintLog: New page: Pre-Play auto-recompile
[2025.07.22-01.55.58:115][385]LogPlayLevel: [PlayLevel] Compiling ParticulasEnemySpawnedMaterial before play...
[2025.07.22-01.55.58:292][385]LogUObjectHash: Compacting FUObjectHashTables data took  14.29ms
[2025.07.22-01.55.58:296][385]LogPlayLevel: PlayLevel: Blueprint regeneration took 188 ms (1 blueprints)
[2025.07.22-01.55.58:296][385]PIE: New page: PIE session: ThirdPersonExampleMap (Jul 21, 2025, 7:55:58 PM)
[2025.07.22-01.55.58:297][385]LogPlayLevel: Creating play world package: /Game/ThirdPersonBP/Maps/UEDPIE_0_ThirdPersonExampleMap
[2025.07.22-01.55.58:358][385]LogPlayLevel: PIE: StaticDuplicateObject took: (0.060502s)
[2025.07.22-01.55.58:361][385]LogAIModule: Creating AISystem for world ThirdPersonExampleMap
[2025.07.22-01.55.58:361][385]LogPlayLevel: PIE: World Init took: (0.003319s)
[2025.07.22-01.55.58:362][385]LogPlayLevel: PIE: Created PIE world by copying editor world from /Game/ThirdPersonBP/Maps/ThirdPersonExampleMap.ThirdPersonExampleMap to /Game/ThirdPersonBP/Maps/UEDPIE_0_ThirdPersonExampleMap.ThirdPersonExampleMap (0.064311s)
[2025.07.22-01.55.58:459][385]LogUObjectHash: Compacting FUObjectHashTables data took   8.25ms
[2025.07.22-01.55.58:459][385]LogAudio: Display: Creating Audio Device:                 Id: 24, Scope: Unique, Realtime: True
[2025.07.22-01.55.58:459][385]LogAudioMixer: Display: Audio Mixer Platform Settings:
[2025.07.22-01.55.58:459][385]LogAudioMixer: Display: 	Sample Rate:						  48000
[2025.07.22-01.55.58:459][385]LogAudioMixer: Display: 	Callback Buffer Frame Size Requested: 1024
[2025.07.22-01.55.58:459][385]LogAudioMixer: Display: 	Callback Buffer Frame Size To Use:	  1024
[2025.07.22-01.55.58:459][385]LogAudioMixer: Display: 	Number of buffers to queue:			  2
[2025.07.22-01.55.58:459][385]LogAudioMixer: Display: 	Max Channels (voices):				  32
[2025.07.22-01.55.58:459][385]LogAudioMixer: Display: 	Number of Async Source Workers:		  0
[2025.07.22-01.55.58:460][385]LogAudio: Display: AudioDevice MaxSources: 32
[2025.07.22-01.55.58:460][385]LogAudio: Display: Audio Spatialization Plugin: None (built-in).
[2025.07.22-01.55.58:460][385]LogAudio: Display: Audio Reverb Plugin: None (built-in).
[2025.07.22-01.55.58:460][385]LogAudio: Display: Audio Occlusion Plugin: None (built-in).
[2025.07.22-01.55.58:460][385]LogAudioMixer: Display: Initializing audio mixer.
[2025.07.22-01.55.58:470][385]LogAudioMixer: Display: 0: FrontLeft
[2025.07.22-01.55.58:470][385]LogAudioMixer: Display: 1: FrontRight
[2025.07.22-01.55.58:505][385]LogAudioMixer: Display: Using Audio Device Headphones (SOUNDPEATS Opera05)
[2025.07.22-01.55.58:505][385]LogAudioMixer: Display: Initializing Sound Submixes...
[2025.07.22-01.55.58:505][385]LogAudioMixer: Display: Creating Master Submix 'MasterSubmixDefault'
[2025.07.22-01.55.58:505][385]LogAudioMixer: Display: Creating Master Submix 'MasterReverbSubmixDefault'
[2025.07.22-01.55.58:506][385]LogAudioMixer: Display: Creating Master Submix 'MasterEQSubmixDefault'
[2025.07.22-01.55.58:506][385]LogAudioMixer: FMixerPlatformXAudio2::StartAudioStream() called
[2025.07.22-01.55.58:506][385]LogAudioMixer: Display: Output buffers initialized: Frames=1024, Channels=2, Samples=2048
[2025.07.22-01.55.58:508][385]LogAudioMixer: Display: Starting AudioMixerPlatformInterface::RunInternal()
[2025.07.22-01.55.58:508][385]LogAudioMixer: Display: FMixerPlatformXAudio2::SubmitBuffer() called for the first time
[2025.07.22-01.55.58:508][385]LogInit: FAudioDevice initialized.
[2025.07.22-01.55.58:508][385]LogAudio: Display: Audio Device (ID: 24) registered with world 'ThirdPersonExampleMap'.
[2025.07.22-01.55.58:523][385]LogLoad: Game class is 'ReglasJuego_C'
[2025.07.22-01.55.58:538][385]LogWorld: Bringing World /Game/ThirdPersonBP/Maps/UEDPIE_0_ThirdPersonExampleMap.ThirdPersonExampleMap up for play (max tick rate 60) at 2025.07.21-22.55.58
[2025.07.22-01.55.58:539][385]LogWorld: Bringing up level for play took: 0.014246
[2025.07.22-01.55.58:540][385]LogOnline: OSS: Creating online subsystem instance for: :Context_52
[2025.07.22-01.55.58:543][385]LogBlueprintUserMessages: [plataforma_2] Buenas buenas!
[2025.07.22-01.55.58:547][385]PIE: Server logged in
[2025.07.22-01.55.58:548][385]PIE: Play in editor total start time 0.471 seconds.
[2025.07.22-01.56.02:214][502]LogBlueprintUserMessages: [enemy_bullet_C_1] El peoncito perdio 10 de vida!!!!
[2025.07.22-01.56.02:589][514]LogBlueprintUserMessages: [enemy_bullet_C_4] El peoncito perdio 10 de vida!!!!
[2025.07.22-01.56.06:986][650]LogBlueprintUserMessages: [Balaza_C_7] Le reste 20 al peoncito
[2025.07.22-01.56.11:360][788]LogBlueprintUserMessages: [Balaza_C_11] Le reste 20 al peoncito
[2025.07.22-01.56.11:579][795]LogBlueprintUserMessages: [enemy_bullet_C_26] El peoncito perdio 10 de vida!!!!
[2025.07.22-01.56.16:585][924]LogBlueprintUserMessages: [enemy_bullet_C_39] El peoncito perdio 10 de vida!!!!
[2025.07.22-01.56.20:111][ 32]LogBlueprintUserMessages: [enemy_misil_C_6] El peoncito perdio 10 de vida!!!!
[2025.07.22-01.56.20:112][ 32]LogBlueprintUserMessages: [peoncito_2] El peoncito murio
[2025.07.22-01.56.20:112][ 32]LogBlueprintUserMessages: [ReglasJuego_C_0] Noo, perdiste!
[2025.07.22-01.56.20:120][ 32]LogScript: Warning: Accessed None trying to read property K2Node_DynamicCast_AsPeoncito
	BarraVIda_C /Engine/Transient.UnrealEdEngine_0:GameInstance_22.BarraVIda_C_0
	Function /Game/ThirdPersonBP/Blueprints/blueprints/BarraVIda.BarraVIda_C:GetText_0:0099
[2025.07.22-01.56.20:120][ 32]PIE: Error: Blueprint Runtime Error: "Accessed None trying to read property K2Node_DynamicCast_AsPeoncito". Blueprint:  BarraVIda Function:  Get Text 0 Graph:  GetText_0 Node:  Return Node
[2025.07.22-01.56.20:143][ 33]LogNet: Browse: /Game/ThirdPersonBP/Maps/Perdiste_Level
[2025.07.22-01.56.20:143][ 33]LogLoad: LoadMap: /Game/ThirdPersonBP/Maps/Perdiste_Level
[2025.07.22-01.56.20:143][ 33]LogWorld: BeginTearingDown for /Game/ThirdPersonBP/Maps/UEDPIE_0_ThirdPersonExampleMap
[2025.07.22-01.56.20:144][ 33]LogWorld: UWorld::CleanupWorld for ThirdPersonExampleMap, bSessionEnded=true, bCleanupResources=true
[2025.07.22-01.56.20:148][ 33]LogSlate: InvalidateAllWidgets triggered.  All widgets were invalidated
[2025.07.22-01.56.20:259][ 33]LogAudio: Display: Audio Device unregistered from world 'None'.
[2025.07.22-01.56.20:268][ 33]LogUObjectHash: Compacting FUObjectHashTables data took   6.51ms
[2025.07.22-01.56.20:308][ 33]LogAudio: Display: Audio Device (ID: 24) registered with world 'Perdiste_Level'.
[2025.07.22-01.56.20:310][ 33]LogAIModule: Creating AISystem for world Perdiste_Level
[2025.07.22-01.56.20:311][ 33]LogLoad: Game class is 'ReglasJuego_C'
[2025.07.22-01.56.20:399][ 33]LogWorld: Bringing World /Game/ThirdPersonBP/Maps/UEDPIE_0_Perdiste_Level.Perdiste_Level up for play (max tick rate 60) at 2025.07.21-22.56.20
[2025.07.22-01.56.20:399][ 33]LogWorld: Bringing up level for play took: 0.085677
[2025.07.22-01.56.20:399][ 33]LogGameMode: FindPlayerStart: PATHS NOT DEFINED or NO PLAYERSTART with positive rating
[2025.07.22-01.56.20:402][ 33]LogBlueprintUserMessages: [plataforma_2] Buenas buenas!
[2025.07.22-01.56.20:404][ 33]LogLoad: Took 0.260407 seconds to LoadMap(/Game/ThirdPersonBP/Maps/Perdiste_Level)
[2025.07.22-01.56.20:415][ 33]PIE: Error: Blueprint Runtime Error: "Accessed None trying to read property K2Node_DynamicCast_AsPeoncito". Blueprint:  BarraVIda Function:  Get Text 0 Graph:  GetText_0 Node:  Return Node
[2025.07.22-01.56.20:528][ 34]PIE: Error: Blueprint Runtime Error: "Accessed None trying to read property K2Node_DynamicCast_AsPeoncito". Blueprint:  BarraVIda Function:  Get Text 0 Graph:  GetText_0 Node:  Return Node
[2025.07.22-01.56.20:560][ 35]PIE: Error: Blueprint Runtime Error: "Accessed None trying to read property K2Node_DynamicCast_AsPeoncito". Blueprint:  BarraVIda Function:  Get Text 0 Graph:  GetText_0 Node:  Return Node
[2025.07.22-01.56.20:590][ 36]PIE: Error: Blueprint Runtime Error: "Accessed None trying to read property K2Node_DynamicCast_AsPeoncito". Blueprint:  BarraVIda Function:  Get Text 0 Graph:  GetText_0 Node:  Return Node
[2025.07.22-01.56.20:622][ 37]PIE: Error: Blueprint Runtime Error: "Accessed None trying to read property K2Node_DynamicCast_AsPeoncito". Blueprint:  BarraVIda Function:  Get Text 0 Graph:  GetText_0 Node:  Return Node
[2025.07.22-01.56.20:656][ 38]PIE: Error: Blueprint Runtime Error: "Accessed None trying to read property K2Node_DynamicCast_AsPeoncito". Blueprint:  BarraVIda Function:  Get Text 0 Graph:  GetText_0 Node:  Return Node
[2025.07.22-01.56.20:690][ 39]PIE: Error: Blueprint Runtime Error: "Accessed None trying to read property K2Node_DynamicCast_AsPeoncito". Blueprint:  BarraVIda Function:  Get Text 0 Graph:  GetText_0 Node:  Return Node
[2025.07.22-01.56.20:723][ 40]PIE: Error: Blueprint Runtime Error: "Accessed None trying to read property K2Node_DynamicCast_AsPeoncito". Blueprint:  BarraVIda Function:  Get Text 0 Graph:  GetText_0 Node:  Return Node
[2025.07.22-01.56.20:754][ 41]PIE: Error: Blueprint Runtime Error: "Accessed None trying to read property K2Node_DynamicCast_AsPeoncito". Blueprint:  BarraVIda Function:  Get Text 0 Graph:  GetText_0 Node:  Return Node
[2025.07.22-01.56.20:779][ 42]PIE: Error: Blueprint Runtime Error: "Accessed None trying to read property K2Node_DynamicCast_AsPeoncito". Blueprint:  BarraVIda Function:  Get Text 0 Graph:  GetText_0 Node:  Return Node
[2025.07.22-01.56.20:803][ 43]PIE: Error: Blueprint Runtime Error: "Accessed None trying to read property K2Node_DynamicCast_AsPeoncito". Blueprint:  BarraVIda Function:  Get Text 0 Graph:  GetText_0 Node:  Return Node
[2025.07.22-01.56.20:823][ 44]PIE: Error: Blueprint Runtime Error: "Accessed None trying to read property K2Node_DynamicCast_AsPeoncito". Blueprint:  BarraVIda Function:  Get Text 0 Graph:  GetText_0 Node:  Return Node
[2025.07.22-01.56.20:845][ 45]PIE: Error: Blueprint Runtime Error: "Accessed None trying to read property K2Node_DynamicCast_AsPeoncito". Blueprint:  BarraVIda Function:  Get Text 0 Graph:  GetText_0 Node:  Return Node
[2025.07.22-01.56.20:869][ 46]PIE: Error: Blueprint Runtime Error: "Accessed None trying to read property K2Node_DynamicCast_AsPeoncito". Blueprint:  BarraVIda Function:  Get Text 0 Graph:  GetText_0 Node:  Return Node
[2025.07.22-01.56.20:892][ 47]PIE: Error: Blueprint Runtime Error: "Accessed None trying to read property K2Node_DynamicCast_AsPeoncito". Blueprint:  BarraVIda Function:  Get Text 0 Graph:  GetText_0 Node:  Return Node
[2025.07.22-01.56.20:916][ 48]PIE: Error: Blueprint Runtime Error: "Accessed None trying to read property K2Node_DynamicCast_AsPeoncito". Blueprint:  BarraVIda Function:  Get Text 0 Graph:  GetText_0 Node:  Return Node
[2025.07.22-01.56.20:939][ 49]PIE: Error: Blueprint Runtime Error: "Accessed None trying to read property K2Node_DynamicCast_AsPeoncito". Blueprint:  BarraVIda Function:  Get Text 0 Graph:  GetText_0 Node:  Return Node
[2025.07.22-01.56.20:964][ 50]PIE: Error: Blueprint Runtime Error: "Accessed None trying to read property K2Node_DynamicCast_AsPeoncito". Blueprint:  BarraVIda Function:  Get Text 0 Graph:  GetText_0 Node:  Return Node
[2025.07.22-01.56.20:990][ 51]PIE: Error: Blueprint Runtime Error: "Accessed None trying to read property K2Node_DynamicCast_AsPeoncito". Blueprint:  BarraVIda Function:  Get Text 0 Graph:  GetText_0 Node:  Return Node
[2025.07.22-01.56.21:014][ 52]PIE: Error: Blueprint Runtime Error: "Accessed None trying to read property K2Node_DynamicCast_AsPeoncito". Blueprint:  BarraVIda Function:  Get Text 0 Graph:  GetText_0 Node:  Return Node
[2025.07.22-01.56.21:039][ 53]PIE: Error: Blueprint Runtime Error: "Accessed None trying to read property K2Node_DynamicCast_AsPeoncito". Blueprint:  BarraVIda Function:  Get Text 0 Graph:  GetText_0 Node:  Return Node
[2025.07.22-01.56.21:138][ 54]LogSlate: Updating window title bar state: overlay mode, drag disabled, window buttons hidden, title bar hidden
[2025.07.22-01.56.21:138][ 54]LogWorld: BeginTearingDown for /Game/ThirdPersonBP/Maps/UEDPIE_0_Perdiste_Level
[2025.07.22-01.56.21:138][ 54]LogWorld: UWorld::CleanupWorld for Perdiste_Level, bSessionEnded=true, bCleanupResources=true
[2025.07.22-01.56.21:139][ 54]LogSlate: InvalidateAllWidgets triggered.  All widgets were invalidated
[2025.07.22-01.56.21:153][ 54]LogPlayLevel: Display: Shutting down PIE online subsystems
[2025.07.22-01.56.21:183][ 54]LogSlate: InvalidateAllWidgets triggered.  All widgets were invalidated
[2025.07.22-01.56.21:251][ 54]LogSlate: Updating window title bar state: overlay mode, drag disabled, window buttons hidden, title bar hidden
[2025.07.22-01.56.21:252][ 54]LogAudioMixer: FMixerPlatformXAudio2::StopAudioStream() called
[2025.07.22-01.56.21:254][ 54]LogAudioMixer: FMixerPlatformXAudio2::StopAudioStream() called
[2025.07.22-01.56.21:268][ 54]LogUObjectHash: Compacting FUObjectHashTables data took   7.36ms
[2025.07.22-01.56.21:548][ 55]LogPlayLevel: Display: Destroying online subsystem :Context_52
[2025.07.22-01.56.35:790][493]LogSlate: Window 'Message Log' being destroyed
[2025.07.22-01.56.35:839][493]LogSlate: Window 'Message Log' being destroyed
[2025.07.22-01.56.37:230][529]LogUObjectHash: Compacting FUObjectHashTables data took   6.60ms
[2025.07.22-01.56.37:303][529]LogSavePackage: Moving '../../../../../UTN-e-learning/Unreal-Engine/Unreal-Projects/TP_PreEntrega/Saved/ThirdPersonExampleMapE6D8B2E14C1322462D4E6E81DE334CB9.tmp' to '../../../../../UTN-e-learning/Unreal-Engine/Unreal-Projects/TP_PreEntrega/Content/ThirdPersonBP/Maps/ThirdPersonExampleMap.umap'
[2025.07.22-01.56.37:541][529]LogSavePackage: Moving '../../../../../UTN-e-learning/Unreal-Engine/Unreal-Projects/TP_PreEntrega/Saved/ThirdPersonExampleMap_BuiltDataD9D3EA314CA03FCD0DE84890405EAF75.tmp' to '../../../../../UTN-e-learning/Unreal-Engine/Unreal-Projects/TP_PreEntrega/Content/ThirdPersonBP/Maps/ThirdPersonExampleMap_BuiltData.uasset'
[2025.07.22-01.56.37:569][529]AssetCheck: New page: Asset Save: multiple assets
[2025.07.22-01.56.37:569][529]LogContentValidation: Display: Validating MapBuildDataRegistry /Game/ThirdPersonBP/Maps/ThirdPersonExampleMap_BuiltData.ThirdPersonExampleMap_BuiltData
[2025.07.22-01.56.37:569][529]LogContentValidation: Display: Validating World /Game/ThirdPersonBP/Maps/ThirdPersonExampleMap.ThirdPersonExampleMap
[2025.07.22-01.56.40:057][605]LogTemp: Repeating last play command: Selected Viewport
[2025.07.22-01.56.40:109][605]LogPlayLevel: PlayLevel: No blueprints needed recompiling
[2025.07.22-01.56.40:109][605]PIE: New page: PIE session: ThirdPersonExampleMap (Jul 21, 2025, 7:56:40 PM)
[2025.07.22-01.56.40:109][605]LogPlayLevel: Creating play world package: /Game/ThirdPersonBP/Maps/UEDPIE_0_ThirdPersonExampleMap
[2025.07.22-01.56.40:138][605]LogPlayLevel: PIE: StaticDuplicateObject took: (0.029158s)
[2025.07.22-01.56.40:140][605]LogAIModule: Creating AISystem for world ThirdPersonExampleMap
[2025.07.22-01.56.40:141][605]LogPlayLevel: PIE: World Init took: (0.001523s)
[2025.07.22-01.56.40:141][605]LogPlayLevel: PIE: Created PIE world by copying editor world from /Game/ThirdPersonBP/Maps/ThirdPersonExampleMap.ThirdPersonExampleMap to /Game/ThirdPersonBP/Maps/UEDPIE_0_ThirdPersonExampleMap.ThirdPersonExampleMap (0.030897s)
[2025.07.22-01.56.40:204][605]LogUObjectHash: Compacting FUObjectHashTables data took   6.54ms
[2025.07.22-01.56.40:205][605]LogAudio: Display: Creating Audio Device:                 Id: 25, Scope: Unique, Realtime: True
[2025.07.22-01.56.40:206][605]LogAudioMixer: Display: Audio Mixer Platform Settings:
[2025.07.22-01.56.40:206][605]LogAudioMixer: Display: 	Sample Rate:						  48000
[2025.07.22-01.56.40:206][605]LogAudioMixer: Display: 	Callback Buffer Frame Size Requested: 1024
[2025.07.22-01.56.40:206][605]LogAudioMixer: Display: 	Callback Buffer Frame Size To Use:	  1024
[2025.07.22-01.56.40:206][605]LogAudioMixer: Display: 	Number of buffers to queue:			  2
[2025.07.22-01.56.40:206][605]LogAudioMixer: Display: 	Max Channels (voices):				  32
[2025.07.22-01.56.40:206][605]LogAudioMixer: Display: 	Number of Async Source Workers:		  0
[2025.07.22-01.56.40:206][605]LogAudio: Display: AudioDevice MaxSources: 32
[2025.07.22-01.56.40:207][605]LogAudio: Display: Audio Spatialization Plugin: None (built-in).
[2025.07.22-01.56.40:207][605]LogAudio: Display: Audio Reverb Plugin: None (built-in).
[2025.07.22-01.56.40:207][605]LogAudio: Display: Audio Occlusion Plugin: None (built-in).
[2025.07.22-01.56.40:207][605]LogAudioMixer: Display: Initializing audio mixer.
[2025.07.22-01.56.40:215][605]LogAudioMixer: Display: 0: FrontLeft
[2025.07.22-01.56.40:215][605]LogAudioMixer: Display: 1: FrontRight
[2025.07.22-01.56.40:238][605]LogAudioMixer: Display: Using Audio Device Headphones (SOUNDPEATS Opera05)
[2025.07.22-01.56.40:238][605]LogAudioMixer: Display: Initializing Sound Submixes...
[2025.07.22-01.56.40:240][605]LogAudioMixer: Display: Creating Master Submix 'MasterSubmixDefault'
[2025.07.22-01.56.40:240][605]LogAudioMixer: Display: Creating Master Submix 'MasterReverbSubmixDefault'
[2025.07.22-01.56.40:240][605]LogAudioMixer: Display: Creating Master Submix 'MasterEQSubmixDefault'
[2025.07.22-01.56.40:240][605]LogAudioMixer: FMixerPlatformXAudio2::StartAudioStream() called
[2025.07.22-01.56.40:240][605]LogAudioMixer: Display: Output buffers initialized: Frames=1024, Channels=2, Samples=2048
[2025.07.22-01.56.40:242][605]LogAudioMixer: Display: Starting AudioMixerPlatformInterface::RunInternal()
[2025.07.22-01.56.40:242][605]LogAudioMixer: Display: FMixerPlatformXAudio2::SubmitBuffer() called for the first time
[2025.07.22-01.56.40:242][605]LogInit: FAudioDevice initialized.
[2025.07.22-01.56.40:242][605]LogAudio: Display: Audio Device (ID: 25) registered with world 'ThirdPersonExampleMap'.
[2025.07.22-01.56.40:252][605]LogLoad: Game class is 'ReglasJuego_C'
[2025.07.22-01.56.40:262][605]LogWorld: Bringing World /Game/ThirdPersonBP/Maps/UEDPIE_0_ThirdPersonExampleMap.ThirdPersonExampleMap up for play (max tick rate 60) at 2025.07.21-22.56.40
[2025.07.22-01.56.40:263][605]LogWorld: Bringing up level for play took: 0.009952
[2025.07.22-01.56.40:263][605]LogOnline: OSS: Creating online subsystem instance for: :Context_53
[2025.07.22-01.56.40:266][605]LogBlueprintUserMessages: [plataforma_2] Buenas buenas!
[2025.07.22-01.56.40:270][605]PIE: Server logged in
[2025.07.22-01.56.40:271][605]PIE: Play in editor total start time 0.191 seconds.
[2025.07.22-01.56.44:192][740]LogBlueprintUserMessages: [Balaza2_C_0] Le reste 30 al peoncito
[2025.07.22-01.56.47:269][840]LogBlueprintUserMessages: [enemy_bullet_C_10] El peoncito perdio 10 de vida!!!!
[2025.07.22-01.56.47:387][844]LogBlueprintUserMessages: [EnemyCharacter_C_0] Golem aniquilado
[2025.07.22-01.56.47:524][849]LogBlueprintUserMessages: [enemy_bullet_C_11] El peoncito perdio 10 de vida!!!!
[2025.07.22-01.56.47:781][858]LogBlueprintUserMessages: [Balaza2_C_2] Le reste 30 al peoncito
[2025.07.22-01.56.47:930][863]LogBlueprintUserMessages: [Torreta2_5] algo me ataveso!
[2025.07.22-01.56.48:336][878]LogBlueprintUserMessages: [enemy_bullet_C_9] El peoncito perdio 10 de vida!!!!
[2025.07.22-01.56.48:732][892]LogBlueprintUserMessages: [Balaza_C_4] Le reste 20 al peoncito
[2025.07.22-01.56.48:733][892]LogBlueprintUserMessages: [peoncito_2] El peoncito murio
[2025.07.22-01.56.48:733][892]LogBlueprintUserMessages: [ReglasJuego_C_0] Noo, perdiste!
[2025.07.22-01.56.48:738][892]LogScript: Warning: Accessed None trying to read property K2Node_DynamicCast_AsPeoncito
	BarraVIda_C /Engine/Transient.UnrealEdEngine_0:GameInstance_23.BarraVIda_C_0
	Function /Game/ThirdPersonBP/Blueprints/blueprints/BarraVIda.BarraVIda_C:GetText_0:0099
[2025.07.22-01.56.48:738][892]PIE: Error: Blueprint Runtime Error: "Accessed None trying to read property K2Node_DynamicCast_AsPeoncito". Blueprint:  BarraVIda Function:  Get Text 0 Graph:  GetText_0 Node:  Return Node
[2025.07.22-01.56.48:758][893]LogNet: Browse: /Game/ThirdPersonBP/Maps/Perdiste_Level
[2025.07.22-01.56.48:758][893]LogLoad: LoadMap: /Game/ThirdPersonBP/Maps/Perdiste_Level
[2025.07.22-01.56.48:758][893]LogWorld: BeginTearingDown for /Game/ThirdPersonBP/Maps/UEDPIE_0_ThirdPersonExampleMap
[2025.07.22-01.56.48:759][893]LogWorld: UWorld::CleanupWorld for ThirdPersonExampleMap, bSessionEnded=true, bCleanupResources=true
[2025.07.22-01.56.48:761][893]LogSlate: InvalidateAllWidgets triggered.  All widgets were invalidated
[2025.07.22-01.56.48:871][893]LogAudio: Display: Audio Device unregistered from world 'None'.
[2025.07.22-01.56.48:882][893]LogUObjectHash: Compacting FUObjectHashTables data took   8.16ms
[2025.07.22-01.56.48:928][893]LogAudio: Display: Audio Device (ID: 25) registered with world 'Perdiste_Level'.
[2025.07.22-01.56.48:930][893]LogAIModule: Creating AISystem for world Perdiste_Level
[2025.07.22-01.56.48:931][893]LogLoad: Game class is 'ReglasJuego_C'
[2025.07.22-01.56.49:018][893]LogWorld: Bringing World /Game/ThirdPersonBP/Maps/UEDPIE_0_Perdiste_Level.Perdiste_Level up for play (max tick rate 60) at 2025.07.21-22.56.49
[2025.07.22-01.56.49:019][893]LogWorld: Bringing up level for play took: 0.086232
[2025.07.22-01.56.49:020][893]LogGameMode: FindPlayerStart: PATHS NOT DEFINED or NO PLAYERSTART with positive rating
[2025.07.22-01.56.49:024][893]LogBlueprintUserMessages: [plataforma_2] Buenas buenas!
[2025.07.22-01.56.49:025][893]LogLoad: Took 0.267881 seconds to LoadMap(/Game/ThirdPersonBP/Maps/Perdiste_Level)
[2025.07.22-01.56.49:113][893]LogSlate: Updating window title bar state: overlay mode, drag disabled, window buttons hidden, title bar hidden
[2025.07.22-01.56.49:113][893]LogWorld: BeginTearingDown for /Game/ThirdPersonBP/Maps/UEDPIE_0_Perdiste_Level
[2025.07.22-01.56.49:113][893]LogWorld: UWorld::CleanupWorld for Perdiste_Level, bSessionEnded=true, bCleanupResources=true
[2025.07.22-01.56.49:114][893]LogSlate: InvalidateAllWidgets triggered.  All widgets were invalidated
[2025.07.22-01.56.49:132][893]LogPlayLevel: Display: Shutting down PIE online subsystems
[2025.07.22-01.56.49:174][893]LogSlate: InvalidateAllWidgets triggered.  All widgets were invalidated
[2025.07.22-01.56.49:246][893]LogSlate: Updating window title bar state: overlay mode, drag disabled, window buttons hidden, title bar hidden
[2025.07.22-01.56.49:246][893]LogAudioMixer: FMixerPlatformXAudio2::StopAudioStream() called
[2025.07.22-01.56.49:248][893]LogAudioMixer: FMixerPlatformXAudio2::StopAudioStream() called
[2025.07.22-01.56.49:262][893]LogUObjectHash: Compacting FUObjectHashTables data took   6.86ms
[2025.07.22-01.56.49:507][894]LogPlayLevel: Display: Destroying online subsystem :Context_53
[2025.07.22-01.56.53:330][ 30]LogSlate: Window 'Message Log' being destroyed
[2025.07.22-01.56.53:358][ 30]LogSlate: Window 'Message Log' being destroyed
[2025.07.22-01.58.07:141][ 96]LogSavePackage: Moving '../../../../../UTN-e-learning/Unreal-Engine/Unreal-Projects/TP_PreEntrega/Saved/particulas_enemy_spawnedC68E45A9491DE280D315BEB3AAEB94BD.tmp' to '../../../../../UTN-e-learning/Unreal-Engine/Unreal-Projects/TP_PreEntrega/Content/ThirdPersonBP/Blueprints/blueprints/particulas_enemy_spawned.uasset'
[2025.07.22-01.58.07:224][ 96]AssetCheck: New page: Asset Save: particulas_enemy_spawned
[2025.07.22-01.58.07:224][ 96]LogContentValidation: Display: Validating ParticleSystem /Game/ThirdPersonBP/Blueprints/blueprints/particulas_enemy_spawned.particulas_enemy_spawned
[2025.07.22-01.58.09:616][160]LogTemp: Repeating last play command: Selected Viewport
[2025.07.22-01.58.09:679][160]LogPlayLevel: PlayLevel: No blueprints needed recompiling
[2025.07.22-01.58.09:679][160]PIE: New page: PIE session: ThirdPersonExampleMap (Jul 21, 2025, 7:58:09 PM)
[2025.07.22-01.58.09:680][160]LogPlayLevel: Creating play world package: /Game/ThirdPersonBP/Maps/UEDPIE_0_ThirdPersonExampleMap
[2025.07.22-01.58.09:734][160]LogPlayLevel: PIE: StaticDuplicateObject took: (0.054808s)
[2025.07.22-01.58.09:737][160]LogAIModule: Creating AISystem for world ThirdPersonExampleMap
[2025.07.22-01.58.09:737][160]LogPlayLevel: PIE: World Init took: (0.002948s)
[2025.07.22-01.58.09:738][160]LogPlayLevel: PIE: Created PIE world by copying editor world from /Game/ThirdPersonBP/Maps/ThirdPersonExampleMap.ThirdPersonExampleMap to /Game/ThirdPersonBP/Maps/UEDPIE_0_ThirdPersonExampleMap.ThirdPersonExampleMap (0.058176s)
[2025.07.22-01.58.09:833][160]LogUObjectHash: Compacting FUObjectHashTables data took   8.14ms
[2025.07.22-01.58.09:836][160]LogAudio: Display: Creating Audio Device:                 Id: 26, Scope: Unique, Realtime: True
[2025.07.22-01.58.09:836][160]LogAudioMixer: Display: Audio Mixer Platform Settings:
[2025.07.22-01.58.09:836][160]LogAudioMixer: Display: 	Sample Rate:						  48000
[2025.07.22-01.58.09:836][160]LogAudioMixer: Display: 	Callback Buffer Frame Size Requested: 1024
[2025.07.22-01.58.09:836][160]LogAudioMixer: Display: 	Callback Buffer Frame Size To Use:	  1024
[2025.07.22-01.58.09:836][160]LogAudioMixer: Display: 	Number of buffers to queue:			  2
[2025.07.22-01.58.09:836][160]LogAudioMixer: Display: 	Max Channels (voices):				  32
[2025.07.22-01.58.09:836][160]LogAudioMixer: Display: 	Number of Async Source Workers:		  0
[2025.07.22-01.58.09:836][160]LogAudio: Display: AudioDevice MaxSources: 32
[2025.07.22-01.58.09:837][160]LogAudio: Display: Audio Spatialization Plugin: None (built-in).
[2025.07.22-01.58.09:837][160]LogAudio: Display: Audio Reverb Plugin: None (built-in).
[2025.07.22-01.58.09:837][160]LogAudio: Display: Audio Occlusion Plugin: None (built-in).
[2025.07.22-01.58.09:837][160]LogAudioMixer: Display: Initializing audio mixer.
[2025.07.22-01.58.09:847][160]LogAudioMixer: Display: 0: FrontLeft
[2025.07.22-01.58.09:847][160]LogAudioMixer: Display: 1: FrontRight
[2025.07.22-01.58.09:874][160]LogAudioMixer: Display: Using Audio Device Headphones (SOUNDPEATS Opera05)
[2025.07.22-01.58.09:875][160]LogAudioMixer: Display: Initializing Sound Submixes...
[2025.07.22-01.58.09:875][160]LogAudioMixer: Display: Creating Master Submix 'MasterSubmixDefault'
[2025.07.22-01.58.09:875][160]LogAudioMixer: Display: Creating Master Submix 'MasterReverbSubmixDefault'
[2025.07.22-01.58.09:876][160]LogAudioMixer: Display: Creating Master Submix 'MasterEQSubmixDefault'
[2025.07.22-01.58.09:876][160]LogAudioMixer: FMixerPlatformXAudio2::StartAudioStream() called
[2025.07.22-01.58.09:876][160]LogAudioMixer: Display: Output buffers initialized: Frames=1024, Channels=2, Samples=2048
[2025.07.22-01.58.09:877][160]LogAudioMixer: Display: Starting AudioMixerPlatformInterface::RunInternal()
[2025.07.22-01.58.09:877][160]LogAudioMixer: Display: FMixerPlatformXAudio2::SubmitBuffer() called for the first time
[2025.07.22-01.58.09:877][160]LogInit: FAudioDevice initialized.
[2025.07.22-01.58.09:877][160]LogAudio: Display: Audio Device (ID: 26) registered with world 'ThirdPersonExampleMap'.
[2025.07.22-01.58.09:890][160]LogLoad: Game class is 'ReglasJuego_C'
[2025.07.22-01.58.09:901][160]LogWorld: Bringing World /Game/ThirdPersonBP/Maps/UEDPIE_0_ThirdPersonExampleMap.ThirdPersonExampleMap up for play (max tick rate 60) at 2025.07.21-22.58.09
[2025.07.22-01.58.09:902][160]LogWorld: Bringing up level for play took: 0.010760
[2025.07.22-01.58.09:902][160]LogOnline: OSS: Creating online subsystem instance for: :Context_54
[2025.07.22-01.58.09:905][160]LogBlueprintUserMessages: [plataforma_2] Buenas buenas!
[2025.07.22-01.58.09:909][160]PIE: Server logged in
[2025.07.22-01.58.09:910][160]PIE: Play in editor total start time 0.268 seconds.
[2025.07.22-01.58.16:399][389]LogBlueprintUserMessages: [Balaza_C_2] Le reste 20 al peoncito
[2025.07.22-01.58.16:573][395]LogBlueprintUserMessages: [enemy_bullet_C_9] El peoncito perdio 10 de vida!!!!
[2025.07.22-01.58.18:615][464]LogSlate: Updating window title bar state: overlay mode, drag disabled, window buttons hidden, title bar hidden
[2025.07.22-01.58.18:615][464]LogWorld: BeginTearingDown for /Game/ThirdPersonBP/Maps/UEDPIE_0_ThirdPersonExampleMap
[2025.07.22-01.58.18:616][464]LogWorld: UWorld::CleanupWorld for ThirdPersonExampleMap, bSessionEnded=true, bCleanupResources=true
[2025.07.22-01.58.18:617][464]LogSlate: InvalidateAllWidgets triggered.  All widgets were invalidated
[2025.07.22-01.58.18:636][464]LogPlayLevel: Display: Shutting down PIE online subsystems
[2025.07.22-01.58.18:664][464]LogSlate: InvalidateAllWidgets triggered.  All widgets were invalidated
[2025.07.22-01.58.18:724][464]LogSlate: Updating window title bar state: overlay mode, drag disabled, window buttons hidden, title bar hidden
[2025.07.22-01.58.18:725][464]LogAudioMixer: FMixerPlatformXAudio2::StopAudioStream() called
[2025.07.22-01.58.18:727][464]LogAudioMixer: FMixerPlatformXAudio2::StopAudioStream() called
[2025.07.22-01.58.18:740][464]LogUObjectHash: Compacting FUObjectHashTables data took   7.19ms
[2025.07.22-01.58.18:860][465]LogPlayLevel: Display: Destroying online subsystem :Context_54
[2025.07.22-01.58.53:943][289]LogSavePackage: Moving '../../../../../UTN-e-learning/Unreal-Engine/Unreal-Projects/TP_PreEntrega/Saved/particulas_enemy_spawned109AE1E046AD0920039DAEBD85FEEA8F.tmp' to '../../../../../UTN-e-learning/Unreal-Engine/Unreal-Projects/TP_PreEntrega/Content/ThirdPersonBP/Blueprints/blueprints/particulas_enemy_spawned.uasset'
[2025.07.22-01.58.53:997][289]AssetCheck: New page: Asset Save: particulas_enemy_spawned
[2025.07.22-01.58.53:997][289]LogContentValidation: Display: Validating ParticleSystem /Game/ThirdPersonBP/Blueprints/blueprints/particulas_enemy_spawned.particulas_enemy_spawned
[2025.07.22-01.58.56:470][355]LogTemp: Repeating last play command: Selected Viewport
[2025.07.22-01.58.56:513][355]LogPlayLevel: PlayLevel: No blueprints needed recompiling
[2025.07.22-01.58.56:513][355]PIE: New page: PIE session: ThirdPersonExampleMap (Jul 21, 2025, 7:58:56 PM)
[2025.07.22-01.58.56:513][355]LogPlayLevel: Creating play world package: /Game/ThirdPersonBP/Maps/UEDPIE_0_ThirdPersonExampleMap
[2025.07.22-01.58.56:540][355]LogPlayLevel: PIE: StaticDuplicateObject took: (0.026462s)
[2025.07.22-01.58.56:541][355]LogAIModule: Creating AISystem for world ThirdPersonExampleMap
[2025.07.22-01.58.56:541][355]LogPlayLevel: PIE: World Init took: (0.001370s)
[2025.07.22-01.58.56:541][355]LogPlayLevel: PIE: Created PIE world by copying editor world from /Game/ThirdPersonBP/Maps/ThirdPersonExampleMap.ThirdPersonExampleMap to /Game/ThirdPersonBP/Maps/UEDPIE_0_ThirdPersonExampleMap.ThirdPersonExampleMap (0.028050s)
[2025.07.22-01.58.56:608][355]LogUObjectHash: Compacting FUObjectHashTables data took   7.39ms
[2025.07.22-01.58.56:611][355]LogAudio: Display: Creating Audio Device:                 Id: 27, Scope: Unique, Realtime: True
[2025.07.22-01.58.56:611][355]LogAudioMixer: Display: Audio Mixer Platform Settings:
[2025.07.22-01.58.56:611][355]LogAudioMixer: Display: 	Sample Rate:						  48000
[2025.07.22-01.58.56:611][355]LogAudioMixer: Display: 	Callback Buffer Frame Size Requested: 1024
[2025.07.22-01.58.56:611][355]LogAudioMixer: Display: 	Callback Buffer Frame Size To Use:	  1024
[2025.07.22-01.58.56:611][355]LogAudioMixer: Display: 	Number of buffers to queue:			  2
[2025.07.22-01.58.56:611][355]LogAudioMixer: Display: 	Max Channels (voices):				  32
[2025.07.22-01.58.56:611][355]LogAudioMixer: Display: 	Number of Async Source Workers:		  0
[2025.07.22-01.58.56:611][355]LogAudio: Display: AudioDevice MaxSources: 32
[2025.07.22-01.58.56:612][355]LogAudio: Display: Audio Spatialization Plugin: None (built-in).
[2025.07.22-01.58.56:612][355]LogAudio: Display: Audio Reverb Plugin: None (built-in).
[2025.07.22-01.58.56:612][355]LogAudio: Display: Audio Occlusion Plugin: None (built-in).
[2025.07.22-01.58.56:612][355]LogAudioMixer: Display: Initializing audio mixer.
[2025.07.22-01.58.56:623][355]LogAudioMixer: Display: 0: FrontLeft
[2025.07.22-01.58.56:624][355]LogAudioMixer: Display: 1: FrontRight
[2025.07.22-01.58.56:662][355]LogAudioMixer: Display: Using Audio Device Headphones (SOUNDPEATS Opera05)
[2025.07.22-01.58.56:663][355]LogAudioMixer: Display: Initializing Sound Submixes...
[2025.07.22-01.58.56:663][355]LogAudioMixer: Display: Creating Master Submix 'MasterSubmixDefault'
[2025.07.22-01.58.56:663][355]LogAudioMixer: Display: Creating Master Submix 'MasterReverbSubmixDefault'
[2025.07.22-01.58.56:663][355]LogAudioMixer: Display: Creating Master Submix 'MasterEQSubmixDefault'
[2025.07.22-01.58.56:663][355]LogAudioMixer: FMixerPlatformXAudio2::StartAudioStream() called
[2025.07.22-01.58.56:664][355]LogAudioMixer: Display: Output buffers initialized: Frames=1024, Channels=2, Samples=2048
[2025.07.22-01.58.56:665][355]LogAudioMixer: Display: Starting AudioMixerPlatformInterface::RunInternal()
[2025.07.22-01.58.56:665][355]LogAudioMixer: Display: FMixerPlatformXAudio2::SubmitBuffer() called for the first time
[2025.07.22-01.58.56:665][355]LogInit: FAudioDevice initialized.
[2025.07.22-01.58.56:665][355]LogAudio: Display: Audio Device (ID: 27) registered with world 'ThirdPersonExampleMap'.
[2025.07.22-01.58.56:681][355]LogLoad: Game class is 'ReglasJuego_C'
[2025.07.22-01.58.56:696][355]LogWorld: Bringing World /Game/ThirdPersonBP/Maps/UEDPIE_0_ThirdPersonExampleMap.ThirdPersonExampleMap up for play (max tick rate 60) at 2025.07.21-22.58.56
[2025.07.22-01.58.56:697][355]LogWorld: Bringing up level for play took: 0.013383
[2025.07.22-01.58.56:697][355]LogOnline: OSS: Creating online subsystem instance for: :Context_55
[2025.07.22-01.58.56:701][355]LogBlueprintUserMessages: [plataforma_2] Buenas buenas!
[2025.07.22-01.58.56:705][355]PIE: Server logged in
[2025.07.22-01.58.56:707][355]PIE: Play in editor total start time 0.216 seconds.
[2025.07.22-01.59.02:958][567]LogBlueprintUserMessages: [Balaza_C_2] Le reste 20 al peoncito
[2025.07.22-01.59.03:965][601]LogBlueprintUserMessages: [enemy_misil_C_1] El peoncito perdio 10 de vida!!!!
[2025.07.22-01.59.05:914][673]LogBlueprintUserMessages: [enemy_bullet_C_18] El peoncito perdio 10 de vida!!!!
[2025.07.22-01.59.06:634][698]LogSlate: Updating window title bar state: overlay mode, drag disabled, window buttons hidden, title bar hidden
[2025.07.22-01.59.06:634][698]LogWorld: BeginTearingDown for /Game/ThirdPersonBP/Maps/UEDPIE_0_ThirdPersonExampleMap
[2025.07.22-01.59.06:635][698]LogWorld: UWorld::CleanupWorld for ThirdPersonExampleMap, bSessionEnded=true, bCleanupResources=true
[2025.07.22-01.59.06:637][698]LogSlate: InvalidateAllWidgets triggered.  All widgets were invalidated
[2025.07.22-01.59.06:656][698]LogPlayLevel: Display: Shutting down PIE online subsystems
[2025.07.22-01.59.06:691][698]LogSlate: InvalidateAllWidgets triggered.  All widgets were invalidated
[2025.07.22-01.59.06:759][698]LogSlate: Updating window title bar state: overlay mode, drag disabled, window buttons hidden, title bar hidden
[2025.07.22-01.59.06:759][698]LogAudioMixer: FMixerPlatformXAudio2::StopAudioStream() called
[2025.07.22-01.59.06:761][698]LogAudioMixer: FMixerPlatformXAudio2::StopAudioStream() called
[2025.07.22-01.59.06:774][698]LogUObjectHash: Compacting FUObjectHashTables data took   6.91ms
[2025.07.22-01.59.06:851][699]LogPlayLevel: Display: Destroying online subsystem :Context_55
[2025.07.22-01.59.10:744][825]LogTemp: Repeating last play command: Selected Viewport
[2025.07.22-01.59.10:794][825]LogPlayLevel: PlayLevel: No blueprints needed recompiling
[2025.07.22-01.59.10:794][825]PIE: New page: PIE session: ThirdPersonExampleMap (Jul 21, 2025, 7:59:10 PM)
[2025.07.22-01.59.10:795][825]LogPlayLevel: Creating play world package: /Game/ThirdPersonBP/Maps/UEDPIE_0_ThirdPersonExampleMap
[2025.07.22-01.59.10:828][825]LogPlayLevel: PIE: StaticDuplicateObject took: (0.033353s)
[2025.07.22-01.59.10:830][825]LogAIModule: Creating AISystem for world ThirdPersonExampleMap
[2025.07.22-01.59.10:830][825]LogPlayLevel: PIE: World Init took: (0.001654s)
[2025.07.22-01.59.10:830][825]LogPlayLevel: PIE: Created PIE world by copying editor world from /Game/ThirdPersonBP/Maps/ThirdPersonExampleMap.ThirdPersonExampleMap to /Game/ThirdPersonBP/Maps/UEDPIE_0_ThirdPersonExampleMap.ThirdPersonExampleMap (0.035271s)
[2025.07.22-01.59.10:896][825]LogUObjectHash: Compacting FUObjectHashTables data took   6.87ms
[2025.07.22-01.59.10:898][825]LogAudio: Display: Creating Audio Device:                 Id: 28, Scope: Unique, Realtime: True
[2025.07.22-01.59.10:898][825]LogAudioMixer: Display: Audio Mixer Platform Settings:
[2025.07.22-01.59.10:898][825]LogAudioMixer: Display: 	Sample Rate:						  48000
[2025.07.22-01.59.10:898][825]LogAudioMixer: Display: 	Callback Buffer Frame Size Requested: 1024
[2025.07.22-01.59.10:898][825]LogAudioMixer: Display: 	Callback Buffer Frame Size To Use:	  1024
[2025.07.22-01.59.10:898][825]LogAudioMixer: Display: 	Number of buffers to queue:			  2
[2025.07.22-01.59.10:898][825]LogAudioMixer: Display: 	Max Channels (voices):				  32
[2025.07.22-01.59.10:898][825]LogAudioMixer: Display: 	Number of Async Source Workers:		  0
[2025.07.22-01.59.10:898][825]LogAudio: Display: AudioDevice MaxSources: 32
[2025.07.22-01.59.10:898][825]LogAudio: Display: Audio Spatialization Plugin: None (built-in).
[2025.07.22-01.59.10:898][825]LogAudio: Display: Audio Reverb Plugin: None (built-in).
[2025.07.22-01.59.10:898][825]LogAudio: Display: Audio Occlusion Plugin: None (built-in).
[2025.07.22-01.59.10:898][825]LogAudioMixer: Display: Initializing audio mixer.
[2025.07.22-01.59.10:906][825]LogAudioMixer: Display: 0: FrontLeft
[2025.07.22-01.59.10:906][825]LogAudioMixer: Display: 1: FrontRight
[2025.07.22-01.59.10:929][825]LogAudioMixer: Display: Using Audio Device Headphones (SOUNDPEATS Opera05)
[2025.07.22-01.59.10:929][825]LogAudioMixer: Display: Initializing Sound Submixes...
[2025.07.22-01.59.10:929][825]LogAudioMixer: Display: Creating Master Submix 'MasterSubmixDefault'
[2025.07.22-01.59.10:929][825]LogAudioMixer: Display: Creating Master Submix 'MasterReverbSubmixDefault'
[2025.07.22-01.59.10:930][825]LogAudioMixer: Display: Creating Master Submix 'MasterEQSubmixDefault'
[2025.07.22-01.59.10:930][825]LogAudioMixer: FMixerPlatformXAudio2::StartAudioStream() called
[2025.07.22-01.59.10:930][825]LogAudioMixer: Display: Output buffers initialized: Frames=1024, Channels=2, Samples=2048
[2025.07.22-01.59.10:931][825]LogAudioMixer: Display: Starting AudioMixerPlatformInterface::RunInternal()
[2025.07.22-01.59.10:931][825]LogAudioMixer: Display: FMixerPlatformXAudio2::SubmitBuffer() called for the first time
[2025.07.22-01.59.10:931][825]LogInit: FAudioDevice initialized.
[2025.07.22-01.59.10:931][825]LogAudio: Display: Audio Device (ID: 28) registered with world 'ThirdPersonExampleMap'.
[2025.07.22-01.59.10:939][825]LogLoad: Game class is 'ReglasJuego_C'
[2025.07.22-01.59.10:949][825]LogWorld: Bringing World /Game/ThirdPersonBP/Maps/UEDPIE_0_ThirdPersonExampleMap.ThirdPersonExampleMap up for play (max tick rate 60) at 2025.07.21-22.59.10
[2025.07.22-01.59.10:950][825]LogWorld: Bringing up level for play took: 0.008834
[2025.07.22-01.59.10:950][825]LogOnline: OSS: Creating online subsystem instance for: :Context_56
[2025.07.22-01.59.10:953][825]LogBlueprintUserMessages: [plataforma_2] Buenas buenas!
[2025.07.22-01.59.10:956][825]PIE: Server logged in
[2025.07.22-01.59.10:957][825]PIE: Play in editor total start time 0.193 seconds.
[2025.07.22-01.59.13:034][897]LogBlueprintUserMessages: [ReglasJuego_C_0] El puntaje subio!
[2025.07.22-01.59.13:035][897]LogBlueprintUserMessages: [ReglasJuego_C_0] 2
[2025.07.22-01.59.14:942][967]LogBlueprintUserMessages: [ReglasJuego_C_0] El puntaje subio!
[2025.07.22-01.59.14:942][967]LogBlueprintUserMessages: [ReglasJuego_C_0] 4
[2025.07.22-01.59.17:336][ 51]LogBlueprintUserMessages: [enemy_bullet_C_9] El peoncito perdio 10 de vida!!!!
[2025.07.22-01.59.17:660][ 61]LogBlueprintUserMessages: [enemy_bullet_C_4] El peoncito perdio 10 de vida!!!!
[2025.07.22-01.59.18:384][ 85]LogBlueprintUserMessages: [enemy_bullet_C_12] El peoncito perdio 10 de vida!!!!
[2025.07.22-01.59.19:507][118]LogBlueprintUserMessages: [enemy_bullet_C_14] El peoncito perdio 10 de vida!!!!
[2025.07.22-01.59.19:599][119]LogSlate: Updating window title bar state: overlay mode, drag disabled, window buttons hidden, title bar hidden
[2025.07.22-01.59.19:599][119]LogWorld: BeginTearingDown for /Game/ThirdPersonBP/Maps/UEDPIE_0_ThirdPersonExampleMap
[2025.07.22-01.59.19:601][119]LogWorld: UWorld::CleanupWorld for ThirdPersonExampleMap, bSessionEnded=true, bCleanupResources=true
[2025.07.22-01.59.19:603][119]LogSlate: InvalidateAllWidgets triggered.  All widgets were invalidated
[2025.07.22-01.59.19:626][119]LogPlayLevel: Display: Shutting down PIE online subsystems
[2025.07.22-01.59.19:666][119]LogSlate: InvalidateAllWidgets triggered.  All widgets were invalidated
[2025.07.22-01.59.19:749][119]LogSlate: Updating window title bar state: overlay mode, drag disabled, window buttons hidden, title bar hidden
[2025.07.22-01.59.19:751][119]LogAudioMixer: FMixerPlatformXAudio2::StopAudioStream() called
[2025.07.22-01.59.19:753][119]LogAudioMixer: FMixerPlatformXAudio2::StopAudioStream() called
[2025.07.22-01.59.19:772][119]LogUObjectHash: Compacting FUObjectHashTables data took   9.43ms
[2025.07.22-01.59.19:896][120]LogPlayLevel: Display: Destroying online subsystem :Context_56
[2025.07.22-01.59.42:469][612]LogSavePackage: Moving '../../../../../UTN-e-learning/Unreal-Engine/Unreal-Projects/TP_PreEntrega/Saved/particulas_enemy_spawned12E32BFF4DD63ECE4CBE668650C3BCCB.tmp' to '../../../../../UTN-e-learning/Unreal-Engine/Unreal-Projects/TP_PreEntrega/Content/ThirdPersonBP/Blueprints/blueprints/particulas_enemy_spawned.uasset'
[2025.07.22-01.59.42:538][612]AssetCheck: New page: Asset Save: particulas_enemy_spawned
[2025.07.22-01.59.42:538][612]LogContentValidation: Display: Validating ParticleSystem /Game/ThirdPersonBP/Blueprints/blueprints/particulas_enemy_spawned.particulas_enemy_spawned
[2025.07.22-02.00.08:749][326]LogSavePackage: Moving '../../../../../UTN-e-learning/Unreal-Engine/Unreal-Projects/TP_PreEntrega/Saved/particulas_enemy_spawned52B7DB0547C99D436BA25CA4F7DCD461.tmp' to '../../../../../UTN-e-learning/Unreal-Engine/Unreal-Projects/TP_PreEntrega/Content/ThirdPersonBP/Blueprints/blueprints/particulas_enemy_spawned.uasset'
[2025.07.22-02.00.08:813][326]AssetCheck: New page: Asset Save: particulas_enemy_spawned
[2025.07.22-02.00.08:813][326]LogContentValidation: Display: Validating ParticleSystem /Game/ThirdPersonBP/Blueprints/blueprints/particulas_enemy_spawned.particulas_enemy_spawned
[2025.07.22-02.00.11:650][409]LogTemp: Repeating last play command: Selected Viewport
[2025.07.22-02.00.11:694][409]LogPlayLevel: PlayLevel: No blueprints needed recompiling
[2025.07.22-02.00.11:695][409]PIE: New page: PIE session: ThirdPersonExampleMap (Jul 21, 2025, 8:00:11 PM)
[2025.07.22-02.00.11:696][409]LogPlayLevel: Creating play world package: /Game/ThirdPersonBP/Maps/UEDPIE_0_ThirdPersonExampleMap
[2025.07.22-02.00.11:725][409]LogPlayLevel: PIE: StaticDuplicateObject took: (0.030115s)
[2025.07.22-02.00.11:727][409]LogAIModule: Creating AISystem for world ThirdPersonExampleMap
[2025.07.22-02.00.11:727][409]LogPlayLevel: PIE: World Init took: (0.001505s)
[2025.07.22-02.00.11:727][409]LogPlayLevel: PIE: Created PIE world by copying editor world from /Game/ThirdPersonBP/Maps/ThirdPersonExampleMap.ThirdPersonExampleMap to /Game/ThirdPersonBP/Maps/UEDPIE_0_ThirdPersonExampleMap.ThirdPersonExampleMap (0.031830s)
[2025.07.22-02.00.11:792][409]LogUObjectHash: Compacting FUObjectHashTables data took   5.69ms
[2025.07.22-02.00.11:795][409]LogAudio: Display: Creating Audio Device:                 Id: 29, Scope: Unique, Realtime: True
[2025.07.22-02.00.11:795][409]LogAudioMixer: Display: Audio Mixer Platform Settings:
[2025.07.22-02.00.11:795][409]LogAudioMixer: Display: 	Sample Rate:						  48000
[2025.07.22-02.00.11:795][409]LogAudioMixer: Display: 	Callback Buffer Frame Size Requested: 1024
[2025.07.22-02.00.11:795][409]LogAudioMixer: Display: 	Callback Buffer Frame Size To Use:	  1024
[2025.07.22-02.00.11:795][409]LogAudioMixer: Display: 	Number of buffers to queue:			  2
[2025.07.22-02.00.11:795][409]LogAudioMixer: Display: 	Max Channels (voices):				  32
[2025.07.22-02.00.11:795][409]LogAudioMixer: Display: 	Number of Async Source Workers:		  0
[2025.07.22-02.00.11:795][409]LogAudio: Display: AudioDevice MaxSources: 32
[2025.07.22-02.00.11:795][409]LogAudio: Display: Audio Spatialization Plugin: None (built-in).
[2025.07.22-02.00.11:795][409]LogAudio: Display: Audio Reverb Plugin: None (built-in).
[2025.07.22-02.00.11:795][409]LogAudio: Display: Audio Occlusion Plugin: None (built-in).
[2025.07.22-02.00.11:795][409]LogAudioMixer: Display: Initializing audio mixer.
[2025.07.22-02.00.11:802][409]LogAudioMixer: Display: 0: FrontLeft
[2025.07.22-02.00.11:802][409]LogAudioMixer: Display: 1: FrontRight
[2025.07.22-02.00.11:825][409]LogAudioMixer: Display: Using Audio Device Headphones (SOUNDPEATS Opera05)
[2025.07.22-02.00.11:826][409]LogAudioMixer: Display: Initializing Sound Submixes...
[2025.07.22-02.00.11:826][409]LogAudioMixer: Display: Creating Master Submix 'MasterSubmixDefault'
[2025.07.22-02.00.11:826][409]LogAudioMixer: Display: Creating Master Submix 'MasterReverbSubmixDefault'
[2025.07.22-02.00.11:827][409]LogAudioMixer: Display: Creating Master Submix 'MasterEQSubmixDefault'
[2025.07.22-02.00.11:827][409]LogAudioMixer: FMixerPlatformXAudio2::StartAudioStream() called
[2025.07.22-02.00.11:827][409]LogAudioMixer: Display: Output buffers initialized: Frames=1024, Channels=2, Samples=2048
[2025.07.22-02.00.11:828][409]LogAudioMixer: Display: Starting AudioMixerPlatformInterface::RunInternal()
[2025.07.22-02.00.11:828][409]LogAudioMixer: Display: FMixerPlatformXAudio2::SubmitBuffer() called for the first time
[2025.07.22-02.00.11:828][409]LogInit: FAudioDevice initialized.
[2025.07.22-02.00.11:828][409]LogAudio: Display: Audio Device (ID: 29) registered with world 'ThirdPersonExampleMap'.
[2025.07.22-02.00.11:837][409]LogLoad: Game class is 'ReglasJuego_C'
[2025.07.22-02.00.11:847][409]LogWorld: Bringing World /Game/ThirdPersonBP/Maps/UEDPIE_0_ThirdPersonExampleMap.ThirdPersonExampleMap up for play (max tick rate 60) at 2025.07.21-23.00.11
[2025.07.22-02.00.11:848][409]LogWorld: Bringing up level for play took: 0.010439
[2025.07.22-02.00.11:848][409]LogOnline: OSS: Creating online subsystem instance for: :Context_57
[2025.07.22-02.00.11:851][409]LogBlueprintUserMessages: [plataforma_2] Buenas buenas!
[2025.07.22-02.00.11:855][409]PIE: Server logged in
[2025.07.22-02.00.11:857][409]PIE: Play in editor total start time 0.187 seconds.
[2025.07.22-02.00.13:911][485]LogBlueprintUserMessages: [ReglasJuego_C_0] El puntaje subio!
[2025.07.22-02.00.13:912][485]LogBlueprintUserMessages: [ReglasJuego_C_0] 2
[2025.07.22-02.00.14:322][500]LogBlueprintUserMessages: [ReglasJuego_C_0] El puntaje subio!
[2025.07.22-02.00.14:322][500]LogBlueprintUserMessages: [ReglasJuego_C_0] 4
[2025.07.22-02.00.17:726][629]LogBlueprintUserMessages: [enemy_bullet_C_7] El peoncito perdio 10 de vida!!!!
[2025.07.22-02.00.19:758][702]LogBlueprintUserMessages: [enemy_bullet_C_14] El peoncito perdio 10 de vida!!!!
[2025.07.22-02.00.20:569][730]LogSlate: Updating window title bar state: overlay mode, drag disabled, window buttons hidden, title bar hidden
[2025.07.22-02.00.20:569][730]LogWorld: BeginTearingDown for /Game/ThirdPersonBP/Maps/UEDPIE_0_ThirdPersonExampleMap
[2025.07.22-02.00.20:569][730]LogWorld: UWorld::CleanupWorld for ThirdPersonExampleMap, bSessionEnded=true, bCleanupResources=true
[2025.07.22-02.00.20:571][730]LogSlate: InvalidateAllWidgets triggered.  All widgets were invalidated
[2025.07.22-02.00.20:593][730]LogPlayLevel: Display: Shutting down PIE online subsystems
[2025.07.22-02.00.20:625][730]LogSlate: InvalidateAllWidgets triggered.  All widgets were invalidated
[2025.07.22-02.00.20:694][730]LogSlate: Updating window title bar state: overlay mode, drag disabled, window buttons hidden, title bar hidden
[2025.07.22-02.00.20:695][730]LogAudioMixer: FMixerPlatformXAudio2::StopAudioStream() called
[2025.07.22-02.00.20:697][730]LogAudioMixer: FMixerPlatformXAudio2::StopAudioStream() called
[2025.07.22-02.00.20:712][730]LogUObjectHash: Compacting FUObjectHashTables data took   7.18ms
[2025.07.22-02.00.20:809][731]LogPlayLevel: Display: Destroying online subsystem :Context_57
[2025.07.22-02.00.43:234][247]LogSavePackage: Moving '../../../../../UTN-e-learning/Unreal-Engine/Unreal-Projects/TP_PreEntrega/Saved/ParticulasEnemySpawnedMaterial6E083BB44F360DAEFA5C40AF118C44D5.tmp' to '../../../../../UTN-e-learning/Unreal-Engine/Unreal-Projects/TP_PreEntrega/Content/ThirdPersonBP/Blueprints/blueprints/ParticulasEnemySpawnedMaterial.uasset'
[2025.07.22-02.00.43:283][247]AssetCheck: New page: Asset Save: ParticulasEnemySpawnedMaterial
[2025.07.22-02.00.43:283][247]LogContentValidation: Display: Validating Blueprint /Game/ThirdPersonBP/Blueprints/blueprints/ParticulasEnemySpawnedMaterial.ParticulasEnemySpawnedMaterial
[2025.07.22-02.00.45:545][324]LogTemp: Repeating last play command: Selected Viewport
[2025.07.22-02.00.45:574][324]BlueprintLog: New page: Pre-Play auto-recompile
[2025.07.22-02.00.45:579][324]LogPlayLevel: [PlayLevel] Compiling ParticulasEnemySpawnedMaterial before play...
[2025.07.22-02.00.45:723][324]LogUObjectHash: Compacting FUObjectHashTables data took  12.14ms
[2025.07.22-02.00.45:726][324]LogPlayLevel: PlayLevel: Blueprint regeneration took 151 ms (1 blueprints)
[2025.07.22-02.00.45:726][324]PIE: New page: PIE session: ThirdPersonExampleMap (Jul 21, 2025, 8:00:45 PM)
[2025.07.22-02.00.45:726][324]LogPlayLevel: Creating play world package: /Game/ThirdPersonBP/Maps/UEDPIE_0_ThirdPersonExampleMap
[2025.07.22-02.00.45:761][324]LogPlayLevel: PIE: StaticDuplicateObject took: (0.035541s)
[2025.07.22-02.00.45:763][324]LogAIModule: Creating AISystem for world ThirdPersonExampleMap
[2025.07.22-02.00.45:763][324]LogPlayLevel: PIE: World Init took: (0.001561s)
[2025.07.22-02.00.45:763][324]LogPlayLevel: PIE: Created PIE world by copying editor world from /Game/ThirdPersonBP/Maps/ThirdPersonExampleMap.ThirdPersonExampleMap to /Game/ThirdPersonBP/Maps/UEDPIE_0_ThirdPersonExampleMap.ThirdPersonExampleMap (0.037379s)
[2025.07.22-02.00.45:837][324]LogUObjectHash: Compacting FUObjectHashTables data took   7.36ms
[2025.07.22-02.00.45:838][324]LogAudio: Display: Creating Audio Device:                 Id: 30, Scope: Unique, Realtime: True
[2025.07.22-02.00.45:838][324]LogAudioMixer: Display: Audio Mixer Platform Settings:
[2025.07.22-02.00.45:838][324]LogAudioMixer: Display: 	Sample Rate:						  48000
[2025.07.22-02.00.45:838][324]LogAudioMixer: Display: 	Callback Buffer Frame Size Requested: 1024
[2025.07.22-02.00.45:838][324]LogAudioMixer: Display: 	Callback Buffer Frame Size To Use:	  1024
[2025.07.22-02.00.45:838][324]LogAudioMixer: Display: 	Number of buffers to queue:			  2
[2025.07.22-02.00.45:838][324]LogAudioMixer: Display: 	Max Channels (voices):				  32
[2025.07.22-02.00.45:838][324]LogAudioMixer: Display: 	Number of Async Source Workers:		  0
[2025.07.22-02.00.45:838][324]LogAudio: Display: AudioDevice MaxSources: 32
[2025.07.22-02.00.45:839][324]LogAudio: Display: Audio Spatialization Plugin: None (built-in).
[2025.07.22-02.00.45:839][324]LogAudio: Display: Audio Reverb Plugin: None (built-in).
[2025.07.22-02.00.45:839][324]LogAudio: Display: Audio Occlusion Plugin: None (built-in).
[2025.07.22-02.00.45:839][324]LogAudioMixer: Display: Initializing audio mixer.
[2025.07.22-02.00.45:848][324]LogAudioMixer: Display: 0: FrontLeft
[2025.07.22-02.00.45:848][324]LogAudioMixer: Display: 1: FrontRight
[2025.07.22-02.00.45:887][324]LogAudioMixer: Display: Using Audio Device Headphones (SOUNDPEATS Opera05)
[2025.07.22-02.00.45:888][324]LogAudioMixer: Display: Initializing Sound Submixes...
[2025.07.22-02.00.45:888][324]LogAudioMixer: Display: Creating Master Submix 'MasterSubmixDefault'
[2025.07.22-02.00.45:888][324]LogAudioMixer: Display: Creating Master Submix 'MasterReverbSubmixDefault'
[2025.07.22-02.00.45:888][324]LogAudioMixer: Display: Creating Master Submix 'MasterEQSubmixDefault'
[2025.07.22-02.00.45:888][324]LogAudioMixer: FMixerPlatformXAudio2::StartAudioStream() called
[2025.07.22-02.00.45:889][324]LogAudioMixer: Display: Output buffers initialized: Frames=1024, Channels=2, Samples=2048
[2025.07.22-02.00.45:890][324]LogAudioMixer: Display: Starting AudioMixerPlatformInterface::RunInternal()
[2025.07.22-02.00.45:890][324]LogAudioMixer: Display: FMixerPlatformXAudio2::SubmitBuffer() called for the first time
[2025.07.22-02.00.45:890][324]LogInit: FAudioDevice initialized.
[2025.07.22-02.00.45:890][324]LogAudio: Display: Audio Device (ID: 30) registered with world 'ThirdPersonExampleMap'.
[2025.07.22-02.00.45:904][324]LogLoad: Game class is 'ReglasJuego_C'
[2025.07.22-02.00.45:918][324]LogWorld: Bringing World /Game/ThirdPersonBP/Maps/UEDPIE_0_ThirdPersonExampleMap.ThirdPersonExampleMap up for play (max tick rate 60) at 2025.07.21-23.00.45
[2025.07.22-02.00.45:919][324]LogWorld: Bringing up level for play took: 0.012763
[2025.07.22-02.00.45:920][324]LogOnline: OSS: Creating online subsystem instance for: :Context_58
[2025.07.22-02.00.45:923][324]LogBlueprintUserMessages: [plataforma_2] Buenas buenas!
[2025.07.22-02.00.45:927][324]PIE: Server logged in
[2025.07.22-02.00.45:928][324]PIE: Play in editor total start time 0.37 seconds.
[2025.07.22-02.00.47:968][402]LogBlueprintUserMessages: [ReglasJuego_C_0] El puntaje subio!
[2025.07.22-02.00.47:968][402]LogBlueprintUserMessages: [ReglasJuego_C_0] 2
[2025.07.22-02.00.48:319][415]LogBlueprintUserMessages: [ReglasJuego_C_0] El puntaje subio!
[2025.07.22-02.00.48:319][415]LogBlueprintUserMessages: [ReglasJuego_C_0] 4
[2025.07.22-02.00.49:662][475]LogBlueprintUserMessages: [enemy_bullet_C_4] El peoncito perdio 10 de vida!!!!
[2025.07.22-02.00.49:804][483]LogBlueprintUserMessages: [enemy_bullet_C_6] El peoncito perdio 10 de vida!!!!
[2025.07.22-02.00.54:668][671]LogBlueprintUserMessages: [enemy_bullet_C_13] El peoncito perdio 10 de vida!!!!
[2025.07.22-02.00.55:237][696]LogBlueprintUserMessages: [enemy_misil_C_1] El peoncito perdio 10 de vida!!!!
[2025.07.22-02.00.55:792][723]LogBlueprintUserMessages: [enemy_bullet_C_15] El peoncito perdio 10 de vida!!!!
[2025.07.22-02.00.57:984][816]LogSlate: Updating window title bar state: overlay mode, drag disabled, window buttons hidden, title bar hidden
[2025.07.22-02.00.57:984][816]LogWorld: BeginTearingDown for /Game/ThirdPersonBP/Maps/UEDPIE_0_ThirdPersonExampleMap
[2025.07.22-02.00.57:986][816]LogWorld: UWorld::CleanupWorld for ThirdPersonExampleMap, bSessionEnded=true, bCleanupResources=true
[2025.07.22-02.00.57:987][816]LogSlate: InvalidateAllWidgets triggered.  All widgets were invalidated
[2025.07.22-02.00.58:004][816]LogPlayLevel: Display: Shutting down PIE online subsystems
[2025.07.22-02.00.58:038][816]LogSlate: InvalidateAllWidgets triggered.  All widgets were invalidated
[2025.07.22-02.00.58:119][816]LogAudio: Display: Audio Device unregistered from world 'None'.
[2025.07.22-02.00.58:120][816]LogAudioMixer: FMixerPlatformXAudio2::StopAudioStream() called
[2025.07.22-02.00.58:122][816]LogAudioMixer: FMixerPlatformXAudio2::StopAudioStream() called
[2025.07.22-02.00.58:127][816]LogSlate: Updating window title bar state: overlay mode, drag disabled, window buttons hidden, title bar hidden
[2025.07.22-02.00.58:142][816]LogUObjectHash: Compacting FUObjectHashTables data took   9.11ms
[2025.07.22-02.00.58:289][817]LogPlayLevel: Display: Destroying online subsystem :Context_58
[2025.07.22-02.07.35:380][207]LogUObjectHash: Compacting FUObjectHashTables data took   4.26ms
[2025.07.22-02.07.35:442][207]LogSavePackage: Moving '../../../../../UTN-e-learning/Unreal-Engine/Unreal-Projects/TP_PreEntrega/Saved/ThirdPersonExampleMap_Auto2542F2B5246A582CA9DFEE9AFBAED2B40.tmp' to '../../../../../UTN-e-learning/Unreal-Engine/Unreal-Projects/TP_PreEntrega/Saved/Autosaves/Game/ThirdPersonBP/Maps/ThirdPersonExampleMap_Auto2.umap'
[2025.07.22-02.07.35:446][207]LogFileHelpers: Editor autosave (incl. external actors) for '/Game/ThirdPersonBP/Maps/ThirdPersonExampleMap' took 0.119
[2025.07.22-02.07.35:446][207]LogFileHelpers: Editor autosave (incl. sublevels & external actors) for all levels took 0.119
[2025.07.22-02.12.32:297][ 96]LogTemp: Repeating last play command: Selected Viewport
[2025.07.22-02.12.32:321][ 96]LogPlayLevel: PlayLevel: No blueprints needed recompiling
[2025.07.22-02.12.32:322][ 96]PIE: New page: PIE session: ThirdPersonExampleMap (Jul 21, 2025, 8:12:32 PM)
[2025.07.22-02.12.32:357][ 96]LogPlayLevel: Creating play world package: /Game/ThirdPersonBP/Maps/UEDPIE_0_ThirdPersonExampleMap
[2025.07.22-02.12.32:377][ 96]LogPlayLevel: PIE: StaticDuplicateObject took: (0.020461s)
[2025.07.22-02.12.32:377][ 96]LogAIModule: Creating AISystem for world ThirdPersonExampleMap
[2025.07.22-02.12.32:378][ 96]LogPlayLevel: PIE: World Init took: (0.001347s)
[2025.07.22-02.12.32:378][ 96]LogPlayLevel: PIE: Created PIE world by copying editor world from /Game/ThirdPersonBP/Maps/ThirdPersonExampleMap.ThirdPersonExampleMap to /Game/ThirdPersonBP/Maps/UEDPIE_0_ThirdPersonExampleMap.ThirdPersonExampleMap (0.022025s)
[2025.07.22-02.12.32:443][ 96]LogUObjectHash: Compacting FUObjectHashTables data took   4.72ms
[2025.07.22-02.12.32:444][ 96]LogAudio: Display: Creating Audio Device:                 Id: 31, Scope: Unique, Realtime: True
[2025.07.22-02.12.32:444][ 96]LogAudioMixer: Display: Audio Mixer Platform Settings:
[2025.07.22-02.12.32:444][ 96]LogAudioMixer: Display: 	Sample Rate:						  48000
[2025.07.22-02.12.32:444][ 96]LogAudioMixer: Display: 	Callback Buffer Frame Size Requested: 1024
[2025.07.22-02.12.32:444][ 96]LogAudioMixer: Display: 	Callback Buffer Frame Size To Use:	  1024
[2025.07.22-02.12.32:444][ 96]LogAudioMixer: Display: 	Number of buffers to queue:			  2
[2025.07.22-02.12.32:444][ 96]LogAudioMixer: Display: 	Max Channels (voices):				  32
[2025.07.22-02.12.32:444][ 96]LogAudioMixer: Display: 	Number of Async Source Workers:		  0
[2025.07.22-02.12.32:444][ 96]LogAudio: Display: AudioDevice MaxSources: 32
[2025.07.22-02.12.32:445][ 96]LogAudio: Display: Audio Spatialization Plugin: None (built-in).
[2025.07.22-02.12.32:445][ 96]LogAudio: Display: Audio Reverb Plugin: None (built-in).
[2025.07.22-02.12.32:445][ 96]LogAudio: Display: Audio Occlusion Plugin: None (built-in).
[2025.07.22-02.12.32:446][ 96]LogAudioMixer: Display: Initializing audio mixer.
[2025.07.22-02.12.32:450][ 96]LogAudioMixer: Display: 0: FrontLeft
[2025.07.22-02.12.32:450][ 96]LogAudioMixer: Display: 1: FrontRight
[2025.07.22-02.12.32:464][ 96]LogAudioMixer: Display: Using Audio Device Headphones (SOUNDPEATS Opera05)
[2025.07.22-02.12.32:464][ 96]LogAudioMixer: Display: Initializing Sound Submixes...
[2025.07.22-02.12.32:464][ 96]LogAudioMixer: Display: Creating Master Submix 'MasterSubmixDefault'
[2025.07.22-02.12.32:464][ 96]LogAudioMixer: Display: Creating Master Submix 'MasterReverbSubmixDefault'
[2025.07.22-02.12.32:465][ 96]LogAudioMixer: Display: Creating Master Submix 'MasterEQSubmixDefault'
[2025.07.22-02.12.32:465][ 96]LogAudioMixer: FMixerPlatformXAudio2::StartAudioStream() called
[2025.07.22-02.12.32:465][ 96]LogAudioMixer: Display: Output buffers initialized: Frames=1024, Channels=2, Samples=2048
[2025.07.22-02.12.32:466][ 96]LogAudioMixer: Display: Starting AudioMixerPlatformInterface::RunInternal()
[2025.07.22-02.12.32:466][ 96]LogAudioMixer: Display: FMixerPlatformXAudio2::SubmitBuffer() called for the first time
[2025.07.22-02.12.32:466][ 96]LogInit: FAudioDevice initialized.
[2025.07.22-02.12.32:466][ 96]LogAudio: Display: Audio Device (ID: 31) registered with world 'ThirdPersonExampleMap'.
[2025.07.22-02.12.32:474][ 96]LogLoad: Game class is 'ReglasJuego_C'
[2025.07.22-02.12.32:479][ 96]LogWorld: Bringing World /Game/ThirdPersonBP/Maps/UEDPIE_0_ThirdPersonExampleMap.ThirdPersonExampleMap up for play (max tick rate 60) at 2025.07.21-23.12.32
[2025.07.22-02.12.32:480][ 96]LogWorld: Bringing up level for play took: 0.005798
[2025.07.22-02.12.32:480][ 96]LogOnline: OSS: Creating online subsystem instance for: :Context_59
[2025.07.22-02.12.32:483][ 96]LogBlueprintUserMessages: [plataforma_2] Buenas buenas!
[2025.07.22-02.12.32:485][ 96]PIE: Server logged in
[2025.07.22-02.12.32:485][ 96]PIE: Play in editor total start time 0.177 seconds.
[2025.07.22-02.12.36:884][356]LogBlueprintUserMessages: [enemy_misil_C_0] El peoncito perdio 10 de vida!!!!
[2025.07.22-02.12.41:638][640]LogBlueprintUserMessages: [ReglasJuego_C_0] El puntaje subio!
[2025.07.22-02.12.41:638][640]LogBlueprintUserMessages: [ReglasJuego_C_0] 2
[2025.07.22-02.12.43:174][732]LogBlueprintUserMessages: [enemy_bullet_C_20] El peoncito perdio 10 de vida!!!!
[2025.07.22-02.12.43:940][778]LogBlueprintUserMessages: [ReglasJuego_C_0] El puntaje subio!
[2025.07.22-02.12.43:940][778]LogBlueprintUserMessages: [ReglasJuego_C_0] 4
[2025.07.22-02.12.44:762][824]LogSlate: Updating window title bar state: overlay mode, drag disabled, window buttons hidden, title bar hidden
[2025.07.22-02.12.44:763][824]LogWorld: BeginTearingDown for /Game/ThirdPersonBP/Maps/UEDPIE_0_ThirdPersonExampleMap
[2025.07.22-02.12.44:763][824]LogWorld: UWorld::CleanupWorld for ThirdPersonExampleMap, bSessionEnded=true, bCleanupResources=true
[2025.07.22-02.12.44:764][824]LogSlate: InvalidateAllWidgets triggered.  All widgets were invalidated
[2025.07.22-02.12.44:778][824]LogPlayLevel: Display: Shutting down PIE online subsystems
[2025.07.22-02.12.44:796][824]LogSlate: InvalidateAllWidgets triggered.  All widgets were invalidated
[2025.07.22-02.12.44:841][824]LogAudio: Display: Audio Device unregistered from world 'None'.
[2025.07.22-02.12.44:841][824]LogAudioMixer: FMixerPlatformXAudio2::StopAudioStream() called
[2025.07.22-02.12.44:842][824]LogAudioMixer: FMixerPlatformXAudio2::StopAudioStream() called
[2025.07.22-02.12.44:844][824]LogSlate: Updating window title bar state: overlay mode, drag disabled, window buttons hidden, title bar hidden
[2025.07.22-02.12.44:850][824]LogUObjectHash: Compacting FUObjectHashTables data took   4.97ms
[2025.07.22-02.12.44:909][825]LogPlayLevel: Display: Destroying online subsystem :Context_59
[2025.07.22-02.12.46:127][872]LogAssetEditorSubsystem: Opening Asset editor for ParticleSystem /Game/ThirdPersonBP/Blueprints/blueprints/particulas.particulas
[2025.07.22-02.15.10:227][452]LogTemp: Repeating last play command: Selected Viewport
[2025.07.22-02.15.10:283][452]LogPlayLevel: PlayLevel: No blueprints needed recompiling
[2025.07.22-02.15.10:283][452]PIE: New page: PIE session: ThirdPersonExampleMap (Jul 21, 2025, 8:15:10 PM)
[2025.07.22-02.15.10:283][452]LogPlayLevel: Creating play world package: /Game/ThirdPersonBP/Maps/UEDPIE_0_ThirdPersonExampleMap
[2025.07.22-02.15.10:329][452]LogPlayLevel: PIE: StaticDuplicateObject took: (0.045154s)
[2025.07.22-02.15.10:331][452]LogAIModule: Creating AISystem for world ThirdPersonExampleMap
[2025.07.22-02.15.10:332][452]LogPlayLevel: PIE: World Init took: (0.002813s)
[2025.07.22-02.15.10:332][452]LogPlayLevel: PIE: Created PIE world by copying editor world from /Game/ThirdPersonBP/Maps/ThirdPersonExampleMap.ThirdPersonExampleMap to /Game/ThirdPersonBP/Maps/UEDPIE_0_ThirdPersonExampleMap.ThirdPersonExampleMap (0.048306s)
[2025.07.22-02.15.10:438][452]LogUObjectHash: Compacting FUObjectHashTables data took   9.58ms
[2025.07.22-02.15.10:446][452]LogAudio: Display: Creating Audio Device:                 Id: 32, Scope: Unique, Realtime: True
[2025.07.22-02.15.10:446][452]LogAudioMixer: Display: Audio Mixer Platform Settings:
[2025.07.22-02.15.10:446][452]LogAudioMixer: Display: 	Sample Rate:						  48000
[2025.07.22-02.15.10:446][452]LogAudioMixer: Display: 	Callback Buffer Frame Size Requested: 1024
[2025.07.22-02.15.10:446][452]LogAudioMixer: Display: 	Callback Buffer Frame Size To Use:	  1024
[2025.07.22-02.15.10:446][452]LogAudioMixer: Display: 	Number of buffers to queue:			  2
[2025.07.22-02.15.10:446][452]LogAudioMixer: Display: 	Max Channels (voices):				  32
[2025.07.22-02.15.10:446][452]LogAudioMixer: Display: 	Number of Async Source Workers:		  0
[2025.07.22-02.15.10:446][452]LogAudio: Display: AudioDevice MaxSources: 32
[2025.07.22-02.15.10:447][452]LogAudio: Display: Audio Spatialization Plugin: None (built-in).
[2025.07.22-02.15.10:447][452]LogAudio: Display: Audio Reverb Plugin: None (built-in).
[2025.07.22-02.15.10:447][452]LogAudio: Display: Audio Occlusion Plugin: None (built-in).
[2025.07.22-02.15.10:447][452]LogAudioMixer: Display: Initializing audio mixer.
[2025.07.22-02.15.10:457][452]LogAudioMixer: Display: 0: FrontLeft
[2025.07.22-02.15.10:457][452]LogAudioMixer: Display: 1: FrontRight
[2025.07.22-02.15.10:492][452]LogAudioMixer: Display: Using Audio Device Headphones (SOUNDPEATS Opera05)
[2025.07.22-02.15.10:493][452]LogAudioMixer: Display: Initializing Sound Submixes...
[2025.07.22-02.15.10:493][452]LogAudioMixer: Display: Creating Master Submix 'MasterSubmixDefault'
[2025.07.22-02.15.10:493][452]LogAudioMixer: Display: Creating Master Submix 'MasterReverbSubmixDefault'
[2025.07.22-02.15.10:493][452]LogAudioMixer: Display: Creating Master Submix 'MasterEQSubmixDefault'
[2025.07.22-02.15.10:494][452]LogAudioMixer: FMixerPlatformXAudio2::StartAudioStream() called
[2025.07.22-02.15.10:494][452]LogAudioMixer: Display: Output buffers initialized: Frames=1024, Channels=2, Samples=2048
[2025.07.22-02.15.10:495][452]LogAudioMixer: Display: Starting AudioMixerPlatformInterface::RunInternal()
[2025.07.22-02.15.10:495][452]LogAudioMixer: Display: FMixerPlatformXAudio2::SubmitBuffer() called for the first time
[2025.07.22-02.15.10:495][452]LogInit: FAudioDevice initialized.
[2025.07.22-02.15.10:495][452]LogAudio: Display: Audio Device (ID: 32) registered with world 'ThirdPersonExampleMap'.
[2025.07.22-02.15.10:508][452]LogLoad: Game class is 'ReglasJuego_C'
[2025.07.22-02.15.10:521][452]LogWorld: Bringing World /Game/ThirdPersonBP/Maps/UEDPIE_0_ThirdPersonExampleMap.ThirdPersonExampleMap up for play (max tick rate 60) at 2025.07.21-23.15.10
[2025.07.22-02.15.10:522][452]LogWorld: Bringing up level for play took: 0.012505
[2025.07.22-02.15.10:523][452]LogOnline: OSS: Creating online subsystem instance for: :Context_61
[2025.07.22-02.15.10:527][452]LogBlueprintUserMessages: [plataforma_2] Buenas buenas!
[2025.07.22-02.15.10:532][452]PIE: Server logged in
[2025.07.22-02.15.10:533][452]PIE: Play in editor total start time 0.28 seconds.
[2025.07.22-02.15.12:461][528]LogBlueprintUserMessages: [ReglasJuego_C_0] El puntaje subio!
[2025.07.22-02.15.12:461][528]LogBlueprintUserMessages: [ReglasJuego_C_0] 2
[2025.07.22-02.15.12:838][544]LogBlueprintUserMessages: [ReglasJuego_C_0] El puntaje subio!
[2025.07.22-02.15.12:838][544]LogBlueprintUserMessages: [ReglasJuego_C_0] 4
[2025.07.22-02.15.14:371][607]LogBlueprintUserMessages: [enemy_misil_C_0] El peoncito perdio 10 de vida!!!!
[2025.07.22-02.15.14:581][618]LogBlueprintUserMessages: [enemy_bullet_C_4] El peoncito perdio 10 de vida!!!!
[2025.07.22-02.15.15:765][659]LogBlueprintUserMessages: [enemy_bullet_C_6] El peoncito perdio 10 de vida!!!!
[2025.07.22-02.15.16:143][674]LogBlueprintUserMessages: [enemy_bullet_C_5] El peoncito perdio 10 de vida!!!!
[2025.07.22-02.15.16:281][677]LogSlate: Updating window title bar state: overlay mode, drag disabled, window buttons hidden, title bar hidden
[2025.07.22-02.15.16:281][677]LogWorld: BeginTearingDown for /Game/ThirdPersonBP/Maps/UEDPIE_0_ThirdPersonExampleMap
[2025.07.22-02.15.16:282][677]LogWorld: UWorld::CleanupWorld for ThirdPersonExampleMap, bSessionEnded=true, bCleanupResources=true
[2025.07.22-02.15.16:285][677]LogSlate: InvalidateAllWidgets triggered.  All widgets were invalidated
[2025.07.22-02.15.16:303][677]LogPlayLevel: Display: Shutting down PIE online subsystems
[2025.07.22-02.15.16:343][677]LogSlate: InvalidateAllWidgets triggered.  All widgets were invalidated
[2025.07.22-02.15.16:389][677]LogAudio: Display: Audio Device unregistered from world 'None'.
[2025.07.22-02.15.16:389][677]LogAudioMixer: FMixerPlatformXAudio2::StopAudioStream() called
[2025.07.22-02.15.16:390][677]LogAudioMixer: FMixerPlatformXAudio2::StopAudioStream() called
[2025.07.22-02.15.16:392][677]LogSlate: Updating window title bar state: overlay mode, drag disabled, window buttons hidden, title bar hidden
[2025.07.22-02.15.16:400][677]LogUObjectHash: Compacting FUObjectHashTables data took   5.43ms
[2025.07.22-02.15.16:482][678]LogPlayLevel: Display: Destroying online subsystem :Context_61
[2025.07.22-02.16.48:770][479]LogSavePackage: Moving '../../../../../UTN-e-learning/Unreal-Engine/Unreal-Projects/TP_PreEntrega/Saved/particulas_enemy_spawnedCD7C69744DE7128E3C636AB43AE0793F.tmp' to '../../../../../UTN-e-learning/Unreal-Engine/Unreal-Projects/TP_PreEntrega/Content/ThirdPersonBP/Blueprints/blueprints/particulas_enemy_spawned.uasset'
[2025.07.22-02.16.48:824][479]AssetCheck: New page: Asset Save: particulas_enemy_spawned
[2025.07.22-02.16.48:824][479]LogContentValidation: Display: Validating ParticleSystem /Game/ThirdPersonBP/Blueprints/blueprints/particulas_enemy_spawned.particulas_enemy_spawned
[2025.07.22-02.16.52:266][589]LogTemp: Repeating last play command: Selected Viewport
[2025.07.22-02.16.52:311][589]LogPlayLevel: PlayLevel: No blueprints needed recompiling
[2025.07.22-02.16.52:311][589]PIE: New page: PIE session: ThirdPersonExampleMap (Jul 21, 2025, 8:16:52 PM)
[2025.07.22-02.16.52:311][589]LogPlayLevel: Creating play world package: /Game/ThirdPersonBP/Maps/UEDPIE_0_ThirdPersonExampleMap
[2025.07.22-02.16.52:339][589]LogPlayLevel: PIE: StaticDuplicateObject took: (0.027689s)
[2025.07.22-02.16.52:341][589]LogAIModule: Creating AISystem for world ThirdPersonExampleMap
[2025.07.22-02.16.52:341][589]LogPlayLevel: PIE: World Init took: (0.001928s)
[2025.07.22-02.16.52:341][589]LogPlayLevel: PIE: Created PIE world by copying editor world from /Game/ThirdPersonBP/Maps/ThirdPersonExampleMap.ThirdPersonExampleMap to /Game/ThirdPersonBP/Maps/UEDPIE_0_ThirdPersonExampleMap.ThirdPersonExampleMap (0.029818s)
[2025.07.22-02.16.52:404][589]LogUObjectHash: Compacting FUObjectHashTables data took   5.95ms
[2025.07.22-02.16.52:407][589]LogAudio: Display: Creating Audio Device:                 Id: 33, Scope: Unique, Realtime: True
[2025.07.22-02.16.52:408][589]LogAudioMixer: Display: Audio Mixer Platform Settings:
[2025.07.22-02.16.52:408][589]LogAudioMixer: Display: 	Sample Rate:						  48000
[2025.07.22-02.16.52:408][589]LogAudioMixer: Display: 	Callback Buffer Frame Size Requested: 1024
[2025.07.22-02.16.52:408][589]LogAudioMixer: Display: 	Callback Buffer Frame Size To Use:	  1024
[2025.07.22-02.16.52:408][589]LogAudioMixer: Display: 	Number of buffers to queue:			  2
[2025.07.22-02.16.52:408][589]LogAudioMixer: Display: 	Max Channels (voices):				  32
[2025.07.22-02.16.52:408][589]LogAudioMixer: Display: 	Number of Async Source Workers:		  0
[2025.07.22-02.16.52:408][589]LogAudio: Display: AudioDevice MaxSources: 32
[2025.07.22-02.16.52:408][589]LogAudio: Display: Audio Spatialization Plugin: None (built-in).
[2025.07.22-02.16.52:408][589]LogAudio: Display: Audio Reverb Plugin: None (built-in).
[2025.07.22-02.16.52:408][589]LogAudio: Display: Audio Occlusion Plugin: None (built-in).
[2025.07.22-02.16.52:408][589]LogAudioMixer: Display: Initializing audio mixer.
[2025.07.22-02.16.52:414][589]LogAudioMixer: Display: 0: FrontLeft
[2025.07.22-02.16.52:415][589]LogAudioMixer: Display: 1: FrontRight
[2025.07.22-02.16.52:438][589]LogAudioMixer: Display: Using Audio Device Headphones (SOUNDPEATS Opera05)
[2025.07.22-02.16.52:438][589]LogAudioMixer: Display: Initializing Sound Submixes...
[2025.07.22-02.16.52:438][589]LogAudioMixer: Display: Creating Master Submix 'MasterSubmixDefault'
[2025.07.22-02.16.52:438][589]LogAudioMixer: Display: Creating Master Submix 'MasterReverbSubmixDefault'
[2025.07.22-02.16.52:439][589]LogAudioMixer: Display: Creating Master Submix 'MasterEQSubmixDefault'
[2025.07.22-02.16.52:439][589]LogAudioMixer: FMixerPlatformXAudio2::StartAudioStream() called
[2025.07.22-02.16.52:439][589]LogAudioMixer: Display: Output buffers initialized: Frames=1024, Channels=2, Samples=2048
[2025.07.22-02.16.52:440][589]LogAudioMixer: Display: Starting AudioMixerPlatformInterface::RunInternal()
[2025.07.22-02.16.52:440][589]LogAudioMixer: Display: FMixerPlatformXAudio2::SubmitBuffer() called for the first time
[2025.07.22-02.16.52:440][589]LogInit: FAudioDevice initialized.
[2025.07.22-02.16.52:440][589]LogAudio: Display: Audio Device (ID: 33) registered with world 'ThirdPersonExampleMap'.
[2025.07.22-02.16.52:454][589]LogLoad: Game class is 'ReglasJuego_C'
[2025.07.22-02.16.52:465][589]LogWorld: Bringing World /Game/ThirdPersonBP/Maps/UEDPIE_0_ThirdPersonExampleMap.ThirdPersonExampleMap up for play (max tick rate 60) at 2025.07.21-23.16.52
[2025.07.22-02.16.52:466][589]LogWorld: Bringing up level for play took: 0.009452
[2025.07.22-02.16.52:466][589]LogOnline: OSS: Creating online subsystem instance for: :Context_62
[2025.07.22-02.16.52:469][589]LogBlueprintUserMessages: [plataforma_2] Buenas buenas!
[2025.07.22-02.16.52:474][589]PIE: Server logged in
[2025.07.22-02.16.52:474][589]PIE: Play in editor total start time 0.187 seconds.
[2025.07.22-02.16.54:493][667]LogBlueprintUserMessages: [ReglasJuego_C_0] El puntaje subio!
[2025.07.22-02.16.54:494][667]LogBlueprintUserMessages: [ReglasJuego_C_0] 2
[2025.07.22-02.16.54:867][682]LogBlueprintUserMessages: [ReglasJuego_C_0] El puntaje subio!
[2025.07.22-02.16.54:867][682]LogBlueprintUserMessages: [ReglasJuego_C_0] 4
[2025.07.22-02.16.56:440][746]LogBlueprintUserMessages: [enemy_misil_C_0] El peoncito perdio 10 de vida!!!!
[2025.07.22-02.16.56:511][749]LogBlueprintUserMessages: [enemy_bullet_C_4] El peoncito perdio 10 de vida!!!!
[2025.07.22-02.16.57:489][788]LogBlueprintUserMessages: [enemy_bullet_C_6] El peoncito perdio 10 de vida!!!!
[2025.07.22-02.16.58:470][828]LogBlueprintUserMessages: [enemy_misil_C_1] El peoncito perdio 10 de vida!!!!
[2025.07.22-02.17.00:518][906]LogSlate: Updating window title bar state: overlay mode, drag disabled, window buttons hidden, title bar hidden
[2025.07.22-02.17.00:518][906]LogWorld: BeginTearingDown for /Game/ThirdPersonBP/Maps/UEDPIE_0_ThirdPersonExampleMap
[2025.07.22-02.17.00:519][906]LogWorld: UWorld::CleanupWorld for ThirdPersonExampleMap, bSessionEnded=true, bCleanupResources=true
[2025.07.22-02.17.00:521][906]LogSlate: InvalidateAllWidgets triggered.  All widgets were invalidated
[2025.07.22-02.17.00:534][906]LogPlayLevel: Display: Shutting down PIE online subsystems
[2025.07.22-02.17.00:564][906]LogSlate: InvalidateAllWidgets triggered.  All widgets were invalidated
[2025.07.22-02.17.00:627][906]LogSlate: Updating window title bar state: overlay mode, drag disabled, window buttons hidden, title bar hidden
[2025.07.22-02.17.00:627][906]LogAudioMixer: FMixerPlatformXAudio2::StopAudioStream() called
[2025.07.22-02.17.00:629][906]LogAudioMixer: FMixerPlatformXAudio2::StopAudioStream() called
[2025.07.22-02.17.00:644][906]LogUObjectHash: Compacting FUObjectHashTables data took   7.85ms
[2025.07.22-02.17.00:709][907]LogPlayLevel: Display: Destroying online subsystem :Context_62
[2025.07.22-02.17.22:989][558]LogSavePackage: Moving '../../../../../UTN-e-learning/Unreal-Engine/Unreal-Projects/TP_PreEntrega/Saved/particulas_enemy_spawnedCA7F2775408B97BF6DE43ABEC5843E38.tmp' to '../../../../../UTN-e-learning/Unreal-Engine/Unreal-Projects/TP_PreEntrega/Content/ThirdPersonBP/Blueprints/blueprints/particulas_enemy_spawned.uasset'
[2025.07.22-02.17.23:049][558]AssetCheck: New page: Asset Save: particulas_enemy_spawned
[2025.07.22-02.17.23:049][558]LogContentValidation: Display: Validating ParticleSystem /Game/ThirdPersonBP/Blueprints/blueprints/particulas_enemy_spawned.particulas_enemy_spawned
[2025.07.22-02.17.49:168][339]LogSavePackage: Moving '../../../../../UTN-e-learning/Unreal-Engine/Unreal-Projects/TP_PreEntrega/Saved/particulas_enemy_spawned26ED45044FFD389DF4DB15B03BC6FADB.tmp' to '../../../../../UTN-e-learning/Unreal-Engine/Unreal-Projects/TP_PreEntrega/Content/ThirdPersonBP/Blueprints/blueprints/particulas_enemy_spawned.uasset'
[2025.07.22-02.17.49:219][339]AssetCheck: New page: Asset Save: particulas_enemy_spawned
[2025.07.22-02.17.49:219][339]LogContentValidation: Display: Validating ParticleSystem /Game/ThirdPersonBP/Blueprints/blueprints/particulas_enemy_spawned.particulas_enemy_spawned
[2025.07.22-02.17.53:441][466]LogTemp: Repeating last play command: Selected Viewport
[2025.07.22-02.17.53:496][466]LogPlayLevel: PlayLevel: No blueprints needed recompiling
[2025.07.22-02.17.53:496][466]PIE: New page: PIE session: ThirdPersonExampleMap (Jul 21, 2025, 8:17:53 PM)
[2025.07.22-02.17.53:497][466]LogPlayLevel: Creating play world package: /Game/ThirdPersonBP/Maps/UEDPIE_0_ThirdPersonExampleMap
[2025.07.22-02.17.53:531][466]LogPlayLevel: PIE: StaticDuplicateObject took: (0.034277s)
[2025.07.22-02.17.53:533][466]LogAIModule: Creating AISystem for world ThirdPersonExampleMap
[2025.07.22-02.17.53:534][466]LogPlayLevel: PIE: World Init took: (0.002182s)
[2025.07.22-02.17.53:534][466]LogPlayLevel: PIE: Created PIE world by copying editor world from /Game/ThirdPersonBP/Maps/ThirdPersonExampleMap.ThirdPersonExampleMap to /Game/ThirdPersonBP/Maps/UEDPIE_0_ThirdPersonExampleMap.ThirdPersonExampleMap (0.036794s)
[2025.07.22-02.17.53:599][466]LogUObjectHash: Compacting FUObjectHashTables data took   6.63ms
[2025.07.22-02.17.53:602][466]LogAudio: Display: Creating Audio Device:                 Id: 34, Scope: Unique, Realtime: True
[2025.07.22-02.17.53:602][466]LogAudioMixer: Display: Audio Mixer Platform Settings:
[2025.07.22-02.17.53:602][466]LogAudioMixer: Display: 	Sample Rate:						  48000
[2025.07.22-02.17.53:602][466]LogAudioMixer: Display: 	Callback Buffer Frame Size Requested: 1024
[2025.07.22-02.17.53:602][466]LogAudioMixer: Display: 	Callback Buffer Frame Size To Use:	  1024
[2025.07.22-02.17.53:602][466]LogAudioMixer: Display: 	Number of buffers to queue:			  2
[2025.07.22-02.17.53:602][466]LogAudioMixer: Display: 	Max Channels (voices):				  32
[2025.07.22-02.17.53:602][466]LogAudioMixer: Display: 	Number of Async Source Workers:		  0
[2025.07.22-02.17.53:602][466]LogAudio: Display: AudioDevice MaxSources: 32
[2025.07.22-02.17.53:603][466]LogAudio: Display: Audio Spatialization Plugin: None (built-in).
[2025.07.22-02.17.53:603][466]LogAudio: Display: Audio Reverb Plugin: None (built-in).
[2025.07.22-02.17.53:603][466]LogAudio: Display: Audio Occlusion Plugin: None (built-in).
[2025.07.22-02.17.53:603][466]LogAudioMixer: Display: Initializing audio mixer.
[2025.07.22-02.17.53:609][466]LogAudioMixer: Display: 0: FrontLeft
[2025.07.22-02.17.53:609][466]LogAudioMixer: Display: 1: FrontRight
[2025.07.22-02.17.53:631][466]LogAudioMixer: Display: Using Audio Device Headphones (SOUNDPEATS Opera05)
[2025.07.22-02.17.53:631][466]LogAudioMixer: Display: Initializing Sound Submixes...
[2025.07.22-02.17.53:631][466]LogAudioMixer: Display: Creating Master Submix 'MasterSubmixDefault'
[2025.07.22-02.17.53:631][466]LogAudioMixer: Display: Creating Master Submix 'MasterReverbSubmixDefault'
[2025.07.22-02.17.53:632][466]LogAudioMixer: Display: Creating Master Submix 'MasterEQSubmixDefault'
[2025.07.22-02.17.53:632][466]LogAudioMixer: FMixerPlatformXAudio2::StartAudioStream() called
[2025.07.22-02.17.53:632][466]LogAudioMixer: Display: Output buffers initialized: Frames=1024, Channels=2, Samples=2048
[2025.07.22-02.17.53:634][466]LogAudioMixer: Display: Starting AudioMixerPlatformInterface::RunInternal()
[2025.07.22-02.17.53:634][466]LogAudioMixer: Display: FMixerPlatformXAudio2::SubmitBuffer() called for the first time
[2025.07.22-02.17.53:634][466]LogInit: FAudioDevice initialized.
[2025.07.22-02.17.53:634][466]LogAudio: Display: Audio Device (ID: 34) registered with world 'ThirdPersonExampleMap'.
[2025.07.22-02.17.53:646][466]LogLoad: Game class is 'ReglasJuego_C'
[2025.07.22-02.17.53:654][466]LogWorld: Bringing World /Game/ThirdPersonBP/Maps/UEDPIE_0_ThirdPersonExampleMap.ThirdPersonExampleMap up for play (max tick rate 60) at 2025.07.21-23.17.53
[2025.07.22-02.17.53:655][466]LogWorld: Bringing up level for play took: 0.008151
[2025.07.22-02.17.53:656][466]LogOnline: OSS: Creating online subsystem instance for: :Context_63
[2025.07.22-02.17.53:659][466]LogBlueprintUserMessages: [plataforma_2] Buenas buenas!
[2025.07.22-02.17.53:661][466]PIE: Server logged in
[2025.07.22-02.17.53:662][466]PIE: Play in editor total start time 0.198 seconds.
[2025.07.22-02.17.56:724][601]LogBlueprintUserMessages: [Balaza_C_1] Le reste 20 al peoncito
[2025.07.22-02.17.58:549][687]LogBlueprintUserMessages: [enemy_bullet_C_5] El peoncito perdio 10 de vida!!!!
[2025.07.22-02.17.58:693][694]LogBlueprintUserMessages: [Balaza_C_3] Le reste 20 al peoncito
[2025.07.22-02.17.59:403][728]LogBlueprintUserMessages: [Balaza2_C_1] Le reste 30 al peoncito
[2025.07.22-02.17.59:806][747]LogBlueprintUserMessages: [enemy_misil_C_0] El peoncito perdio 10 de vida!!!!
[2025.07.22-02.17.59:807][747]LogBlueprintUserMessages: [peoncito_2] El peoncito murio
[2025.07.22-02.17.59:808][747]LogBlueprintUserMessages: [ReglasJuego_C_0] Noo, perdiste!
[2025.07.22-02.17.59:812][747]LogScript: Warning: Accessed None trying to read property K2Node_DynamicCast_AsPeoncito
	BarraVIda_C /Engine/Transient.UnrealEdEngine_0:GameInstance_32.BarraVIda_C_0
	Function /Game/ThirdPersonBP/Blueprints/blueprints/BarraVIda.BarraVIda_C:GetText_0:0099
[2025.07.22-02.17.59:813][747]PIE: Error: Blueprint Runtime Error: "Accessed None trying to read property K2Node_DynamicCast_AsPeoncito". Blueprint:  BarraVIda Function:  Get Text 0 Graph:  GetText_0 Node:  Return Node
[2025.07.22-02.17.59:832][748]LogNet: Browse: /Game/ThirdPersonBP/Maps/Perdiste_Level
[2025.07.22-02.17.59:832][748]LogLoad: LoadMap: /Game/ThirdPersonBP/Maps/Perdiste_Level
[2025.07.22-02.17.59:832][748]LogWorld: BeginTearingDown for /Game/ThirdPersonBP/Maps/UEDPIE_0_ThirdPersonExampleMap
[2025.07.22-02.17.59:833][748]LogWorld: UWorld::CleanupWorld for ThirdPersonExampleMap, bSessionEnded=true, bCleanupResources=true
[2025.07.22-02.17.59:835][748]LogSlate: InvalidateAllWidgets triggered.  All widgets were invalidated
[2025.07.22-02.17.59:957][748]LogAudio: Display: Audio Device unregistered from world 'None'.
[2025.07.22-02.17.59:965][748]LogUObjectHash: Compacting FUObjectHashTables data took   6.43ms
[2025.07.22-02.18.00:001][748]LogAudio: Display: Audio Device (ID: 34) registered with world 'Perdiste_Level'.
[2025.07.22-02.18.00:003][748]LogAIModule: Creating AISystem for world Perdiste_Level
[2025.07.22-02.18.00:003][748]LogLoad: Game class is 'ReglasJuego_C'
[2025.07.22-02.18.00:094][748]LogWorld: Bringing World /Game/ThirdPersonBP/Maps/UEDPIE_0_Perdiste_Level.Perdiste_Level up for play (max tick rate 60) at 2025.07.21-23.18.00
[2025.07.22-02.18.00:094][748]LogWorld: Bringing up level for play took: 0.089329
[2025.07.22-02.18.00:094][748]LogGameMode: FindPlayerStart: PATHS NOT DEFINED or NO PLAYERSTART with positive rating
[2025.07.22-02.18.00:097][748]LogBlueprintUserMessages: [plataforma_2] Buenas buenas!
[2025.07.22-02.18.00:098][748]LogLoad: Took 0.267073 seconds to LoadMap(/Game/ThirdPersonBP/Maps/Perdiste_Level)
[2025.07.22-02.18.00:104][748]PIE: Error: Blueprint Runtime Error: "Accessed None trying to read property K2Node_DynamicCast_AsPeoncito". Blueprint:  BarraVIda Function:  Get Text 0 Graph:  GetText_0 Node:  Return Node
[2025.07.22-02.18.00:207][749]PIE: Error: Blueprint Runtime Error: "Accessed None trying to read property K2Node_DynamicCast_AsPeoncito". Blueprint:  BarraVIda Function:  Get Text 0 Graph:  GetText_0 Node:  Return Node
[2025.07.22-02.18.00:224][750]PIE: Error: Blueprint Runtime Error: "Accessed None trying to read property K2Node_DynamicCast_AsPeoncito". Blueprint:  BarraVIda Function:  Get Text 0 Graph:  GetText_0 Node:  Return Node
[2025.07.22-02.18.00:242][751]PIE: Error: Blueprint Runtime Error: "Accessed None trying to read property K2Node_DynamicCast_AsPeoncito". Blueprint:  BarraVIda Function:  Get Text 0 Graph:  GetText_0 Node:  Return Node
[2025.07.22-02.18.00:260][752]PIE: Error: Blueprint Runtime Error: "Accessed None trying to read property K2Node_DynamicCast_AsPeoncito". Blueprint:  BarraVIda Function:  Get Text 0 Graph:  GetText_0 Node:  Return Node
[2025.07.22-02.18.00:277][753]PIE: Error: Blueprint Runtime Error: "Accessed None trying to read property K2Node_DynamicCast_AsPeoncito". Blueprint:  BarraVIda Function:  Get Text 0 Graph:  GetText_0 Node:  Return Node
[2025.07.22-02.18.00:295][754]PIE: Error: Blueprint Runtime Error: "Accessed None trying to read property K2Node_DynamicCast_AsPeoncito". Blueprint:  BarraVIda Function:  Get Text 0 Graph:  GetText_0 Node:  Return Node
[2025.07.22-02.18.00:311][755]PIE: Error: Blueprint Runtime Error: "Accessed None trying to read property K2Node_DynamicCast_AsPeoncito". Blueprint:  BarraVIda Function:  Get Text 0 Graph:  GetText_0 Node:  Return Node
[2025.07.22-02.18.00:329][756]PIE: Error: Blueprint Runtime Error: "Accessed None trying to read property K2Node_DynamicCast_AsPeoncito". Blueprint:  BarraVIda Function:  Get Text 0 Graph:  GetText_0 Node:  Return Node
[2025.07.22-02.18.00:345][757]PIE: Error: Blueprint Runtime Error: "Accessed None trying to read property K2Node_DynamicCast_AsPeoncito". Blueprint:  BarraVIda Function:  Get Text 0 Graph:  GetText_0 Node:  Return Node
[2025.07.22-02.18.00:361][758]PIE: Error: Blueprint Runtime Error: "Accessed None trying to read property K2Node_DynamicCast_AsPeoncito". Blueprint:  BarraVIda Function:  Get Text 0 Graph:  GetText_0 Node:  Return Node
[2025.07.22-02.18.00:378][759]PIE: Error: Blueprint Runtime Error: "Accessed None trying to read property K2Node_DynamicCast_AsPeoncito". Blueprint:  BarraVIda Function:  Get Text 0 Graph:  GetText_0 Node:  Return Node
[2025.07.22-02.18.00:397][760]PIE: Error: Blueprint Runtime Error: "Accessed None trying to read property K2Node_DynamicCast_AsPeoncito". Blueprint:  BarraVIda Function:  Get Text 0 Graph:  GetText_0 Node:  Return Node
[2025.07.22-02.18.00:418][761]PIE: Error: Blueprint Runtime Error: "Accessed None trying to read property K2Node_DynamicCast_AsPeoncito". Blueprint:  BarraVIda Function:  Get Text 0 Graph:  GetText_0 Node:  Return Node
[2025.07.22-02.18.00:439][762]PIE: Error: Blueprint Runtime Error: "Accessed None trying to read property K2Node_DynamicCast_AsPeoncito". Blueprint:  BarraVIda Function:  Get Text 0 Graph:  GetText_0 Node:  Return Node
[2025.07.22-02.18.00:462][763]PIE: Error: Blueprint Runtime Error: "Accessed None trying to read property K2Node_DynamicCast_AsPeoncito". Blueprint:  BarraVIda Function:  Get Text 0 Graph:  GetText_0 Node:  Return Node
[2025.07.22-02.18.00:483][764]PIE: Error: Blueprint Runtime Error: "Accessed None trying to read property K2Node_DynamicCast_AsPeoncito". Blueprint:  BarraVIda Function:  Get Text 0 Graph:  GetText_0 Node:  Return Node
[2025.07.22-02.18.00:505][765]PIE: Error: Blueprint Runtime Error: "Accessed None trying to read property K2Node_DynamicCast_AsPeoncito". Blueprint:  BarraVIda Function:  Get Text 0 Graph:  GetText_0 Node:  Return Node
[2025.07.22-02.18.00:528][766]PIE: Error: Blueprint Runtime Error: "Accessed None trying to read property K2Node_DynamicCast_AsPeoncito". Blueprint:  BarraVIda Function:  Get Text 0 Graph:  GetText_0 Node:  Return Node
[2025.07.22-02.18.00:548][767]PIE: Error: Blueprint Runtime Error: "Accessed None trying to read property K2Node_DynamicCast_AsPeoncito". Blueprint:  BarraVIda Function:  Get Text 0 Graph:  GetText_0 Node:  Return Node
[2025.07.22-02.18.00:570][768]PIE: Error: Blueprint Runtime Error: "Accessed None trying to read property K2Node_DynamicCast_AsPeoncito". Blueprint:  BarraVIda Function:  Get Text 0 Graph:  GetText_0 Node:  Return Node
[2025.07.22-02.18.00:594][769]PIE: Error: Blueprint Runtime Error: "Accessed None trying to read property K2Node_DynamicCast_AsPeoncito". Blueprint:  BarraVIda Function:  Get Text 0 Graph:  GetText_0 Node:  Return Node
[2025.07.22-02.18.00:616][770]PIE: Error: Blueprint Runtime Error: "Accessed None trying to read property K2Node_DynamicCast_AsPeoncito". Blueprint:  BarraVIda Function:  Get Text 0 Graph:  GetText_0 Node:  Return Node
[2025.07.22-02.18.00:638][771]PIE: Error: Blueprint Runtime Error: "Accessed None trying to read property K2Node_DynamicCast_AsPeoncito". Blueprint:  BarraVIda Function:  Get Text 0 Graph:  GetText_0 Node:  Return Node
[2025.07.22-02.18.00:656][772]PIE: Error: Blueprint Runtime Error: "Accessed None trying to read property K2Node_DynamicCast_AsPeoncito". Blueprint:  BarraVIda Function:  Get Text 0 Graph:  GetText_0 Node:  Return Node
[2025.07.22-02.18.00:675][773]PIE: Error: Blueprint Runtime Error: "Accessed None trying to read property K2Node_DynamicCast_AsPeoncito". Blueprint:  BarraVIda Function:  Get Text 0 Graph:  GetText_0 Node:  Return Node
[2025.07.22-02.18.00:692][774]PIE: Error: Blueprint Runtime Error: "Accessed None trying to read property K2Node_DynamicCast_AsPeoncito". Blueprint:  BarraVIda Function:  Get Text 0 Graph:  GetText_0 Node:  Return Node
[2025.07.22-02.18.00:761][775]LogSlate: Updating window title bar state: overlay mode, drag disabled, window buttons hidden, title bar hidden
[2025.07.22-02.18.00:761][775]LogWorld: BeginTearingDown for /Game/ThirdPersonBP/Maps/UEDPIE_0_Perdiste_Level
[2025.07.22-02.18.00:761][775]LogWorld: UWorld::CleanupWorld for Perdiste_Level, bSessionEnded=true, bCleanupResources=true
[2025.07.22-02.18.00:761][775]LogSlate: InvalidateAllWidgets triggered.  All widgets were invalidated
[2025.07.22-02.18.00:770][775]LogPlayLevel: Display: Shutting down PIE online subsystems
[2025.07.22-02.18.00:793][775]LogSlate: InvalidateAllWidgets triggered.  All widgets were invalidated
[2025.07.22-02.18.00:839][775]LogSlate: Updating window title bar state: overlay mode, drag disabled, window buttons hidden, title bar hidden
[2025.07.22-02.18.00:839][775]LogAudioMixer: FMixerPlatformXAudio2::StopAudioStream() called
[2025.07.22-02.18.00:842][775]LogAudioMixer: FMixerPlatformXAudio2::StopAudioStream() called
[2025.07.22-02.18.00:853][775]LogUObjectHash: Compacting FUObjectHashTables data took   6.05ms
[2025.07.22-02.18.01:108][776]LogPlayLevel: Display: Destroying online subsystem :Context_63
[2025.07.22-02.18.18:207][138]LogUObjectHash: Compacting FUObjectHashTables data took  12.06ms
[2025.07.22-02.18.21:958][138]LogSlate: Window 'Delete Assets' being destroyed
[2025.07.22-02.18.25:815][251]LogContentBrowser: Deferred new asset file creation: particulas1
[2025.07.22-02.18.25:901][251]LogContentBrowser: Creating deferred item: particulas1
[2025.07.22-02.18.38:230][586]LogContentBrowser: Attempting asset rename: particulas1 -> particulas_enemy_spawned1
[2025.07.22-02.18.38:240][586]LogContentBrowser: End creating deferred item particulas1
[2025.07.22-02.18.41:560][670]LogUObjectHash: Compacting FUObjectHashTables data took   9.40ms
[2025.07.22-02.18.56:437][670]LogSlate: Window 'Delete Assets' being destroyed
[2025.07.22-02.18.59:721][773]LogUObjectHash: Compacting FUObjectHashTables data took   2.56ms
[2025.07.22-02.18.59:724][773]LogFileHelpers: Editor autosave (incl. external actors) for '/Game/ThirdPersonBP/Maps/ThirdPersonExampleMap' took 0.110
[2025.07.22-02.18.59:725][773]OBJ SavePackage: Generating thumbnails for [1] asset(s) in package [/Game/ThirdPersonBP/Blueprints/blueprints/particulas_enemy_spawned1] ([1] browsable assets)...
[2025.07.22-02.18.59:732][773]OBJ SavePackage:     Rendered thumbnail for [ParticleSystem /Game/ThirdPersonBP/Blueprints/blueprints/particulas_enemy_spawned1.particulas_enemy_spawned1]
[2025.07.22-02.18.59:732][773]OBJ SavePackage: Finished generating thumbnails for package [/Game/ThirdPersonBP/Blueprints/blueprints/particulas_enemy_spawned1]
[2025.07.22-02.18.59:749][773]LogSavePackage: Moving '../../../../../UTN-e-learning/Unreal-Engine/Unreal-Projects/TP_PreEntrega/Saved/particulas_enemy_spawned1_Auto3B7A5B4F645AECF02CD247E93AC01AF28.tmp' to '../../../../../UTN-e-learning/Unreal-Engine/Unreal-Projects/TP_PreEntrega/Saved/Autosaves/Game/ThirdPersonBP/Blueprints/blueprints/particulas_enemy_spawned1_Auto3.uasset'
[2025.07.22-02.18.59:752][773]LogFileHelpers: Auto-saving content packages took 0.027
[2025.07.22-02.19.24:417][219]LogMaterial: Display: Missing cached shadermap for M_Heat_Distortion in PCD3D_SM5, Default, SM5 (DDC key hash: 939E4EC803C7BC9449608FEE0E408A771AF605E8), compiling. 
[2025.07.22-02.19.24:550][219]LogShaderCompilers: Display: Submitted 48 shader compile jobs with 'Low' priority
[2025.07.22-02.19.24:577][219]LogShaderCompilers: Display: Worker (1/5): shaders left to compile 48
[2025.07.22-02.19.24:577][219]LogShaderCompilers: Display: Worker (2/5): shaders left to compile 38
[2025.07.22-02.19.24:577][219]LogShaderCompilers: Display: Worker (3/5): shaders left to compile 28
[2025.07.22-02.19.24:578][219]LogShaderCompilers: Display: Worker (4/5): shaders left to compile 18
[2025.07.22-02.19.24:578][219]LogShaderCompilers: Display: Started 40 'Local' shader compile jobs with 'Low' priority
[2025.07.22-02.19.24:578][219]LogMaterial: Display: Missing cached shadermap for M_Fire_SubUV in PCD3D_SM5, Default, SM5 (DDC key hash: EC7050664AB92C57C2308A445F93E6D384202074), compiling. 
[2025.07.22-02.19.24:654][219]LogShaderCompilers: Display: Submitted 36 shader compile jobs with 'Low' priority
[2025.07.22-02.19.26:670][238]LogSavePackage: Moving '../../../../../UTN-e-learning/Unreal-Engine/Unreal-Projects/TP_PreEntrega/Saved/ParticulasEnemySpawnedMaterial58A3CD5147E560D503DB329DD5D042B4.tmp' to '../../../../../UTN-e-learning/Unreal-Engine/Unreal-Projects/TP_PreEntrega/Content/ThirdPersonBP/Blueprints/blueprints/ParticulasEnemySpawnedMaterial.uasset'
[2025.07.22-02.19.26:839][238]AssetCheck: New page: Asset Save: ParticulasEnemySpawnedMaterial
[2025.07.22-02.19.26:840][238]LogContentValidation: Display: Validating Blueprint /Game/ThirdPersonBP/Blueprints/blueprints/ParticulasEnemySpawnedMaterial.ParticulasEnemySpawnedMaterial
[2025.07.22-02.19.27:693][246]BlueprintLog: New page: Compile ParticulasEnemySpawnedMaterial
[2025.07.22-02.19.27:964][246]LogUObjectHash: Compacting FUObjectHashTables data took  25.85ms
[2025.07.22-02.19.37:400][355]LogTemp: Repeating last play command: Selected Viewport
[2025.07.22-02.19.37:522][355]LogPlayLevel: PlayLevel: No blueprints needed recompiling
[2025.07.22-02.19.37:522][355]PIE: New page: PIE session: ThirdPersonExampleMap (Jul 21, 2025, 8:19:37 PM)
[2025.07.22-02.19.37:524][355]LogPlayLevel: Creating play world package: /Game/ThirdPersonBP/Maps/UEDPIE_0_ThirdPersonExampleMap
[2025.07.22-02.19.37:658][355]LogPlayLevel: PIE: StaticDuplicateObject took: (0.133410s)
[2025.07.22-02.19.37:663][355]LogAIModule: Creating AISystem for world ThirdPersonExampleMap
[2025.07.22-02.19.37:664][355]LogPlayLevel: PIE: World Init took: (0.005527s)
[2025.07.22-02.19.37:664][355]LogPlayLevel: PIE: Created PIE world by copying editor world from /Game/ThirdPersonBP/Maps/ThirdPersonExampleMap.ThirdPersonExampleMap to /Game/ThirdPersonBP/Maps/UEDPIE_0_ThirdPersonExampleMap.ThirdPersonExampleMap (0.139674s)
[2025.07.22-02.19.37:838][355]LogUObjectHash: Compacting FUObjectHashTables data took  19.28ms
[2025.07.22-02.19.37:846][355]LogAudio: Display: Creating Audio Device:                 Id: 35, Scope: Unique, Realtime: True
[2025.07.22-02.19.37:846][355]LogAudioMixer: Display: Audio Mixer Platform Settings:
[2025.07.22-02.19.37:846][355]LogAudioMixer: Display: 	Sample Rate:						  48000
[2025.07.22-02.19.37:846][355]LogAudioMixer: Display: 	Callback Buffer Frame Size Requested: 1024
[2025.07.22-02.19.37:847][355]LogAudioMixer: Display: 	Callback Buffer Frame Size To Use:	  1024
[2025.07.22-02.19.37:847][355]LogAudioMixer: Display: 	Number of buffers to queue:			  2
[2025.07.22-02.19.37:847][355]LogAudioMixer: Display: 	Max Channels (voices):				  32
[2025.07.22-02.19.37:847][355]LogAudioMixer: Display: 	Number of Async Source Workers:		  0
[2025.07.22-02.19.37:847][355]LogAudio: Display: AudioDevice MaxSources: 32
[2025.07.22-02.19.37:849][355]LogAudio: Display: Audio Spatialization Plugin: None (built-in).
[2025.07.22-02.19.37:850][355]LogAudio: Display: Audio Reverb Plugin: None (built-in).
[2025.07.22-02.19.37:850][355]LogAudio: Display: Audio Occlusion Plugin: None (built-in).
[2025.07.22-02.19.37:850][355]LogAudioMixer: Display: Initializing audio mixer.
[2025.07.22-02.19.37:873][355]LogAudioMixer: Display: 0: FrontLeft
[2025.07.22-02.19.37:873][355]LogAudioMixer: Display: 1: FrontRight
[2025.07.22-02.19.37:957][355]LogAudioMixer: Display: Using Audio Device Headphones (SOUNDPEATS Opera05)
[2025.07.22-02.19.37:958][355]LogAudioMixer: Display: Initializing Sound Submixes...
[2025.07.22-02.19.37:958][355]LogAudioMixer: Display: Creating Master Submix 'MasterSubmixDefault'
[2025.07.22-02.19.37:959][355]LogAudioMixer: Display: Creating Master Submix 'MasterReverbSubmixDefault'
[2025.07.22-02.19.37:961][355]LogAudioMixer: Display: Creating Master Submix 'MasterEQSubmixDefault'
[2025.07.22-02.19.37:961][355]LogAudioMixer: FMixerPlatformXAudio2::StartAudioStream() called
[2025.07.22-02.19.37:961][355]LogAudioMixer: Display: Output buffers initialized: Frames=1024, Channels=2, Samples=2048
[2025.07.22-02.19.37:965][355]LogAudioMixer: Display: Starting AudioMixerPlatformInterface::RunInternal()
[2025.07.22-02.19.37:966][355]LogAudioMixer: Display: FMixerPlatformXAudio2::SubmitBuffer() called for the first time
[2025.07.22-02.19.37:966][355]LogInit: FAudioDevice initialized.
[2025.07.22-02.19.37:966][355]LogAudio: Display: Audio Device (ID: 35) registered with world 'ThirdPersonExampleMap'.
[2025.07.22-02.19.37:996][355]LogLoad: Game class is 'ReglasJuego_C'
[2025.07.22-02.19.38:037][355]LogWorld: Bringing World /Game/ThirdPersonBP/Maps/UEDPIE_0_ThirdPersonExampleMap.ThirdPersonExampleMap up for play (max tick rate 60) at 2025.07.21-23.19.38
[2025.07.22-02.19.38:039][355]LogWorld: Bringing up level for play took: 0.040845
[2025.07.22-02.19.38:040][355]LogOnline: OSS: Creating online subsystem instance for: :Context_64
[2025.07.22-02.19.38:049][355]LogBlueprintUserMessages: [plataforma_2] Buenas buenas!
[2025.07.22-02.19.38:068][355]PIE: Server logged in
[2025.07.22-02.19.38:072][355]PIE: Play in editor total start time 0.613 seconds.
[2025.07.22-02.19.38:802][363]LogShaderCompilers: Display: Worker (4/5): shaders left to compile 4
[2025.07.22-02.19.38:802][363]LogShaderCompilers: Display: Started 2 'Local' shader compile jobs with 'ForceLocal' priority
[2025.07.22-02.19.38:803][363]LogShaderCompilers: Display: === FShaderJobCache stats ===
[2025.07.22-02.19.38:803][363]LogShaderCompilers: Display: Total job queries 125, among them cache hits 0 (0.00%)
[2025.07.22-02.19.38:803][363]LogShaderCompilers: Display: Tracking 51 distinct input hashes that result in 41 distinct outputs (80.39%)
[2025.07.22-02.19.38:803][363]LogShaderCompilers: Display: RAM used: 0.25 MB (0.00 GB) of 1638.40 MB (1.60 GB) budget. Usage: 0.02%
[2025.07.22-02.19.38:803][363]LogShaderCompilers: Display: ================================================
[2025.07.22-02.19.38:974][365]LogShaderCompilers: Display: Worker (1/5): shaders left to compile 2
[2025.07.22-02.19.38:974][365]LogShaderCompilers: Display: Started 1 'Local' shader compile jobs with 'ForceLocal' priority
[2025.07.22-02.19.40:189][382]LogShaderCompilers: Display: Worker (3/5): shaders left to compile 1
[2025.07.22-02.19.40:189][382]LogShaderCompilers: Display: Started 1 'Local' shader compile jobs with 'ForceLocal' priority
[2025.07.22-02.19.41:437][399]LogShaderCompilers: Display: Worker (1/5): shaders left to compile 40
[2025.07.22-02.19.41:437][399]LogShaderCompilers: Display: Started 10 'Local' shader compile jobs with 'Normal' priority
[2025.07.22-02.19.42:692][418]LogShaderCompilers: Display: Worker (3/5): shaders left to compile 30
[2025.07.22-02.19.42:692][418]LogShaderCompilers: Display: Started 8 'Local' shader compile jobs with 'Normal' priority
[2025.07.22-02.19.42:960][421]LogShaderCompilers: Display: Worker (2/5): shaders left to compile 22
[2025.07.22-02.19.42:960][421]LogShaderCompilers: Display: Started 6 'Local' shader compile jobs with 'Normal' priority
[2025.07.22-02.19.43:396][425]LogShaderCompilers: Display: Worker (4/5): shaders left to compile 16
[2025.07.22-02.19.43:396][425]LogShaderCompilers: Display: Started 5 'Local' shader compile jobs with 'Normal' priority
[2025.07.22-02.19.44:946][445]LogSlate: Updating window title bar state: overlay mode, drag disabled, window buttons hidden, title bar hidden
[2025.07.22-02.19.44:946][445]LogWorld: BeginTearingDown for /Game/ThirdPersonBP/Maps/UEDPIE_0_ThirdPersonExampleMap
[2025.07.22-02.19.44:947][445]LogWorld: UWorld::CleanupWorld for ThirdPersonExampleMap, bSessionEnded=true, bCleanupResources=true
[2025.07.22-02.19.44:958][445]LogSlate: InvalidateAllWidgets triggered.  All widgets were invalidated
[2025.07.22-02.19.45:007][445]LogPlayLevel: Display: Shutting down PIE online subsystems
[2025.07.22-02.19.45:105][445]LogSlate: InvalidateAllWidgets triggered.  All widgets were invalidated
[2025.07.22-02.19.45:247][445]LogAudio: Display: Audio Device unregistered from world 'None'.
[2025.07.22-02.19.45:248][445]LogAudioMixer: FMixerPlatformXAudio2::StopAudioStream() called
[2025.07.22-02.19.45:252][445]LogAudioMixer: FMixerPlatformXAudio2::StopAudioStream() called
[2025.07.22-02.19.45:258][445]LogSlate: Updating window title bar state: overlay mode, drag disabled, window buttons hidden, title bar hidden
[2025.07.22-02.19.45:284][445]LogUObjectHash: Compacting FUObjectHashTables data took  18.32ms
[2025.07.22-02.19.45:567][446]LogPlayLevel: Display: Destroying online subsystem :Context_64
[2025.07.22-02.19.49:939][511]LogTemp: Repeating last play command: Selected Viewport
[2025.07.22-02.19.50:065][511]LogPlayLevel: PlayLevel: No blueprints needed recompiling
[2025.07.22-02.19.50:065][511]PIE: New page: PIE session: ThirdPersonExampleMap (Jul 21, 2025, 8:19:50 PM)
[2025.07.22-02.19.50:066][511]LogPlayLevel: Creating play world package: /Game/ThirdPersonBP/Maps/UEDPIE_0_ThirdPersonExampleMap
[2025.07.22-02.19.50:173][511]LogPlayLevel: PIE: StaticDuplicateObject took: (0.106553s)
[2025.07.22-02.19.50:178][511]LogAIModule: Creating AISystem for world ThirdPersonExampleMap
[2025.07.22-02.19.50:179][511]LogPlayLevel: PIE: World Init took: (0.005865s)
[2025.07.22-02.19.50:179][511]LogPlayLevel: PIE: Created PIE world by copying editor world from /Game/ThirdPersonBP/Maps/ThirdPersonExampleMap.ThirdPersonExampleMap to /Game/ThirdPersonBP/Maps/UEDPIE_0_ThirdPersonExampleMap.ThirdPersonExampleMap (0.113221s)
[2025.07.22-02.19.50:364][511]LogShaderCompilers: Display: Worker (4/5): shaders left to compile 11
[2025.07.22-02.19.50:364][511]LogShaderCompilers: Display: Started 3 'Local' shader compile jobs with 'Normal' priority
[2025.07.22-02.19.50:364][511]LogUObjectHash: Compacting FUObjectHashTables data took  21.22ms
[2025.07.22-02.19.50:371][511]LogAudio: Display: Creating Audio Device:                 Id: 36, Scope: Unique, Realtime: True
[2025.07.22-02.19.50:371][511]LogAudioMixer: Display: Audio Mixer Platform Settings:
[2025.07.22-02.19.50:371][511]LogAudioMixer: Display: 	Sample Rate:						  48000
[2025.07.22-02.19.50:371][511]LogAudioMixer: Display: 	Callback Buffer Frame Size Requested: 1024
[2025.07.22-02.19.50:371][511]LogAudioMixer: Display: 	Callback Buffer Frame Size To Use:	  1024
[2025.07.22-02.19.50:371][511]LogAudioMixer: Display: 	Number of buffers to queue:			  2
[2025.07.22-02.19.50:371][511]LogAudioMixer: Display: 	Max Channels (voices):				  32
[2025.07.22-02.19.50:371][511]LogAudioMixer: Display: 	Number of Async Source Workers:		  0
[2025.07.22-02.19.50:372][511]LogAudio: Display: AudioDevice MaxSources: 32
[2025.07.22-02.19.50:374][511]LogAudio: Display: Audio Spatialization Plugin: None (built-in).
[2025.07.22-02.19.50:374][511]LogAudio: Display: Audio Reverb Plugin: None (built-in).
[2025.07.22-02.19.50:374][511]LogAudio: Display: Audio Occlusion Plugin: None (built-in).
[2025.07.22-02.19.50:374][511]LogAudioMixer: Display: Initializing audio mixer.
[2025.07.22-02.19.50:399][511]LogAudioMixer: Display: 0: FrontLeft
[2025.07.22-02.19.50:399][511]LogAudioMixer: Display: 1: FrontRight
[2025.07.22-02.19.50:485][511]LogAudioMixer: Display: Using Audio Device Headphones (SOUNDPEATS Opera05)
[2025.07.22-02.19.50:487][511]LogAudioMixer: Display: Initializing Sound Submixes...
[2025.07.22-02.19.50:487][511]LogAudioMixer: Display: Creating Master Submix 'MasterSubmixDefault'
[2025.07.22-02.19.50:487][511]LogAudioMixer: Display: Creating Master Submix 'MasterReverbSubmixDefault'
[2025.07.22-02.19.50:488][511]LogAudioMixer: Display: Creating Master Submix 'MasterEQSubmixDefault'
[2025.07.22-02.19.50:489][511]LogAudioMixer: FMixerPlatformXAudio2::StartAudioStream() called
[2025.07.22-02.19.50:489][511]LogAudioMixer: Display: Output buffers initialized: Frames=1024, Channels=2, Samples=2048
[2025.07.22-02.19.50:493][511]LogAudioMixer: Display: Starting AudioMixerPlatformInterface::RunInternal()
[2025.07.22-02.19.50:493][511]LogAudioMixer: Display: FMixerPlatformXAudio2::SubmitBuffer() called for the first time
[2025.07.22-02.19.50:493][511]LogInit: FAudioDevice initialized.
[2025.07.22-02.19.50:493][511]LogAudio: Display: Audio Device (ID: 36) registered with world 'ThirdPersonExampleMap'.
[2025.07.22-02.19.50:517][511]LogLoad: Game class is 'ReglasJuego_C'
[2025.07.22-02.19.50:554][511]LogWorld: Bringing World /Game/ThirdPersonBP/Maps/UEDPIE_0_ThirdPersonExampleMap.ThirdPersonExampleMap up for play (max tick rate 60) at 2025.07.21-23.19.50
[2025.07.22-02.19.50:555][511]LogWorld: Bringing up level for play took: 0.036651
[2025.07.22-02.19.50:557][511]LogOnline: OSS: Creating online subsystem instance for: :Context_65
[2025.07.22-02.19.50:564][511]LogBlueprintUserMessages: [plataforma_2] Buenas buenas!
[2025.07.22-02.19.50:579][511]PIE: Server logged in
[2025.07.22-02.19.50:583][511]PIE: Play in editor total start time 0.581 seconds.
[2025.07.22-02.19.53:251][550]LogSlate: Updating window title bar state: overlay mode, drag disabled, window buttons hidden, title bar hidden
[2025.07.22-02.19.53:252][550]LogWorld: BeginTearingDown for /Game/ThirdPersonBP/Maps/UEDPIE_0_ThirdPersonExampleMap
[2025.07.22-02.19.53:253][550]LogWorld: UWorld::CleanupWorld for ThirdPersonExampleMap, bSessionEnded=true, bCleanupResources=true
[2025.07.22-02.19.53:261][550]LogSlate: InvalidateAllWidgets triggered.  All widgets were invalidated
[2025.07.22-02.19.53:311][550]LogPlayLevel: Display: Shutting down PIE online subsystems
[2025.07.22-02.19.53:423][550]LogSlate: InvalidateAllWidgets triggered.  All widgets were invalidated
[2025.07.22-02.19.53:582][550]LogShaderCompilers: Display: Worker (3/5): shaders left to compile 8
[2025.07.22-02.19.53:582][550]LogShaderCompilers: Display: Started 3 'Local' shader compile jobs with 'Normal' priority
[2025.07.22-02.19.53:582][550]LogSlate: Updating window title bar state: overlay mode, drag disabled, window buttons hidden, title bar hidden
[2025.07.22-02.19.53:584][550]LogAudioMixer: FMixerPlatformXAudio2::StopAudioStream() called
[2025.07.22-02.19.53:588][550]LogAudioMixer: FMixerPlatformXAudio2::StopAudioStream() called
[2025.07.22-02.19.53:622][550]LogUObjectHash: Compacting FUObjectHashTables data took  18.72ms
[2025.07.22-02.19.53:960][551]LogPlayLevel: Display: Destroying online subsystem :Context_65
[2025.07.22-02.19.55:095][568]LogShaderCompilers: Display: Worker (2/5): shaders left to compile 5
[2025.07.22-02.19.55:095][568]LogShaderCompilers: Display: Started 2 'Local' shader compile jobs with 'Normal' priority
[2025.07.22-02.19.57:749][606]LogShaderCompilers: Display: Worker (1/5): shaders left to compile 3
[2025.07.22-02.19.57:749][606]LogShaderCompilers: Display: Started 1 'Local' shader compile jobs with 'Normal' priority
[2025.07.22-02.19.57:930][608]LogShaderCompilers: Display: Worker (4/5): shaders left to compile 2
[2025.07.22-02.19.57:930][608]LogShaderCompilers: Display: Started 1 'Local' shader compile jobs with 'Normal' priority
[2025.07.22-02.19.57:930][608]LogShaderCompilers: Display: Worker (3/5): shaders left to compile 1
[2025.07.22-02.19.57:930][608]LogShaderCompilers: Display: Started 1 'Local' shader compile jobs with 'Normal' priority
[2025.07.22-02.20.17:533][ 67]LogTemp: Repeating last play command: Selected Viewport
[2025.07.22-02.20.17:578][ 67]BlueprintLog: New page: Pre-Play auto-recompile
[2025.07.22-02.20.17:583][ 67]LogPlayLevel: [PlayLevel] Compiling ParticulasEnemySpawnedMaterial before play...
[2025.07.22-02.20.17:710][ 67]LogUObjectHash: Compacting FUObjectHashTables data took   8.43ms
[2025.07.22-02.20.17:713][ 67]LogPlayLevel: PlayLevel: Blueprint regeneration took 134 ms (1 blueprints)
[2025.07.22-02.20.17:713][ 67]PIE: New page: PIE session: ThirdPersonExampleMap (Jul 21, 2025, 8:20:17 PM)
[2025.07.22-02.20.17:713][ 67]LogPlayLevel: Creating play world package: /Game/ThirdPersonBP/Maps/UEDPIE_0_ThirdPersonExampleMap
[2025.07.22-02.20.17:746][ 67]LogPlayLevel: PIE: StaticDuplicateObject took: (0.033541s)
[2025.07.22-02.20.17:749][ 67]LogAIModule: Creating AISystem for world ThirdPersonExampleMap
[2025.07.22-02.20.17:749][ 67]LogPlayLevel: PIE: World Init took: (0.002058s)
[2025.07.22-02.20.17:749][ 67]LogPlayLevel: PIE: Created PIE world by copying editor world from /Game/ThirdPersonBP/Maps/ThirdPersonExampleMap.ThirdPersonExampleMap to /Game/ThirdPersonBP/Maps/UEDPIE_0_ThirdPersonExampleMap.ThirdPersonExampleMap (0.035858s)
[2025.07.22-02.20.17:827][ 67]LogUObjectHash: Compacting FUObjectHashTables data took   8.37ms
[2025.07.22-02.20.17:827][ 67]LogAudio: Display: Creating Audio Device:                 Id: 37, Scope: Unique, Realtime: True
[2025.07.22-02.20.17:827][ 67]LogAudioMixer: Display: Audio Mixer Platform Settings:
[2025.07.22-02.20.17:827][ 67]LogAudioMixer: Display: 	Sample Rate:						  48000
[2025.07.22-02.20.17:827][ 67]LogAudioMixer: Display: 	Callback Buffer Frame Size Requested: 1024
[2025.07.22-02.20.17:827][ 67]LogAudioMixer: Display: 	Callback Buffer Frame Size To Use:	  1024
[2025.07.22-02.20.17:827][ 67]LogAudioMixer: Display: 	Number of buffers to queue:			  2
[2025.07.22-02.20.17:827][ 67]LogAudioMixer: Display: 	Max Channels (voices):				  32
[2025.07.22-02.20.17:827][ 67]LogAudioMixer: Display: 	Number of Async Source Workers:		  0
[2025.07.22-02.20.17:827][ 67]LogAudio: Display: AudioDevice MaxSources: 32
[2025.07.22-02.20.17:828][ 67]LogAudio: Display: Audio Spatialization Plugin: None (built-in).
[2025.07.22-02.20.17:828][ 67]LogAudio: Display: Audio Reverb Plugin: None (built-in).
[2025.07.22-02.20.17:828][ 67]LogAudio: Display: Audio Occlusion Plugin: None (built-in).
[2025.07.22-02.20.17:828][ 67]LogAudioMixer: Display: Initializing audio mixer.
[2025.07.22-02.20.17:837][ 67]LogAudioMixer: Display: 0: FrontLeft
[2025.07.22-02.20.17:837][ 67]LogAudioMixer: Display: 1: FrontRight
[2025.07.22-02.20.17:867][ 67]LogAudioMixer: Display: Using Audio Device Headphones (SOUNDPEATS Opera05)
[2025.07.22-02.20.17:867][ 67]LogAudioMixer: Display: Initializing Sound Submixes...
[2025.07.22-02.20.17:868][ 67]LogAudioMixer: Display: Creating Master Submix 'MasterSubmixDefault'
[2025.07.22-02.20.17:868][ 67]LogAudioMixer: Display: Creating Master Submix 'MasterReverbSubmixDefault'
[2025.07.22-02.20.17:868][ 67]LogAudioMixer: Display: Creating Master Submix 'MasterEQSubmixDefault'
[2025.07.22-02.20.17:868][ 67]LogAudioMixer: FMixerPlatformXAudio2::StartAudioStream() called
[2025.07.22-02.20.17:868][ 67]LogAudioMixer: Display: Output buffers initialized: Frames=1024, Channels=2, Samples=2048
[2025.07.22-02.20.17:871][ 67]LogAudioMixer: Display: Starting AudioMixerPlatformInterface::RunInternal()
[2025.07.22-02.20.17:871][ 67]LogAudioMixer: Display: FMixerPlatformXAudio2::SubmitBuffer() called for the first time
[2025.07.22-02.20.17:871][ 67]LogInit: FAudioDevice initialized.
[2025.07.22-02.20.17:871][ 67]LogAudio: Display: Audio Device (ID: 37) registered with world 'ThirdPersonExampleMap'.
[2025.07.22-02.20.17:882][ 67]LogLoad: Game class is 'ReglasJuego_C'
[2025.07.22-02.20.17:894][ 67]LogWorld: Bringing World /Game/ThirdPersonBP/Maps/UEDPIE_0_ThirdPersonExampleMap.ThirdPersonExampleMap up for play (max tick rate 60) at 2025.07.21-23.20.17
[2025.07.22-02.20.17:896][ 67]LogWorld: Bringing up level for play took: 0.012235
[2025.07.22-02.20.17:897][ 67]LogOnline: OSS: Creating online subsystem instance for: :Context_66
[2025.07.22-02.20.17:900][ 67]LogBlueprintUserMessages: [plataforma_2] Buenas buenas!
[2025.07.22-02.20.17:904][ 67]PIE: Server logged in
[2025.07.22-02.20.17:904][ 67]PIE: Play in editor total start time 0.354 seconds.
[2025.07.22-02.20.19:964][126]LogBlueprintUserMessages: [ReglasJuego_C_0] El puntaje subio!
[2025.07.22-02.20.19:965][126]LogBlueprintUserMessages: [ReglasJuego_C_0] 2
[2025.07.22-02.20.22:556][213]LogBlueprintUserMessages: [ReglasJuego_C_0] El puntaje subio!
[2025.07.22-02.20.22:556][213]LogBlueprintUserMessages: [ReglasJuego_C_0] 4
[2025.07.22-02.20.23:381][240]LogBlueprintUserMessages: [enemy_bullet_C_7] El peoncito perdio 10 de vida!!!!
[2025.07.22-02.20.24:376][272]LogBlueprintUserMessages: [enemy_bullet_C_9] El peoncito perdio 10 de vida!!!!
[2025.07.22-02.20.25:092][294]LogBlueprintUserMessages: [enemy_misil_C_1] El peoncito perdio 10 de vida!!!!
[2025.07.22-02.20.25:122][295]LogBlueprintUserMessages: [enemy_bullet_C_8] El peoncito perdio 10 de vida!!!!
[2025.07.22-02.20.25:410][305]LogBlueprintUserMessages: [enemy_bullet_C_12] El peoncito perdio 10 de vida!!!!
[2025.07.22-02.20.26:068][328]LogBlueprintUserMessages: [enemy_bullet_C_10] El peoncito perdio 10 de vida!!!!
[2025.07.22-02.20.26:287][336]LogBlueprintUserMessages: [enemy_bullet_C_14] El peoncito perdio 10 de vida!!!!
[2025.07.22-02.20.27:109][361]LogBlueprintUserMessages: [enemy_bullet_C_13] El peoncito perdio 10 de vida!!!!
[2025.07.22-02.20.27:248][363]LogSlate: Updating window title bar state: overlay mode, drag disabled, window buttons hidden, title bar hidden
[2025.07.22-02.20.27:248][363]LogWorld: BeginTearingDown for /Game/ThirdPersonBP/Maps/UEDPIE_0_ThirdPersonExampleMap
[2025.07.22-02.20.27:249][363]LogWorld: UWorld::CleanupWorld for ThirdPersonExampleMap, bSessionEnded=true, bCleanupResources=true
[2025.07.22-02.20.27:250][363]LogSlate: InvalidateAllWidgets triggered.  All widgets were invalidated
[2025.07.22-02.20.27:268][363]LogPlayLevel: Display: Shutting down PIE online subsystems
[2025.07.22-02.20.27:297][363]LogSlate: InvalidateAllWidgets triggered.  All widgets were invalidated
[2025.07.22-02.20.27:375][363]LogSlate: Updating window title bar state: overlay mode, drag disabled, window buttons hidden, title bar hidden
[2025.07.22-02.20.27:377][363]LogAudioMixer: FMixerPlatformXAudio2::StopAudioStream() called
[2025.07.22-02.20.27:379][363]LogAudioMixer: FMixerPlatformXAudio2::StopAudioStream() called
[2025.07.22-02.20.27:396][363]LogUObjectHash: Compacting FUObjectHashTables data took   8.65ms
[2025.07.22-02.20.27:533][364]LogPlayLevel: Display: Destroying online subsystem :Context_66
[2025.07.22-02.20.54:625][ 39]LogSavePackage: Moving '../../../../../UTN-e-learning/Unreal-Engine/Unreal-Projects/TP_PreEntrega/Saved/ParticulasEnemySpawnedMaterial2E1C6EC84879BED41D5B4AAA3AD4DE0A.tmp' to '../../../../../UTN-e-learning/Unreal-Engine/Unreal-Projects/TP_PreEntrega/Content/ThirdPersonBP/Blueprints/blueprints/ParticulasEnemySpawnedMaterial.uasset'
[2025.07.22-02.20.54:694][ 39]AssetCheck: New page: Asset Save: ParticulasEnemySpawnedMaterial
[2025.07.22-02.20.54:694][ 39]LogContentValidation: Display: Validating Blueprint /Game/ThirdPersonBP/Blueprints/blueprints/ParticulasEnemySpawnedMaterial.ParticulasEnemySpawnedMaterial
[2025.07.22-02.20.57:078][102]LogTemp: Repeating last play command: Selected Viewport
[2025.07.22-02.20.57:137][102]BlueprintLog: New page: Pre-Play auto-recompile
[2025.07.22-02.20.57:143][102]LogPlayLevel: [PlayLevel] Compiling ParticulasEnemySpawnedMaterial before play...
[2025.07.22-02.20.57:262][102]LogUObjectHash: Compacting FUObjectHashTables data took   7.87ms
[2025.07.22-02.20.57:266][102]LogPlayLevel: PlayLevel: Blueprint regeneration took 128 ms (1 blueprints)
[2025.07.22-02.20.57:266][102]PIE: New page: PIE session: ThirdPersonExampleMap (Jul 21, 2025, 8:20:57 PM)
[2025.07.22-02.20.57:267][102]LogPlayLevel: Creating play world package: /Game/ThirdPersonBP/Maps/UEDPIE_0_ThirdPersonExampleMap
[2025.07.22-02.20.57:302][102]LogPlayLevel: PIE: StaticDuplicateObject took: (0.035678s)
[2025.07.22-02.20.57:303][102]LogAIModule: Creating AISystem for world ThirdPersonExampleMap
[2025.07.22-02.20.57:304][102]LogPlayLevel: PIE: World Init took: (0.001750s)
[2025.07.22-02.20.57:304][102]LogPlayLevel: PIE: Created PIE world by copying editor world from /Game/ThirdPersonBP/Maps/ThirdPersonExampleMap.ThirdPersonExampleMap to /Game/ThirdPersonBP/Maps/UEDPIE_0_ThirdPersonExampleMap.ThirdPersonExampleMap (0.037688s)
[2025.07.22-02.20.57:394][102]LogUObjectHash: Compacting FUObjectHashTables data took  10.30ms
[2025.07.22-02.20.57:394][102]LogAudio: Display: Creating Audio Device:                 Id: 38, Scope: Unique, Realtime: True
[2025.07.22-02.20.57:394][102]LogAudioMixer: Display: Audio Mixer Platform Settings:
[2025.07.22-02.20.57:394][102]LogAudioMixer: Display: 	Sample Rate:						  48000
[2025.07.22-02.20.57:395][102]LogAudioMixer: Display: 	Callback Buffer Frame Size Requested: 1024
[2025.07.22-02.20.57:395][102]LogAudioMixer: Display: 	Callback Buffer Frame Size To Use:	  1024
[2025.07.22-02.20.57:395][102]LogAudioMixer: Display: 	Number of buffers to queue:			  2
[2025.07.22-02.20.57:395][102]LogAudioMixer: Display: 	Max Channels (voices):				  32
[2025.07.22-02.20.57:395][102]LogAudioMixer: Display: 	Number of Async Source Workers:		  0
[2025.07.22-02.20.57:395][102]LogAudio: Display: AudioDevice MaxSources: 32
[2025.07.22-02.20.57:396][102]LogAudio: Display: Audio Spatialization Plugin: None (built-in).
[2025.07.22-02.20.57:396][102]LogAudio: Display: Audio Reverb Plugin: None (built-in).
[2025.07.22-02.20.57:396][102]LogAudio: Display: Audio Occlusion Plugin: None (built-in).
[2025.07.22-02.20.57:396][102]LogAudioMixer: Display: Initializing audio mixer.
[2025.07.22-02.20.57:409][102]LogAudioMixer: Display: 0: FrontLeft
[2025.07.22-02.20.57:409][102]LogAudioMixer: Display: 1: FrontRight
[2025.07.22-02.20.57:446][102]LogAudioMixer: Display: Using Audio Device Headphones (SOUNDPEATS Opera05)
[2025.07.22-02.20.57:447][102]LogAudioMixer: Display: Initializing Sound Submixes...
[2025.07.22-02.20.57:447][102]LogAudioMixer: Display: Creating Master Submix 'MasterSubmixDefault'
[2025.07.22-02.20.57:447][102]LogAudioMixer: Display: Creating Master Submix 'MasterReverbSubmixDefault'
[2025.07.22-02.20.57:448][102]LogAudioMixer: Display: Creating Master Submix 'MasterEQSubmixDefault'
[2025.07.22-02.20.57:448][102]LogAudioMixer: FMixerPlatformXAudio2::StartAudioStream() called
[2025.07.22-02.20.57:448][102]LogAudioMixer: Display: Output buffers initialized: Frames=1024, Channels=2, Samples=2048
[2025.07.22-02.20.57:449][102]LogAudioMixer: Display: Starting AudioMixerPlatformInterface::RunInternal()
[2025.07.22-02.20.57:449][102]LogAudioMixer: Display: FMixerPlatformXAudio2::SubmitBuffer() called for the first time
[2025.07.22-02.20.57:449][102]LogInit: FAudioDevice initialized.
[2025.07.22-02.20.57:449][102]LogAudio: Display: Audio Device (ID: 38) registered with world 'ThirdPersonExampleMap'.
[2025.07.22-02.20.57:460][102]LogLoad: Game class is 'ReglasJuego_C'
[2025.07.22-02.20.57:471][102]LogWorld: Bringing World /Game/ThirdPersonBP/Maps/UEDPIE_0_ThirdPersonExampleMap.ThirdPersonExampleMap up for play (max tick rate 60) at 2025.07.21-23.20.57
[2025.07.22-02.20.57:472][102]LogWorld: Bringing up level for play took: 0.010905
[2025.07.22-02.20.57:473][102]LogOnline: OSS: Creating online subsystem instance for: :Context_67
[2025.07.22-02.20.57:476][102]LogBlueprintUserMessages: [plataforma_2] Buenas buenas!
[2025.07.22-02.20.57:479][102]PIE: Server logged in
[2025.07.22-02.20.57:480][102]PIE: Play in editor total start time 0.372 seconds.
[2025.07.22-02.21.00:460][204]LogBlueprintUserMessages: [enemy_misil_C_0] El peoncito perdio 10 de vida!!!!
[2025.07.22-02.21.02:842][296]LogBlueprintUserMessages: [enemy_bullet_C_6] El peoncito perdio 10 de vida!!!!
[2025.07.22-02.21.03:536][321]LogSlate: Updating window title bar state: overlay mode, drag disabled, window buttons hidden, title bar hidden
[2025.07.22-02.21.03:536][321]LogWorld: BeginTearingDown for /Game/ThirdPersonBP/Maps/UEDPIE_0_ThirdPersonExampleMap
[2025.07.22-02.21.03:537][321]LogWorld: UWorld::CleanupWorld for ThirdPersonExampleMap, bSessionEnded=true, bCleanupResources=true
[2025.07.22-02.21.03:539][321]LogSlate: InvalidateAllWidgets triggered.  All widgets were invalidated
[2025.07.22-02.21.03:562][321]LogPlayLevel: Display: Shutting down PIE online subsystems
[2025.07.22-02.21.03:602][321]LogSlate: InvalidateAllWidgets triggered.  All widgets were invalidated
[2025.07.22-02.21.03:669][321]LogSlate: Updating window title bar state: overlay mode, drag disabled, window buttons hidden, title bar hidden
[2025.07.22-02.21.03:670][321]LogAudioMixer: FMixerPlatformXAudio2::StopAudioStream() called
[2025.07.22-02.21.03:672][321]LogAudioMixer: FMixerPlatformXAudio2::StopAudioStream() called
[2025.07.22-02.21.03:687][321]LogUObjectHash: Compacting FUObjectHashTables data took   7.12ms
[2025.07.22-02.21.03:769][322]LogPlayLevel: Display: Destroying online subsystem :Context_67
[2025.07.22-02.21.21:130][682]LogSavePackage: Moving '../../../../../UTN-e-learning/Unreal-Engine/Unreal-Projects/TP_PreEntrega/Saved/ParticulasEnemySpawnedMaterial9B7AF78548163AEC06D868B044494677.tmp' to '../../../../../UTN-e-learning/Unreal-Engine/Unreal-Projects/TP_PreEntrega/Content/ThirdPersonBP/Blueprints/blueprints/ParticulasEnemySpawnedMaterial.uasset'
[2025.07.22-02.21.21:198][682]AssetCheck: New page: Asset Save: ParticulasEnemySpawnedMaterial
[2025.07.22-02.21.21:198][682]LogContentValidation: Display: Validating Blueprint /Game/ThirdPersonBP/Blueprints/blueprints/ParticulasEnemySpawnedMaterial.ParticulasEnemySpawnedMaterial
[2025.07.22-02.21.21:198][682]LogSelectionDetails: Warning: NavigateToFunctionSource:  Unable to find symbols for 'UKismetSystemLibrary::Delay' [No se ha encontrado el elemento.]
[2025.07.22-02.21.25:230][774]LogSavePackage: Moving '../../../../../UTN-e-learning/Unreal-Engine/Unreal-Projects/TP_PreEntrega/Saved/ParticulasEnemySpawnedMaterialFD1C249F4179AB08CF9F29930E13122F.tmp' to '../../../../../UTN-e-learning/Unreal-Engine/Unreal-Projects/TP_PreEntrega/Content/ThirdPersonBP/Blueprints/blueprints/ParticulasEnemySpawnedMaterial.uasset'
[2025.07.22-02.21.25:286][774]AssetCheck: New page: Asset Save: ParticulasEnemySpawnedMaterial
[2025.07.22-02.21.25:286][774]LogContentValidation: Display: Validating Blueprint /Game/ThirdPersonBP/Blueprints/blueprints/ParticulasEnemySpawnedMaterial.ParticulasEnemySpawnedMaterial
[2025.07.22-02.21.27:660][838]LogTemp: Repeating last play command: Selected Viewport
[2025.07.22-02.21.27:704][838]BlueprintLog: New page: Pre-Play auto-recompile
[2025.07.22-02.21.27:710][838]LogPlayLevel: [PlayLevel] Compiling ParticulasEnemySpawnedMaterial before play...
[2025.07.22-02.21.27:837][838]LogUObjectHash: Compacting FUObjectHashTables data took   9.62ms
[2025.07.22-02.21.27:840][838]LogPlayLevel: PlayLevel: Blueprint regeneration took 135 ms (1 blueprints)
[2025.07.22-02.21.27:840][838]PIE: New page: PIE session: ThirdPersonExampleMap (Jul 21, 2025, 8:21:27 PM)
[2025.07.22-02.21.27:841][838]LogPlayLevel: Creating play world package: /Game/ThirdPersonBP/Maps/UEDPIE_0_ThirdPersonExampleMap
[2025.07.22-02.21.27:892][838]LogPlayLevel: PIE: StaticDuplicateObject took: (0.050773s)
[2025.07.22-02.21.27:894][838]LogAIModule: Creating AISystem for world ThirdPersonExampleMap
[2025.07.22-02.21.27:895][838]LogPlayLevel: PIE: World Init took: (0.002723s)
[2025.07.22-02.21.27:895][838]LogPlayLevel: PIE: Created PIE world by copying editor world from /Game/ThirdPersonBP/Maps/ThirdPersonExampleMap.ThirdPersonExampleMap to /Game/ThirdPersonBP/Maps/UEDPIE_0_ThirdPersonExampleMap.ThirdPersonExampleMap (0.053845s)
[2025.07.22-02.21.28:009][838]LogUObjectHash: Compacting FUObjectHashTables data took  11.25ms
[2025.07.22-02.21.28:010][838]LogAudio: Display: Creating Audio Device:                 Id: 39, Scope: Unique, Realtime: True
[2025.07.22-02.21.28:010][838]LogAudioMixer: Display: Audio Mixer Platform Settings:
[2025.07.22-02.21.28:010][838]LogAudioMixer: Display: 	Sample Rate:						  48000
[2025.07.22-02.21.28:010][838]LogAudioMixer: Display: 	Callback Buffer Frame Size Requested: 1024
[2025.07.22-02.21.28:010][838]LogAudioMixer: Display: 	Callback Buffer Frame Size To Use:	  1024
[2025.07.22-02.21.28:010][838]LogAudioMixer: Display: 	Number of buffers to queue:			  2
[2025.07.22-02.21.28:010][838]LogAudioMixer: Display: 	Max Channels (voices):				  32
[2025.07.22-02.21.28:010][838]LogAudioMixer: Display: 	Number of Async Source Workers:		  0
[2025.07.22-02.21.28:010][838]LogAudio: Display: AudioDevice MaxSources: 32
[2025.07.22-02.21.28:012][838]LogAudio: Display: Audio Spatialization Plugin: None (built-in).
[2025.07.22-02.21.28:012][838]LogAudio: Display: Audio Reverb Plugin: None (built-in).
[2025.07.22-02.21.28:012][838]LogAudio: Display: Audio Occlusion Plugin: None (built-in).
[2025.07.22-02.21.28:012][838]LogAudioMixer: Display: Initializing audio mixer.
[2025.07.22-02.21.28:027][838]LogAudioMixer: Display: 0: FrontLeft
[2025.07.22-02.21.28:027][838]LogAudioMixer: Display: 1: FrontRight
[2025.07.22-02.21.28:069][838]LogAudioMixer: Display: Using Audio Device Headphones (SOUNDPEATS Opera05)
[2025.07.22-02.21.28:069][838]LogAudioMixer: Display: Initializing Sound Submixes...
[2025.07.22-02.21.28:069][838]LogAudioMixer: Display: Creating Master Submix 'MasterSubmixDefault'
[2025.07.22-02.21.28:070][838]LogAudioMixer: Display: Creating Master Submix 'MasterReverbSubmixDefault'
[2025.07.22-02.21.28:070][838]LogAudioMixer: Display: Creating Master Submix 'MasterEQSubmixDefault'
[2025.07.22-02.21.28:070][838]LogAudioMixer: FMixerPlatformXAudio2::StartAudioStream() called
[2025.07.22-02.21.28:070][838]LogAudioMixer: Display: Output buffers initialized: Frames=1024, Channels=2, Samples=2048
[2025.07.22-02.21.28:072][838]LogAudioMixer: Display: Starting AudioMixerPlatformInterface::RunInternal()
[2025.07.22-02.21.28:072][838]LogAudioMixer: Display: FMixerPlatformXAudio2::SubmitBuffer() called for the first time
[2025.07.22-02.21.28:072][838]LogInit: FAudioDevice initialized.
[2025.07.22-02.21.28:072][838]LogAudio: Display: Audio Device (ID: 39) registered with world 'ThirdPersonExampleMap'.
[2025.07.22-02.21.28:089][838]LogLoad: Game class is 'ReglasJuego_C'
[2025.07.22-02.21.28:100][838]LogWorld: Bringing World /Game/ThirdPersonBP/Maps/UEDPIE_0_ThirdPersonExampleMap.ThirdPersonExampleMap up for play (max tick rate 60) at 2025.07.21-23.21.28
[2025.07.22-02.21.28:101][838]LogWorld: Bringing up level for play took: 0.011129
[2025.07.22-02.21.28:101][838]LogOnline: OSS: Creating online subsystem instance for: :Context_68
[2025.07.22-02.21.28:105][838]LogBlueprintUserMessages: [plataforma_2] Buenas buenas!
[2025.07.22-02.21.28:109][838]PIE: Server logged in
[2025.07.22-02.21.28:110][838]PIE: Play in editor total start time 0.429 seconds.
[2025.07.22-02.21.30:045][899]LogBlueprintUserMessages: [ReglasJuego_C_0] El puntaje subio!
[2025.07.22-02.21.30:045][899]LogBlueprintUserMessages: [ReglasJuego_C_0] 2
[2025.07.22-02.21.30:983][929]LogBlueprintUserMessages: [ReglasJuego_C_0] El puntaje subio!
[2025.07.22-02.21.30:984][929]LogBlueprintUserMessages: [ReglasJuego_C_0] 4
[2025.07.22-02.21.33:522][ 10]LogBlueprintUserMessages: [enemy_bullet_C_7] El peoncito perdio 10 de vida!!!!
[2025.07.22-02.21.34:497][ 42]LogBlueprintUserMessages: [enemy_bullet_C_9] El peoncito perdio 10 de vida!!!!
[2025.07.22-02.21.35:192][ 61]LogSlate: Updating window title bar state: overlay mode, drag disabled, window buttons hidden, title bar hidden
[2025.07.22-02.21.35:192][ 61]LogWorld: BeginTearingDown for /Game/ThirdPersonBP/Maps/UEDPIE_0_ThirdPersonExampleMap
[2025.07.22-02.21.35:193][ 61]LogWorld: UWorld::CleanupWorld for ThirdPersonExampleMap, bSessionEnded=true, bCleanupResources=true
[2025.07.22-02.21.35:195][ 61]LogSlate: InvalidateAllWidgets triggered.  All widgets were invalidated
[2025.07.22-02.21.35:216][ 61]LogPlayLevel: Display: Shutting down PIE online subsystems
[2025.07.22-02.21.35:245][ 61]LogSlate: InvalidateAllWidgets triggered.  All widgets were invalidated
[2025.07.22-02.21.35:309][ 61]LogSlate: Updating window title bar state: overlay mode, drag disabled, window buttons hidden, title bar hidden
[2025.07.22-02.21.35:311][ 61]LogAudioMixer: FMixerPlatformXAudio2::StopAudioStream() called
[2025.07.22-02.21.35:313][ 61]LogAudioMixer: FMixerPlatformXAudio2::StopAudioStream() called
[2025.07.22-02.21.35:327][ 61]LogUObjectHash: Compacting FUObjectHashTables data took   8.16ms
[2025.07.22-02.21.35:440][ 62]LogPlayLevel: Display: Destroying online subsystem :Context_68
[2025.07.22-02.21.41:465][205]LogAssetEditorSubsystem: Opening Asset editor for ParticleSystem /Game/ThirdPersonBP/Blueprints/blueprints/particulas_enemy_spawned1.particulas_enemy_spawned1
[2025.07.22-02.22.00:012][704]LogSavePackage: Moving '../../../../../UTN-e-learning/Unreal-Engine/Unreal-Projects/TP_PreEntrega/Saved/particulas_enemy_spawned187F3C9E740AE836FA1FA87BDB5AD6EB0.tmp' to '../../../../../UTN-e-learning/Unreal-Engine/Unreal-Projects/TP_PreEntrega/Content/ThirdPersonBP/Blueprints/blueprints/particulas_enemy_spawned1.uasset'
[2025.07.22-02.22.00:109][704]AssetCheck: New page: Asset Save: particulas_enemy_spawned1
[2025.07.22-02.22.00:109][704]LogContentValidation: Display: Validating ParticleSystem /Game/ThirdPersonBP/Blueprints/blueprints/particulas_enemy_spawned1.particulas_enemy_spawned1
[2025.07.22-02.22.02:214][759]LogTemp: Repeating last play command: Selected Viewport
[2025.07.22-02.22.02:247][759]LogPlayLevel: PlayLevel: No blueprints needed recompiling
[2025.07.22-02.22.02:247][759]PIE: New page: PIE session: ThirdPersonExampleMap (Jul 21, 2025, 8:22:02 PM)
[2025.07.22-02.22.02:250][759]LogPlayLevel: Creating play world package: /Game/ThirdPersonBP/Maps/UEDPIE_0_ThirdPersonExampleMap
[2025.07.22-02.22.02:273][759]LogPlayLevel: PIE: StaticDuplicateObject took: (0.023497s)
[2025.07.22-02.22.02:275][759]LogAIModule: Creating AISystem for world ThirdPersonExampleMap
[2025.07.22-02.22.02:275][759]LogPlayLevel: PIE: World Init took: (0.001522s)
[2025.07.22-02.22.02:276][759]LogPlayLevel: PIE: Created PIE world by copying editor world from /Game/ThirdPersonBP/Maps/ThirdPersonExampleMap.ThirdPersonExampleMap to /Game/ThirdPersonBP/Maps/UEDPIE_0_ThirdPersonExampleMap.ThirdPersonExampleMap (0.025246s)
[2025.07.22-02.22.02:346][759]LogUObjectHash: Compacting FUObjectHashTables data took   7.80ms
[2025.07.22-02.22.02:352][759]LogAudio: Display: Creating Audio Device:                 Id: 40, Scope: Unique, Realtime: True
[2025.07.22-02.22.02:353][759]LogAudioMixer: Display: Audio Mixer Platform Settings:
[2025.07.22-02.22.02:353][759]LogAudioMixer: Display: 	Sample Rate:						  48000
[2025.07.22-02.22.02:353][759]LogAudioMixer: Display: 	Callback Buffer Frame Size Requested: 1024
[2025.07.22-02.22.02:353][759]LogAudioMixer: Display: 	Callback Buffer Frame Size To Use:	  1024
[2025.07.22-02.22.02:353][759]LogAudioMixer: Display: 	Number of buffers to queue:			  2
[2025.07.22-02.22.02:353][759]LogAudioMixer: Display: 	Max Channels (voices):				  32
[2025.07.22-02.22.02:353][759]LogAudioMixer: Display: 	Number of Async Source Workers:		  0
[2025.07.22-02.22.02:353][759]LogAudio: Display: AudioDevice MaxSources: 32
[2025.07.22-02.22.02:354][759]LogAudio: Display: Audio Spatialization Plugin: None (built-in).
[2025.07.22-02.22.02:354][759]LogAudio: Display: Audio Reverb Plugin: None (built-in).
[2025.07.22-02.22.02:354][759]LogAudio: Display: Audio Occlusion Plugin: None (built-in).
[2025.07.22-02.22.02:354][759]LogAudioMixer: Display: Initializing audio mixer.
[2025.07.22-02.22.02:363][759]LogAudioMixer: Display: 0: FrontLeft
[2025.07.22-02.22.02:363][759]LogAudioMixer: Display: 1: FrontRight
[2025.07.22-02.22.02:399][759]LogAudioMixer: Display: Using Audio Device Headphones (SOUNDPEATS Opera05)
[2025.07.22-02.22.02:400][759]LogAudioMixer: Display: Initializing Sound Submixes...
[2025.07.22-02.22.02:400][759]LogAudioMixer: Display: Creating Master Submix 'MasterSubmixDefault'
[2025.07.22-02.22.02:400][759]LogAudioMixer: Display: Creating Master Submix 'MasterReverbSubmixDefault'
[2025.07.22-02.22.02:401][759]LogAudioMixer: Display: Creating Master Submix 'MasterEQSubmixDefault'
[2025.07.22-02.22.02:401][759]LogAudioMixer: FMixerPlatformXAudio2::StartAudioStream() called
[2025.07.22-02.22.02:401][759]LogAudioMixer: Display: Output buffers initialized: Frames=1024, Channels=2, Samples=2048
[2025.07.22-02.22.02:403][759]LogAudioMixer: Display: Starting AudioMixerPlatformInterface::RunInternal()
[2025.07.22-02.22.02:403][759]LogAudioMixer: Display: FMixerPlatformXAudio2::SubmitBuffer() called for the first time
[2025.07.22-02.22.02:403][759]LogInit: FAudioDevice initialized.
[2025.07.22-02.22.02:403][759]LogAudio: Display: Audio Device (ID: 40) registered with world 'ThirdPersonExampleMap'.
[2025.07.22-02.22.02:424][759]LogLoad: Game class is 'ReglasJuego_C'
[2025.07.22-02.22.02:440][759]LogWorld: Bringing World /Game/ThirdPersonBP/Maps/UEDPIE_0_ThirdPersonExampleMap.ThirdPersonExampleMap up for play (max tick rate 60) at 2025.07.21-23.22.02
[2025.07.22-02.22.02:441][759]LogWorld: Bringing up level for play took: 0.015779
[2025.07.22-02.22.02:442][759]LogOnline: OSS: Creating online subsystem instance for: :Context_70
[2025.07.22-02.22.02:445][759]LogBlueprintUserMessages: [plataforma_2] Buenas buenas!
[2025.07.22-02.22.02:451][759]PIE: Server logged in
[2025.07.22-02.22.02:452][759]PIE: Play in editor total start time 0.222 seconds.
[2025.07.22-02.22.09:511][  3]LogBlueprintUserMessages: [enemy_misil_C_0] El peoncito perdio 10 de vida!!!!
[2025.07.22-02.22.09:683][ 10]LogBlueprintUserMessages: [Balaza2_C_1] Le reste 30 al peoncito
[2025.07.22-02.22.12:927][121]LogBlueprintUserMessages: [ReglasJuego_C_0] El puntaje subio!
[2025.07.22-02.22.12:927][121]LogBlueprintUserMessages: [ReglasJuego_C_0] 2
[2025.07.22-02.22.15:746][212]LogBlueprintUserMessages: [ReglasJuego_C_0] El puntaje subio!
[2025.07.22-02.22.15:746][212]LogBlueprintUserMessages: [ReglasJuego_C_0] 4
[2025.07.22-02.22.20:779][375]LogSlate: Updating window title bar state: overlay mode, drag disabled, window buttons hidden, title bar hidden
[2025.07.22-02.22.20:779][375]LogWorld: BeginTearingDown for /Game/ThirdPersonBP/Maps/UEDPIE_0_ThirdPersonExampleMap
[2025.07.22-02.22.20:780][375]LogWorld: UWorld::CleanupWorld for ThirdPersonExampleMap, bSessionEnded=true, bCleanupResources=true
[2025.07.22-02.22.20:781][375]LogSlate: InvalidateAllWidgets triggered.  All widgets were invalidated
[2025.07.22-02.22.20:796][375]LogPlayLevel: Display: Shutting down PIE online subsystems
[2025.07.22-02.22.20:824][375]LogSlate: InvalidateAllWidgets triggered.  All widgets were invalidated
[2025.07.22-02.22.20:878][375]LogAudio: Display: Audio Device unregistered from world 'None'.
[2025.07.22-02.22.20:879][375]LogAudioMixer: FMixerPlatformXAudio2::StopAudioStream() called
[2025.07.22-02.22.20:880][375]LogAudioMixer: FMixerPlatformXAudio2::StopAudioStream() called
[2025.07.22-02.22.20:884][375]LogSlate: Updating window title bar state: overlay mode, drag disabled, window buttons hidden, title bar hidden
[2025.07.22-02.22.20:895][375]LogUObjectHash: Compacting FUObjectHashTables data took   6.88ms
[2025.07.22-02.22.20:994][376]LogPlayLevel: Display: Destroying online subsystem :Context_70
[2025.07.22-02.22.22:958][427]LogUObjectHash: Compacting FUObjectHashTables data took  18.22ms
[2025.07.22-02.22.23:151][427]LogSavePackage: Moving '../../../../../UTN-e-learning/Unreal-Engine/Unreal-Projects/TP_PreEntrega/Saved/ThirdPersonExampleMap343EA17A4BC688F3D657F7B2222D0E6B.tmp' to '../../../../../UTN-e-learning/Unreal-Engine/Unreal-Projects/TP_PreEntrega/Content/ThirdPersonBP/Maps/ThirdPersonExampleMap.umap'
[2025.07.22-02.22.23:463][427]LogSavePackage: Moving '../../../../../UTN-e-learning/Unreal-Engine/Unreal-Projects/TP_PreEntrega/Saved/ThirdPersonExampleMap_BuiltData9AF2636B4F8D8D0163DE83B534A70A6B.tmp' to '../../../../../UTN-e-learning/Unreal-Engine/Unreal-Projects/TP_PreEntrega/Content/ThirdPersonBP/Maps/ThirdPersonExampleMap_BuiltData.uasset'
[2025.07.22-02.22.23:535][427]AssetCheck: New page: Asset Save: multiple assets
[2025.07.22-02.22.23:535][427]LogContentValidation: Display: Validating MapBuildDataRegistry /Game/ThirdPersonBP/Maps/ThirdPersonExampleMap_BuiltData.ThirdPersonExampleMap_BuiltData
[2025.07.22-02.22.23:535][427]LogContentValidation: Display: Validating World /Game/ThirdPersonBP/Maps/ThirdPersonExampleMap.ThirdPersonExampleMap
[2025.07.22-02.22.27:183][531]LogSlate: Window 'Cave' being destroyed
[2025.07.22-02.22.27:249][531]LogWorld: UWorld::CleanupWorld for World_21, bSessionEnded=true, bCleanupResources=true
[2025.07.22-02.22.27:249][531]LogSlate: InvalidateAllWidgets triggered.  All widgets were invalidated
[2025.07.22-02.22.30:853][635]LogSlate: Window 'Message Log' being destroyed
[2025.07.22-02.22.30:859][635]LogSlate: Window 'Message Log' being destroyed
[2025.07.22-02.22.33:798][644]LogSlate: Window 'particulas' being destroyed
[2025.07.22-02.22.33:803][644]LogSlate: Window 'particulas' being destroyed
[2025.07.22-02.22.33:803][644]LogCascade: Quitting Cascade. FXSystem=0x000001742ED38670
[2025.07.22-02.22.33:828][644]LogWorld: UWorld::CleanupWorld for World_29, bSessionEnded=true, bCleanupResources=true
[2025.07.22-02.22.33:828][644]LogSlate: InvalidateAllWidgets triggered.  All widgets were invalidated
[2025.07.22-02.22.33:942][644]LogUObjectHash: Compacting FUObjectHashTables data took   7.94ms
[2025.07.22-02.22.34:091][644]LogActorComponent: UnregisterComponent: (/Engine/Transient.EditorFloorComp) Not registered. Aborting.
[2025.07.22-02.22.34:091][644]LogWorld: UWorld::CleanupWorld for World_19, bSessionEnded=true, bCleanupResources=true
[2025.07.22-02.22.34:091][644]LogSlate: InvalidateAllWidgets triggered.  All widgets were invalidated
[2025.07.22-02.22.34:292][644]LogActorComponent: UnregisterComponent: (/Engine/Transient.EditorFloorComp) Not registered. Aborting.
[2025.07.22-02.22.34:292][644]LogWorld: UWorld::CleanupWorld for World_22, bSessionEnded=true, bCleanupResources=true
[2025.07.22-02.22.34:292][644]LogSlate: InvalidateAllWidgets triggered.  All widgets were invalidated
[2025.07.22-02.22.34:481][644]LogActorComponent: UnregisterComponent: (/Engine/Transient.EditorFloorComp) Not registered. Aborting.
[2025.07.22-02.22.34:481][644]LogWorld: UWorld::CleanupWorld for World_25, bSessionEnded=true, bCleanupResources=true
[2025.07.22-02.22.34:481][644]LogSlate: InvalidateAllWidgets triggered.  All widgets were invalidated
[2025.07.22-02.22.34:657][644]LogCascade: Quitting Cascade. FXSystem=0x00000173D0E032E0
[2025.07.22-02.22.34:687][644]LogActorComponent: UnregisterComponent: (/Engine/Transient.FloorComponent) Not registered. Aborting.
[2025.07.22-02.22.34:687][644]LogWorld: UWorld::CleanupWorld for World_27, bSessionEnded=true, bCleanupResources=true
[2025.07.22-02.22.34:687][644]LogSlate: InvalidateAllWidgets triggered.  All widgets were invalidated
[2025.07.22-02.22.34:792][644]LogActorComponent: UnregisterComponent: (/Engine/Transient.EditorFloorComp) Not registered. Aborting.
[2025.07.22-02.22.34:792][644]LogWorld: UWorld::CleanupWorld for World_28, bSessionEnded=true, bCleanupResources=true
[2025.07.22-02.22.34:792][644]LogSlate: InvalidateAllWidgets triggered.  All widgets were invalidated
[2025.07.22-02.22.34:860][644]LogSlate: Window 'particulas_enemy_spawned1' being destroyed
[2025.07.22-02.22.34:877][644]LogCascade: Quitting Cascade. FXSystem=0x00000174517FCDF0
[2025.07.22-02.22.34:964][644]LogActorComponent: UnregisterComponent: (/Engine/Transient.FloorComponent) Not registered. Aborting.
[2025.07.22-02.22.34:964][644]LogWorld: UWorld::CleanupWorld for World_30, bSessionEnded=true, bCleanupResources=true
[2025.07.22-02.22.34:966][644]LogSlate: InvalidateAllWidgets triggered.  All widgets were invalidated
[2025.07.22-02.22.35:213][644]LogSlate: Window 'TP_PreEntrega - Unreal Editor' being destroyed
[2025.07.22-02.22.35:214][644]LogWindowsTextInputMethodSystem: Display: IME system deactivated.
[2025.07.22-02.22.35:527][645]Cmd: QUIT_EDITOR
[2025.07.22-02.22.35:528][645]LogCore: Engine exit requested (reason: UUnrealEdEngine::CloseEditor())
[2025.07.22-02.22.35:577][645]LogCore: Engine exit requested (reason: EngineExit() was called; note: exit was already requested)
[2025.07.22-02.22.36:326][645]LogAudio: Display: Beginning Audio Device Manager Shutdown (Module: AudioMixerXAudio2)...
[2025.07.22-02.22.36:326][645]LogAudio: Display: Destroying 1 Remaining Audio Device(s)...
[2025.07.22-02.22.36:326][645]LogAudio: Display: Audio Device unregistered from world 'ThirdPersonExampleMap'.
[2025.07.22-02.22.36:326][645]LogAudioMixer: FMixerPlatformXAudio2::StopAudioStream() called
[2025.07.22-02.22.36:330][645]LogAudioMixer: FMixerPlatformXAudio2::StopAudioStream() called
[2025.07.22-02.22.36:344][645]LogAudio: Display: Audio Device Manager Shutdown
[2025.07.22-02.22.36:352][645]LogExit: Preparing to exit.
[2025.07.22-02.22.37:467][645]LogUObjectHash: Compacting FUObjectHashTables data took   6.84ms
[2025.07.22-02.22.37:637][645]LogWorld: UWorld::CleanupWorld for World_26, bSessionEnded=true, bCleanupResources=true
[2025.07.22-02.22.37:640][645]LogWorld: UWorld::CleanupWorld for World_0, bSessionEnded=true, bCleanupResources=true
[2025.07.22-02.22.37:645][645]LogWorld: UWorld::CleanupWorld for World_1, bSessionEnded=true, bCleanupResources=true
[2025.07.22-02.22.37:650][645]LogWorld: UWorld::CleanupWorld for World_2, bSessionEnded=true, bCleanupResources=true
[2025.07.22-02.22.37:654][645]LogWorld: UWorld::CleanupWorld for World_3, bSessionEnded=true, bCleanupResources=true
[2025.07.22-02.22.37:658][645]LogWorld: UWorld::CleanupWorld for World_4, bSessionEnded=true, bCleanupResources=true
[2025.07.22-02.22.37:662][645]LogWorld: UWorld::CleanupWorld for World_5, bSessionEnded=true, bCleanupResources=true
[2025.07.22-02.22.37:668][645]LogWorld: UWorld::CleanupWorld for World_6, bSessionEnded=true, bCleanupResources=true
[2025.07.22-02.22.37:672][645]LogWorld: UWorld::CleanupWorld for World_7, bSessionEnded=true, bCleanupResources=true
[2025.07.22-02.22.37:676][645]LogWorld: UWorld::CleanupWorld for World_8, bSessionEnded=true, bCleanupResources=true
[2025.07.22-02.22.37:680][645]LogWorld: UWorld::CleanupWorld for World_9, bSessionEnded=true, bCleanupResources=true
[2025.07.22-02.22.37:685][645]LogWorld: UWorld::CleanupWorld for World_10, bSessionEnded=true, bCleanupResources=true
[2025.07.22-02.22.37:690][645]LogWorld: UWorld::CleanupWorld for World_11, bSessionEnded=true, bCleanupResources=true
[2025.07.22-02.22.37:694][645]LogWorld: UWorld::CleanupWorld for World_12, bSessionEnded=true, bCleanupResources=true
[2025.07.22-02.22.37:699][645]LogWorld: UWorld::CleanupWorld for World_13, bSessionEnded=true, bCleanupResources=true
[2025.07.22-02.22.37:703][645]LogWorld: UWorld::CleanupWorld for World_14, bSessionEnded=true, bCleanupResources=true
[2025.07.22-02.22.37:707][645]LogWorld: UWorld::CleanupWorld for World_15, bSessionEnded=true, bCleanupResources=true
[2025.07.22-02.22.37:712][645]LogWorld: UWorld::CleanupWorld for World_16, bSessionEnded=true, bCleanupResources=true
[2025.07.22-02.22.37:716][645]LogWorld: UWorld::CleanupWorld for World_17, bSessionEnded=true, bCleanupResources=true
[2025.07.22-02.22.37:721][645]LogWorld: UWorld::CleanupWorld for World_24, bSessionEnded=true, bCleanupResources=true
[2025.07.22-02.22.37:725][645]LogWorld: UWorld::CleanupWorld for World_18, bSessionEnded=true, bCleanupResources=true
[2025.07.22-02.22.37:730][645]LogWorld: UWorld::CleanupWorld for World_20, bSessionEnded=true, bCleanupResources=true
[2025.07.22-02.22.37:734][645]LogWorld: UWorld::CleanupWorld for World_23, bSessionEnded=true, bCleanupResources=true
[2025.07.22-02.22.37:847][645]LogDemo: Cleaned up 0 splitscreen connections with owner deletion
[2025.07.22-02.22.37:870][645]LogStylusInput: Shutting down StylusInput subsystem.
[2025.07.22-02.22.37:870][645]LogWorld: UWorld::CleanupWorld for None, bSessionEnded=true, bCleanupResources=true
[2025.07.22-02.22.37:871][645]LogExit: Editor shut down
[2025.07.22-02.22.37:872][645]LogExit: Transaction tracking system shut down
[2025.07.22-02.22.38:440][645]LogExit: Object subsystem successfully closed.
[2025.07.22-02.22.38:466][645]LogShaderCompilers: Display: === FShaderJobCache stats ===
[2025.07.22-02.22.38:466][645]LogShaderCompilers: Display: Total job queries 134, among them cache hits 9 (6.72%)
[2025.07.22-02.22.38:466][645]LogShaderCompilers: Display: Tracking 125 distinct input hashes that result in 83 distinct outputs (66.40%)
[2025.07.22-02.22.38:466][645]LogShaderCompilers: Display: RAM used: 0.51 MB (0.00 GB) of 1638.40 MB (1.60 GB) budget. Usage: 0.03%
[2025.07.22-02.22.38:466][645]LogShaderCompilers: Display: ================================================
[2025.07.22-02.22.38:476][645]LogShaderCompilers: Display: Shaders left to compile 0
[2025.07.22-02.22.38:510][645]LogModuleManager: Shutting down and abandoning module DistCurveEditor (900)
[2025.07.22-02.22.38:510][645]LogModuleManager: Shutting down and abandoning module Cascade (898)
[2025.07.22-02.22.38:510][645]LogModuleManager: Shutting down and abandoning module MovieSceneCapture (896)
[2025.07.22-02.22.38:510][645]LogModuleManager: Shutting down and abandoning module Voice (894)
[2025.07.22-02.22.38:510][645]LogModuleManager: Shutting down and abandoning module BlueprintGraph (892)
[2025.07.22-02.22.38:510][645]LogModuleManager: Shutting down and abandoning module HierarchicalLODOutliner (890)
[2025.07.22-02.22.38:510][645]LogModuleManager: Shutting down and abandoning module SceneOutliner (888)
[2025.07.22-02.22.38:510][645]LogModuleManager: Shutting down and abandoning module AddContentDialog (886)
[2025.07.22-02.22.38:512][645]LogModuleManager: Shutting down and abandoning module WidgetCarousel (885)
[2025.07.22-02.22.38:512][645]LogModuleManager: Shutting down and abandoning module EditorWidgets (882)
[2025.07.22-02.22.38:512][645]LogModuleManager: Shutting down and abandoning module StatsViewer (880)
[2025.07.22-02.22.38:512][645]LogModuleManager: Shutting down and abandoning module PIEPreviewDeviceProfileSelector (878)
[2025.07.22-02.22.38:513][645]LogModuleManager: Shutting down and abandoning module SequenceRecorderSections (876)
[2025.07.22-02.22.38:513][645]LogModuleManager: Shutting down and abandoning module AutomationWorker (874)
[2025.07.22-02.22.38:513][645]LogModuleManager: Shutting down and abandoning module SteamVREditor (872)
[2025.07.22-02.22.38:513][645]LogModuleManager: Shutting down and abandoning module OculusMR (870)
[2025.07.22-02.22.38:513][645]LogModuleManager: Shutting down and abandoning module TakeRecorderSources (868)
[2025.07.22-02.22.38:513][645]LogModuleManager: Shutting down and abandoning module TakeRecorder (867)
[2025.07.22-02.22.38:513][645]LogModuleManager: Shutting down and abandoning module TakeTrackRecorders (864)
[2025.07.22-02.22.38:513][645]LogModuleManager: Shutting down and abandoning module TakesCore (862)
[2025.07.22-02.22.38:513][645]LogModuleManager: Shutting down and abandoning module OpenXRInput (860)
[2025.07.22-02.22.38:513][645]LogModuleManager: Shutting down and abandoning module GooglePADEditor (858)
[2025.07.22-02.22.38:513][645]LogModuleManager: Shutting down and abandoning module AudioCaptureEditor (856)
[2025.07.22-02.22.38:513][645]LogModuleManager: Shutting down and abandoning module TemplateSequenceEditor (854)
[2025.07.22-02.22.38:513][645]LogModuleManager: Shutting down and abandoning module LevelSequenceEditor (852)
[2025.07.22-02.22.38:513][645]LogModuleManager: Shutting down and abandoning module MatineeToLevelSequence (850)
[2025.07.22-02.22.38:514][645]LogModuleManager: Shutting down and abandoning module ActorSequenceEditor (848)
[2025.07.22-02.22.38:514][645]LogModuleManager: Shutting down and abandoning module WebMMediaFactory (846)
[2025.07.22-02.22.38:514][645]LogModuleManager: Shutting down and abandoning module WebMMediaEditor (844)
[2025.07.22-02.22.38:514][645]LogModuleManager: Shutting down and abandoning module WebMMedia (842)
[2025.07.22-02.22.38:514][645]LogModuleManager: Shutting down and abandoning module WmfMediaFactory (840)
[2025.07.22-02.22.38:514][645]LogModuleManager: Shutting down and abandoning module WmfMediaEditor (838)
[2025.07.22-02.22.38:514][645]LogModuleManager: Shutting down and abandoning module MediaPlayerEditor (836)
[2025.07.22-02.22.38:514][645]LogModuleManager: Shutting down and abandoning module MediaCompositingEditor (834)
[2025.07.22-02.22.38:514][645]LogModuleManager: Shutting down and abandoning module SequenceRecorder (833)
[2025.07.22-02.22.38:514][645]LogModuleManager: Shutting down and abandoning module OpenExrWrapper (830)
[2025.07.22-02.22.38:514][645]LogModuleManager: Shutting down and abandoning module ImgMediaFactory (828)
[2025.07.22-02.22.38:514][645]LogModuleManager: Shutting down and abandoning module ImgMediaEditor (826)
[2025.07.22-02.22.38:514][645]LogModuleManager: Shutting down and abandoning module MagicLeapMediaCodecFactory (824)
[2025.07.22-02.22.38:514][645]LogModuleManager: Shutting down and abandoning module MagicLeapMediaFactory (822)
[2025.07.22-02.22.38:514][645]LogModuleManager: Shutting down and abandoning module MagicLeapMediaEditor (820)
[2025.07.22-02.22.38:514][645]LogModuleManager: Shutting down and abandoning module AvfMediaFactory (818)
[2025.07.22-02.22.38:514][645]LogModuleManager: Shutting down and abandoning module AvfMediaEditor (816)
[2025.07.22-02.22.38:514][645]LogModuleManager: Shutting down and abandoning module AndroidMediaFactory (814)
[2025.07.22-02.22.38:514][645]LogModuleManager: Shutting down and abandoning module AndroidMediaEditor (812)
[2025.07.22-02.22.38:514][645]LogModuleManager: Shutting down and abandoning module PlanarCut (810)
[2025.07.22-02.22.38:514][645]LogModuleManager: Shutting down and abandoning module CharacterAI (808)
[2025.07.22-02.22.38:514][645]LogModuleManager: Shutting down and abandoning module TextureAlignMode (806)
[2025.07.22-02.22.38:514][645]LogModuleManager: Shutting down and abandoning module BspMode (804)
[2025.07.22-02.22.38:515][645]LogModuleManager: Shutting down and abandoning module GeometryMode (802)
[2025.07.22-02.22.38:515][645]LogModuleManager: Shutting down and abandoning module CameraShakePreviewer (800)
[2025.07.22-02.22.38:515][645]LogModuleManager: Shutting down and abandoning module SmartSnapping (798)
[2025.07.22-02.22.38:515][645]LogModuleManager: Shutting down and abandoning module SessionServices (796)
[2025.07.22-02.22.38:515][645]LogModuleManager: Shutting down and abandoning module MeshPaint (794)
[2025.07.22-02.22.38:515][645]LogModuleManager: Shutting down and abandoning module VirtualTexturingEditor (792)
[2025.07.22-02.22.38:515][645]LogModuleManager: Shutting down and abandoning module FoliageEdit (790)
[2025.07.22-02.22.38:515][645]LogModuleManager: Shutting down and abandoning module LandscapeEditor (788)
[2025.07.22-02.22.38:515][645]LogModuleManager: Shutting down and abandoning module MeshPaintMode (786)
[2025.07.22-02.22.38:515][645]LogModuleManager: Shutting down and abandoning module SceneDepthPickerMode (784)
[2025.07.22-02.22.38:515][645]LogModuleManager: Shutting down and abandoning module ActorPickerMode (782)
[2025.07.22-02.22.38:515][645]LogModuleManager: Shutting down and abandoning module PlacementMode (780)
[2025.07.22-02.22.38:515][645]LogModuleManager: Shutting down and abandoning module ViewportSnapping (778)
[2025.07.22-02.22.38:515][645]LogModuleManager: Shutting down and abandoning module ViewportInteraction (776)
[2025.07.22-02.22.38:515][645]LogModuleManager: Shutting down and abandoning module ClothPainter (774)
[2025.07.22-02.22.38:515][645]LogModuleManager: Shutting down and abandoning module SkeletalMeshEditor (773)
[2025.07.22-02.22.38:515][645]LogModuleManager: Shutting down and abandoning module LogVisualizer (770)
[2025.07.22-02.22.38:516][645]LogModuleManager: Shutting down and abandoning module IntroTutorials (768)
[2025.07.22-02.22.38:516][645]LogModuleManager: Shutting down and abandoning module GameProjectGeneration (767)
[2025.07.22-02.22.38:516][645]LogModuleManager: Shutting down and abandoning module LuminPlatformEditor (764)
[2025.07.22-02.22.38:516][645]LogModuleManager: Shutting down and abandoning module IOSPlatformEditor (762)
[2025.07.22-02.22.38:516][645]LogModuleManager: Shutting down and abandoning module AndroidPlatformEditor (760)
[2025.07.22-02.22.38:516][645]LogModuleManager: Shutting down and abandoning module AndroidDeviceDetection (759)
[2025.07.22-02.22.39:360][645]LogModuleManager: Shutting down and abandoning module WindowsPlatformEditor (756)
[2025.07.22-02.22.39:360][645]LogModuleManager: Shutting down and abandoning module LuminRuntimeSettings (754)
[2025.07.22-02.22.39:360][645]LogModuleManager: Shutting down and abandoning module IOSRuntimeSettings (752)
[2025.07.22-02.22.39:360][645]LogModuleManager: Shutting down and abandoning module AndroidRuntimeSettings (750)
[2025.07.22-02.22.39:360][645]LogModuleManager: Shutting down and abandoning module TraceInsights (748)
[2025.07.22-02.22.39:361][645]MemoryProfiler: Shutdown
[2025.07.22-02.22.39:361][645]NetworkingProfiler: Shutdown
[2025.07.22-02.22.39:361][645]LoadingProfiler: Shutdown
[2025.07.22-02.22.39:361][645]TimingProfiler: Shutdown
[2025.07.22-02.22.39:361][645]LogModuleManager: Shutting down and abandoning module TraceServices (747)
[2025.07.22-02.22.39:361][645]LogModuleManager: Shutting down and abandoning module EditorInteractiveToolsFramework (744)
[2025.07.22-02.22.39:361][645]LogModuleManager: Shutting down and abandoning module TimeManagementEditor (742)
[2025.07.22-02.22.39:361][645]LogModuleManager: Shutting down and abandoning module InputBindingEditor (740)
[2025.07.22-02.22.39:361][645]LogModuleManager: Shutting down and abandoning module MergeActors (738)
[2025.07.22-02.22.39:361][645]LogModuleManager: Shutting down and abandoning module LocalizationDashboard (736)
[2025.07.22-02.22.39:361][645]LogModuleManager: Shutting down and abandoning module LocalizationService (735)
[2025.07.22-02.22.39:361][645]LogModuleManager: Shutting down and abandoning module HardwareTargeting (732)
[2025.07.22-02.22.39:361][645]LogModuleManager: Shutting down and abandoning module DeviceProfileEditor (730)
[2025.07.22-02.22.39:361][645]LogModuleManager: Shutting down and abandoning module UndoHistory (728)
[2025.07.22-02.22.39:361][645]LogModuleManager: Shutting down and abandoning module XmlParser (726)
[2025.07.22-02.22.39:361][645]LogModuleManager: Shutting down and abandoning module Blutility (724)
[2025.07.22-02.22.39:361][645]LogModuleManager: Shutting down and abandoning module ProjectSettingsViewer (722)
[2025.07.22-02.22.39:363][645]LogModuleManager: Shutting down and abandoning module ProjectTargetPlatformEditor (721)
[2025.07.22-02.22.39:363][645]LogModuleManager: Shutting down and abandoning module EditorSettingsViewer (718)
[2025.07.22-02.22.39:363][645]LogModuleManager: Shutting down and abandoning module InternationalizationSettings (717)
[2025.07.22-02.22.39:363][645]LogModuleManager: Shutting down and abandoning module SettingsEditor (714)
[2025.07.22-02.22.39:363][645]LogModuleManager: Shutting down and abandoning module ProjectLauncher (712)
[2025.07.22-02.22.39:363][645]LogModuleManager: Shutting down and abandoning module SessionFrontend (710)
[2025.07.22-02.22.39:363][645]LogModuleManager: Shutting down and abandoning module ProfilerClient (708)
[2025.07.22-02.22.39:363][645]LogModuleManager: Shutting down and abandoning module DeviceManager (706)
[2025.07.22-02.22.39:363][645]LogModuleManager: Shutting down and abandoning module TargetDeviceServices (705)
[2025.07.22-02.22.39:396][645]LogModuleManager: Shutting down and abandoning module AutomationController (702)
[2025.07.22-02.22.39:396][645]LogModuleManager: Shutting down and abandoning module AutomationWindow (700)
[2025.07.22-02.22.39:396][645]LogModuleManager: Shutting down and abandoning module Layers (698)
[2025.07.22-02.22.39:396][645]LogModuleManager: Shutting down and abandoning module ComponentVisualizers (696)
[2025.07.22-02.22.39:396][645]LogModuleManager: Shutting down and abandoning module DetailCustomizations (694)
[2025.07.22-02.22.39:396][645]LogModuleManager: Shutting down and abandoning module PackagesDialog (692)
[2025.07.22-02.22.39:396][645]LogModuleManager: Shutting down and abandoning module AnimationBlueprintEditor (690)
[2025.07.22-02.22.39:396][645]LogModuleManager: Shutting down and abandoning module Persona (688)
[2025.07.22-02.22.39:397][645]LogModuleManager: Shutting down and abandoning module AdvancedPreviewScene (687)
[2025.07.22-02.22.39:397][645]LogModuleManager: Shutting down and abandoning module AnimGraph (685)
[2025.07.22-02.22.39:397][645]LogModuleManager: Shutting down and abandoning module Kismet (682)
[2025.07.22-02.22.39:425][645]LogModuleManager: Shutting down and abandoning module KismetWidgets (681)
[2025.07.22-02.22.39:425][645]LogModuleManager: Shutting down and abandoning module GraphEditor (678)
[2025.07.22-02.22.39:425][645]LogModuleManager: Shutting down and abandoning module StructViewer (676)
[2025.07.22-02.22.39:425][645]LogModuleManager: Shutting down and abandoning module ClassViewer (674)
[2025.07.22-02.22.39:427][645]LogModuleManager: Shutting down and abandoning module Toolbox (672)
[2025.07.22-02.22.39:427][645]LogModuleManager: Shutting down and abandoning module ModuleUI (670)
[2025.07.22-02.22.39:427][645]LogModuleManager: Shutting down and abandoning module OutputLog (668)
[2025.07.22-02.22.39:430][645]LogModuleManager: Shutting down and abandoning module GammaUI (666)
[2025.07.22-02.22.39:430][645]LogModuleManager: Shutting down and abandoning module Documentation (664)
[2025.07.22-02.22.39:430][645]LogModuleManager: Shutting down and abandoning module LiveCoding (662)
[2025.07.22-02.22.39:430][645]LogModuleManager: Shutting down and abandoning module LevelSequence (660)
[2025.07.22-02.22.39:430][645]LogModuleManager: Shutting down and abandoning module MovieSceneTracks (658)
[2025.07.22-02.22.39:430][645]LogModuleManager: Shutting down and abandoning module MovieScene (656)
[2025.07.22-02.22.39:430][645]LogModuleManager: Shutting down and abandoning module StreamingPauseRendering (654)
[2025.07.22-02.22.39:430][645]LogModuleManager: Shutting down and abandoning module LauncherPlatform (652)
[2025.07.22-02.22.39:430][645]LogModuleManager: Shutting down and abandoning module AnalyticsET (650)
[2025.07.22-02.22.39:430][645]LogModuleManager: Shutting down and abandoning module PortalServices (648)
[2025.07.22-02.22.39:430][645]LogModuleManager: Shutting down and abandoning module PortalRpc (646)
[2025.07.22-02.22.39:430][645]LogModuleManager: Shutting down and abandoning module MessagingRpc (644)
[2025.07.22-02.22.39:430][645]LogModuleManager: Shutting down and abandoning module AudioMixerXAudio2 (642)
[2025.07.22-02.22.39:430][645]LogModuleManager: Shutting down and abandoning module AudioMixerCore (641)
[2025.07.22-02.22.39:430][645]LogModuleManager: Shutting down and abandoning module AIModule (638)
[2025.07.22-02.22.39:430][645]LogModuleManager: Shutting down and abandoning module GameplayDebugger (637)
[2025.07.22-02.22.39:430][645]LogModuleManager: Shutting down and abandoning module AITestSuite (635)
[2025.07.22-02.22.39:430][645]LogModuleManager: Shutting down and abandoning module NavigationSystem (633)
[2025.07.22-02.22.39:430][645]LogModuleManager: Shutting down and abandoning module ImageWriteQueue (630)
[2025.07.22-02.22.39:430][645]LogModuleManager: Shutting down and abandoning module ProfilerService (628)
[2025.07.22-02.22.39:509][645]LogModuleManager: Shutting down and abandoning module TaskGraph (626)
[2025.07.22-02.22.39:509][645]LogModuleManager: Shutting down and abandoning module AudioSynesthesiaEditor (624)
[2025.07.22-02.22.39:509][645]LogModuleManager: Shutting down and abandoning module OculusEditor (622)
[2025.07.22-02.22.39:509][645]LogModuleManager: Shutting down and abandoning module OculusInput (620)
[2025.07.22-02.22.39:509][645]LogModuleManager: Shutting down and abandoning module ContentBrowserFileDataSource (618)
[2025.07.22-02.22.39:509][645]LogModuleManager: Shutting down and abandoning module ContentBrowserClassDataSource (616)
[2025.07.22-02.22.39:509][645]LogModuleManager: Shutting down and abandoning module ContentBrowserAssetDataSource (614)
[2025.07.22-02.22.39:509][645]LogModuleManager: Shutting down and abandoning module CollectionManager (613)
[2025.07.22-02.22.39:509][645]LogModuleManager: Shutting down and abandoning module VisualStudioSourceCodeAccess (610)
[2025.07.22-02.22.39:509][645]LogModuleManager: Shutting down and abandoning module VisualStudioCodeSourceCodeAccess (608)
[2025.07.22-02.22.39:509][645]LogModuleManager: Shutting down and abandoning module UObjectPlugin (606)
[2025.07.22-02.22.39:509][645]LogModuleManager: Shutting down and abandoning module SubversionSourceControl (604)
[2025.07.22-02.22.39:509][645]LogModuleManager: Shutting down and abandoning module RiderSourceCodeAccess (602)
[2025.07.22-02.22.39:509][645]LogModuleManager: Shutting down and abandoning module PlasticSourceControl (600)
[2025.07.22-02.22.39:509][645]LogModuleManager: Shutting down and abandoning module PluginUtils (598)
[2025.07.22-02.22.39:509][645]LogModuleManager: Shutting down and abandoning module PerforceSourceControl (596)
[2025.07.22-02.22.39:509][645]LogModuleManager: Shutting down and abandoning module GitSourceControl (594)
[2025.07.22-02.22.39:509][645]LogModuleManager: Shutting down and abandoning module SourceControl (593)
[2025.07.22-02.22.39:510][645]LogModuleManager: Shutting down and abandoning module TakeSequencer (590)
[2025.07.22-02.22.39:510][645]LogModuleManager: Shutting down and abandoning module TakeMovieScene (588)
[2025.07.22-02.22.39:510][645]LogModuleManager: Shutting down and abandoning module SynthesisEditor (586)
[2025.07.22-02.22.39:510][645]LogModuleManager: Shutting down and abandoning module Synthesis (584)
[2025.07.22-02.22.39:510][645]LogModuleManager: Shutting down and abandoning module ProceduralMeshComponentEditor (582)
[2025.07.22-02.22.39:510][645]LogModuleManager: Shutting down and abandoning module ProceduralMeshComponent (580)
[2025.07.22-02.22.39:510][645]LogModuleManager: Shutting down and abandoning module ScreenshotTools (578)
[2025.07.22-02.22.39:510][645]LogModuleManager: Shutting down and abandoning module OpenXREditor (576)
[2025.07.22-02.22.39:510][645]LogModuleManager: Shutting down and abandoning module MobilePatchingUtils (574)
[2025.07.22-02.22.39:510][645]LogModuleManager: Shutting down and abandoning module HairStrandsEditor (572)
[2025.07.22-02.22.39:510][645]LogModuleManager: Shutting down and abandoning module GooglePAD (570)
[2025.07.22-02.22.39:510][645]LogModuleManager: Shutting down and abandoning module CustomMeshComponent (568)
[2025.07.22-02.22.39:510][645]LogModuleManager: Shutting down and abandoning module EditableMesh (566)
[2025.07.22-02.22.39:510][645]LogModuleManager: Shutting down and abandoning module CableComponent (564)
[2025.07.22-02.22.39:510][645]LogModuleManager: Shutting down and abandoning module AudioCapture (562)
[2025.07.22-02.22.39:510][645]LogModuleManager: Shutting down and abandoning module AudioCaptureRtAudio (561)
[2025.07.22-02.22.39:510][645]LogModuleManager: Shutting down and abandoning module AssetTags (558)
[2025.07.22-02.22.39:510][645]LogModuleManager: Shutting down and abandoning module ArchVisCharacter (556)
[2025.07.22-02.22.39:510][645]LogModuleManager: Shutting down and abandoning module AppleImageUtilsBlueprintSupport (554)
[2025.07.22-02.22.39:510][645]LogModuleManager: Shutting down and abandoning module AppleImageUtils (552)
[2025.07.22-02.22.39:510][645]LogModuleManager: Shutting down and abandoning module AndroidPermission (550)
[2025.07.22-02.22.39:510][645]LogModuleManager: Shutting down and abandoning module ActorLayerUtilitiesEditor (548)
[2025.07.22-02.22.39:510][645]LogModuleManager: Shutting down and abandoning module ActorLayerUtilities (546)
[2025.07.22-02.22.39:510][645]LogModuleManager: Shutting down and abandoning module TemplateSequence (544)
[2025.07.22-02.22.39:510][645]LogModuleManager: Shutting down and abandoning module MediaCompositing (542)
[2025.07.22-02.22.39:510][645]LogModuleManager: Shutting down and abandoning module ImgMedia (540)
[2025.07.22-02.22.39:510][645]LogModuleManager: Shutting down and abandoning module MagicLeapSharedWorld (538)
[2025.07.22-02.22.39:510][645]LogModuleManager: Shutting down and abandoning module MagicLeapLightEstimation (536)
[2025.07.22-02.22.39:510][645]LogModuleManager: Shutting down and abandoning module MagicLeapHelperVulkan (534)
[2025.07.22-02.22.39:510][645]LogModuleManager: Shutting down and abandoning module MagicLeapHelperOpenGL (532)
[2025.07.22-02.22.39:510][645]LogModuleManager: Shutting down and abandoning module MagicLeapAudio (530)
[2025.07.22-02.22.39:510][645]LogModuleManager: Shutting down and abandoning module NiagaraEditorWidgets (528)
[2025.07.22-02.22.39:510][645]LogModuleManager: Shutting down and abandoning module MotoSynthEditor (526)
[2025.07.22-02.22.39:510][645]LogModuleManager: Shutting down and abandoning module MotoSynth (524)
[2025.07.22-02.22.39:510][645]LogModuleManager: Shutting down and abandoning module OpenImageDenoise (522)
[2025.07.22-02.22.39:510][645]LogOpenImageDenoise: OIDN shutting down
[2025.07.22-02.22.39:510][645]LogModuleManager: Shutting down and abandoning module ModelingToolsEditorMode (520)
[2025.07.22-02.22.39:511][645]LogModuleManager: Shutting down and abandoning module MeshModelingToolsEditorOnly (518)
[2025.07.22-02.22.39:511][645]LogModuleManager: Shutting down and abandoning module MeshModelingTools (516)
[2025.07.22-02.22.39:511][645]LogModuleManager: Shutting down and abandoning module ModelingOperatorsEditorOnly (514)
[2025.07.22-02.22.39:511][645]LogModuleManager: Shutting down and abandoning module ModelingOperators (512)
[2025.07.22-02.22.39:511][645]LogModuleManager: Shutting down and abandoning module ModelingComponents (510)
[2025.07.22-02.22.39:511][645]LogModuleManager: Shutting down and abandoning module MeshConversion (508)
[2025.07.22-02.22.39:511][645]LogModuleManager: Shutting down and abandoning module DynamicMesh (506)
[2025.07.22-02.22.39:511][645]LogModuleManager: Shutting down and abandoning module GeometryAlgorithms (504)
[2025.07.22-02.22.39:511][645]LogModuleManager: Shutting down and abandoning module GeometricObjects (502)
[2025.07.22-02.22.39:511][645]LogModuleManager: Shutting down and abandoning module VariantManagerContentEditor (500)
[2025.07.22-02.22.39:511][645]LogModuleManager: Shutting down and abandoning module GeometryCollectionTracks (498)
[2025.07.22-02.22.39:511][645]LogModuleManager: Shutting down and abandoning module GeometryCollectionSequencer (497)
[2025.07.22-02.22.39:511][645]LogModuleManager: Shutting down and abandoning module GeometryCollectionEditor (494)
[2025.07.22-02.22.39:511][645]LogModuleManager: Shutting down and abandoning module GeometryCacheTracks (492)
[2025.07.22-02.22.39:511][645]LogModuleManager: Shutting down and abandoning module GeometryCacheStreamer (490)
[2025.07.22-02.22.39:511][645]LogModuleManager: Shutting down and abandoning module GeometryCacheSequencer (488)
[2025.07.22-02.22.39:511][645]LogModuleManager: Shutting down and abandoning module DatasmithContentEditor (486)
[2025.07.22-02.22.39:511][645]LogModuleManager: Shutting down and abandoning module CLionSourceCodeAccess (484)
[2025.07.22-02.22.39:511][645]LogModuleManager: Shutting down and abandoning module AnimationSharingEd (482)
[2025.07.22-02.22.39:511][645]LogModuleManager: Shutting down and abandoning module ChaosClothEditor (480)
[2025.07.22-02.22.39:511][645]LogModuleManager: Shutting down and abandoning module ChaosSolverEditor (478)
[2025.07.22-02.22.39:511][645]LogModuleManager: Shutting down and abandoning module ChaosNiagara (476)
[2025.07.22-02.22.39:511][645]LogModuleManager: Shutting down and abandoning module FractureEditor (474)
[2025.07.22-02.22.39:511][645]LogModuleManager: Shutting down and abandoning module FieldSystemEngine (473)
[2025.07.22-02.22.39:511][645]LogModuleManager: Shutting down and abandoning module BackChannel (470)
[2025.07.22-02.22.39:511][645]LogModuleManager: Shutting down and abandoning module AutomationUtilsEditor (468)
[2025.07.22-02.22.39:511][645]LogModuleManager: Shutting down and abandoning module AutomationUtils (466)
[2025.07.22-02.22.39:511][645]LogModuleManager: Shutting down and abandoning module PluginBrowser (464)
[2025.07.22-02.22.39:512][645]LogModuleManager: Shutting down and abandoning module StylusInput (462)
[2025.07.22-02.22.39:512][645]LogModuleManager: Shutting down and abandoning module SpeedTreeImporter (460)
[2025.07.22-02.22.39:512][645]LogModuleManager: Shutting down and abandoning module AlembicImporter (458)
[2025.07.22-02.22.39:512][645]LogModuleManager: Shutting down and abandoning module AlembicLibrary (457)
[2025.07.22-02.22.39:512][645]LogModuleManager: Shutting down and abandoning module GeometryCache (456)
[2025.07.22-02.22.39:512][645]LogModuleManager: Shutting down and abandoning module GeometryCacheEd (455)
[2025.07.22-02.22.39:512][645]LogModuleManager: Shutting down and abandoning module MaterialAnalyzer (450)
[2025.07.22-02.22.39:512][645]LogModuleManager: Shutting down and abandoning module MobileLauncherProfileWizard (448)
[2025.07.22-02.22.39:512][645]LogModuleManager: Shutting down and abandoning module CurveEditorTools (446)
[2025.07.22-02.22.39:512][645]LogModuleManager: Shutting down and abandoning module CryptoKeysOpenSSL (444)
[2025.07.22-02.22.39:512][645]LogModuleManager: Shutting down and abandoning module CryptoKeys (442)
[2025.07.22-02.22.39:512][645]LogModuleManager: Shutting down and abandoning module OodleNetworkHandlerComponent (440)
[2025.07.22-02.22.39:512][645]LogModuleManager: Shutting down and abandoning module LightPropagationVolumeEditor (438)
[2025.07.22-02.22.39:512][645]LogModuleManager: Shutting down and abandoning module LiveLinkSequencer (436)
[2025.07.22-02.22.39:512][645]LogModuleManager: Shutting down and abandoning module LiveLinkMovieScene (434)
[2025.07.22-02.22.39:512][645]LogModuleManager: Shutting down and abandoning module LiveLinkGraphNode (432)
[2025.07.22-02.22.39:512][645]LogModuleManager: Shutting down and abandoning module LiveLinkEditor (430)
[2025.07.22-02.22.39:512][645]LogModuleManager: Shutting down and abandoning module LiveLinkComponents (428)
[2025.07.22-02.22.39:512][645]LogModuleManager: Shutting down and abandoning module LiveLink (426)
[2025.07.22-02.22.39:626][645]LogModuleManager: Shutting down and abandoning module PaperTiledImporter (424)
[2025.07.22-02.22.39:626][645]LogModuleManager: Shutting down and abandoning module PaperSpriteSheetImporter (422)
[2025.07.22-02.22.39:626][645]LogModuleManager: Shutting down and abandoning module Paper2DEditor (420)
[2025.07.22-02.22.39:626][645]LogModuleManager: Shutting down and abandoning module MeshPaintingToolset (418)
[2025.07.22-02.22.39:626][645]LogModuleManager: Shutting down and abandoning module MeshPaintEditorMode (416)
[2025.07.22-02.22.39:626][645]LogModuleManager: Shutting down and abandoning module TP_PreEntrega (414)
[2025.07.22-02.22.39:626][645]LogModuleManager: Shutting down and abandoning module PropertyAccessNode (412)
[2025.07.22-02.22.39:626][645]LogModuleManager: Shutting down and abandoning module SoundFields (410)
[2025.07.22-02.22.39:627][645]LogModuleManager: Shutting down and abandoning module SignificanceManager (408)
[2025.07.22-02.22.39:627][645]LogModuleManager: Shutting down and abandoning module RuntimePhysXCooking (406)
[2025.07.22-02.22.39:627][645]LogModuleManager: Shutting down and abandoning module PropertyAccessEditor (404)
[2025.07.22-02.22.39:627][645]LogModuleManager: Shutting down and abandoning module PhysXVehiclesEditor (402)
[2025.07.22-02.22.39:627][645]LogModuleManager: Shutting down and abandoning module LocationServicesBPLibrary (398)
[2025.07.22-02.22.39:627][645]LogModuleManager: Shutting down and abandoning module AudioSynesthesia (396)
[2025.07.22-02.22.39:627][645]LogModuleManager: Shutting down and abandoning module AudioSynesthesiaCore (394)
[2025.07.22-02.22.39:627][645]LogModuleManager: Shutting down and abandoning module ActorSequence (392)
[2025.07.22-02.22.39:627][645]LogModuleManager: Shutting down and abandoning module UdpMessaging (390)
[2025.07.22-02.22.39:728][645]LogModuleManager: Shutting down and abandoning module TcpMessaging (388)
[2025.07.22-02.22.39:829][645]LogModuleManager: Shutting down and abandoning module ImgMediaEngine (386)
[2025.07.22-02.22.39:829][645]LogModuleManager: Shutting down and abandoning module MagicLeapARPin (384)
[2025.07.22-02.22.39:829][645]LogModuleManager: Shutting down and abandoning module MagicLeapHandMeshing (382)
[2025.07.22-02.22.39:829][645]LogModuleManager: Shutting down and abandoning module MagicLeapSecureStorage (380)
[2025.07.22-02.22.39:829][645]LogModuleManager: Shutting down and abandoning module MagicLeapPrivileges (378)
[2025.07.22-02.22.39:829][645]LogModuleManager: Shutting down and abandoning module MagicLeapPlanes (376)
[2025.07.22-02.22.39:829][645]LogMagicLeapPlanes: Planes tracker already destroyed.
[2025.07.22-02.22.39:829][645]LogModuleManager: Shutting down and abandoning module MagicLeapImageTracker (374)
[2025.07.22-02.22.39:829][645]LogModuleManager: Shutting down and abandoning module MagicLeapIdentity (372)
[2025.07.22-02.22.39:829][645]LogModuleManager: Shutting down and abandoning module MagicLeapHandTracking (370)
[2025.07.22-02.22.39:829][645]LogModuleManager: Shutting down and abandoning module MagicLeapEyeTracker (368)
[2025.07.22-02.22.39:829][645]LogModuleManager: Shutting down and abandoning module MagicLeapController (366)
[2025.07.22-02.22.39:829][645]LogModuleManager: Shutting down and abandoning module MagicLeapARPinImpl (364)
[2025.07.22-02.22.39:829][645]LogModuleManager: Shutting down and abandoning module MagicLeapAR (362)
[2025.07.22-02.22.39:829][645]LogModuleManager: Shutting down and abandoning module NiagaraAnimNotifies (360)
[2025.07.22-02.22.39:829][645]LogModuleManager: Shutting down and abandoning module Niagara (358)
[2025.07.22-02.22.39:829][645]LogModuleManager: Shutting down and abandoning module SignalProcessing (357)
[2025.07.22-02.22.39:829][645]LogModuleManager: Shutting down and abandoning module NiagaraEditor (355)
[2025.07.22-02.22.39:829][645]LogModuleManager: Shutting down and abandoning module NiagaraCore (352)
[2025.07.22-02.22.39:829][645]LogModuleManager: Shutting down and abandoning module PythonScriptPlugin (350)
[2025.07.22-02.22.39:829][645]LogModuleManager: Shutting down and abandoning module AnimationSharing (348)
[2025.07.22-02.22.39:829][645]LogModuleManager: Shutting down and abandoning module GameplayTagsEditor (346)
[2025.07.22-02.22.39:829][645]LogModuleManager: Shutting down and abandoning module FacialAnimationEditor (344)
[2025.07.22-02.22.39:829][645]LogModuleManager: Shutting down and abandoning module FacialAnimation (342)
[2025.07.22-02.22.39:829][645]LogModuleManager: Shutting down and abandoning module DataValidation (340)
[2025.07.22-02.22.39:829][645]LogModuleManager: Shutting down and abandoning module AssetManagerEditor (338)
[2025.07.22-02.22.39:830][645]LogModuleManager: Shutting down and abandoning module LevelEditor (337)
[2025.07.22-02.22.39:831][645]LogModuleManager: Shutting down and abandoning module PixelInspectorModule (336)
[2025.07.22-02.22.39:831][645]LogModuleManager: Shutting down and abandoning module CommonMenuExtensions (334)
[2025.07.22-02.22.39:831][645]LogModuleManager: Shutting down and abandoning module MainFrame (332)
[2025.07.22-02.22.39:831][645]LogModuleManager: Shutting down and abandoning module HotReload (331)
[2025.07.22-02.22.39:832][645]LogModuleManager: Shutting down and abandoning module ToolMenus (327)
[2025.07.22-02.22.39:832][645]LogModuleManager: Shutting down and abandoning module ContentBrowser (325)
[2025.07.22-02.22.39:832][645]LogModuleManager: Shutting down and abandoning module ContentBrowserData (324)
[2025.07.22-02.22.39:832][645]LogModuleManager: Shutting down and abandoning module TreeMap (321)
[2025.07.22-02.22.39:832][645]LogModuleManager: Shutting down and abandoning module GameplayCameras (318)
[2025.07.22-02.22.39:832][645]LogModuleManager: Shutting down and abandoning module LightPropagationVolumeRuntime (316)
[2025.07.22-02.22.39:832][645]LogModuleManager: Shutting down and abandoning module EnvironmentQueryEditor (314)
[2025.07.22-02.22.39:832][645]LogModuleManager: Shutting down and abandoning module Paper2D (312)
[2025.07.22-02.22.39:832][645]LogModuleManager: Shutting down and abandoning module WindowsMoviePlayer (310)
[2025.07.22-02.22.39:841][645]LogModuleManager: Shutting down and abandoning module WebMMoviePlayer (308)
[2025.07.22-02.22.39:841][645]LogModuleManager: Shutting down and abandoning module NetworkReplayStreaming (306)
[2025.07.22-02.22.39:841][645]LogModuleManager: Shutting down and abandoning module PacketHandler (304)
[2025.07.22-02.22.39:841][645]LogModuleManager: Shutting down and abandoning module ClothingSystemEditor (302)
[2025.07.22-02.22.39:841][645]LogModuleManager: Shutting down and abandoning module ClothingSystemRuntimeNv (300)
[2025.07.22-02.22.39:841][645]LogModuleManager: Shutting down and abandoning module MediaAssets (298)
[2025.07.22-02.22.39:841][645]LogModuleManager: Shutting down and abandoning module Overlay (296)
[2025.07.22-02.22.39:842][645]LogModuleManager: Shutting down and abandoning module OverlayEditor (295)
[2025.07.22-02.22.39:842][645]LogModuleManager: Shutting down and abandoning module VREditor (292)
[2025.07.22-02.22.39:842][645]LogModuleManager: Shutting down and abandoning module StringTableEditor (290)
[2025.07.22-02.22.39:842][645]LogModuleManager: Shutting down and abandoning module GameplayTasksEditor (288)
[2025.07.22-02.22.39:842][645]LogModuleManager: Shutting down and abandoning module BehaviorTreeEditor (286)
[2025.07.22-02.22.39:842][645]LogModuleManager: Shutting down and abandoning module FunctionalTesting (284)
[2025.07.22-02.22.39:842][645]LogModuleManager: Shutting down and abandoning module CollisionAnalyzer (282)
[2025.07.22-02.22.39:842][645]LogModuleManager: Shutting down and abandoning module WorkspaceMenuStructure (281)
[2025.07.22-02.22.39:842][645]LogModuleManager: Shutting down and abandoning module UMG (278)
[2025.07.22-02.22.39:842][645]LogModuleManager: Shutting down and abandoning module UMGEditor (277)
[2025.07.22-02.22.39:842][645]LogModuleManager: Shutting down and abandoning module MessageLog (275)
[2025.07.22-02.22.39:842][645]LogModuleManager: Shutting down and abandoning module SlateReflector (270)
[2025.07.22-02.22.39:842][645]LogModuleManager: Shutting down and abandoning module Slate (268)
[2025.07.22-02.22.39:842][645]LogModuleManager: Shutting down and abandoning module SlateCore (266)
[2025.07.22-02.22.39:844][645]LogModuleManager: Shutting down and abandoning module LandscapeEditorUtilities (264)
[2025.07.22-02.22.39:844][645]LogModuleManager: Shutting down and abandoning module UnrealEd (262)
[2025.07.22-02.22.39:844][645]LogModuleManager: Shutting down and abandoning module MRMesh (260)
[2025.07.22-02.22.39:844][645]LogModuleManager: Shutting down and abandoning module SourceCodeAccess (258)
[2025.07.22-02.22.39:844][645]LogModuleManager: Shutting down and abandoning module HeadMountedDisplay (256)
[2025.07.22-02.22.39:844][645]LogModuleManager: Shutting down and abandoning module XAudio2 (254)
[2025.07.22-02.22.39:844][645]LogModuleManager: Shutting down and abandoning module Networking (252)
[2025.07.22-02.22.39:844][645]LogModuleManager: Shutting down and abandoning module Core (250)
[2025.07.22-02.22.39:844][645]LogModuleManager: Shutting down and abandoning module MaterialEditor (248)
[2025.07.22-02.22.39:844][645]LogModuleManager: Shutting down and abandoning module MovieSceneTools (246)
[2025.07.22-02.22.39:844][645]LogModuleManager: Shutting down and abandoning module CurveEditor (245)
[2025.07.22-02.22.39:844][645]LogModuleManager: Shutting down and abandoning module Sequencer (243)
[2025.07.22-02.22.39:845][645]LogModuleManager: Shutting down and abandoning module EditorStyle (242)
[2025.07.22-02.22.39:847][645]LogModuleManager: Shutting down and abandoning module KismetCompiler (238)
[2025.07.22-02.22.39:847][645]LogModuleManager: Shutting down and abandoning module MeshBuilder (236)
[2025.07.22-02.22.39:847][645]LogModuleManager: Shutting down and abandoning module MeshUtilities (234)
[2025.07.22-02.22.39:847][645]LogModuleManager: Shutting down and abandoning module MeshMergeUtilities (233)
[2025.07.22-02.22.39:847][645]LogModuleManager: Shutting down and abandoning module MeshReductionInterface (232)
[2025.07.22-02.22.39:847][645]LogModuleManager: Shutting down and abandoning module MeshBoneReduction (231)
[2025.07.22-02.22.39:847][645]LogModuleManager: Shutting down and abandoning module SkeletalMeshReduction (229)
[2025.07.22-02.22.39:847][645]LogModuleManager: Shutting down and abandoning module ProxyLODMeshReduction (227)
[2025.07.22-02.22.39:847][645]LogModuleManager: Shutting down and abandoning module QuadricMeshReduction (225)
[2025.07.22-02.22.39:847][645]LogModuleManager: Shutting down and abandoning module MaterialBaking (221)
[2025.07.22-02.22.39:847][645]LogModuleManager: Shutting down and abandoning module NullInstallBundleManager (216)
[2025.07.22-02.22.39:847][645]LogModuleManager: Shutting down and abandoning module DerivedDataCache (214)
[2025.07.22-02.22.39:847][645]LogModuleManager: Shutting down and abandoning module TargetPlatform (212)
[2025.07.22-02.22.39:847][645]LogModuleManager: Shutting down and abandoning module VulkanShaderFormat (211)
[2025.07.22-02.22.39:847][645]LogModuleManager: Shutting down and abandoning module ShaderFormatVectorVM (209)
[2025.07.22-02.22.39:847][645]LogModuleManager: Shutting down and abandoning module ShaderFormatOpenGL (207)
[2025.07.22-02.22.39:847][645]LogModuleManager: Shutting down and abandoning module ShaderFormatD3D (205)
[2025.07.22-02.22.39:847][645]LogModuleManager: Shutting down and abandoning module MetalShaderFormat (203)
[2025.07.22-02.22.39:847][645]LogModuleManager: Shutting down and abandoning module TextureFormatOodle (201)
[2025.07.22-02.22.39:848][645]LogModuleManager: Shutting down and abandoning module TextureFormatUncompressed (199)
[2025.07.22-02.22.39:848][645]LogModuleManager: Shutting down and abandoning module TextureFormatPVR (197)
[2025.07.22-02.22.39:848][645]LogModuleManager: Shutting down and abandoning module TextureFormatETC2 (195)
[2025.07.22-02.22.39:848][645]LogModuleManager: Shutting down and abandoning module TextureFormatDXT (193)
[2025.07.22-02.22.39:848][645]LogModuleManager: Shutting down and abandoning module TextureFormatIntelISPCTexComp (191)
[2025.07.22-02.22.39:848][645]LogModuleManager: Shutting down and abandoning module TextureFormatASTC (189)
[2025.07.22-02.22.39:848][645]LogModuleManager: Shutting down and abandoning module ImageWrapper (188)
[2025.07.22-02.22.39:848][645]LogModuleManager: Shutting down and abandoning module AudioFormatOpus (185)
[2025.07.22-02.22.39:848][645]LogModuleManager: Shutting down and abandoning module AudioFormatOgg (183)
[2025.07.22-02.22.39:848][645]LogModuleManager: Shutting down and abandoning module AudioFormatADPCM (181)
[2025.07.22-02.22.39:848][645]LogModuleManager: Shutting down and abandoning module WindowsServerTargetPlatform (179)
[2025.07.22-02.22.39:848][645]LogModuleManager: Shutting down and abandoning module WindowsClientTargetPlatform (177)
[2025.07.22-02.22.39:848][645]LogModuleManager: Shutting down and abandoning module WindowsTargetPlatform (175)
[2025.07.22-02.22.39:848][645]LogModuleManager: Shutting down and abandoning module WindowsNoEditorTargetPlatform (173)
[2025.07.22-02.22.39:848][645]LogModuleManager: Shutting down and abandoning module TVOSTargetPlatform (171)
[2025.07.22-02.22.39:851][645]LogModuleManager: Shutting down and abandoning module MacServerTargetPlatform (169)
[2025.07.22-02.22.39:852][645]LogModuleManager: Shutting down and abandoning module MacClientTargetPlatform (167)
[2025.07.22-02.22.39:852][645]LogModuleManager: Shutting down and abandoning module MacTargetPlatform (165)
[2025.07.22-02.22.39:852][645]LogModuleManager: Shutting down and abandoning module MacNoEditorTargetPlatform (163)
[2025.07.22-02.22.39:852][645]LogModuleManager: Shutting down and abandoning module LuminTargetPlatform (161)
[2025.07.22-02.22.39:855][645]LogModuleManager: Shutting down and abandoning module LinuxAArch64ServerTargetPlatform (159)
[2025.07.22-02.22.39:855][645]LogModuleManager: Shutting down and abandoning module LinuxAArch64ClientTargetPlatform (157)
[2025.07.22-02.22.39:855][645]LogModuleManager: Shutting down and abandoning module LinuxAArch64NoEditorTargetPlatform (155)
[2025.07.22-02.22.39:855][645]LogModuleManager: Shutting down and abandoning module LinuxServerTargetPlatform (153)
[2025.07.22-02.22.39:855][645]LogModuleManager: Shutting down and abandoning module LinuxClientTargetPlatform (151)
[2025.07.22-02.22.39:855][645]LogModuleManager: Shutting down and abandoning module LinuxNoEditorTargetPlatform (149)
[2025.07.22-02.22.39:855][645]LogModuleManager: Shutting down and abandoning module LinuxTargetPlatform (147)
[2025.07.22-02.22.39:856][645]LogModuleManager: Shutting down and abandoning module Messaging (145)
[2025.07.22-02.22.39:856][645]LogModuleManager: Shutting down and abandoning module IOSTargetPlatform (143)
[2025.07.22-02.22.39:860][645]LogModuleManager: Shutting down and abandoning module AndroidTargetPlatform (141)
[2025.07.22-02.22.39:874][645]LogModuleManager: Shutting down and abandoning module AllDesktopTargetPlatform (139)
[2025.07.22-02.22.39:874][645]LogModuleManager: Shutting down and abandoning module D3D11RHI (136)
[2025.07.22-02.22.39:874][645]LogModuleManager: Shutting down and abandoning module InputCore (134)
[2025.07.22-02.22.39:874][645]LogModuleManager: Shutting down and abandoning module Settings (132)
[2025.07.22-02.22.39:874][645]LogModuleManager: Shutting down and abandoning module DirectoryWatcher (130)
[2025.07.22-02.22.39:875][645]LogModuleManager: Shutting down and abandoning module PhysXCooking (128)
[2025.07.22-02.22.39:875][645]LogModuleManager: Shutting down and abandoning module Chaos (126)
[2025.07.22-02.22.39:875][645]LogModuleManager: Shutting down and abandoning module WindowsPlatformFeatures (124)
[2025.07.22-02.22.39:875][645]LogModuleManager: Shutting down and abandoning module GameplayMediaEncoder (123)
[2025.07.22-02.22.39:875][645]LogModuleManager: Shutting down and abandoning module AVEncoder (122)
[2025.07.22-02.22.39:875][645]LogModuleManager: Shutting down and abandoning module SteamVRInputDevice (118)
[2025.07.22-02.22.39:875][645]LogModuleManager: Shutting down and abandoning module SteamVRInput (116)
[2025.07.22-02.22.39:875][645]LogModuleManager: Shutting down and abandoning module SteamVR (114)
[2025.07.22-02.22.39:875][645]LogHMD: Freeing OpenVRDLLHandle.
[2025.07.22-02.22.39:875][645]LogModuleManager: Shutting down and abandoning module OculusHMD (112)
[2025.07.22-02.22.39:875][645]LogModuleManager: Shutting down and abandoning module PixWinPlugin (110)
[2025.07.22-02.22.39:875][645]LogModuleManager: Shutting down and abandoning module OpenXRHandTracking (108)
[2025.07.22-02.22.39:875][645]LogSlate: Slate User Destroyed.  User Index 0, Is Virtual User: 0
[2025.07.22-02.22.39:876][645]LogModuleManager: Shutting down and abandoning module OpenXREyeTracker (106)
[2025.07.22-02.22.39:876][645]LogModuleManager: Shutting down and abandoning module OpenXRAR (104)
[2025.07.22-02.22.39:876][645]LogModuleManager: Shutting down and abandoning module AugmentedReality (103)
[2025.07.22-02.22.39:876][645]LogModuleManager: Shutting down and abandoning module OpenXRHMD (100)
[2025.07.22-02.22.39:876][645]LogModuleManager: Shutting down and abandoning module HairStrandsCore (98)
[2025.07.22-02.22.39:876][645]LogModuleManager: Shutting down and abandoning module ExampleDeviceProfileSelector (96)
[2025.07.22-02.22.39:877][645]LogModuleManager: Shutting down and abandoning module ChunkDownloader (94)
[2025.07.22-02.22.39:877][645]LogModuleManager: Shutting down and abandoning module LauncherChunkInstaller (92)
[2025.07.22-02.22.39:877][645]LogModuleManager: Shutting down and abandoning module OnlineBlueprintSupport (90)
[2025.07.22-02.22.39:877][645]LogModuleManager: Shutting down and abandoning module OnlineSubsystem (86)
[2025.07.22-02.22.39:878][645]LogModuleManager: Shutting down and abandoning module XMPP (81)
[2025.07.22-02.22.39:878][645]LogModuleManager: Shutting down and abandoning module WebSockets (80)
[2025.07.22-02.22.39:905][645]LogModuleManager: Shutting down and abandoning module HTTP (77)
[2025.07.22-02.22.39:905][645]LogHttp: Display: Http module shutting down, but needs to wait on 1 outstanding Http requests:
[2025.07.22-02.22.39:905][645]LogHttp: Display: 	verb=[POST] url=[https://datarouter.ol.epicgames.com/datarouter/api/v1/public/data?SessionID=%7BB1C2B777-4993-8E89-2547-F59D164384B1%7D&AppID=UEEditor.Rocket.Release&AppVersion=4.27.2-18319896%2B%2B%2BUE4%2BRelease-4.27&UserID=3b54413e42d43c35aff2659f95a6b4ca%7C86015509ccb24ed3b48fef845d1c22c9%7Cc297efcb-616a-48e2-89ec-b825ac25b5a4&AppEnvironment=datacollector-binary&UploadType=eteventstream] refs=[1] status=Processing
[2025.07.22-02.22.39:905][645]LogHttp: Display: cleaning up 1 outstanding Http requests.
[2025.07.22-02.22.39:908][645]LogModuleManager: Shutting down and abandoning module SSL (76)
[2025.07.22-02.22.39:910][645]LogModuleManager: Shutting down and abandoning module WmfMedia (72)
[2025.07.22-02.22.39:911][645]LogModuleManager: Shutting down and abandoning module Media (71)
[2025.07.22-02.22.39:914][645]LogModuleManager: Shutting down and abandoning module MediaInfo (70)
[2025.07.22-02.22.39:914][645]LogModuleManager: Shutting down and abandoning module MLSDK (66)
[2025.07.22-02.22.39:914][645]LogModuleManager: Shutting down and abandoning module ExrReaderGpu (64)
[2025.07.22-02.22.39:914][645]LogModuleManager: Shutting down and abandoning module MagicLeap (62)
[2025.07.22-02.22.39:914][645]LogModuleManager: Shutting down and abandoning module NiagaraVertexFactories (60)
[2025.07.22-02.22.39:914][645]LogModuleManager: Shutting down and abandoning module NiagaraShader (58)
[2025.07.22-02.22.39:914][645]LogModuleManager: Shutting down and abandoning module VariantManagerContent (56)
[2025.07.22-02.22.39:914][645]LogModuleManager: Shutting down and abandoning module DatasmithContent (54)
[2025.07.22-02.22.39:914][645]LogModuleManager: Shutting down and abandoning module ChaosCloth (52)
[2025.07.22-02.22.39:915][645]LogModuleManager: Shutting down and abandoning module AISupportModule (50)
[2025.07.22-02.22.39:915][645]LogModuleManager: Shutting down and abandoning module DesktopPlatform (48)
[2025.07.22-02.22.39:915][645]LogModuleManager: Shutting down and abandoning module PlatformCryptoOpenSSL (46)
[2025.07.22-02.22.39:915][645]LogModuleManager: Shutting down and abandoning module PlatformCryptoTypes (44)
[2025.07.22-02.22.39:915][645]LogModuleManager: Shutting down and abandoning module PlatformCrypto (42)
[2025.07.22-02.22.39:915][645]LogModuleManager: Shutting down and abandoning module PythonScriptPluginPreload (40)
[2025.07.22-02.22.39:915][645]LogModuleManager: Shutting down and abandoning module OodleDataCompressionFormat (38)
[2025.07.22-02.22.39:915][645]LogModuleManager: Shutting down and abandoning module XGEController (36)
[2025.07.22-02.22.39:915][645]LogXGEController: Cleaning working directory: C:/Users/ezequ/AppData/Local/Temp/UnrealXGEWorkingDir/
[2025.07.22-02.22.39:915][645]LogModuleManager: Shutting down and abandoning module AnimationModifiers (34)
[2025.07.22-02.22.39:915][645]LogModuleManager: Shutting down and abandoning module AudioEditor (32)
[2025.07.22-02.22.39:915][645]LogModuleManager: Shutting down and abandoning module PropertyEditor (31)
[2025.07.22-02.22.39:915][645]LogModuleManager: Shutting down and abandoning module TextureCompressor (28)
[2025.07.22-02.22.39:915][645]LogModuleManager: Shutting down and abandoning module RenderCore (26)
[2025.07.22-02.22.39:915][645]LogModuleManager: Shutting down and abandoning module Landscape (24)
[2025.07.22-02.22.39:916][645]LogModuleManager: Shutting down and abandoning module SlateRHIRenderer (22)
[2025.07.22-02.22.39:917][645]LogModuleManager: Shutting down and abandoning module AnimGraphRuntime (20)
[2025.07.22-02.22.39:917][645]LogModuleManager: Shutting down and abandoning module Renderer (18)
[2025.07.22-02.22.39:918][645]LogModuleManager: Shutting down and abandoning module Engine (16)
[2025.07.22-02.22.39:918][645]LogModuleManager: Shutting down and abandoning module CoreUObject (14)
[2025.07.22-02.22.39:918][645]LogModuleManager: Shutting down and abandoning module NetworkFile (12)
[2025.07.22-02.22.39:918][645]LogModuleManager: Shutting down and abandoning module CookedIterativeFile (10)
[2025.07.22-02.22.39:918][645]LogModuleManager: Shutting down and abandoning module StreamingFile (8)
[2025.07.22-02.22.39:918][645]LogModuleManager: Shutting down and abandoning module SandboxFile (6)
[2025.07.22-02.22.39:918][645]LogModuleManager: Shutting down and abandoning module PakFile (4)
[2025.07.22-02.22.39:918][645]LogModuleManager: Shutting down and abandoning module RSA (3)
[2025.07.22-02.22.39:918][645]LogContentStreaming: Display: There are 1 unreleased StreamingManagers
[2025.07.22-02.22.39:943][645]LogD3D11RHI: Shutdown
[2025.07.22-02.22.39:943][645]LogD3D11RHI: CleanupD3DDevice
[2025.07.22-02.22.39:948][645]LogExit: Exiting.
[2025.07.22-02.22.39:962][645]Log file closed, 07/21/25 23:22:39
