Log file open, 07/16/25 23:14:40
LogWindows: Failed to load 'aqProf.dll' (GetLastError=126)
LogWindows: File 'aqProf.dll' does not exist
LogWindows: Failed to load 'VtuneApi.dll' (GetLastError=126)
LogWindows: File 'VtuneApi.dll' does not exist
LogWindows: Failed to load 'VtuneApi32e.dll' (GetLastError=126)
LogWindows: File 'VtuneApi32e.dll' does not exist
LogConsoleResponse: Display: Failed to find resolution value strings in scalability ini. Falling back to default.
LogConsoleResponse: Display: Failed to find resolution value strings in scalability ini. Falling back to default.
LogInit: Display: Running engine for game: TP_PreEntrega
LogPlatformFile: Not using cached read wrapper
LogTaskGraph: Started task graph with 5 named threads and 23 total threads with 3 sets of task threads.
LogStats: Stats thread started at 0.430172
LogICUInternationalization: ICU TimeZone Detection - Raw Offset: -3:00, Platform Override: ''
LogInit: Display: Loading text-based GConfig....
LogPluginManager: Mounting plugin MeshPainting
LogPluginManager: Mounting plugin XGEController
LogPluginManager: Mounting plugin Paper2D
LogPluginManager: Mounting plugin AISupport
LogPluginManager: Mounting plugin EnvironmentQueryEditor
LogPluginManager: Mounting plugin LightPropagationVolume
LogPluginManager: Mounting plugin CameraShakePreviewer
LogPluginManager: Mounting plugin GameplayCameras
LogPluginManager: Mounting plugin AnimationSharing
LogPluginManager: Mounting plugin OodleData
LogPluginManager: Mounting plugin CLionSourceCodeAccess
LogPluginManager: Mounting plugin OodleNetwork
LogPluginManager: Mounting plugin CodeLiteSourceCodeAccess
LogPluginManager: Mounting plugin KDevelopSourceCodeAccess
LogPluginManager: Mounting plugin GitSourceControl
LogPluginManager: Mounting plugin NullSourceCodeAccess
LogPluginManager: Mounting plugin PerforceSourceControl
LogPluginManager: Mounting plugin PixWinPlugin
LogPluginManager: Mounting plugin PluginUtils
LogPluginManager: Mounting plugin PropertyAccessNode
LogPluginManager: Mounting plugin PlasticSourceControl
LogPluginManager: Mounting plugin RiderSourceCodeAccess
LogPluginManager: Mounting plugin SubversionSourceControl
LogPluginManager: Mounting plugin TextureFormatOodle
LogPluginManager: Mounting plugin UObjectPlugin
LogPluginManager: Mounting plugin VisualStudioCodeSourceCodeAccess
LogPluginManager: Mounting plugin VisualStudioSourceCodeAccess
LogPluginManager: Mounting plugin XCodeSourceCodeAccess
LogPluginManager: Mounting plugin DatasmithContent
LogPluginManager: Mounting plugin VariantManagerContent
LogPluginManager: Mounting plugin AlembicImporter
LogPluginManager: Mounting plugin BackChannel
LogPluginManager: Mounting plugin AutomationUtils
LogPluginManager: Mounting plugin ChaosCloth
LogPluginManager: Mounting plugin ChaosClothEditor
LogPluginManager: Mounting plugin ChaosSolverPlugin
LogPluginManager: Mounting plugin ChaosEditor
LogPluginManager: Mounting plugin ChaosNiagara
LogPluginManager: Mounting plugin CharacterAI
LogPluginManager: Mounting plugin Niagara
LogPluginManager: Mounting plugin GeometryCache
LogPluginManager: Mounting plugin AssetManagerEditor
LogPluginManager: Mounting plugin GeometryCollectionPlugin
LogPluginManager: Mounting plugin CryptoKeys
LogPluginManager: Mounting plugin CurveEditorTools
LogPluginManager: Mounting plugin DataValidation
LogPluginManager: Mounting plugin FacialAnimation
LogPluginManager: Mounting plugin GameplayTagsEditor
LogPluginManager: Mounting plugin GeometryMode
LogPluginManager: Mounting plugin MacGraphicsSwitching
LogPluginManager: Mounting plugin MaterialAnalyzer
LogPluginManager: Mounting plugin MobileLauncherProfileWizard
LogPluginManager: Mounting plugin PluginBrowser
LogPluginManager: Mounting plugin SpeedTreeImporter
LogPluginManager: Mounting plugin LuminPlatformFeatures
LogPluginManager: Mounting plugin StylusInput
LogPluginManager: Mounting plugin MagicLeap
LogPluginManager: Mounting plugin GeometryProcessing
LogPluginManager: Mounting plugin MagicLeapLightEstimation
LogPluginManager: Mounting plugin MagicLeapMedia
LogPluginManager: Mounting plugin AndroidMedia
LogPluginManager: Mounting plugin MeshModelingToolset
LogPluginManager: Mounting plugin ModelingToolsEditorMode
LogPluginManager: Mounting plugin MagicLeapPassableWorld
LogPluginManager: Mounting plugin MotoSynth
LogPluginManager: Mounting plugin AvfMedia
LogPluginManager: Mounting plugin MLSDK
LogPluginManager: Mounting plugin OpenImageDenoise
LogPluginManager: Mounting plugin PlanarCut
LogPluginManager: Mounting plugin PlatformCrypto
LogPluginManager: Mounting plugin ProxyLODPlugin
LogPluginManager: Mounting plugin PythonScriptPlugin
LogPluginManager: Mounting plugin ImgMedia
LogPluginManager: Mounting plugin MediaCompositing
LogPluginManager: Mounting plugin MediaPlayerEditor
LogPluginManager: Mounting plugin SkeletalReduction
LogPluginManager: Mounting plugin WebMMedia
LogPluginManager: Mounting plugin WmfMedia
LogPluginManager: Mounting plugin TcpMessaging
LogPluginManager: Mounting plugin UdpMessaging
LogPluginManager: Mounting plugin ActorSequence
LogPluginManager: Mounting plugin MatineeToLevelSequence
LogPluginManager: Mounting plugin LevelSequenceEditor
LogPluginManager: Mounting plugin TemplateSequence
LogPluginManager: Mounting plugin OnlineSubsystem
LogPluginManager: Mounting plugin LauncherChunkInstaller
LogPluginManager: Mounting plugin OnlineSubsystemNull
LogPluginManager: Mounting plugin OnlineSubsystemUtils
LogPluginManager: Mounting plugin ActorLayerUtilities
LogPluginManager: Mounting plugin AndroidDeviceProfileSelector
LogPluginManager: Mounting plugin AndroidMoviePlayer
LogPluginManager: Mounting plugin AndroidPermission
LogPluginManager: Mounting plugin AppleMoviePlayer
LogPluginManager: Mounting plugin AppleImageUtils
LogPluginManager: Mounting plugin AssetTags
LogPluginManager: Mounting plugin ArchVisCharacter
LogPluginManager: Mounting plugin AudioCapture
LogPluginManager: Mounting plugin AudioSynesthesia
LogPluginManager: Mounting plugin ChunkDownloader
LogPluginManager: Mounting plugin CableComponent
LogPluginManager: Mounting plugin CustomMeshComponent
LogPluginManager: Mounting plugin EditableMesh
LogPluginManager: Mounting plugin ExampleDeviceProfileSelector
LogPluginManager: Mounting plugin GoogleCloudMessaging
LogPluginManager: Mounting plugin GooglePAD
LogPluginManager: Mounting plugin HairStrands
LogPluginManager: Mounting plugin ScreenshotTools
LogPluginManager: Mounting plugin IOSDeviceProfileSelector
LogPluginManager: Mounting plugin LinuxDeviceProfileSelector
LogPluginManager: Mounting plugin LocationServicesBPLibrary
LogPluginManager: Mounting plugin MobilePatchingUtils
LogPluginManager: Mounting plugin OpenXR
LogPluginManager: Mounting plugin OpenXRHandTracking
LogPluginManager: Mounting plugin OpenXREyeTracker
LogPluginManager: Mounting plugin PhysXVehicles
LogPluginManager: Mounting plugin Takes
LogPluginManager: Mounting plugin PostSplashScreen
LogPluginManager: Mounting plugin ProceduralMeshComponent
LogPluginManager: Mounting plugin RuntimePhysXCooking
LogPluginManager: Mounting plugin SignificanceManager
LogPluginManager: Mounting plugin PropertyAccessEditor
LogPluginManager: Mounting plugin SoundFields
LogPluginManager: Mounting plugin Synthesis
LogPluginManager: Mounting plugin WebMMoviePlayer
LogPluginManager: Mounting plugin LiveLink
LogPluginManager: Mounting plugin WindowsMoviePlayer
LogPluginManager: Mounting plugin ContentBrowserAssetDataSource
LogPluginManager: Mounting plugin ContentBrowserClassDataSource
LogPluginManager: Mounting plugin ContentBrowserFileDataSource
LogPluginManager: Mounting plugin OnlineSubsystemGooglePlay
LogPluginManager: Mounting plugin OnlineSubsystemIOS
LogPluginManager: Mounting plugin OculusVR
LogPluginManager: Mounting plugin SteamVR
PixWinPlugin: PIX capture plugin failed to initialize! Check that the process is launched from PIX.
LogInit: Using libcurl 7.55.1-DEV
LogInit:  - built for x86_64-pc-win32
LogInit:  - supports SSL with OpenSSL/1.1.1
LogInit:  - supports HTTP deflate (compression) using libz 1.2.8
LogInit:  - other features:
LogInit:      CURL_VERSION_SSL
LogInit:      CURL_VERSION_LIBZ
LogInit:      CURL_VERSION_IPV6
LogInit:      CURL_VERSION_ASYNCHDNS
LogInit:      CURL_VERSION_LARGEFILE
LogInit:      CURL_VERSION_IDN
LogInit:  CurlRequestOptions (configurable via config and command line):
LogInit:  - bVerifyPeer = true  - Libcurl will verify peer certificate
LogInit:  - bUseHttpProxy = false  - Libcurl will NOT use HTTP proxy
LogInit:  - bDontReuseConnections = false  - Libcurl will reuse connections
LogInit:  - MaxHostConnections = 16  - Libcurl will limit the number of connections to a host
LogInit:  - LocalHostAddr = Default
LogInit:  - BufferSize = 65536
LogOnline: OSS: Creating online subsystem instance for: NULL
LogInit: WinSock: version 1.1 (2.2), MaxSocks=32767, MaxUdp=65467
LogOnline: OSS: TryLoadSubsystemAndSetDefault: Loaded subsystem for module [NULL]
LogOculusPluginWrapper: OculusPlugin initialized successfully
LogHMD: Failed initializing OVRPlugin 1.59.0
LogInit: Build: ++UE4+Release-4.27-CL-18319896
LogInit: Engine Version: 4.27.2-18319896+++UE4+Release-4.27
LogInit: Compatible Engine Version: 4.27.0-17155196+++UE4+Release-4.27
LogInit: Net CL: 17155196
LogInit: OS: Windows 10 (Release 2009) (), CPU: Intel(R) Core(TM) i5-9300H CPU @ 2.40GHz, GPU: Intel(R) UHD Graphics 630
LogInit: Compiled (64-bit): Nov 30 2021 07:12:08
LogInit: Compiled with Visual C++: 19.24.28315.00
LogInit: Build Configuration: Development
LogInit: Branch Name: ++UE4+Release-4.27
LogInit: Command Line: 
LogInit: Base Directory: D:/UE4-Windows/UE_4.27/Engine/Binaries/Win64/
LogInit: Allocator: TBB
LogInit: Installed Engine Build: 1
LogDevObjectVersion: Number of dev versions registered: 29
LogDevObjectVersion:   Dev-Blueprints (B0D832E4-1F89-4F0D-ACCF-7EB736FD4AA2): 10
LogDevObjectVersion:   Dev-Build (E1C64328-A22C-4D53-A36C-8E866417BD8C): 0
LogDevObjectVersion:   Dev-Core (375EC13C-06E4-48FB-B500-84F0262A717E): 4
LogDevObjectVersion:   Dev-Editor (E4B068ED-F494-42E9-A231-DA0B2E46BB41): 40
LogDevObjectVersion:   Dev-Framework (CFFC743F-43B0-4480-9391-14DF171D2073): 37
LogDevObjectVersion:   Dev-Mobile (B02B49B5-BB20-44E9-A304-32B752E40360): 3
LogDevObjectVersion:   Dev-Networking (A4E4105C-59A1-49B5-A7C5-40C4547EDFEE): 0
LogDevObjectVersion:   Dev-Online (39C831C9-5AE6-47DC-9A44-9C173E1C8E7C): 0
LogDevObjectVersion:   Dev-Physics (78F01B33-EBEA-4F98-B9B4-84EACCB95AA2): 14
LogDevObjectVersion:   Dev-Platform (6631380F-2D4D-43E0-8009-CF276956A95A): 0
LogDevObjectVersion:   Dev-Rendering (12F88B9F-8875-4AFC-A67C-D90C383ABD29): 45
LogDevObjectVersion:   Dev-Sequencer (7B5AE74C-D270-4C10-A958-57980B212A5A): 13
LogDevObjectVersion:   Dev-VR (D7296918-1DD6-4BDD-9DE2-64A83CC13884): 3
LogDevObjectVersion:   Dev-LoadTimes (C2A15278-BFE7-4AFE-6C17-90FF531DF755): 1
LogDevObjectVersion:   Private-Geometry (6EACA3D4-40EC-4CC1-B786-8BED09428FC5): 3
LogDevObjectVersion:   Dev-AnimPhys (29E575DD-E0A3-4627-9D10-D276232CDCEA): 17
LogDevObjectVersion:   Dev-Anim (AF43A65D-7FD3-4947-9873-3E8ED9C1BB05): 15
LogDevObjectVersion:   Dev-ReflectionCapture (6B266CEC-1EC7-4B8F-A30B-E4D90942FC07): 1
LogDevObjectVersion:   Dev-Automation (0DF73D61-A23F-47EA-B727-89E90C41499A): 1
LogDevObjectVersion:   FortniteMain (601D1886-AC64-4F84-AA16-D3DE0DEAC7D6): 47
LogDevObjectVersion:   FortniteRelease (E7086368-6B23-4C58-8439-1B7016265E91): 1
LogDevObjectVersion:   Dev-Enterprise (9DFFBCD6-494F-0158-E221-12823C92A888): 10
LogDevObjectVersion:   Dev-Niagara (F2AED0AC-9AFE-416F-8664-AA7FFA26D6FC): 1
LogDevObjectVersion:   Dev-Destruction (174F1F0B-B4C6-45A5-B13F-2EE8D0FB917D): 10
LogDevObjectVersion:   Dev-Physics-Ext (35F94A83-E258-406C-A318-09F59610247C): 41
LogDevObjectVersion:   Dev-PhysicsMaterial-Chaos (B68FC16E-8B1B-42E2-B453-215C058844FE): 1
LogDevObjectVersion:   Dev-CineCamera (B2E18506-4273-CFC2-A54E-F4BB758BBA07): 1
LogDevObjectVersion:   Dev-VirtualProduction (64F58936-FD1B-42BA-BA96-7289D5D0FA4E): 1
LogDevObjectVersion:   Dev-MediaFramework (6F0ED827-A609-4895-9C91-998D90180EA4): 2
LogInit: Presizing for max 25165824 objects, including 0 objects not considered by GC, pre-allocating 0 bytes for permanent pool.
LogConfig: Applying CVar settings from Section [/Script/Engine.StreamingSettings] File [D:/UTN-e-learning/Unreal-Engine/Unreal-Projects/TP_PreEntrega/Saved/Config/Windows/Engine.ini]
LogConfig: Setting CVar [[s.MinBulkDataSizeForAsyncLoading:131072]]
LogConfig: Setting CVar [[s.AsyncLoadingThreadEnabled:0]]
LogConfig: Setting CVar [[s.EventDrivenLoaderEnabled:1]]
LogConfig: Setting CVar [[s.WarnIfTimeLimitExceeded:0]]
LogConfig: Setting CVar [[s.TimeLimitExceededMultiplier:1.5]]
LogConfig: Setting CVar [[s.TimeLimitExceededMinTime:0.005]]
LogConfig: Setting CVar [[s.UseBackgroundLevelStreaming:1]]
LogConfig: Setting CVar [[s.PriorityAsyncLoadingExtraTime:15.0]]
LogConfig: Setting CVar [[s.LevelStreamingActorsUpdateTimeLimit:5.0]]
LogConfig: Setting CVar [[s.PriorityLevelStreamingActorsUpdateExtraTime:5.0]]
LogConfig: Setting CVar [[s.LevelStreamingComponentsRegistrationGranularity:10]]
LogConfig: Setting CVar [[s.UnregisterComponentsTimeLimit:1.0]]
LogConfig: Setting CVar [[s.LevelStreamingComponentsUnregistrationGranularity:5]]
LogConfig: Setting CVar [[s.FlushStreamingOnExit:1]]
LogInit: Object subsystem initialized
LogConfig: Setting CVar [[con.DebugEarlyDefault:1]]
LogConfig: Setting CVar [[r.setres:1280x720]]
LogConfig: Setting CVar [[fx.NiagaraAllowRuntimeScalabilityChanges:1]]
[2025.07.17-02.14.41:200][  0]LogConfig: Setting CVar [[r.VSync:0]]
[2025.07.17-02.14.41:200][  0]LogConfig: Setting CVar [[r.RHICmdBypass:0]]
[2025.07.17-02.14.41:200][  0]LogConfig: Applying CVar settings from Section [/Script/Engine.RendererSettings] File [D:/UTN-e-learning/Unreal-Engine/Unreal-Projects/TP_PreEntrega/Saved/Config/Windows/Engine.ini]
[2025.07.17-02.14.41:200][  0]LogConfig: Setting CVar [[r.GPUCrashDebugging:0]]
[2025.07.17-02.14.41:200][  0]LogConfig: Applying CVar settings from Section [/Script/Engine.RendererOverrideSettings] File [D:/UTN-e-learning/Unreal-Engine/Unreal-Projects/TP_PreEntrega/Saved/Config/Windows/Engine.ini]
[2025.07.17-02.14.41:200][  0]LogConfig: Applying CVar settings from Section [/Script/Engine.StreamingSettings] File [D:/UTN-e-learning/Unreal-Engine/Unreal-Projects/TP_PreEntrega/Saved/Config/Windows/Engine.ini]
[2025.07.17-02.14.41:200][  0]LogConfig: Setting CVar [[s.MinBulkDataSizeForAsyncLoading:131072]]
[2025.07.17-02.14.41:200][  0]LogConfig: Setting CVar [[s.AsyncLoadingThreadEnabled:0]]
[2025.07.17-02.14.41:200][  0]LogConfig: Setting CVar [[s.EventDrivenLoaderEnabled:1]]
[2025.07.17-02.14.41:200][  0]LogConfig: Setting CVar [[s.WarnIfTimeLimitExceeded:0]]
[2025.07.17-02.14.41:200][  0]LogConfig: Setting CVar [[s.TimeLimitExceededMultiplier:1.5]]
[2025.07.17-02.14.41:200][  0]LogConfig: Setting CVar [[s.TimeLimitExceededMinTime:0.005]]
[2025.07.17-02.14.41:200][  0]LogConfig: Setting CVar [[s.UseBackgroundLevelStreaming:1]]
[2025.07.17-02.14.41:200][  0]LogConfig: Setting CVar [[s.PriorityAsyncLoadingExtraTime:15.0]]
[2025.07.17-02.14.41:200][  0]LogConfig: Setting CVar [[s.LevelStreamingActorsUpdateTimeLimit:5.0]]
[2025.07.17-02.14.41:200][  0]LogConfig: Setting CVar [[s.PriorityLevelStreamingActorsUpdateExtraTime:5.0]]
[2025.07.17-02.14.41:200][  0]LogConfig: Setting CVar [[s.LevelStreamingComponentsRegistrationGranularity:10]]
[2025.07.17-02.14.41:200][  0]LogConfig: Setting CVar [[s.UnregisterComponentsTimeLimit:1.0]]
[2025.07.17-02.14.41:200][  0]LogConfig: Setting CVar [[s.LevelStreamingComponentsUnregistrationGranularity:5]]
[2025.07.17-02.14.41:200][  0]LogConfig: Setting CVar [[s.FlushStreamingOnExit:1]]
[2025.07.17-02.14.41:200][  0]LogConfig: Applying CVar settings from Section [/Script/Engine.GarbageCollectionSettings] File [D:/UTN-e-learning/Unreal-Engine/Unreal-Projects/TP_PreEntrega/Saved/Config/Windows/Engine.ini]
[2025.07.17-02.14.41:200][  0]LogConfig: Setting CVar [[gc.MaxObjectsNotConsideredByGC:1]]
[2025.07.17-02.14.41:200][  0]LogConfig: Setting CVar [[gc.SizeOfPermanentObjectPool:0]]
[2025.07.17-02.14.41:201][  0]LogConfig: Setting CVar [[gc.FlushStreamingOnGC:0]]
[2025.07.17-02.14.41:201][  0]LogConfig: Setting CVar [[gc.NumRetriesBeforeForcingGC:10]]
[2025.07.17-02.14.41:201][  0]LogConfig: Setting CVar [[gc.AllowParallelGC:1]]
[2025.07.17-02.14.41:201][  0]LogConfig: Setting CVar [[gc.TimeBetweenPurgingPendingKillObjects:61.1]]
[2025.07.17-02.14.41:201][  0]LogConfig: Setting CVar [[gc.MaxObjectsInEditor:25165824]]
[2025.07.17-02.14.41:201][  0]LogConfig: Setting CVar [[gc.IncrementalBeginDestroyEnabled:1]]
[2025.07.17-02.14.41:201][  0]LogConfig: Setting CVar [[gc.CreateGCClusters:1]]
[2025.07.17-02.14.41:201][  0]LogConfig: Setting CVar [[gc.MinGCClusterSize:5]]
[2025.07.17-02.14.41:201][  0]LogConfig: Setting CVar [[gc.ActorClusteringEnabled:0]]
[2025.07.17-02.14.41:201][  0]LogConfig: Setting CVar [[gc.BlueprintClusteringEnabled:0]]
[2025.07.17-02.14.41:201][  0]LogConfig: Setting CVar [[gc.UseDisregardForGCOnDedicatedServers:0]]
[2025.07.17-02.14.41:201][  0]LogConfig: Setting CVar [[gc.MultithreadedDestructionEnabled:1]]
[2025.07.17-02.14.41:201][  0]LogConfig: Applying CVar settings from Section [/Script/Engine.NetworkSettings] File [D:/UTN-e-learning/Unreal-Engine/Unreal-Projects/TP_PreEntrega/Saved/Config/Windows/Engine.ini]
[2025.07.17-02.14.41:201][  0]LogConfig: Applying CVar settings from Section [/Script/UnrealEd.CookerSettings] File [D:/UTN-e-learning/Unreal-Engine/Unreal-Projects/TP_PreEntrega/Saved/Config/Windows/Engine.ini]
[2025.07.17-02.14.41:224][  0]LogConfig: Applying CVar settings from Section [ViewDistanceQuality@3] File [D:/UTN-e-learning/Unreal-Engine/Unreal-Projects/TP_PreEntrega/Saved/Config/Windows/Scalability.ini]
[2025.07.17-02.14.41:224][  0]LogConfig: Setting CVar [[r.SkeletalMeshLODBias:0]]
[2025.07.17-02.14.41:224][  0]LogConfig: Setting CVar [[r.ViewDistanceScale:1.0]]
[2025.07.17-02.14.41:224][  0]LogConfig: Applying CVar settings from Section [AntiAliasingQuality@3] File [D:/UTN-e-learning/Unreal-Engine/Unreal-Projects/TP_PreEntrega/Saved/Config/Windows/Scalability.ini]
[2025.07.17-02.14.41:224][  0]LogConfig: Setting CVar [[r.PostProcessAAQuality:4]]
[2025.07.17-02.14.41:224][  0]LogConfig: Applying CVar settings from Section [ShadowQuality@3] File [D:/UTN-e-learning/Unreal-Engine/Unreal-Projects/TP_PreEntrega/Saved/Config/Windows/Scalability.ini]
[2025.07.17-02.14.41:224][  0]LogConfig: Setting CVar [[r.LightFunctionQuality:1]]
[2025.07.17-02.14.41:225][  0]LogConfig: Setting CVar [[r.ShadowQuality:5]]
[2025.07.17-02.14.41:225][  0]LogConfig: Setting CVar [[r.Shadow.CSM.MaxCascades:10]]
[2025.07.17-02.14.41:225][  0]LogConfig: Setting CVar [[r.Shadow.MaxResolution:2048]]
[2025.07.17-02.14.41:225][  0]LogConfig: Setting CVar [[r.Shadow.MaxCSMResolution:2048]]
[2025.07.17-02.14.41:225][  0]LogConfig: Setting CVar [[r.Shadow.RadiusThreshold:0.01]]
[2025.07.17-02.14.41:225][  0]LogConfig: Setting CVar [[r.Shadow.DistanceScale:1.0]]
[2025.07.17-02.14.41:225][  0]LogConfig: Setting CVar [[r.Shadow.CSM.TransitionScale:1.0]]
[2025.07.17-02.14.41:225][  0]LogConfig: Setting CVar [[r.Shadow.PreShadowResolutionFactor:1.0]]
[2025.07.17-02.14.41:225][  0]LogConfig: Setting CVar [[r.DistanceFieldShadowing:1]]
[2025.07.17-02.14.41:225][  0]LogConfig: Setting CVar [[r.DistanceFieldAO:1]]
[2025.07.17-02.14.41:225][  0]LogConfig: Setting CVar [[r.AOQuality:2]]
[2025.07.17-02.14.41:225][  0]LogConfig: Setting CVar [[r.VolumetricFog:1]]
[2025.07.17-02.14.41:225][  0]LogConfig: Setting CVar [[r.VolumetricFog.GridPixelSize:8]]
[2025.07.17-02.14.41:225][  0]LogConfig: Setting CVar [[r.VolumetricFog.GridSizeZ:128]]
[2025.07.17-02.14.41:225][  0]LogConfig: Setting CVar [[r.VolumetricFog.HistoryMissSupersampleCount:4]]
[2025.07.17-02.14.41:225][  0]LogConfig: Setting CVar [[r.LightMaxDrawDistanceScale:1]]
[2025.07.17-02.14.41:225][  0]LogConfig: Setting CVar [[r.CapsuleShadows:1]]
[2025.07.17-02.14.41:225][  0]LogConfig: Applying CVar settings from Section [PostProcessQuality@3] File [D:/UTN-e-learning/Unreal-Engine/Unreal-Projects/TP_PreEntrega/Saved/Config/Windows/Scalability.ini]
[2025.07.17-02.14.41:225][  0]LogConfig: Setting CVar [[r.MotionBlurQuality:4]]
[2025.07.17-02.14.41:225][  0]LogConfig: Setting CVar [[r.AmbientOcclusionMipLevelFactor:0.4]]
[2025.07.17-02.14.41:225][  0]LogConfig: Setting CVar [[r.AmbientOcclusionMaxQuality:100]]
[2025.07.17-02.14.41:225][  0]LogConfig: Setting CVar [[r.AmbientOcclusionLevels:-1]]
[2025.07.17-02.14.41:225][  0]LogConfig: Setting CVar [[r.AmbientOcclusionRadiusScale:1.0]]
[2025.07.17-02.14.41:225][  0]LogConfig: Setting CVar [[r.DepthOfFieldQuality:2]]
[2025.07.17-02.14.41:225][  0]LogConfig: Setting CVar [[r.RenderTargetPoolMin:400]]
[2025.07.17-02.14.41:225][  0]LogConfig: Setting CVar [[r.LensFlareQuality:2]]
[2025.07.17-02.14.41:226][  0]LogConfig: Setting CVar [[r.SceneColorFringeQuality:1]]
[2025.07.17-02.14.41:226][  0]LogConfig: Setting CVar [[r.EyeAdaptationQuality:2]]
[2025.07.17-02.14.41:226][  0]LogConfig: Setting CVar [[r.BloomQuality:5]]
[2025.07.17-02.14.41:226][  0]LogConfig: Setting CVar [[r.FastBlurThreshold:100]]
[2025.07.17-02.14.41:226][  0]LogConfig: Setting CVar [[r.Upscale.Quality:3]]
[2025.07.17-02.14.41:226][  0]LogConfig: Setting CVar [[r.Tonemapper.GrainQuantization:1]]
[2025.07.17-02.14.41:226][  0]LogConfig: Setting CVar [[r.LightShaftQuality:1]]
[2025.07.17-02.14.41:226][  0]LogConfig: Setting CVar [[r.Filter.SizeScale:1]]
[2025.07.17-02.14.41:226][  0]LogConfig: Setting CVar [[r.Tonemapper.Quality:5]]
[2025.07.17-02.14.41:226][  0]LogConfig: Setting CVar [[r.DOF.Gather.AccumulatorQuality:1        ; higher gathering accumulator quality]]
[2025.07.17-02.14.41:226][  0]LogConfig: Setting CVar [[r.DOF.Gather.PostfilterMethod:1          ; Median3x3 postfilering method]]
[2025.07.17-02.14.41:226][  0]LogConfig: Setting CVar [[r.DOF.Gather.EnableBokehSettings:0       ; no bokeh simulation when gathering]]
[2025.07.17-02.14.41:226][  0]LogConfig: Setting CVar [[r.DOF.Gather.RingCount:4                 ; medium number of samples when gathering]]
[2025.07.17-02.14.41:226][  0]LogConfig: Setting CVar [[r.DOF.Scatter.ForegroundCompositing:1    ; additive foreground scattering]]
[2025.07.17-02.14.41:226][  0]LogConfig: Setting CVar [[r.DOF.Scatter.BackgroundCompositing:2    ; additive background scattering]]
[2025.07.17-02.14.41:226][  0]LogConfig: Setting CVar [[r.DOF.Scatter.EnableBokehSettings:1      ; bokeh simulation when scattering]]
[2025.07.17-02.14.41:226][  0]LogConfig: Setting CVar [[r.DOF.Scatter.MaxSpriteRatio:0.1         ; only a maximum of 10% of scattered bokeh]]
[2025.07.17-02.14.41:226][  0]LogConfig: Setting CVar [[r.DOF.Recombine.Quality:1                ; cheap slight out of focus]]
[2025.07.17-02.14.41:226][  0]LogConfig: Setting CVar [[r.DOF.Recombine.EnableBokehSettings:0    ; no bokeh simulation on slight out of focus]]
[2025.07.17-02.14.41:226][  0]LogConfig: Setting CVar [[r.DOF.TemporalAAQuality:1                ; more stable temporal accumulation]]
[2025.07.17-02.14.41:226][  0]LogConfig: Setting CVar [[r.DOF.Kernel.MaxForegroundRadius:0.025]]
[2025.07.17-02.14.41:226][  0]LogConfig: Setting CVar [[r.DOF.Kernel.MaxBackgroundRadius:0.025]]
[2025.07.17-02.14.41:226][  0]LogConfig: Applying CVar settings from Section [TextureQuality@3] File [D:/UTN-e-learning/Unreal-Engine/Unreal-Projects/TP_PreEntrega/Saved/Config/Windows/Scalability.ini]
[2025.07.17-02.14.41:226][  0]LogConfig: Setting CVar [[r.Streaming.MipBias:0]]
[2025.07.17-02.14.41:226][  0]LogConfig: Setting CVar [[r.Streaming.AmortizeCPUToGPUCopy:0]]
[2025.07.17-02.14.41:226][  0]LogConfig: Setting CVar [[r.Streaming.MaxNumTexturesToStreamPerFrame:0]]
[2025.07.17-02.14.41:226][  0]LogConfig: Setting CVar [[r.Streaming.Boost:1]]
[2025.07.17-02.14.41:226][  0]LogConfig: Setting CVar [[r.MaxAnisotropy:8]]
[2025.07.17-02.14.41:226][  0]LogConfig: Setting CVar [[r.VT.MaxAnisotropy:8]]
[2025.07.17-02.14.41:226][  0]LogConfig: Setting CVar [[r.Streaming.LimitPoolSizeToVRAM:0]]
[2025.07.17-02.14.41:226][  0]LogConfig: Setting CVar [[r.Streaming.PoolSize:1000]]
[2025.07.17-02.14.41:226][  0]LogConfig: Setting CVar [[r.Streaming.MaxEffectiveScreenSize:0]]
[2025.07.17-02.14.41:226][  0]LogConfig: Applying CVar settings from Section [EffectsQuality@3] File [D:/UTN-e-learning/Unreal-Engine/Unreal-Projects/TP_PreEntrega/Saved/Config/Windows/Scalability.ini]
[2025.07.17-02.14.41:226][  0]LogConfig: Setting CVar [[r.TranslucencyLightingVolumeDim:64]]
[2025.07.17-02.14.41:226][  0]LogConfig: Setting CVar [[r.RefractionQuality:2]]
[2025.07.17-02.14.41:226][  0]LogConfig: Setting CVar [[r.SSR.Quality:3]]
[2025.07.17-02.14.41:226][  0]LogConfig: Setting CVar [[r.SSR.HalfResSceneColor:0]]
[2025.07.17-02.14.41:226][  0]LogConfig: Setting CVar [[r.SceneColorFormat:4]]
[2025.07.17-02.14.41:226][  0]LogConfig: Setting CVar [[r.DetailMode:2]]
[2025.07.17-02.14.41:226][  0]LogConfig: Setting CVar [[r.TranslucencyVolumeBlur:1]]
[2025.07.17-02.14.41:226][  0]LogConfig: Setting CVar [[r.MaterialQualityLevel:1 ; High quality]]
[2025.07.17-02.14.41:227][  0]LogConfig: Setting CVar [[r.AnisotropicMaterials:1]]
[2025.07.17-02.14.41:227][  0]LogConfig: Setting CVar [[r.SSS.Scale:1]]
[2025.07.17-02.14.41:227][  0]LogConfig: Setting CVar [[r.SSS.SampleSet:2]]
[2025.07.17-02.14.41:227][  0]LogConfig: Setting CVar [[r.SSS.Quality:1]]
[2025.07.17-02.14.41:227][  0]LogConfig: Setting CVar [[r.SSS.HalfRes:0]]
[2025.07.17-02.14.41:227][  0]LogConfig: Setting CVar [[r.SSGI.Quality:3]]
[2025.07.17-02.14.41:227][  0]LogConfig: Setting CVar [[r.EmitterSpawnRateScale:1.0]]
[2025.07.17-02.14.41:227][  0]LogConfig: Setting CVar [[r.ParticleLightQuality:2]]
[2025.07.17-02.14.41:227][  0]LogConfig: Setting CVar [[r.SkyAtmosphere.AerialPerspectiveLUT.FastApplyOnOpaque:1 ; Always have FastSkyLUT 1 in this case to avoid wrong sky]]
[2025.07.17-02.14.41:227][  0]LogConfig: Setting CVar [[r.SkyAtmosphere.AerialPerspectiveLUT.SampleCountMaxPerSlice:4]]
[2025.07.17-02.14.41:227][  0]LogConfig: Setting CVar [[r.SkyAtmosphere.AerialPerspectiveLUT.DepthResolution:16.0]]
[2025.07.17-02.14.41:227][  0]LogConfig: Setting CVar [[r.SkyAtmosphere.FastSkyLUT:1]]
[2025.07.17-02.14.41:227][  0]LogConfig: Setting CVar [[r.SkyAtmosphere.FastSkyLUT.SampleCountMin:4.0]]
[2025.07.17-02.14.41:227][  0]LogConfig: Setting CVar [[r.SkyAtmosphere.FastSkyLUT.SampleCountMax:128.0]]
[2025.07.17-02.14.41:227][  0]LogConfig: Setting CVar [[r.SkyAtmosphere.SampleCountMin:4.0]]
[2025.07.17-02.14.41:227][  0]LogConfig: Setting CVar [[r.SkyAtmosphere.SampleCountMax:128.0]]
[2025.07.17-02.14.41:227][  0]LogConfig: Setting CVar [[r.SkyAtmosphere.TransmittanceLUT.UseSmallFormat:0]]
[2025.07.17-02.14.41:227][  0]LogConfig: Setting CVar [[r.SkyAtmosphere.TransmittanceLUT.SampleCount:10.0]]
[2025.07.17-02.14.41:227][  0]LogConfig: Setting CVar [[r.SkyAtmosphere.MultiScatteringLUT.SampleCount:15.0]]
[2025.07.17-02.14.41:227][  0]LogConfig: Setting CVar [[r.SkyLight.RealTimeReflectionCapture:1]]
[2025.07.17-02.14.41:227][  0]LogConfig: Setting CVar [[fx.Niagara.QualityLevel:3]]
[2025.07.17-02.14.41:227][  0]LogConfig: Applying CVar settings from Section [FoliageQuality@3] File [D:/UTN-e-learning/Unreal-Engine/Unreal-Projects/TP_PreEntrega/Saved/Config/Windows/Scalability.ini]
[2025.07.17-02.14.41:227][  0]LogConfig: Setting CVar [[foliage.DensityScale:1.0]]
[2025.07.17-02.14.41:227][  0]LogConfig: Setting CVar [[grass.DensityScale:1.0]]
[2025.07.17-02.14.41:227][  0]LogConfig: Applying CVar settings from Section [ShadingQuality@3] File [D:/UTN-e-learning/Unreal-Engine/Unreal-Projects/TP_PreEntrega/Saved/Config/Windows/Scalability.ini]
[2025.07.17-02.14.41:227][  0]LogConfig: Setting CVar [[r.HairStrands.SkyLighting.IntegrationType:2]]
[2025.07.17-02.14.41:227][  0]LogConfig: Setting CVar [[r.HairStrands.SkyAO.SampleCount:4]]
[2025.07.17-02.14.41:227][  0]LogConfig: Setting CVar [[r.HairStrands.Visibility.MSAA.SamplePerPixel:4]]
[2025.07.17-02.14.41:227][  0]LogConfig: Setting CVar [[r.HairStrands.Interpolation.UseSingleGuide:0]]
[2025.07.17-02.14.41:227][  0]LogInit: Selected Device Profile: [Windows]
[2025.07.17-02.14.41:227][  0]LogInit: Applying CVar settings loaded from the selected device profile: [Windows]
[2025.07.17-02.14.41:228][  0]LogHAL: Display: Platform has ~ 32 GB [34200604672 / 34359738368 / 32], which maps to Largest [LargestMinGB=32, LargerMinGB=12, DefaultMinGB=8, SmallerMinGB=6, SmallestMinGB=0)
[2025.07.17-02.14.41:228][  0]LogInit: Going up to parent DeviceProfile []
[2025.07.17-02.14.41:228][  0]LogConfig: Applying CVar settings from Section [ViewDistanceQuality@3] File [D:/UTN-e-learning/Unreal-Engine/Unreal-Projects/TP_PreEntrega/Saved/Config/Windows/Scalability.ini]
[2025.07.17-02.14.41:228][  0]LogConfig: Setting CVar [[r.SkeletalMeshLODBias:0]]
[2025.07.17-02.14.41:228][  0]LogConfig: Setting CVar [[r.ViewDistanceScale:1.0]]
[2025.07.17-02.14.41:228][  0]LogConfig: Applying CVar settings from Section [AntiAliasingQuality@3] File [D:/UTN-e-learning/Unreal-Engine/Unreal-Projects/TP_PreEntrega/Saved/Config/Windows/Scalability.ini]
[2025.07.17-02.14.41:228][  0]LogConfig: Setting CVar [[r.PostProcessAAQuality:4]]
[2025.07.17-02.14.41:228][  0]LogConfig: Applying CVar settings from Section [ShadowQuality@3] File [D:/UTN-e-learning/Unreal-Engine/Unreal-Projects/TP_PreEntrega/Saved/Config/Windows/Scalability.ini]
[2025.07.17-02.14.41:228][  0]LogConfig: Setting CVar [[r.LightFunctionQuality:1]]
[2025.07.17-02.14.41:228][  0]LogConfig: Setting CVar [[r.ShadowQuality:5]]
[2025.07.17-02.14.41:228][  0]LogConfig: Setting CVar [[r.Shadow.CSM.MaxCascades:10]]
[2025.07.17-02.14.41:228][  0]LogConfig: Setting CVar [[r.Shadow.MaxResolution:2048]]
[2025.07.17-02.14.41:228][  0]LogConfig: Setting CVar [[r.Shadow.MaxCSMResolution:2048]]
[2025.07.17-02.14.41:228][  0]LogConfig: Setting CVar [[r.Shadow.RadiusThreshold:0.01]]
[2025.07.17-02.14.41:228][  0]LogConfig: Setting CVar [[r.Shadow.DistanceScale:1.0]]
[2025.07.17-02.14.41:228][  0]LogConfig: Setting CVar [[r.Shadow.CSM.TransitionScale:1.0]]
[2025.07.17-02.14.41:228][  0]LogConfig: Setting CVar [[r.Shadow.PreShadowResolutionFactor:1.0]]
[2025.07.17-02.14.41:228][  0]LogConfig: Setting CVar [[r.DistanceFieldShadowing:1]]
[2025.07.17-02.14.41:228][  0]LogConfig: Setting CVar [[r.DistanceFieldAO:1]]
[2025.07.17-02.14.41:228][  0]LogConfig: Setting CVar [[r.AOQuality:2]]
[2025.07.17-02.14.41:228][  0]LogConfig: Setting CVar [[r.VolumetricFog:1]]
[2025.07.17-02.14.41:228][  0]LogConfig: Setting CVar [[r.VolumetricFog.GridPixelSize:8]]
[2025.07.17-02.14.41:228][  0]LogConfig: Setting CVar [[r.VolumetricFog.GridSizeZ:128]]
[2025.07.17-02.14.41:228][  0]LogConfig: Setting CVar [[r.VolumetricFog.HistoryMissSupersampleCount:4]]
[2025.07.17-02.14.41:228][  0]LogConfig: Setting CVar [[r.LightMaxDrawDistanceScale:1]]
[2025.07.17-02.14.41:228][  0]LogConfig: Setting CVar [[r.CapsuleShadows:1]]
[2025.07.17-02.14.41:228][  0]LogConfig: Applying CVar settings from Section [PostProcessQuality@3] File [D:/UTN-e-learning/Unreal-Engine/Unreal-Projects/TP_PreEntrega/Saved/Config/Windows/Scalability.ini]
[2025.07.17-02.14.41:228][  0]LogConfig: Setting CVar [[r.MotionBlurQuality:4]]
[2025.07.17-02.14.41:228][  0]LogConfig: Setting CVar [[r.AmbientOcclusionMipLevelFactor:0.4]]
[2025.07.17-02.14.41:228][  0]LogConfig: Setting CVar [[r.AmbientOcclusionMaxQuality:100]]
[2025.07.17-02.14.41:228][  0]LogConfig: Setting CVar [[r.AmbientOcclusionLevels:-1]]
[2025.07.17-02.14.41:228][  0]LogConfig: Setting CVar [[r.AmbientOcclusionRadiusScale:1.0]]
[2025.07.17-02.14.41:228][  0]LogConfig: Setting CVar [[r.DepthOfFieldQuality:2]]
[2025.07.17-02.14.41:228][  0]LogConfig: Setting CVar [[r.RenderTargetPoolMin:400]]
[2025.07.17-02.14.41:228][  0]LogConfig: Setting CVar [[r.LensFlareQuality:2]]
[2025.07.17-02.14.41:228][  0]LogConfig: Setting CVar [[r.SceneColorFringeQuality:1]]
[2025.07.17-02.14.41:229][  0]LogConfig: Setting CVar [[r.EyeAdaptationQuality:2]]
[2025.07.17-02.14.41:229][  0]LogConfig: Setting CVar [[r.BloomQuality:5]]
[2025.07.17-02.14.41:229][  0]LogConfig: Setting CVar [[r.FastBlurThreshold:100]]
[2025.07.17-02.14.41:229][  0]LogConfig: Setting CVar [[r.Upscale.Quality:3]]
[2025.07.17-02.14.41:229][  0]LogConfig: Setting CVar [[r.Tonemapper.GrainQuantization:1]]
[2025.07.17-02.14.41:229][  0]LogConfig: Setting CVar [[r.LightShaftQuality:1]]
[2025.07.17-02.14.41:229][  0]LogConfig: Setting CVar [[r.Filter.SizeScale:1]]
[2025.07.17-02.14.41:229][  0]LogConfig: Setting CVar [[r.Tonemapper.Quality:5]]
[2025.07.17-02.14.41:229][  0]LogConfig: Setting CVar [[r.DOF.Gather.AccumulatorQuality:1        ; higher gathering accumulator quality]]
[2025.07.17-02.14.41:229][  0]LogConfig: Setting CVar [[r.DOF.Gather.PostfilterMethod:1          ; Median3x3 postfilering method]]
[2025.07.17-02.14.41:229][  0]LogConfig: Setting CVar [[r.DOF.Gather.EnableBokehSettings:0       ; no bokeh simulation when gathering]]
[2025.07.17-02.14.41:229][  0]LogConfig: Setting CVar [[r.DOF.Gather.RingCount:4                 ; medium number of samples when gathering]]
[2025.07.17-02.14.41:229][  0]LogConfig: Setting CVar [[r.DOF.Scatter.ForegroundCompositing:1    ; additive foreground scattering]]
[2025.07.17-02.14.41:229][  0]LogConfig: Setting CVar [[r.DOF.Scatter.BackgroundCompositing:2    ; additive background scattering]]
[2025.07.17-02.14.41:229][  0]LogConfig: Setting CVar [[r.DOF.Scatter.EnableBokehSettings:1      ; bokeh simulation when scattering]]
[2025.07.17-02.14.41:229][  0]LogConfig: Setting CVar [[r.DOF.Scatter.MaxSpriteRatio:0.1         ; only a maximum of 10% of scattered bokeh]]
[2025.07.17-02.14.41:229][  0]LogConfig: Setting CVar [[r.DOF.Recombine.Quality:1                ; cheap slight out of focus]]
[2025.07.17-02.14.41:229][  0]LogConfig: Setting CVar [[r.DOF.Recombine.EnableBokehSettings:0    ; no bokeh simulation on slight out of focus]]
[2025.07.17-02.14.41:229][  0]LogConfig: Setting CVar [[r.DOF.TemporalAAQuality:1                ; more stable temporal accumulation]]
[2025.07.17-02.14.41:229][  0]LogConfig: Setting CVar [[r.DOF.Kernel.MaxForegroundRadius:0.025]]
[2025.07.17-02.14.41:229][  0]LogConfig: Setting CVar [[r.DOF.Kernel.MaxBackgroundRadius:0.025]]
[2025.07.17-02.14.41:229][  0]LogConfig: Applying CVar settings from Section [TextureQuality@3] File [D:/UTN-e-learning/Unreal-Engine/Unreal-Projects/TP_PreEntrega/Saved/Config/Windows/Scalability.ini]
[2025.07.17-02.14.41:229][  0]LogConfig: Setting CVar [[r.Streaming.MipBias:0]]
[2025.07.17-02.14.41:229][  0]LogConfig: Setting CVar [[r.Streaming.AmortizeCPUToGPUCopy:0]]
[2025.07.17-02.14.41:229][  0]LogConfig: Setting CVar [[r.Streaming.MaxNumTexturesToStreamPerFrame:0]]
[2025.07.17-02.14.41:229][  0]LogConfig: Setting CVar [[r.Streaming.Boost:1]]
[2025.07.17-02.14.41:229][  0]LogConfig: Setting CVar [[r.MaxAnisotropy:8]]
[2025.07.17-02.14.41:229][  0]LogConfig: Setting CVar [[r.VT.MaxAnisotropy:8]]
[2025.07.17-02.14.41:229][  0]LogConfig: Setting CVar [[r.Streaming.LimitPoolSizeToVRAM:0]]
[2025.07.17-02.14.41:229][  0]LogConfig: Setting CVar [[r.Streaming.PoolSize:1000]]
[2025.07.17-02.14.41:229][  0]LogConfig: Setting CVar [[r.Streaming.MaxEffectiveScreenSize:0]]
[2025.07.17-02.14.41:229][  0]LogConfig: Applying CVar settings from Section [EffectsQuality@3] File [D:/UTN-e-learning/Unreal-Engine/Unreal-Projects/TP_PreEntrega/Saved/Config/Windows/Scalability.ini]
[2025.07.17-02.14.41:229][  0]LogConfig: Setting CVar [[r.TranslucencyLightingVolumeDim:64]]
[2025.07.17-02.14.41:229][  0]LogConfig: Setting CVar [[r.RefractionQuality:2]]
[2025.07.17-02.14.41:229][  0]LogConfig: Setting CVar [[r.SSR.Quality:3]]
[2025.07.17-02.14.41:229][  0]LogConfig: Setting CVar [[r.SSR.HalfResSceneColor:0]]
[2025.07.17-02.14.41:229][  0]LogConfig: Setting CVar [[r.SceneColorFormat:4]]
[2025.07.17-02.14.41:229][  0]LogConfig: Setting CVar [[r.DetailMode:2]]
[2025.07.17-02.14.41:229][  0]LogConfig: Setting CVar [[r.TranslucencyVolumeBlur:1]]
[2025.07.17-02.14.41:229][  0]LogConfig: Setting CVar [[r.MaterialQualityLevel:1 ; High quality]]
[2025.07.17-02.14.41:229][  0]LogConfig: Setting CVar [[r.AnisotropicMaterials:1]]
[2025.07.17-02.14.41:230][  0]LogConfig: Setting CVar [[r.SSS.Scale:1]]
[2025.07.17-02.14.41:230][  0]LogConfig: Setting CVar [[r.SSS.SampleSet:2]]
[2025.07.17-02.14.41:230][  0]LogConfig: Setting CVar [[r.SSS.Quality:1]]
[2025.07.17-02.14.41:230][  0]LogConfig: Setting CVar [[r.SSS.HalfRes:0]]
[2025.07.17-02.14.41:230][  0]LogConfig: Setting CVar [[r.SSGI.Quality:3]]
[2025.07.17-02.14.41:230][  0]LogConfig: Setting CVar [[r.EmitterSpawnRateScale:1.0]]
[2025.07.17-02.14.41:230][  0]LogConfig: Setting CVar [[r.ParticleLightQuality:2]]
[2025.07.17-02.14.41:230][  0]LogConfig: Setting CVar [[r.SkyAtmosphere.AerialPerspectiveLUT.FastApplyOnOpaque:1 ; Always have FastSkyLUT 1 in this case to avoid wrong sky]]
[2025.07.17-02.14.41:230][  0]LogConfig: Setting CVar [[r.SkyAtmosphere.AerialPerspectiveLUT.SampleCountMaxPerSlice:4]]
[2025.07.17-02.14.41:230][  0]LogConfig: Setting CVar [[r.SkyAtmosphere.AerialPerspectiveLUT.DepthResolution:16.0]]
[2025.07.17-02.14.41:230][  0]LogConfig: Setting CVar [[r.SkyAtmosphere.FastSkyLUT:1]]
[2025.07.17-02.14.41:230][  0]LogConfig: Setting CVar [[r.SkyAtmosphere.FastSkyLUT.SampleCountMin:4.0]]
[2025.07.17-02.14.41:230][  0]LogConfig: Setting CVar [[r.SkyAtmosphere.FastSkyLUT.SampleCountMax:128.0]]
[2025.07.17-02.14.41:230][  0]LogConfig: Setting CVar [[r.SkyAtmosphere.SampleCountMin:4.0]]
[2025.07.17-02.14.41:230][  0]LogConfig: Setting CVar [[r.SkyAtmosphere.SampleCountMax:128.0]]
[2025.07.17-02.14.41:230][  0]LogConfig: Setting CVar [[r.SkyAtmosphere.TransmittanceLUT.UseSmallFormat:0]]
[2025.07.17-02.14.41:230][  0]LogConfig: Setting CVar [[r.SkyAtmosphere.TransmittanceLUT.SampleCount:10.0]]
[2025.07.17-02.14.41:230][  0]LogConfig: Setting CVar [[r.SkyAtmosphere.MultiScatteringLUT.SampleCount:15.0]]
[2025.07.17-02.14.41:230][  0]LogConfig: Setting CVar [[r.SkyLight.RealTimeReflectionCapture:1]]
[2025.07.17-02.14.41:230][  0]LogConfig: Setting CVar [[fx.Niagara.QualityLevel:3]]
[2025.07.17-02.14.41:230][  0]LogConfig: Applying CVar settings from Section [FoliageQuality@3] File [D:/UTN-e-learning/Unreal-Engine/Unreal-Projects/TP_PreEntrega/Saved/Config/Windows/Scalability.ini]
[2025.07.17-02.14.41:230][  0]LogConfig: Setting CVar [[foliage.DensityScale:1.0]]
[2025.07.17-02.14.41:230][  0]LogConfig: Setting CVar [[grass.DensityScale:1.0]]
[2025.07.17-02.14.41:230][  0]LogConfig: Applying CVar settings from Section [ShadingQuality@3] File [D:/UTN-e-learning/Unreal-Engine/Unreal-Projects/TP_PreEntrega/Saved/Config/Windows/Scalability.ini]
[2025.07.17-02.14.41:230][  0]LogConfig: Setting CVar [[r.HairStrands.SkyLighting.IntegrationType:2]]
[2025.07.17-02.14.41:230][  0]LogConfig: Setting CVar [[r.HairStrands.SkyAO.SampleCount:4]]
[2025.07.17-02.14.41:230][  0]LogConfig: Setting CVar [[r.HairStrands.Visibility.MSAA.SamplePerPixel:4]]
[2025.07.17-02.14.41:230][  0]LogConfig: Setting CVar [[r.HairStrands.Interpolation.UseSingleGuide:0]]
[2025.07.17-02.14.41:230][  0]LogConfig: Applying CVar settings from Section [Startup] File [../../../Engine/Config/ConsoleVariables.ini]
[2025.07.17-02.14.41:231][  0]LogConfig: Setting CVar [[net.UseAdaptiveNetUpdateFrequency:0]]
[2025.07.17-02.14.41:231][  0]LogConfig: Setting CVar [[p.chaos.AllowCreatePhysxBodies:1]]
[2025.07.17-02.14.41:231][  0]LogConfig: Setting CVar [[fx.SkipVectorVMBackendOptimizations:1]]
[2025.07.17-02.14.41:231][  0]LogConfig: Applying CVar settings from Section [ConsoleVariables] File [D:/UTN-e-learning/Unreal-Engine/Unreal-Projects/TP_PreEntrega/Saved/Config/Windows/Engine.ini]
[2025.07.17-02.14.41:231][  0]LogConfig: Applying CVar settings from Section [ConsoleVariables] File [D:/UTN-e-learning/Unreal-Engine/Unreal-Projects/TP_PreEntrega/Saved/Config/Windows/Editor.ini]
[2025.07.17-02.14.41:231][  0]LogInit: Computer: LAPTOP-AHL2VAE2
[2025.07.17-02.14.41:231][  0]LogInit: User: ezequ
[2025.07.17-02.14.41:231][  0]LogInit: CPU Page size=4096, Cores=4
[2025.07.17-02.14.41:231][  0]LogInit: High frequency timer resolution =10.000000 MHz
[2025.07.17-02.14.41:231][  0]LogMemory: Memory total: Physical=31.9GB (32GB approx)
[2025.07.17-02.14.41:231][  0]LogMemory: Platform Memory Stats for Windows
[2025.07.17-02.14.41:231][  0]LogMemory: Process Physical Memory: 146.65 MB used, 146.65 MB peak
[2025.07.17-02.14.41:231][  0]LogMemory: Process Virtual Memory: 115.48 MB used, 115.48 MB peak
[2025.07.17-02.14.41:231][  0]LogMemory: Physical Memory: 14752.29 MB used,  17863.95 MB free, 32616.24 MB total
[2025.07.17-02.14.41:231][  0]LogMemory: Virtual Memory: 134191600.00 MB used,  26127.01 MB free, 134217728.00 MB total
[2025.07.17-02.14.41:244][  0]LogWindows: WindowsPlatformFeatures enabled
[2025.07.17-02.14.41:292][  0]LogInit: Physics initialised using underlying interface: PhysX
[2025.07.17-02.14.41:296][  0]LogInit: Overriding language with editor language configuration option (en).
[2025.07.17-02.14.41:296][  0]LogInit: Overriding language with editor locale configuration option (en).
[2025.07.17-02.14.41:563][  0]LogInit: Setting process to per monitor DPI aware
[2025.07.17-02.14.41:583][  0]LogWindowsTextInputMethodSystem: Display: IME system deactivated.
[2025.07.17-02.14.41:611][  0]LogSlate: New Slate User Created.  User Index 0, Is Virtual User: 0
[2025.07.17-02.14.41:611][  0]LogSlate: Slate User Registered.  User Index 0, Is Virtual User: 0
[2025.07.17-02.14.41:900][  0]LogD3D11RHI: Loaded GFSDK_Aftermath_Lib.x64.dll
[2025.07.17-02.14.41:905][  0]LogHMD: Failed to initialize OpenVR with code 110
[2025.07.17-02.14.41:905][  0]LogD3D11RHI: D3D11 min allowed feature level: 11_0
[2025.07.17-02.14.41:905][  0]LogD3D11RHI: D3D11 max allowed feature level: 11_0
[2025.07.17-02.14.41:905][  0]LogD3D11RHI: D3D11 adapters:
[2025.07.17-02.14.42:030][  0]LogD3D11RHI:    0. 'NVIDIA GeForce GTX 1050' (Feature Level 11_0)
[2025.07.17-02.14.42:030][  0]LogD3D11RHI:       2996/0/16308 MB DedicatedVideo/DedicatedSystem/SharedSystem, Outputs:1, VendorId:0x10de
[2025.07.17-02.14.42:066][  0]LogD3D11RHI:    1. 'Intel(R) UHD Graphics 630' (Feature Level 11_0)
[2025.07.17-02.14.42:066][  0]LogD3D11RHI:       128/0/16308 MB DedicatedVideo/DedicatedSystem/SharedSystem, Outputs:1, VendorId:0x8086
[2025.07.17-02.14.42:070][  0]LogD3D11RHI:    2. 'Microsoft Basic Render Driver' (Feature Level 11_0)
[2025.07.17-02.14.42:070][  0]LogD3D11RHI:       0/0/16308 MB DedicatedVideo/DedicatedSystem/SharedSystem, Outputs:0, VendorId:0x1414
[2025.07.17-02.14.42:070][  0]LogD3D11RHI: Chosen D3D11 Adapter:
[2025.07.17-02.14.42:070][  0]LogD3D11RHI:     Description : NVIDIA GeForce GTX 1050
[2025.07.17-02.14.42:070][  0]LogD3D11RHI:     VendorId    : 10de
[2025.07.17-02.14.42:070][  0]LogD3D11RHI:     DeviceId    : 1c91
[2025.07.17-02.14.42:070][  0]LogD3D11RHI:     SubSysId    : 13321025
[2025.07.17-02.14.42:070][  0]LogD3D11RHI:     Revision    : 00a1
[2025.07.17-02.14.42:070][  0]LogD3D11RHI:     DedicatedVideoMemory : 3141533696 bytes
[2025.07.17-02.14.42:070][  0]LogD3D11RHI:     DedicatedSystemMemory : 0 bytes
[2025.07.17-02.14.42:070][  0]LogD3D11RHI:     SharedSystemMemory : 17100302336 bytes
[2025.07.17-02.14.42:070][  0]LogD3D11RHI:     AdapterLuid : 0 100829
[2025.07.17-02.14.42:083][  0]LogD3D11RHI: Creating new Direct3DDevice
[2025.07.17-02.14.42:083][  0]LogD3D11RHI:     GPU DeviceId: 0x1c91 (for the marketing name, search the web for "GPU Device Id")
[2025.07.17-02.14.42:083][  0]LogWindows: EnumDisplayDevices:
[2025.07.17-02.14.42:083][  0]LogWindows:    0. 'Intel(R) UHD Graphics 630' (P:0 D:1)
[2025.07.17-02.14.42:084][  0]LogWindows:    1. 'Intel(R) UHD Graphics 630' (P:0 D:0)
[2025.07.17-02.14.42:084][  0]LogWindows:    2. 'Intel(R) UHD Graphics 630' (P:0 D:0)
[2025.07.17-02.14.42:085][  0]LogWindows:    3. 'NVIDIA GeForce GTX 1050' (P:1 D:1)
[2025.07.17-02.14.42:086][  0]LogWindows: DebugString: PrimaryIsNotTheChoosenAdapter PrimaryIsNotTheChoosenAdapter PrimaryIsNotTheChoosenAdapter 
[2025.07.17-02.14.42:086][  0]LogD3D11RHI:     Adapter Name: NVIDIA GeForce GTX 1050
[2025.07.17-02.14.42:086][  0]LogD3D11RHI:   Driver Version: 451.67 (internal:27.21.14.5167, unified:451.67)
[2025.07.17-02.14.42:086][  0]LogD3D11RHI:      Driver Date: 7-5-2020
[2025.07.17-02.14.42:086][  0]LogRHI: Texture pool is 2097 MB (70% of 2996 MB)
[2025.07.17-02.14.42:086][  0]LogD3D11RHI: Creating D3DDevice using adapter:
[2025.07.17-02.14.42:086][  0]LogD3D11RHI:     Description : NVIDIA GeForce GTX 1050
[2025.07.17-02.14.42:086][  0]LogD3D11RHI:     VendorId    : 10de
[2025.07.17-02.14.42:086][  0]LogD3D11RHI:     DeviceId    : 1c91
[2025.07.17-02.14.42:086][  0]LogD3D11RHI:     SubSysId    : 13321025
[2025.07.17-02.14.42:086][  0]LogD3D11RHI:     Revision    : 00a1
[2025.07.17-02.14.42:086][  0]LogD3D11RHI:     DedicatedVideoMemory : 3141533696 bytes
[2025.07.17-02.14.42:086][  0]LogD3D11RHI:     DedicatedSystemMemory : 0 bytes
[2025.07.17-02.14.42:086][  0]LogD3D11RHI:     SharedSystemMemory : 17100302336 bytes
[2025.07.17-02.14.42:086][  0]LogD3D11RHI:     AdapterLuid : 0 100829
[2025.07.17-02.14.42:168][  0]LogD3D11RHI: RHI has support for 64 bit atomics
[2025.07.17-02.14.42:169][  0]LogD3D11RHI: Async texture creation enabled
[2025.07.17-02.14.42:169][  0]LogD3D11RHI: Array index from any shader is supported
[2025.07.17-02.14.42:192][  0]LogD3D11RHI: GPU Timing Frequency: 1000.000000 (Debug: 2 1)
[2025.07.17-02.14.42:278][  0]LogRHI: GeForceNow SDK initialized: 1
[2025.07.17-02.14.42:930][  0]LogTargetPlatformManager: Display: Loaded TargetPlatform 'AllDesktop'
[2025.07.17-02.14.42:966][  0]LogTargetPlatformManager: Display: Loaded TargetPlatform 'Android'
[2025.07.17-02.14.42:966][  0]LogTargetPlatformManager: Display: Loaded TargetPlatform 'Android_ASTC'
[2025.07.17-02.14.42:966][  0]LogTargetPlatformManager: Display: Loaded TargetPlatform 'Android_DXT'
[2025.07.17-02.14.42:966][  0]LogTargetPlatformManager: Display: Loaded TargetPlatform 'Android_ETC2'
[2025.07.17-02.14.42:966][  0]LogTargetPlatformManager: Display: Loaded TargetPlatform 'AndroidClient'
[2025.07.17-02.14.42:966][  0]LogTargetPlatformManager: Display: Loaded TargetPlatform 'Android_ASTCClient'
[2025.07.17-02.14.42:966][  0]LogTargetPlatformManager: Display: Loaded TargetPlatform 'Android_DXTClient'
[2025.07.17-02.14.42:966][  0]LogTargetPlatformManager: Display: Loaded TargetPlatform 'Android_ETC2Client'
[2025.07.17-02.14.42:966][  0]LogTargetPlatformManager: Display: Loaded TargetPlatform 'Android_Multi'
[2025.07.17-02.14.42:966][  0]LogTargetPlatformManager: Display: Loaded TargetPlatform 'Android_MultiClient'
[2025.07.17-02.14.42:988][  0]LogTargetPlatformManager: Display: Loaded TargetPlatform 'IOSClient'
[2025.07.17-02.14.42:988][  0]LogTargetPlatformManager: Display: Loaded TargetPlatform 'IOS'
[2025.07.17-02.14.43:005][  0]LogTargetPlatformManager: Display: Loaded TargetPlatform 'Linux'
[2025.07.17-02.14.43:013][  0]LogTargetPlatformManager: Display: Loaded TargetPlatform 'LinuxNoEditor'
[2025.07.17-02.14.43:021][  0]LogTargetPlatformManager: Display: Loaded TargetPlatform 'LinuxClient'
[2025.07.17-02.14.43:032][  0]LogTargetPlatformManager: Display: Loaded TargetPlatform 'LinuxServer'
[2025.07.17-02.14.43:045][  0]LogTargetPlatformManager: Display: Loaded TargetPlatform 'LinuxAArch64NoEditor'
[2025.07.17-02.14.43:055][  0]LogTargetPlatformManager: Display: Loaded TargetPlatform 'LinuxAArch64Client'
[2025.07.17-02.14.43:063][  0]LogTargetPlatformManager: Display: Loaded TargetPlatform 'LinuxAArch64Server'
[2025.07.17-02.14.43:097][  0]LogTargetPlatformManager: Display: Loaded TargetPlatform 'Lumin'
[2025.07.17-02.14.43:097][  0]LogTargetPlatformManager: Display: Loaded TargetPlatform 'LuminClient'
[2025.07.17-02.14.43:109][  0]LogTargetPlatformManager: Display: Loaded TargetPlatform 'MacNoEditor'
[2025.07.17-02.14.43:117][  0]LogTargetPlatformManager: Display: Loaded TargetPlatform 'Mac'
[2025.07.17-02.14.43:125][  0]LogTargetPlatformManager: Display: Loaded TargetPlatform 'MacClient'
[2025.07.17-02.14.43:133][  0]LogTargetPlatformManager: Display: Loaded TargetPlatform 'MacServer'
[2025.07.17-02.14.43:159][  0]LogTargetPlatformManager: Display: Loaded TargetPlatform 'TVOSClient'
[2025.07.17-02.14.43:159][  0]LogTargetPlatformManager: Display: Loaded TargetPlatform 'TVOS'
[2025.07.17-02.14.43:180][  0]LogTargetPlatformManager: Display: Loaded TargetPlatform 'WindowsNoEditor'
[2025.07.17-02.14.43:191][  0]LogTargetPlatformManager: Display: Loaded TargetPlatform 'Windows'
[2025.07.17-02.14.43:200][  0]LogTargetPlatformManager: Display: Loaded TargetPlatform 'WindowsClient'
[2025.07.17-02.14.43:211][  0]LogTargetPlatformManager: Display: Loaded TargetPlatform 'WindowsServer'
[2025.07.17-02.14.43:211][  0]LogTargetPlatformManager: Display: Building Assets For Windows
[2025.07.17-02.14.43:228][  0]LogAudioDebug: Display: Lib vorbis DLL was dynamically loaded.
[2025.07.17-02.14.43:305][  0]LogTextureFormatOodle: Display: Oodle Texture 2.9.0 init RDO Off
[2025.07.17-02.14.43:359][  0]LogRendererCore: Ray tracing is disabled. Reason: r.RayTracing=0.
[2025.07.17-02.14.43:359][  0]LogShaderCompilers: Guid format shader working directory is -27 characters bigger than the processId version (../../../../../UTN-e-learning/Unreal-Engine/Unreal-Projects/TP_PreEntrega/Intermediate/Shaders/WorkingDirectory/1692/).
[2025.07.17-02.14.43:360][  0]LogShaderCompilers: Cleaned the shader compiler working directory 'C:/Users/ezequ/AppData/Local/Temp/UnrealShaderWorkingDir/D1388C4E4483BBFCCA66FC89C6572987/'.
[2025.07.17-02.14.43:360][  0]LogXGEController: Cannot use XGE Controller as Incredibuild is not installed on this machine.
[2025.07.17-02.14.43:360][  0]LogShaderCompilers: Cannot use XGE Shader Compiler as Incredibuild is not installed on this machine.
[2025.07.17-02.14.43:360][  0]LogShaderCompilers: Display: Using Local Shader Compiler.
[2025.07.17-02.14.44:516][  0]LogDerivedDataCache: Display: Max Cache Size: 512 MB
[2025.07.17-02.14.44:589][  0]LogDerivedDataCache: Loaded boot cache 0.07s 97MB C:/Users/ezequ/AppData/Local/UnrealEngine/4.27/DerivedDataCache/Boot.ddc.
[2025.07.17-02.14.44:589][  0]LogDerivedDataCache: Display: Loaded Boot cache: C:/Users/ezequ/AppData/Local/UnrealEngine/4.27/DerivedDataCache/Boot.ddc
[2025.07.17-02.14.44:589][  0]LogDerivedDataCache: FDerivedDataBackendGraph:  Pak pak cache file ../../../../../UTN-e-learning/Unreal-Engine/Unreal-Projects/TP_PreEntrega/DerivedDataCache/DDC.ddp not found, will not use a pak cache.
[2025.07.17-02.14.44:589][  0]LogDerivedDataCache: Unable to find inner node Pak for hierarchical cache Hierarchy.
[2025.07.17-02.14.44:589][  0]LogDerivedDataCache: FDerivedDataBackendGraph:  CompressedPak pak cache file ../../../../../UTN-e-learning/Unreal-Engine/Unreal-Projects/TP_PreEntrega/DerivedDataCache/Compressed.ddp not found, will not use a pak cache.
[2025.07.17-02.14.44:589][  0]LogDerivedDataCache: Unable to find inner node CompressedPak for hierarchical cache Hierarchy.
[2025.07.17-02.14.44:614][  0]LogDerivedDataCache: Display: Pak cache opened for reading ../../../Engine/DerivedDataCache/Compressed.ddp.
[2025.07.17-02.14.44:614][  0]LogDerivedDataCache: FDerivedDataBackendGraph:  EnterprisePak pak cache file ../../../Enterprise/DerivedDataCache/Compressed.ddp not found, will not use a pak cache.
[2025.07.17-02.14.44:614][  0]LogDerivedDataCache: Unable to find inner node EnterprisePak for hierarchical cache Hierarchy.
[2025.07.17-02.14.44:632][  0]LogDerivedDataCache: Speed tests for C:/Users/ezequ/AppData/Local/UnrealEngine/Common/DerivedDataCache took 0.02 seconds
[2025.07.17-02.14.44:632][  0]LogDerivedDataCache: Display: Performance to C:/Users/ezequ/AppData/Local/UnrealEngine/Common/DerivedDataCache: Latency=0.06ms. RandomReadSpeed=602.05MBs, RandomWriteSpeed=57.51MBs. Assigned SpeedClass 'Local'
[2025.07.17-02.14.44:633][  0]LogDerivedDataCache: Using Local data cache path C:/Users/ezequ/AppData/Local/UnrealEngine/Common/DerivedDataCache: Writable
[2025.07.17-02.14.44:633][  0]LogDerivedDataCache: Shared data cache path not found in *engine.ini, will not use an Shared cache.
[2025.07.17-02.14.44:633][  0]LogDerivedDataCache: Unable to find inner node Shared for hierarchical cache Hierarchy.
[2025.07.17-02.14.44:726][  0]LogSlate: Using FreeType 2.10.0
[2025.07.17-02.14.44:727][  0]LogSlate: SlateFontServices - WITH_FREETYPE: 1, WITH_HARFBUZZ: 1
[2025.07.17-02.14.44:769][  0]LogAssetRegistry: FAssetRegistry took 0.0036 seconds to start up
[2025.07.17-02.14.45:073][  0]LogInit: Selected Device Profile: [Windows]
[2025.07.17-02.14.45:073][  0]LogInit: Active device profile: [0000021F0EC7FB00][0000021F0C8EC400 49] Windows
[2025.07.17-02.14.45:073][  0]LogInit: Profiles: [0000021F0EC7FB00][0000021F0C8EC400 49] Windows, [0000021F0EC3C600][0000021F08F0E580 49] WindowsNoEditor, [0000021F0EC7C600][0000021F08F0A6C0 49] WindowsServer, [0000021F0EC3F300][0000021F08F12800 49] WindowsClient, [0000021F0EC7F200][0000021F08F16940 49] IOS, [0000021F0EC3D000][0000021F00D4CAC0 49] iPadAir, [0000021F0EC7CF00][0000021F00D50C40 49] iPadAir2, [0000021F0EBF4300][0000021F00D58F00 49] IPadPro, [0000021F0EBE7F00][0000021F00D54F40 49] iPadAir3, [0000021F0EC7ED00][0000021F00D5D0C0 49] iPadAir4, [0000021F0EBE4C00][0000021F7DDD3240 49] iPadMini2, [0000021F0EC7D300][0000021F7DDD73C0 49] iPadMini3, [0000021F0EBE6E00][0000021F7DDDB540 49] iPadMini4, [0000021F0EC7E500][0000021F7DDDF6C0 49] iPadMini5, [0000021F0EC3EB00][0000021F7DDE7980 49] iPhone6, [0000021F0EC3EC00][0000021F7DDE39C0 49] iPodTouch6, [0000021F0EBE5000][0000021F7DDEE100 49] iPhone7, [0000021F0EBE5100][0000021F7DDEA140 49] iPodTouch7, [0000021F0EC3C700][0000021F7DDF22C0 49] iPhone5S, [0000021F0EBE7500][0000021F7DDF6440 49] iPhone6Plus, [0000021F0EC3D400][0000021F7DDFA5C0 49] iPhone6S, [0000021F0EBE6100][0000021F7DDFE740 49] iPhone6SPlus, [0000021F0EC3CB00][0000021F08F1A880 49] iPhone7Plus, [0000021F0EBE4400][0000021F7DE029C0 49] iPhoneSE, [0000021F0EC3DB00][0000021F0B33CB00 49] iPhone8, [0000021F0EBE6600][0000021F0B340C40 49] iPhone8Plus, [0000021F0EC3C200][0000021F0B348DC0 49] iPhoneX, [0000021F0EBE4200][0000021F0B34CF40 49] iPhoneXS, [0000021F0EC3FA00][0000021F0B3510C0 49] iPhoneXSMax, [0000021F0EBE6400][0000021F0B355240 49] iPhoneXR, [0000021F0EC3EA00][0000021F0B3593C0 49] iPhone11, [0000021F0EBE6B00][0000021F0B35D540 49] iPhone11Pro, [0000021F0EC3CD00][0000021F0B3616C0 49] iPhone11ProMax, [0000021F0EBE4F00][0000021F0B365840 49] iPhoneSE2, [0000021F0EC3C400][0000021F0B3699C0 49] iPhone12Mini, [0000021F0EBE4100][0000021F0B36DB40 49] iPhone12, [0000021F0EC3F800][0000021F0B370140 49] iPhone12Pro, [0000021F0EBE7100][0000021F0B3742C0 49] iPhone12ProMax, [0000021F0EC3F400][0000021F0B378440 49] iPadPro105, [0000021F0EBE6D00][0000021F0B37C5C0 49] iPadPro129, [0000021F0EC3D900][0000021F0B380740 49] iPadPro97, [0000021F0EBE6000][0000021F0B3848C0 49] iPadPro2_129, [0000021F0EC3D600][0000021F0B344A00 49] iPad5, [0000021F0EBE4500][0000021F07562B40 49] iPad6, [0000021F0EC3E000][0000021F07566C80 49] iPad7, [0000021F0EBE4D00][0000021F0756ADC0 49] iPad8, [0000021F0EC3D300][0000021F07572F40 49] iPadPro11, [0000021F0EBE6C00][0000021F075770C0 49] iPadPro2_11, [0000021F0EC3F500][0000021F0757B240 49] iPadPro3_129, [0000021F0EBE7E00][0000021F0757F3C0 49] iPadPro4_129, [0000021F0EC3E500][0000021F07583540 49] AppleTV, [0000021F0EBE6500][0000021F075876C0 49] AppleTV4K, [0000021F0EC3DF00][0000021F0758B840 49] TVOS, [0000021F0EBE5A00][0000021F0758F9C0 49] Mac, [0000021F0EC3CF00][0000021F07593B40 49] MacClient, [0000021F0EBE5700][0000021F07596140 49] MacNoEditor, [0000021F0EC3DA00][0000021F0759A2C0 49] MacServer, [0000021F0EBE6900][0000021F0759E440 49] Linux, [0000021F0EC3DC00][0000021F075A25C0 49] LinuxAArch64, [0000021F0EBE7000][0000021F075A6740 49] LinuxNoEditor, [0000021F0EC3D100][0000021F075AA8C0 49] LinuxAArch64NoEditor, [0000021F0EBE6700][0000021F075AEA40 49] LinuxClient, [0000021F0EC3D700][0000021F075B2BC0 49] LinuxAArch64Client, [0000021F0ECC4800][0000021F0756ED00 49] LinuxServer, [0000021F0EBF4500][0000021F075B6E40 49] LinuxAArch64Server, [0000021F0ECC4700][0000021F075BAF80 49] Android, [0000021F0EBF4600][0000021F0C7AB100 49] Android_Low, [0000021F0ECC4100][0000021F0C7AF280 49] Android_Mid, [0000021F0EBF5000][0000021F0C7B3400 49] Android_High, [0000021F0ECC6200][0000021F0C7B7580 49] Android_Default, [0000021F0EBF6B00][0000021F0C7BB700 49] Android_Adreno4xx, [0000021F0ECC4A00][0000021F0C7BF880 49] Android_Adreno5xx_Low, [0000021F0EBF5600][0000021F0C7C3A00 49] Android_Adreno5xx, [0000021F0ECC5E00][0000021F0C7C7B80 49] Android_Adreno6xx, [0000021F0EBF6C00][0000021F0C7CA180 49] Android_Adreno6xx_Vulkan, [0000021F0ECC4D00][0000021F0C7CE300 49] Android_Mali_T6xx, [0000021F0EBF6900][0000021F0C7D2480 49] Android_Mali_T7xx, [0000021F0ECC4E00][0000021F0C7D6600 49] Android_Mali_T8xx, [0000021F0EBF7200][0000021F0C7DA780 49] Android_Mali_G71, [0000021F0ECC5600][0000021F0C7DE900 49] Android_Mali_G72, [0000021F0EBF6000][0000021F0C7E2A80 49] Android_Mali_G72_Vulkan, [0000021F0ECC5700][0000021F0C7E6C00 49] Android_Mali_G76, [0000021F0EBF4900][0000021F0C7EAD80 49] Android_Mali_G76_Vulkan, [0000021F0ECC5300][0000021F075BEEC0 49] Android_Mali_G77, [0000021F0EBF4A00][0000021F076C9000 49] Android_Mali_G77_Vulkan, [0000021F0ECC4600][0000021F0C8E1140 49] Android_Mali_G78, [0000021F0EBF6E00][0000021F0C8E52C0 49] Android_Mali_G78_Vulkan, [0000021F0EC3CA00][0000021F0C8E9440 49] Android_Mali_G710, [0000021F0EBE4600][0000021F076F15C0 49] Android_Mali_G710_Vulkan, [0000021F0EBF5D00][0000021F07729740 49] Android_Vulkan_SM5, [0000021F0EBE7600][0000021F077678C0 49] Android_PowerVR_G6xxx, [0000021F0EC3C500][0000021F0B223A40 49] Android_PowerVR_GT7xxx, [0000021F0ECC6A00][0000021F0B227BC0 49] Android_PowerVR_GE8xxx, [0000021F0EC3DE00][0000021F0B27A1C0 49] Android_PowerVR_GM9xxx, [0000021F0ECC5B00][0000021F0B29E340 49] Android_PowerVR_GM9xxx_Vulkan, [0000021F0EC3E600][0000021F0B2A24C0 49] Android_TegraK1, [0000021F0ECC6000][0000021F076E8640 49] Android_Unknown_Vulkan, [0000021F0EC3C300][0000021F0B2A67C0 49] Lumin, [0000021F0ECC5800][0000021F0B2AA940 49] Lumin_Desktop, [0000021F0EC3FE00][0000021F0DB4AAC0 49] HoloLens, 
[2025.07.17-02.14.45:254][  0]LogMeshReduction: Using QuadricMeshReduction for automatic static mesh reduction
[2025.07.17-02.14.45:254][  0]LogMeshReduction: Using SimplygonMeshReduction for automatic skeletal mesh reduction
[2025.07.17-02.14.45:254][  0]LogMeshReduction: Using ProxyLODMeshReduction for automatic mesh merging
[2025.07.17-02.14.45:254][  0]LogMeshReduction: No distributed automatic mesh merging module available
[2025.07.17-02.14.45:254][  0]LogMeshMerging: No distributed automatic mesh merging module available
[2025.07.17-02.14.45:281][  0]LogNetVersion: TP_PreEntrega 1.0.0, NetCL: 17155196, EngineNetVer: 17, GameNetVer: 0 (Checksum: 2958971551)
[2025.07.17-02.14.45:935][  0]LogTexture: Default maximum texture size for cubemaps generated from long-lat sources has been changed from 512 to unlimited. In order to preserve old behaiour for '/Engine/MapTemplates/Sky/DaylightAmbientCubemap.DaylightAmbientCubemap', its maximum texture size has been explicitly set to 512.
[2025.07.17-02.14.46:054][  0]LogHMD: PokeAHoleMaterial loaded successfully
[2025.07.17-02.14.46:063][  0]LogUObjectArray: 18053 objects as part of root set at end of initial load.
[2025.07.17-02.14.46:063][  0]LogUObjectAllocator: 4611920 out of 0 bytes used by permanent object pool.
[2025.07.17-02.14.46:063][  0]LogUObjectArray: CloseDisregardForGC: 0/0 objects in disregard for GC pool
[2025.07.17-02.14.46:274][  0]LogNiagaraDebuggerClient: Niagara Debugger Client Initialized | Session: C72B120140512B89CF382FB94E63F522 | Instance: 0F37E1C04985D0995769CDA64AE9AECA (LAPTOP-AHL2VAE2-1692).
[2025.07.17-02.14.46:624][  0]LogPython: Using Python 3.7.7
[2025.07.17-02.14.47:362][  0]LogTcpMessaging: Initializing TcpMessaging bridge
[2025.07.17-02.14.47:367][  0]LogUdpMessaging: Initializing bridge on interface 0.0.0.0:0 to multicast group 230.0.0.1:6666.
[2025.07.17-02.14.47:497][  0]SourceControl: Source control is disabled
[2025.07.17-02.14.47:497][  0]SourceControl: Source control is disabled
[2025.07.17-02.14.47:501][  0]SourceControl: Source control is disabled
[2025.07.17-02.14.47:510][  0]SourceControl: Source control is disabled
[2025.07.17-02.14.47:521][  0]SourceControl: Source control is disabled
[2025.07.17-02.14.47:530][  0]LogUProjectInfo: Found projects:
[2025.07.17-02.14.47:858][  0]LogOpenImageDenoise: OIDN starting up
[2025.07.17-02.14.47:890][  0]LogAndroidPermission: UAndroidPermissionCallbackProxy::GetInstance
[2025.07.17-02.14.47:916][  0]LogAudioCaptureCore: Display: No Audio Capture implementations found. Audio input will be silent.
[2025.07.17-02.14.47:916][  0]LogAudioCaptureCore: Display: No Audio Capture implementations found. Audio input will be silent.
[2025.07.17-02.14.48:160][  0]LogCollectionManager: Loaded 0 collections in 0.003189 seconds
[2025.07.17-02.14.48:202][  0]LogFileCache: Scanning file cache for directory 'D:/UTN-e-learning/Unreal-Engine/Unreal-Projects/TP_PreEntrega/Saved/Collections/' took 0.00s
[2025.07.17-02.14.48:202][  0]LogFileCache: Scanning file cache for directory 'D:/UTN-e-learning/Unreal-Engine/Unreal-Projects/TP_PreEntrega/Content/Developers/ezequ/Collections/' took 0.00s
[2025.07.17-02.14.48:202][  0]LogFileCache: Scanning file cache for directory 'D:/UTN-e-learning/Unreal-Engine/Unreal-Projects/TP_PreEntrega/Content/Collections/' took 0.00s
[2025.07.17-02.14.48:202][  0]LogOcInput: OculusInput pre-init called
[2025.07.17-02.14.48:663][  0]LogClass: Display: IntProperty FPhysicsConvexData::NumVertices is not initialized properly. Module:MeshModelingTools File:Public/Physics/CollisionPropertySets.h
[2025.07.17-02.14.48:663][  0]LogClass: Display: IntProperty FPhysicsConvexData::NumFaces is not initialized properly. Module:MeshModelingTools File:Public/Physics/CollisionPropertySets.h
[2025.07.17-02.14.48:663][  0]LogClass: Display: FloatProperty FPhysicsCapsuleData::Radius is not initialized properly. Module:MeshModelingTools File:Public/Physics/CollisionPropertySets.h
[2025.07.17-02.14.48:663][  0]LogClass: Display: FloatProperty FPhysicsCapsuleData::Length is not initialized properly. Module:MeshModelingTools File:Public/Physics/CollisionPropertySets.h
[2025.07.17-02.14.48:663][  0]LogClass: Display: StructProperty FPhysicsBoxData::Dimensions is not initialized properly. Module:MeshModelingTools File:Public/Physics/CollisionPropertySets.h
[2025.07.17-02.14.48:663][  0]LogClass: Display: FloatProperty FPhysicsSphereData::Radius is not initialized properly. Module:MeshModelingTools File:Public/Physics/CollisionPropertySets.h
[2025.07.17-02.14.48:663][  0]LogClass: Display: EnumProperty FLODLevelGenerateSettings::TargetMode is not initialized properly. Module:MeshModelingToolsEditorOnly File:Public/GenerateLODMeshesTool.h
[2025.07.17-02.14.48:663][  0]LogClass: Display: IntProperty FLODLevelGenerateSettings::TargetPercentage is not initialized properly. Module:MeshModelingToolsEditorOnly File:Public/GenerateLODMeshesTool.h
[2025.07.17-02.14.48:663][  0]LogClass: Display: IntProperty FLODLevelGenerateSettings::TargetCount is not initialized properly. Module:MeshModelingToolsEditorOnly File:Public/GenerateLODMeshesTool.h
[2025.07.17-02.14.48:663][  0]LogClass: Display: 9 Uninitialized script struct members found including 0 object properties
[2025.07.17-02.14.48:664][  0]LogEngine: Initializing Engine...
[2025.07.17-02.14.48:667][  0]LogHMD: Failed to enumerate extensions. Please check that you have a valid OpenXR runtime installed.
[2025.07.17-02.14.48:668][  0]LogHMD: Failed to initialize OpenVR with code 110
[2025.07.17-02.14.48:668][  0]LogMagicLeap: Warning: VR disabled because ZI is not enabled.  To enable, in the editor, Edit -> Project Settings -> Plugins -> Magic Leap Plugin -> Enable Zero Iteration
[2025.07.17-02.14.48:669][  0]LogStylusInput: Initializing StylusInput subsystem.
[2025.07.17-02.14.48:671][  0]LogStats: UGameplayTagsManager::InitializeManager -  0.000 s
[2025.07.17-02.14.48:824][  0]LogInit: Initializing FReadOnlyCVARCache
[2025.07.17-02.14.48:834][  0]LogAIModule: Creating AISystem for world Untitled
[2025.07.17-02.14.48:853][  0]LogAudio: Display: Initializing Audio Device Manager...
[2025.07.17-02.14.48:858][  0]LogAudio: Display: Loading Default Audio Settings Objects...
[2025.07.17-02.14.48:858][  0]LogAudio: Display: No default SoundConcurrencyObject specified (or failed to load).
[2025.07.17-02.14.48:859][  0]LogAudio: Display: Audio Device Manager Initialized
[2025.07.17-02.14.48:859][  0]LogAudio: Display: Creating Audio Device:                 Id: 1, Scope: Shared, Realtime: True
[2025.07.17-02.14.48:859][  0]LogAudioMixer: Display: Audio Mixer Platform Settings:
[2025.07.17-02.14.48:859][  0]LogAudioMixer: Display: 	Sample Rate:						  48000
[2025.07.17-02.14.48:859][  0]LogAudioMixer: Display: 	Callback Buffer Frame Size Requested: 1024
[2025.07.17-02.14.48:859][  0]LogAudioMixer: Display: 	Callback Buffer Frame Size To Use:	  1024
[2025.07.17-02.14.48:859][  0]LogAudioMixer: Display: 	Number of buffers to queue:			  2
[2025.07.17-02.14.48:859][  0]LogAudioMixer: Display: 	Max Channels (voices):				  32
[2025.07.17-02.14.48:859][  0]LogAudioMixer: Display: 	Number of Async Source Workers:		  0
[2025.07.17-02.14.48:859][  0]LogAudio: Display: AudioDevice MaxSources: 32
[2025.07.17-02.14.48:859][  0]LogAudio: Display: Audio Spatialization Plugin: None (built-in).
[2025.07.17-02.14.48:859][  0]LogAudio: Display: Audio Reverb Plugin: None (built-in).
[2025.07.17-02.14.48:859][  0]LogAudio: Display: Audio Occlusion Plugin: None (built-in).
[2025.07.17-02.14.48:859][  0]LogAudioMixer: Display: Initializing audio mixer.
[2025.07.17-02.14.48:876][  0]LogAudioMixer: Display: 0: FrontLeft
[2025.07.17-02.14.48:876][  0]LogAudioMixer: Display: 1: FrontRight
[2025.07.17-02.14.49:459][  0]LogAudioMixer: Display: Using Audio Device Headphones (SOUNDPEATS Mini HS Stereo)
[2025.07.17-02.14.49:462][  0]LogAudioMixer: Display: Initializing Sound Submixes...
[2025.07.17-02.14.49:464][  0]LogAudioMixer: Display: Creating Master Submix 'MasterSubmixDefault'
[2025.07.17-02.14.49:464][  0]LogAudioMixer: Display: Creating Master Submix 'MasterReverbSubmixDefault'
[2025.07.17-02.14.49:465][  0]LogAudioMixer: Display: Creating Master Submix 'MasterEQSubmixDefault'
[2025.07.17-02.14.49:465][  0]LogAudioMixer: FMixerPlatformXAudio2::StartAudioStream() called
[2025.07.17-02.14.49:465][  0]LogAudioMixer: Display: Output buffers initialized: Frames=1024, Channels=2, Samples=2048
[2025.07.17-02.14.49:466][  0]LogAudioMixer: Display: Starting AudioMixerPlatformInterface::RunInternal()
[2025.07.17-02.14.49:466][  0]LogAudioMixer: Display: FMixerPlatformXAudio2::SubmitBuffer() called for the first time
[2025.07.17-02.14.49:466][  0]LogInit: FAudioDevice initialized.
[2025.07.17-02.14.49:466][  0]LogAudio: Display: Audio Device (ID: 1) registered with world 'Untitled'.
[2025.07.17-02.14.49:466][  0]LogNetVersion: Set ProjectVersion to 1.0.0.0. Version Checksum will be recalculated on next use.
[2025.07.17-02.14.49:524][  0]LogDerivedDataCache: Saved boot cache 0.06s 97MB C:/Users/ezequ/AppData/Local/UnrealEngine/4.27/DerivedDataCache/Boot.ddc.
[2025.07.17-02.14.49:524][  0]LogInit: Texture streaming: Enabled
[2025.07.17-02.14.49:541][  0]LogAnalytics: Display: [UEEditor.Rocket.Release] APIServer = https://datarouter.ol.epicgames.com/. AppVersion = 4.27.2-18319896+++UE4+Release-4.27
[2025.07.17-02.14.49:552][  0]LogEngineSessionManager: EngineSessionManager initialized
[2025.07.17-02.14.49:553][  0]LogEditorSessionSummary: Verbose: Initializing EditorSessionSummaryWriter for editor session tracking
[2025.07.17-02.14.49:583][  0]LogEditorSessionSummary: EditorSessionSummaryWriter initialized
[2025.07.17-02.14.49:802][  0]LogInit: Transaction tracking system initialized
[2025.07.17-02.14.49:852][  0]BlueprintLog: New page: Editor Load
[2025.07.17-02.14.49:941][  0]LocalizationService: Localization service is disabled
[2025.07.17-02.14.49:973][  0]TimingProfiler: Initialize
[2025.07.17-02.14.49:973][  0]TimingProfiler: OnSessionChanged
[2025.07.17-02.14.49:973][  0]LoadingProfiler: Initialize
[2025.07.17-02.14.49:973][  0]LoadingProfiler: OnSessionChanged
[2025.07.17-02.14.49:973][  0]NetworkingProfiler: Initialize
[2025.07.17-02.14.49:973][  0]NetworkingProfiler: OnSessionChanged
[2025.07.17-02.14.49:973][  0]MemoryProfiler: Initialize
[2025.07.17-02.14.49:973][  0]MemoryProfiler: OnSessionChanged
[2025.07.17-02.14.50:280][  0]LogCook: Display: CookSettings for Memory: MemoryMaxUsedVirtual 0MiB, MemoryMaxUsedPhysical 16384MiB, MemoryMinFreeVirtual 0MiB, MemoryMinFreePhysical 1024MiB
[2025.07.17-02.14.50:280][  0]LogCook: Display: Mobile HDR setting 1
[2025.07.17-02.14.50:641][  0]LogFileCache: Scanning file cache for directory 'D:/UTN-e-learning/Unreal-Engine/Unreal-Projects/TP_PreEntrega/Content/' took 0.02s
[2025.07.17-02.14.51:075][  0]LogInit: Display: Engine is initialized. Leaving FEngineLoop::Init()
[2025.07.17-02.14.51:092][  0]SourceControl: Source control is disabled
[2025.07.17-02.14.51:092][  0]LogUnrealEdMisc: Loading editor; pre map load, took 11.986
[2025.07.17-02.14.51:092][  0]Cmd: MAP LOAD FILE="../../../../../UTN-e-learning/Unreal-Engine/Unreal-Projects/TP_PreEntrega/Content/ThirdPersonBP/Maps/ThirdPersonExampleMap.umap" TEMPLATE=0 SHOWPROGRESS=1 FEATURELEVEL=3
[2025.07.17-02.14.51:092][  0]LightingResults: New page: Lighting Build
[2025.07.17-02.14.51:094][  0]LogWorld: UWorld::CleanupWorld for Untitled, bSessionEnded=true, bCleanupResources=true
[2025.07.17-02.14.51:094][  0]LogSlate: InvalidateAllWidgets triggered.  All widgets were invalidated
[2025.07.17-02.14.51:094][  0]MapCheck: New page: Map Check
[2025.07.17-02.14.51:094][  0]LightingResults: New page: Lighting Build
[2025.07.17-02.14.51:100][  0]LogAudio: Display: Audio Device unregistered from world 'None'.
[2025.07.17-02.14.51:103][  0]LogUObjectHash: Compacting FUObjectHashTables data took   0.94ms
[2025.07.17-02.14.51:543][  0]LogMaterial: Display: Missing cached shadermap for lambert3 in PCD3D_SM5, Default, SM5 (DDC key hash: 413A473F6C1F033E4C91DB0C697F95E9D6B983AF), compiling. 
[2025.07.17-02.14.51:545][  0]LogMaterial: Warning: [AssetLog] D:\UTN-e-learning\Unreal-Engine\Unreal-Projects\TP_PreEntrega\Content\ThirdPersonBP\Blueprints\blueprints\Textures\lambert3.uasset: Failed to compile Material for platform PCD3D_SM5, Default Material will be used in game.
[2025.07.17-02.14.51:545][  0]LogMaterial: Display: 	(Node TextureSample) TextureSample> Sampler type is Normal, should be Color for /Game/ThirdPersonBP/Blueprints/blueprints/Textures/ROCK04LB.ROCK04LB
[2025.07.17-02.14.51:766][  0]LogAudio: Display: Audio Device (ID: 1) registered with world 'ThirdPersonExampleMap'.
[2025.07.17-02.14.51:771][  0]LogAIModule: Creating AISystem for world ThirdPersonExampleMap
[2025.07.17-02.14.51:804][  0]LogMaterial: Display: Material /Game/StarterContent/Materials/M_Wood_Floor_Walnut_Polished.M_Wood_Floor_Walnut_Polished needed to have new flag set bUsedWithSkeletalMesh !
[2025.07.17-02.14.51:807][  0]LogMaterial: Display: Missing cached shadermap for M_Wood_Floor_Walnut_Polished in PCD3D_SM5, Default, SM5 (DDC key hash: D08385878188331770A0AE1A1CE05C0BF18DCDF4), compiling. 
[2025.07.17-02.14.52:051][  0]LogShaderCompilers: Display: Submitted 41 shader compile jobs with 'Low' priority
[2025.07.17-02.14.52:052][  0]LogShaderCompilers: Display: Worker (1/5): shaders left to compile 41
[2025.07.17-02.14.52:052][  0]LogShaderCompilers: Display: Worker (2/5): shaders left to compile 32
[2025.07.17-02.14.52:052][  0]LogShaderCompilers: Display: Worker (3/5): shaders left to compile 23
[2025.07.17-02.14.52:052][  0]LogShaderCompilers: Display: Worker (4/5): shaders left to compile 14
[2025.07.17-02.14.52:052][  0]LogShaderCompilers: Display: Worker (5/5): shaders left to compile 5
[2025.07.17-02.14.52:053][  0]LogShaderCompilers: Display: Started 41 'Local' shader compile jobs with 'Low' priority
[2025.07.17-02.14.52:053][  0]MapCheck: Warning: M_Wood_Floor_Walnut_Polished Material /Game/StarterContent/Materials/M_Wood_Floor_Walnut_Polished.M_Wood_Floor_Walnut_Polished was missing the usage flag bUsedWithSkeletalMesh. If the material asset is not re-saved, it may not render correctly when run outside the editor. Fix
[2025.07.17-02.14.52:269][  0]LogEditorServer: Finished looking for orphan Actors (0.000 secs)
[2025.07.17-02.14.52:310][  0]LogUObjectHash: Compacting FUObjectHashTables data took   3.52ms
[2025.07.17-02.14.52:311][  0]Cmd: MAP CHECKDEP NOCLEARLOG
[2025.07.17-02.14.52:311][  0]MapCheck: Map check complete: 0 Error(s), 1 Warning(s), took 0.225ms to complete.
[2025.07.17-02.14.52:342][  0]LogFileHelpers: Loading map 'ThirdPersonExampleMap' took 1.250
[2025.07.17-02.14.52:349][  0]LogUnrealEdMisc: Total Editor Startup Time, took 13.244
[2025.07.17-02.14.52:692][  0]LogSlate: Updating window title bar state: overlay mode, drag disabled, window buttons hidden, title bar hidden
[2025.07.17-02.14.52:719][  0]LogSlate: Updating window title bar state: overlay mode, drag disabled, window buttons hidden, title bar hidden
[2025.07.17-02.14.52:750][  0]LogSlate: Updating window title bar state: overlay mode, drag disabled, window buttons hidden, title bar hidden
[2025.07.17-02.14.52:776][  0]LogSlate: Updating window title bar state: overlay mode, drag disabled, window buttons hidden, title bar hidden
[2025.07.17-02.14.52:868][  0]LogNativeClassHierarchy: Verbose: Native class hierarchy populated in 0.0447 seconds. Added 4208 classes and 963 folders.
[2025.07.17-02.14.52:875][  0]LogNativeClassHierarchy: Verbose: Native class hierarchy updated for 'WidgetCarousel' in 0.0007 seconds. Added 0 classes and 0 folders.
[2025.07.17-02.14.52:880][  0]LogPakFile: PakFile PrimaryIndexSize=187
[2025.07.17-02.14.52:880][  0]LogPakFile: PakFile PathHashIndexSize=101
[2025.07.17-02.14.52:880][  0]LogPakFile: PakFile FullDirectoryIndexSize=148
[2025.07.17-02.14.52:880][  0]LogShaderLibrary: Display: ShaderCodeLibraryPakFileMountedCallback: PakFile 'D:/UE4-Windows/UE_4.27/FeaturePacks/FP_FirstPerson.upack' (chunk index -1, root 'root:/') mounted
[2025.07.17-02.14.52:881][  0]LogShaderLibrary: Display: ShaderCodeLibraryPakFileMountedCallback: pending pak file info (ChunkID:-1 Root:root:/ File:D:/UE4-Windows/UE_4.27/FeaturePacks/FP_FirstPerson.upack)
[2025.07.17-02.14.52:881][  0]LogPakFile: OnPakFileMounted2Time == 0.000277
[2025.07.17-02.14.52:883][  0]LogPakFile: PakFile PrimaryIndexSize=189
[2025.07.17-02.14.52:883][  0]LogPakFile: PakFile PathHashIndexSize=101
[2025.07.17-02.14.52:883][  0]LogPakFile: PakFile FullDirectoryIndexSize=152
[2025.07.17-02.14.52:883][  0]LogShaderLibrary: Display: ShaderCodeLibraryPakFileMountedCallback: PakFile 'D:/UE4-Windows/UE_4.27/FeaturePacks/FP_FirstPersonBP.upack' (chunk index -1, root 'root:/') mounted
[2025.07.17-02.14.52:883][  0]LogShaderLibrary: Display: ShaderCodeLibraryPakFileMountedCallback: pending pak file info (ChunkID:-1 Root:root:/ File:D:/UE4-Windows/UE_4.27/FeaturePacks/FP_FirstPersonBP.upack)
[2025.07.17-02.14.52:883][  0]LogPakFile: OnPakFileMounted2Time == 0.000173
[2025.07.17-02.14.52:885][  0]LogPakFile: PakFile PrimaryIndexSize=191
[2025.07.17-02.14.52:886][  0]LogPakFile: PakFile PathHashIndexSize=101
[2025.07.17-02.14.52:886][  0]LogPakFile: PakFile FullDirectoryIndexSize=160
[2025.07.17-02.14.52:886][  0]LogShaderLibrary: Display: ShaderCodeLibraryPakFileMountedCallback: PakFile 'D:/UE4-Windows/UE_4.27/FeaturePacks/MobileStarterContent.upack' (chunk index -1, root 'root:/') mounted
[2025.07.17-02.14.52:886][  0]LogShaderLibrary: Display: ShaderCodeLibraryPakFileMountedCallback: pending pak file info (ChunkID:-1 Root:root:/ File:D:/UE4-Windows/UE_4.27/FeaturePacks/MobileStarterContent.upack)
[2025.07.17-02.14.52:886][  0]LogPakFile: OnPakFileMounted2Time == 0.000302
[2025.07.17-02.14.52:889][  0]LogPakFile: PakFile PrimaryIndexSize=185
[2025.07.17-02.14.52:889][  0]LogPakFile: PakFile PathHashIndexSize=101
[2025.07.17-02.14.52:889][  0]LogPakFile: PakFile FullDirectoryIndexSize=148
[2025.07.17-02.14.52:889][  0]LogShaderLibrary: Display: ShaderCodeLibraryPakFileMountedCallback: PakFile 'D:/UE4-Windows/UE_4.27/FeaturePacks/StarterContent.upack' (chunk index -1, root 'root:/') mounted
[2025.07.17-02.14.52:889][  0]LogShaderLibrary: Display: ShaderCodeLibraryPakFileMountedCallback: pending pak file info (ChunkID:-1 Root:root:/ File:D:/UE4-Windows/UE_4.27/FeaturePacks/StarterContent.upack)
[2025.07.17-02.14.52:889][  0]LogPakFile: OnPakFileMounted2Time == 0.000202
[2025.07.17-02.14.52:892][  0]LogPakFile: PakFile PrimaryIndexSize=190
[2025.07.17-02.14.52:892][  0]LogPakFile: PakFile PathHashIndexSize=101
[2025.07.17-02.14.52:892][  0]LogPakFile: PakFile FullDirectoryIndexSize=154
[2025.07.17-02.14.52:892][  0]LogShaderLibrary: Display: ShaderCodeLibraryPakFileMountedCallback: PakFile 'D:/UE4-Windows/UE_4.27/FeaturePacks/TP_2DSideScroller.upack' (chunk index -1, root 'root:/') mounted
[2025.07.17-02.14.52:892][  0]LogShaderLibrary: Display: ShaderCodeLibraryPakFileMountedCallback: pending pak file info (ChunkID:-1 Root:root:/ File:D:/UE4-Windows/UE_4.27/FeaturePacks/TP_2DSideScroller.upack)
[2025.07.17-02.14.52:892][  0]LogPakFile: OnPakFileMounted2Time == 0.000222
[2025.07.17-02.14.52:894][  0]LogPakFile: PakFile PrimaryIndexSize=192
[2025.07.17-02.14.52:894][  0]LogPakFile: PakFile PathHashIndexSize=101
[2025.07.17-02.14.52:895][  0]LogPakFile: PakFile FullDirectoryIndexSize=158
[2025.07.17-02.14.52:895][  0]LogShaderLibrary: Display: ShaderCodeLibraryPakFileMountedCallback: PakFile 'D:/UE4-Windows/UE_4.27/FeaturePacks/TP_2DSideScrollerBP.upack' (chunk index -1, root 'root:/') mounted
[2025.07.17-02.14.52:895][  0]LogShaderLibrary: Display: ShaderCodeLibraryPakFileMountedCallback: pending pak file info (ChunkID:-1 Root:root:/ File:D:/UE4-Windows/UE_4.27/FeaturePacks/TP_2DSideScrollerBP.upack)
[2025.07.17-02.14.52:895][  0]LogPakFile: OnPakFileMounted2Time == 0.000359
[2025.07.17-02.14.52:898][  0]LogPakFile: PakFile PrimaryIndexSize=182
[2025.07.17-02.14.52:899][  0]LogPakFile: PakFile PathHashIndexSize=101
[2025.07.17-02.14.52:899][  0]LogPakFile: PakFile FullDirectoryIndexSize=138
[2025.07.17-02.14.52:899][  0]LogShaderLibrary: Display: ShaderCodeLibraryPakFileMountedCallback: PakFile 'D:/UE4-Windows/UE_4.27/FeaturePacks/TP_Flying.upack' (chunk index -1, root 'root:/') mounted
[2025.07.17-02.14.52:899][  0]LogShaderLibrary: Display: ShaderCodeLibraryPakFileMountedCallback: pending pak file info (ChunkID:-1 Root:root:/ File:D:/UE4-Windows/UE_4.27/FeaturePacks/TP_Flying.upack)
[2025.07.17-02.14.52:899][  0]LogPakFile: OnPakFileMounted2Time == 0.000171
[2025.07.17-02.14.52:901][  0]LogPakFile: PakFile PrimaryIndexSize=184
[2025.07.17-02.14.52:901][  0]LogPakFile: PakFile PathHashIndexSize=101
[2025.07.17-02.14.52:901][  0]LogPakFile: PakFile FullDirectoryIndexSize=142
[2025.07.17-02.14.52:901][  0]LogShaderLibrary: Display: ShaderCodeLibraryPakFileMountedCallback: PakFile 'D:/UE4-Windows/UE_4.27/FeaturePacks/TP_FlyingBP.upack' (chunk index -1, root 'root:/') mounted
[2025.07.17-02.14.52:901][  0]LogShaderLibrary: Display: ShaderCodeLibraryPakFileMountedCallback: pending pak file info (ChunkID:-1 Root:root:/ File:D:/UE4-Windows/UE_4.27/FeaturePacks/TP_FlyingBP.upack)
[2025.07.17-02.14.52:901][  0]LogPakFile: OnPakFileMounted2Time == 0.000166
[2025.07.17-02.14.52:903][  0]LogPakFile: PakFile PrimaryIndexSize=188
[2025.07.17-02.14.52:903][  0]LogPakFile: PakFile PathHashIndexSize=101
[2025.07.17-02.14.52:903][  0]LogPakFile: PakFile FullDirectoryIndexSize=150
[2025.07.17-02.14.52:903][  0]LogShaderLibrary: Display: ShaderCodeLibraryPakFileMountedCallback: PakFile 'D:/UE4-Windows/UE_4.27/FeaturePacks/TP_HandheldARBP.upack' (chunk index -1, root 'root:/') mounted
[2025.07.17-02.14.52:903][  0]LogShaderLibrary: Display: ShaderCodeLibraryPakFileMountedCallback: pending pak file info (ChunkID:-1 Root:root:/ File:D:/UE4-Windows/UE_4.27/FeaturePacks/TP_HandheldARBP.upack)
[2025.07.17-02.14.52:903][  0]LogPakFile: OnPakFileMounted2Time == 0.000170
[2025.07.17-02.14.52:907][  0]LogPakFile: PakFile PrimaryIndexSize=182
[2025.07.17-02.14.52:907][  0]LogPakFile: PakFile PathHashIndexSize=101
[2025.07.17-02.14.52:907][  0]LogPakFile: PakFile FullDirectoryIndexSize=138
[2025.07.17-02.14.52:907][  0]LogShaderLibrary: Display: ShaderCodeLibraryPakFileMountedCallback: PakFile 'D:/UE4-Windows/UE_4.27/FeaturePacks/TP_Puzzle.upack' (chunk index -1, root 'root:/') mounted
[2025.07.17-02.14.52:907][  0]LogShaderLibrary: Display: ShaderCodeLibraryPakFileMountedCallback: pending pak file info (ChunkID:-1 Root:root:/ File:D:/UE4-Windows/UE_4.27/FeaturePacks/TP_Puzzle.upack)
[2025.07.17-02.14.52:907][  0]LogPakFile: OnPakFileMounted2Time == 0.000214
[2025.07.17-02.14.52:910][  0]LogPakFile: PakFile PrimaryIndexSize=184
[2025.07.17-02.14.52:910][  0]LogPakFile: PakFile PathHashIndexSize=101
[2025.07.17-02.14.52:910][  0]LogPakFile: PakFile FullDirectoryIndexSize=142
[2025.07.17-02.14.52:910][  0]LogShaderLibrary: Display: ShaderCodeLibraryPakFileMountedCallback: PakFile 'D:/UE4-Windows/UE_4.27/FeaturePacks/TP_PuzzleBP.upack' (chunk index -1, root 'root:/') mounted
[2025.07.17-02.14.52:911][  0]LogShaderLibrary: Display: ShaderCodeLibraryPakFileMountedCallback: pending pak file info (ChunkID:-1 Root:root:/ File:D:/UE4-Windows/UE_4.27/FeaturePacks/TP_PuzzleBP.upack)
[2025.07.17-02.14.52:911][  0]LogPakFile: OnPakFileMounted2Time == 0.000343
[2025.07.17-02.14.52:913][  0]LogPakFile: PakFile PrimaryIndexSize=183
[2025.07.17-02.14.52:913][  0]LogPakFile: PakFile PathHashIndexSize=101
[2025.07.17-02.14.52:914][  0]LogPakFile: PakFile FullDirectoryIndexSize=140
[2025.07.17-02.14.52:914][  0]LogShaderLibrary: Display: ShaderCodeLibraryPakFileMountedCallback: PakFile 'D:/UE4-Windows/UE_4.27/FeaturePacks/TP_Rolling.upack' (chunk index -1, root 'root:/') mounted
[2025.07.17-02.14.52:914][  0]LogShaderLibrary: Display: ShaderCodeLibraryPakFileMountedCallback: pending pak file info (ChunkID:-1 Root:root:/ File:D:/UE4-Windows/UE_4.27/FeaturePacks/TP_Rolling.upack)
[2025.07.17-02.14.52:914][  0]LogPakFile: OnPakFileMounted2Time == 0.000227
[2025.07.17-02.14.52:916][  0]LogPakFile: PakFile PrimaryIndexSize=185
[2025.07.17-02.14.52:917][  0]LogPakFile: PakFile PathHashIndexSize=101
[2025.07.17-02.14.52:917][  0]LogPakFile: PakFile FullDirectoryIndexSize=144
[2025.07.17-02.14.52:917][  0]LogShaderLibrary: Display: ShaderCodeLibraryPakFileMountedCallback: PakFile 'D:/UE4-Windows/UE_4.27/FeaturePacks/TP_RollingBP.upack' (chunk index -1, root 'root:/') mounted
[2025.07.17-02.14.52:917][  0]LogShaderLibrary: Display: ShaderCodeLibraryPakFileMountedCallback: pending pak file info (ChunkID:-1 Root:root:/ File:D:/UE4-Windows/UE_4.27/FeaturePacks/TP_RollingBP.upack)
[2025.07.17-02.14.52:917][  0]LogPakFile: OnPakFileMounted2Time == 0.000249
[2025.07.17-02.14.52:919][  0]LogPakFile: PakFile PrimaryIndexSize=188
[2025.07.17-02.14.52:919][  0]LogPakFile: PakFile PathHashIndexSize=101
[2025.07.17-02.14.52:919][  0]LogPakFile: PakFile FullDirectoryIndexSize=150
[2025.07.17-02.14.52:920][  0]LogShaderLibrary: Display: ShaderCodeLibraryPakFileMountedCallback: PakFile 'D:/UE4-Windows/UE_4.27/FeaturePacks/TP_SideScroller.upack' (chunk index -1, root 'root:/') mounted
[2025.07.17-02.14.52:920][  0]LogShaderLibrary: Display: ShaderCodeLibraryPakFileMountedCallback: pending pak file info (ChunkID:-1 Root:root:/ File:D:/UE4-Windows/UE_4.27/FeaturePacks/TP_SideScroller.upack)
[2025.07.17-02.14.52:920][  0]LogPakFile: OnPakFileMounted2Time == 0.000261
[2025.07.17-02.14.52:922][  0]LogPakFile: PakFile PrimaryIndexSize=190
[2025.07.17-02.14.52:923][  0]LogPakFile: PakFile PathHashIndexSize=101
[2025.07.17-02.14.52:923][  0]LogPakFile: PakFile FullDirectoryIndexSize=154
[2025.07.17-02.14.52:923][  0]LogShaderLibrary: Display: ShaderCodeLibraryPakFileMountedCallback: PakFile 'D:/UE4-Windows/UE_4.27/FeaturePacks/TP_SideScrollerBP.upack' (chunk index -1, root 'root:/') mounted
[2025.07.17-02.14.52:923][  0]LogShaderLibrary: Display: ShaderCodeLibraryPakFileMountedCallback: pending pak file info (ChunkID:-1 Root:root:/ File:D:/UE4-Windows/UE_4.27/FeaturePacks/TP_SideScrollerBP.upack)
[2025.07.17-02.14.52:923][  0]LogPakFile: OnPakFileMounted2Time == 0.000249
[2025.07.17-02.14.52:925][  0]LogPakFile: PakFile PrimaryIndexSize=187
[2025.07.17-02.14.52:925][  0]LogPakFile: PakFile PathHashIndexSize=101
[2025.07.17-02.14.52:925][  0]LogPakFile: PakFile FullDirectoryIndexSize=148
[2025.07.17-02.14.52:926][  0]LogShaderLibrary: Display: ShaderCodeLibraryPakFileMountedCallback: PakFile 'D:/UE4-Windows/UE_4.27/FeaturePacks/TP_ThirdPerson.upack' (chunk index -1, root 'root:/') mounted
[2025.07.17-02.14.52:926][  0]LogShaderLibrary: Display: ShaderCodeLibraryPakFileMountedCallback: pending pak file info (ChunkID:-1 Root:root:/ File:D:/UE4-Windows/UE_4.27/FeaturePacks/TP_ThirdPerson.upack)
[2025.07.17-02.14.52:926][  0]LogPakFile: OnPakFileMounted2Time == 0.000315
[2025.07.17-02.14.52:929][  0]LogPakFile: PakFile PrimaryIndexSize=189
[2025.07.17-02.14.52:929][  0]LogPakFile: PakFile PathHashIndexSize=101
[2025.07.17-02.14.52:929][  0]LogPakFile: PakFile FullDirectoryIndexSize=152
[2025.07.17-02.14.52:929][  0]LogShaderLibrary: Display: ShaderCodeLibraryPakFileMountedCallback: PakFile 'D:/UE4-Windows/UE_4.27/FeaturePacks/TP_ThirdPersonBP.upack' (chunk index -1, root 'root:/') mounted
[2025.07.17-02.14.52:929][  0]LogShaderLibrary: Display: ShaderCodeLibraryPakFileMountedCallback: pending pak file info (ChunkID:-1 Root:root:/ File:D:/UE4-Windows/UE_4.27/FeaturePacks/TP_ThirdPersonBP.upack)
[2025.07.17-02.14.52:930][  0]LogPakFile: OnPakFileMounted2Time == 0.000244
[2025.07.17-02.14.52:932][  0]LogPakFile: PakFile PrimaryIndexSize=183
[2025.07.17-02.14.52:932][  0]LogPakFile: PakFile PathHashIndexSize=101
[2025.07.17-02.14.52:932][  0]LogPakFile: PakFile FullDirectoryIndexSize=140
[2025.07.17-02.14.52:932][  0]LogShaderLibrary: Display: ShaderCodeLibraryPakFileMountedCallback: PakFile 'D:/UE4-Windows/UE_4.27/FeaturePacks/TP_TopDown.upack' (chunk index -1, root 'root:/') mounted
[2025.07.17-02.14.52:933][  0]LogShaderLibrary: Display: ShaderCodeLibraryPakFileMountedCallback: pending pak file info (ChunkID:-1 Root:root:/ File:D:/UE4-Windows/UE_4.27/FeaturePacks/TP_TopDown.upack)
[2025.07.17-02.14.52:933][  0]LogPakFile: OnPakFileMounted2Time == 0.000257
[2025.07.17-02.14.52:935][  0]LogPakFile: PakFile PrimaryIndexSize=185
[2025.07.17-02.14.52:935][  0]LogPakFile: PakFile PathHashIndexSize=101
[2025.07.17-02.14.52:935][  0]LogPakFile: PakFile FullDirectoryIndexSize=144
[2025.07.17-02.14.52:935][  0]LogShaderLibrary: Display: ShaderCodeLibraryPakFileMountedCallback: PakFile 'D:/UE4-Windows/UE_4.27/FeaturePacks/TP_TopDownBP.upack' (chunk index -1, root 'root:/') mounted
[2025.07.17-02.14.52:935][  0]LogShaderLibrary: Display: ShaderCodeLibraryPakFileMountedCallback: pending pak file info (ChunkID:-1 Root:root:/ File:D:/UE4-Windows/UE_4.27/FeaturePacks/TP_TopDownBP.upack)
[2025.07.17-02.14.52:935][  0]LogPakFile: OnPakFileMounted2Time == 0.000206
[2025.07.17-02.14.52:940][  0]LogPakFile: PakFile PrimaryIndexSize=185
[2025.07.17-02.14.52:940][  0]LogPakFile: PakFile PathHashIndexSize=101
[2025.07.17-02.14.52:940][  0]LogPakFile: PakFile FullDirectoryIndexSize=144
[2025.07.17-02.14.52:940][  0]LogShaderLibrary: Display: ShaderCodeLibraryPakFileMountedCallback: PakFile 'D:/UE4-Windows/UE_4.27/FeaturePacks/TP_TwinStick.upack' (chunk index -1, root 'root:/') mounted
[2025.07.17-02.14.52:940][  0]LogShaderLibrary: Display: ShaderCodeLibraryPakFileMountedCallback: pending pak file info (ChunkID:-1 Root:root:/ File:D:/UE4-Windows/UE_4.27/FeaturePacks/TP_TwinStick.upack)
[2025.07.17-02.14.52:940][  0]LogPakFile: OnPakFileMounted2Time == 0.000177
[2025.07.17-02.14.52:942][  0]LogPakFile: PakFile PrimaryIndexSize=187
[2025.07.17-02.14.52:942][  0]LogPakFile: PakFile PathHashIndexSize=101
[2025.07.17-02.14.52:943][  0]LogPakFile: PakFile FullDirectoryIndexSize=148
[2025.07.17-02.14.52:943][  0]LogShaderLibrary: Display: ShaderCodeLibraryPakFileMountedCallback: PakFile 'D:/UE4-Windows/UE_4.27/FeaturePacks/TP_TwinStickBP.upack' (chunk index -1, root 'root:/') mounted
[2025.07.17-02.14.52:943][  0]LogShaderLibrary: Display: ShaderCodeLibraryPakFileMountedCallback: pending pak file info (ChunkID:-1 Root:root:/ File:D:/UE4-Windows/UE_4.27/FeaturePacks/TP_TwinStickBP.upack)
[2025.07.17-02.14.52:943][  0]LogPakFile: OnPakFileMounted2Time == 0.000219
[2025.07.17-02.14.52:945][  0]LogPakFile: PakFile PrimaryIndexSize=183
[2025.07.17-02.14.52:945][  0]LogPakFile: PakFile PathHashIndexSize=101
[2025.07.17-02.14.52:945][  0]LogPakFile: PakFile FullDirectoryIndexSize=140
[2025.07.17-02.14.52:945][  0]LogShaderLibrary: Display: ShaderCodeLibraryPakFileMountedCallback: PakFile 'D:/UE4-Windows/UE_4.27/FeaturePacks/TP_Vehicle.upack' (chunk index -1, root 'root:/') mounted
[2025.07.17-02.14.52:945][  0]LogShaderLibrary: Display: ShaderCodeLibraryPakFileMountedCallback: pending pak file info (ChunkID:-1 Root:root:/ File:D:/UE4-Windows/UE_4.27/FeaturePacks/TP_Vehicle.upack)
[2025.07.17-02.14.52:946][  0]LogPakFile: OnPakFileMounted2Time == 0.000226
[2025.07.17-02.14.52:948][  0]LogPakFile: PakFile PrimaryIndexSize=186
[2025.07.17-02.14.52:948][  0]LogPakFile: PakFile PathHashIndexSize=101
[2025.07.17-02.14.52:948][  0]LogPakFile: PakFile FullDirectoryIndexSize=146
[2025.07.17-02.14.52:948][  0]LogShaderLibrary: Display: ShaderCodeLibraryPakFileMountedCallback: PakFile 'D:/UE4-Windows/UE_4.27/FeaturePacks/TP_VehicleAdv.upack' (chunk index -1, root 'root:/') mounted
[2025.07.17-02.14.52:948][  0]LogShaderLibrary: Display: ShaderCodeLibraryPakFileMountedCallback: pending pak file info (ChunkID:-1 Root:root:/ File:D:/UE4-Windows/UE_4.27/FeaturePacks/TP_VehicleAdv.upack)
[2025.07.17-02.14.52:948][  0]LogPakFile: OnPakFileMounted2Time == 0.000229
[2025.07.17-02.14.52:951][  0]LogPakFile: PakFile PrimaryIndexSize=188
[2025.07.17-02.14.52:951][  0]LogPakFile: PakFile PathHashIndexSize=101
[2025.07.17-02.14.52:951][  0]LogPakFile: PakFile FullDirectoryIndexSize=150
[2025.07.17-02.14.52:951][  0]LogShaderLibrary: Display: ShaderCodeLibraryPakFileMountedCallback: PakFile 'D:/UE4-Windows/UE_4.27/FeaturePacks/TP_VehicleAdvBP.upack' (chunk index -1, root 'root:/') mounted
[2025.07.17-02.14.52:951][  0]LogShaderLibrary: Display: ShaderCodeLibraryPakFileMountedCallback: pending pak file info (ChunkID:-1 Root:root:/ File:D:/UE4-Windows/UE_4.27/FeaturePacks/TP_VehicleAdvBP.upack)
[2025.07.17-02.14.52:951][  0]LogPakFile: OnPakFileMounted2Time == 0.000218
[2025.07.17-02.14.52:954][  0]LogPakFile: PakFile PrimaryIndexSize=185
[2025.07.17-02.14.52:954][  0]LogPakFile: PakFile PathHashIndexSize=101
[2025.07.17-02.14.52:954][  0]LogPakFile: PakFile FullDirectoryIndexSize=144
[2025.07.17-02.14.52:954][  0]LogShaderLibrary: Display: ShaderCodeLibraryPakFileMountedCallback: PakFile 'D:/UE4-Windows/UE_4.27/FeaturePacks/TP_VehicleBP.upack' (chunk index -1, root 'root:/') mounted
[2025.07.17-02.14.52:954][  0]LogShaderLibrary: Display: ShaderCodeLibraryPakFileMountedCallback: pending pak file info (ChunkID:-1 Root:root:/ File:D:/UE4-Windows/UE_4.27/FeaturePacks/TP_VehicleBP.upack)
[2025.07.17-02.14.52:954][  0]LogPakFile: OnPakFileMounted2Time == 0.000219
[2025.07.17-02.14.52:956][  0]LogPakFile: PakFile PrimaryIndexSize=192
[2025.07.17-02.14.52:957][  0]LogPakFile: PakFile PathHashIndexSize=101
[2025.07.17-02.14.52:957][  0]LogPakFile: PakFile FullDirectoryIndexSize=158
[2025.07.17-02.14.52:957][  0]LogShaderLibrary: Display: ShaderCodeLibraryPakFileMountedCallback: PakFile 'D:/UE4-Windows/UE_4.27/FeaturePacks/TP_VirtualRealityBP.upack' (chunk index -1, root 'root:/') mounted
[2025.07.17-02.14.52:957][  0]LogShaderLibrary: Display: ShaderCodeLibraryPakFileMountedCallback: pending pak file info (ChunkID:-1 Root:root:/ File:D:/UE4-Windows/UE_4.27/FeaturePacks/TP_VirtualRealityBP.upack)
[2025.07.17-02.14.52:957][  0]LogPakFile: OnPakFileMounted2Time == 0.000153
[2025.07.17-02.14.53:159][  0]LogNativeClassHierarchy: Verbose: Native class hierarchy updated for 'AddContentDialog' in 0.0008 seconds. Added 0 classes and 0 folders.
[2025.07.17-02.14.53:162][  0]LogNativeClassHierarchy: Verbose: Native class hierarchy updated for 'SceneOutliner' in 0.0007 seconds. Added 2 classes and 0 folders.
[2025.07.17-02.14.53:655][  0]LogSlate: Took 0.000395 seconds to synchronously load lazily loaded font '../../../Engine/Content/Slate/Fonts/Roboto-Regular.ttf' (155K)
[2025.07.17-02.14.53:659][  0]LogSlate: Took 0.000391 seconds to synchronously load lazily loaded font '../../../Engine/Content/Editor/Slate/Fonts/FontAwesome.ttf' (139K)
[2025.07.17-02.14.53:662][  0]LogSlate: Took 0.000400 seconds to synchronously load lazily loaded font '../../../Engine/Content/Slate/Fonts/Roboto-Bold.ttf' (160K)
[2025.07.17-02.14.54:005][  0]LogRenderer: Reallocating scene render targets to support 1208x572 Format 10 NumSamples 1 (Frame:1).
[2025.07.17-02.14.54:223][  0]LogSlate: Took 0.000529 seconds to synchronously load lazily loaded font '../../../Engine/Content/Slate/Fonts/Roboto-Light.ttf' (167K)
[2025.07.17-02.14.54:886][  0]LogNativeClassHierarchy: Verbose: Native class hierarchy updated for 'HierarchicalLODOutliner' in 0.0009 seconds. Added 0 classes and 0 folders.
[2025.07.17-02.14.54:886][  0]LogInput: Warning: Action Jump uses invalid key OculusGo_Left_Trigger_Click.
[2025.07.17-02.14.54:887][  0]LogInput: Warning: Action ResetVR uses invalid key OculusGo_Left_Trackpad_Click.
[2025.07.17-02.14.54:887][  0]LogInput: Warning: Use -RemoveInvalidKeys to remove instances of these keys from the action mapping.
[2025.07.17-02.14.54:887][  0]LogLoad: (Engine Initialization) Total time: 15.78 seconds
[2025.07.17-02.14.54:887][  0]LogLoad: (Engine Initialization) Total Blueprint compile time: 0.00 seconds
[2025.07.17-02.14.54:946][  0]LogEditorViewport: Clicking on Actor (LMB): StaticMeshActor (Wall7)
[2025.07.17-02.14.55:209][  0]LogContentStreaming: Texture pool size now 1000 MB
[2025.07.17-02.14.55:711][  2]LogAssetRegistry: Asset discovery search completed in 10.9424 seconds
[2025.07.17-02.14.55:734][  2]LogCollectionManager: Fixed up redirectors for 0 collections in 0.000010 seconds (updated 0 objects)
[2025.07.17-02.15.07:520][224]LogTexture: Display: Building textures: T_GoodSky_SkyRing (OODLE_AutoDXT, 256X256)
[2025.07.17-02.15.07:520][224]LogTexture: Display: Building textures: T_GoodSky_Moon (OODLE_AutoDXT, 512X512)
[2025.07.17-02.15.07:520][224]LogTexture: Display: Building textures: T_GoodSky_clouds_A (OODLE_AutoDXT, 2048X512)
[2025.07.17-02.15.07:520][224]LogTexture: Display: Building textures: T_GoodSky_clouds_E (OODLE_AutoDXT, 2048X512)
[2025.07.17-02.15.07:520][224]LogTexture: Display: Building textures: T_GoodSky_clouds_F (OODLE_AutoDXT, 2048X512)
[2025.07.17-02.15.07:521][224]LogTexture: Display: Building textures: T_GoodSky_clouds_D (OODLE_AutoDXT, 2048X512)
[2025.07.17-02.15.07:521][224]LogTextureFormatOodle: Display: non-RDO encode 2048 x 512 x 1 to format OODLE_AutoDXT (Oodle OodleTex_BC1_WithTransparency) lambda=0 effort=20 
[2025.07.17-02.15.07:521][224]LogTextureFormatOodle: Display: non-RDO encode 2048 x 512 x 1 to format OODLE_AutoDXT (Oodle OodleTex_BC1_WithTransparency) lambda=0 effort=20 
[2025.07.17-02.15.07:521][224]LogTextureFormatOodle: Display: non-RDO encode 2048 x 512 x 1 to format OODLE_AutoDXT (Oodle OodleTex_BC1_WithTransparency) lambda=0 effort=20 
[2025.07.17-02.15.07:521][224]LogTexture: Display: Building textures: T_GoodSky_clouds_C (OODLE_AutoDXT, 2048X512)
[2025.07.17-02.15.07:521][224]LogTextureFormatOodle: Display: non-RDO encode 1024 x 256 x 1 to format OODLE_AutoDXT (Oodle OodleTex_BC1_WithTransparency) lambda=0 effort=20 
[2025.07.17-02.15.07:521][224]LogTextureFormatOodle: Display: non-RDO encode 1024 x 256 x 1 to format OODLE_AutoDXT (Oodle OodleTex_BC1_WithTransparency) lambda=0 effort=20 
[2025.07.17-02.15.07:521][224]LogTextureFormatOodle: Display: non-RDO encode 2048 x 512 x 1 to format OODLE_AutoDXT (Oodle OodleTex_BC1_WithTransparency) lambda=0 effort=20 
[2025.07.17-02.15.07:521][224]LogTexture: Display: Building textures: T_GoodSky_clouds_sphere (OODLE_AutoDXT, 2048X2048)
[2025.07.17-02.15.07:522][224]LogTextureFormatOodle: Display: non-RDO encode 2048 x 2048 x 1 to format OODLE_AutoDXT (Oodle OodleTex_BC1_WithTransparency) lambda=0 effort=20 
[2025.07.17-02.15.07:522][224]LogTextureFormatOodle: Display: non-RDO encode 1024 x 256 x 1 to format OODLE_AutoDXT (Oodle OodleTex_BC1_WithTransparency) lambda=0 effort=20 
[2025.07.17-02.15.07:522][224]LogTextureFormatOodle: Display: non-RDO encode 2048 x 512 x 1 to format OODLE_AutoDXT (Oodle OodleTex_BC1_WithTransparency) lambda=0 effort=20 
[2025.07.17-02.15.07:522][224]LogTexture: Display: Building textures: T_GoodSky_clouds_B (OODLE_AutoDXT, 2048X512)
[2025.07.17-02.15.07:522][224]LogTextureFormatOodle: Display: non-RDO encode 1024 x 256 x 1 to format OODLE_AutoDXT (Oodle OodleTex_BC1_WithTransparency) lambda=0 effort=20 
[2025.07.17-02.15.07:522][224]LogTextureFormatOodle: Display: non-RDO encode 1024 x 256 x 1 to format OODLE_AutoDXT (Oodle OodleTex_BC1_WithTransparency) lambda=0 effort=20 
[2025.07.17-02.15.07:522][224]LogTexture: Display: Building textures: T_GoodSky_noise_smooth (OODLE_AutoDXT, 512X512)
[2025.07.17-02.15.07:522][224]LogTextureFormatOodle: Display: non-RDO encode 2048 x 512 x 1 to format OODLE_AutoDXT (Oodle OodleTex_BC1_WithTransparency) lambda=0 effort=20 
[2025.07.17-02.15.07:522][224]LogTexture: Display: Building textures: T_GoodSky_Lightning (OODLE_AutoDXT, 1024X1024)
[2025.07.17-02.15.07:522][224]LogTextureFormatOodle: Display: non-RDO encode 1024 x 256 x 1 to format OODLE_AutoDXT (Oodle OodleTex_BC1_WithTransparency) lambda=0 effort=20 
[2025.07.17-02.15.07:523][224]LogTextureFormatOodle: Display: non-RDO encode 1024 x 1024 x 1 to format OODLE_AutoDXT (Oodle OodleTex_BC1_WithTransparency) lambda=0 effort=20 
[2025.07.17-02.15.07:523][224]LogStaticMesh: Building static mesh SM_GoodSky_Sphere...
[2025.07.17-02.15.07:540][224]LogSlate: Took 0.000592 seconds to synchronously load lazily loaded font '../../../Engine/Content/Slate/Fonts/Roboto-Light.ttf' (167K)
[2025.07.17-02.15.07:672][224]LogStaticMesh: Built static mesh [0.15s] /Game/GoodSky/Source/Mesh/SM_GoodSky_Sphere.SM_GoodSky_Sphere
[2025.07.17-02.15.07:725][224]LogStaticMesh: Building static mesh SM_GoodSky_StarMesh...
[2025.07.17-02.15.07:784][224]LogStaticMesh: Built static mesh [0.06s] /Game/GoodSky/Source/ArrowTool/SM_GoodSky_StarMesh.SM_GoodSky_StarMesh
[2025.07.17-02.15.07:900][224]LogMaterial: Display: Missing cached shadermap for M_GoodSky_Sun_Emissive in PCD3D_SM5, Default, SM5 (DDC key hash: A10AC55017A923C7663FC151D41E2920CA76C994), compiling. 
[2025.07.17-02.15.07:964][224]LogShaderCompilers: Display: Submitted 12 shader compile jobs with 'Low' priority
[2025.07.17-02.15.07:969][224]LogMaterial: Display: Missing cached shadermap for M_GoodSky_Base in PCD3D_SM5, Default, SM5 (DDC key hash: BE7650161C428B59B5EFBA43D45FAFB9374488AA), compiling. 
[2025.07.17-02.15.07:994][224]LogShaderCompilers: Display: Submitted 6 shader compile jobs with 'Low' priority
[2025.07.17-02.15.07:998][224]LogMaterial: Display: Missing cached shadermap for M_GoodSky_SkyRing_ in PCD3D_SM5, Default, SM5 (DDC key hash: CBC08711775E58FE5650ADB34C90A72847859404), compiling. 
[2025.07.17-02.15.08:167][224]LogShaderCompilers: Display: Submitted 26 shader compile jobs with 'Low' priority
[2025.07.17-02.15.08:171][224]LogMaterial: Display: Missing cached shadermap for M_GoodSky_Moon in PCD3D_SM5, Default, SM5 (DDC key hash: 37BF736D05A8E83E00844FD88E77A709761E6A47), compiling. 
[2025.07.17-02.15.08:200][224]LogShaderCompilers: Display: Submitted 6 shader compile jobs with 'Low' priority
[2025.07.17-02.15.08:211][224]LogMaterial: Display: Missing cached shadermap for M_GoodSky_Storm in PCD3D_SM5, Default, SM5 (DDC key hash: 6AFC3E2A53D37BEB852385118F3318FE3BB472ED), compiling. 
[2025.07.17-02.15.08:242][224]LogShaderCompilers: Display: Submitted 6 shader compile jobs with 'Low' priority
[2025.07.17-02.15.08:248][224]LogMaterial: Display: Missing cached shadermap for M_GoodSky_Sun_Stars in PCD3D_SM5, Default, SM5 (DDC key hash: 5F6913C6B651D6B760BFF8FF5A95C8B601593B45), compiling. 
[2025.07.17-02.15.08:279][224]LogShaderCompilers: Display: Submitted 6 shader compile jobs with 'Low' priority
[2025.07.17-02.15.08:286][224]LogMaterial: Display: Missing cached shadermap for M_GoodSky_Sun_Stars_Moon in PCD3D_SM5, Default, SM5 (DDC key hash: 8C8B6F7A0C8ADD9200E310D63164CED818219F5E), compiling. 
[2025.07.17-02.15.08:323][224]LogShaderCompilers: Display: Submitted 6 shader compile jobs with 'Low' priority
[2025.07.17-02.15.08:389][224]LogStaticMesh: Building static mesh SM_GoodSky_Hemisphere...
[2025.07.17-02.15.08:469][224]LogStaticMesh: Built static mesh [0.08s] /Game/GoodSky/Source/Mesh/SM_GoodSky_Hemisphere.SM_GoodSky_Hemisphere
[2025.07.17-02.15.11:513][298]LogShaderCompilers: Display: Worker (4/5): shaders left to compile 14
[2025.07.17-02.15.11:513][298]LogShaderCompilers: Display: Started 4 'Local' shader compile jobs with 'ForceLocal' priority
[2025.07.17-02.15.12:833][340]LogShaderCompilers: Display: Worker (1/5): shaders left to compile 10
[2025.07.17-02.15.12:833][340]LogShaderCompilers: Display: Started 3 'Local' shader compile jobs with 'ForceLocal' priority
[2025.07.17-02.15.13:652][379]LogShaderCompilers: Display: Worker (2/5): shaders left to compile 7
[2025.07.17-02.15.13:652][379]LogShaderCompilers: Display: Started 2 'Local' shader compile jobs with 'ForceLocal' priority
[2025.07.17-02.15.14:210][404]LogShaderCompilers: Display: Worker (3/5): shaders left to compile 5
[2025.07.17-02.15.14:210][404]LogShaderCompilers: Display: Started 2 'Local' shader compile jobs with 'ForceLocal' priority
[2025.07.17-02.15.15:528][462]LogShaderCompilers: Display: Worker (2/5): shaders left to compile 3
[2025.07.17-02.15.15:528][462]LogShaderCompilers: Display: Started 1 'Local' shader compile jobs with 'ForceLocal' priority
[2025.07.17-02.15.17:083][516]LogShaderCompilers: Display: Worker (2/5): shaders left to compile 2
[2025.07.17-02.15.17:083][516]LogShaderCompilers: Display: Started 1 'Local' shader compile jobs with 'ForceLocal' priority
[2025.07.17-02.15.17:389][528]LogShaderCompilers: Display: Worker (3/5): shaders left to compile 1
[2025.07.17-02.15.17:389][528]LogShaderCompilers: Display: Started 1 'Local' shader compile jobs with 'ForceLocal' priority
[2025.07.17-02.15.18:070][538]LogShaderCompilers: Display: Worker (1/5): shaders left to compile 36
[2025.07.17-02.15.18:070][538]LogShaderCompilers: Display: Started 10 'Local' shader compile jobs with 'Normal' priority
[2025.07.17-02.15.18:420][546]LogShaderCompilers: Display: Worker (2/5): shaders left to compile 26
[2025.07.17-02.15.18:420][546]LogShaderCompilers: Display: Started 7 'Local' shader compile jobs with 'Normal' priority
[2025.07.17-02.15.19:583][575]LogShaderCompilers: Display: Worker (4/5): shaders left to compile 19
[2025.07.17-02.15.19:583][575]LogShaderCompilers: Display: Started 5 'Local' shader compile jobs with 'Normal' priority
[2025.07.17-02.15.19:822][579]LogShaderCompilers: Display: Worker (3/5): shaders left to compile 14
[2025.07.17-02.15.19:823][579]LogShaderCompilers: Display: Started 4 'Local' shader compile jobs with 'Normal' priority
[2025.07.17-02.15.20:441][589]LogSlate: Took 0.018739 seconds to synchronously load lazily loaded font '../../../Engine/Content/Slate/Fonts/DroidSansFallback.ttf' (3848K)
[2025.07.17-02.15.23:207][670]LogShaderCompilers: Display: Worker (3/5): shaders left to compile 10
[2025.07.17-02.15.23:207][670]LogShaderCompilers: Display: Started 3 'Local' shader compile jobs with 'Normal' priority
[2025.07.17-02.15.27:456][750]LogShaderCompilers: Display: Worker (2/5): shaders left to compile 7
[2025.07.17-02.15.27:456][750]LogShaderCompilers: Display: Started 2 'Local' shader compile jobs with 'Normal' priority
[2025.07.17-02.15.28:152][763]LogShaderCompilers: Display: Worker (3/5): shaders left to compile 5
[2025.07.17-02.15.28:152][763]LogShaderCompilers: Display: Started 2 'Local' shader compile jobs with 'Normal' priority
[2025.07.17-02.15.28:299][766]LogShaderCompilers: Display: Worker (4/5): shaders left to compile 3
[2025.07.17-02.15.28:301][766]LogShaderCompilers: Display: Started 1 'Local' shader compile jobs with 'Normal' priority
[2025.07.17-02.15.29:637][791]LogShaderCompilers: Display: Worker (4/5): shaders left to compile 2
[2025.07.17-02.15.29:637][791]LogShaderCompilers: Display: Started 1 'Local' shader compile jobs with 'Normal' priority
[2025.07.17-02.15.29:831][795]LogShaderCompilers: Display: Worker (2/5): shaders left to compile 1
[2025.07.17-02.15.29:832][795]LogShaderCompilers: Display: Started 1 'Local' shader compile jobs with 'Normal' priority
[2025.07.17-02.15.30:109][801]LogEditorViewport: Clicking on Actor (LMB): BP_GoodSky_C (BP_GoodSky)
[2025.07.17-02.15.30:778][816]LogShaderCompilers: Display: Worker (3/5): shaders left to compile 18
[2025.07.17-02.15.30:778][816]LogShaderCompilers: Display: Started 5 'Local' shader compile jobs with 'Low' priority
[2025.07.17-02.15.30:902][818]LogShaderCompilers: Display: Worker (1/5): shaders left to compile 13
[2025.07.17-02.15.30:902][818]LogShaderCompilers: Display: Started 4 'Local' shader compile jobs with 'Low' priority
[2025.07.17-02.15.31:262][827]LogShaderCompilers: Display: Worker (2/5): shaders left to compile 9
[2025.07.17-02.15.31:262][827]LogShaderCompilers: Display: Started 3 'Local' shader compile jobs with 'Low' priority
[2025.07.17-02.15.31:276][827]LogShaderCompilers: Display: Worker (4/5): shaders left to compile 6
[2025.07.17-02.15.31:277][827]LogShaderCompilers: Display: Started 2 'Local' shader compile jobs with 'Low' priority
[2025.07.17-02.15.34:795][935]LogShaderCompilers: Display: Worker (4/5): shaders left to compile 4
[2025.07.17-02.15.34:795][935]LogShaderCompilers: Display: Started 2 'Local' shader compile jobs with 'Low' priority
[2025.07.17-02.15.35:497][956]LogEditorViewport: Clicking on Actor (LMB): BP_GoodSky_C (BP_GoodSky)
[2025.07.17-02.15.37:605][ 43]LogShaderCompilers: Display: Worker (4/5): shaders left to compile 2
[2025.07.17-02.15.37:607][ 43]LogShaderCompilers: Display: Started 1 'Local' shader compile jobs with 'Low' priority
[2025.07.17-02.15.38:710][ 93]LogEditorViewport: Clicking on Actor (LMB): BP_Sky_Sphere_C (SkySphereBlueprint)
[2025.07.17-02.15.38:918][ 96]LogShaderCompilers: Display: Worker (1/5): shaders left to compile 1
[2025.07.17-02.15.38:919][ 96]LogShaderCompilers: Display: Started 1 'Local' shader compile jobs with 'Low' priority
[2025.07.17-02.15.39:521][122]LogEditorViewport: Clicking on Actor (LMB): BP_Sky_Sphere_C (SkySphereBlueprint)
[2025.07.17-02.15.45:800][454]LogEditorViewport: Clicking on Actor (LMB): BP_GoodSky_C (BP_GoodSky)
[2025.07.17-02.15.46:350][482]LogEditorViewport: Clicking on Actor (LMB): BP_Sky_Sphere_C (SkySphereBlueprint)
[2025.07.17-02.16.00:623][736]Cmd: DELETE
[2025.07.17-02.16.00:623][736]Cmd: ACTOR DELETE
[2025.07.17-02.16.00:647][736]LogEditorActor: Deleted Actor: BP_Sky_Sphere_C
[2025.07.17-02.16.00:683][736]LogUObjectHash: Compacting FUObjectHashTables data took   2.02ms
[2025.07.17-02.16.00:687][736]LogEditorActor: Deleted 1 Actors (0.063 secs)
[2025.07.17-02.16.06:610][ 89]LogEditorViewport: Clicking on Actor (LMB): BP_GoodSky_C (BP_GoodSky)
[2025.07.17-02.17.00:359][680]LogSlate: Took 0.000250 seconds to synchronously load lazily loaded font '../../../Engine/Content/Slate/Fonts/Roboto-Italic.ttf' (157K)
[2025.07.17-02.17.11:562][331]LogTemp: Repeating last play command: Selected Viewport
[2025.07.17-02.17.11:589][331]LogPlayLevel: PlayLevel: No blueprints needed recompiling
[2025.07.17-02.17.11:590][331]PIE: New page: PIE session: ThirdPersonExampleMap (Jul 16, 2025, 8:17:11 PM)
[2025.07.17-02.17.11:592][331]LogOnline: OSS: Creating online subsystem instance for: NULL
[2025.07.17-02.17.11:593][331]LogOnline: OSS: TryLoadSubsystemAndSetDefault: Loaded subsystem for module [NULL]
[2025.07.17-02.17.11:594][331]LogPlayLevel: Creating play world package: /Game/ThirdPersonBP/Maps/UEDPIE_0_ThirdPersonExampleMap
[2025.07.17-02.17.11:620][331]LogPlayLevel: PIE: StaticDuplicateObject took: (0.026713s)
[2025.07.17-02.17.11:623][331]LogAIModule: Creating AISystem for world ThirdPersonExampleMap
[2025.07.17-02.17.11:623][331]LogPlayLevel: PIE: World Init took: (0.002697s)
[2025.07.17-02.17.11:623][331]LogPlayLevel: PIE: Created PIE world by copying editor world from /Game/ThirdPersonBP/Maps/ThirdPersonExampleMap.ThirdPersonExampleMap to /Game/ThirdPersonBP/Maps/UEDPIE_0_ThirdPersonExampleMap.ThirdPersonExampleMap (0.029763s)
[2025.07.17-02.17.11:661][331]LogUObjectHash: Compacting FUObjectHashTables data took   1.39ms
[2025.07.17-02.17.11:663][331]LogAudio: Display: Creating Audio Device:                 Id: 2, Scope: Unique, Realtime: True
[2025.07.17-02.17.11:663][331]LogAudioMixer: Display: Audio Mixer Platform Settings:
[2025.07.17-02.17.11:663][331]LogAudioMixer: Display: 	Sample Rate:						  48000
[2025.07.17-02.17.11:663][331]LogAudioMixer: Display: 	Callback Buffer Frame Size Requested: 1024
[2025.07.17-02.17.11:663][331]LogAudioMixer: Display: 	Callback Buffer Frame Size To Use:	  1024
[2025.07.17-02.17.11:663][331]LogAudioMixer: Display: 	Number of buffers to queue:			  2
[2025.07.17-02.17.11:663][331]LogAudioMixer: Display: 	Max Channels (voices):				  32
[2025.07.17-02.17.11:663][331]LogAudioMixer: Display: 	Number of Async Source Workers:		  0
[2025.07.17-02.17.11:663][331]LogAudio: Display: AudioDevice MaxSources: 32
[2025.07.17-02.17.11:664][331]LogAudio: Display: Audio Spatialization Plugin: None (built-in).
[2025.07.17-02.17.11:664][331]LogAudio: Display: Audio Reverb Plugin: None (built-in).
[2025.07.17-02.17.11:664][331]LogAudio: Display: Audio Occlusion Plugin: None (built-in).
[2025.07.17-02.17.11:664][331]LogAudioMixer: Display: Initializing audio mixer.
[2025.07.17-02.17.11:672][331]LogAudioMixer: Display: 0: FrontLeft
[2025.07.17-02.17.11:672][331]LogAudioMixer: Display: 1: FrontRight
[2025.07.17-02.17.11:690][331]LogAudioMixer: Display: Using Audio Device Headphones (SOUNDPEATS Mini HS Stereo)
[2025.07.17-02.17.11:691][331]LogAudioMixer: Display: Initializing Sound Submixes...
[2025.07.17-02.17.11:691][331]LogAudioMixer: Display: Creating Master Submix 'MasterSubmixDefault'
[2025.07.17-02.17.11:691][331]LogAudioMixer: Display: Creating Master Submix 'MasterReverbSubmixDefault'
[2025.07.17-02.17.11:692][331]LogAudioMixer: Display: Creating Master Submix 'MasterEQSubmixDefault'
[2025.07.17-02.17.11:692][331]LogAudioMixer: FMixerPlatformXAudio2::StartAudioStream() called
[2025.07.17-02.17.11:692][331]LogAudioMixer: Display: Output buffers initialized: Frames=1024, Channels=2, Samples=2048
[2025.07.17-02.17.11:693][331]LogAudioMixer: Display: Starting AudioMixerPlatformInterface::RunInternal()
[2025.07.17-02.17.11:693][331]LogAudioMixer: Display: FMixerPlatformXAudio2::SubmitBuffer() called for the first time
[2025.07.17-02.17.11:693][331]LogInit: FAudioDevice initialized.
[2025.07.17-02.17.11:693][331]LogAudio: Display: Audio Device (ID: 2) registered with world 'ThirdPersonExampleMap'.
[2025.07.17-02.17.11:709][331]LogLoad: Game class is 'ReglasJuego_C'
[2025.07.17-02.17.11:717][331]LogWorld: Bringing World /Game/ThirdPersonBP/Maps/UEDPIE_0_ThirdPersonExampleMap.ThirdPersonExampleMap up for play (max tick rate 60) at 2025.07.16-23.17.11
[2025.07.17-02.17.11:717][331]LogWorld: Bringing up level for play took: 0.007767
[2025.07.17-02.17.11:717][331]LogOnline: OSS: Creating online subsystem instance for: :Context_20
[2025.07.17-02.17.11:721][331]LogNativeClassHierarchy: Verbose: Native class hierarchy updated for 'MovieSceneCapture' in 0.0004 seconds. Added 20 classes and 0 folders.
[2025.07.17-02.17.11:722][331]LogBlueprintUserMessages: [plataforma_2] Buenas buenas!
[2025.07.17-02.17.11:726][331]PIE: Server logged in
[2025.07.17-02.17.11:728][331]PIE: Play in editor total start time 0.155 seconds.
[2025.07.17-02.17.13:777][451]LogBlueprintUserMessages: [bala_C_1] El peoncito perdio 10 de vida!!!!
[2025.07.17-02.17.14:021][462]LogSlate: Updating window title bar state: overlay mode, drag disabled, window buttons hidden, title bar hidden
[2025.07.17-02.17.14:021][462]LogWorld: BeginTearingDown for /Game/ThirdPersonBP/Maps/UEDPIE_0_ThirdPersonExampleMap
[2025.07.17-02.17.14:022][462]LogWorld: UWorld::CleanupWorld for ThirdPersonExampleMap, bSessionEnded=true, bCleanupResources=true
[2025.07.17-02.17.14:023][462]LogSlate: InvalidateAllWidgets triggered.  All widgets were invalidated
[2025.07.17-02.17.14:036][462]LogPlayLevel: Display: Shutting down PIE online subsystems
[2025.07.17-02.17.14:046][462]LogSlate: InvalidateAllWidgets triggered.  All widgets were invalidated
[2025.07.17-02.17.14:054][462]LogAudio: Display: Audio Device unregistered from world 'None'.
[2025.07.17-02.17.14:054][462]LogAudioMixer: FMixerPlatformXAudio2::StopAudioStream() called
[2025.07.17-02.17.14:056][462]LogAudioMixer: FMixerPlatformXAudio2::StopAudioStream() called
[2025.07.17-02.17.14:058][462]LogSlate: Updating window title bar state: overlay mode, drag disabled, window buttons hidden, title bar hidden
[2025.07.17-02.17.14:060][462]LogUObjectHash: Compacting FUObjectHashTables data took   0.78ms
[2025.07.17-02.17.14:091][463]LogPlayLevel: Display: Destroying online subsystem :Context_20
[2025.07.17-02.17.36:723][718]LogTemp: Repeating last play command: Selected Viewport
[2025.07.17-02.17.36:744][718]LogPlayLevel: PlayLevel: No blueprints needed recompiling
[2025.07.17-02.17.36:744][718]PIE: New page: PIE session: ThirdPersonExampleMap (Jul 16, 2025, 8:17:36 PM)
[2025.07.17-02.17.36:745][718]LogPlayLevel: Creating play world package: /Game/ThirdPersonBP/Maps/UEDPIE_0_ThirdPersonExampleMap
[2025.07.17-02.17.36:769][718]LogPlayLevel: PIE: StaticDuplicateObject took: (0.023842s)
[2025.07.17-02.17.36:770][718]LogAIModule: Creating AISystem for world ThirdPersonExampleMap
[2025.07.17-02.17.36:770][718]LogPlayLevel: PIE: World Init took: (0.001502s)
[2025.07.17-02.17.36:770][718]LogPlayLevel: PIE: Created PIE world by copying editor world from /Game/ThirdPersonBP/Maps/ThirdPersonExampleMap.ThirdPersonExampleMap to /Game/ThirdPersonBP/Maps/UEDPIE_0_ThirdPersonExampleMap.ThirdPersonExampleMap (0.025603s)
[2025.07.17-02.17.36:811][718]LogUObjectHash: Compacting FUObjectHashTables data took   1.59ms
[2025.07.17-02.17.36:813][718]LogAudio: Display: Creating Audio Device:                 Id: 3, Scope: Unique, Realtime: True
[2025.07.17-02.17.36:813][718]LogAudioMixer: Display: Audio Mixer Platform Settings:
[2025.07.17-02.17.36:813][718]LogAudioMixer: Display: 	Sample Rate:						  48000
[2025.07.17-02.17.36:813][718]LogAudioMixer: Display: 	Callback Buffer Frame Size Requested: 1024
[2025.07.17-02.17.36:813][718]LogAudioMixer: Display: 	Callback Buffer Frame Size To Use:	  1024
[2025.07.17-02.17.36:813][718]LogAudioMixer: Display: 	Number of buffers to queue:			  2
[2025.07.17-02.17.36:814][718]LogAudioMixer: Display: 	Max Channels (voices):				  32
[2025.07.17-02.17.36:814][718]LogAudioMixer: Display: 	Number of Async Source Workers:		  0
[2025.07.17-02.17.36:814][718]LogAudio: Display: AudioDevice MaxSources: 32
[2025.07.17-02.17.36:814][718]LogAudio: Display: Audio Spatialization Plugin: None (built-in).
[2025.07.17-02.17.36:814][718]LogAudio: Display: Audio Reverb Plugin: None (built-in).
[2025.07.17-02.17.36:814][718]LogAudio: Display: Audio Occlusion Plugin: None (built-in).
[2025.07.17-02.17.36:814][718]LogAudioMixer: Display: Initializing audio mixer.
[2025.07.17-02.17.36:822][718]LogAudioMixer: Display: 0: FrontLeft
[2025.07.17-02.17.36:822][718]LogAudioMixer: Display: 1: FrontRight
[2025.07.17-02.17.36:841][718]LogAudioMixer: Display: Using Audio Device Headphones (SOUNDPEATS Mini HS Stereo)
[2025.07.17-02.17.36:842][718]LogAudioMixer: Display: Initializing Sound Submixes...
[2025.07.17-02.17.36:842][718]LogAudioMixer: Display: Creating Master Submix 'MasterSubmixDefault'
[2025.07.17-02.17.36:842][718]LogAudioMixer: Display: Creating Master Submix 'MasterReverbSubmixDefault'
[2025.07.17-02.17.36:842][718]LogAudioMixer: Display: Creating Master Submix 'MasterEQSubmixDefault'
[2025.07.17-02.17.36:842][718]LogAudioMixer: FMixerPlatformXAudio2::StartAudioStream() called
[2025.07.17-02.17.36:842][718]LogAudioMixer: Display: Output buffers initialized: Frames=1024, Channels=2, Samples=2048
[2025.07.17-02.17.36:844][718]LogAudioMixer: Display: Starting AudioMixerPlatformInterface::RunInternal()
[2025.07.17-02.17.36:844][718]LogAudioMixer: Display: FMixerPlatformXAudio2::SubmitBuffer() called for the first time
[2025.07.17-02.17.36:844][718]LogInit: FAudioDevice initialized.
[2025.07.17-02.17.36:844][718]LogAudio: Display: Audio Device (ID: 3) registered with world 'ThirdPersonExampleMap'.
[2025.07.17-02.17.36:853][718]LogLoad: Game class is 'ReglasJuego_C'
[2025.07.17-02.17.36:863][718]LogWorld: Bringing World /Game/ThirdPersonBP/Maps/UEDPIE_0_ThirdPersonExampleMap.ThirdPersonExampleMap up for play (max tick rate 60) at 2025.07.16-23.17.36
[2025.07.17-02.17.36:863][718]LogWorld: Bringing up level for play took: 0.009353
[2025.07.17-02.17.36:863][718]LogOnline: OSS: Creating online subsystem instance for: :Context_21
[2025.07.17-02.17.36:867][718]LogBlueprintUserMessages: [plataforma_2] Buenas buenas!
[2025.07.17-02.17.36:870][718]PIE: Server logged in
[2025.07.17-02.17.36:871][718]PIE: Play in editor total start time 0.138 seconds.
[2025.07.17-02.17.39:567][876]LogBlueprintUserMessages: [bala_C_0] El peoncito perdio 10 de vida!!!!
[2025.07.17-02.17.42:730][ 65]LogBlueprintUserMessages: [bala_C_13] Le reste 25 al bad fella
[2025.07.17-02.17.42:730][ 65]LogBlueprintUserMessages: [bala_C_14] Le reste 25 al bad fella
[2025.07.17-02.17.43:944][138]LogBlueprintUserMessages: [bala_C_7] Le reste 25 a la torreta
[2025.07.17-02.17.43:944][138]LogBlueprintUserMessages: [Torreta3_2] algo me ataveso!
[2025.07.17-02.17.45:728][245]LogBlueprintUserMessages: [bala_C_21] Le reste 25 al bad fella
[2025.07.17-02.17.47:078][326]LogBlueprintUserMessages: [ReglasJuego_C_0] El puntaje subio!
[2025.07.17-02.17.47:078][326]LogBlueprintUserMessages: [ReglasJuego_C_0] 2
[2025.07.17-02.17.48:758][422]LogSlate: Updating window title bar state: overlay mode, drag disabled, window buttons hidden, title bar hidden
[2025.07.17-02.17.48:758][422]LogWorld: BeginTearingDown for /Game/ThirdPersonBP/Maps/UEDPIE_0_ThirdPersonExampleMap
[2025.07.17-02.17.48:759][422]LogWorld: UWorld::CleanupWorld for ThirdPersonExampleMap, bSessionEnded=true, bCleanupResources=true
[2025.07.17-02.17.48:762][422]LogSlate: InvalidateAllWidgets triggered.  All widgets were invalidated
[2025.07.17-02.17.48:779][422]LogPlayLevel: Display: Shutting down PIE online subsystems
[2025.07.17-02.17.48:801][422]LogSlate: InvalidateAllWidgets triggered.  All widgets were invalidated
[2025.07.17-02.17.48:811][422]LogAudio: Display: Audio Device unregistered from world 'None'.
[2025.07.17-02.17.48:811][422]LogAudioMixer: FMixerPlatformXAudio2::StopAudioStream() called
[2025.07.17-02.17.48:812][422]LogAudioMixer: FMixerPlatformXAudio2::StopAudioStream() called
[2025.07.17-02.17.48:815][422]LogSlate: Updating window title bar state: overlay mode, drag disabled, window buttons hidden, title bar hidden
[2025.07.17-02.17.48:818][422]LogUObjectHash: Compacting FUObjectHashTables data took   0.86ms
[2025.07.17-02.17.48:854][423]LogPlayLevel: Display: Destroying online subsystem :Context_21
[2025.07.17-02.18.01:922][693]LogEditorViewport: Clicking on Actor (LMB): StaticMeshActor (RightArm_StaticMesh)
[2025.07.17-02.18.43:203][898]LogUObjectHash: Compacting FUObjectHashTables data took   1.45ms
[2025.07.17-02.18.43:288][898]LogSavePackage: Moving '../../../../../UTN-e-learning/Unreal-Engine/Unreal-Projects/TP_PreEntrega/Saved/ThirdPersonExampleMap976E5F144F406FD359C0CF89399AAEDF.tmp' to '../../../../../UTN-e-learning/Unreal-Engine/Unreal-Projects/TP_PreEntrega/Content/ThirdPersonBP/Maps/ThirdPersonExampleMap.umap'
[2025.07.17-02.18.43:559][898]LogSavePackage: Moving '../../../../../UTN-e-learning/Unreal-Engine/Unreal-Projects/TP_PreEntrega/Saved/ThirdPersonExampleMap_BuiltDataF6DA297B447116B02CB603A62A8CBDBB.tmp' to '../../../../../UTN-e-learning/Unreal-Engine/Unreal-Projects/TP_PreEntrega/Content/ThirdPersonBP/Maps/ThirdPersonExampleMap_BuiltData.uasset'
[2025.07.17-02.18.43:594][898]AssetCheck: New page: Asset Save: multiple assets
[2025.07.17-02.18.43:595][898]LogContentValidation: Display: Validating MapBuildDataRegistry /Game/ThirdPersonBP/Maps/ThirdPersonExampleMap_BuiltData.ThirdPersonExampleMap_BuiltData
[2025.07.17-02.18.43:595][898]LogContentValidation: Display: Validating World /Game/ThirdPersonBP/Maps/ThirdPersonExampleMap.ThirdPersonExampleMap
[2025.07.17-02.18.44:068][926]LogTemp: Repeating last play command: Selected Viewport
[2025.07.17-02.18.44:097][926]LogPlayLevel: PlayLevel: No blueprints needed recompiling
[2025.07.17-02.18.44:097][926]PIE: New page: PIE session: ThirdPersonExampleMap (Jul 16, 2025, 8:18:44 PM)
[2025.07.17-02.18.44:098][926]LogPlayLevel: Creating play world package: /Game/ThirdPersonBP/Maps/UEDPIE_0_ThirdPersonExampleMap
[2025.07.17-02.18.44:129][926]LogPlayLevel: PIE: StaticDuplicateObject took: (0.031388s)
[2025.07.17-02.18.44:131][926]LogAIModule: Creating AISystem for world ThirdPersonExampleMap
[2025.07.17-02.18.44:131][926]LogPlayLevel: PIE: World Init took: (0.001870s)
[2025.07.17-02.18.44:131][926]LogPlayLevel: PIE: Created PIE world by copying editor world from /Game/ThirdPersonBP/Maps/ThirdPersonExampleMap.ThirdPersonExampleMap to /Game/ThirdPersonBP/Maps/UEDPIE_0_ThirdPersonExampleMap.ThirdPersonExampleMap (0.033617s)
[2025.07.17-02.18.44:175][926]LogUObjectHash: Compacting FUObjectHashTables data took   1.55ms
[2025.07.17-02.18.44:176][926]LogAudio: Display: Creating Audio Device:                 Id: 4, Scope: Unique, Realtime: True
[2025.07.17-02.18.44:176][926]LogAudioMixer: Display: Audio Mixer Platform Settings:
[2025.07.17-02.18.44:176][926]LogAudioMixer: Display: 	Sample Rate:						  48000
[2025.07.17-02.18.44:176][926]LogAudioMixer: Display: 	Callback Buffer Frame Size Requested: 1024
[2025.07.17-02.18.44:176][926]LogAudioMixer: Display: 	Callback Buffer Frame Size To Use:	  1024
[2025.07.17-02.18.44:176][926]LogAudioMixer: Display: 	Number of buffers to queue:			  2
[2025.07.17-02.18.44:176][926]LogAudioMixer: Display: 	Max Channels (voices):				  32
[2025.07.17-02.18.44:176][926]LogAudioMixer: Display: 	Number of Async Source Workers:		  0
[2025.07.17-02.18.44:176][926]LogAudio: Display: AudioDevice MaxSources: 32
[2025.07.17-02.18.44:177][926]LogAudio: Display: Audio Spatialization Plugin: None (built-in).
[2025.07.17-02.18.44:177][926]LogAudio: Display: Audio Reverb Plugin: None (built-in).
[2025.07.17-02.18.44:177][926]LogAudio: Display: Audio Occlusion Plugin: None (built-in).
[2025.07.17-02.18.44:177][926]LogAudioMixer: Display: Initializing audio mixer.
[2025.07.17-02.18.44:185][926]LogAudioMixer: Display: 0: FrontLeft
[2025.07.17-02.18.44:185][926]LogAudioMixer: Display: 1: FrontRight
[2025.07.17-02.18.44:205][926]LogAudioMixer: Display: Using Audio Device Headphones (SOUNDPEATS Mini HS Stereo)
[2025.07.17-02.18.44:205][926]LogAudioMixer: Display: Initializing Sound Submixes...
[2025.07.17-02.18.44:205][926]LogAudioMixer: Display: Creating Master Submix 'MasterSubmixDefault'
[2025.07.17-02.18.44:205][926]LogAudioMixer: Display: Creating Master Submix 'MasterReverbSubmixDefault'
[2025.07.17-02.18.44:206][926]LogAudioMixer: Display: Creating Master Submix 'MasterEQSubmixDefault'
[2025.07.17-02.18.44:206][926]LogAudioMixer: FMixerPlatformXAudio2::StartAudioStream() called
[2025.07.17-02.18.44:206][926]LogAudioMixer: Display: Output buffers initialized: Frames=1024, Channels=2, Samples=2048
[2025.07.17-02.18.44:207][926]LogAudioMixer: Display: Starting AudioMixerPlatformInterface::RunInternal()
[2025.07.17-02.18.44:207][926]LogAudioMixer: Display: FMixerPlatformXAudio2::SubmitBuffer() called for the first time
[2025.07.17-02.18.44:207][926]LogInit: FAudioDevice initialized.
[2025.07.17-02.18.44:208][926]LogAudio: Display: Audio Device (ID: 4) registered with world 'ThirdPersonExampleMap'.
[2025.07.17-02.18.44:225][926]LogLoad: Game class is 'ReglasJuego_C'
[2025.07.17-02.18.44:234][926]LogWorld: Bringing World /Game/ThirdPersonBP/Maps/UEDPIE_0_ThirdPersonExampleMap.ThirdPersonExampleMap up for play (max tick rate 60) at 2025.07.16-23.18.44
[2025.07.17-02.18.44:235][926]LogWorld: Bringing up level for play took: 0.008385
[2025.07.17-02.18.44:235][926]LogOnline: OSS: Creating online subsystem instance for: :Context_22
[2025.07.17-02.18.44:238][926]LogBlueprintUserMessages: [plataforma_2] Buenas buenas!
[2025.07.17-02.18.44:243][926]PIE: Server logged in
[2025.07.17-02.18.44:245][926]PIE: Play in editor total start time 0.164 seconds.
[2025.07.17-02.18.47:067][ 92]LogBlueprintUserMessages: [bala_C_8] Le reste 25 al bad fella
[2025.07.17-02.18.47:181][ 99]LogBlueprintUserMessages: [ReglasJuego_C_0] El puntaje subio!
[2025.07.17-02.18.47:182][ 99]LogBlueprintUserMessages: [ReglasJuego_C_0] 2
[2025.07.17-02.18.47:966][146]LogBlueprintUserMessages: [ReglasJuego_C_0] El puntaje subio!
[2025.07.17-02.18.47:966][146]LogBlueprintUserMessages: [ReglasJuego_C_0] 4
[2025.07.17-02.18.50:059][271]LogBlueprintUserMessages: [bala_C_11] El peoncito perdio 10 de vida!!!!
[2025.07.17-02.18.59:099][812]LogBlueprintUserMessages: [bala_C_35] Le reste 25 al bad fella
[2025.07.17-02.19.02:116][991]LogBlueprintUserMessages: [bala_C_42] Le reste 25 al bad fella
[2025.07.17-02.19.05:113][170]LogBlueprintUserMessages: [bala_C_47] Le reste 25 al bad fella
[2025.07.17-02.19.09:197][414]LogBlueprintUserMessages: [ReglasJuego_C_0] El puntaje subio!
[2025.07.17-02.19.09:197][414]LogBlueprintUserMessages: [ReglasJuego_C_0] 6
[2025.07.17-02.19.10:414][487]LogBlueprintUserMessages: [bala_C_58] El peoncito perdio 10 de vida!!!!
[2025.07.17-02.19.11:144][530]LogBlueprintUserMessages: [bala_C_61] Le reste 25 al bad fella
[2025.07.17-02.19.11:426][547]LogBlueprintUserMessages: [bala_C_60] El peoncito perdio 10 de vida!!!!
[2025.07.17-02.19.11:859][573]LogBlueprintUserMessages: [ReglasJuego_C_0] El puntaje subio!
[2025.07.17-02.19.11:859][573]LogBlueprintUserMessages: [ReglasJuego_C_0] 8
[2025.07.17-02.19.12:816][627]LogSlate: Updating window title bar state: overlay mode, drag disabled, window buttons hidden, title bar hidden
[2025.07.17-02.19.12:816][627]LogWorld: BeginTearingDown for /Game/ThirdPersonBP/Maps/UEDPIE_0_ThirdPersonExampleMap
[2025.07.17-02.19.12:817][627]LogWorld: UWorld::CleanupWorld for ThirdPersonExampleMap, bSessionEnded=true, bCleanupResources=true
[2025.07.17-02.19.12:818][627]LogSlate: InvalidateAllWidgets triggered.  All widgets were invalidated
[2025.07.17-02.19.12:827][627]LogPlayLevel: Display: Shutting down PIE online subsystems
[2025.07.17-02.19.12:835][627]LogSlate: InvalidateAllWidgets triggered.  All widgets were invalidated
[2025.07.17-02.19.12:842][627]LogSlate: Updating window title bar state: overlay mode, drag disabled, window buttons hidden, title bar hidden
[2025.07.17-02.19.12:842][627]LogAudioMixer: FMixerPlatformXAudio2::StopAudioStream() called
[2025.07.17-02.19.12:843][627]LogAudioMixer: FMixerPlatformXAudio2::StopAudioStream() called
[2025.07.17-02.19.12:848][627]LogUObjectHash: Compacting FUObjectHashTables data took   0.96ms
[2025.07.17-02.19.12:889][628]LogPlayLevel: Display: Destroying online subsystem :Context_22
[2025.07.17-02.19.29:595][144]LogTemp: Repeating last play command: Selected Viewport
[2025.07.17-02.19.29:633][144]LogPlayLevel: PlayLevel: No blueprints needed recompiling
[2025.07.17-02.19.29:633][144]PIE: New page: PIE session: ThirdPersonExampleMap (Jul 16, 2025, 8:19:29 PM)
[2025.07.17-02.19.29:633][144]LogPlayLevel: Creating play world package: /Game/ThirdPersonBP/Maps/UEDPIE_0_ThirdPersonExampleMap
[2025.07.17-02.19.29:670][144]LogPlayLevel: PIE: StaticDuplicateObject took: (0.036415s)
[2025.07.17-02.19.29:671][144]LogAIModule: Creating AISystem for world ThirdPersonExampleMap
[2025.07.17-02.19.29:672][144]LogPlayLevel: PIE: World Init took: (0.002748s)
[2025.07.17-02.19.29:672][144]LogPlayLevel: PIE: Created PIE world by copying editor world from /Game/ThirdPersonBP/Maps/ThirdPersonExampleMap.ThirdPersonExampleMap to /Game/ThirdPersonBP/Maps/UEDPIE_0_ThirdPersonExampleMap.ThirdPersonExampleMap (0.039561s)
[2025.07.17-02.19.29:720][144]LogUObjectHash: Compacting FUObjectHashTables data took   1.43ms
[2025.07.17-02.19.29:723][144]LogAudio: Display: Creating Audio Device:                 Id: 5, Scope: Unique, Realtime: True
[2025.07.17-02.19.29:724][144]LogAudioMixer: Display: Audio Mixer Platform Settings:
[2025.07.17-02.19.29:724][144]LogAudioMixer: Display: 	Sample Rate:						  48000
[2025.07.17-02.19.29:724][144]LogAudioMixer: Display: 	Callback Buffer Frame Size Requested: 1024
[2025.07.17-02.19.29:724][144]LogAudioMixer: Display: 	Callback Buffer Frame Size To Use:	  1024
[2025.07.17-02.19.29:724][144]LogAudioMixer: Display: 	Number of buffers to queue:			  2
[2025.07.17-02.19.29:724][144]LogAudioMixer: Display: 	Max Channels (voices):				  32
[2025.07.17-02.19.29:724][144]LogAudioMixer: Display: 	Number of Async Source Workers:		  0
[2025.07.17-02.19.29:724][144]LogAudio: Display: AudioDevice MaxSources: 32
[2025.07.17-02.19.29:725][144]LogAudio: Display: Audio Spatialization Plugin: None (built-in).
[2025.07.17-02.19.29:725][144]LogAudio: Display: Audio Reverb Plugin: None (built-in).
[2025.07.17-02.19.29:725][144]LogAudio: Display: Audio Occlusion Plugin: None (built-in).
[2025.07.17-02.19.29:725][144]LogAudioMixer: Display: Initializing audio mixer.
[2025.07.17-02.19.29:733][144]LogAudioMixer: Display: 0: FrontLeft
[2025.07.17-02.19.29:733][144]LogAudioMixer: Display: 1: FrontRight
[2025.07.17-02.19.29:757][144]LogAudioMixer: Display: Using Audio Device Headphones (SOUNDPEATS Mini HS Stereo)
[2025.07.17-02.19.29:758][144]LogAudioMixer: Display: Initializing Sound Submixes...
[2025.07.17-02.19.29:758][144]LogAudioMixer: Display: Creating Master Submix 'MasterSubmixDefault'
[2025.07.17-02.19.29:758][144]LogAudioMixer: Display: Creating Master Submix 'MasterReverbSubmixDefault'
[2025.07.17-02.19.29:759][144]LogAudioMixer: Display: Creating Master Submix 'MasterEQSubmixDefault'
[2025.07.17-02.19.29:759][144]LogAudioMixer: FMixerPlatformXAudio2::StartAudioStream() called
[2025.07.17-02.19.29:759][144]LogAudioMixer: Display: Output buffers initialized: Frames=1024, Channels=2, Samples=2048
[2025.07.17-02.19.29:761][144]LogAudioMixer: Display: Starting AudioMixerPlatformInterface::RunInternal()
[2025.07.17-02.19.29:761][144]LogAudioMixer: Display: FMixerPlatformXAudio2::SubmitBuffer() called for the first time
[2025.07.17-02.19.29:761][144]LogInit: FAudioDevice initialized.
[2025.07.17-02.19.29:761][144]LogAudio: Display: Audio Device (ID: 5) registered with world 'ThirdPersonExampleMap'.
[2025.07.17-02.19.29:777][144]LogLoad: Game class is 'ReglasJuego_C'
[2025.07.17-02.19.29:788][144]LogWorld: Bringing World /Game/ThirdPersonBP/Maps/UEDPIE_0_ThirdPersonExampleMap.ThirdPersonExampleMap up for play (max tick rate 60) at 2025.07.16-23.19.29
[2025.07.17-02.19.29:789][144]LogWorld: Bringing up level for play took: 0.010283
[2025.07.17-02.19.29:789][144]LogOnline: OSS: Creating online subsystem instance for: :Context_23
[2025.07.17-02.19.29:792][144]LogBlueprintUserMessages: [plataforma_2] Buenas buenas!
[2025.07.17-02.19.29:795][144]PIE: Server logged in
[2025.07.17-02.19.29:796][144]PIE: Play in editor total start time 0.185 seconds.
[2025.07.17-02.19.32:592][306]LogBlueprintUserMessages: [bala_C_8] Le reste 25 al bad fella
[2025.07.17-02.19.33:374][349]LogSlate: Updating window title bar state: overlay mode, drag disabled, window buttons hidden, title bar hidden
[2025.07.17-02.19.33:374][349]LogWorld: BeginTearingDown for /Game/ThirdPersonBP/Maps/UEDPIE_0_ThirdPersonExampleMap
[2025.07.17-02.19.33:374][349]LogWorld: UWorld::CleanupWorld for ThirdPersonExampleMap, bSessionEnded=true, bCleanupResources=true
[2025.07.17-02.19.33:375][349]LogSlate: InvalidateAllWidgets triggered.  All widgets were invalidated
[2025.07.17-02.19.33:392][349]LogPlayLevel: Display: Shutting down PIE online subsystems
[2025.07.17-02.19.33:411][349]LogSlate: InvalidateAllWidgets triggered.  All widgets were invalidated
[2025.07.17-02.19.33:420][349]LogSlate: Updating window title bar state: overlay mode, drag disabled, window buttons hidden, title bar hidden
[2025.07.17-02.19.33:421][349]LogAudioMixer: FMixerPlatformXAudio2::StopAudioStream() called
[2025.07.17-02.19.33:422][349]LogAudioMixer: FMixerPlatformXAudio2::StopAudioStream() called
[2025.07.17-02.19.33:428][349]LogUObjectHash: Compacting FUObjectHashTables data took   0.91ms
[2025.07.17-02.19.33:470][350]LogPlayLevel: Display: Destroying online subsystem :Context_23
[2025.07.17-02.19.57:993][335]LogTemp: Repeating last play command: Selected Viewport
[2025.07.17-02.19.58:039][335]LogPlayLevel: PlayLevel: No blueprints needed recompiling
[2025.07.17-02.19.58:039][335]PIE: New page: PIE session: ThirdPersonExampleMap (Jul 16, 2025, 8:19:58 PM)
[2025.07.17-02.19.58:039][335]LogPlayLevel: Creating play world package: /Game/ThirdPersonBP/Maps/UEDPIE_0_ThirdPersonExampleMap
[2025.07.17-02.19.58:067][335]LogPlayLevel: PIE: StaticDuplicateObject took: (0.027235s)
[2025.07.17-02.19.58:068][335]LogAIModule: Creating AISystem for world ThirdPersonExampleMap
[2025.07.17-02.19.58:068][335]LogPlayLevel: PIE: World Init took: (0.001698s)
[2025.07.17-02.19.58:068][335]LogPlayLevel: PIE: Created PIE world by copying editor world from /Game/ThirdPersonBP/Maps/ThirdPersonExampleMap.ThirdPersonExampleMap to /Game/ThirdPersonBP/Maps/UEDPIE_0_ThirdPersonExampleMap.ThirdPersonExampleMap (0.029247s)
[2025.07.17-02.19.58:102][335]LogUObjectHash: Compacting FUObjectHashTables data took   1.20ms
[2025.07.17-02.19.58:104][335]LogAudio: Display: Creating Audio Device:                 Id: 6, Scope: Unique, Realtime: True
[2025.07.17-02.19.58:104][335]LogAudioMixer: Display: Audio Mixer Platform Settings:
[2025.07.17-02.19.58:104][335]LogAudioMixer: Display: 	Sample Rate:						  48000
[2025.07.17-02.19.58:104][335]LogAudioMixer: Display: 	Callback Buffer Frame Size Requested: 1024
[2025.07.17-02.19.58:104][335]LogAudioMixer: Display: 	Callback Buffer Frame Size To Use:	  1024
[2025.07.17-02.19.58:104][335]LogAudioMixer: Display: 	Number of buffers to queue:			  2
[2025.07.17-02.19.58:104][335]LogAudioMixer: Display: 	Max Channels (voices):				  32
[2025.07.17-02.19.58:104][335]LogAudioMixer: Display: 	Number of Async Source Workers:		  0
[2025.07.17-02.19.58:104][335]LogAudio: Display: AudioDevice MaxSources: 32
[2025.07.17-02.19.58:105][335]LogAudio: Display: Audio Spatialization Plugin: None (built-in).
[2025.07.17-02.19.58:105][335]LogAudio: Display: Audio Reverb Plugin: None (built-in).
[2025.07.17-02.19.58:105][335]LogAudio: Display: Audio Occlusion Plugin: None (built-in).
[2025.07.17-02.19.58:105][335]LogAudioMixer: Display: Initializing audio mixer.
[2025.07.17-02.19.58:111][335]LogAudioMixer: Display: 0: FrontLeft
[2025.07.17-02.19.58:111][335]LogAudioMixer: Display: 1: FrontRight
[2025.07.17-02.19.58:129][335]LogAudioMixer: Display: Using Audio Device Headphones (SOUNDPEATS Mini HS Stereo)
[2025.07.17-02.19.58:129][335]LogAudioMixer: Display: Initializing Sound Submixes...
[2025.07.17-02.19.58:129][335]LogAudioMixer: Display: Creating Master Submix 'MasterSubmixDefault'
[2025.07.17-02.19.58:129][335]LogAudioMixer: Display: Creating Master Submix 'MasterReverbSubmixDefault'
[2025.07.17-02.19.58:130][335]LogAudioMixer: Display: Creating Master Submix 'MasterEQSubmixDefault'
[2025.07.17-02.19.58:130][335]LogAudioMixer: FMixerPlatformXAudio2::StartAudioStream() called
[2025.07.17-02.19.58:130][335]LogAudioMixer: Display: Output buffers initialized: Frames=1024, Channels=2, Samples=2048
[2025.07.17-02.19.58:132][335]LogAudioMixer: Display: Starting AudioMixerPlatformInterface::RunInternal()
[2025.07.17-02.19.58:132][335]LogAudioMixer: Display: FMixerPlatformXAudio2::SubmitBuffer() called for the first time
[2025.07.17-02.19.58:132][335]LogInit: FAudioDevice initialized.
[2025.07.17-02.19.58:132][335]LogAudio: Display: Audio Device (ID: 6) registered with world 'ThirdPersonExampleMap'.
[2025.07.17-02.19.58:150][335]LogLoad: Game class is 'ReglasJuego_C'
[2025.07.17-02.19.58:169][335]LogWorld: Bringing World /Game/ThirdPersonBP/Maps/UEDPIE_0_ThirdPersonExampleMap.ThirdPersonExampleMap up for play (max tick rate 60) at 2025.07.16-23.19.58
[2025.07.17-02.19.58:170][335]LogWorld: Bringing up level for play took: 0.018196
[2025.07.17-02.19.58:170][335]LogOnline: OSS: Creating online subsystem instance for: :Context_24
[2025.07.17-02.19.58:175][335]LogBlueprintUserMessages: [plataforma_2] Buenas buenas!
[2025.07.17-02.19.58:180][335]PIE: Server logged in
[2025.07.17-02.19.58:182][335]PIE: Play in editor total start time 0.166 seconds.
[2025.07.17-02.20.01:377][519]LogBlueprintUserMessages: [ReglasJuego_C_0] El puntaje subio!
[2025.07.17-02.20.01:377][519]LogBlueprintUserMessages: [ReglasJuego_C_0] 2
[2025.07.17-02.20.02:396][580]LogBlueprintUserMessages: [bala_C_4] Le reste 25 al bad fella
[2025.07.17-02.20.02:864][608]LogBlueprintUserMessages: [bala_C_8] El peoncito perdio 10 de vida!!!!
[2025.07.17-02.20.03:901][669]LogBlueprintUserMessages: [bala_C_10] El peoncito perdio 10 de vida!!!!
[2025.07.17-02.20.04:007][675]LogBlueprintUserMessages: [bala_C_12] Le reste 25 al bad fella
[2025.07.17-02.20.04:042][677]LogBlueprintUserMessages: [bala_C_9] El peoncito perdio 10 de vida!!!!
[2025.07.17-02.20.04:884][723]LogBlueprintUserMessages: [ReglasJuego_C_0] El puntaje subio!
[2025.07.17-02.20.04:884][723]LogBlueprintUserMessages: [ReglasJuego_C_0] 4
[2025.07.17-02.20.06:529][816]LogSlate: Updating window title bar state: overlay mode, drag disabled, window buttons hidden, title bar hidden
[2025.07.17-02.20.06:529][816]LogWorld: BeginTearingDown for /Game/ThirdPersonBP/Maps/UEDPIE_0_ThirdPersonExampleMap
[2025.07.17-02.20.06:529][816]LogWorld: UWorld::CleanupWorld for ThirdPersonExampleMap, bSessionEnded=true, bCleanupResources=true
[2025.07.17-02.20.06:532][816]LogSlate: InvalidateAllWidgets triggered.  All widgets were invalidated
[2025.07.17-02.20.06:552][816]LogPlayLevel: Display: Shutting down PIE online subsystems
[2025.07.17-02.20.06:577][816]LogSlate: InvalidateAllWidgets triggered.  All widgets were invalidated
[2025.07.17-02.20.06:597][816]LogAudio: Display: Audio Device unregistered from world 'None'.
[2025.07.17-02.20.06:597][816]LogAudioMixer: FMixerPlatformXAudio2::StopAudioStream() called
[2025.07.17-02.20.06:599][816]LogAudioMixer: FMixerPlatformXAudio2::StopAudioStream() called
[2025.07.17-02.20.06:606][816]LogSlate: Updating window title bar state: overlay mode, drag disabled, window buttons hidden, title bar hidden
[2025.07.17-02.20.06:611][816]LogUObjectHash: Compacting FUObjectHashTables data took   2.20ms
[2025.07.17-02.20.06:658][817]LogPlayLevel: Display: Destroying online subsystem :Context_24
[2025.07.17-02.20.15:683][326]LogTemp: Repeating last play command: Selected Viewport
[2025.07.17-02.20.15:713][326]LogPlayLevel: PlayLevel: No blueprints needed recompiling
[2025.07.17-02.20.15:713][326]PIE: New page: PIE session: ThirdPersonExampleMap (Jul 16, 2025, 8:20:15 PM)
[2025.07.17-02.20.15:713][326]LogPlayLevel: Creating play world package: /Game/ThirdPersonBP/Maps/UEDPIE_0_ThirdPersonExampleMap
[2025.07.17-02.20.15:741][326]LogPlayLevel: PIE: StaticDuplicateObject took: (0.028235s)
[2025.07.17-02.20.15:742][326]LogAIModule: Creating AISystem for world ThirdPersonExampleMap
[2025.07.17-02.20.15:743][326]LogPlayLevel: PIE: World Init took: (0.001893s)
[2025.07.17-02.20.15:743][326]LogPlayLevel: PIE: Created PIE world by copying editor world from /Game/ThirdPersonBP/Maps/ThirdPersonExampleMap.ThirdPersonExampleMap to /Game/ThirdPersonBP/Maps/UEDPIE_0_ThirdPersonExampleMap.ThirdPersonExampleMap (0.030455s)
[2025.07.17-02.20.15:784][326]LogUObjectHash: Compacting FUObjectHashTables data took   1.22ms
[2025.07.17-02.20.15:787][326]LogAudio: Display: Creating Audio Device:                 Id: 7, Scope: Unique, Realtime: True
[2025.07.17-02.20.15:787][326]LogAudioMixer: Display: Audio Mixer Platform Settings:
[2025.07.17-02.20.15:787][326]LogAudioMixer: Display: 	Sample Rate:						  48000
[2025.07.17-02.20.15:787][326]LogAudioMixer: Display: 	Callback Buffer Frame Size Requested: 1024
[2025.07.17-02.20.15:787][326]LogAudioMixer: Display: 	Callback Buffer Frame Size To Use:	  1024
[2025.07.17-02.20.15:787][326]LogAudioMixer: Display: 	Number of buffers to queue:			  2
[2025.07.17-02.20.15:787][326]LogAudioMixer: Display: 	Max Channels (voices):				  32
[2025.07.17-02.20.15:787][326]LogAudioMixer: Display: 	Number of Async Source Workers:		  0
[2025.07.17-02.20.15:787][326]LogAudio: Display: AudioDevice MaxSources: 32
[2025.07.17-02.20.15:788][326]LogAudio: Display: Audio Spatialization Plugin: None (built-in).
[2025.07.17-02.20.15:788][326]LogAudio: Display: Audio Reverb Plugin: None (built-in).
[2025.07.17-02.20.15:788][326]LogAudio: Display: Audio Occlusion Plugin: None (built-in).
[2025.07.17-02.20.15:789][326]LogAudioMixer: Display: Initializing audio mixer.
[2025.07.17-02.20.15:796][326]LogAudioMixer: Display: 0: FrontLeft
[2025.07.17-02.20.15:796][326]LogAudioMixer: Display: 1: FrontRight
[2025.07.17-02.20.15:816][326]LogAudioMixer: Display: Using Audio Device Headphones (SOUNDPEATS Mini HS Stereo)
[2025.07.17-02.20.15:816][326]LogAudioMixer: Display: Initializing Sound Submixes...
[2025.07.17-02.20.15:816][326]LogAudioMixer: Display: Creating Master Submix 'MasterSubmixDefault'
[2025.07.17-02.20.15:816][326]LogAudioMixer: Display: Creating Master Submix 'MasterReverbSubmixDefault'
[2025.07.17-02.20.15:817][326]LogAudioMixer: Display: Creating Master Submix 'MasterEQSubmixDefault'
[2025.07.17-02.20.15:817][326]LogAudioMixer: FMixerPlatformXAudio2::StartAudioStream() called
[2025.07.17-02.20.15:817][326]LogAudioMixer: Display: Output buffers initialized: Frames=1024, Channels=2, Samples=2048
[2025.07.17-02.20.15:818][326]LogAudioMixer: Display: Starting AudioMixerPlatformInterface::RunInternal()
[2025.07.17-02.20.15:818][326]LogAudioMixer: Display: FMixerPlatformXAudio2::SubmitBuffer() called for the first time
[2025.07.17-02.20.15:818][326]LogInit: FAudioDevice initialized.
[2025.07.17-02.20.15:818][326]LogAudio: Display: Audio Device (ID: 7) registered with world 'ThirdPersonExampleMap'.
[2025.07.17-02.20.15:829][326]LogLoad: Game class is 'ReglasJuego_C'
[2025.07.17-02.20.15:841][326]LogWorld: Bringing World /Game/ThirdPersonBP/Maps/UEDPIE_0_ThirdPersonExampleMap.ThirdPersonExampleMap up for play (max tick rate 60) at 2025.07.16-23.20.15
[2025.07.17-02.20.15:841][326]LogWorld: Bringing up level for play took: 0.010540
[2025.07.17-02.20.15:841][326]LogOnline: OSS: Creating online subsystem instance for: :Context_25
[2025.07.17-02.20.15:844][326]LogBlueprintUserMessages: [plataforma_2] Buenas buenas!
[2025.07.17-02.20.15:847][326]PIE: Server logged in
[2025.07.17-02.20.15:848][326]PIE: Play in editor total start time 0.152 seconds.
[2025.07.17-02.20.17:392][395]LogSlate: Updating window title bar state: overlay mode, drag disabled, window buttons hidden, title bar hidden
[2025.07.17-02.20.17:392][395]LogWorld: BeginTearingDown for /Game/ThirdPersonBP/Maps/UEDPIE_0_ThirdPersonExampleMap
[2025.07.17-02.20.17:393][395]LogWorld: UWorld::CleanupWorld for ThirdPersonExampleMap, bSessionEnded=true, bCleanupResources=true
[2025.07.17-02.20.17:396][395]LogSlate: InvalidateAllWidgets triggered.  All widgets were invalidated
[2025.07.17-02.20.17:417][395]LogPlayLevel: Display: Shutting down PIE online subsystems
[2025.07.17-02.20.17:440][395]LogSlate: InvalidateAllWidgets triggered.  All widgets were invalidated
[2025.07.17-02.20.17:458][395]LogAudio: Display: Audio Device unregistered from world 'None'.
[2025.07.17-02.20.17:458][395]LogAudioMixer: FMixerPlatformXAudio2::StopAudioStream() called
[2025.07.17-02.20.17:461][395]LogAudioMixer: FMixerPlatformXAudio2::StopAudioStream() called
[2025.07.17-02.20.17:468][395]LogSlate: Updating window title bar state: overlay mode, drag disabled, window buttons hidden, title bar hidden
[2025.07.17-02.20.17:475][395]LogUObjectHash: Compacting FUObjectHashTables data took   2.86ms
[2025.07.17-02.20.17:541][396]LogPlayLevel: Display: Destroying online subsystem :Context_25
[2025.07.17-02.20.29:311][960]LogTemp: Repeating last play command: Selected Viewport
[2025.07.17-02.20.29:356][960]LogPlayLevel: PlayLevel: No blueprints needed recompiling
[2025.07.17-02.20.29:356][960]PIE: New page: PIE session: ThirdPersonExampleMap (Jul 16, 2025, 8:20:29 PM)
[2025.07.17-02.20.29:356][960]LogPlayLevel: Creating play world package: /Game/ThirdPersonBP/Maps/UEDPIE_0_ThirdPersonExampleMap
[2025.07.17-02.20.29:391][960]LogPlayLevel: PIE: StaticDuplicateObject took: (0.034778s)
[2025.07.17-02.20.29:393][960]LogAIModule: Creating AISystem for world ThirdPersonExampleMap
[2025.07.17-02.20.29:394][960]LogPlayLevel: PIE: World Init took: (0.002392s)
[2025.07.17-02.20.29:394][960]LogPlayLevel: PIE: Created PIE world by copying editor world from /Game/ThirdPersonBP/Maps/ThirdPersonExampleMap.ThirdPersonExampleMap to /Game/ThirdPersonBP/Maps/UEDPIE_0_ThirdPersonExampleMap.ThirdPersonExampleMap (0.037666s)
[2025.07.17-02.20.29:433][960]LogUObjectHash: Compacting FUObjectHashTables data took   1.44ms
[2025.07.17-02.20.29:435][960]LogAudio: Display: Creating Audio Device:                 Id: 8, Scope: Unique, Realtime: True
[2025.07.17-02.20.29:435][960]LogAudioMixer: Display: Audio Mixer Platform Settings:
[2025.07.17-02.20.29:435][960]LogAudioMixer: Display: 	Sample Rate:						  48000
[2025.07.17-02.20.29:435][960]LogAudioMixer: Display: 	Callback Buffer Frame Size Requested: 1024
[2025.07.17-02.20.29:435][960]LogAudioMixer: Display: 	Callback Buffer Frame Size To Use:	  1024
[2025.07.17-02.20.29:435][960]LogAudioMixer: Display: 	Number of buffers to queue:			  2
[2025.07.17-02.20.29:435][960]LogAudioMixer: Display: 	Max Channels (voices):				  32
[2025.07.17-02.20.29:435][960]LogAudioMixer: Display: 	Number of Async Source Workers:		  0
[2025.07.17-02.20.29:435][960]LogAudio: Display: AudioDevice MaxSources: 32
[2025.07.17-02.20.29:436][960]LogAudio: Display: Audio Spatialization Plugin: None (built-in).
[2025.07.17-02.20.29:436][960]LogAudio: Display: Audio Reverb Plugin: None (built-in).
[2025.07.17-02.20.29:436][960]LogAudio: Display: Audio Occlusion Plugin: None (built-in).
[2025.07.17-02.20.29:436][960]LogAudioMixer: Display: Initializing audio mixer.
[2025.07.17-02.20.29:445][960]LogAudioMixer: Display: 0: FrontLeft
[2025.07.17-02.20.29:445][960]LogAudioMixer: Display: 1: FrontRight
[2025.07.17-02.20.29:469][960]LogAudioMixer: Display: Using Audio Device Headphones (SOUNDPEATS Mini HS Stereo)
[2025.07.17-02.20.29:470][960]LogAudioMixer: Display: Initializing Sound Submixes...
[2025.07.17-02.20.29:470][960]LogAudioMixer: Display: Creating Master Submix 'MasterSubmixDefault'
[2025.07.17-02.20.29:470][960]LogAudioMixer: Display: Creating Master Submix 'MasterReverbSubmixDefault'
[2025.07.17-02.20.29:470][960]LogAudioMixer: Display: Creating Master Submix 'MasterEQSubmixDefault'
[2025.07.17-02.20.29:470][960]LogAudioMixer: FMixerPlatformXAudio2::StartAudioStream() called
[2025.07.17-02.20.29:471][960]LogAudioMixer: Display: Output buffers initialized: Frames=1024, Channels=2, Samples=2048
[2025.07.17-02.20.29:472][960]LogAudioMixer: Display: Starting AudioMixerPlatformInterface::RunInternal()
[2025.07.17-02.20.29:473][960]LogAudioMixer: Display: FMixerPlatformXAudio2::SubmitBuffer() called for the first time
[2025.07.17-02.20.29:473][960]LogInit: FAudioDevice initialized.
[2025.07.17-02.20.29:473][960]LogAudio: Display: Audio Device (ID: 8) registered with world 'ThirdPersonExampleMap'.
[2025.07.17-02.20.29:481][960]LogLoad: Game class is 'ReglasJuego_C'
[2025.07.17-02.20.29:493][960]LogWorld: Bringing World /Game/ThirdPersonBP/Maps/UEDPIE_0_ThirdPersonExampleMap.ThirdPersonExampleMap up for play (max tick rate 60) at 2025.07.16-23.20.29
[2025.07.17-02.20.29:493][960]LogWorld: Bringing up level for play took: 0.010713
[2025.07.17-02.20.29:494][960]LogOnline: OSS: Creating online subsystem instance for: :Context_26
[2025.07.17-02.20.29:496][960]LogBlueprintUserMessages: [plataforma_2] Buenas buenas!
[2025.07.17-02.20.29:500][960]PIE: Server logged in
[2025.07.17-02.20.29:501][960]PIE: Play in editor total start time 0.17 seconds.
[2025.07.17-02.20.32:299][122]LogBlueprintUserMessages: [bala_C_4] Le reste 25 al bad fella
[2025.07.17-02.20.32:314][123]LogBlueprintUserMessages: [ReglasJuego_C_0] El puntaje subio!
[2025.07.17-02.20.32:314][123]LogBlueprintUserMessages: [ReglasJuego_C_0] 2
[2025.07.17-02.20.34:737][248]LogBlueprintUserMessages: [ReglasJuego_C_0] El puntaje subio!
[2025.07.17-02.20.34:737][248]LogBlueprintUserMessages: [ReglasJuego_C_0] 4
[2025.07.17-02.20.38:308][457]LogSlate: Updating window title bar state: overlay mode, drag disabled, window buttons hidden, title bar hidden
[2025.07.17-02.20.38:308][457]LogWorld: BeginTearingDown for /Game/ThirdPersonBP/Maps/UEDPIE_0_ThirdPersonExampleMap
[2025.07.17-02.20.38:309][457]LogWorld: UWorld::CleanupWorld for ThirdPersonExampleMap, bSessionEnded=true, bCleanupResources=true
[2025.07.17-02.20.38:310][457]LogSlate: InvalidateAllWidgets triggered.  All widgets were invalidated
[2025.07.17-02.20.38:327][457]LogPlayLevel: Display: Shutting down PIE online subsystems
[2025.07.17-02.20.38:340][457]LogSlate: InvalidateAllWidgets triggered.  All widgets were invalidated
[2025.07.17-02.20.38:349][457]LogAudio: Display: Audio Device unregistered from world 'None'.
[2025.07.17-02.20.38:349][457]LogAudioMixer: FMixerPlatformXAudio2::StopAudioStream() called
[2025.07.17-02.20.38:350][457]LogAudioMixer: FMixerPlatformXAudio2::StopAudioStream() called
[2025.07.17-02.20.38:354][457]LogSlate: Updating window title bar state: overlay mode, drag disabled, window buttons hidden, title bar hidden
[2025.07.17-02.20.38:357][457]LogUObjectHash: Compacting FUObjectHashTables data took   1.08ms
[2025.07.17-02.20.38:410][458]LogPlayLevel: Display: Destroying online subsystem :Context_26
[2025.07.17-02.20.50:233][ 92]LogTemp: Repeating last play command: Selected Viewport
[2025.07.17-02.20.50:268][ 92]LogPlayLevel: PlayLevel: No blueprints needed recompiling
[2025.07.17-02.20.50:269][ 92]PIE: New page: PIE session: ThirdPersonExampleMap (Jul 16, 2025, 8:20:50 PM)
[2025.07.17-02.20.50:269][ 92]LogPlayLevel: Creating play world package: /Game/ThirdPersonBP/Maps/UEDPIE_0_ThirdPersonExampleMap
[2025.07.17-02.20.50:296][ 92]LogPlayLevel: PIE: StaticDuplicateObject took: (0.026725s)
[2025.07.17-02.20.50:297][ 92]LogAIModule: Creating AISystem for world ThirdPersonExampleMap
[2025.07.17-02.20.50:298][ 92]LogPlayLevel: PIE: World Init took: (0.001850s)
[2025.07.17-02.20.50:298][ 92]LogPlayLevel: PIE: Created PIE world by copying editor world from /Game/ThirdPersonBP/Maps/ThirdPersonExampleMap.ThirdPersonExampleMap to /Game/ThirdPersonBP/Maps/UEDPIE_0_ThirdPersonExampleMap.ThirdPersonExampleMap (0.028889s)
[2025.07.17-02.20.50:328][ 92]LogUObjectHash: Compacting FUObjectHashTables data took   1.60ms
[2025.07.17-02.20.50:330][ 92]LogAudio: Display: Creating Audio Device:                 Id: 9, Scope: Unique, Realtime: True
[2025.07.17-02.20.50:331][ 92]LogAudioMixer: Display: Audio Mixer Platform Settings:
[2025.07.17-02.20.50:331][ 92]LogAudioMixer: Display: 	Sample Rate:						  48000
[2025.07.17-02.20.50:331][ 92]LogAudioMixer: Display: 	Callback Buffer Frame Size Requested: 1024
[2025.07.17-02.20.50:331][ 92]LogAudioMixer: Display: 	Callback Buffer Frame Size To Use:	  1024
[2025.07.17-02.20.50:331][ 92]LogAudioMixer: Display: 	Number of buffers to queue:			  2
[2025.07.17-02.20.50:331][ 92]LogAudioMixer: Display: 	Max Channels (voices):				  32
[2025.07.17-02.20.50:331][ 92]LogAudioMixer: Display: 	Number of Async Source Workers:		  0
[2025.07.17-02.20.50:331][ 92]LogAudio: Display: AudioDevice MaxSources: 32
[2025.07.17-02.20.50:331][ 92]LogAudio: Display: Audio Spatialization Plugin: None (built-in).
[2025.07.17-02.20.50:331][ 92]LogAudio: Display: Audio Reverb Plugin: None (built-in).
[2025.07.17-02.20.50:332][ 92]LogAudio: Display: Audio Occlusion Plugin: None (built-in).
[2025.07.17-02.20.50:332][ 92]LogAudioMixer: Display: Initializing audio mixer.
[2025.07.17-02.20.50:338][ 92]LogAudioMixer: Display: 0: FrontLeft
[2025.07.17-02.20.50:338][ 92]LogAudioMixer: Display: 1: FrontRight
[2025.07.17-02.20.50:359][ 92]LogAudioMixer: Display: Using Audio Device Headphones (SOUNDPEATS Mini HS Stereo)
[2025.07.17-02.20.50:359][ 92]LogAudioMixer: Display: Initializing Sound Submixes...
[2025.07.17-02.20.50:359][ 92]LogAudioMixer: Display: Creating Master Submix 'MasterSubmixDefault'
[2025.07.17-02.20.50:359][ 92]LogAudioMixer: Display: Creating Master Submix 'MasterReverbSubmixDefault'
[2025.07.17-02.20.50:360][ 92]LogAudioMixer: Display: Creating Master Submix 'MasterEQSubmixDefault'
[2025.07.17-02.20.50:360][ 92]LogAudioMixer: FMixerPlatformXAudio2::StartAudioStream() called
[2025.07.17-02.20.50:360][ 92]LogAudioMixer: Display: Output buffers initialized: Frames=1024, Channels=2, Samples=2048
[2025.07.17-02.20.50:362][ 92]LogAudioMixer: Display: Starting AudioMixerPlatformInterface::RunInternal()
[2025.07.17-02.20.50:362][ 92]LogAudioMixer: Display: FMixerPlatformXAudio2::SubmitBuffer() called for the first time
[2025.07.17-02.20.50:362][ 92]LogInit: FAudioDevice initialized.
[2025.07.17-02.20.50:362][ 92]LogAudio: Display: Audio Device (ID: 9) registered with world 'ThirdPersonExampleMap'.
[2025.07.17-02.20.50:377][ 92]LogLoad: Game class is 'ReglasJuego_C'
[2025.07.17-02.20.50:390][ 92]LogWorld: Bringing World /Game/ThirdPersonBP/Maps/UEDPIE_0_ThirdPersonExampleMap.ThirdPersonExampleMap up for play (max tick rate 60) at 2025.07.16-23.20.50
[2025.07.17-02.20.50:390][ 92]LogWorld: Bringing up level for play took: 0.012834
[2025.07.17-02.20.50:391][ 92]LogOnline: OSS: Creating online subsystem instance for: :Context_27
[2025.07.17-02.20.50:394][ 92]LogBlueprintUserMessages: [plataforma_2] Buenas buenas!
[2025.07.17-02.20.50:398][ 92]PIE: Server logged in
[2025.07.17-02.20.50:399][ 92]PIE: Play in editor total start time 0.151 seconds.
[2025.07.17-02.20.52:268][184]LogSlate: Updating window title bar state: overlay mode, drag disabled, window buttons hidden, title bar hidden
[2025.07.17-02.20.52:268][184]LogWorld: BeginTearingDown for /Game/ThirdPersonBP/Maps/UEDPIE_0_ThirdPersonExampleMap
[2025.07.17-02.20.52:269][184]LogWorld: UWorld::CleanupWorld for ThirdPersonExampleMap, bSessionEnded=true, bCleanupResources=true
[2025.07.17-02.20.52:273][184]LogSlate: InvalidateAllWidgets triggered.  All widgets were invalidated
[2025.07.17-02.20.52:291][184]LogPlayLevel: Display: Shutting down PIE online subsystems
[2025.07.17-02.20.52:314][184]LogSlate: InvalidateAllWidgets triggered.  All widgets were invalidated
[2025.07.17-02.20.52:332][184]LogSlate: Updating window title bar state: overlay mode, drag disabled, window buttons hidden, title bar hidden
[2025.07.17-02.20.52:332][184]LogAudioMixer: FMixerPlatformXAudio2::StopAudioStream() called
[2025.07.17-02.20.52:335][184]LogAudioMixer: FMixerPlatformXAudio2::StopAudioStream() called
[2025.07.17-02.20.52:345][184]LogUObjectHash: Compacting FUObjectHashTables data took   0.72ms
[2025.07.17-02.20.52:380][185]LogPlayLevel: Display: Destroying online subsystem :Context_27
[2025.07.17-02.20.58:384][471]LogTemp: Repeating last play command: Selected Viewport
[2025.07.17-02.20.58:446][471]LogPlayLevel: PlayLevel: No blueprints needed recompiling
[2025.07.17-02.20.58:446][471]PIE: New page: PIE session: ThirdPersonExampleMap (Jul 16, 2025, 8:20:58 PM)
[2025.07.17-02.20.58:447][471]LogPlayLevel: Creating play world package: /Game/ThirdPersonBP/Maps/UEDPIE_0_ThirdPersonExampleMap
[2025.07.17-02.20.58:483][471]LogPlayLevel: PIE: StaticDuplicateObject took: (0.036601s)
[2025.07.17-02.20.58:484][471]LogAIModule: Creating AISystem for world ThirdPersonExampleMap
[2025.07.17-02.20.58:484][471]LogPlayLevel: PIE: World Init took: (0.001547s)
[2025.07.17-02.20.58:485][471]LogPlayLevel: PIE: Created PIE world by copying editor world from /Game/ThirdPersonBP/Maps/ThirdPersonExampleMap.ThirdPersonExampleMap to /Game/ThirdPersonBP/Maps/UEDPIE_0_ThirdPersonExampleMap.ThirdPersonExampleMap (0.038544s)
[2025.07.17-02.20.58:510][471]LogUObjectHash: Compacting FUObjectHashTables data took   1.34ms
[2025.07.17-02.20.58:512][471]LogAudio: Display: Creating Audio Device:                 Id: 10, Scope: Unique, Realtime: True
[2025.07.17-02.20.58:512][471]LogAudioMixer: Display: Audio Mixer Platform Settings:
[2025.07.17-02.20.58:512][471]LogAudioMixer: Display: 	Sample Rate:						  48000
[2025.07.17-02.20.58:512][471]LogAudioMixer: Display: 	Callback Buffer Frame Size Requested: 1024
[2025.07.17-02.20.58:512][471]LogAudioMixer: Display: 	Callback Buffer Frame Size To Use:	  1024
[2025.07.17-02.20.58:512][471]LogAudioMixer: Display: 	Number of buffers to queue:			  2
[2025.07.17-02.20.58:512][471]LogAudioMixer: Display: 	Max Channels (voices):				  32
[2025.07.17-02.20.58:512][471]LogAudioMixer: Display: 	Number of Async Source Workers:		  0
[2025.07.17-02.20.58:513][471]LogAudio: Display: AudioDevice MaxSources: 32
[2025.07.17-02.20.58:513][471]LogAudio: Display: Audio Spatialization Plugin: None (built-in).
[2025.07.17-02.20.58:513][471]LogAudio: Display: Audio Reverb Plugin: None (built-in).
[2025.07.17-02.20.58:513][471]LogAudio: Display: Audio Occlusion Plugin: None (built-in).
[2025.07.17-02.20.58:514][471]LogAudioMixer: Display: Initializing audio mixer.
[2025.07.17-02.20.58:521][471]LogAudioMixer: Display: 0: FrontLeft
[2025.07.17-02.20.58:521][471]LogAudioMixer: Display: 1: FrontRight
[2025.07.17-02.20.58:539][471]LogAudioMixer: Display: Using Audio Device Headphones (SOUNDPEATS Mini HS Stereo)
[2025.07.17-02.20.58:540][471]LogAudioMixer: Display: Initializing Sound Submixes...
[2025.07.17-02.20.58:540][471]LogAudioMixer: Display: Creating Master Submix 'MasterSubmixDefault'
[2025.07.17-02.20.58:540][471]LogAudioMixer: Display: Creating Master Submix 'MasterReverbSubmixDefault'
[2025.07.17-02.20.58:540][471]LogAudioMixer: Display: Creating Master Submix 'MasterEQSubmixDefault'
[2025.07.17-02.20.58:540][471]LogAudioMixer: FMixerPlatformXAudio2::StartAudioStream() called
[2025.07.17-02.20.58:540][471]LogAudioMixer: Display: Output buffers initialized: Frames=1024, Channels=2, Samples=2048
[2025.07.17-02.20.58:542][471]LogAudioMixer: Display: Starting AudioMixerPlatformInterface::RunInternal()
[2025.07.17-02.20.58:542][471]LogAudioMixer: Display: FMixerPlatformXAudio2::SubmitBuffer() called for the first time
[2025.07.17-02.20.58:542][471]LogInit: FAudioDevice initialized.
[2025.07.17-02.20.58:542][471]LogAudio: Display: Audio Device (ID: 10) registered with world 'ThirdPersonExampleMap'.
[2025.07.17-02.20.58:554][471]LogLoad: Game class is 'ReglasJuego_C'
[2025.07.17-02.20.58:563][471]LogWorld: Bringing World /Game/ThirdPersonBP/Maps/UEDPIE_0_ThirdPersonExampleMap.ThirdPersonExampleMap up for play (max tick rate 60) at 2025.07.16-23.20.58
[2025.07.17-02.20.58:563][471]LogWorld: Bringing up level for play took: 0.008281
[2025.07.17-02.20.58:563][471]LogOnline: OSS: Creating online subsystem instance for: :Context_28
[2025.07.17-02.20.58:566][471]LogBlueprintUserMessages: [plataforma_2] Buenas buenas!
[2025.07.17-02.20.58:568][471]PIE: Server logged in
[2025.07.17-02.20.58:569][471]PIE: Play in editor total start time 0.156 seconds.
[2025.07.17-02.21.00:811][600]LogBlueprintUserMessages: [ReglasJuego_C_0] El puntaje subio!
[2025.07.17-02.21.00:811][600]LogBlueprintUserMessages: [ReglasJuego_C_0] 2
[2025.07.17-02.21.01:145][620]LogBlueprintUserMessages: [ReglasJuego_C_0] El puntaje subio!
[2025.07.17-02.21.01:145][620]LogBlueprintUserMessages: [ReglasJuego_C_0] 4
[2025.07.17-02.21.01:381][634]LogBlueprintUserMessages: [bala_C_4] Le reste 25 al bad fella
[2025.07.17-02.21.02:749][710]LogSlate: Updating window title bar state: overlay mode, drag disabled, window buttons hidden, title bar hidden
[2025.07.17-02.21.02:749][710]LogWorld: BeginTearingDown for /Game/ThirdPersonBP/Maps/UEDPIE_0_ThirdPersonExampleMap
[2025.07.17-02.21.02:750][710]LogWorld: UWorld::CleanupWorld for ThirdPersonExampleMap, bSessionEnded=true, bCleanupResources=true
[2025.07.17-02.21.02:751][710]LogSlate: InvalidateAllWidgets triggered.  All widgets were invalidated
[2025.07.17-02.21.02:763][710]LogPlayLevel: Display: Shutting down PIE online subsystems
[2025.07.17-02.21.02:776][710]LogSlate: InvalidateAllWidgets triggered.  All widgets were invalidated
[2025.07.17-02.21.02:786][710]LogAudio: Display: Audio Device unregistered from world 'None'.
[2025.07.17-02.21.02:786][710]LogAudioMixer: FMixerPlatformXAudio2::StopAudioStream() called
[2025.07.17-02.21.02:788][710]LogAudioMixer: FMixerPlatformXAudio2::StopAudioStream() called
[2025.07.17-02.21.02:791][710]LogSlate: Updating window title bar state: overlay mode, drag disabled, window buttons hidden, title bar hidden
[2025.07.17-02.21.02:794][710]LogUObjectHash: Compacting FUObjectHashTables data took   1.13ms
[2025.07.17-02.21.02:834][711]LogPlayLevel: Display: Destroying online subsystem :Context_28
[2025.07.17-02.21.07:349][915]LogTemp: Repeating last play command: Selected Viewport
[2025.07.17-02.21.07:395][915]LogPlayLevel: PlayLevel: No blueprints needed recompiling
[2025.07.17-02.21.07:395][915]PIE: New page: PIE session: ThirdPersonExampleMap (Jul 16, 2025, 8:21:07 PM)
[2025.07.17-02.21.07:425][915]LogPlayLevel: Creating play world package: /Game/ThirdPersonBP/Maps/UEDPIE_0_ThirdPersonExampleMap
[2025.07.17-02.21.07:472][915]LogPlayLevel: PIE: StaticDuplicateObject took: (0.046545s)
[2025.07.17-02.21.07:473][915]LogAIModule: Creating AISystem for world ThirdPersonExampleMap
[2025.07.17-02.21.07:474][915]LogPlayLevel: PIE: World Init took: (0.001841s)
[2025.07.17-02.21.07:474][915]LogPlayLevel: PIE: Created PIE world by copying editor world from /Game/ThirdPersonBP/Maps/ThirdPersonExampleMap.ThirdPersonExampleMap to /Game/ThirdPersonBP/Maps/UEDPIE_0_ThirdPersonExampleMap.ThirdPersonExampleMap (0.048872s)
[2025.07.17-02.21.07:498][915]LogUObjectHash: Compacting FUObjectHashTables data took   1.04ms
[2025.07.17-02.21.07:501][915]LogAudio: Display: Creating Audio Device:                 Id: 11, Scope: Unique, Realtime: True
[2025.07.17-02.21.07:501][915]LogAudioMixer: Display: Audio Mixer Platform Settings:
[2025.07.17-02.21.07:501][915]LogAudioMixer: Display: 	Sample Rate:						  48000
[2025.07.17-02.21.07:501][915]LogAudioMixer: Display: 	Callback Buffer Frame Size Requested: 1024
[2025.07.17-02.21.07:501][915]LogAudioMixer: Display: 	Callback Buffer Frame Size To Use:	  1024
[2025.07.17-02.21.07:501][915]LogAudioMixer: Display: 	Number of buffers to queue:			  2
[2025.07.17-02.21.07:501][915]LogAudioMixer: Display: 	Max Channels (voices):				  32
[2025.07.17-02.21.07:501][915]LogAudioMixer: Display: 	Number of Async Source Workers:		  0
[2025.07.17-02.21.07:501][915]LogAudio: Display: AudioDevice MaxSources: 32
[2025.07.17-02.21.07:502][915]LogAudio: Display: Audio Spatialization Plugin: None (built-in).
[2025.07.17-02.21.07:502][915]LogAudio: Display: Audio Reverb Plugin: None (built-in).
[2025.07.17-02.21.07:502][915]LogAudio: Display: Audio Occlusion Plugin: None (built-in).
[2025.07.17-02.21.07:502][915]LogAudioMixer: Display: Initializing audio mixer.
[2025.07.17-02.21.07:509][915]LogAudioMixer: Display: 0: FrontLeft
[2025.07.17-02.21.07:509][915]LogAudioMixer: Display: 1: FrontRight
[2025.07.17-02.21.07:530][915]LogAudioMixer: Display: Using Audio Device Headphones (SOUNDPEATS Mini HS Stereo)
[2025.07.17-02.21.07:530][915]LogAudioMixer: Display: Initializing Sound Submixes...
[2025.07.17-02.21.07:531][915]LogAudioMixer: Display: Creating Master Submix 'MasterSubmixDefault'
[2025.07.17-02.21.07:531][915]LogAudioMixer: Display: Creating Master Submix 'MasterReverbSubmixDefault'
[2025.07.17-02.21.07:531][915]LogAudioMixer: Display: Creating Master Submix 'MasterEQSubmixDefault'
[2025.07.17-02.21.07:531][915]LogAudioMixer: FMixerPlatformXAudio2::StartAudioStream() called
[2025.07.17-02.21.07:531][915]LogAudioMixer: Display: Output buffers initialized: Frames=1024, Channels=2, Samples=2048
[2025.07.17-02.21.07:533][915]LogAudioMixer: Display: Starting AudioMixerPlatformInterface::RunInternal()
[2025.07.17-02.21.07:533][915]LogAudioMixer: Display: FMixerPlatformXAudio2::SubmitBuffer() called for the first time
[2025.07.17-02.21.07:533][915]LogInit: FAudioDevice initialized.
[2025.07.17-02.21.07:533][915]LogAudio: Display: Audio Device (ID: 11) registered with world 'ThirdPersonExampleMap'.
[2025.07.17-02.21.07:548][915]LogLoad: Game class is 'ReglasJuego_C'
[2025.07.17-02.21.07:559][915]LogWorld: Bringing World /Game/ThirdPersonBP/Maps/UEDPIE_0_ThirdPersonExampleMap.ThirdPersonExampleMap up for play (max tick rate 60) at 2025.07.16-23.21.07
[2025.07.17-02.21.07:560][915]LogWorld: Bringing up level for play took: 0.010425
[2025.07.17-02.21.07:560][915]LogOnline: OSS: Creating online subsystem instance for: :Context_29
[2025.07.17-02.21.07:563][915]LogBlueprintUserMessages: [plataforma_2] Buenas buenas!
[2025.07.17-02.21.07:566][915]PIE: Server logged in
[2025.07.17-02.21.07:567][915]PIE: Play in editor total start time 0.198 seconds.
[2025.07.17-02.21.09:866][ 38]LogBlueprintUserMessages: [ReglasJuego_C_0] El puntaje subio!
[2025.07.17-02.21.09:866][ 38]LogBlueprintUserMessages: [ReglasJuego_C_0] 2
[2025.07.17-02.21.10:243][ 60]LogBlueprintUserMessages: [ReglasJuego_C_0] El puntaje subio!
[2025.07.17-02.21.10:244][ 60]LogBlueprintUserMessages: [ReglasJuego_C_0] 4
[2025.07.17-02.21.11:365][127]LogBlueprintUserMessages: [bala_C_4] El peoncito perdio 10 de vida!!!!
[2025.07.17-02.21.12:267][181]LogBlueprintUserMessages: [bala_C_5] El peoncito perdio 10 de vida!!!!
[2025.07.17-02.21.12:369][187]LogBlueprintUserMessages: [bala_C_6] El peoncito perdio 10 de vida!!!!
[2025.07.17-02.21.13:358][245]LogBlueprintUserMessages: [bala_C_11] Le reste 25 al bad fella
[2025.07.17-02.21.16:358][425]LogBlueprintUserMessages: [bala_C_18] Le reste 25 al bad fella
[2025.07.17-02.21.19:785][619]LogBlueprintUserMessages: [bala_C_24] El peoncito perdio 10 de vida!!!!
[2025.07.17-02.21.22:379][768]LogBlueprintUserMessages: [bala_C_32] Le reste 25 al bad fella
[2025.07.17-02.21.24:291][878]LogSlate: Updating window title bar state: overlay mode, drag disabled, window buttons hidden, title bar hidden
[2025.07.17-02.21.24:291][878]LogWorld: BeginTearingDown for /Game/ThirdPersonBP/Maps/UEDPIE_0_ThirdPersonExampleMap
[2025.07.17-02.21.24:291][878]LogWorld: UWorld::CleanupWorld for ThirdPersonExampleMap, bSessionEnded=true, bCleanupResources=true
[2025.07.17-02.21.24:292][878]LogSlate: InvalidateAllWidgets triggered.  All widgets were invalidated
[2025.07.17-02.21.24:300][878]LogPlayLevel: Display: Shutting down PIE online subsystems
[2025.07.17-02.21.24:313][878]LogSlate: InvalidateAllWidgets triggered.  All widgets were invalidated
[2025.07.17-02.21.24:323][878]LogAudio: Display: Audio Device unregistered from world 'None'.
[2025.07.17-02.21.24:323][878]LogAudioMixer: FMixerPlatformXAudio2::StopAudioStream() called
[2025.07.17-02.21.24:325][878]LogAudioMixer: FMixerPlatformXAudio2::StopAudioStream() called
[2025.07.17-02.21.24:328][878]LogSlate: Updating window title bar state: overlay mode, drag disabled, window buttons hidden, title bar hidden
[2025.07.17-02.21.24:331][878]LogUObjectHash: Compacting FUObjectHashTables data took   1.24ms
[2025.07.17-02.21.24:384][879]LogPlayLevel: Display: Destroying online subsystem :Context_29
[2025.07.17-02.21.26:409][990]LogEditorViewport: Clicking on Actor (LMB): StaticMeshActor (Wall7)
[2025.07.17-02.21.40:157][742]LogEditorViewport: Clicking on Actor (LMB): StaticMeshActor (Wall11)
[2025.07.17-02.21.46:810][ 58]LogEditorViewport: Clicking on Actor (LMB): BP_GoodSky_C (BP_GoodSky)
[2025.07.17-02.21.53:013][382]LogEditorViewport: Clicking on Actor (LMB): StaticMeshActor (Wall10)
[2025.07.17-02.21.59:730][758]LogEditorViewport: Clicking on Actor (LMB): StaticMeshActor (Wall9)
[2025.07.17-02.22.05:148][ 74]LogTemp: Repeating last play command: Selected Viewport
[2025.07.17-02.22.05:187][ 74]LogPlayLevel: PlayLevel: No blueprints needed recompiling
[2025.07.17-02.22.05:187][ 74]PIE: New page: PIE session: ThirdPersonExampleMap (Jul 16, 2025, 8:22:05 PM)
[2025.07.17-02.22.05:187][ 74]LogPlayLevel: Creating play world package: /Game/ThirdPersonBP/Maps/UEDPIE_0_ThirdPersonExampleMap
[2025.07.17-02.22.05:221][ 74]LogPlayLevel: PIE: StaticDuplicateObject took: (0.034400s)
[2025.07.17-02.22.05:224][ 74]LogAIModule: Creating AISystem for world ThirdPersonExampleMap
[2025.07.17-02.22.05:224][ 74]LogPlayLevel: PIE: World Init took: (0.002826s)
[2025.07.17-02.22.05:225][ 74]LogPlayLevel: PIE: Created PIE world by copying editor world from /Game/ThirdPersonBP/Maps/ThirdPersonExampleMap.ThirdPersonExampleMap to /Game/ThirdPersonBP/Maps/UEDPIE_0_ThirdPersonExampleMap.ThirdPersonExampleMap (0.037662s)
[2025.07.17-02.22.05:243][ 74]LogUObjectHash: Compacting FUObjectHashTables data took   1.74ms
[2025.07.17-02.22.05:245][ 74]LogAudio: Display: Creating Audio Device:                 Id: 12, Scope: Unique, Realtime: True
[2025.07.17-02.22.05:245][ 74]LogAudioMixer: Display: Audio Mixer Platform Settings:
[2025.07.17-02.22.05:245][ 74]LogAudioMixer: Display: 	Sample Rate:						  48000
[2025.07.17-02.22.05:245][ 74]LogAudioMixer: Display: 	Callback Buffer Frame Size Requested: 1024
[2025.07.17-02.22.05:245][ 74]LogAudioMixer: Display: 	Callback Buffer Frame Size To Use:	  1024
[2025.07.17-02.22.05:245][ 74]LogAudioMixer: Display: 	Number of buffers to queue:			  2
[2025.07.17-02.22.05:246][ 74]LogAudioMixer: Display: 	Max Channels (voices):				  32
[2025.07.17-02.22.05:246][ 74]LogAudioMixer: Display: 	Number of Async Source Workers:		  0
[2025.07.17-02.22.05:246][ 74]LogAudio: Display: AudioDevice MaxSources: 32
[2025.07.17-02.22.05:247][ 74]LogAudio: Display: Audio Spatialization Plugin: None (built-in).
[2025.07.17-02.22.05:247][ 74]LogAudio: Display: Audio Reverb Plugin: None (built-in).
[2025.07.17-02.22.05:247][ 74]LogAudio: Display: Audio Occlusion Plugin: None (built-in).
[2025.07.17-02.22.05:247][ 74]LogAudioMixer: Display: Initializing audio mixer.
[2025.07.17-02.22.05:259][ 74]LogAudioMixer: Display: 0: FrontLeft
[2025.07.17-02.22.05:259][ 74]LogAudioMixer: Display: 1: FrontRight
[2025.07.17-02.22.05:284][ 74]LogAudioMixer: Display: Using Audio Device Headphones (SOUNDPEATS Mini HS Stereo)
[2025.07.17-02.22.05:285][ 74]LogAudioMixer: Display: Initializing Sound Submixes...
[2025.07.17-02.22.05:285][ 74]LogAudioMixer: Display: Creating Master Submix 'MasterSubmixDefault'
[2025.07.17-02.22.05:285][ 74]LogAudioMixer: Display: Creating Master Submix 'MasterReverbSubmixDefault'
[2025.07.17-02.22.05:286][ 74]LogAudioMixer: Display: Creating Master Submix 'MasterEQSubmixDefault'
[2025.07.17-02.22.05:286][ 74]LogAudioMixer: FMixerPlatformXAudio2::StartAudioStream() called
[2025.07.17-02.22.05:286][ 74]LogAudioMixer: Display: Output buffers initialized: Frames=1024, Channels=2, Samples=2048
[2025.07.17-02.22.05:288][ 74]LogAudioMixer: Display: Starting AudioMixerPlatformInterface::RunInternal()
[2025.07.17-02.22.05:288][ 74]LogAudioMixer: Display: FMixerPlatformXAudio2::SubmitBuffer() called for the first time
[2025.07.17-02.22.05:288][ 74]LogInit: FAudioDevice initialized.
[2025.07.17-02.22.05:288][ 74]LogAudio: Display: Audio Device (ID: 12) registered with world 'ThirdPersonExampleMap'.
[2025.07.17-02.22.05:299][ 74]LogLoad: Game class is 'ReglasJuego_C'
[2025.07.17-02.22.05:312][ 74]LogWorld: Bringing World /Game/ThirdPersonBP/Maps/UEDPIE_0_ThirdPersonExampleMap.ThirdPersonExampleMap up for play (max tick rate 60) at 2025.07.16-23.22.05
[2025.07.17-02.22.05:313][ 74]LogWorld: Bringing up level for play took: 0.012904
[2025.07.17-02.22.05:313][ 74]LogOnline: OSS: Creating online subsystem instance for: :Context_30
[2025.07.17-02.22.05:317][ 74]LogBlueprintUserMessages: [plataforma_2] Buenas buenas!
[2025.07.17-02.22.05:321][ 74]PIE: Server logged in
[2025.07.17-02.22.05:322][ 74]PIE: Play in editor total start time 0.156 seconds.
[2025.07.17-02.22.11:145][410]LogBlueprintUserMessages: [bala_C_10] Le reste 25 al bad fella
[2025.07.17-02.22.11:146][410]LogBlueprintUserMessages: [bala_C_11] Le reste 25 al bad fella
[2025.07.17-02.22.14:161][590]LogBlueprintUserMessages: [bala_C_19] Le reste 25 al bad fella
[2025.07.17-02.22.15:759][686]LogBlueprintUserMessages: [ReglasJuego_C_0] El puntaje subio!
[2025.07.17-02.22.15:759][686]LogBlueprintUserMessages: [ReglasJuego_C_0] 2
[2025.07.17-02.22.17:969][818]LogBlueprintUserMessages: [ReglasJuego_C_0] El puntaje subio!
[2025.07.17-02.22.17:969][818]LogBlueprintUserMessages: [ReglasJuego_C_0] 4
[2025.07.17-02.22.23:195][129]LogBlueprintUserMessages: [bala_C_38] Le reste 25 al bad fella
[2025.07.17-02.22.23:777][164]LogBlueprintUserMessages: [ReglasJuego_C_0] El puntaje subio!
[2025.07.17-02.22.23:777][164]LogBlueprintUserMessages: [ReglasJuego_C_0] 6
[2025.07.17-02.22.24:012][178]LogBlueprintUserMessages: [ReglasJuego_C_0] El puntaje subio!
[2025.07.17-02.22.24:012][178]LogBlueprintUserMessages: [ReglasJuego_C_0] 8
[2025.07.17-02.22.25:366][259]LogBlueprintUserMessages: [bala_C_43] El peoncito perdio 10 de vida!!!!
[2025.07.17-02.22.26:202][309]LogBlueprintUserMessages: [bala_C_46] Le reste 25 al bad fella
[2025.07.17-02.22.26:410][321]LogBlueprintUserMessages: [bala_C_45] El peoncito perdio 10 de vida!!!!
[2025.07.17-02.22.26:864][347]LogBlueprintUserMessages: [bala_C_42] El peoncito perdio 10 de vida!!!!
[2025.07.17-02.22.27:463][383]LogBlueprintUserMessages: [bala_C_49] El peoncito perdio 10 de vida!!!!
[2025.07.17-02.22.27:764][401]LogBlueprintUserMessages: [bala_C_47] El peoncito perdio 10 de vida!!!!
[2025.07.17-02.22.27:913][410]LogBlueprintUserMessages: [bala_C_46] El peoncito perdio 10 de vida!!!!
[2025.07.17-02.22.32:215][659]LogBlueprintUserMessages: [bala_C_60] Le reste 25 al bad fella
[2025.07.17-02.22.32:233][660]LogBlueprintUserMessages: [bad_fella2_2] Bad fella  Destruido!
[2025.07.17-02.22.32:300][664]LogBlueprintUserMessages: [bala_C_60] El peoncito perdio 10 de vida!!!!
[2025.07.17-02.22.33:536][735]LogBlueprintUserMessages: [bala_C_56] Le reste 25 a la torreta
[2025.07.17-02.22.33:536][735]LogBlueprintUserMessages: [Torreta3_2] algo me ataveso!
[2025.07.17-02.22.33:586][738]LogBlueprintUserMessages: [bala_C_57] Le reste 25 a la torreta
[2025.07.17-02.22.33:587][738]LogBlueprintUserMessages: [Torreta_2] algo me ataveso!
[2025.07.17-02.22.34:409][787]LogBlueprintUserMessages: [ReglasJuego_C_0] El puntaje subio!
[2025.07.17-02.22.34:409][787]LogBlueprintUserMessages: [ReglasJuego_C_0] 10
[2025.07.17-02.22.34:586][797]LogBlueprintUserMessages: [peoncito_2] Te queda de vida:
[2025.07.17-02.22.34:586][797]LogBlueprintUserMessages: [peoncito_2] 28.0
[2025.07.17-02.22.34:602][798]LogBlueprintUserMessages: [peoncito_2] Te queda de vida:
[2025.07.17-02.22.34:602][798]LogBlueprintUserMessages: [peoncito_2] 26.0
[2025.07.17-02.22.34:620][799]LogBlueprintUserMessages: [peoncito_2] Te queda de vida:
[2025.07.17-02.22.34:620][799]LogBlueprintUserMessages: [peoncito_2] 24.0
[2025.07.17-02.22.34:636][800]LogBlueprintUserMessages: [peoncito_2] Te queda de vida:
[2025.07.17-02.22.34:637][800]LogBlueprintUserMessages: [peoncito_2] 22.0
[2025.07.17-02.22.34:653][801]LogBlueprintUserMessages: [peoncito_2] Te queda de vida:
[2025.07.17-02.22.34:653][801]LogBlueprintUserMessages: [peoncito_2] 20.0
[2025.07.17-02.22.34:669][802]LogBlueprintUserMessages: [peoncito_2] Te queda de vida:
[2025.07.17-02.22.34:670][802]LogBlueprintUserMessages: [peoncito_2] 18.0
[2025.07.17-02.22.34:686][803]LogBlueprintUserMessages: [peoncito_2] Te queda de vida:
[2025.07.17-02.22.34:686][803]LogBlueprintUserMessages: [peoncito_2] 16.0
[2025.07.17-02.22.34:703][804]LogBlueprintUserMessages: [peoncito_2] Te queda de vida:
[2025.07.17-02.22.34:703][804]LogBlueprintUserMessages: [peoncito_2] 14.0
[2025.07.17-02.22.35:222][835]LogBlueprintUserMessages: [bala_C_67] Le reste 25 al bad fella
[2025.07.17-02.22.35:610][857]LogBlueprintUserMessages: [ReglasJuego_C_0] El puntaje subio!
[2025.07.17-02.22.35:610][857]LogBlueprintUserMessages: [ReglasJuego_C_0] 12
[2025.07.17-02.22.36:311][899]LogBlueprintUserMessages: [bala_C_70] El peoncito perdio 10 de vida!!!!
[2025.07.17-02.22.37:565][966]LogBlueprintUserMessages: [bala_C_72] El peoncito perdio 10 de vida!!!!
[2025.07.17-02.22.37:566][966]LogBlueprintUserMessages: [peoncito_2] El peoncito murio
[2025.07.17-02.22.37:566][966]LogBlueprintUserMessages: [ReglasJuego_C_0] Noo, perdiste!
[2025.07.17-02.22.37:577][966]LogScript: Warning: Accessed None trying to read property K2Node_DynamicCast_AsPeoncito
	BarraVIda_C /Engine/Transient.UnrealEdEngine_0:GameInstance_10.BarraVIda_C_0
	Function /Game/ThirdPersonBP/Blueprints/blueprints/BarraVIda.BarraVIda_C:GetText_0:0099
[2025.07.17-02.22.37:577][966]PIE: Error: Blueprint Runtime Error: "Accessed None trying to read property K2Node_DynamicCast_AsPeoncito". Blueprint:  BarraVIda Function:  Get Text 0 Graph:  GetText_0 Node:  Return Node
[2025.07.17-02.22.37:585][967]LogNet: Browse: /Game/ThirdPersonBP/Maps/Perdiste_Level
[2025.07.17-02.22.37:585][967]LogLoad: LoadMap: /Game/ThirdPersonBP/Maps/Perdiste_Level
[2025.07.17-02.22.37:585][967]LogWorld: BeginTearingDown for /Game/ThirdPersonBP/Maps/UEDPIE_0_ThirdPersonExampleMap
[2025.07.17-02.22.37:586][967]LogWorld: UWorld::CleanupWorld for ThirdPersonExampleMap, bSessionEnded=true, bCleanupResources=true
[2025.07.17-02.22.37:589][967]LogSlate: InvalidateAllWidgets triggered.  All widgets were invalidated
[2025.07.17-02.22.37:654][967]LogAudio: Display: Audio Device unregistered from world 'None'.
[2025.07.17-02.22.37:661][967]LogUObjectHash: Compacting FUObjectHashTables data took   2.11ms
[2025.07.17-02.22.37:716][967]LogAudio: Display: Audio Device (ID: 12) registered with world 'Perdiste_Level'.
[2025.07.17-02.22.37:717][967]LogAIModule: Creating AISystem for world Perdiste_Level
[2025.07.17-02.22.37:718][967]LogLoad: Game class is 'ReglasJuego_C'
[2025.07.17-02.22.37:775][967]LogWorld: Bringing World /Game/ThirdPersonBP/Maps/UEDPIE_0_Perdiste_Level.Perdiste_Level up for play (max tick rate 60) at 2025.07.16-23.22.37
[2025.07.17-02.22.37:776][967]LogWorld: Bringing up level for play took: 0.057214
[2025.07.17-02.22.37:776][967]LogGameMode: FindPlayerStart: PATHS NOT DEFINED or NO PLAYERSTART with positive rating
[2025.07.17-02.22.37:780][967]LogBlueprintUserMessages: [plataforma_2] Buenas buenas!
[2025.07.17-02.22.37:782][967]LogLoad: Took 0.196384 seconds to LoadMap(/Game/ThirdPersonBP/Maps/Perdiste_Level)
[2025.07.17-02.22.37:869][967]LogScript: Warning: Accessed None trying to read property K2Node_DynamicCast_AsPeoncito
	BarraVIda_C /Engine/Transient.UnrealEdEngine_0:GameInstance_10.BarraVIda_C_1
	Function /Game/ThirdPersonBP/Blueprints/blueprints/BarraVIda.BarraVIda_C:GetText_0:0099
[2025.07.17-02.22.37:869][967]PIE: Error: Blueprint Runtime Error: "Accessed None trying to read property K2Node_DynamicCast_AsPeoncito". Blueprint:  BarraVIda Function:  Get Text 0 Graph:  GetText_0 Node:  Return Node
[2025.07.17-02.22.37:884][968]LogScript: Warning: Accessed None trying to read property K2Node_DynamicCast_AsPeoncito
	BarraVIda_C /Engine/Transient.UnrealEdEngine_0:GameInstance_10.BarraVIda_C_1
	Function /Game/ThirdPersonBP/Blueprints/blueprints/BarraVIda.BarraVIda_C:GetText_0:0099
[2025.07.17-02.22.37:885][968]PIE: Error: Blueprint Runtime Error: "Accessed None trying to read property K2Node_DynamicCast_AsPeoncito". Blueprint:  BarraVIda Function:  Get Text 0 Graph:  GetText_0 Node:  Return Node
[2025.07.17-02.22.37:915][969]LogScript: Warning: Accessed None trying to read property K2Node_DynamicCast_AsPeoncito
	BarraVIda_C /Engine/Transient.UnrealEdEngine_0:GameInstance_10.BarraVIda_C_1
	Function /Game/ThirdPersonBP/Blueprints/blueprints/BarraVIda.BarraVIda_C:GetText_0:0099
[2025.07.17-02.22.37:916][969]PIE: Error: Blueprint Runtime Error: "Accessed None trying to read property K2Node_DynamicCast_AsPeoncito". Blueprint:  BarraVIda Function:  Get Text 0 Graph:  GetText_0 Node:  Return Node
[2025.07.17-02.22.37:931][970]LogScript: Warning: Accessed None trying to read property K2Node_DynamicCast_AsPeoncito
	BarraVIda_C /Engine/Transient.UnrealEdEngine_0:GameInstance_10.BarraVIda_C_1
	Function /Game/ThirdPersonBP/Blueprints/blueprints/BarraVIda.BarraVIda_C:GetText_0:0099
[2025.07.17-02.22.37:931][970]PIE: Error: Blueprint Runtime Error: "Accessed None trying to read property K2Node_DynamicCast_AsPeoncito". Blueprint:  BarraVIda Function:  Get Text 0 Graph:  GetText_0 Node:  Return Node
[2025.07.17-02.22.37:946][971]LogScript: Warning: Accessed None trying to read property K2Node_DynamicCast_AsPeoncito
	BarraVIda_C /Engine/Transient.UnrealEdEngine_0:GameInstance_10.BarraVIda_C_1
	Function /Game/ThirdPersonBP/Blueprints/blueprints/BarraVIda.BarraVIda_C:GetText_0:0099
[2025.07.17-02.22.37:946][971]PIE: Error: Blueprint Runtime Error: "Accessed None trying to read property K2Node_DynamicCast_AsPeoncito". Blueprint:  BarraVIda Function:  Get Text 0 Graph:  GetText_0 Node:  Return Node
[2025.07.17-02.22.37:962][972]LogScript: Warning: Accessed None trying to read property K2Node_DynamicCast_AsPeoncito
	BarraVIda_C /Engine/Transient.UnrealEdEngine_0:GameInstance_10.BarraVIda_C_1
	Function /Game/ThirdPersonBP/Blueprints/blueprints/BarraVIda.BarraVIda_C:GetText_0:0099
[2025.07.17-02.22.37:962][972]PIE: Error: Blueprint Runtime Error: "Accessed None trying to read property K2Node_DynamicCast_AsPeoncito". Blueprint:  BarraVIda Function:  Get Text 0 Graph:  GetText_0 Node:  Return Node
[2025.07.17-02.22.37:978][973]LogScript: Warning: Accessed None trying to read property K2Node_DynamicCast_AsPeoncito
	BarraVIda_C /Engine/Transient.UnrealEdEngine_0:GameInstance_10.BarraVIda_C_1
	Function /Game/ThirdPersonBP/Blueprints/blueprints/BarraVIda.BarraVIda_C:GetText_0:0099
[2025.07.17-02.22.37:979][973]PIE: Error: Blueprint Runtime Error: "Accessed None trying to read property K2Node_DynamicCast_AsPeoncito". Blueprint:  BarraVIda Function:  Get Text 0 Graph:  GetText_0 Node:  Return Node
[2025.07.17-02.22.37:996][974]LogScript: Warning: Accessed None trying to read property K2Node_DynamicCast_AsPeoncito
	BarraVIda_C /Engine/Transient.UnrealEdEngine_0:GameInstance_10.BarraVIda_C_1
	Function /Game/ThirdPersonBP/Blueprints/blueprints/BarraVIda.BarraVIda_C:GetText_0:0099
[2025.07.17-02.22.37:996][974]PIE: Error: Blueprint Runtime Error: "Accessed None trying to read property K2Node_DynamicCast_AsPeoncito". Blueprint:  BarraVIda Function:  Get Text 0 Graph:  GetText_0 Node:  Return Node
[2025.07.17-02.22.38:011][975]LogScript: Warning: Accessed None trying to read property K2Node_DynamicCast_AsPeoncito
	BarraVIda_C /Engine/Transient.UnrealEdEngine_0:GameInstance_10.BarraVIda_C_1
	Function /Game/ThirdPersonBP/Blueprints/blueprints/BarraVIda.BarraVIda_C:GetText_0:0099
[2025.07.17-02.22.38:011][975]PIE: Error: Blueprint Runtime Error: "Accessed None trying to read property K2Node_DynamicCast_AsPeoncito". Blueprint:  BarraVIda Function:  Get Text 0 Graph:  GetText_0 Node:  Return Node
[2025.07.17-02.22.38:028][976]LogScript: Warning: Accessed None trying to read property K2Node_DynamicCast_AsPeoncito
	BarraVIda_C /Engine/Transient.UnrealEdEngine_0:GameInstance_10.BarraVIda_C_1
	Function /Game/ThirdPersonBP/Blueprints/blueprints/BarraVIda.BarraVIda_C:GetText_0:0099
[2025.07.17-02.22.38:028][976]PIE: Error: Blueprint Runtime Error: "Accessed None trying to read property K2Node_DynamicCast_AsPeoncito". Blueprint:  BarraVIda Function:  Get Text 0 Graph:  GetText_0 Node:  Return Node
[2025.07.17-02.22.38:045][977]LogScript: Warning: Accessed None trying to read property K2Node_DynamicCast_AsPeoncito
	BarraVIda_C /Engine/Transient.UnrealEdEngine_0:GameInstance_10.BarraVIda_C_1
	Function /Game/ThirdPersonBP/Blueprints/blueprints/BarraVIda.BarraVIda_C:GetText_0:0099
[2025.07.17-02.22.38:045][977]PIE: Error: Blueprint Runtime Error: "Accessed None trying to read property K2Node_DynamicCast_AsPeoncito". Blueprint:  BarraVIda Function:  Get Text 0 Graph:  GetText_0 Node:  Return Node
[2025.07.17-02.22.38:062][978]LogScript: Warning: Accessed None trying to read property K2Node_DynamicCast_AsPeoncito
	BarraVIda_C /Engine/Transient.UnrealEdEngine_0:GameInstance_10.BarraVIda_C_1
	Function /Game/ThirdPersonBP/Blueprints/blueprints/BarraVIda.BarraVIda_C:GetText_0:0099
[2025.07.17-02.22.38:062][978]PIE: Error: Blueprint Runtime Error: "Accessed None trying to read property K2Node_DynamicCast_AsPeoncito". Blueprint:  BarraVIda Function:  Get Text 0 Graph:  GetText_0 Node:  Return Node
[2025.07.17-02.22.38:080][979]LogScript: Warning: Accessed None trying to read property K2Node_DynamicCast_AsPeoncito
	BarraVIda_C /Engine/Transient.UnrealEdEngine_0:GameInstance_10.BarraVIda_C_1
	Function /Game/ThirdPersonBP/Blueprints/blueprints/BarraVIda.BarraVIda_C:GetText_0:0099
[2025.07.17-02.22.38:080][979]PIE: Error: Blueprint Runtime Error: "Accessed None trying to read property K2Node_DynamicCast_AsPeoncito". Blueprint:  BarraVIda Function:  Get Text 0 Graph:  GetText_0 Node:  Return Node
[2025.07.17-02.22.38:096][980]LogScript: Warning: Accessed None trying to read property K2Node_DynamicCast_AsPeoncito
	BarraVIda_C /Engine/Transient.UnrealEdEngine_0:GameInstance_10.BarraVIda_C_1
	Function /Game/ThirdPersonBP/Blueprints/blueprints/BarraVIda.BarraVIda_C:GetText_0:0099
[2025.07.17-02.22.38:096][980]PIE: Error: Blueprint Runtime Error: "Accessed None trying to read property K2Node_DynamicCast_AsPeoncito". Blueprint:  BarraVIda Function:  Get Text 0 Graph:  GetText_0 Node:  Return Node
[2025.07.17-02.22.38:112][981]LogScript: Warning: Accessed None trying to read property K2Node_DynamicCast_AsPeoncito
	BarraVIda_C /Engine/Transient.UnrealEdEngine_0:GameInstance_10.BarraVIda_C_1
	Function /Game/ThirdPersonBP/Blueprints/blueprints/BarraVIda.BarraVIda_C:GetText_0:0099
[2025.07.17-02.22.38:112][981]PIE: Error: Blueprint Runtime Error: "Accessed None trying to read property K2Node_DynamicCast_AsPeoncito". Blueprint:  BarraVIda Function:  Get Text 0 Graph:  GetText_0 Node:  Return Node
[2025.07.17-02.22.38:128][982]LogScript: Warning: Accessed None trying to read property K2Node_DynamicCast_AsPeoncito
	BarraVIda_C /Engine/Transient.UnrealEdEngine_0:GameInstance_10.BarraVIda_C_1
	Function /Game/ThirdPersonBP/Blueprints/blueprints/BarraVIda.BarraVIda_C:GetText_0:0099
[2025.07.17-02.22.38:129][982]PIE: Error: Blueprint Runtime Error: "Accessed None trying to read property K2Node_DynamicCast_AsPeoncito". Blueprint:  BarraVIda Function:  Get Text 0 Graph:  GetText_0 Node:  Return Node
[2025.07.17-02.22.38:145][983]PIE: Error: Blueprint Runtime Error: "Accessed None trying to read property K2Node_DynamicCast_AsPeoncito". Blueprint:  BarraVIda Function:  Get Text 0 Graph:  GetText_0 Node:  Return Node
[2025.07.17-02.22.38:162][984]PIE: Error: Blueprint Runtime Error: "Accessed None trying to read property K2Node_DynamicCast_AsPeoncito". Blueprint:  BarraVIda Function:  Get Text 0 Graph:  GetText_0 Node:  Return Node
[2025.07.17-02.22.38:181][985]PIE: Error: Blueprint Runtime Error: "Accessed None trying to read property K2Node_DynamicCast_AsPeoncito". Blueprint:  BarraVIda Function:  Get Text 0 Graph:  GetText_0 Node:  Return Node
[2025.07.17-02.22.38:195][986]PIE: Error: Blueprint Runtime Error: "Accessed None trying to read property K2Node_DynamicCast_AsPeoncito". Blueprint:  BarraVIda Function:  Get Text 0 Graph:  GetText_0 Node:  Return Node
[2025.07.17-02.22.38:211][987]PIE: Error: Blueprint Runtime Error: "Accessed None trying to read property K2Node_DynamicCast_AsPeoncito". Blueprint:  BarraVIda Function:  Get Text 0 Graph:  GetText_0 Node:  Return Node
[2025.07.17-02.22.38:229][988]PIE: Error: Blueprint Runtime Error: "Accessed None trying to read property K2Node_DynamicCast_AsPeoncito". Blueprint:  BarraVIda Function:  Get Text 0 Graph:  GetText_0 Node:  Return Node
[2025.07.17-02.22.38:245][989]PIE: Error: Blueprint Runtime Error: "Accessed None trying to read property K2Node_DynamicCast_AsPeoncito". Blueprint:  BarraVIda Function:  Get Text 0 Graph:  GetText_0 Node:  Return Node
[2025.07.17-02.22.38:261][990]PIE: Error: Blueprint Runtime Error: "Accessed None trying to read property K2Node_DynamicCast_AsPeoncito". Blueprint:  BarraVIda Function:  Get Text 0 Graph:  GetText_0 Node:  Return Node
[2025.07.17-02.22.38:279][991]PIE: Error: Blueprint Runtime Error: "Accessed None trying to read property K2Node_DynamicCast_AsPeoncito". Blueprint:  BarraVIda Function:  Get Text 0 Graph:  GetText_0 Node:  Return Node
[2025.07.17-02.22.38:294][992]PIE: Error: Blueprint Runtime Error: "Accessed None trying to read property K2Node_DynamicCast_AsPeoncito". Blueprint:  BarraVIda Function:  Get Text 0 Graph:  GetText_0 Node:  Return Node
[2025.07.17-02.22.38:311][993]PIE: Error: Blueprint Runtime Error: "Accessed None trying to read property K2Node_DynamicCast_AsPeoncito". Blueprint:  BarraVIda Function:  Get Text 0 Graph:  GetText_0 Node:  Return Node
[2025.07.17-02.22.38:327][994]PIE: Error: Blueprint Runtime Error: "Accessed None trying to read property K2Node_DynamicCast_AsPeoncito". Blueprint:  BarraVIda Function:  Get Text 0 Graph:  GetText_0 Node:  Return Node
[2025.07.17-02.22.38:346][995]PIE: Error: Blueprint Runtime Error: "Accessed None trying to read property K2Node_DynamicCast_AsPeoncito". Blueprint:  BarraVIda Function:  Get Text 0 Graph:  GetText_0 Node:  Return Node
[2025.07.17-02.22.38:362][996]PIE: Error: Blueprint Runtime Error: "Accessed None trying to read property K2Node_DynamicCast_AsPeoncito". Blueprint:  BarraVIda Function:  Get Text 0 Graph:  GetText_0 Node:  Return Node
[2025.07.17-02.22.38:380][997]PIE: Error: Blueprint Runtime Error: "Accessed None trying to read property K2Node_DynamicCast_AsPeoncito". Blueprint:  BarraVIda Function:  Get Text 0 Graph:  GetText_0 Node:  Return Node
[2025.07.17-02.22.38:396][998]PIE: Error: Blueprint Runtime Error: "Accessed None trying to read property K2Node_DynamicCast_AsPeoncito". Blueprint:  BarraVIda Function:  Get Text 0 Graph:  GetText_0 Node:  Return Node
[2025.07.17-02.22.38:413][999]PIE: Error: Blueprint Runtime Error: "Accessed None trying to read property K2Node_DynamicCast_AsPeoncito". Blueprint:  BarraVIda Function:  Get Text 0 Graph:  GetText_0 Node:  Return Node
[2025.07.17-02.22.38:459][  0]PIE: Error: Blueprint Runtime Error: "Accessed None trying to read property K2Node_DynamicCast_AsPeoncito". Blueprint:  BarraVIda Function:  Get Text 0 Graph:  GetText_0 Node:  Return Node
[2025.07.17-02.22.38:556][  1]LogSlate: Updating window title bar state: overlay mode, drag disabled, window buttons hidden, title bar hidden
[2025.07.17-02.22.38:556][  1]LogWorld: BeginTearingDown for /Game/ThirdPersonBP/Maps/UEDPIE_0_Perdiste_Level
[2025.07.17-02.22.38:556][  1]LogWorld: UWorld::CleanupWorld for Perdiste_Level, bSessionEnded=true, bCleanupResources=true
[2025.07.17-02.22.38:557][  1]LogSlate: InvalidateAllWidgets triggered.  All widgets were invalidated
[2025.07.17-02.22.38:569][  1]LogPlayLevel: Display: Shutting down PIE online subsystems
[2025.07.17-02.22.38:589][  1]LogSlate: InvalidateAllWidgets triggered.  All widgets were invalidated
[2025.07.17-02.22.38:595][  1]LogSlate: Updating window title bar state: overlay mode, drag disabled, window buttons hidden, title bar hidden
[2025.07.17-02.22.38:596][  1]LogAudioMixer: FMixerPlatformXAudio2::StopAudioStream() called
[2025.07.17-02.22.38:597][  1]LogAudioMixer: FMixerPlatformXAudio2::StopAudioStream() called
[2025.07.17-02.22.38:602][  1]LogUObjectHash: Compacting FUObjectHashTables data took   1.02ms
[2025.07.17-02.22.38:807][  1]LogSlate: Took 0.000246 seconds to synchronously load lazily loaded font '../../../Engine/Content/Slate/Fonts/DroidSansMono.ttf' (77K)
[2025.07.17-02.22.38:837][  2]LogPlayLevel: Display: Destroying online subsystem :Context_30
[2025.07.17-02.22.41:440][128]LogSlate: Window 'Message Log' being destroyed
[2025.07.17-02.22.41:454][128]LogSlate: Window 'Message Log' being destroyed
[2025.07.17-02.22.52:781][779]LogTemp: Repeating last play command: Selected Viewport
[2025.07.17-02.22.52:821][779]LogPlayLevel: PlayLevel: No blueprints needed recompiling
[2025.07.17-02.22.52:821][779]PIE: New page: PIE session: ThirdPersonExampleMap (Jul 16, 2025, 8:22:52 PM)
[2025.07.17-02.22.52:821][779]LogPlayLevel: Creating play world package: /Game/ThirdPersonBP/Maps/UEDPIE_0_ThirdPersonExampleMap
[2025.07.17-02.22.52:856][779]LogPlayLevel: PIE: StaticDuplicateObject took: (0.034792s)
[2025.07.17-02.22.52:858][779]LogAIModule: Creating AISystem for world ThirdPersonExampleMap
[2025.07.17-02.22.52:858][779]LogPlayLevel: PIE: World Init took: (0.001959s)
[2025.07.17-02.22.52:858][779]LogPlayLevel: PIE: Created PIE world by copying editor world from /Game/ThirdPersonBP/Maps/ThirdPersonExampleMap.ThirdPersonExampleMap to /Game/ThirdPersonBP/Maps/UEDPIE_0_ThirdPersonExampleMap.ThirdPersonExampleMap (0.037048s)
[2025.07.17-02.22.52:895][779]LogUObjectHash: Compacting FUObjectHashTables data took   1.48ms
[2025.07.17-02.22.52:898][779]LogAudio: Display: Creating Audio Device:                 Id: 13, Scope: Unique, Realtime: True
[2025.07.17-02.22.52:898][779]LogAudioMixer: Display: Audio Mixer Platform Settings:
[2025.07.17-02.22.52:898][779]LogAudioMixer: Display: 	Sample Rate:						  48000
[2025.07.17-02.22.52:898][779]LogAudioMixer: Display: 	Callback Buffer Frame Size Requested: 1024
[2025.07.17-02.22.52:898][779]LogAudioMixer: Display: 	Callback Buffer Frame Size To Use:	  1024
[2025.07.17-02.22.52:898][779]LogAudioMixer: Display: 	Number of buffers to queue:			  2
[2025.07.17-02.22.52:898][779]LogAudioMixer: Display: 	Max Channels (voices):				  32
[2025.07.17-02.22.52:898][779]LogAudioMixer: Display: 	Number of Async Source Workers:		  0
[2025.07.17-02.22.52:898][779]LogAudio: Display: AudioDevice MaxSources: 32
[2025.07.17-02.22.52:899][779]LogAudio: Display: Audio Spatialization Plugin: None (built-in).
[2025.07.17-02.22.52:899][779]LogAudio: Display: Audio Reverb Plugin: None (built-in).
[2025.07.17-02.22.52:899][779]LogAudio: Display: Audio Occlusion Plugin: None (built-in).
[2025.07.17-02.22.52:899][779]LogAudioMixer: Display: Initializing audio mixer.
[2025.07.17-02.22.52:907][779]LogAudioMixer: Display: 0: FrontLeft
[2025.07.17-02.22.52:907][779]LogAudioMixer: Display: 1: FrontRight
[2025.07.17-02.22.52:925][779]LogAudioMixer: Display: Using Audio Device Headphones (SOUNDPEATS Mini HS Stereo)
[2025.07.17-02.22.52:926][779]LogAudioMixer: Display: Initializing Sound Submixes...
[2025.07.17-02.22.52:926][779]LogAudioMixer: Display: Creating Master Submix 'MasterSubmixDefault'
[2025.07.17-02.22.52:926][779]LogAudioMixer: Display: Creating Master Submix 'MasterReverbSubmixDefault'
[2025.07.17-02.22.52:926][779]LogAudioMixer: Display: Creating Master Submix 'MasterEQSubmixDefault'
[2025.07.17-02.22.52:926][779]LogAudioMixer: FMixerPlatformXAudio2::StartAudioStream() called
[2025.07.17-02.22.52:926][779]LogAudioMixer: Display: Output buffers initialized: Frames=1024, Channels=2, Samples=2048
[2025.07.17-02.22.52:928][779]LogAudioMixer: Display: Starting AudioMixerPlatformInterface::RunInternal()
[2025.07.17-02.22.52:928][779]LogAudioMixer: Display: FMixerPlatformXAudio2::SubmitBuffer() called for the first time
[2025.07.17-02.22.52:928][779]LogInit: FAudioDevice initialized.
[2025.07.17-02.22.52:928][779]LogAudio: Display: Audio Device (ID: 13) registered with world 'ThirdPersonExampleMap'.
[2025.07.17-02.22.52:941][779]LogLoad: Game class is 'ReglasJuego_C'
[2025.07.17-02.22.52:949][779]LogWorld: Bringing World /Game/ThirdPersonBP/Maps/UEDPIE_0_ThirdPersonExampleMap.ThirdPersonExampleMap up for play (max tick rate 60) at 2025.07.16-23.22.52
[2025.07.17-02.22.52:950][779]LogWorld: Bringing up level for play took: 0.008230
[2025.07.17-02.22.52:950][779]LogOnline: OSS: Creating online subsystem instance for: :Context_31
[2025.07.17-02.22.52:953][779]LogBlueprintUserMessages: [plataforma_2] Buenas buenas!
[2025.07.17-02.22.52:956][779]PIE: Server logged in
[2025.07.17-02.22.52:957][779]PIE: Play in editor total start time 0.159 seconds.
[2025.07.17-02.22.55:782][939]LogBlueprintUserMessages: [bala_C_7] Le reste 25 al bad fella
[2025.07.17-02.22.57:191][ 22]LogBlueprintUserMessages: [bala_C_3] Le reste 25 al bad fella
[2025.07.17-02.22.57:586][ 44]LogBlueprintUserMessages: [ReglasJuego_C_0] El puntaje subio!
[2025.07.17-02.22.57:586][ 44]LogBlueprintUserMessages: [ReglasJuego_C_0] 2
[2025.07.17-02.22.58:278][ 84]LogBlueprintUserMessages: [ReglasJuego_C_0] El puntaje subio!
[2025.07.17-02.22.58:278][ 84]LogBlueprintUserMessages: [ReglasJuego_C_0] 4
[2025.07.17-02.23.00:020][184]LogBlueprintUserMessages: [bala_C_12] El peoncito perdio 10 de vida!!!!
[2025.07.17-02.23.01:812][275]LogBlueprintUserMessages: [bala_C_16] El peoncito perdio 10 de vida!!!!
[2025.07.17-02.23.04:815][425]LogBlueprintUserMessages: [bala_C_24] Le reste 25 al bad fella
[2025.07.17-02.23.04:816][425]LogBlueprintUserMessages: [bala_C_25] Le reste 25 al bad fella
[2025.07.17-02.23.08:494][640]LogBlueprintUserMessages: [bala_C_31] El peoncito perdio 10 de vida!!!!
[2025.07.17-02.23.09:242][684]LogBlueprintUserMessages: [bala_C_30] El peoncito perdio 10 de vida!!!!
[2025.07.17-02.23.09:492][699]LogBlueprintUserMessages: [bala_C_34] El peoncito perdio 10 de vida!!!!
[2025.07.17-02.23.10:340][743]LogBlueprintUserMessages: [bala_C_33] El peoncito perdio 10 de vida!!!!
[2025.07.17-02.23.10:586][757]LogBlueprintUserMessages: [bala_C_36] El peoncito perdio 10 de vida!!!!
[2025.07.17-02.23.10:820][771]LogBlueprintUserMessages: [bala_C_39] Le reste 25 al bad fella
[2025.07.17-02.23.11:308][800]LogBlueprintUserMessages: [bala_C_35] El peoncito perdio 10 de vida!!!!
[2025.07.17-02.23.11:494][811]LogBlueprintUserMessages: [bala_C_38] El peoncito perdio 10 de vida!!!!
[2025.07.17-02.23.16:143][ 87]LogBlueprintUserMessages: [Balaza_C_15] Le reste 30 al peoncito
[2025.07.17-02.23.16:145][ 87]LogBlueprintUserMessages: [peoncito_2] El peoncito murio
[2025.07.17-02.23.16:146][ 87]LogBlueprintUserMessages: [ReglasJuego_C_0] Noo, perdiste!
[2025.07.17-02.23.16:149][ 87]LogScript: Warning: Accessed None trying to read property K2Node_DynamicCast_AsPeoncito
	BarraVIda_C /Engine/Transient.UnrealEdEngine_0:GameInstance_11.BarraVIda_C_0
	Function /Game/ThirdPersonBP/Blueprints/blueprints/BarraVIda.BarraVIda_C:GetText_0:0099
[2025.07.17-02.23.16:149][ 87]PIE: Error: Blueprint Runtime Error: "Accessed None trying to read property K2Node_DynamicCast_AsPeoncito". Blueprint:  BarraVIda Function:  Get Text 0 Graph:  GetText_0 Node:  Return Node
[2025.07.17-02.23.16:160][ 88]LogNet: Browse: /Game/ThirdPersonBP/Maps/Perdiste_Level
[2025.07.17-02.23.16:160][ 88]LogLoad: LoadMap: /Game/ThirdPersonBP/Maps/Perdiste_Level
[2025.07.17-02.23.16:160][ 88]LogWorld: BeginTearingDown for /Game/ThirdPersonBP/Maps/UEDPIE_0_ThirdPersonExampleMap
[2025.07.17-02.23.16:161][ 88]LogWorld: UWorld::CleanupWorld for ThirdPersonExampleMap, bSessionEnded=true, bCleanupResources=true
[2025.07.17-02.23.16:162][ 88]LogSlate: InvalidateAllWidgets triggered.  All widgets were invalidated
[2025.07.17-02.23.16:206][ 88]LogAudio: Display: Audio Device unregistered from world 'None'.
[2025.07.17-02.23.16:215][ 88]LogUObjectHash: Compacting FUObjectHashTables data took   2.26ms
[2025.07.17-02.23.16:256][ 88]LogAudio: Display: Audio Device (ID: 13) registered with world 'Perdiste_Level'.
[2025.07.17-02.23.16:258][ 88]LogAIModule: Creating AISystem for world Perdiste_Level
[2025.07.17-02.23.16:258][ 88]LogLoad: Game class is 'ReglasJuego_C'
[2025.07.17-02.23.16:331][ 88]LogWorld: Bringing World /Game/ThirdPersonBP/Maps/UEDPIE_0_Perdiste_Level.Perdiste_Level up for play (max tick rate 60) at 2025.07.16-23.23.16
[2025.07.17-02.23.16:332][ 88]LogWorld: Bringing up level for play took: 0.071502
[2025.07.17-02.23.16:332][ 88]LogGameMode: FindPlayerStart: PATHS NOT DEFINED or NO PLAYERSTART with positive rating
[2025.07.17-02.23.16:335][ 88]LogBlueprintUserMessages: [plataforma_2] Buenas buenas!
[2025.07.17-02.23.16:336][ 88]LogLoad: Took 0.176264 seconds to LoadMap(/Game/ThirdPersonBP/Maps/Perdiste_Level)
[2025.07.17-02.23.16:398][ 88]PIE: Error: Blueprint Runtime Error: "Accessed None trying to read property K2Node_DynamicCast_AsPeoncito". Blueprint:  BarraVIda Function:  Get Text 0 Graph:  GetText_0 Node:  Return Node
[2025.07.17-02.23.16:418][ 89]PIE: Error: Blueprint Runtime Error: "Accessed None trying to read property K2Node_DynamicCast_AsPeoncito". Blueprint:  BarraVIda Function:  Get Text 0 Graph:  GetText_0 Node:  Return Node
[2025.07.17-02.23.16:432][ 90]PIE: Error: Blueprint Runtime Error: "Accessed None trying to read property K2Node_DynamicCast_AsPeoncito". Blueprint:  BarraVIda Function:  Get Text 0 Graph:  GetText_0 Node:  Return Node
[2025.07.17-02.23.16:446][ 91]PIE: Error: Blueprint Runtime Error: "Accessed None trying to read property K2Node_DynamicCast_AsPeoncito". Blueprint:  BarraVIda Function:  Get Text 0 Graph:  GetText_0 Node:  Return Node
[2025.07.17-02.23.16:463][ 92]PIE: Error: Blueprint Runtime Error: "Accessed None trying to read property K2Node_DynamicCast_AsPeoncito". Blueprint:  BarraVIda Function:  Get Text 0 Graph:  GetText_0 Node:  Return Node
[2025.07.17-02.23.16:480][ 93]PIE: Error: Blueprint Runtime Error: "Accessed None trying to read property K2Node_DynamicCast_AsPeoncito". Blueprint:  BarraVIda Function:  Get Text 0 Graph:  GetText_0 Node:  Return Node
[2025.07.17-02.23.16:497][ 94]PIE: Error: Blueprint Runtime Error: "Accessed None trying to read property K2Node_DynamicCast_AsPeoncito". Blueprint:  BarraVIda Function:  Get Text 0 Graph:  GetText_0 Node:  Return Node
[2025.07.17-02.23.16:512][ 95]PIE: Error: Blueprint Runtime Error: "Accessed None trying to read property K2Node_DynamicCast_AsPeoncito". Blueprint:  BarraVIda Function:  Get Text 0 Graph:  GetText_0 Node:  Return Node
[2025.07.17-02.23.16:530][ 96]PIE: Error: Blueprint Runtime Error: "Accessed None trying to read property K2Node_DynamicCast_AsPeoncito". Blueprint:  BarraVIda Function:  Get Text 0 Graph:  GetText_0 Node:  Return Node
[2025.07.17-02.23.16:546][ 97]PIE: Error: Blueprint Runtime Error: "Accessed None trying to read property K2Node_DynamicCast_AsPeoncito". Blueprint:  BarraVIda Function:  Get Text 0 Graph:  GetText_0 Node:  Return Node
[2025.07.17-02.23.16:563][ 98]PIE: Error: Blueprint Runtime Error: "Accessed None trying to read property K2Node_DynamicCast_AsPeoncito". Blueprint:  BarraVIda Function:  Get Text 0 Graph:  GetText_0 Node:  Return Node
[2025.07.17-02.23.16:579][ 99]PIE: Error: Blueprint Runtime Error: "Accessed None trying to read property K2Node_DynamicCast_AsPeoncito". Blueprint:  BarraVIda Function:  Get Text 0 Graph:  GetText_0 Node:  Return Node
[2025.07.17-02.23.16:597][100]PIE: Error: Blueprint Runtime Error: "Accessed None trying to read property K2Node_DynamicCast_AsPeoncito". Blueprint:  BarraVIda Function:  Get Text 0 Graph:  GetText_0 Node:  Return Node
[2025.07.17-02.23.16:612][101]PIE: Error: Blueprint Runtime Error: "Accessed None trying to read property K2Node_DynamicCast_AsPeoncito". Blueprint:  BarraVIda Function:  Get Text 0 Graph:  GetText_0 Node:  Return Node
[2025.07.17-02.23.16:629][102]PIE: Error: Blueprint Runtime Error: "Accessed None trying to read property K2Node_DynamicCast_AsPeoncito". Blueprint:  BarraVIda Function:  Get Text 0 Graph:  GetText_0 Node:  Return Node
[2025.07.17-02.23.16:647][103]PIE: Error: Blueprint Runtime Error: "Accessed None trying to read property K2Node_DynamicCast_AsPeoncito". Blueprint:  BarraVIda Function:  Get Text 0 Graph:  GetText_0 Node:  Return Node
[2025.07.17-02.23.16:663][104]PIE: Error: Blueprint Runtime Error: "Accessed None trying to read property K2Node_DynamicCast_AsPeoncito". Blueprint:  BarraVIda Function:  Get Text 0 Graph:  GetText_0 Node:  Return Node
[2025.07.17-02.23.16:680][105]PIE: Error: Blueprint Runtime Error: "Accessed None trying to read property K2Node_DynamicCast_AsPeoncito". Blueprint:  BarraVIda Function:  Get Text 0 Graph:  GetText_0 Node:  Return Node
[2025.07.17-02.23.16:697][106]PIE: Error: Blueprint Runtime Error: "Accessed None trying to read property K2Node_DynamicCast_AsPeoncito". Blueprint:  BarraVIda Function:  Get Text 0 Graph:  GetText_0 Node:  Return Node
[2025.07.17-02.23.16:713][107]PIE: Error: Blueprint Runtime Error: "Accessed None trying to read property K2Node_DynamicCast_AsPeoncito". Blueprint:  BarraVIda Function:  Get Text 0 Graph:  GetText_0 Node:  Return Node
[2025.07.17-02.23.16:729][108]PIE: Error: Blueprint Runtime Error: "Accessed None trying to read property K2Node_DynamicCast_AsPeoncito". Blueprint:  BarraVIda Function:  Get Text 0 Graph:  GetText_0 Node:  Return Node
[2025.07.17-02.23.16:747][109]PIE: Error: Blueprint Runtime Error: "Accessed None trying to read property K2Node_DynamicCast_AsPeoncito". Blueprint:  BarraVIda Function:  Get Text 0 Graph:  GetText_0 Node:  Return Node
[2025.07.17-02.23.16:763][110]PIE: Error: Blueprint Runtime Error: "Accessed None trying to read property K2Node_DynamicCast_AsPeoncito". Blueprint:  BarraVIda Function:  Get Text 0 Graph:  GetText_0 Node:  Return Node
[2025.07.17-02.23.16:779][111]PIE: Error: Blueprint Runtime Error: "Accessed None trying to read property K2Node_DynamicCast_AsPeoncito". Blueprint:  BarraVIda Function:  Get Text 0 Graph:  GetText_0 Node:  Return Node
[2025.07.17-02.23.16:795][112]PIE: Error: Blueprint Runtime Error: "Accessed None trying to read property K2Node_DynamicCast_AsPeoncito". Blueprint:  BarraVIda Function:  Get Text 0 Graph:  GetText_0 Node:  Return Node
[2025.07.17-02.23.16:813][113]PIE: Error: Blueprint Runtime Error: "Accessed None trying to read property K2Node_DynamicCast_AsPeoncito". Blueprint:  BarraVIda Function:  Get Text 0 Graph:  GetText_0 Node:  Return Node
[2025.07.17-02.23.16:830][114]PIE: Error: Blueprint Runtime Error: "Accessed None trying to read property K2Node_DynamicCast_AsPeoncito". Blueprint:  BarraVIda Function:  Get Text 0 Graph:  GetText_0 Node:  Return Node
[2025.07.17-02.23.16:846][115]PIE: Error: Blueprint Runtime Error: "Accessed None trying to read property K2Node_DynamicCast_AsPeoncito". Blueprint:  BarraVIda Function:  Get Text 0 Graph:  GetText_0 Node:  Return Node
[2025.07.17-02.23.16:863][116]PIE: Error: Blueprint Runtime Error: "Accessed None trying to read property K2Node_DynamicCast_AsPeoncito". Blueprint:  BarraVIda Function:  Get Text 0 Graph:  GetText_0 Node:  Return Node
[2025.07.17-02.23.16:880][117]PIE: Error: Blueprint Runtime Error: "Accessed None trying to read property K2Node_DynamicCast_AsPeoncito". Blueprint:  BarraVIda Function:  Get Text 0 Graph:  GetText_0 Node:  Return Node
[2025.07.17-02.23.16:897][118]PIE: Error: Blueprint Runtime Error: "Accessed None trying to read property K2Node_DynamicCast_AsPeoncito". Blueprint:  BarraVIda Function:  Get Text 0 Graph:  GetText_0 Node:  Return Node
[2025.07.17-02.23.16:913][119]PIE: Error: Blueprint Runtime Error: "Accessed None trying to read property K2Node_DynamicCast_AsPeoncito". Blueprint:  BarraVIda Function:  Get Text 0 Graph:  GetText_0 Node:  Return Node
[2025.07.17-02.23.16:930][120]PIE: Error: Blueprint Runtime Error: "Accessed None trying to read property K2Node_DynamicCast_AsPeoncito". Blueprint:  BarraVIda Function:  Get Text 0 Graph:  GetText_0 Node:  Return Node
[2025.07.17-02.23.16:946][121]PIE: Error: Blueprint Runtime Error: "Accessed None trying to read property K2Node_DynamicCast_AsPeoncito". Blueprint:  BarraVIda Function:  Get Text 0 Graph:  GetText_0 Node:  Return Node
[2025.07.17-02.23.16:964][122]PIE: Error: Blueprint Runtime Error: "Accessed None trying to read property K2Node_DynamicCast_AsPeoncito". Blueprint:  BarraVIda Function:  Get Text 0 Graph:  GetText_0 Node:  Return Node
[2025.07.17-02.23.16:979][123]PIE: Error: Blueprint Runtime Error: "Accessed None trying to read property K2Node_DynamicCast_AsPeoncito". Blueprint:  BarraVIda Function:  Get Text 0 Graph:  GetText_0 Node:  Return Node
[2025.07.17-02.23.16:996][124]PIE: Error: Blueprint Runtime Error: "Accessed None trying to read property K2Node_DynamicCast_AsPeoncito". Blueprint:  BarraVIda Function:  Get Text 0 Graph:  GetText_0 Node:  Return Node
[2025.07.17-02.23.17:012][125]PIE: Error: Blueprint Runtime Error: "Accessed None trying to read property K2Node_DynamicCast_AsPeoncito". Blueprint:  BarraVIda Function:  Get Text 0 Graph:  GetText_0 Node:  Return Node
[2025.07.17-02.23.17:029][126]PIE: Error: Blueprint Runtime Error: "Accessed None trying to read property K2Node_DynamicCast_AsPeoncito". Blueprint:  BarraVIda Function:  Get Text 0 Graph:  GetText_0 Node:  Return Node
[2025.07.17-02.23.17:046][127]PIE: Error: Blueprint Runtime Error: "Accessed None trying to read property K2Node_DynamicCast_AsPeoncito". Blueprint:  BarraVIda Function:  Get Text 0 Graph:  GetText_0 Node:  Return Node
[2025.07.17-02.23.17:063][128]PIE: Error: Blueprint Runtime Error: "Accessed None trying to read property K2Node_DynamicCast_AsPeoncito". Blueprint:  BarraVIda Function:  Get Text 0 Graph:  GetText_0 Node:  Return Node
[2025.07.17-02.23.17:079][129]PIE: Error: Blueprint Runtime Error: "Accessed None trying to read property K2Node_DynamicCast_AsPeoncito". Blueprint:  BarraVIda Function:  Get Text 0 Graph:  GetText_0 Node:  Return Node
[2025.07.17-02.23.17:096][130]PIE: Error: Blueprint Runtime Error: "Accessed None trying to read property K2Node_DynamicCast_AsPeoncito". Blueprint:  BarraVIda Function:  Get Text 0 Graph:  GetText_0 Node:  Return Node
[2025.07.17-02.23.17:112][131]PIE: Error: Blueprint Runtime Error: "Accessed None trying to read property K2Node_DynamicCast_AsPeoncito". Blueprint:  BarraVIda Function:  Get Text 0 Graph:  GetText_0 Node:  Return Node
[2025.07.17-02.23.17:129][132]PIE: Error: Blueprint Runtime Error: "Accessed None trying to read property K2Node_DynamicCast_AsPeoncito". Blueprint:  BarraVIda Function:  Get Text 0 Graph:  GetText_0 Node:  Return Node
[2025.07.17-02.23.17:146][133]PIE: Error: Blueprint Runtime Error: "Accessed None trying to read property K2Node_DynamicCast_AsPeoncito". Blueprint:  BarraVIda Function:  Get Text 0 Graph:  GetText_0 Node:  Return Node
[2025.07.17-02.23.17:162][134]PIE: Error: Blueprint Runtime Error: "Accessed None trying to read property K2Node_DynamicCast_AsPeoncito". Blueprint:  BarraVIda Function:  Get Text 0 Graph:  GetText_0 Node:  Return Node
[2025.07.17-02.23.17:178][135]PIE: Error: Blueprint Runtime Error: "Accessed None trying to read property K2Node_DynamicCast_AsPeoncito". Blueprint:  BarraVIda Function:  Get Text 0 Graph:  GetText_0 Node:  Return Node
[2025.07.17-02.23.17:196][136]PIE: Error: Blueprint Runtime Error: "Accessed None trying to read property K2Node_DynamicCast_AsPeoncito". Blueprint:  BarraVIda Function:  Get Text 0 Graph:  GetText_0 Node:  Return Node
[2025.07.17-02.23.17:212][137]PIE: Error: Blueprint Runtime Error: "Accessed None trying to read property K2Node_DynamicCast_AsPeoncito". Blueprint:  BarraVIda Function:  Get Text 0 Graph:  GetText_0 Node:  Return Node
[2025.07.17-02.23.17:229][138]PIE: Error: Blueprint Runtime Error: "Accessed None trying to read property K2Node_DynamicCast_AsPeoncito". Blueprint:  BarraVIda Function:  Get Text 0 Graph:  GetText_0 Node:  Return Node
[2025.07.17-02.23.17:246][139]PIE: Error: Blueprint Runtime Error: "Accessed None trying to read property K2Node_DynamicCast_AsPeoncito". Blueprint:  BarraVIda Function:  Get Text 0 Graph:  GetText_0 Node:  Return Node
[2025.07.17-02.23.17:262][140]PIE: Error: Blueprint Runtime Error: "Accessed None trying to read property K2Node_DynamicCast_AsPeoncito". Blueprint:  BarraVIda Function:  Get Text 0 Graph:  GetText_0 Node:  Return Node
[2025.07.17-02.23.17:278][141]PIE: Error: Blueprint Runtime Error: "Accessed None trying to read property K2Node_DynamicCast_AsPeoncito". Blueprint:  BarraVIda Function:  Get Text 0 Graph:  GetText_0 Node:  Return Node
[2025.07.17-02.23.17:296][142]PIE: Error: Blueprint Runtime Error: "Accessed None trying to read property K2Node_DynamicCast_AsPeoncito". Blueprint:  BarraVIda Function:  Get Text 0 Graph:  GetText_0 Node:  Return Node
[2025.07.17-02.23.17:314][143]PIE: Error: Blueprint Runtime Error: "Accessed None trying to read property K2Node_DynamicCast_AsPeoncito". Blueprint:  BarraVIda Function:  Get Text 0 Graph:  GetText_0 Node:  Return Node
[2025.07.17-02.23.17:329][144]PIE: Error: Blueprint Runtime Error: "Accessed None trying to read property K2Node_DynamicCast_AsPeoncito". Blueprint:  BarraVIda Function:  Get Text 0 Graph:  GetText_0 Node:  Return Node
[2025.07.17-02.23.17:346][145]PIE: Error: Blueprint Runtime Error: "Accessed None trying to read property K2Node_DynamicCast_AsPeoncito". Blueprint:  BarraVIda Function:  Get Text 0 Graph:  GetText_0 Node:  Return Node
[2025.07.17-02.23.17:364][146]PIE: Error: Blueprint Runtime Error: "Accessed None trying to read property K2Node_DynamicCast_AsPeoncito". Blueprint:  BarraVIda Function:  Get Text 0 Graph:  GetText_0 Node:  Return Node
[2025.07.17-02.23.17:380][147]PIE: Error: Blueprint Runtime Error: "Accessed None trying to read property K2Node_DynamicCast_AsPeoncito". Blueprint:  BarraVIda Function:  Get Text 0 Graph:  GetText_0 Node:  Return Node
[2025.07.17-02.23.17:396][148]PIE: Error: Blueprint Runtime Error: "Accessed None trying to read property K2Node_DynamicCast_AsPeoncito". Blueprint:  BarraVIda Function:  Get Text 0 Graph:  GetText_0 Node:  Return Node
[2025.07.17-02.23.17:413][149]PIE: Error: Blueprint Runtime Error: "Accessed None trying to read property K2Node_DynamicCast_AsPeoncito". Blueprint:  BarraVIda Function:  Get Text 0 Graph:  GetText_0 Node:  Return Node
[2025.07.17-02.23.17:428][150]PIE: Error: Blueprint Runtime Error: "Accessed None trying to read property K2Node_DynamicCast_AsPeoncito". Blueprint:  BarraVIda Function:  Get Text 0 Graph:  GetText_0 Node:  Return Node
[2025.07.17-02.23.17:446][151]PIE: Error: Blueprint Runtime Error: "Accessed None trying to read property K2Node_DynamicCast_AsPeoncito". Blueprint:  BarraVIda Function:  Get Text 0 Graph:  GetText_0 Node:  Return Node
[2025.07.17-02.23.17:463][152]PIE: Error: Blueprint Runtime Error: "Accessed None trying to read property K2Node_DynamicCast_AsPeoncito". Blueprint:  BarraVIda Function:  Get Text 0 Graph:  GetText_0 Node:  Return Node
[2025.07.17-02.23.17:479][153]PIE: Error: Blueprint Runtime Error: "Accessed None trying to read property K2Node_DynamicCast_AsPeoncito". Blueprint:  BarraVIda Function:  Get Text 0 Graph:  GetText_0 Node:  Return Node
[2025.07.17-02.23.17:495][154]PIE: Error: Blueprint Runtime Error: "Accessed None trying to read property K2Node_DynamicCast_AsPeoncito". Blueprint:  BarraVIda Function:  Get Text 0 Graph:  GetText_0 Node:  Return Node
[2025.07.17-02.23.17:513][155]PIE: Error: Blueprint Runtime Error: "Accessed None trying to read property K2Node_DynamicCast_AsPeoncito". Blueprint:  BarraVIda Function:  Get Text 0 Graph:  GetText_0 Node:  Return Node
[2025.07.17-02.23.17:530][156]PIE: Error: Blueprint Runtime Error: "Accessed None trying to read property K2Node_DynamicCast_AsPeoncito". Blueprint:  BarraVIda Function:  Get Text 0 Graph:  GetText_0 Node:  Return Node
[2025.07.17-02.23.17:617][157]LogSlate: Updating window title bar state: overlay mode, drag disabled, window buttons hidden, title bar hidden
[2025.07.17-02.23.17:618][157]LogWorld: BeginTearingDown for /Game/ThirdPersonBP/Maps/UEDPIE_0_Perdiste_Level
[2025.07.17-02.23.17:618][157]LogWorld: UWorld::CleanupWorld for Perdiste_Level, bSessionEnded=true, bCleanupResources=true
[2025.07.17-02.23.17:619][157]LogSlate: InvalidateAllWidgets triggered.  All widgets were invalidated
[2025.07.17-02.23.17:630][157]LogPlayLevel: Display: Shutting down PIE online subsystems
[2025.07.17-02.23.17:638][157]LogSlate: InvalidateAllWidgets triggered.  All widgets were invalidated
[2025.07.17-02.23.17:646][157]LogAudio: Display: Audio Device unregistered from world 'None'.
[2025.07.17-02.23.17:646][157]LogAudioMixer: FMixerPlatformXAudio2::StopAudioStream() called
[2025.07.17-02.23.17:648][157]LogAudioMixer: FMixerPlatformXAudio2::StopAudioStream() called
[2025.07.17-02.23.17:650][157]LogSlate: Updating window title bar state: overlay mode, drag disabled, window buttons hidden, title bar hidden
[2025.07.17-02.23.17:653][157]LogUObjectHash: Compacting FUObjectHashTables data took   0.91ms
[2025.07.17-02.23.17:918][158]LogPlayLevel: Display: Destroying online subsystem :Context_31
[2025.07.17-02.23.19:183][206]LogSlate: Window 'Message Log' being destroyed
[2025.07.17-02.23.19:221][206]LogSlate: Window 'Message Log' being destroyed
[2025.07.17-02.23.19:898][240]LogTemp: Repeating last play command: Selected Viewport
[2025.07.17-02.23.19:934][240]LogPlayLevel: PlayLevel: No blueprints needed recompiling
[2025.07.17-02.23.19:934][240]PIE: New page: PIE session: ThirdPersonExampleMap (Jul 16, 2025, 8:23:19 PM)
[2025.07.17-02.23.19:965][240]LogPlayLevel: Creating play world package: /Game/ThirdPersonBP/Maps/UEDPIE_0_ThirdPersonExampleMap
[2025.07.17-02.23.19:996][240]LogPlayLevel: PIE: StaticDuplicateObject took: (0.031288s)
[2025.07.17-02.23.19:998][240]LogAIModule: Creating AISystem for world ThirdPersonExampleMap
[2025.07.17-02.23.19:998][240]LogPlayLevel: PIE: World Init took: (0.001464s)
[2025.07.17-02.23.19:998][240]LogPlayLevel: PIE: Created PIE world by copying editor world from /Game/ThirdPersonBP/Maps/ThirdPersonExampleMap.ThirdPersonExampleMap to /Game/ThirdPersonBP/Maps/UEDPIE_0_ThirdPersonExampleMap.ThirdPersonExampleMap (0.033085s)
[2025.07.17-02.23.20:013][240]LogUObjectHash: Compacting FUObjectHashTables data took   2.42ms
[2025.07.17-02.23.20:014][240]LogAudio: Display: Creating Audio Device:                 Id: 14, Scope: Unique, Realtime: True
[2025.07.17-02.23.20:016][240]LogAudioMixer: Display: Audio Mixer Platform Settings:
[2025.07.17-02.23.20:016][240]LogAudioMixer: Display: 	Sample Rate:						  48000
[2025.07.17-02.23.20:016][240]LogAudioMixer: Display: 	Callback Buffer Frame Size Requested: 1024
[2025.07.17-02.23.20:016][240]LogAudioMixer: Display: 	Callback Buffer Frame Size To Use:	  1024
[2025.07.17-02.23.20:016][240]LogAudioMixer: Display: 	Number of buffers to queue:			  2
[2025.07.17-02.23.20:016][240]LogAudioMixer: Display: 	Max Channels (voices):				  32
[2025.07.17-02.23.20:016][240]LogAudioMixer: Display: 	Number of Async Source Workers:		  0
[2025.07.17-02.23.20:016][240]LogAudio: Display: AudioDevice MaxSources: 32
[2025.07.17-02.23.20:017][240]LogAudio: Display: Audio Spatialization Plugin: None (built-in).
[2025.07.17-02.23.20:017][240]LogAudio: Display: Audio Reverb Plugin: None (built-in).
[2025.07.17-02.23.20:017][240]LogAudio: Display: Audio Occlusion Plugin: None (built-in).
[2025.07.17-02.23.20:017][240]LogAudioMixer: Display: Initializing audio mixer.
[2025.07.17-02.23.20:024][240]LogAudioMixer: Display: 0: FrontLeft
[2025.07.17-02.23.20:024][240]LogAudioMixer: Display: 1: FrontRight
[2025.07.17-02.23.20:043][240]LogAudioMixer: Display: Using Audio Device Headphones (SOUNDPEATS Mini HS Stereo)
[2025.07.17-02.23.20:043][240]LogAudioMixer: Display: Initializing Sound Submixes...
[2025.07.17-02.23.20:043][240]LogAudioMixer: Display: Creating Master Submix 'MasterSubmixDefault'
[2025.07.17-02.23.20:043][240]LogAudioMixer: Display: Creating Master Submix 'MasterReverbSubmixDefault'
[2025.07.17-02.23.20:044][240]LogAudioMixer: Display: Creating Master Submix 'MasterEQSubmixDefault'
[2025.07.17-02.23.20:044][240]LogAudioMixer: FMixerPlatformXAudio2::StartAudioStream() called
[2025.07.17-02.23.20:044][240]LogAudioMixer: Display: Output buffers initialized: Frames=1024, Channels=2, Samples=2048
[2025.07.17-02.23.20:045][240]LogAudioMixer: Display: Starting AudioMixerPlatformInterface::RunInternal()
[2025.07.17-02.23.20:046][240]LogAudioMixer: Display: FMixerPlatformXAudio2::SubmitBuffer() called for the first time
[2025.07.17-02.23.20:046][240]LogInit: FAudioDevice initialized.
[2025.07.17-02.23.20:046][240]LogAudio: Display: Audio Device (ID: 14) registered with world 'ThirdPersonExampleMap'.
[2025.07.17-02.23.20:059][240]LogLoad: Game class is 'ReglasJuego_C'
[2025.07.17-02.23.20:067][240]LogWorld: Bringing World /Game/ThirdPersonBP/Maps/UEDPIE_0_ThirdPersonExampleMap.ThirdPersonExampleMap up for play (max tick rate 60) at 2025.07.16-23.23.20
[2025.07.17-02.23.20:068][240]LogWorld: Bringing up level for play took: 0.008496
[2025.07.17-02.23.20:068][240]LogOnline: OSS: Creating online subsystem instance for: :Context_32
[2025.07.17-02.23.20:071][240]LogBlueprintUserMessages: [plataforma_2] Buenas buenas!
[2025.07.17-02.23.20:073][240]PIE: Server logged in
[2025.07.17-02.23.20:074][240]PIE: Play in editor total start time 0.161 seconds.
[2025.07.17-02.23.22:502][377]LogBlueprintUserMessages: [ReglasJuego_C_0] El puntaje subio!
[2025.07.17-02.23.22:502][377]LogBlueprintUserMessages: [ReglasJuego_C_0] 2
[2025.07.17-02.23.22:902][401]LogBlueprintUserMessages: [ReglasJuego_C_0] El puntaje subio!
[2025.07.17-02.23.22:903][401]LogBlueprintUserMessages: [ReglasJuego_C_0] 4
[2025.07.17-02.23.25:537][558]LogBlueprintUserMessages: [bala_C_9] El peoncito perdio 10 de vida!!!!
[2025.07.17-02.23.25:895][579]LogBlueprintUserMessages: [bala_C_14] Le reste 25 al bad fella
[2025.07.17-02.23.26:614][622]LogBlueprintUserMessages: [bala_C_15] Le reste 50 al bad guy
[2025.07.17-02.23.27:165][655]LogBlueprintUserMessages: [bala_C_16] Le reste 50 al bad guy
[2025.07.17-02.23.27:181][656]LogBlueprintUserMessages: [bad_guy2_2] Bad guy  Destruido!
[2025.07.17-02.23.28:913][758]LogBlueprintUserMessages: [bala_C_25] Le reste 25 al bad fella
[2025.07.17-02.23.31:287][891]LogBlueprintUserMessages: [bala_C_29] Le reste 25 a la torreta
[2025.07.17-02.23.31:287][891]LogBlueprintUserMessages: [Torreta_2] algo me ataveso!
[2025.07.17-02.23.31:752][919]LogBlueprintUserMessages: [bala_C_31] Le reste 25 a la torreta
[2025.07.17-02.23.31:753][919]LogBlueprintUserMessages: [Torreta_2] algo me ataveso!
[2025.07.17-02.23.31:768][920]LogBlueprintUserMessages: [Torreta_2] Torreta Destruida!
[2025.07.17-02.23.33:325][ 13]LogBlueprintUserMessages: [ReglasJuego_C_0] El puntaje subio!
[2025.07.17-02.23.33:326][ 13]LogBlueprintUserMessages: [ReglasJuego_C_0] 6
[2025.07.17-02.23.33:845][ 44]LogBlueprintUserMessages: [ReglasJuego_C_0] El puntaje subio!
[2025.07.17-02.23.33:845][ 44]LogBlueprintUserMessages: [ReglasJuego_C_0] 8
[2025.07.17-02.23.34:769][ 98]LogBlueprintUserMessages: [ReglasJuego_C_0] El puntaje subio!
[2025.07.17-02.23.34:769][ 98]LogBlueprintUserMessages: [ReglasJuego_C_0] 10
[2025.07.17-02.23.34:928][107]LogBlueprintUserMessages: [bala_C_35] Le reste 25 al bad fella
[2025.07.17-02.23.36:475][198]LogBlueprintUserMessages: [bala_C_38] Le reste 25 al bad fella
[2025.07.17-02.23.37:941][285]LogBlueprintUserMessages: [bala_C_44] Le reste 25 al bad fella
[2025.07.17-02.23.40:447][422]LogBlueprintUserMessages: [bala_C_47] Le reste 25 al bad fella
[2025.07.17-02.23.40:825][444]LogBlueprintUserMessages: [bala_C_49] Le reste 25 al bad fella
[2025.07.17-02.23.40:840][445]LogBlueprintUserMessages: [bad_fella2_2] Bad fella  Destruido!
[2025.07.17-02.23.40:959][452]LogBlueprintUserMessages: [bala_C_51] Le reste 25 al bad fella
[2025.07.17-02.23.40:974][453]LogBlueprintUserMessages: [bad_fella_2] Bad fella  Destruido!
[2025.07.17-02.23.44:227][645]LogBlueprintUserMessages: [bala_C_56] Le reste 25 a la torreta
[2025.07.17-02.23.44:227][645]LogBlueprintUserMessages: [Torreta2_5] algo me ataveso!
[2025.07.17-02.23.44:577][666]LogBlueprintUserMessages: [bala_C_58] Le reste 25 a la torreta
[2025.07.17-02.23.44:577][666]LogBlueprintUserMessages: [Torreta2_5] algo me ataveso!
[2025.07.17-02.23.44:592][667]LogBlueprintUserMessages: [Torreta2_5] Torreta Destruida!
[2025.07.17-02.23.46:509][781]LogBlueprintUserMessages: [ReglasJuego_C_0] El puntaje subio!
[2025.07.17-02.23.46:509][781]LogBlueprintUserMessages: [ReglasJuego_C_0] 12
[2025.07.17-02.23.47:243][825]LogBlueprintUserMessages: [ReglasJuego_C_0] El puntaje subio!
[2025.07.17-02.23.47:243][825]LogBlueprintUserMessages: [ReglasJuego_C_0] 14
[2025.07.17-02.23.47:627][848]LogBlueprintUserMessages: [ReglasJuego_C_0] El puntaje subio!
[2025.07.17-02.23.47:627][848]LogBlueprintUserMessages: [ReglasJuego_C_0] 16
[2025.07.17-02.23.48:953][925]LogBlueprintUserMessages: [ReglasJuego_C_0] El puntaje subio!
[2025.07.17-02.23.48:953][925]LogBlueprintUserMessages: [ReglasJuego_C_0] 18
[2025.07.17-02.23.50:254][  2]LogBlueprintUserMessages: [bala_C_64] El peoncito perdio 10 de vida!!!!
[2025.07.17-02.23.55:586][314]LogBlueprintUserMessages: [bala_C_76] Le reste 25 a la torreta
[2025.07.17-02.23.55:586][314]LogBlueprintUserMessages: [Torreta3_2] algo me ataveso!
[2025.07.17-02.23.55:870][331]LogBlueprintUserMessages: [bala_C_78] Le reste 25 a la torreta
[2025.07.17-02.23.55:870][331]LogBlueprintUserMessages: [Torreta3_2] algo me ataveso!
[2025.07.17-02.23.55:885][332]LogBlueprintUserMessages: [Torreta3_2] Torreta Destruida!
[2025.07.17-02.23.56:353][358]LogBlueprintUserMessages: [bala_C_77] El peoncito perdio 10 de vida!!!!
[2025.07.17-02.23.58:868][502]LogBlueprintUserMessages: [bala_C_84] Le reste 50 al bad guy
[2025.07.17-02.24.01:033][630]LogBlueprintUserMessages: [bala_C_90] Le reste 50 al bad guy
[2025.07.17-02.24.01:048][631]LogBlueprintUserMessages: [bad_guy_5] Bad guy  Destruido!
[2025.07.17-02.24.02:998][748]LogBlueprintUserMessages: [peoncito_2] Te queda de vida:
[2025.07.17-02.24.02:998][748]LogBlueprintUserMessages: [peoncito_2] 68.0
[2025.07.17-02.24.03:015][749]LogBlueprintUserMessages: [peoncito_2] Te queda de vida:
[2025.07.17-02.24.03:015][749]LogBlueprintUserMessages: [peoncito_2] 66.0
[2025.07.17-02.24.03:032][750]LogBlueprintUserMessages: [peoncito_2] Te queda de vida:
[2025.07.17-02.24.03:032][750]LogBlueprintUserMessages: [peoncito_2] 64.0
[2025.07.17-02.24.03:048][751]LogBlueprintUserMessages: [peoncito_2] Te queda de vida:
[2025.07.17-02.24.03:048][751]LogBlueprintUserMessages: [peoncito_2] 62.0
[2025.07.17-02.24.03:065][752]LogBlueprintUserMessages: [peoncito_2] Te queda de vida:
[2025.07.17-02.24.03:065][752]LogBlueprintUserMessages: [peoncito_2] 60.0
[2025.07.17-02.24.03:215][761]LogBlueprintUserMessages: [ReglasJuego_C_0] El puntaje subio!
[2025.07.17-02.24.03:215][761]LogBlueprintUserMessages: [ReglasJuego_C_0] 20
[2025.07.17-02.24.04:182][819]LogBlueprintUserMessages: [ReglasJuego_C_0] El puntaje subio!
[2025.07.17-02.24.04:182][819]LogBlueprintUserMessages: [ReglasJuego_C_0] 22
[2025.07.17-02.24.07:516][ 18]LogBlueprintUserMessages: [ReglasJuego_C_0] El puntaje subio!
[2025.07.17-02.24.07:516][ 18]LogBlueprintUserMessages: [ReglasJuego_C_0] 24
[2025.07.17-02.24.08:405][ 71]LogBlueprintUserMessages: [ReglasJuego_C_0] El puntaje subio!
[2025.07.17-02.24.08:405][ 71]LogBlueprintUserMessages: [ReglasJuego_C_0] 26
[2025.07.17-02.24.11:144][234]LogBlueprintUserMessages: [ReglasJuego_C_0] El puntaje subio!
[2025.07.17-02.24.11:144][234]LogBlueprintUserMessages: [ReglasJuego_C_0] 28
[2025.07.17-02.24.12:178][296]LogBlueprintUserMessages: [Curador_2] Le di vida al peoncito! ahora tiene:
[2025.07.17-02.24.12:178][296]LogBlueprintUserMessages: [Curador_2] 60.0
[2025.07.17-02.24.12:178][296]LogBlueprintUserMessages: [Curador_2] El curador ya curo las siguientes veces:
[2025.07.17-02.24.12:178][296]LogBlueprintUserMessages: [Curador_2] 1.0
[2025.07.17-02.24.13:194][357]LogBlueprintUserMessages: [Curador_2] no te puedo curar porque tu vida es mayor a 80, volve cuando tengas menos!
[2025.07.17-02.24.14:745][450]LogBlueprintUserMessages: [Curador_2] no te puedo curar porque tu vida es mayor a 80, volve cuando tengas menos!
[2025.07.17-02.24.17:328][605]LogBlueprintUserMessages: [ReglasJuego_C_0] El puntaje subio!
[2025.07.17-02.24.17:328][605]LogBlueprintUserMessages: [ReglasJuego_C_0] 30
[2025.07.17-02.24.43:748][184]LogBlueprintUserMessages: [ReglasJuego_C_0] El puntaje subio!
[2025.07.17-02.24.43:748][184]LogBlueprintUserMessages: [ReglasJuego_C_0] 32
[2025.07.17-02.25.06:582][547]LogBlueprintUserMessages: [ReglasJuego_C_0] El puntaje subio!
[2025.07.17-02.25.06:582][547]LogBlueprintUserMessages: [ReglasJuego_C_0] 34
[2025.07.17-02.25.06:582][547]LogBlueprintUserMessages: [ReglasJuego_C_0] Ganaste!
[2025.07.17-02.25.06:599][548]LogNet: Browse: /Game/ThirdPersonBP/Maps/GanasteLevel
[2025.07.17-02.25.06:599][548]LogLoad: LoadMap: /Game/ThirdPersonBP/Maps/GanasteLevel
[2025.07.17-02.25.06:599][548]LogWorld: BeginTearingDown for /Game/ThirdPersonBP/Maps/UEDPIE_0_ThirdPersonExampleMap
[2025.07.17-02.25.06:600][548]LogWorld: UWorld::CleanupWorld for ThirdPersonExampleMap, bSessionEnded=true, bCleanupResources=true
[2025.07.17-02.25.06:601][548]LogSlate: InvalidateAllWidgets triggered.  All widgets were invalidated
[2025.07.17-02.25.06:653][548]LogAudio: Display: Audio Device unregistered from world 'None'.
[2025.07.17-02.25.06:659][548]LogUObjectHash: Compacting FUObjectHashTables data took   3.30ms
[2025.07.17-02.25.06:697][548]LogAudio: Display: Audio Device (ID: 14) registered with world 'GanasteLevel'.
[2025.07.17-02.25.06:698][548]LogAIModule: Creating AISystem for world GanasteLevel
[2025.07.17-02.25.06:698][548]LogLoad: Game class is 'ReglasJuego_C'
[2025.07.17-02.25.06:761][548]LogWorld: Bringing World /Game/ThirdPersonBP/Maps/UEDPIE_0_GanasteLevel.GanasteLevel up for play (max tick rate 60) at 2025.07.16-23.25.06
[2025.07.17-02.25.06:761][548]LogWorld: Bringing up level for play took: 0.061718
[2025.07.17-02.25.06:762][548]LogGameMode: FindPlayerStart: PATHS NOT DEFINED or NO PLAYERSTART with positive rating
[2025.07.17-02.25.06:765][548]LogBlueprintUserMessages: [plataforma_2] Buenas buenas!
[2025.07.17-02.25.06:766][548]LogLoad: Took 0.165884 seconds to LoadMap(/Game/ThirdPersonBP/Maps/GanasteLevel)
[2025.07.17-02.25.06:829][548]PIE: Error: Blueprint Runtime Error: "Accessed None trying to read property K2Node_DynamicCast_AsPeoncito". Blueprint:  BarraVIda Function:  Get Text 0 Graph:  GetText_0 Node:  Return Node
[2025.07.17-02.25.06:842][549]PIE: Error: Blueprint Runtime Error: "Accessed None trying to read property K2Node_DynamicCast_AsPeoncito". Blueprint:  BarraVIda Function:  Get Text 0 Graph:  GetText_0 Node:  Return Node
[2025.07.17-02.25.06:861][550]PIE: Error: Blueprint Runtime Error: "Accessed None trying to read property K2Node_DynamicCast_AsPeoncito". Blueprint:  BarraVIda Function:  Get Text 0 Graph:  GetText_0 Node:  Return Node
[2025.07.17-02.25.06:876][551]PIE: Error: Blueprint Runtime Error: "Accessed None trying to read property K2Node_DynamicCast_AsPeoncito". Blueprint:  BarraVIda Function:  Get Text 0 Graph:  GetText_0 Node:  Return Node
[2025.07.17-02.25.06:897][552]PIE: Error: Blueprint Runtime Error: "Accessed None trying to read property K2Node_DynamicCast_AsPeoncito". Blueprint:  BarraVIda Function:  Get Text 0 Graph:  GetText_0 Node:  Return Node
[2025.07.17-02.25.06:909][553]PIE: Error: Blueprint Runtime Error: "Accessed None trying to read property K2Node_DynamicCast_AsPeoncito". Blueprint:  BarraVIda Function:  Get Text 0 Graph:  GetText_0 Node:  Return Node
[2025.07.17-02.25.06:926][554]PIE: Error: Blueprint Runtime Error: "Accessed None trying to read property K2Node_DynamicCast_AsPeoncito". Blueprint:  BarraVIda Function:  Get Text 0 Graph:  GetText_0 Node:  Return Node
[2025.07.17-02.25.06:944][555]PIE: Error: Blueprint Runtime Error: "Accessed None trying to read property K2Node_DynamicCast_AsPeoncito". Blueprint:  BarraVIda Function:  Get Text 0 Graph:  GetText_0 Node:  Return Node
[2025.07.17-02.25.06:959][556]PIE: Error: Blueprint Runtime Error: "Accessed None trying to read property K2Node_DynamicCast_AsPeoncito". Blueprint:  BarraVIda Function:  Get Text 0 Graph:  GetText_0 Node:  Return Node
[2025.07.17-02.25.06:976][557]PIE: Error: Blueprint Runtime Error: "Accessed None trying to read property K2Node_DynamicCast_AsPeoncito". Blueprint:  BarraVIda Function:  Get Text 0 Graph:  GetText_0 Node:  Return Node
[2025.07.17-02.25.06:991][558]PIE: Error: Blueprint Runtime Error: "Accessed None trying to read property K2Node_DynamicCast_AsPeoncito". Blueprint:  BarraVIda Function:  Get Text 0 Graph:  GetText_0 Node:  Return Node
[2025.07.17-02.25.07:008][559]PIE: Error: Blueprint Runtime Error: "Accessed None trying to read property K2Node_DynamicCast_AsPeoncito". Blueprint:  BarraVIda Function:  Get Text 0 Graph:  GetText_0 Node:  Return Node
[2025.07.17-02.25.07:029][560]PIE: Error: Blueprint Runtime Error: "Accessed None trying to read property K2Node_DynamicCast_AsPeoncito". Blueprint:  BarraVIda Function:  Get Text 0 Graph:  GetText_0 Node:  Return Node
[2025.07.17-02.25.07:047][561]PIE: Error: Blueprint Runtime Error: "Accessed None trying to read property K2Node_DynamicCast_AsPeoncito". Blueprint:  BarraVIda Function:  Get Text 0 Graph:  GetText_0 Node:  Return Node
[2025.07.17-02.25.07:061][562]PIE: Error: Blueprint Runtime Error: "Accessed None trying to read property K2Node_DynamicCast_AsPeoncito". Blueprint:  BarraVIda Function:  Get Text 0 Graph:  GetText_0 Node:  Return Node
[2025.07.17-02.25.07:074][563]PIE: Error: Blueprint Runtime Error: "Accessed None trying to read property K2Node_DynamicCast_AsPeoncito". Blueprint:  BarraVIda Function:  Get Text 0 Graph:  GetText_0 Node:  Return Node
[2025.07.17-02.25.07:096][564]PIE: Error: Blueprint Runtime Error: "Accessed None trying to read property K2Node_DynamicCast_AsPeoncito". Blueprint:  BarraVIda Function:  Get Text 0 Graph:  GetText_0 Node:  Return Node
[2025.07.17-02.25.07:112][565]PIE: Error: Blueprint Runtime Error: "Accessed None trying to read property K2Node_DynamicCast_AsPeoncito". Blueprint:  BarraVIda Function:  Get Text 0 Graph:  GetText_0 Node:  Return Node
[2025.07.17-02.25.07:127][566]PIE: Error: Blueprint Runtime Error: "Accessed None trying to read property K2Node_DynamicCast_AsPeoncito". Blueprint:  BarraVIda Function:  Get Text 0 Graph:  GetText_0 Node:  Return Node
[2025.07.17-02.25.07:141][567]PIE: Error: Blueprint Runtime Error: "Accessed None trying to read property K2Node_DynamicCast_AsPeoncito". Blueprint:  BarraVIda Function:  Get Text 0 Graph:  GetText_0 Node:  Return Node
[2025.07.17-02.25.07:163][568]PIE: Error: Blueprint Runtime Error: "Accessed None trying to read property K2Node_DynamicCast_AsPeoncito". Blueprint:  BarraVIda Function:  Get Text 0 Graph:  GetText_0 Node:  Return Node
[2025.07.17-02.25.07:178][569]PIE: Error: Blueprint Runtime Error: "Accessed None trying to read property K2Node_DynamicCast_AsPeoncito". Blueprint:  BarraVIda Function:  Get Text 0 Graph:  GetText_0 Node:  Return Node
[2025.07.17-02.25.07:193][570]PIE: Error: Blueprint Runtime Error: "Accessed None trying to read property K2Node_DynamicCast_AsPeoncito". Blueprint:  BarraVIda Function:  Get Text 0 Graph:  GetText_0 Node:  Return Node
[2025.07.17-02.25.07:208][571]PIE: Error: Blueprint Runtime Error: "Accessed None trying to read property K2Node_DynamicCast_AsPeoncito". Blueprint:  BarraVIda Function:  Get Text 0 Graph:  GetText_0 Node:  Return Node
[2025.07.17-02.25.07:225][572]PIE: Error: Blueprint Runtime Error: "Accessed None trying to read property K2Node_DynamicCast_AsPeoncito". Blueprint:  BarraVIda Function:  Get Text 0 Graph:  GetText_0 Node:  Return Node
[2025.07.17-02.25.07:242][573]PIE: Error: Blueprint Runtime Error: "Accessed None trying to read property K2Node_DynamicCast_AsPeoncito". Blueprint:  BarraVIda Function:  Get Text 0 Graph:  GetText_0 Node:  Return Node
[2025.07.17-02.25.07:259][574]PIE: Error: Blueprint Runtime Error: "Accessed None trying to read property K2Node_DynamicCast_AsPeoncito". Blueprint:  BarraVIda Function:  Get Text 0 Graph:  GetText_0 Node:  Return Node
[2025.07.17-02.25.07:275][575]PIE: Error: Blueprint Runtime Error: "Accessed None trying to read property K2Node_DynamicCast_AsPeoncito". Blueprint:  BarraVIda Function:  Get Text 0 Graph:  GetText_0 Node:  Return Node
[2025.07.17-02.25.07:292][576]PIE: Error: Blueprint Runtime Error: "Accessed None trying to read property K2Node_DynamicCast_AsPeoncito". Blueprint:  BarraVIda Function:  Get Text 0 Graph:  GetText_0 Node:  Return Node
[2025.07.17-02.25.07:309][577]PIE: Error: Blueprint Runtime Error: "Accessed None trying to read property K2Node_DynamicCast_AsPeoncito". Blueprint:  BarraVIda Function:  Get Text 0 Graph:  GetText_0 Node:  Return Node
[2025.07.17-02.25.07:326][578]PIE: Error: Blueprint Runtime Error: "Accessed None trying to read property K2Node_DynamicCast_AsPeoncito". Blueprint:  BarraVIda Function:  Get Text 0 Graph:  GetText_0 Node:  Return Node
[2025.07.17-02.25.07:342][579]PIE: Error: Blueprint Runtime Error: "Accessed None trying to read property K2Node_DynamicCast_AsPeoncito". Blueprint:  BarraVIda Function:  Get Text 0 Graph:  GetText_0 Node:  Return Node
[2025.07.17-02.25.07:358][580]PIE: Error: Blueprint Runtime Error: "Accessed None trying to read property K2Node_DynamicCast_AsPeoncito". Blueprint:  BarraVIda Function:  Get Text 0 Graph:  GetText_0 Node:  Return Node
[2025.07.17-02.25.07:375][581]PIE: Error: Blueprint Runtime Error: "Accessed None trying to read property K2Node_DynamicCast_AsPeoncito". Blueprint:  BarraVIda Function:  Get Text 0 Graph:  GetText_0 Node:  Return Node
[2025.07.17-02.25.07:392][582]PIE: Error: Blueprint Runtime Error: "Accessed None trying to read property K2Node_DynamicCast_AsPeoncito". Blueprint:  BarraVIda Function:  Get Text 0 Graph:  GetText_0 Node:  Return Node
[2025.07.17-02.25.07:408][583]PIE: Error: Blueprint Runtime Error: "Accessed None trying to read property K2Node_DynamicCast_AsPeoncito". Blueprint:  BarraVIda Function:  Get Text 0 Graph:  GetText_0 Node:  Return Node
[2025.07.17-02.25.07:425][584]PIE: Error: Blueprint Runtime Error: "Accessed None trying to read property K2Node_DynamicCast_AsPeoncito". Blueprint:  BarraVIda Function:  Get Text 0 Graph:  GetText_0 Node:  Return Node
[2025.07.17-02.25.07:442][585]PIE: Error: Blueprint Runtime Error: "Accessed None trying to read property K2Node_DynamicCast_AsPeoncito". Blueprint:  BarraVIda Function:  Get Text 0 Graph:  GetText_0 Node:  Return Node
[2025.07.17-02.25.07:458][586]PIE: Error: Blueprint Runtime Error: "Accessed None trying to read property K2Node_DynamicCast_AsPeoncito". Blueprint:  BarraVIda Function:  Get Text 0 Graph:  GetText_0 Node:  Return Node
[2025.07.17-02.25.07:475][587]PIE: Error: Blueprint Runtime Error: "Accessed None trying to read property K2Node_DynamicCast_AsPeoncito". Blueprint:  BarraVIda Function:  Get Text 0 Graph:  GetText_0 Node:  Return Node
[2025.07.17-02.25.07:492][588]PIE: Error: Blueprint Runtime Error: "Accessed None trying to read property K2Node_DynamicCast_AsPeoncito". Blueprint:  BarraVIda Function:  Get Text 0 Graph:  GetText_0 Node:  Return Node
[2025.07.17-02.25.07:508][589]PIE: Error: Blueprint Runtime Error: "Accessed None trying to read property K2Node_DynamicCast_AsPeoncito". Blueprint:  BarraVIda Function:  Get Text 0 Graph:  GetText_0 Node:  Return Node
[2025.07.17-02.25.07:525][590]PIE: Error: Blueprint Runtime Error: "Accessed None trying to read property K2Node_DynamicCast_AsPeoncito". Blueprint:  BarraVIda Function:  Get Text 0 Graph:  GetText_0 Node:  Return Node
[2025.07.17-02.25.07:542][591]PIE: Error: Blueprint Runtime Error: "Accessed None trying to read property K2Node_DynamicCast_AsPeoncito". Blueprint:  BarraVIda Function:  Get Text 0 Graph:  GetText_0 Node:  Return Node
[2025.07.17-02.25.07:558][592]PIE: Error: Blueprint Runtime Error: "Accessed None trying to read property K2Node_DynamicCast_AsPeoncito". Blueprint:  BarraVIda Function:  Get Text 0 Graph:  GetText_0 Node:  Return Node
[2025.07.17-02.25.07:575][593]PIE: Error: Blueprint Runtime Error: "Accessed None trying to read property K2Node_DynamicCast_AsPeoncito". Blueprint:  BarraVIda Function:  Get Text 0 Graph:  GetText_0 Node:  Return Node
[2025.07.17-02.25.07:592][594]PIE: Error: Blueprint Runtime Error: "Accessed None trying to read property K2Node_DynamicCast_AsPeoncito". Blueprint:  BarraVIda Function:  Get Text 0 Graph:  GetText_0 Node:  Return Node
[2025.07.17-02.25.07:609][595]PIE: Error: Blueprint Runtime Error: "Accessed None trying to read property K2Node_DynamicCast_AsPeoncito". Blueprint:  BarraVIda Function:  Get Text 0 Graph:  GetText_0 Node:  Return Node
[2025.07.17-02.25.07:669][596]LogSlate: Updating window title bar state: overlay mode, drag disabled, window buttons hidden, title bar hidden
[2025.07.17-02.25.07:669][596]LogWorld: BeginTearingDown for /Game/ThirdPersonBP/Maps/UEDPIE_0_GanasteLevel
[2025.07.17-02.25.07:670][596]LogWorld: UWorld::CleanupWorld for GanasteLevel, bSessionEnded=true, bCleanupResources=true
[2025.07.17-02.25.07:671][596]LogSlate: InvalidateAllWidgets triggered.  All widgets were invalidated
[2025.07.17-02.25.07:682][596]LogPlayLevel: Display: Shutting down PIE online subsystems
[2025.07.17-02.25.07:689][596]LogSlate: InvalidateAllWidgets triggered.  All widgets were invalidated
[2025.07.17-02.25.07:695][596]LogSlate: Updating window title bar state: overlay mode, drag disabled, window buttons hidden, title bar hidden
[2025.07.17-02.25.07:696][596]LogAudioMixer: FMixerPlatformXAudio2::StopAudioStream() called
[2025.07.17-02.25.07:697][596]LogAudioMixer: FMixerPlatformXAudio2::StopAudioStream() called
[2025.07.17-02.25.07:703][596]LogUObjectHash: Compacting FUObjectHashTables data took   0.78ms
[2025.07.17-02.25.07:928][597]LogPlayLevel: Display: Destroying online subsystem :Context_32
[2025.07.17-02.25.09:649][662]LogSlate: Window 'Message Log' being destroyed
[2025.07.17-02.25.09:683][662]LogSlate: Window 'Message Log' being destroyed
[2025.07.17-02.25.11:692][757]LogUObjectHash: Compacting FUObjectHashTables data took   0.74ms
[2025.07.17-02.25.11:802][757]LogSavePackage: Moving '../../../../../UTN-e-learning/Unreal-Engine/Unreal-Projects/TP_PreEntrega/Saved/ThirdPersonExampleMap7D16351E42A7C4A40D0D92946E09316A.tmp' to '../../../../../UTN-e-learning/Unreal-Engine/Unreal-Projects/TP_PreEntrega/Content/ThirdPersonBP/Maps/ThirdPersonExampleMap.umap'
[2025.07.17-02.25.11:984][757]LogSavePackage: Moving '../../../../../UTN-e-learning/Unreal-Engine/Unreal-Projects/TP_PreEntrega/Saved/ThirdPersonExampleMap_BuiltDataA35181834599872AC8BA5A9E7CCDE3BF.tmp' to '../../../../../UTN-e-learning/Unreal-Engine/Unreal-Projects/TP_PreEntrega/Content/ThirdPersonBP/Maps/ThirdPersonExampleMap_BuiltData.uasset'
[2025.07.17-02.25.12:022][757]AssetCheck: New page: Asset Save: multiple assets
[2025.07.17-02.25.12:022][757]LogContentValidation: Display: Validating MapBuildDataRegistry /Game/ThirdPersonBP/Maps/ThirdPersonExampleMap_BuiltData.ThirdPersonExampleMap_BuiltData
[2025.07.17-02.25.12:022][757]LogContentValidation: Display: Validating World /Game/ThirdPersonBP/Maps/ThirdPersonExampleMap.ThirdPersonExampleMap
[2025.07.17-02.25.21:144][248]LogTemp: Repeating last play command: Selected Viewport
[2025.07.17-02.25.21:177][248]LogPlayLevel: PlayLevel: No blueprints needed recompiling
[2025.07.17-02.25.21:177][248]PIE: New page: PIE session: ThirdPersonExampleMap (Jul 16, 2025, 8:25:21 PM)
[2025.07.17-02.25.21:177][248]LogPlayLevel: Creating play world package: /Game/ThirdPersonBP/Maps/UEDPIE_0_ThirdPersonExampleMap
[2025.07.17-02.25.21:212][248]LogPlayLevel: PIE: StaticDuplicateObject took: (0.034268s)
[2025.07.17-02.25.21:214][248]LogAIModule: Creating AISystem for world ThirdPersonExampleMap
[2025.07.17-02.25.21:214][248]LogPlayLevel: PIE: World Init took: (0.002825s)
[2025.07.17-02.25.21:214][248]LogPlayLevel: PIE: Created PIE world by copying editor world from /Game/ThirdPersonBP/Maps/ThirdPersonExampleMap.ThirdPersonExampleMap to /Game/ThirdPersonBP/Maps/UEDPIE_0_ThirdPersonExampleMap.ThirdPersonExampleMap (0.037543s)
[2025.07.17-02.25.21:257][248]LogUObjectHash: Compacting FUObjectHashTables data took   2.11ms
[2025.07.17-02.25.21:260][248]LogAudio: Display: Creating Audio Device:                 Id: 15, Scope: Unique, Realtime: True
[2025.07.17-02.25.21:260][248]LogAudioMixer: Display: Audio Mixer Platform Settings:
[2025.07.17-02.25.21:260][248]LogAudioMixer: Display: 	Sample Rate:						  48000
[2025.07.17-02.25.21:260][248]LogAudioMixer: Display: 	Callback Buffer Frame Size Requested: 1024
[2025.07.17-02.25.21:260][248]LogAudioMixer: Display: 	Callback Buffer Frame Size To Use:	  1024
[2025.07.17-02.25.21:260][248]LogAudioMixer: Display: 	Number of buffers to queue:			  2
[2025.07.17-02.25.21:260][248]LogAudioMixer: Display: 	Max Channels (voices):				  32
[2025.07.17-02.25.21:260][248]LogAudioMixer: Display: 	Number of Async Source Workers:		  0
[2025.07.17-02.25.21:260][248]LogAudio: Display: AudioDevice MaxSources: 32
[2025.07.17-02.25.21:261][248]LogAudio: Display: Audio Spatialization Plugin: None (built-in).
[2025.07.17-02.25.21:261][248]LogAudio: Display: Audio Reverb Plugin: None (built-in).
[2025.07.17-02.25.21:261][248]LogAudio: Display: Audio Occlusion Plugin: None (built-in).
[2025.07.17-02.25.21:261][248]LogAudioMixer: Display: Initializing audio mixer.
[2025.07.17-02.25.21:269][248]LogAudioMixer: Display: 0: FrontLeft
[2025.07.17-02.25.21:269][248]LogAudioMixer: Display: 1: FrontRight
[2025.07.17-02.25.21:297][248]LogAudioMixer: Display: Using Audio Device Headphones (SOUNDPEATS Mini HS Stereo)
[2025.07.17-02.25.21:297][248]LogAudioMixer: Display: Initializing Sound Submixes...
[2025.07.17-02.25.21:297][248]LogAudioMixer: Display: Creating Master Submix 'MasterSubmixDefault'
[2025.07.17-02.25.21:297][248]LogAudioMixer: Display: Creating Master Submix 'MasterReverbSubmixDefault'
[2025.07.17-02.25.21:298][248]LogAudioMixer: Display: Creating Master Submix 'MasterEQSubmixDefault'
[2025.07.17-02.25.21:298][248]LogAudioMixer: FMixerPlatformXAudio2::StartAudioStream() called
[2025.07.17-02.25.21:298][248]LogAudioMixer: Display: Output buffers initialized: Frames=1024, Channels=2, Samples=2048
[2025.07.17-02.25.21:299][248]LogAudioMixer: Display: Starting AudioMixerPlatformInterface::RunInternal()
[2025.07.17-02.25.21:299][248]LogAudioMixer: Display: FMixerPlatformXAudio2::SubmitBuffer() called for the first time
[2025.07.17-02.25.21:299][248]LogInit: FAudioDevice initialized.
[2025.07.17-02.25.21:299][248]LogAudio: Display: Audio Device (ID: 15) registered with world 'ThirdPersonExampleMap'.
[2025.07.17-02.25.21:307][248]LogLoad: Game class is 'ReglasJuego_C'
[2025.07.17-02.25.21:316][248]LogWorld: Bringing World /Game/ThirdPersonBP/Maps/UEDPIE_0_ThirdPersonExampleMap.ThirdPersonExampleMap up for play (max tick rate 60) at 2025.07.16-23.25.21
[2025.07.17-02.25.21:316][248]LogWorld: Bringing up level for play took: 0.007954
[2025.07.17-02.25.21:316][248]LogOnline: OSS: Creating online subsystem instance for: :Context_33
[2025.07.17-02.25.21:319][248]LogBlueprintUserMessages: [plataforma_2] Buenas buenas!
[2025.07.17-02.25.21:322][248]PIE: Server logged in
[2025.07.17-02.25.21:323][248]PIE: Play in editor total start time 0.165 seconds.
[2025.07.17-02.25.23:035][344]LogSlate: Updating window title bar state: overlay mode, drag disabled, window buttons hidden, title bar hidden
[2025.07.17-02.25.23:035][344]LogWorld: BeginTearingDown for /Game/ThirdPersonBP/Maps/UEDPIE_0_ThirdPersonExampleMap
[2025.07.17-02.25.23:035][344]LogWorld: UWorld::CleanupWorld for ThirdPersonExampleMap, bSessionEnded=true, bCleanupResources=true
[2025.07.17-02.25.23:037][344]LogSlate: InvalidateAllWidgets triggered.  All widgets were invalidated
[2025.07.17-02.25.23:047][344]LogPlayLevel: Display: Shutting down PIE online subsystems
[2025.07.17-02.25.23:056][344]LogSlate: InvalidateAllWidgets triggered.  All widgets were invalidated
[2025.07.17-02.25.23:064][344]LogAudio: Display: Audio Device unregistered from world 'None'.
[2025.07.17-02.25.23:064][344]LogAudioMixer: FMixerPlatformXAudio2::StopAudioStream() called
[2025.07.17-02.25.23:066][344]LogAudioMixer: FMixerPlatformXAudio2::StopAudioStream() called
[2025.07.17-02.25.23:069][344]LogSlate: Updating window title bar state: overlay mode, drag disabled, window buttons hidden, title bar hidden
[2025.07.17-02.25.23:073][344]LogUObjectHash: Compacting FUObjectHashTables data took   1.24ms
[2025.07.17-02.25.23:113][345]LogPlayLevel: Display: Destroying online subsystem :Context_33
[2025.07.17-02.25.30:259][734]LogEditorViewport: Clicking on Actor (LMB): StaticMeshActor (Floor)
[2025.07.17-02.25.34:397][957]LogTemp: Repeating last play command: Selected Viewport
[2025.07.17-02.25.34:427][957]LogPlayLevel: PlayLevel: No blueprints needed recompiling
[2025.07.17-02.25.34:427][957]PIE: New page: PIE session: ThirdPersonExampleMap (Jul 16, 2025, 8:25:34 PM)
[2025.07.17-02.25.34:428][957]LogPlayLevel: Creating play world package: /Game/ThirdPersonBP/Maps/UEDPIE_0_ThirdPersonExampleMap
[2025.07.17-02.25.34:464][957]LogPlayLevel: PIE: StaticDuplicateObject took: (0.036035s)
[2025.07.17-02.25.34:466][957]LogAIModule: Creating AISystem for world ThirdPersonExampleMap
[2025.07.17-02.25.34:466][957]LogPlayLevel: PIE: World Init took: (0.002171s)
[2025.07.17-02.25.34:466][957]LogPlayLevel: PIE: Created PIE world by copying editor world from /Game/ThirdPersonBP/Maps/ThirdPersonExampleMap.ThirdPersonExampleMap to /Game/ThirdPersonBP/Maps/UEDPIE_0_ThirdPersonExampleMap.ThirdPersonExampleMap (0.038538s)
[2025.07.17-02.25.34:511][957]LogUObjectHash: Compacting FUObjectHashTables data took   1.71ms
[2025.07.17-02.25.34:515][957]LogAudio: Display: Creating Audio Device:                 Id: 16, Scope: Unique, Realtime: True
[2025.07.17-02.25.34:515][957]LogAudioMixer: Display: Audio Mixer Platform Settings:
[2025.07.17-02.25.34:515][957]LogAudioMixer: Display: 	Sample Rate:						  48000
[2025.07.17-02.25.34:515][957]LogAudioMixer: Display: 	Callback Buffer Frame Size Requested: 1024
[2025.07.17-02.25.34:515][957]LogAudioMixer: Display: 	Callback Buffer Frame Size To Use:	  1024
[2025.07.17-02.25.34:515][957]LogAudioMixer: Display: 	Number of buffers to queue:			  2
[2025.07.17-02.25.34:515][957]LogAudioMixer: Display: 	Max Channels (voices):				  32
[2025.07.17-02.25.34:515][957]LogAudioMixer: Display: 	Number of Async Source Workers:		  0
[2025.07.17-02.25.34:515][957]LogAudio: Display: AudioDevice MaxSources: 32
[2025.07.17-02.25.34:516][957]LogAudio: Display: Audio Spatialization Plugin: None (built-in).
[2025.07.17-02.25.34:516][957]LogAudio: Display: Audio Reverb Plugin: None (built-in).
[2025.07.17-02.25.34:516][957]LogAudio: Display: Audio Occlusion Plugin: None (built-in).
[2025.07.17-02.25.34:516][957]LogAudioMixer: Display: Initializing audio mixer.
[2025.07.17-02.25.34:526][957]LogAudioMixer: Display: 0: FrontLeft
[2025.07.17-02.25.34:526][957]LogAudioMixer: Display: 1: FrontRight
[2025.07.17-02.25.34:563][957]LogAudioMixer: Display: Using Audio Device Headphones (SOUNDPEATS Mini HS Stereo)
[2025.07.17-02.25.34:564][957]LogAudioMixer: Display: Initializing Sound Submixes...
[2025.07.17-02.25.34:564][957]LogAudioMixer: Display: Creating Master Submix 'MasterSubmixDefault'
[2025.07.17-02.25.34:564][957]LogAudioMixer: Display: Creating Master Submix 'MasterReverbSubmixDefault'
[2025.07.17-02.25.34:564][957]LogAudioMixer: Display: Creating Master Submix 'MasterEQSubmixDefault'
[2025.07.17-02.25.34:564][957]LogAudioMixer: FMixerPlatformXAudio2::StartAudioStream() called
[2025.07.17-02.25.34:564][957]LogAudioMixer: Display: Output buffers initialized: Frames=1024, Channels=2, Samples=2048
[2025.07.17-02.25.34:566][957]LogAudioMixer: Display: Starting AudioMixerPlatformInterface::RunInternal()
[2025.07.17-02.25.34:566][957]LogAudioMixer: Display: FMixerPlatformXAudio2::SubmitBuffer() called for the first time
[2025.07.17-02.25.34:566][957]LogInit: FAudioDevice initialized.
[2025.07.17-02.25.34:566][957]LogAudio: Display: Audio Device (ID: 16) registered with world 'ThirdPersonExampleMap'.
[2025.07.17-02.25.34:581][957]LogLoad: Game class is 'ReglasJuego_C'
[2025.07.17-02.25.34:593][957]LogWorld: Bringing World /Game/ThirdPersonBP/Maps/UEDPIE_0_ThirdPersonExampleMap.ThirdPersonExampleMap up for play (max tick rate 60) at 2025.07.16-23.25.34
[2025.07.17-02.25.34:593][957]LogWorld: Bringing up level for play took: 0.010465
[2025.07.17-02.25.34:593][957]LogOnline: OSS: Creating online subsystem instance for: :Context_34
[2025.07.17-02.25.34:596][957]LogBlueprintUserMessages: [plataforma_2] Buenas buenas!
[2025.07.17-02.25.34:599][957]PIE: Server logged in
[2025.07.17-02.25.34:600][957]PIE: Play in editor total start time 0.191 seconds.
[2025.07.17-02.25.37:188][109]LogBlueprintUserMessages: [ReglasJuego_C_0] El puntaje subio!
[2025.07.17-02.25.37:188][109]LogBlueprintUserMessages: [ReglasJuego_C_0] 2
[2025.07.17-02.25.37:390][121]LogBlueprintUserMessages: [bala_C_7] Le reste 25 al bad fella
[2025.07.17-02.25.37:588][133]LogBlueprintUserMessages: [ReglasJuego_C_0] El puntaje subio!
[2025.07.17-02.25.37:588][133]LogBlueprintUserMessages: [ReglasJuego_C_0] 4
[2025.07.17-02.25.39:413][240]LogBlueprintUserMessages: [bala_C_8] El peoncito perdio 10 de vida!!!!
[2025.07.17-02.25.39:497][242]LogSlate: Updating window title bar state: overlay mode, drag disabled, window buttons hidden, title bar hidden
[2025.07.17-02.25.39:498][242]LogWorld: BeginTearingDown for /Game/ThirdPersonBP/Maps/UEDPIE_0_ThirdPersonExampleMap
[2025.07.17-02.25.39:498][242]LogWorld: UWorld::CleanupWorld for ThirdPersonExampleMap, bSessionEnded=true, bCleanupResources=true
[2025.07.17-02.25.39:500][242]LogSlate: InvalidateAllWidgets triggered.  All widgets were invalidated
[2025.07.17-02.25.39:512][242]LogPlayLevel: Display: Shutting down PIE online subsystems
[2025.07.17-02.25.39:528][242]LogSlate: InvalidateAllWidgets triggered.  All widgets were invalidated
[2025.07.17-02.25.39:541][242]LogAudio: Display: Audio Device unregistered from world 'None'.
[2025.07.17-02.25.39:541][242]LogAudioMixer: FMixerPlatformXAudio2::StopAudioStream() called
[2025.07.17-02.25.39:543][242]LogAudioMixer: FMixerPlatformXAudio2::StopAudioStream() called
[2025.07.17-02.25.39:547][242]LogSlate: Updating window title bar state: overlay mode, drag disabled, window buttons hidden, title bar hidden
[2025.07.17-02.25.39:550][242]LogUObjectHash: Compacting FUObjectHashTables data took   1.17ms
[2025.07.17-02.25.39:594][243]LogPlayLevel: Display: Destroying online subsystem :Context_34
[2025.07.17-02.25.52:901][874]LogUObjectHash: Compacting FUObjectHashTables data took   1.31ms
[2025.07.17-02.25.53:043][874]LogSavePackage: Moving '../../../../../UTN-e-learning/Unreal-Engine/Unreal-Projects/TP_PreEntrega/Saved/ThirdPersonExampleMap8FC8EE274DEDF8E15BECF9B1ABA9E7F9.tmp' to '../../../../../UTN-e-learning/Unreal-Engine/Unreal-Projects/TP_PreEntrega/Content/ThirdPersonBP/Maps/ThirdPersonExampleMap.umap'
[2025.07.17-02.25.53:252][874]LogSavePackage: Moving '../../../../../UTN-e-learning/Unreal-Engine/Unreal-Projects/TP_PreEntrega/Saved/ThirdPersonExampleMap_BuiltDataA8BFE746497F0ED5CE90609BEDAF9EE6.tmp' to '../../../../../UTN-e-learning/Unreal-Engine/Unreal-Projects/TP_PreEntrega/Content/ThirdPersonBP/Maps/ThirdPersonExampleMap_BuiltData.uasset'
[2025.07.17-02.25.53:291][874]AssetCheck: New page: Asset Save: multiple assets
[2025.07.17-02.25.53:292][874]LogContentValidation: Display: Validating MapBuildDataRegistry /Game/ThirdPersonBP/Maps/ThirdPersonExampleMap_BuiltData.ThirdPersonExampleMap_BuiltData
[2025.07.17-02.25.53:292][874]LogContentValidation: Display: Validating World /Game/ThirdPersonBP/Maps/ThirdPersonExampleMap.ThirdPersonExampleMap
[2025.07.17-02.25.53:992][907]LogTemp: Repeating last play command: Selected Viewport
[2025.07.17-02.25.54:046][907]LogPlayLevel: PlayLevel: No blueprints needed recompiling
[2025.07.17-02.25.54:046][907]PIE: New page: PIE session: ThirdPersonExampleMap (Jul 16, 2025, 8:25:54 PM)
[2025.07.17-02.25.54:046][907]LogPlayLevel: Creating play world package: /Game/ThirdPersonBP/Maps/UEDPIE_0_ThirdPersonExampleMap
[2025.07.17-02.25.54:082][907]LogPlayLevel: PIE: StaticDuplicateObject took: (0.035697s)
[2025.07.17-02.25.54:084][907]LogAIModule: Creating AISystem for world ThirdPersonExampleMap
[2025.07.17-02.25.54:084][907]LogPlayLevel: PIE: World Init took: (0.002010s)
[2025.07.17-02.25.54:084][907]LogPlayLevel: PIE: Created PIE world by copying editor world from /Game/ThirdPersonBP/Maps/ThirdPersonExampleMap.ThirdPersonExampleMap to /Game/ThirdPersonBP/Maps/UEDPIE_0_ThirdPersonExampleMap.ThirdPersonExampleMap (0.038086s)
[2025.07.17-02.25.54:121][907]LogUObjectHash: Compacting FUObjectHashTables data took   2.23ms
[2025.07.17-02.25.54:123][907]LogAudio: Display: Creating Audio Device:                 Id: 17, Scope: Unique, Realtime: True
[2025.07.17-02.25.54:124][907]LogAudioMixer: Display: Audio Mixer Platform Settings:
[2025.07.17-02.25.54:124][907]LogAudioMixer: Display: 	Sample Rate:						  48000
[2025.07.17-02.25.54:124][907]LogAudioMixer: Display: 	Callback Buffer Frame Size Requested: 1024
[2025.07.17-02.25.54:124][907]LogAudioMixer: Display: 	Callback Buffer Frame Size To Use:	  1024
[2025.07.17-02.25.54:124][907]LogAudioMixer: Display: 	Number of buffers to queue:			  2
[2025.07.17-02.25.54:124][907]LogAudioMixer: Display: 	Max Channels (voices):				  32
[2025.07.17-02.25.54:124][907]LogAudioMixer: Display: 	Number of Async Source Workers:		  0
[2025.07.17-02.25.54:124][907]LogAudio: Display: AudioDevice MaxSources: 32
[2025.07.17-02.25.54:125][907]LogAudio: Display: Audio Spatialization Plugin: None (built-in).
[2025.07.17-02.25.54:125][907]LogAudio: Display: Audio Reverb Plugin: None (built-in).
[2025.07.17-02.25.54:125][907]LogAudio: Display: Audio Occlusion Plugin: None (built-in).
[2025.07.17-02.25.54:125][907]LogAudioMixer: Display: Initializing audio mixer.
[2025.07.17-02.25.54:134][907]LogAudioMixer: Display: 0: FrontLeft
[2025.07.17-02.25.54:136][907]LogAudioMixer: Display: 1: FrontRight
[2025.07.17-02.25.54:172][907]LogAudioMixer: Display: Using Audio Device Headphones (SOUNDPEATS Mini HS Stereo)
[2025.07.17-02.25.54:172][907]LogAudioMixer: Display: Initializing Sound Submixes...
[2025.07.17-02.25.54:172][907]LogAudioMixer: Display: Creating Master Submix 'MasterSubmixDefault'
[2025.07.17-02.25.54:173][907]LogAudioMixer: Display: Creating Master Submix 'MasterReverbSubmixDefault'
[2025.07.17-02.25.54:174][907]LogAudioMixer: Display: Creating Master Submix 'MasterEQSubmixDefault'
[2025.07.17-02.25.54:174][907]LogAudioMixer: FMixerPlatformXAudio2::StartAudioStream() called
[2025.07.17-02.25.54:174][907]LogAudioMixer: Display: Output buffers initialized: Frames=1024, Channels=2, Samples=2048
[2025.07.17-02.25.54:176][907]LogAudioMixer: Display: Starting AudioMixerPlatformInterface::RunInternal()
[2025.07.17-02.25.54:177][907]LogAudioMixer: Display: FMixerPlatformXAudio2::SubmitBuffer() called for the first time
[2025.07.17-02.25.54:177][907]LogInit: FAudioDevice initialized.
[2025.07.17-02.25.54:177][907]LogAudio: Display: Audio Device (ID: 17) registered with world 'ThirdPersonExampleMap'.
[2025.07.17-02.25.54:194][907]LogLoad: Game class is 'ReglasJuego_C'
[2025.07.17-02.25.54:211][907]LogWorld: Bringing World /Game/ThirdPersonBP/Maps/UEDPIE_0_ThirdPersonExampleMap.ThirdPersonExampleMap up for play (max tick rate 60) at 2025.07.16-23.25.54
[2025.07.17-02.25.54:212][907]LogWorld: Bringing up level for play took: 0.015508
[2025.07.17-02.25.54:212][907]LogOnline: OSS: Creating online subsystem instance for: :Context_35
[2025.07.17-02.25.54:215][907]LogBlueprintUserMessages: [plataforma_2] Buenas buenas!
[2025.07.17-02.25.54:219][907]PIE: Server logged in
[2025.07.17-02.25.54:220][907]PIE: Play in editor total start time 0.202 seconds.
[2025.07.17-02.25.56:982][ 66]LogBlueprintUserMessages: [bala_C_4] Le reste 25 al bad fella
[2025.07.17-02.25.57:436][ 89]LogSlate: Updating window title bar state: overlay mode, drag disabled, window buttons hidden, title bar hidden
[2025.07.17-02.25.57:436][ 89]LogWorld: BeginTearingDown for /Game/ThirdPersonBP/Maps/UEDPIE_0_ThirdPersonExampleMap
[2025.07.17-02.25.57:437][ 89]LogWorld: UWorld::CleanupWorld for ThirdPersonExampleMap, bSessionEnded=true, bCleanupResources=true
[2025.07.17-02.25.57:440][ 89]LogSlate: InvalidateAllWidgets triggered.  All widgets were invalidated
[2025.07.17-02.25.57:455][ 89]LogPlayLevel: Display: Shutting down PIE online subsystems
[2025.07.17-02.25.57:469][ 89]LogSlate: InvalidateAllWidgets triggered.  All widgets were invalidated
[2025.07.17-02.25.57:480][ 89]LogSlate: Updating window title bar state: overlay mode, drag disabled, window buttons hidden, title bar hidden
[2025.07.17-02.25.57:480][ 89]LogAudioMixer: FMixerPlatformXAudio2::StopAudioStream() called
[2025.07.17-02.25.57:482][ 89]LogAudioMixer: FMixerPlatformXAudio2::StopAudioStream() called
[2025.07.17-02.25.57:490][ 89]LogUObjectHash: Compacting FUObjectHashTables data took   1.58ms
[2025.07.17-02.25.57:519][ 90]LogPlayLevel: Display: Destroying online subsystem :Context_35
[2025.07.17-02.26.01:730][312]LogUObjectHash: Compacting FUObjectHashTables data took   1.34ms
[2025.07.17-02.26.01:807][312]LogSavePackage: Moving '../../../../../UTN-e-learning/Unreal-Engine/Unreal-Projects/TP_PreEntrega/Saved/ThirdPersonExampleMapE1EE65084B31CF86E4AD62A3EF16C42A.tmp' to '../../../../../UTN-e-learning/Unreal-Engine/Unreal-Projects/TP_PreEntrega/Content/ThirdPersonBP/Maps/ThirdPersonExampleMap.umap'
[2025.07.17-02.26.02:027][312]LogSavePackage: Moving '../../../../../UTN-e-learning/Unreal-Engine/Unreal-Projects/TP_PreEntrega/Saved/ThirdPersonExampleMap_BuiltData87702DA4426EB633BB2D13A031930850.tmp' to '../../../../../UTN-e-learning/Unreal-Engine/Unreal-Projects/TP_PreEntrega/Content/ThirdPersonBP/Maps/ThirdPersonExampleMap_BuiltData.uasset'
[2025.07.17-02.26.02:064][312]AssetCheck: New page: Asset Save: multiple assets
[2025.07.17-02.26.02:064][312]LogContentValidation: Display: Validating MapBuildDataRegistry /Game/ThirdPersonBP/Maps/ThirdPersonExampleMap_BuiltData.ThirdPersonExampleMap_BuiltData
[2025.07.17-02.26.02:064][312]LogContentValidation: Display: Validating World /Game/ThirdPersonBP/Maps/ThirdPersonExampleMap.ThirdPersonExampleMap
[2025.07.17-02.26.02:680][340]LogTemp: Repeating last play command: Selected Viewport
[2025.07.17-02.26.02:720][340]LogPlayLevel: PlayLevel: No blueprints needed recompiling
[2025.07.17-02.26.02:720][340]PIE: New page: PIE session: ThirdPersonExampleMap (Jul 16, 2025, 8:26:02 PM)
[2025.07.17-02.26.02:721][340]LogPlayLevel: Creating play world package: /Game/ThirdPersonBP/Maps/UEDPIE_0_ThirdPersonExampleMap
[2025.07.17-02.26.02:758][340]LogPlayLevel: PIE: StaticDuplicateObject took: (0.037406s)
[2025.07.17-02.26.02:761][340]LogAIModule: Creating AISystem for world ThirdPersonExampleMap
[2025.07.17-02.26.02:761][340]LogPlayLevel: PIE: World Init took: (0.002556s)
[2025.07.17-02.26.02:761][340]LogPlayLevel: PIE: Created PIE world by copying editor world from /Game/ThirdPersonBP/Maps/ThirdPersonExampleMap.ThirdPersonExampleMap to /Game/ThirdPersonBP/Maps/UEDPIE_0_ThirdPersonExampleMap.ThirdPersonExampleMap (0.040524s)
[2025.07.17-02.26.02:803][340]LogUObjectHash: Compacting FUObjectHashTables data took   1.53ms
[2025.07.17-02.26.02:807][340]LogAudio: Display: Creating Audio Device:                 Id: 18, Scope: Unique, Realtime: True
[2025.07.17-02.26.02:807][340]LogAudioMixer: Display: Audio Mixer Platform Settings:
[2025.07.17-02.26.02:807][340]LogAudioMixer: Display: 	Sample Rate:						  48000
[2025.07.17-02.26.02:807][340]LogAudioMixer: Display: 	Callback Buffer Frame Size Requested: 1024
[2025.07.17-02.26.02:807][340]LogAudioMixer: Display: 	Callback Buffer Frame Size To Use:	  1024
[2025.07.17-02.26.02:807][340]LogAudioMixer: Display: 	Number of buffers to queue:			  2
[2025.07.17-02.26.02:807][340]LogAudioMixer: Display: 	Max Channels (voices):				  32
[2025.07.17-02.26.02:807][340]LogAudioMixer: Display: 	Number of Async Source Workers:		  0
[2025.07.17-02.26.02:807][340]LogAudio: Display: AudioDevice MaxSources: 32
[2025.07.17-02.26.02:807][340]LogAudio: Display: Audio Spatialization Plugin: None (built-in).
[2025.07.17-02.26.02:807][340]LogAudio: Display: Audio Reverb Plugin: None (built-in).
[2025.07.17-02.26.02:808][340]LogAudio: Display: Audio Occlusion Plugin: None (built-in).
[2025.07.17-02.26.02:808][340]LogAudioMixer: Display: Initializing audio mixer.
[2025.07.17-02.26.02:816][340]LogAudioMixer: Display: 0: FrontLeft
[2025.07.17-02.26.02:816][340]LogAudioMixer: Display: 1: FrontRight
[2025.07.17-02.26.02:840][340]LogAudioMixer: Display: Using Audio Device Headphones (SOUNDPEATS Mini HS Stereo)
[2025.07.17-02.26.02:840][340]LogAudioMixer: Display: Initializing Sound Submixes...
[2025.07.17-02.26.02:840][340]LogAudioMixer: Display: Creating Master Submix 'MasterSubmixDefault'
[2025.07.17-02.26.02:840][340]LogAudioMixer: Display: Creating Master Submix 'MasterReverbSubmixDefault'
[2025.07.17-02.26.02:841][340]LogAudioMixer: Display: Creating Master Submix 'MasterEQSubmixDefault'
[2025.07.17-02.26.02:841][340]LogAudioMixer: FMixerPlatformXAudio2::StartAudioStream() called
[2025.07.17-02.26.02:841][340]LogAudioMixer: Display: Output buffers initialized: Frames=1024, Channels=2, Samples=2048
[2025.07.17-02.26.02:842][340]LogAudioMixer: Display: Starting AudioMixerPlatformInterface::RunInternal()
[2025.07.17-02.26.02:843][340]LogAudioMixer: Display: FMixerPlatformXAudio2::SubmitBuffer() called for the first time
[2025.07.17-02.26.02:843][340]LogInit: FAudioDevice initialized.
[2025.07.17-02.26.02:843][340]LogAudio: Display: Audio Device (ID: 18) registered with world 'ThirdPersonExampleMap'.
[2025.07.17-02.26.02:853][340]LogLoad: Game class is 'ReglasJuego_C'
[2025.07.17-02.26.02:863][340]LogWorld: Bringing World /Game/ThirdPersonBP/Maps/UEDPIE_0_ThirdPersonExampleMap.ThirdPersonExampleMap up for play (max tick rate 60) at 2025.07.16-23.26.02
[2025.07.17-02.26.02:863][340]LogWorld: Bringing up level for play took: 0.009550
[2025.07.17-02.26.02:864][340]LogOnline: OSS: Creating online subsystem instance for: :Context_36
[2025.07.17-02.26.02:866][340]LogBlueprintUserMessages: [plataforma_2] Buenas buenas!
[2025.07.17-02.26.02:869][340]PIE: Server logged in
[2025.07.17-02.26.02:870][340]PIE: Play in editor total start time 0.173 seconds.
[2025.07.17-02.26.04:745][441]LogSlate: Updating window title bar state: overlay mode, drag disabled, window buttons hidden, title bar hidden
[2025.07.17-02.26.04:746][441]LogWorld: BeginTearingDown for /Game/ThirdPersonBP/Maps/UEDPIE_0_ThirdPersonExampleMap
[2025.07.17-02.26.04:747][441]LogWorld: UWorld::CleanupWorld for ThirdPersonExampleMap, bSessionEnded=true, bCleanupResources=true
[2025.07.17-02.26.04:749][441]LogSlate: InvalidateAllWidgets triggered.  All widgets were invalidated
[2025.07.17-02.26.04:762][441]LogPlayLevel: Display: Shutting down PIE online subsystems
[2025.07.17-02.26.04:775][441]LogSlate: InvalidateAllWidgets triggered.  All widgets were invalidated
[2025.07.17-02.26.04:787][441]LogSlate: Updating window title bar state: overlay mode, drag disabled, window buttons hidden, title bar hidden
[2025.07.17-02.26.04:787][441]LogAudioMixer: FMixerPlatformXAudio2::StopAudioStream() called
[2025.07.17-02.26.04:789][441]LogAudioMixer: FMixerPlatformXAudio2::StopAudioStream() called
[2025.07.17-02.26.04:796][441]LogUObjectHash: Compacting FUObjectHashTables data took   1.28ms
[2025.07.17-02.26.04:844][442]LogPlayLevel: Display: Destroying online subsystem :Context_36
[2025.07.17-02.26.09:842][690]LogUObjectHash: Compacting FUObjectHashTables data took   1.99ms
[2025.07.17-02.26.09:994][690]LogSavePackage: Moving '../../../../../UTN-e-learning/Unreal-Engine/Unreal-Projects/TP_PreEntrega/Saved/ThirdPersonExampleMap8B54BD314DBA60CD3BB6A3ACF72AC7CE.tmp' to '../../../../../UTN-e-learning/Unreal-Engine/Unreal-Projects/TP_PreEntrega/Content/ThirdPersonBP/Maps/ThirdPersonExampleMap.umap'
[2025.07.17-02.26.10:229][690]LogSavePackage: Moving '../../../../../UTN-e-learning/Unreal-Engine/Unreal-Projects/TP_PreEntrega/Saved/ThirdPersonExampleMap_BuiltData1950D4DB4F7C5845674F8FBFC1D9207B.tmp' to '../../../../../UTN-e-learning/Unreal-Engine/Unreal-Projects/TP_PreEntrega/Content/ThirdPersonBP/Maps/ThirdPersonExampleMap_BuiltData.uasset'
[2025.07.17-02.26.10:264][690]AssetCheck: New page: Asset Save: multiple assets
[2025.07.17-02.26.10:264][690]LogContentValidation: Display: Validating MapBuildDataRegistry /Game/ThirdPersonBP/Maps/ThirdPersonExampleMap_BuiltData.ThirdPersonExampleMap_BuiltData
[2025.07.17-02.26.10:264][690]LogContentValidation: Display: Validating World /Game/ThirdPersonBP/Maps/ThirdPersonExampleMap.ThirdPersonExampleMap
[2025.07.17-02.26.10:939][720]LogTemp: Repeating last play command: Selected Viewport
[2025.07.17-02.26.10:980][720]LogPlayLevel: PlayLevel: No blueprints needed recompiling
[2025.07.17-02.26.10:981][720]PIE: New page: PIE session: ThirdPersonExampleMap (Jul 16, 2025, 8:26:10 PM)
[2025.07.17-02.26.10:981][720]LogPlayLevel: Creating play world package: /Game/ThirdPersonBP/Maps/UEDPIE_0_ThirdPersonExampleMap
[2025.07.17-02.26.11:023][720]LogPlayLevel: PIE: StaticDuplicateObject took: (0.041733s)
[2025.07.17-02.26.11:026][720]LogAIModule: Creating AISystem for world ThirdPersonExampleMap
[2025.07.17-02.26.11:027][720]LogPlayLevel: PIE: World Init took: (0.003689s)
[2025.07.17-02.26.11:028][720]LogPlayLevel: PIE: Created PIE world by copying editor world from /Game/ThirdPersonBP/Maps/ThirdPersonExampleMap.ThirdPersonExampleMap to /Game/ThirdPersonBP/Maps/UEDPIE_0_ThirdPersonExampleMap.ThirdPersonExampleMap (0.045915s)
[2025.07.17-02.26.11:078][720]LogUObjectHash: Compacting FUObjectHashTables data took   1.94ms
[2025.07.17-02.26.11:080][720]LogAudio: Display: Creating Audio Device:                 Id: 19, Scope: Unique, Realtime: True
[2025.07.17-02.26.11:081][720]LogAudioMixer: Display: Audio Mixer Platform Settings:
[2025.07.17-02.26.11:081][720]LogAudioMixer: Display: 	Sample Rate:						  48000
[2025.07.17-02.26.11:081][720]LogAudioMixer: Display: 	Callback Buffer Frame Size Requested: 1024
[2025.07.17-02.26.11:081][720]LogAudioMixer: Display: 	Callback Buffer Frame Size To Use:	  1024
[2025.07.17-02.26.11:081][720]LogAudioMixer: Display: 	Number of buffers to queue:			  2
[2025.07.17-02.26.11:081][720]LogAudioMixer: Display: 	Max Channels (voices):				  32
[2025.07.17-02.26.11:081][720]LogAudioMixer: Display: 	Number of Async Source Workers:		  0
[2025.07.17-02.26.11:081][720]LogAudio: Display: AudioDevice MaxSources: 32
[2025.07.17-02.26.11:082][720]LogAudio: Display: Audio Spatialization Plugin: None (built-in).
[2025.07.17-02.26.11:082][720]LogAudio: Display: Audio Reverb Plugin: None (built-in).
[2025.07.17-02.26.11:082][720]LogAudio: Display: Audio Occlusion Plugin: None (built-in).
[2025.07.17-02.26.11:082][720]LogAudioMixer: Display: Initializing audio mixer.
[2025.07.17-02.26.11:092][720]LogAudioMixer: Display: 0: FrontLeft
[2025.07.17-02.26.11:093][720]LogAudioMixer: Display: 1: FrontRight
[2025.07.17-02.26.11:123][720]LogAudioMixer: Display: Using Audio Device Headphones (SOUNDPEATS Mini HS Stereo)
[2025.07.17-02.26.11:123][720]LogAudioMixer: Display: Initializing Sound Submixes...
[2025.07.17-02.26.11:123][720]LogAudioMixer: Display: Creating Master Submix 'MasterSubmixDefault'
[2025.07.17-02.26.11:124][720]LogAudioMixer: Display: Creating Master Submix 'MasterReverbSubmixDefault'
[2025.07.17-02.26.11:124][720]LogAudioMixer: Display: Creating Master Submix 'MasterEQSubmixDefault'
[2025.07.17-02.26.11:124][720]LogAudioMixer: FMixerPlatformXAudio2::StartAudioStream() called
[2025.07.17-02.26.11:124][720]LogAudioMixer: Display: Output buffers initialized: Frames=1024, Channels=2, Samples=2048
[2025.07.17-02.26.11:126][720]LogAudioMixer: Display: Starting AudioMixerPlatformInterface::RunInternal()
[2025.07.17-02.26.11:127][720]LogAudioMixer: Display: FMixerPlatformXAudio2::SubmitBuffer() called for the first time
[2025.07.17-02.26.11:127][720]LogInit: FAudioDevice initialized.
[2025.07.17-02.26.11:127][720]LogAudio: Display: Audio Device (ID: 19) registered with world 'ThirdPersonExampleMap'.
[2025.07.17-02.26.11:142][720]LogLoad: Game class is 'ReglasJuego_C'
[2025.07.17-02.26.11:157][720]LogWorld: Bringing World /Game/ThirdPersonBP/Maps/UEDPIE_0_ThirdPersonExampleMap.ThirdPersonExampleMap up for play (max tick rate 60) at 2025.07.16-23.26.11
[2025.07.17-02.26.11:158][720]LogWorld: Bringing up level for play took: 0.013554
[2025.07.17-02.26.11:158][720]LogOnline: OSS: Creating online subsystem instance for: :Context_37
[2025.07.17-02.26.11:161][720]LogBlueprintUserMessages: [plataforma_2] Buenas buenas!
[2025.07.17-02.26.11:165][720]PIE: Server logged in
[2025.07.17-02.26.11:167][720]PIE: Play in editor total start time 0.209 seconds.
[2025.07.17-02.26.13:926][874]LogBlueprintUserMessages: [bala_C_5] Le reste 25 al bad fella
[2025.07.17-02.26.13:991][878]LogBlueprintUserMessages: [ReglasJuego_C_0] El puntaje subio!
[2025.07.17-02.26.13:991][878]LogBlueprintUserMessages: [ReglasJuego_C_0] 2
[2025.07.17-02.26.14:762][922]LogBlueprintUserMessages: [bala_C_4] El peoncito perdio 10 de vida!!!!
[2025.07.17-02.26.14:847][927]LogBlueprintUserMessages: [ReglasJuego_C_0] El puntaje subio!
[2025.07.17-02.26.14:847][927]LogBlueprintUserMessages: [ReglasJuego_C_0] 4
[2025.07.17-02.26.18:023][108]LogBlueprintUserMessages: [bala_C_14] Le reste 50 al bad guy
[2025.07.17-02.26.18:223][120]LogBlueprintUserMessages: [bala_C_14] El peoncito perdio 10 de vida!!!!
[2025.07.17-02.26.19:500][194]LogBlueprintUserMessages: [bala_C_16] El peoncito perdio 10 de vida!!!!
[2025.07.17-02.26.20:036][222]LogSlate: Updating window title bar state: overlay mode, drag disabled, window buttons hidden, title bar hidden
[2025.07.17-02.26.20:037][222]LogWorld: BeginTearingDown for /Game/ThirdPersonBP/Maps/UEDPIE_0_ThirdPersonExampleMap
[2025.07.17-02.26.20:037][222]LogWorld: UWorld::CleanupWorld for ThirdPersonExampleMap, bSessionEnded=true, bCleanupResources=true
[2025.07.17-02.26.20:040][222]LogSlate: InvalidateAllWidgets triggered.  All widgets were invalidated
[2025.07.17-02.26.20:055][222]LogPlayLevel: Display: Shutting down PIE online subsystems
[2025.07.17-02.26.20:069][222]LogSlate: InvalidateAllWidgets triggered.  All widgets were invalidated
[2025.07.17-02.26.20:081][222]LogSlate: Updating window title bar state: overlay mode, drag disabled, window buttons hidden, title bar hidden
[2025.07.17-02.26.20:081][222]LogAudioMixer: FMixerPlatformXAudio2::StopAudioStream() called
[2025.07.17-02.26.20:083][222]LogAudioMixer: FMixerPlatformXAudio2::StopAudioStream() called
[2025.07.17-02.26.20:091][222]LogUObjectHash: Compacting FUObjectHashTables data took   1.56ms
[2025.07.17-02.26.20:140][223]LogPlayLevel: Display: Destroying online subsystem :Context_37
[2025.07.17-02.26.23:916][418]LogUObjectHash: Compacting FUObjectHashTables data took   1.63ms
[2025.07.17-02.26.24:047][418]LogSavePackage: Moving '../../../../../UTN-e-learning/Unreal-Engine/Unreal-Projects/TP_PreEntrega/Saved/ThirdPersonExampleMap634BC0EC47B2D1EA0C9A029AA4CBFD45.tmp' to '../../../../../UTN-e-learning/Unreal-Engine/Unreal-Projects/TP_PreEntrega/Content/ThirdPersonBP/Maps/ThirdPersonExampleMap.umap'
[2025.07.17-02.26.24:249][418]LogSavePackage: Moving '../../../../../UTN-e-learning/Unreal-Engine/Unreal-Projects/TP_PreEntrega/Saved/ThirdPersonExampleMap_BuiltDataE0D4ECD74AF0A52E40DB0EB1E04AA352.tmp' to '../../../../../UTN-e-learning/Unreal-Engine/Unreal-Projects/TP_PreEntrega/Content/ThirdPersonBP/Maps/ThirdPersonExampleMap_BuiltData.uasset'
[2025.07.17-02.26.24:295][418]AssetCheck: New page: Asset Save: multiple assets
[2025.07.17-02.26.24:295][418]LogContentValidation: Display: Validating MapBuildDataRegistry /Game/ThirdPersonBP/Maps/ThirdPersonExampleMap_BuiltData.ThirdPersonExampleMap_BuiltData
[2025.07.17-02.26.24:295][418]LogContentValidation: Display: Validating World /Game/ThirdPersonBP/Maps/ThirdPersonExampleMap.ThirdPersonExampleMap
[2025.07.17-02.26.25:336][469]LogTemp: Repeating last play command: Selected Viewport
[2025.07.17-02.26.25:366][469]LogPlayLevel: PlayLevel: No blueprints needed recompiling
[2025.07.17-02.26.25:366][469]PIE: New page: PIE session: ThirdPersonExampleMap (Jul 16, 2025, 8:26:25 PM)
[2025.07.17-02.26.25:366][469]LogPlayLevel: Creating play world package: /Game/ThirdPersonBP/Maps/UEDPIE_0_ThirdPersonExampleMap
[2025.07.17-02.26.25:401][469]LogPlayLevel: PIE: StaticDuplicateObject took: (0.034800s)
[2025.07.17-02.26.25:403][469]LogAIModule: Creating AISystem for world ThirdPersonExampleMap
[2025.07.17-02.26.25:404][469]LogPlayLevel: PIE: World Init took: (0.002514s)
[2025.07.17-02.26.25:404][469]LogPlayLevel: PIE: Created PIE world by copying editor world from /Game/ThirdPersonBP/Maps/ThirdPersonExampleMap.ThirdPersonExampleMap to /Game/ThirdPersonBP/Maps/UEDPIE_0_ThirdPersonExampleMap.ThirdPersonExampleMap (0.037783s)
[2025.07.17-02.26.25:455][469]LogUObjectHash: Compacting FUObjectHashTables data took   2.26ms
[2025.07.17-02.26.25:458][469]LogAudio: Display: Creating Audio Device:                 Id: 20, Scope: Unique, Realtime: True
[2025.07.17-02.26.25:458][469]LogAudioMixer: Display: Audio Mixer Platform Settings:
[2025.07.17-02.26.25:458][469]LogAudioMixer: Display: 	Sample Rate:						  48000
[2025.07.17-02.26.25:458][469]LogAudioMixer: Display: 	Callback Buffer Frame Size Requested: 1024
[2025.07.17-02.26.25:458][469]LogAudioMixer: Display: 	Callback Buffer Frame Size To Use:	  1024
[2025.07.17-02.26.25:458][469]LogAudioMixer: Display: 	Number of buffers to queue:			  2
[2025.07.17-02.26.25:458][469]LogAudioMixer: Display: 	Max Channels (voices):				  32
[2025.07.17-02.26.25:458][469]LogAudioMixer: Display: 	Number of Async Source Workers:		  0
[2025.07.17-02.26.25:458][469]LogAudio: Display: AudioDevice MaxSources: 32
[2025.07.17-02.26.25:459][469]LogAudio: Display: Audio Spatialization Plugin: None (built-in).
[2025.07.17-02.26.25:459][469]LogAudio: Display: Audio Reverb Plugin: None (built-in).
[2025.07.17-02.26.25:459][469]LogAudio: Display: Audio Occlusion Plugin: None (built-in).
[2025.07.17-02.26.25:459][469]LogAudioMixer: Display: Initializing audio mixer.
[2025.07.17-02.26.25:469][469]LogAudioMixer: Display: 0: FrontLeft
[2025.07.17-02.26.25:469][469]LogAudioMixer: Display: 1: FrontRight
[2025.07.17-02.26.25:499][469]LogAudioMixer: Display: Using Audio Device Headphones (SOUNDPEATS Mini HS Stereo)
[2025.07.17-02.26.25:499][469]LogAudioMixer: Display: Initializing Sound Submixes...
[2025.07.17-02.26.25:499][469]LogAudioMixer: Display: Creating Master Submix 'MasterSubmixDefault'
[2025.07.17-02.26.25:499][469]LogAudioMixer: Display: Creating Master Submix 'MasterReverbSubmixDefault'
[2025.07.17-02.26.25:500][469]LogAudioMixer: Display: Creating Master Submix 'MasterEQSubmixDefault'
[2025.07.17-02.26.25:500][469]LogAudioMixer: FMixerPlatformXAudio2::StartAudioStream() called
[2025.07.17-02.26.25:500][469]LogAudioMixer: Display: Output buffers initialized: Frames=1024, Channels=2, Samples=2048
[2025.07.17-02.26.25:502][469]LogAudioMixer: Display: Starting AudioMixerPlatformInterface::RunInternal()
[2025.07.17-02.26.25:502][469]LogAudioMixer: Display: FMixerPlatformXAudio2::SubmitBuffer() called for the first time
[2025.07.17-02.26.25:502][469]LogInit: FAudioDevice initialized.
[2025.07.17-02.26.25:502][469]LogAudio: Display: Audio Device (ID: 20) registered with world 'ThirdPersonExampleMap'.
[2025.07.17-02.26.25:514][469]LogLoad: Game class is 'ReglasJuego_C'
[2025.07.17-02.26.25:528][469]LogWorld: Bringing World /Game/ThirdPersonBP/Maps/UEDPIE_0_ThirdPersonExampleMap.ThirdPersonExampleMap up for play (max tick rate 60) at 2025.07.16-23.26.25
[2025.07.17-02.26.25:529][469]LogWorld: Bringing up level for play took: 0.013794
[2025.07.17-02.26.25:529][469]LogOnline: OSS: Creating online subsystem instance for: :Context_38
[2025.07.17-02.26.25:532][469]LogBlueprintUserMessages: [plataforma_2] Buenas buenas!
[2025.07.17-02.26.25:536][469]PIE: Server logged in
[2025.07.17-02.26.25:537][469]PIE: Play in editor total start time 0.189 seconds.
[2025.07.17-02.26.27:717][590]LogBlueprintUserMessages: [ReglasJuego_C_0] El puntaje subio!
[2025.07.17-02.26.27:717][590]LogBlueprintUserMessages: [ReglasJuego_C_0] 2
[2025.07.17-02.26.28:104][608]LogBlueprintUserMessages: [ReglasJuego_C_0] El puntaje subio!
[2025.07.17-02.26.28:104][608]LogBlueprintUserMessages: [ReglasJuego_C_0] 4
[2025.07.17-02.26.29:470][675]LogBlueprintUserMessages: [bala_C_4] El peoncito perdio 10 de vida!!!!
[2025.07.17-02.26.30:312][724]LogBlueprintUserMessages: [bala_C_6] El peoncito perdio 10 de vida!!!!
[2025.07.17-02.26.30:614][739]LogBlueprintUserMessages: [bala_C_5] El peoncito perdio 10 de vida!!!!
[2025.07.17-02.26.31:343][781]LogBlueprintUserMessages: [bala_C_11] Le reste 25 al bad fella
[2025.07.17-02.26.33:416][901]LogBlueprintUserMessages: [Curador_2] Le di vida al peoncito! ahora tiene:
[2025.07.17-02.26.33:416][901]LogBlueprintUserMessages: [Curador_2] 70.0
[2025.07.17-02.26.33:416][901]LogBlueprintUserMessages: [Curador_2] El curador ya curo las siguientes veces:
[2025.07.17-02.26.33:416][901]LogBlueprintUserMessages: [Curador_2] 1.0
[2025.07.17-02.26.34:017][935]LogBlueprintUserMessages: [ReglasJuego_C_0] El puntaje subio!
[2025.07.17-02.26.34:017][935]LogBlueprintUserMessages: [ReglasJuego_C_0] 6
[2025.07.17-02.26.37:369][121]LogBlueprintUserMessages: [bala_C_25] Le reste 25 al bad fella
[2025.07.17-02.26.38:510][186]LogBlueprintUserMessages: [bala_C_28] Le reste 50 al bad guy
[2025.07.17-02.26.38:610][191]LogBlueprintUserMessages: [bala_C_26] El peoncito perdio 10 de vida!!!!
[2025.07.17-02.26.38:628][192]LogBlueprintUserMessages: [bala_C_26] El peoncito perdio 10 de vida!!!!
[2025.07.17-02.26.38:643][193]LogBlueprintUserMessages: [bala_C_26] El peoncito perdio 10 de vida!!!!
[2025.07.17-02.26.38:876][207]LogBlueprintUserMessages: [bala_C_26] El peoncito perdio 10 de vida!!!!
[2025.07.17-02.26.38:951][211]LogBlueprintUserMessages: [bala_C_29] Le reste 50 al bad guy
[2025.07.17-02.26.38:968][212]LogBlueprintUserMessages: [bad_guy2_2] Bad guy  Destruido!
[2025.07.17-02.26.42:850][429]LogBlueprintUserMessages: [ReglasJuego_C_0] El puntaje subio!
[2025.07.17-02.26.42:850][429]LogBlueprintUserMessages: [ReglasJuego_C_0] 8
[2025.07.17-02.26.43:334][458]LogBlueprintUserMessages: [ReglasJuego_C_0] El puntaje subio!
[2025.07.17-02.26.43:334][458]LogBlueprintUserMessages: [ReglasJuego_C_0] 10
[2025.07.17-02.26.43:395][461]LogBlueprintUserMessages: [bala_C_40] Le reste 25 al bad fella
[2025.07.17-02.26.44:501][523]LogBlueprintUserMessages: [bala_C_42] Le reste 25 a la torreta
[2025.07.17-02.26.44:501][523]LogBlueprintUserMessages: [Torreta_2] algo me ataveso!
[2025.07.17-02.26.44:926][541]LogBlueprintUserMessages: [bala_C_44] Le reste 25 a la torreta
[2025.07.17-02.26.44:926][541]LogBlueprintUserMessages: [Torreta_2] algo me ataveso!
[2025.07.17-02.26.44:941][542]LogBlueprintUserMessages: [Torreta_2] Torreta Destruida!
[2025.07.17-02.26.46:412][624]LogBlueprintUserMessages: [bala_C_50] Le reste 25 al bad fella
[2025.07.17-02.26.46:433][625]LogBlueprintUserMessages: [bad_fella_2] Bad fella  Destruido!
[2025.07.17-02.26.46:977][653]LogBlueprintUserMessages: [ReglasJuego_C_0] El puntaje subio!
[2025.07.17-02.26.46:977][653]LogBlueprintUserMessages: [ReglasJuego_C_0] 12
[2025.07.17-02.26.47:971][712]LogBlueprintUserMessages: [bala_C_50] Le reste 25 al bad fella
[2025.07.17-02.26.51:328][908]LogBlueprintUserMessages: [bala_C_59] Le reste 25 al bad fella
[2025.07.17-02.26.51:677][929]LogBlueprintUserMessages: [bala_C_60] Le reste 25 al bad fella
[2025.07.17-02.26.53:780][ 53]LogBlueprintUserMessages: [bala_C_63] Le reste 25 al bad fella
[2025.07.17-02.26.53:799][ 54]LogBlueprintUserMessages: [bad_fella2_2] Bad fella  Destruido!
[2025.07.17-02.26.56:986][222]LogBlueprintUserMessages: [bala_C_70] Le reste 25 a la torreta
[2025.07.17-02.26.56:987][222]LogBlueprintUserMessages: [Torreta2_5] algo me ataveso!
[2025.07.17-02.26.57:367][244]LogBlueprintUserMessages: [bala_C_71] Le reste 25 a la torreta
[2025.07.17-02.26.57:367][244]LogBlueprintUserMessages: [Torreta2_5] algo me ataveso!
[2025.07.17-02.26.57:385][245]LogBlueprintUserMessages: [Torreta2_5] Torreta Destruida!
[2025.07.17-02.26.59:484][354]LogBlueprintUserMessages: [ReglasJuego_C_0] El puntaje subio!
[2025.07.17-02.26.59:484][354]LogBlueprintUserMessages: [ReglasJuego_C_0] 14
[2025.07.17-02.26.59:817][374]LogBlueprintUserMessages: [ReglasJuego_C_0] El puntaje subio!
[2025.07.17-02.26.59:817][374]LogBlueprintUserMessages: [ReglasJuego_C_0] 16
[2025.07.17-02.27.01:332][462]LogBlueprintUserMessages: [ReglasJuego_C_0] El puntaje subio!
[2025.07.17-02.27.01:332][462]LogBlueprintUserMessages: [ReglasJuego_C_0] 18
[2025.07.17-02.27.02:167][512]LogBlueprintUserMessages: [ReglasJuego_C_0] El puntaje subio!
[2025.07.17-02.27.02:167][512]LogBlueprintUserMessages: [ReglasJuego_C_0] 20
[2025.07.17-02.27.03:624][591]LogBlueprintUserMessages: [bala_C_78] El peoncito perdio 10 de vida!!!!
[2025.07.17-02.27.06:033][735]LogBlueprintUserMessages: [bala_C_82] Le reste 25 a la torreta
[2025.07.17-02.27.06:034][735]LogBlueprintUserMessages: [Torreta3_2] algo me ataveso!
[2025.07.17-02.27.06:402][757]LogBlueprintUserMessages: [bala_C_84] Le reste 25 a la torreta
[2025.07.17-02.27.06:402][757]LogBlueprintUserMessages: [Torreta3_2] algo me ataveso!
[2025.07.17-02.27.06:419][758]LogBlueprintUserMessages: [Torreta3_2] Torreta Destruida!
[2025.07.17-02.27.11:855][ 82]LogBlueprintUserMessages: [Curador_2] Le di vida al peoncito! ahora tiene:
[2025.07.17-02.27.11:855][ 82]LogBlueprintUserMessages: [Curador_2] 40.0
[2025.07.17-02.27.11:856][ 82]LogBlueprintUserMessages: [Curador_2] El curador ya curo las siguientes veces:
[2025.07.17-02.27.11:856][ 82]LogBlueprintUserMessages: [Curador_2] 2.0
[2025.07.17-02.27.13:612][187]LogBlueprintUserMessages: [Curador_2] Le di vida al peoncito! ahora tiene:
[2025.07.17-02.27.13:612][187]LogBlueprintUserMessages: [Curador_2] 60.0
[2025.07.17-02.27.13:612][187]LogBlueprintUserMessages: [Curador_2] El curador ya curo las siguientes veces:
[2025.07.17-02.27.13:612][187]LogBlueprintUserMessages: [Curador_2] 3.0
[2025.07.17-02.27.17:490][419]LogBlueprintUserMessages: [bala_C_97] Le reste 50 al bad guy
[2025.07.17-02.27.17:990][449]LogBlueprintUserMessages: [bala_C_99] Le reste 50 al bad guy
[2025.07.17-02.27.18:006][450]LogBlueprintUserMessages: [bad_guy_5] Bad guy  Destruido!
[2025.07.17-02.27.18:406][474]LogBlueprintUserMessages: [bala_C_98] El peoncito perdio 10 de vida!!!!
[2025.07.17-02.27.19:907][564]LogBlueprintUserMessages: [Curador_2] Le di vida al peoncito! ahora tiene:
[2025.07.17-02.27.19:908][564]LogBlueprintUserMessages: [Curador_2] 70.0
[2025.07.17-02.27.19:908][564]LogBlueprintUserMessages: [Curador_2] El curador ya curo las siguientes veces:
[2025.07.17-02.27.19:908][564]LogBlueprintUserMessages: [Curador_2] 4.0
[2025.07.17-02.27.25:725][913]LogBlueprintUserMessages: [ReglasJuego_C_0] El puntaje subio!
[2025.07.17-02.27.25:726][913]LogBlueprintUserMessages: [ReglasJuego_C_0] 22
[2025.07.17-02.27.27:498][ 19]LogBlueprintUserMessages: [ReglasJuego_C_0] El puntaje subio!
[2025.07.17-02.27.27:498][ 19]LogBlueprintUserMessages: [ReglasJuego_C_0] 24
[2025.07.17-02.27.31:624][263]LogBlueprintUserMessages: [ReglasJuego_C_0] El puntaje subio!
[2025.07.17-02.27.31:624][263]LogBlueprintUserMessages: [ReglasJuego_C_0] 26
[2025.07.17-02.27.32:441][312]LogBlueprintUserMessages: [ReglasJuego_C_0] El puntaje subio!
[2025.07.17-02.27.32:441][312]LogBlueprintUserMessages: [ReglasJuego_C_0] 28
[2025.07.17-02.27.37:631][623]LogBlueprintUserMessages: [ReglasJuego_C_0] El puntaje subio!
[2025.07.17-02.27.37:631][623]LogBlueprintUserMessages: [ReglasJuego_C_0] 30
[2025.07.17-02.27.50:240][378]LogBlueprintUserMessages: [ReglasJuego_C_0] El puntaje subio!
[2025.07.17-02.27.50:240][378]LogBlueprintUserMessages: [ReglasJuego_C_0] 32
[2025.07.17-02.28.13:226][753]LogBlueprintUserMessages: [ReglasJuego_C_0] El puntaje subio!
[2025.07.17-02.28.13:226][753]LogBlueprintUserMessages: [ReglasJuego_C_0] 34
[2025.07.17-02.28.13:226][753]LogBlueprintUserMessages: [ReglasJuego_C_0] Ganaste!
[2025.07.17-02.28.13:243][754]LogNet: Browse: /Game/ThirdPersonBP/Maps/GanasteLevel
[2025.07.17-02.28.13:243][754]LogLoad: LoadMap: /Game/ThirdPersonBP/Maps/GanasteLevel
[2025.07.17-02.28.13:243][754]LogWorld: BeginTearingDown for /Game/ThirdPersonBP/Maps/UEDPIE_0_ThirdPersonExampleMap
[2025.07.17-02.28.13:244][754]LogWorld: UWorld::CleanupWorld for ThirdPersonExampleMap, bSessionEnded=true, bCleanupResources=true
[2025.07.17-02.28.13:246][754]LogSlate: InvalidateAllWidgets triggered.  All widgets were invalidated
[2025.07.17-02.28.13:284][754]LogAudio: Display: Audio Device unregistered from world 'None'.
[2025.07.17-02.28.13:288][754]LogUObjectHash: Compacting FUObjectHashTables data took   1.43ms
[2025.07.17-02.28.13:312][754]LogAudio: Display: Audio Device (ID: 20) registered with world 'GanasteLevel'.
[2025.07.17-02.28.13:313][754]LogAIModule: Creating AISystem for world GanasteLevel
[2025.07.17-02.28.13:313][754]LogLoad: Game class is 'ReglasJuego_C'
[2025.07.17-02.28.13:370][754]LogWorld: Bringing World /Game/ThirdPersonBP/Maps/UEDPIE_0_GanasteLevel.GanasteLevel up for play (max tick rate 60) at 2025.07.16-23.28.13
[2025.07.17-02.28.13:371][754]LogWorld: Bringing up level for play took: 0.056092
[2025.07.17-02.28.13:371][754]LogGameMode: FindPlayerStart: PATHS NOT DEFINED or NO PLAYERSTART with positive rating
[2025.07.17-02.28.13:373][754]LogBlueprintUserMessages: [plataforma_2] Buenas buenas!
[2025.07.17-02.28.13:374][754]LogLoad: Took 0.131196 seconds to LoadMap(/Game/ThirdPersonBP/Maps/GanasteLevel)
[2025.07.17-02.28.13:436][754]PIE: Error: Blueprint Runtime Error: "Accessed None trying to read property K2Node_DynamicCast_AsPeoncito". Blueprint:  BarraVIda Function:  Get Text 0 Graph:  GetText_0 Node:  Return Node
[2025.07.17-02.28.13:447][755]PIE: Error: Blueprint Runtime Error: "Accessed None trying to read property K2Node_DynamicCast_AsPeoncito". Blueprint:  BarraVIda Function:  Get Text 0 Graph:  GetText_0 Node:  Return Node
[2025.07.17-02.28.13:463][756]PIE: Error: Blueprint Runtime Error: "Accessed None trying to read property K2Node_DynamicCast_AsPeoncito". Blueprint:  BarraVIda Function:  Get Text 0 Graph:  GetText_0 Node:  Return Node
[2025.07.17-02.28.13:480][757]PIE: Error: Blueprint Runtime Error: "Accessed None trying to read property K2Node_DynamicCast_AsPeoncito". Blueprint:  BarraVIda Function:  Get Text 0 Graph:  GetText_0 Node:  Return Node
[2025.07.17-02.28.13:497][758]PIE: Error: Blueprint Runtime Error: "Accessed None trying to read property K2Node_DynamicCast_AsPeoncito". Blueprint:  BarraVIda Function:  Get Text 0 Graph:  GetText_0 Node:  Return Node
[2025.07.17-02.28.13:514][759]PIE: Error: Blueprint Runtime Error: "Accessed None trying to read property K2Node_DynamicCast_AsPeoncito". Blueprint:  BarraVIda Function:  Get Text 0 Graph:  GetText_0 Node:  Return Node
[2025.07.17-02.28.13:531][760]PIE: Error: Blueprint Runtime Error: "Accessed None trying to read property K2Node_DynamicCast_AsPeoncito". Blueprint:  BarraVIda Function:  Get Text 0 Graph:  GetText_0 Node:  Return Node
[2025.07.17-02.28.13:548][761]PIE: Error: Blueprint Runtime Error: "Accessed None trying to read property K2Node_DynamicCast_AsPeoncito". Blueprint:  BarraVIda Function:  Get Text 0 Graph:  GetText_0 Node:  Return Node
[2025.07.17-02.28.13:564][762]PIE: Error: Blueprint Runtime Error: "Accessed None trying to read property K2Node_DynamicCast_AsPeoncito". Blueprint:  BarraVIda Function:  Get Text 0 Graph:  GetText_0 Node:  Return Node
[2025.07.17-02.28.13:581][763]PIE: Error: Blueprint Runtime Error: "Accessed None trying to read property K2Node_DynamicCast_AsPeoncito". Blueprint:  BarraVIda Function:  Get Text 0 Graph:  GetText_0 Node:  Return Node
[2025.07.17-02.28.13:597][764]PIE: Error: Blueprint Runtime Error: "Accessed None trying to read property K2Node_DynamicCast_AsPeoncito". Blueprint:  BarraVIda Function:  Get Text 0 Graph:  GetText_0 Node:  Return Node
[2025.07.17-02.28.13:614][765]PIE: Error: Blueprint Runtime Error: "Accessed None trying to read property K2Node_DynamicCast_AsPeoncito". Blueprint:  BarraVIda Function:  Get Text 0 Graph:  GetText_0 Node:  Return Node
[2025.07.17-02.28.13:631][766]PIE: Error: Blueprint Runtime Error: "Accessed None trying to read property K2Node_DynamicCast_AsPeoncito". Blueprint:  BarraVIda Function:  Get Text 0 Graph:  GetText_0 Node:  Return Node
[2025.07.17-02.28.13:647][767]PIE: Error: Blueprint Runtime Error: "Accessed None trying to read property K2Node_DynamicCast_AsPeoncito". Blueprint:  BarraVIda Function:  Get Text 0 Graph:  GetText_0 Node:  Return Node
[2025.07.17-02.28.13:663][768]PIE: Error: Blueprint Runtime Error: "Accessed None trying to read property K2Node_DynamicCast_AsPeoncito". Blueprint:  BarraVIda Function:  Get Text 0 Graph:  GetText_0 Node:  Return Node
[2025.07.17-02.28.13:681][769]PIE: Error: Blueprint Runtime Error: "Accessed None trying to read property K2Node_DynamicCast_AsPeoncito". Blueprint:  BarraVIda Function:  Get Text 0 Graph:  GetText_0 Node:  Return Node
[2025.07.17-02.28.13:698][770]PIE: Error: Blueprint Runtime Error: "Accessed None trying to read property K2Node_DynamicCast_AsPeoncito". Blueprint:  BarraVIda Function:  Get Text 0 Graph:  GetText_0 Node:  Return Node
[2025.07.17-02.28.13:714][771]PIE: Error: Blueprint Runtime Error: "Accessed None trying to read property K2Node_DynamicCast_AsPeoncito". Blueprint:  BarraVIda Function:  Get Text 0 Graph:  GetText_0 Node:  Return Node
[2025.07.17-02.28.13:731][772]PIE: Error: Blueprint Runtime Error: "Accessed None trying to read property K2Node_DynamicCast_AsPeoncito". Blueprint:  BarraVIda Function:  Get Text 0 Graph:  GetText_0 Node:  Return Node
[2025.07.17-02.28.13:748][773]PIE: Error: Blueprint Runtime Error: "Accessed None trying to read property K2Node_DynamicCast_AsPeoncito". Blueprint:  BarraVIda Function:  Get Text 0 Graph:  GetText_0 Node:  Return Node
[2025.07.17-02.28.13:765][774]PIE: Error: Blueprint Runtime Error: "Accessed None trying to read property K2Node_DynamicCast_AsPeoncito". Blueprint:  BarraVIda Function:  Get Text 0 Graph:  GetText_0 Node:  Return Node
[2025.07.17-02.28.13:781][775]PIE: Error: Blueprint Runtime Error: "Accessed None trying to read property K2Node_DynamicCast_AsPeoncito". Blueprint:  BarraVIda Function:  Get Text 0 Graph:  GetText_0 Node:  Return Node
[2025.07.17-02.28.13:797][776]PIE: Error: Blueprint Runtime Error: "Accessed None trying to read property K2Node_DynamicCast_AsPeoncito". Blueprint:  BarraVIda Function:  Get Text 0 Graph:  GetText_0 Node:  Return Node
[2025.07.17-02.28.13:814][777]PIE: Error: Blueprint Runtime Error: "Accessed None trying to read property K2Node_DynamicCast_AsPeoncito". Blueprint:  BarraVIda Function:  Get Text 0 Graph:  GetText_0 Node:  Return Node
[2025.07.17-02.28.13:831][778]PIE: Error: Blueprint Runtime Error: "Accessed None trying to read property K2Node_DynamicCast_AsPeoncito". Blueprint:  BarraVIda Function:  Get Text 0 Graph:  GetText_0 Node:  Return Node
[2025.07.17-02.28.13:848][779]PIE: Error: Blueprint Runtime Error: "Accessed None trying to read property K2Node_DynamicCast_AsPeoncito". Blueprint:  BarraVIda Function:  Get Text 0 Graph:  GetText_0 Node:  Return Node
[2025.07.17-02.28.13:864][780]PIE: Error: Blueprint Runtime Error: "Accessed None trying to read property K2Node_DynamicCast_AsPeoncito". Blueprint:  BarraVIda Function:  Get Text 0 Graph:  GetText_0 Node:  Return Node
[2025.07.17-02.28.13:881][781]PIE: Error: Blueprint Runtime Error: "Accessed None trying to read property K2Node_DynamicCast_AsPeoncito". Blueprint:  BarraVIda Function:  Get Text 0 Graph:  GetText_0 Node:  Return Node
[2025.07.17-02.28.13:897][782]PIE: Error: Blueprint Runtime Error: "Accessed None trying to read property K2Node_DynamicCast_AsPeoncito". Blueprint:  BarraVIda Function:  Get Text 0 Graph:  GetText_0 Node:  Return Node
[2025.07.17-02.28.13:914][783]PIE: Error: Blueprint Runtime Error: "Accessed None trying to read property K2Node_DynamicCast_AsPeoncito". Blueprint:  BarraVIda Function:  Get Text 0 Graph:  GetText_0 Node:  Return Node
[2025.07.17-02.28.13:931][784]PIE: Error: Blueprint Runtime Error: "Accessed None trying to read property K2Node_DynamicCast_AsPeoncito". Blueprint:  BarraVIda Function:  Get Text 0 Graph:  GetText_0 Node:  Return Node
[2025.07.17-02.28.13:990][785]LogSlate: Updating window title bar state: overlay mode, drag disabled, window buttons hidden, title bar hidden
[2025.07.17-02.28.13:990][785]LogWorld: BeginTearingDown for /Game/ThirdPersonBP/Maps/UEDPIE_0_GanasteLevel
[2025.07.17-02.28.13:990][785]LogWorld: UWorld::CleanupWorld for GanasteLevel, bSessionEnded=true, bCleanupResources=true
[2025.07.17-02.28.13:991][785]LogSlate: InvalidateAllWidgets triggered.  All widgets were invalidated
[2025.07.17-02.28.13:999][785]LogPlayLevel: Display: Shutting down PIE online subsystems
[2025.07.17-02.28.14:009][785]LogSlate: InvalidateAllWidgets triggered.  All widgets were invalidated
[2025.07.17-02.28.14:016][785]LogSlate: Updating window title bar state: overlay mode, drag disabled, window buttons hidden, title bar hidden
[2025.07.17-02.28.14:016][785]LogAudioMixer: FMixerPlatformXAudio2::StopAudioStream() called
[2025.07.17-02.28.14:018][785]LogAudioMixer: FMixerPlatformXAudio2::StopAudioStream() called
[2025.07.17-02.28.14:025][785]LogUObjectHash: Compacting FUObjectHashTables data took   1.08ms
[2025.07.17-02.28.14:250][786]LogPlayLevel: Display: Destroying online subsystem :Context_38
[2025.07.17-02.28.15:622][846]LogSlate: Window 'Message Log' being destroyed
[2025.07.17-02.28.15:667][846]LogSlate: Window 'Message Log' being destroyed
[2025.07.17-02.28.17:034][916]LogUObjectHash: Compacting FUObjectHashTables data took   1.38ms
[2025.07.17-02.28.17:159][916]LogSavePackage: Moving '../../../../../UTN-e-learning/Unreal-Engine/Unreal-Projects/TP_PreEntrega/Saved/ThirdPersonExampleMap151B2708410C546FC2241F92BE16A5CF.tmp' to '../../../../../UTN-e-learning/Unreal-Engine/Unreal-Projects/TP_PreEntrega/Content/ThirdPersonBP/Maps/ThirdPersonExampleMap.umap'
[2025.07.17-02.28.17:354][916]LogSavePackage: Moving '../../../../../UTN-e-learning/Unreal-Engine/Unreal-Projects/TP_PreEntrega/Saved/ThirdPersonExampleMap_BuiltData3C2C3A974BF092A0B5D5748D15FF931F.tmp' to '../../../../../UTN-e-learning/Unreal-Engine/Unreal-Projects/TP_PreEntrega/Content/ThirdPersonBP/Maps/ThirdPersonExampleMap_BuiltData.uasset'
[2025.07.17-02.28.17:374][916]AssetCheck: New page: Asset Save: multiple assets
[2025.07.17-02.28.17:374][916]LogContentValidation: Display: Validating MapBuildDataRegistry /Game/ThirdPersonBP/Maps/ThirdPersonExampleMap_BuiltData.ThirdPersonExampleMap_BuiltData
[2025.07.17-02.28.17:374][916]LogContentValidation: Display: Validating World /Game/ThirdPersonBP/Maps/ThirdPersonExampleMap.ThirdPersonExampleMap
[2025.07.17-02.28.18:704][986]LogUObjectHash: Compacting FUObjectHashTables data took   0.62ms
[2025.07.17-02.28.18:766][986]LogSlate: Window 'TP_PreEntrega - Unreal Editor' being destroyed
[2025.07.17-02.28.19:121][987]Cmd: QUIT_EDITOR
[2025.07.17-02.28.19:122][987]LogCore: Engine exit requested (reason: UUnrealEdEngine::CloseEditor())
[2025.07.17-02.28.19:158][987]LogCore: Engine exit requested (reason: EngineExit() was called; note: exit was already requested)
[2025.07.17-02.28.19:602][987]LogAudio: Display: Beginning Audio Device Manager Shutdown (Module: AudioMixerXAudio2)...
[2025.07.17-02.28.19:602][987]LogAudio: Display: Destroying 1 Remaining Audio Device(s)...
[2025.07.17-02.28.19:602][987]LogAudio: Display: Audio Device unregistered from world 'ThirdPersonExampleMap'.
[2025.07.17-02.28.19:602][987]LogAudioMixer: FMixerPlatformXAudio2::StopAudioStream() called
[2025.07.17-02.28.19:603][987]LogAudioMixer: FMixerPlatformXAudio2::StopAudioStream() called
[2025.07.17-02.28.19:609][987]LogAudio: Display: Audio Device Manager Shutdown
[2025.07.17-02.28.19:615][987]LogExit: Preparing to exit.
[2025.07.17-02.28.19:796][987]LogUObjectHash: Compacting FUObjectHashTables data took   1.46ms
[2025.07.17-02.28.19:951][987]LogWorld: UWorld::CleanupWorld for World_2, bSessionEnded=true, bCleanupResources=true
[2025.07.17-02.28.19:952][987]LogWorld: UWorld::CleanupWorld for World_3, bSessionEnded=true, bCleanupResources=true
[2025.07.17-02.28.19:952][987]LogWorld: UWorld::CleanupWorld for World_4, bSessionEnded=true, bCleanupResources=true
[2025.07.17-02.28.19:952][987]LogWorld: UWorld::CleanupWorld for World_5, bSessionEnded=true, bCleanupResources=true
[2025.07.17-02.28.19:952][987]LogWorld: UWorld::CleanupWorld for World_6, bSessionEnded=true, bCleanupResources=true
[2025.07.17-02.28.19:952][987]LogWorld: UWorld::CleanupWorld for World_7, bSessionEnded=true, bCleanupResources=true
[2025.07.17-02.28.19:952][987]LogWorld: UWorld::CleanupWorld for World_8, bSessionEnded=true, bCleanupResources=true
[2025.07.17-02.28.19:953][987]LogWorld: UWorld::CleanupWorld for World_9, bSessionEnded=true, bCleanupResources=true
[2025.07.17-02.28.19:953][987]LogWorld: UWorld::CleanupWorld for World_10, bSessionEnded=true, bCleanupResources=true
[2025.07.17-02.28.19:953][987]LogWorld: UWorld::CleanupWorld for World_11, bSessionEnded=true, bCleanupResources=true
[2025.07.17-02.28.19:954][987]LogWorld: UWorld::CleanupWorld for World_12, bSessionEnded=true, bCleanupResources=true
[2025.07.17-02.28.19:954][987]LogWorld: UWorld::CleanupWorld for World_13, bSessionEnded=true, bCleanupResources=true
[2025.07.17-02.28.19:954][987]LogWorld: UWorld::CleanupWorld for World_14, bSessionEnded=true, bCleanupResources=true
[2025.07.17-02.28.19:955][987]LogWorld: UWorld::CleanupWorld for World_15, bSessionEnded=true, bCleanupResources=true
[2025.07.17-02.28.19:955][987]LogWorld: UWorld::CleanupWorld for World_16, bSessionEnded=true, bCleanupResources=true
[2025.07.17-02.28.19:955][987]LogWorld: UWorld::CleanupWorld for World_17, bSessionEnded=true, bCleanupResources=true
[2025.07.17-02.28.19:955][987]LogWorld: UWorld::CleanupWorld for World_18, bSessionEnded=true, bCleanupResources=true
[2025.07.17-02.28.19:956][987]LogWorld: UWorld::CleanupWorld for World_1, bSessionEnded=true, bCleanupResources=true
[2025.07.17-02.28.19:956][987]LogWorld: UWorld::CleanupWorld for World_0, bSessionEnded=true, bCleanupResources=true
[2025.07.17-02.28.20:000][987]LogDemo: Cleaned up 0 splitscreen connections with owner deletion
[2025.07.17-02.28.20:014][987]LogStylusInput: Shutting down StylusInput subsystem.
[2025.07.17-02.28.20:014][987]LogExit: Editor shut down
[2025.07.17-02.28.20:015][987]LogExit: Transaction tracking system shut down
[2025.07.17-02.28.20:621][987]LogExit: Object subsystem successfully closed.
[2025.07.17-02.28.20:656][987]LogShaderCompilers: Display: === FShaderJobCache stats ===
[2025.07.17-02.28.20:656][987]LogShaderCompilers: Display: Total job queries 544, among them cache hits 435 (79.96%)
[2025.07.17-02.28.20:656][987]LogShaderCompilers: Display: Tracking 109 distinct input hashes that result in 86 distinct outputs (78.90%)
[2025.07.17-02.28.20:656][987]LogShaderCompilers: Display: RAM used: 0.46 MB (0.00 GB) of 1638.40 MB (1.60 GB) budget. Usage: 0.03%
[2025.07.17-02.28.20:657][987]LogShaderCompilers: Display: ================================================
[2025.07.17-02.28.20:674][987]LogShaderCompilers: Display: Shaders left to compile 0
[2025.07.17-02.28.20:702][987]LogModuleManager: Shutting down and abandoning module MovieSceneCapture (894)
[2025.07.17-02.28.20:702][987]LogModuleManager: Shutting down and abandoning module Voice (892)
[2025.07.17-02.28.20:702][987]LogModuleManager: Shutting down and abandoning module HierarchicalLODOutliner (890)
[2025.07.17-02.28.20:702][987]LogModuleManager: Shutting down and abandoning module SceneOutliner (888)
[2025.07.17-02.28.20:702][987]LogModuleManager: Shutting down and abandoning module AddContentDialog (886)
[2025.07.17-02.28.20:703][987]LogModuleManager: Shutting down and abandoning module WidgetCarousel (885)
[2025.07.17-02.28.20:703][987]LogModuleManager: Shutting down and abandoning module EditorWidgets (882)
[2025.07.17-02.28.20:703][987]LogModuleManager: Shutting down and abandoning module StatsViewer (880)
[2025.07.17-02.28.20:703][987]LogModuleManager: Shutting down and abandoning module PIEPreviewDeviceProfileSelector (878)
[2025.07.17-02.28.20:703][987]LogModuleManager: Shutting down and abandoning module SequenceRecorderSections (876)
[2025.07.17-02.28.20:703][987]LogModuleManager: Shutting down and abandoning module AutomationWorker (874)
[2025.07.17-02.28.20:703][987]LogModuleManager: Shutting down and abandoning module SteamVREditor (872)
[2025.07.17-02.28.20:703][987]LogModuleManager: Shutting down and abandoning module OculusMR (870)
[2025.07.17-02.28.20:703][987]LogModuleManager: Shutting down and abandoning module TakeRecorderSources (868)
[2025.07.17-02.28.20:703][987]LogModuleManager: Shutting down and abandoning module TakeRecorder (867)
[2025.07.17-02.28.20:703][987]LogModuleManager: Shutting down and abandoning module TakeTrackRecorders (864)
[2025.07.17-02.28.20:703][987]LogModuleManager: Shutting down and abandoning module TakesCore (862)
[2025.07.17-02.28.20:703][987]LogModuleManager: Shutting down and abandoning module OpenXRInput (860)
[2025.07.17-02.28.20:703][987]LogModuleManager: Shutting down and abandoning module GooglePADEditor (858)
[2025.07.17-02.28.20:703][987]LogModuleManager: Shutting down and abandoning module AudioCaptureEditor (856)
[2025.07.17-02.28.20:703][987]LogModuleManager: Shutting down and abandoning module TemplateSequenceEditor (854)
[2025.07.17-02.28.20:703][987]LogModuleManager: Shutting down and abandoning module LevelSequenceEditor (852)
[2025.07.17-02.28.20:704][987]LogModuleManager: Shutting down and abandoning module MatineeToLevelSequence (850)
[2025.07.17-02.28.20:704][987]LogModuleManager: Shutting down and abandoning module ActorSequenceEditor (848)
[2025.07.17-02.28.20:704][987]LogModuleManager: Shutting down and abandoning module WmfMediaFactory (846)
[2025.07.17-02.28.20:704][987]LogModuleManager: Shutting down and abandoning module WmfMediaEditor (844)
[2025.07.17-02.28.20:704][987]LogModuleManager: Shutting down and abandoning module WebMMediaFactory (842)
[2025.07.17-02.28.20:704][987]LogModuleManager: Shutting down and abandoning module WebMMediaEditor (840)
[2025.07.17-02.28.20:704][987]LogModuleManager: Shutting down and abandoning module WebMMedia (838)
[2025.07.17-02.28.20:704][987]LogModuleManager: Shutting down and abandoning module MediaPlayerEditor (836)
[2025.07.17-02.28.20:704][987]LogModuleManager: Shutting down and abandoning module MediaCompositingEditor (834)
[2025.07.17-02.28.20:704][987]LogModuleManager: Shutting down and abandoning module SequenceRecorder (833)
[2025.07.17-02.28.20:704][987]LogModuleManager: Shutting down and abandoning module OpenExrWrapper (830)
[2025.07.17-02.28.20:704][987]LogModuleManager: Shutting down and abandoning module ImgMediaFactory (828)
[2025.07.17-02.28.20:704][987]LogModuleManager: Shutting down and abandoning module ImgMediaEditor (826)
[2025.07.17-02.28.20:704][987]LogModuleManager: Shutting down and abandoning module PlanarCut (824)
[2025.07.17-02.28.20:705][987]LogModuleManager: Shutting down and abandoning module AvfMediaFactory (822)
[2025.07.17-02.28.20:705][987]LogModuleManager: Shutting down and abandoning module AvfMediaEditor (820)
[2025.07.17-02.28.20:705][987]LogModuleManager: Shutting down and abandoning module AndroidMediaFactory (818)
[2025.07.17-02.28.20:705][987]LogModuleManager: Shutting down and abandoning module AndroidMediaEditor (816)
[2025.07.17-02.28.20:705][987]LogModuleManager: Shutting down and abandoning module MagicLeapMediaCodecFactory (814)
[2025.07.17-02.28.20:705][987]LogModuleManager: Shutting down and abandoning module MagicLeapMediaFactory (812)
[2025.07.17-02.28.20:705][987]LogModuleManager: Shutting down and abandoning module MagicLeapMediaEditor (810)
[2025.07.17-02.28.20:705][987]LogModuleManager: Shutting down and abandoning module TextureAlignMode (808)
[2025.07.17-02.28.20:705][987]LogModuleManager: Shutting down and abandoning module BspMode (806)
[2025.07.17-02.28.20:705][987]LogModuleManager: Shutting down and abandoning module GeometryMode (804)
[2025.07.17-02.28.20:705][987]LogModuleManager: Shutting down and abandoning module CharacterAI (802)
[2025.07.17-02.28.20:705][987]LogModuleManager: Shutting down and abandoning module CameraShakePreviewer (800)
[2025.07.17-02.28.20:705][987]LogModuleManager: Shutting down and abandoning module SmartSnapping (798)
[2025.07.17-02.28.20:706][987]LogModuleManager: Shutting down and abandoning module SessionServices (796)
[2025.07.17-02.28.20:707][987]LogModuleManager: Shutting down and abandoning module MeshPaint (794)
[2025.07.17-02.28.20:707][987]LogModuleManager: Shutting down and abandoning module VirtualTexturingEditor (792)
[2025.07.17-02.28.20:707][987]LogModuleManager: Shutting down and abandoning module FoliageEdit (790)
[2025.07.17-02.28.20:707][987]LogModuleManager: Shutting down and abandoning module LandscapeEditor (788)
[2025.07.17-02.28.20:707][987]LogModuleManager: Shutting down and abandoning module MeshPaintMode (786)
[2025.07.17-02.28.20:707][987]LogModuleManager: Shutting down and abandoning module SceneDepthPickerMode (784)
[2025.07.17-02.28.20:707][987]LogModuleManager: Shutting down and abandoning module ActorPickerMode (782)
[2025.07.17-02.28.20:707][987]LogModuleManager: Shutting down and abandoning module PlacementMode (780)
[2025.07.17-02.28.20:707][987]LogModuleManager: Shutting down and abandoning module ViewportSnapping (778)
[2025.07.17-02.28.20:708][987]LogModuleManager: Shutting down and abandoning module ViewportInteraction (776)
[2025.07.17-02.28.20:708][987]LogModuleManager: Shutting down and abandoning module ClothPainter (774)
[2025.07.17-02.28.20:708][987]LogModuleManager: Shutting down and abandoning module SkeletalMeshEditor (773)
[2025.07.17-02.28.20:708][987]LogModuleManager: Shutting down and abandoning module LogVisualizer (770)
[2025.07.17-02.28.20:708][987]LogModuleManager: Shutting down and abandoning module IntroTutorials (768)
[2025.07.17-02.28.20:708][987]LogModuleManager: Shutting down and abandoning module GameProjectGeneration (767)
[2025.07.17-02.28.20:708][987]LogModuleManager: Shutting down and abandoning module LuminPlatformEditor (764)
[2025.07.17-02.28.20:708][987]LogModuleManager: Shutting down and abandoning module IOSPlatformEditor (762)
[2025.07.17-02.28.20:708][987]LogModuleManager: Shutting down and abandoning module AndroidPlatformEditor (760)
[2025.07.17-02.28.20:708][987]LogModuleManager: Shutting down and abandoning module AndroidDeviceDetection (759)
[2025.07.17-02.28.21:523][987]LogModuleManager: Shutting down and abandoning module WindowsPlatformEditor (756)
[2025.07.17-02.28.21:523][987]LogModuleManager: Shutting down and abandoning module LuminRuntimeSettings (754)
[2025.07.17-02.28.21:523][987]LogModuleManager: Shutting down and abandoning module IOSRuntimeSettings (752)
[2025.07.17-02.28.21:523][987]LogModuleManager: Shutting down and abandoning module AndroidRuntimeSettings (750)
[2025.07.17-02.28.21:523][987]LogModuleManager: Shutting down and abandoning module TraceInsights (748)
[2025.07.17-02.28.21:523][987]MemoryProfiler: Shutdown
[2025.07.17-02.28.21:523][987]NetworkingProfiler: Shutdown
[2025.07.17-02.28.21:524][987]LoadingProfiler: Shutdown
[2025.07.17-02.28.21:524][987]TimingProfiler: Shutdown
[2025.07.17-02.28.21:524][987]LogModuleManager: Shutting down and abandoning module TraceServices (747)
[2025.07.17-02.28.21:524][987]LogModuleManager: Shutting down and abandoning module EditorInteractiveToolsFramework (744)
[2025.07.17-02.28.21:524][987]LogModuleManager: Shutting down and abandoning module TimeManagementEditor (742)
[2025.07.17-02.28.21:524][987]LogModuleManager: Shutting down and abandoning module InputBindingEditor (740)
[2025.07.17-02.28.21:524][987]LogModuleManager: Shutting down and abandoning module MergeActors (738)
[2025.07.17-02.28.21:524][987]LogModuleManager: Shutting down and abandoning module LocalizationDashboard (736)
[2025.07.17-02.28.21:524][987]LogModuleManager: Shutting down and abandoning module LocalizationService (735)
[2025.07.17-02.28.21:524][987]LogModuleManager: Shutting down and abandoning module HardwareTargeting (732)
[2025.07.17-02.28.21:524][987]LogModuleManager: Shutting down and abandoning module DeviceProfileEditor (730)
[2025.07.17-02.28.21:524][987]LogModuleManager: Shutting down and abandoning module UndoHistory (728)
[2025.07.17-02.28.21:524][987]LogModuleManager: Shutting down and abandoning module XmlParser (726)
[2025.07.17-02.28.21:524][987]LogModuleManager: Shutting down and abandoning module Blutility (724)
[2025.07.17-02.28.21:524][987]LogModuleManager: Shutting down and abandoning module ProjectSettingsViewer (722)
[2025.07.17-02.28.21:524][987]LogModuleManager: Shutting down and abandoning module ProjectTargetPlatformEditor (721)
[2025.07.17-02.28.21:524][987]LogModuleManager: Shutting down and abandoning module EditorSettingsViewer (718)
[2025.07.17-02.28.21:524][987]LogModuleManager: Shutting down and abandoning module InternationalizationSettings (717)
[2025.07.17-02.28.21:524][987]LogModuleManager: Shutting down and abandoning module SettingsEditor (714)
[2025.07.17-02.28.21:525][987]LogModuleManager: Shutting down and abandoning module ProjectLauncher (712)
[2025.07.17-02.28.21:525][987]LogModuleManager: Shutting down and abandoning module SessionFrontend (710)
[2025.07.17-02.28.21:525][987]LogModuleManager: Shutting down and abandoning module ProfilerClient (708)
[2025.07.17-02.28.21:525][987]LogModuleManager: Shutting down and abandoning module DeviceManager (706)
[2025.07.17-02.28.21:525][987]LogModuleManager: Shutting down and abandoning module TargetDeviceServices (705)
[2025.07.17-02.28.21:558][987]LogModuleManager: Shutting down and abandoning module AutomationController (702)
[2025.07.17-02.28.21:558][987]LogModuleManager: Shutting down and abandoning module AutomationWindow (700)
[2025.07.17-02.28.21:558][987]LogModuleManager: Shutting down and abandoning module Layers (698)
[2025.07.17-02.28.21:558][987]LogModuleManager: Shutting down and abandoning module ComponentVisualizers (696)
[2025.07.17-02.28.21:558][987]LogModuleManager: Shutting down and abandoning module DetailCustomizations (694)
[2025.07.17-02.28.21:558][987]LogModuleManager: Shutting down and abandoning module PackagesDialog (692)
[2025.07.17-02.28.21:558][987]LogModuleManager: Shutting down and abandoning module AnimationBlueprintEditor (690)
[2025.07.17-02.28.21:558][987]LogModuleManager: Shutting down and abandoning module Persona (688)
[2025.07.17-02.28.21:558][987]LogModuleManager: Shutting down and abandoning module AdvancedPreviewScene (687)
[2025.07.17-02.28.21:558][987]LogModuleManager: Shutting down and abandoning module AnimGraph (685)
[2025.07.17-02.28.21:558][987]LogModuleManager: Shutting down and abandoning module Kismet (682)
[2025.07.17-02.28.21:559][987]LogModuleManager: Shutting down and abandoning module KismetWidgets (681)
[2025.07.17-02.28.21:559][987]LogModuleManager: Shutting down and abandoning module GraphEditor (678)
[2025.07.17-02.28.21:559][987]LogModuleManager: Shutting down and abandoning module StructViewer (676)
[2025.07.17-02.28.21:559][987]LogModuleManager: Shutting down and abandoning module ClassViewer (674)
[2025.07.17-02.28.21:559][987]LogModuleManager: Shutting down and abandoning module Toolbox (672)
[2025.07.17-02.28.21:559][987]LogModuleManager: Shutting down and abandoning module ModuleUI (670)
[2025.07.17-02.28.21:559][987]LogModuleManager: Shutting down and abandoning module OutputLog (668)
[2025.07.17-02.28.21:560][987]LogModuleManager: Shutting down and abandoning module GammaUI (666)
[2025.07.17-02.28.21:560][987]LogModuleManager: Shutting down and abandoning module Documentation (664)
[2025.07.17-02.28.21:560][987]LogModuleManager: Shutting down and abandoning module LiveCoding (662)
[2025.07.17-02.28.21:560][987]LogModuleManager: Shutting down and abandoning module LevelSequence (660)
[2025.07.17-02.28.21:560][987]LogModuleManager: Shutting down and abandoning module MovieSceneTracks (658)
[2025.07.17-02.28.21:560][987]LogModuleManager: Shutting down and abandoning module MovieScene (656)
[2025.07.17-02.28.21:560][987]LogModuleManager: Shutting down and abandoning module StreamingPauseRendering (654)
[2025.07.17-02.28.21:560][987]LogModuleManager: Shutting down and abandoning module LauncherPlatform (652)
[2025.07.17-02.28.21:560][987]LogModuleManager: Shutting down and abandoning module AnalyticsET (650)
[2025.07.17-02.28.21:560][987]LogModuleManager: Shutting down and abandoning module PortalServices (648)
[2025.07.17-02.28.21:560][987]LogModuleManager: Shutting down and abandoning module PortalRpc (646)
[2025.07.17-02.28.21:560][987]LogModuleManager: Shutting down and abandoning module MessagingRpc (644)
[2025.07.17-02.28.21:560][987]LogModuleManager: Shutting down and abandoning module AudioMixerXAudio2 (642)
[2025.07.17-02.28.21:561][987]LogModuleManager: Shutting down and abandoning module AudioMixerCore (641)
[2025.07.17-02.28.21:561][987]LogModuleManager: Shutting down and abandoning module AIModule (638)
[2025.07.17-02.28.21:561][987]LogModuleManager: Shutting down and abandoning module GameplayDebugger (637)
[2025.07.17-02.28.21:561][987]LogModuleManager: Shutting down and abandoning module AITestSuite (635)
[2025.07.17-02.28.21:561][987]LogModuleManager: Shutting down and abandoning module NavigationSystem (633)
[2025.07.17-02.28.21:561][987]LogModuleManager: Shutting down and abandoning module ImageWriteQueue (630)
[2025.07.17-02.28.21:561][987]LogModuleManager: Shutting down and abandoning module ProfilerService (628)
[2025.07.17-02.28.21:632][987]LogModuleManager: Shutting down and abandoning module TaskGraph (626)
[2025.07.17-02.28.21:632][987]LogModuleManager: Shutting down and abandoning module AudioSynesthesiaEditor (624)
[2025.07.17-02.28.21:633][987]LogModuleManager: Shutting down and abandoning module OculusEditor (622)
[2025.07.17-02.28.21:633][987]LogModuleManager: Shutting down and abandoning module OculusInput (620)
[2025.07.17-02.28.21:633][987]LogModuleManager: Shutting down and abandoning module ContentBrowserFileDataSource (618)
[2025.07.17-02.28.21:633][987]LogModuleManager: Shutting down and abandoning module ContentBrowserClassDataSource (616)
[2025.07.17-02.28.21:633][987]LogModuleManager: Shutting down and abandoning module ContentBrowserAssetDataSource (614)
[2025.07.17-02.28.21:633][987]LogModuleManager: Shutting down and abandoning module CollectionManager (613)
[2025.07.17-02.28.21:634][987]LogModuleManager: Shutting down and abandoning module LiveLinkSequencer (610)
[2025.07.17-02.28.21:634][987]LogModuleManager: Shutting down and abandoning module LiveLinkMovieScene (608)
[2025.07.17-02.28.21:634][987]LogModuleManager: Shutting down and abandoning module LiveLinkGraphNode (606)
[2025.07.17-02.28.21:634][987]LogModuleManager: Shutting down and abandoning module LiveLinkEditor (604)
[2025.07.17-02.28.21:634][987]LogModuleManager: Shutting down and abandoning module LiveLinkComponents (602)
[2025.07.17-02.28.21:634][987]LogModuleManager: Shutting down and abandoning module LiveLink (600)
[2025.07.17-02.28.22:522][987]LogModuleManager: Shutting down and abandoning module SynthesisEditor (598)
[2025.07.17-02.28.22:523][987]LogModuleManager: Shutting down and abandoning module Synthesis (596)
[2025.07.17-02.28.22:523][987]LogModuleManager: Shutting down and abandoning module ProceduralMeshComponentEditor (594)
[2025.07.17-02.28.22:523][987]LogModuleManager: Shutting down and abandoning module ProceduralMeshComponent (592)
[2025.07.17-02.28.22:523][987]LogModuleManager: Shutting down and abandoning module TakeSequencer (590)
[2025.07.17-02.28.22:523][987]LogModuleManager: Shutting down and abandoning module TakeMovieScene (588)
[2025.07.17-02.28.22:523][987]LogModuleManager: Shutting down and abandoning module OpenXREditor (586)
[2025.07.17-02.28.22:523][987]LogModuleManager: Shutting down and abandoning module MobilePatchingUtils (584)
[2025.07.17-02.28.22:523][987]LogModuleManager: Shutting down and abandoning module ScreenshotTools (582)
[2025.07.17-02.28.22:523][987]LogModuleManager: Shutting down and abandoning module HairStrandsEditor (580)
[2025.07.17-02.28.22:523][987]LogModuleManager: Shutting down and abandoning module GooglePAD (578)
[2025.07.17-02.28.22:523][987]LogModuleManager: Shutting down and abandoning module EditableMesh (576)
[2025.07.17-02.28.22:523][987]LogModuleManager: Shutting down and abandoning module CustomMeshComponent (574)
[2025.07.17-02.28.22:523][987]LogModuleManager: Shutting down and abandoning module CableComponent (572)
[2025.07.17-02.28.22:523][987]LogModuleManager: Shutting down and abandoning module AudioCapture (570)
[2025.07.17-02.28.22:523][987]LogModuleManager: Shutting down and abandoning module AudioCaptureRtAudio (569)
[2025.07.17-02.28.22:523][987]LogModuleManager: Shutting down and abandoning module ArchVisCharacter (566)
[2025.07.17-02.28.22:523][987]LogModuleManager: Shutting down and abandoning module AssetTags (564)
[2025.07.17-02.28.22:523][987]LogModuleManager: Shutting down and abandoning module AppleImageUtilsBlueprintSupport (562)
[2025.07.17-02.28.22:523][987]LogModuleManager: Shutting down and abandoning module AppleImageUtils (560)
[2025.07.17-02.28.22:523][987]LogModuleManager: Shutting down and abandoning module AndroidPermission (558)
[2025.07.17-02.28.22:523][987]LogModuleManager: Shutting down and abandoning module ActorLayerUtilitiesEditor (556)
[2025.07.17-02.28.22:523][987]LogModuleManager: Shutting down and abandoning module ActorLayerUtilities (554)
[2025.07.17-02.28.22:523][987]LogModuleManager: Shutting down and abandoning module TemplateSequence (552)
[2025.07.17-02.28.22:523][987]LogModuleManager: Shutting down and abandoning module MediaCompositing (550)
[2025.07.17-02.28.22:523][987]LogModuleManager: Shutting down and abandoning module ImgMedia (548)
[2025.07.17-02.28.22:523][987]LogModuleManager: Shutting down and abandoning module OpenImageDenoise (546)
[2025.07.17-02.28.22:523][987]LogOpenImageDenoise: OIDN shutting down
[2025.07.17-02.28.22:523][987]LogModuleManager: Shutting down and abandoning module MotoSynthEditor (544)
[2025.07.17-02.28.22:523][987]LogModuleManager: Shutting down and abandoning module MotoSynth (542)
[2025.07.17-02.28.22:523][987]LogModuleManager: Shutting down and abandoning module MagicLeapSharedWorld (540)
[2025.07.17-02.28.22:523][987]LogModuleManager: Shutting down and abandoning module ModelingToolsEditorMode (538)
[2025.07.17-02.28.22:523][987]LogModuleManager: Shutting down and abandoning module MeshModelingToolsEditorOnly (536)
[2025.07.17-02.28.22:523][987]LogModuleManager: Shutting down and abandoning module MeshModelingTools (534)
[2025.07.17-02.28.22:523][987]LogModuleManager: Shutting down and abandoning module ModelingOperatorsEditorOnly (532)
[2025.07.17-02.28.22:523][987]LogModuleManager: Shutting down and abandoning module ModelingOperators (530)
[2025.07.17-02.28.22:523][987]LogModuleManager: Shutting down and abandoning module ModelingComponents (528)
[2025.07.17-02.28.22:523][987]LogModuleManager: Shutting down and abandoning module MagicLeapLightEstimation (526)
[2025.07.17-02.28.22:523][987]LogModuleManager: Shutting down and abandoning module MeshConversion (524)
[2025.07.17-02.28.22:523][987]LogModuleManager: Shutting down and abandoning module DynamicMesh (522)
[2025.07.17-02.28.22:523][987]LogModuleManager: Shutting down and abandoning module GeometryAlgorithms (520)
[2025.07.17-02.28.22:523][987]LogModuleManager: Shutting down and abandoning module GeometricObjects (518)
[2025.07.17-02.28.22:523][987]LogModuleManager: Shutting down and abandoning module MagicLeapHelperVulkan (516)
[2025.07.17-02.28.22:523][987]LogModuleManager: Shutting down and abandoning module MagicLeapHelperOpenGL (514)
[2025.07.17-02.28.22:523][987]LogModuleManager: Shutting down and abandoning module MagicLeapAudio (512)
[2025.07.17-02.28.22:523][987]LogModuleManager: Shutting down and abandoning module StylusInput (510)
[2025.07.17-02.28.22:523][987]LogModuleManager: Shutting down and abandoning module SpeedTreeImporter (508)
[2025.07.17-02.28.22:523][987]LogModuleManager: Shutting down and abandoning module PluginBrowser (506)
[2025.07.17-02.28.22:524][987]LogModuleManager: Shutting down and abandoning module MobileLauncherProfileWizard (504)
[2025.07.17-02.28.22:524][987]LogModuleManager: Shutting down and abandoning module MaterialAnalyzer (502)
[2025.07.17-02.28.22:524][987]LogModuleManager: Shutting down and abandoning module CurveEditorTools (500)
[2025.07.17-02.28.22:524][987]LogModuleManager: Shutting down and abandoning module CryptoKeysOpenSSL (498)
[2025.07.17-02.28.22:524][987]LogModuleManager: Shutting down and abandoning module CryptoKeys (496)
[2025.07.17-02.28.22:524][987]LogModuleManager: Shutting down and abandoning module GeometryCollectionTracks (494)
[2025.07.17-02.28.22:524][987]LogModuleManager: Shutting down and abandoning module GeometryCollectionSequencer (493)
[2025.07.17-02.28.22:524][987]LogModuleManager: Shutting down and abandoning module GeometryCollectionEditor (490)
[2025.07.17-02.28.22:524][987]LogModuleManager: Shutting down and abandoning module GeometryCacheTracks (488)
[2025.07.17-02.28.22:524][987]LogModuleManager: Shutting down and abandoning module GeometryCacheStreamer (486)
[2025.07.17-02.28.22:524][987]LogModuleManager: Shutting down and abandoning module GeometryCacheSequencer (484)
[2025.07.17-02.28.22:524][987]LogModuleManager: Shutting down and abandoning module NiagaraEditorWidgets (482)
[2025.07.17-02.28.22:524][987]LogModuleManager: Shutting down and abandoning module ChaosNiagara (480)
[2025.07.17-02.28.22:524][987]LogModuleManager: Shutting down and abandoning module FractureEditor (478)
[2025.07.17-02.28.22:524][987]LogModuleManager: Shutting down and abandoning module ChaosSolverEditor (476)
[2025.07.17-02.28.22:524][987]LogModuleManager: Shutting down and abandoning module FieldSystemEngine (475)
[2025.07.17-02.28.22:524][987]LogModuleManager: Shutting down and abandoning module ChaosClothEditor (472)
[2025.07.17-02.28.22:524][987]LogModuleManager: Shutting down and abandoning module AutomationUtilsEditor (470)
[2025.07.17-02.28.22:524][987]LogModuleManager: Shutting down and abandoning module AutomationUtils (468)
[2025.07.17-02.28.22:524][987]LogModuleManager: Shutting down and abandoning module BackChannel (466)
[2025.07.17-02.28.22:524][987]LogModuleManager: Shutting down and abandoning module AlembicImporter (464)
[2025.07.17-02.28.22:524][987]LogModuleManager: Shutting down and abandoning module AlembicLibrary (463)
[2025.07.17-02.28.22:524][987]LogModuleManager: Shutting down and abandoning module GeometryCache (462)
[2025.07.17-02.28.22:524][987]LogModuleManager: Shutting down and abandoning module GeometryCacheEd (461)
[2025.07.17-02.28.22:524][987]LogModuleManager: Shutting down and abandoning module VariantManagerContentEditor (456)
[2025.07.17-02.28.22:524][987]LogModuleManager: Shutting down and abandoning module DatasmithContentEditor (454)
[2025.07.17-02.28.22:524][987]LogModuleManager: Shutting down and abandoning module VisualStudioSourceCodeAccess (452)
[2025.07.17-02.28.22:524][987]LogModuleManager: Shutting down and abandoning module VisualStudioCodeSourceCodeAccess (450)
[2025.07.17-02.28.22:524][987]LogModuleManager: Shutting down and abandoning module UObjectPlugin (448)
[2025.07.17-02.28.22:524][987]LogModuleManager: Shutting down and abandoning module SubversionSourceControl (446)
[2025.07.17-02.28.22:524][987]LogModuleManager: Shutting down and abandoning module RiderSourceCodeAccess (444)
[2025.07.17-02.28.22:524][987]LogModuleManager: Shutting down and abandoning module PlasticSourceControl (442)
[2025.07.17-02.28.22:524][987]LogModuleManager: Shutting down and abandoning module PluginUtils (440)
[2025.07.17-02.28.22:524][987]LogModuleManager: Shutting down and abandoning module PerforceSourceControl (438)
[2025.07.17-02.28.22:524][987]LogModuleManager: Shutting down and abandoning module GitSourceControl (436)
[2025.07.17-02.28.22:524][987]LogModuleManager: Shutting down and abandoning module SourceControl (435)
[2025.07.17-02.28.22:524][987]LogModuleManager: Shutting down and abandoning module OodleNetworkHandlerComponent (432)
[2025.07.17-02.28.22:524][987]LogModuleManager: Shutting down and abandoning module CLionSourceCodeAccess (430)
[2025.07.17-02.28.22:524][987]LogModuleManager: Shutting down and abandoning module AnimationSharingEd (428)
[2025.07.17-02.28.22:524][987]LogModuleManager: Shutting down and abandoning module LightPropagationVolumeEditor (426)
[2025.07.17-02.28.22:524][987]LogModuleManager: Shutting down and abandoning module PaperTiledImporter (424)
[2025.07.17-02.28.22:524][987]LogModuleManager: Shutting down and abandoning module PaperSpriteSheetImporter (422)
[2025.07.17-02.28.22:524][987]LogModuleManager: Shutting down and abandoning module Paper2DEditor (420)
[2025.07.17-02.28.22:525][987]LogModuleManager: Shutting down and abandoning module MeshPaintingToolset (418)
[2025.07.17-02.28.22:525][987]LogModuleManager: Shutting down and abandoning module MeshPaintEditorMode (416)
[2025.07.17-02.28.22:525][987]LogModuleManager: Shutting down and abandoning module TP_PreEntrega (414)
[2025.07.17-02.28.22:525][987]LogModuleManager: Shutting down and abandoning module SoundFields (412)
[2025.07.17-02.28.22:525][987]LogModuleManager: Shutting down and abandoning module PropertyAccessEditor (410)
[2025.07.17-02.28.22:525][987]LogModuleManager: Shutting down and abandoning module SignificanceManager (408)
[2025.07.17-02.28.22:525][987]LogModuleManager: Shutting down and abandoning module RuntimePhysXCooking (406)
[2025.07.17-02.28.22:525][987]LogModuleManager: Shutting down and abandoning module PhysXVehiclesEditor (404)
[2025.07.17-02.28.22:525][987]LogModuleManager: Shutting down and abandoning module LocationServicesBPLibrary (400)
[2025.07.17-02.28.22:525][987]LogModuleManager: Shutting down and abandoning module AudioSynesthesia (398)
[2025.07.17-02.28.22:525][987]LogModuleManager: Shutting down and abandoning module AudioSynesthesiaCore (396)
[2025.07.17-02.28.22:525][987]LogModuleManager: Shutting down and abandoning module ActorSequence (394)
[2025.07.17-02.28.22:525][987]LogModuleManager: Shutting down and abandoning module UdpMessaging (392)
[2025.07.17-02.28.22:626][987]LogModuleManager: Shutting down and abandoning module TcpMessaging (390)
[2025.07.17-02.28.22:868][987]LogModuleManager: Shutting down and abandoning module ImgMediaEngine (388)
[2025.07.17-02.28.22:868][987]LogModuleManager: Shutting down and abandoning module PythonScriptPlugin (386)
[2025.07.17-02.28.22:868][987]LogModuleManager: Shutting down and abandoning module MagicLeapARPin (384)
[2025.07.17-02.28.22:869][987]LogModuleManager: Shutting down and abandoning module MagicLeapHandMeshing (382)
[2025.07.17-02.28.22:869][987]LogModuleManager: Shutting down and abandoning module MagicLeapSecureStorage (380)
[2025.07.17-02.28.22:869][987]LogModuleManager: Shutting down and abandoning module MagicLeapPrivileges (378)
[2025.07.17-02.28.22:870][987]LogModuleManager: Shutting down and abandoning module MagicLeapPlanes (376)
[2025.07.17-02.28.22:870][987]LogMagicLeapPlanes: Planes tracker already destroyed.
[2025.07.17-02.28.22:879][987]LogModuleManager: Shutting down and abandoning module MagicLeapImageTracker (374)
[2025.07.17-02.28.22:880][987]LogModuleManager: Shutting down and abandoning module MagicLeapIdentity (372)
[2025.07.17-02.28.22:880][987]LogModuleManager: Shutting down and abandoning module MagicLeapHandTracking (370)
[2025.07.17-02.28.22:880][987]LogModuleManager: Shutting down and abandoning module MagicLeapEyeTracker (368)
[2025.07.17-02.28.22:880][987]LogModuleManager: Shutting down and abandoning module MagicLeapController (366)
[2025.07.17-02.28.22:882][987]LogModuleManager: Shutting down and abandoning module MagicLeapARPinImpl (364)
[2025.07.17-02.28.22:883][987]LogModuleManager: Shutting down and abandoning module MagicLeapAR (362)
[2025.07.17-02.28.22:883][987]LogModuleManager: Shutting down and abandoning module GameplayTagsEditor (360)
[2025.07.17-02.28.22:883][987]LogModuleManager: Shutting down and abandoning module FacialAnimationEditor (358)
[2025.07.17-02.28.22:883][987]LogModuleManager: Shutting down and abandoning module FacialAnimation (356)
[2025.07.17-02.28.22:884][987]LogModuleManager: Shutting down and abandoning module DataValidation (354)
[2025.07.17-02.28.22:885][987]LogModuleManager: Shutting down and abandoning module AssetManagerEditor (352)
[2025.07.17-02.28.22:887][987]LogModuleManager: Shutting down and abandoning module LevelEditor (351)
[2025.07.17-02.28.22:897][987]LogModuleManager: Shutting down and abandoning module PixelInspectorModule (350)
[2025.07.17-02.28.22:897][987]LogModuleManager: Shutting down and abandoning module CommonMenuExtensions (348)
[2025.07.17-02.28.22:898][987]LogModuleManager: Shutting down and abandoning module MainFrame (346)
[2025.07.17-02.28.22:898][987]LogModuleManager: Shutting down and abandoning module HotReload (345)
[2025.07.17-02.28.22:901][987]LogModuleManager: Shutting down and abandoning module ToolMenus (341)
[2025.07.17-02.28.22:901][987]LogModuleManager: Shutting down and abandoning module TreeMap (339)
[2025.07.17-02.28.22:904][987]LogModuleManager: Shutting down and abandoning module NiagaraAnimNotifies (336)
[2025.07.17-02.28.22:905][987]LogModuleManager: Shutting down and abandoning module Niagara (334)
[2025.07.17-02.28.22:907][987]LogModuleManager: Shutting down and abandoning module SignalProcessing (333)
[2025.07.17-02.28.22:908][987]LogModuleManager: Shutting down and abandoning module NiagaraEditor (331)
[2025.07.17-02.28.22:911][987]LogModuleManager: Shutting down and abandoning module ContentBrowser (330)
[2025.07.17-02.28.22:911][987]LogModuleManager: Shutting down and abandoning module ContentBrowserData (329)
[2025.07.17-02.28.22:912][987]LogModuleManager: Shutting down and abandoning module NiagaraCore (324)
[2025.07.17-02.28.22:912][987]LogModuleManager: Shutting down and abandoning module PropertyAccessNode (322)
[2025.07.17-02.28.22:913][987]LogModuleManager: Shutting down and abandoning module AnimationSharing (320)
[2025.07.17-02.28.22:914][987]LogModuleManager: Shutting down and abandoning module GameplayCameras (318)
[2025.07.17-02.28.22:914][987]LogModuleManager: Shutting down and abandoning module LightPropagationVolumeRuntime (316)
[2025.07.17-02.28.22:914][987]LogModuleManager: Shutting down and abandoning module EnvironmentQueryEditor (314)
[2025.07.17-02.28.22:915][987]LogModuleManager: Shutting down and abandoning module Paper2D (312)
[2025.07.17-02.28.22:915][987]LogModuleManager: Shutting down and abandoning module WindowsMoviePlayer (310)
[2025.07.17-02.28.22:943][987]LogModuleManager: Shutting down and abandoning module WebMMoviePlayer (308)
[2025.07.17-02.28.22:944][987]LogModuleManager: Shutting down and abandoning module NetworkReplayStreaming (306)
[2025.07.17-02.28.22:944][987]LogModuleManager: Shutting down and abandoning module PacketHandler (304)
[2025.07.17-02.28.22:945][987]LogModuleManager: Shutting down and abandoning module ClothingSystemEditor (302)
[2025.07.17-02.28.22:945][987]LogModuleManager: Shutting down and abandoning module ClothingSystemRuntimeNv (300)
[2025.07.17-02.28.22:948][987]LogModuleManager: Shutting down and abandoning module MediaAssets (298)
[2025.07.17-02.28.22:948][987]LogModuleManager: Shutting down and abandoning module Overlay (296)
[2025.07.17-02.28.22:948][987]LogModuleManager: Shutting down and abandoning module OverlayEditor (295)
[2025.07.17-02.28.22:948][987]LogModuleManager: Shutting down and abandoning module VREditor (292)
[2025.07.17-02.28.22:948][987]LogModuleManager: Shutting down and abandoning module StringTableEditor (290)
[2025.07.17-02.28.22:950][987]LogModuleManager: Shutting down and abandoning module GameplayTasksEditor (288)
[2025.07.17-02.28.22:950][987]LogModuleManager: Shutting down and abandoning module BehaviorTreeEditor (286)
[2025.07.17-02.28.22:951][987]LogModuleManager: Shutting down and abandoning module FunctionalTesting (284)
[2025.07.17-02.28.22:951][987]LogModuleManager: Shutting down and abandoning module CollisionAnalyzer (282)
[2025.07.17-02.28.22:952][987]LogModuleManager: Shutting down and abandoning module WorkspaceMenuStructure (281)
[2025.07.17-02.28.22:952][987]LogModuleManager: Shutting down and abandoning module UMG (278)
[2025.07.17-02.28.22:952][987]LogModuleManager: Shutting down and abandoning module UMGEditor (277)
[2025.07.17-02.28.22:956][987]LogModuleManager: Shutting down and abandoning module MessageLog (275)
[2025.07.17-02.28.22:958][987]LogModuleManager: Shutting down and abandoning module SlateReflector (270)
[2025.07.17-02.28.22:959][987]LogModuleManager: Shutting down and abandoning module Slate (268)
[2025.07.17-02.28.22:959][987]LogModuleManager: Shutting down and abandoning module SlateCore (266)
[2025.07.17-02.28.22:969][987]LogModuleManager: Shutting down and abandoning module LandscapeEditorUtilities (264)
[2025.07.17-02.28.22:969][987]LogModuleManager: Shutting down and abandoning module UnrealEd (262)
[2025.07.17-02.28.22:969][987]LogModuleManager: Shutting down and abandoning module MRMesh (260)
[2025.07.17-02.28.22:969][987]LogModuleManager: Shutting down and abandoning module SourceCodeAccess (258)
[2025.07.17-02.28.22:971][987]LogModuleManager: Shutting down and abandoning module HeadMountedDisplay (256)
[2025.07.17-02.28.22:972][987]LogModuleManager: Shutting down and abandoning module XAudio2 (254)
[2025.07.17-02.28.22:972][987]LogModuleManager: Shutting down and abandoning module Networking (252)
[2025.07.17-02.28.22:972][987]LogModuleManager: Shutting down and abandoning module Core (250)
[2025.07.17-02.28.22:972][987]LogModuleManager: Shutting down and abandoning module MaterialEditor (248)
[2025.07.17-02.28.22:973][987]LogModuleManager: Shutting down and abandoning module MovieSceneTools (246)
[2025.07.17-02.28.22:973][987]LogModuleManager: Shutting down and abandoning module CurveEditor (245)
[2025.07.17-02.28.22:973][987]LogModuleManager: Shutting down and abandoning module Sequencer (243)
[2025.07.17-02.28.22:974][987]LogModuleManager: Shutting down and abandoning module EditorStyle (242)
[2025.07.17-02.28.22:986][987]LogModuleManager: Shutting down and abandoning module KismetCompiler (238)
[2025.07.17-02.28.22:986][987]LogModuleManager: Shutting down and abandoning module MeshBuilder (236)
[2025.07.17-02.28.22:987][987]LogModuleManager: Shutting down and abandoning module MeshUtilities (234)
[2025.07.17-02.28.22:988][987]LogModuleManager: Shutting down and abandoning module MeshMergeUtilities (233)
[2025.07.17-02.28.22:989][987]LogModuleManager: Shutting down and abandoning module MeshReductionInterface (232)
[2025.07.17-02.28.22:989][987]LogModuleManager: Shutting down and abandoning module MeshBoneReduction (231)
[2025.07.17-02.28.22:989][987]LogModuleManager: Shutting down and abandoning module SkeletalMeshReduction (229)
[2025.07.17-02.28.22:990][987]LogModuleManager: Shutting down and abandoning module ProxyLODMeshReduction (227)
[2025.07.17-02.28.22:990][987]LogModuleManager: Shutting down and abandoning module QuadricMeshReduction (225)
[2025.07.17-02.28.22:990][987]LogModuleManager: Shutting down and abandoning module MaterialBaking (221)
[2025.07.17-02.28.22:990][987]LogModuleManager: Shutting down and abandoning module NullInstallBundleManager (216)
[2025.07.17-02.28.22:991][987]LogModuleManager: Shutting down and abandoning module DerivedDataCache (214)
[2025.07.17-02.28.22:991][987]LogModuleManager: Shutting down and abandoning module TargetPlatform (212)
[2025.07.17-02.28.22:992][987]LogModuleManager: Shutting down and abandoning module VulkanShaderFormat (211)
[2025.07.17-02.28.22:993][987]LogModuleManager: Shutting down and abandoning module ShaderFormatVectorVM (209)
[2025.07.17-02.28.22:994][987]LogModuleManager: Shutting down and abandoning module ShaderFormatOpenGL (207)
[2025.07.17-02.28.22:994][987]LogModuleManager: Shutting down and abandoning module ShaderFormatD3D (205)
[2025.07.17-02.28.22:994][987]LogModuleManager: Shutting down and abandoning module MetalShaderFormat (203)
[2025.07.17-02.28.22:994][987]LogModuleManager: Shutting down and abandoning module TextureFormatOodle (201)
[2025.07.17-02.28.22:997][987]LogModuleManager: Shutting down and abandoning module TextureFormatUncompressed (199)
[2025.07.17-02.28.22:997][987]LogModuleManager: Shutting down and abandoning module TextureFormatPVR (197)
[2025.07.17-02.28.22:997][987]LogModuleManager: Shutting down and abandoning module TextureFormatETC2 (195)
[2025.07.17-02.28.22:998][987]LogModuleManager: Shutting down and abandoning module TextureFormatDXT (193)
[2025.07.17-02.28.22:998][987]LogModuleManager: Shutting down and abandoning module TextureFormatIntelISPCTexComp (191)
[2025.07.17-02.28.22:998][987]LogModuleManager: Shutting down and abandoning module TextureFormatASTC (189)
[2025.07.17-02.28.22:998][987]LogModuleManager: Shutting down and abandoning module ImageWrapper (188)
[2025.07.17-02.28.22:999][987]LogModuleManager: Shutting down and abandoning module AudioFormatOpus (185)
[2025.07.17-02.28.22:999][987]LogModuleManager: Shutting down and abandoning module AudioFormatOgg (183)
[2025.07.17-02.28.23:000][987]LogModuleManager: Shutting down and abandoning module AudioFormatADPCM (181)
[2025.07.17-02.28.23:000][987]LogModuleManager: Shutting down and abandoning module WindowsServerTargetPlatform (179)
[2025.07.17-02.28.23:000][987]LogModuleManager: Shutting down and abandoning module WindowsClientTargetPlatform (177)
[2025.07.17-02.28.23:001][987]LogModuleManager: Shutting down and abandoning module WindowsTargetPlatform (175)
[2025.07.17-02.28.23:001][987]LogModuleManager: Shutting down and abandoning module WindowsNoEditorTargetPlatform (173)
[2025.07.17-02.28.23:001][987]LogModuleManager: Shutting down and abandoning module TVOSTargetPlatform (171)
[2025.07.17-02.28.23:008][987]LogModuleManager: Shutting down and abandoning module MacServerTargetPlatform (169)
[2025.07.17-02.28.23:008][987]LogModuleManager: Shutting down and abandoning module MacClientTargetPlatform (167)
[2025.07.17-02.28.23:008][987]LogModuleManager: Shutting down and abandoning module MacTargetPlatform (165)
[2025.07.17-02.28.23:010][987]LogModuleManager: Shutting down and abandoning module MacNoEditorTargetPlatform (163)
[2025.07.17-02.28.23:010][987]LogModuleManager: Shutting down and abandoning module LuminTargetPlatform (161)
[2025.07.17-02.28.23:018][987]LogModuleManager: Shutting down and abandoning module LinuxAArch64ServerTargetPlatform (159)
[2025.07.17-02.28.23:018][987]LogModuleManager: Shutting down and abandoning module LinuxAArch64ClientTargetPlatform (157)
[2025.07.17-02.28.23:018][987]LogModuleManager: Shutting down and abandoning module LinuxAArch64NoEditorTargetPlatform (155)
[2025.07.17-02.28.23:018][987]LogModuleManager: Shutting down and abandoning module LinuxServerTargetPlatform (153)
[2025.07.17-02.28.23:018][987]LogModuleManager: Shutting down and abandoning module LinuxClientTargetPlatform (151)
[2025.07.17-02.28.23:019][987]LogModuleManager: Shutting down and abandoning module LinuxNoEditorTargetPlatform (149)
[2025.07.17-02.28.23:019][987]LogModuleManager: Shutting down and abandoning module LinuxTargetPlatform (147)
[2025.07.17-02.28.23:019][987]LogModuleManager: Shutting down and abandoning module Messaging (145)
[2025.07.17-02.28.23:020][987]LogModuleManager: Shutting down and abandoning module IOSTargetPlatform (143)
[2025.07.17-02.28.23:029][987]LogModuleManager: Shutting down and abandoning module AndroidTargetPlatform (141)
[2025.07.17-02.28.23:048][987]LogModuleManager: Shutting down and abandoning module AllDesktopTargetPlatform (139)
[2025.07.17-02.28.23:049][987]LogModuleManager: Shutting down and abandoning module D3D11RHI (136)
[2025.07.17-02.28.23:049][987]LogModuleManager: Shutting down and abandoning module InputCore (134)
[2025.07.17-02.28.23:049][987]LogModuleManager: Shutting down and abandoning module Settings (132)
[2025.07.17-02.28.23:049][987]LogModuleManager: Shutting down and abandoning module DirectoryWatcher (130)
[2025.07.17-02.28.23:050][987]LogModuleManager: Shutting down and abandoning module PhysXCooking (128)
[2025.07.17-02.28.23:050][987]LogModuleManager: Shutting down and abandoning module Chaos (126)
[2025.07.17-02.28.23:050][987]LogModuleManager: Shutting down and abandoning module WindowsPlatformFeatures (124)
[2025.07.17-02.28.23:050][987]LogModuleManager: Shutting down and abandoning module GameplayMediaEncoder (123)
[2025.07.17-02.28.23:050][987]LogModuleManager: Shutting down and abandoning module AVEncoder (122)
[2025.07.17-02.28.23:050][987]LogModuleManager: Shutting down and abandoning module SteamVRInputDevice (118)
[2025.07.17-02.28.23:051][987]LogModuleManager: Shutting down and abandoning module SteamVRInput (116)
[2025.07.17-02.28.23:051][987]LogModuleManager: Shutting down and abandoning module SteamVR (114)
[2025.07.17-02.28.23:051][987]LogHMD: Freeing OpenVRDLLHandle.
[2025.07.17-02.28.23:051][987]LogModuleManager: Shutting down and abandoning module OculusHMD (112)
[2025.07.17-02.28.23:051][987]LogModuleManager: Shutting down and abandoning module OpenXREyeTracker (110)
[2025.07.17-02.28.23:051][987]LogModuleManager: Shutting down and abandoning module OpenXRHandTracking (108)
[2025.07.17-02.28.23:052][987]LogSlate: Slate User Destroyed.  User Index 0, Is Virtual User: 0
[2025.07.17-02.28.23:052][987]LogModuleManager: Shutting down and abandoning module OpenXRAR (106)
[2025.07.17-02.28.23:052][987]LogModuleManager: Shutting down and abandoning module AugmentedReality (105)
[2025.07.17-02.28.23:052][987]LogModuleManager: Shutting down and abandoning module OpenXRHMD (102)
[2025.07.17-02.28.23:053][987]LogModuleManager: Shutting down and abandoning module HairStrandsCore (100)
[2025.07.17-02.28.23:053][987]LogModuleManager: Shutting down and abandoning module ExampleDeviceProfileSelector (98)
[2025.07.17-02.28.23:053][987]LogModuleManager: Shutting down and abandoning module ChunkDownloader (96)
[2025.07.17-02.28.23:054][987]LogModuleManager: Shutting down and abandoning module OnlineBlueprintSupport (94)
[2025.07.17-02.28.23:054][987]LogModuleManager: Shutting down and abandoning module LauncherChunkInstaller (90)
[2025.07.17-02.28.23:056][987]LogModuleManager: Shutting down and abandoning module OnlineSubsystem (88)
[2025.07.17-02.28.23:061][987]LogModuleManager: Shutting down and abandoning module XMPP (83)
[2025.07.17-02.28.23:061][987]LogModuleManager: Shutting down and abandoning module WebSockets (82)
[2025.07.17-02.28.23:077][987]LogModuleManager: Shutting down and abandoning module HTTP (79)
[2025.07.17-02.28.23:077][987]LogHttp: Display: Http module shutting down, but needs to wait on 1 outstanding Http requests:
[2025.07.17-02.28.23:077][987]LogHttp: Display: 	verb=[POST] url=[https://datarouter.ol.epicgames.com/datarouter/api/v1/public/data?SessionID=%7B1AC75CD8-4A1E-1174-0DCD-C3ACBE004771%7D&AppID=UEEditor.Rocket.Release&AppVersion=4.27.2-18319896%2B%2B%2BUE4%2BRelease-4.27&UserID=3b54413e42d43c35aff2659f95a6b4ca%7C86015509ccb24ed3b48fef845d1c22c9%7Cc297efcb-616a-48e2-89ec-b825ac25b5a4&AppEnvironment=datacollector-binary&UploadType=eteventstream] refs=[1] status=Processing
[2025.07.17-02.28.23:077][987]LogHttp: Display: cleaning up 1 outstanding Http requests.
[2025.07.17-02.28.23:086][987]LogModuleManager: Shutting down and abandoning module SSL (78)
[2025.07.17-02.28.23:094][987]LogModuleManager: Shutting down and abandoning module WmfMedia (74)
[2025.07.17-02.28.23:102][987]LogModuleManager: Shutting down and abandoning module Media (73)
[2025.07.17-02.28.23:115][987]LogModuleManager: Shutting down and abandoning module MediaInfo (72)
[2025.07.17-02.28.23:115][987]LogModuleManager: Shutting down and abandoning module ExrReaderGpu (68)
[2025.07.17-02.28.23:115][987]LogModuleManager: Shutting down and abandoning module MLSDK (66)
[2025.07.17-02.28.23:116][987]LogModuleManager: Shutting down and abandoning module MagicLeap (64)
[2025.07.17-02.28.23:116][987]LogModuleManager: Shutting down and abandoning module NiagaraVertexFactories (62)
[2025.07.17-02.28.23:117][987]LogModuleManager: Shutting down and abandoning module NiagaraShader (60)
[2025.07.17-02.28.23:117][987]LogModuleManager: Shutting down and abandoning module ChaosCloth (58)
[2025.07.17-02.28.23:117][987]LogModuleManager: Shutting down and abandoning module VariantManagerContent (56)
[2025.07.17-02.28.23:117][987]LogModuleManager: Shutting down and abandoning module DatasmithContent (54)
[2025.07.17-02.28.23:118][987]LogModuleManager: Shutting down and abandoning module PixWinPlugin (52)
[2025.07.17-02.28.23:118][987]LogModuleManager: Shutting down and abandoning module AISupportModule (50)
[2025.07.17-02.28.23:119][987]LogModuleManager: Shutting down and abandoning module DesktopPlatform (48)
[2025.07.17-02.28.23:119][987]LogModuleManager: Shutting down and abandoning module PythonScriptPluginPreload (46)
[2025.07.17-02.28.23:119][987]LogModuleManager: Shutting down and abandoning module PlatformCryptoOpenSSL (44)
[2025.07.17-02.28.23:121][987]LogModuleManager: Shutting down and abandoning module PlatformCryptoTypes (42)
[2025.07.17-02.28.23:122][987]LogModuleManager: Shutting down and abandoning module PlatformCrypto (40)
[2025.07.17-02.28.23:122][987]LogModuleManager: Shutting down and abandoning module OodleDataCompressionFormat (38)
[2025.07.17-02.28.23:123][987]LogModuleManager: Shutting down and abandoning module XGEController (36)
[2025.07.17-02.28.23:123][987]LogXGEController: Cleaning working directory: C:/Users/ezequ/AppData/Local/Temp/UnrealXGEWorkingDir/
[2025.07.17-02.28.23:125][987]LogModuleManager: Shutting down and abandoning module AnimationModifiers (34)
[2025.07.17-02.28.23:125][987]LogModuleManager: Shutting down and abandoning module AudioEditor (32)
[2025.07.17-02.28.23:126][987]LogModuleManager: Shutting down and abandoning module PropertyEditor (31)
[2025.07.17-02.28.23:126][987]LogModuleManager: Shutting down and abandoning module TextureCompressor (28)
[2025.07.17-02.28.23:128][987]LogModuleManager: Shutting down and abandoning module RenderCore (26)
[2025.07.17-02.28.23:129][987]LogModuleManager: Shutting down and abandoning module Landscape (24)
[2025.07.17-02.28.23:129][987]LogModuleManager: Shutting down and abandoning module SlateRHIRenderer (22)
[2025.07.17-02.28.23:133][987]LogModuleManager: Shutting down and abandoning module AnimGraphRuntime (20)
[2025.07.17-02.28.23:133][987]LogModuleManager: Shutting down and abandoning module Renderer (18)
[2025.07.17-02.28.23:134][987]LogModuleManager: Shutting down and abandoning module Engine (16)
[2025.07.17-02.28.23:134][987]LogModuleManager: Shutting down and abandoning module CoreUObject (14)
[2025.07.17-02.28.23:134][987]LogModuleManager: Shutting down and abandoning module NetworkFile (12)
[2025.07.17-02.28.23:134][987]LogModuleManager: Shutting down and abandoning module CookedIterativeFile (10)
[2025.07.17-02.28.23:134][987]LogModuleManager: Shutting down and abandoning module StreamingFile (8)
[2025.07.17-02.28.23:135][987]LogModuleManager: Shutting down and abandoning module SandboxFile (6)
[2025.07.17-02.28.23:135][987]LogModuleManager: Shutting down and abandoning module PakFile (4)
[2025.07.17-02.28.23:135][987]LogModuleManager: Shutting down and abandoning module RSA (3)
[2025.07.17-02.28.23:135][987]LogContentStreaming: Display: There are 1 unreleased StreamingManagers
[2025.07.17-02.28.23:217][987]LogD3D11RHI: Shutdown
[2025.07.17-02.28.23:217][987]LogD3D11RHI: CleanupD3DDevice
[2025.07.17-02.28.23:232][987]LogExit: Exiting.
[2025.07.17-02.28.23:248][987]Log file closed, 07/16/25 23:28:23
