Log file open, 07/24/25 21:45:39
LogWindows: Failed to load 'aqProf.dll' (GetLastError=126)
LogWindows: File 'aqProf.dll' does not exist
LogWindows: Failed to load 'VtuneApi.dll' (GetLastError=126)
LogWindows: File 'VtuneApi.dll' does not exist
LogWindows: Failed to load 'VtuneApi32e.dll' (GetLastError=126)
LogWindows: File 'VtuneApi32e.dll' does not exist
LogConsoleResponse: Display: Failed to find resolution value strings in scalability ini. Falling back to default.
LogConsoleResponse: Display: Failed to find resolution value strings in scalability ini. Falling back to default.
LogInit: Display: Running engine for game: TP_PreEntrega
LogPlatformFile: Not using cached read wrapper
LogTaskGraph: Started task graph with 5 named threads and 23 total threads with 3 sets of task threads.
LogStats: Stats thread started at 0.359929
LogICUInternationalization: ICU TimeZone Detection - Raw Offset: -3:00, Platform Override: ''
LogInit: Display: Loading text-based GConfig....
LogPluginManager: Mounting plugin MeshPainting
LogPluginManager: Mounting plugin XGEController
LogPluginManager: Mounting plugin Paper2D
LogPluginManager: Mounting plugin AISupport
LogPluginManager: Mounting plugin EnvironmentQueryEditor
LogPluginManager: Mounting plugin LiveLink
LogPluginManager: Mounting plugin LightPropagationVolume
LogPluginManager: Mounting plugin CameraShakePreviewer
LogPluginManager: Mounting plugin OodleData
LogPluginManager: Mounting plugin GameplayCameras
LogPluginManager: Mounting plugin OodleNetwork
LogPluginManager: Mounting plugin AssetManagerEditor
LogPluginManager: Mounting plugin Niagara
LogPluginManager: Mounting plugin DatasmithContent
LogPluginManager: Mounting plugin CryptoKeys
LogPluginManager: Mounting plugin CurveEditorTools
LogPluginManager: Mounting plugin DataValidation
LogPluginManager: Mounting plugin FacialAnimation
LogPluginManager: Mounting plugin GeometryMode
LogPluginManager: Mounting plugin MacGraphicsSwitching
LogPluginManager: Mounting plugin MaterialAnalyzer
LogPluginManager: Mounting plugin GameplayTagsEditor
LogPluginManager: Mounting plugin MobileLauncherProfileWizard
LogPluginManager: Mounting plugin PluginBrowser
LogPluginManager: Mounting plugin StylusInput
LogPluginManager: Mounting plugin SpeedTreeImporter
LogPluginManager: Mounting plugin AlembicImporter
LogPluginManager: Mounting plugin AutomationUtils
LogPluginManager: Mounting plugin BackChannel
LogPluginManager: Mounting plugin ChaosCloth
LogPluginManager: Mounting plugin ChaosClothEditor
LogPluginManager: Mounting plugin ChaosEditor
LogPluginManager: Mounting plugin ChaosNiagara
LogPluginManager: Mounting plugin ChaosSolverPlugin
LogPluginManager: Mounting plugin CharacterAI
LogPluginManager: Mounting plugin GeometryCache
LogPluginManager: Mounting plugin GeometryCollectionPlugin
LogPluginManager: Mounting plugin GeometryProcessing
LogPluginManager: Mounting plugin MeshModelingToolset
LogPluginManager: Mounting plugin ModelingToolsEditorMode
LogPluginManager: Mounting plugin MotoSynth
LogPluginManager: Mounting plugin OpenImageDenoise
LogPluginManager: Mounting plugin PlanarCut
LogPluginManager: Mounting plugin PlatformCrypto
LogPluginManager: Mounting plugin AndroidMedia
LogPluginManager: Mounting plugin ProxyLODPlugin
LogPluginManager: Mounting plugin PythonScriptPlugin
LogPluginManager: Mounting plugin AvfMedia
LogPluginManager: Mounting plugin SkeletalReduction
LogPluginManager: Mounting plugin ImgMedia
LogPluginManager: Mounting plugin MediaCompositing
LogPluginManager: Mounting plugin MediaPlayerEditor
LogPluginManager: Mounting plugin WebMMedia
LogPluginManager: Mounting plugin WmfMedia
LogPluginManager: Mounting plugin LuminPlatformFeatures
LogPluginManager: Mounting plugin MagicLeap
LogPluginManager: Mounting plugin MagicLeapLightEstimation
LogPluginManager: Mounting plugin MagicLeapMedia
LogPluginManager: Mounting plugin MagicLeapPassableWorld
LogPluginManager: Mounting plugin MLSDK
LogPluginManager: Mounting plugin TcpMessaging
LogPluginManager: Mounting plugin UdpMessaging
LogPluginManager: Mounting plugin ActorSequence
LogPluginManager: Mounting plugin LevelSequenceEditor
LogPluginManager: Mounting plugin MatineeToLevelSequence
LogPluginManager: Mounting plugin TemplateSequence
LogPluginManager: Mounting plugin OnlineSubsystem
LogPluginManager: Mounting plugin OnlineSubsystemNull
LogPluginManager: Mounting plugin OnlineSubsystemUtils
LogPluginManager: Mounting plugin LauncherChunkInstaller
LogPluginManager: Mounting plugin ActorLayerUtilities
LogPluginManager: Mounting plugin AndroidDeviceProfileSelector
LogPluginManager: Mounting plugin AndroidMoviePlayer
LogPluginManager: Mounting plugin AndroidPermission
LogPluginManager: Mounting plugin AppleImageUtils
LogPluginManager: Mounting plugin AppleMoviePlayer
LogPluginManager: Mounting plugin AssetTags
LogPluginManager: Mounting plugin ArchVisCharacter
LogPluginManager: Mounting plugin AudioCapture
LogPluginManager: Mounting plugin AudioSynesthesia
LogPluginManager: Mounting plugin CableComponent
LogPluginManager: Mounting plugin ChunkDownloader
LogPluginManager: Mounting plugin CustomMeshComponent
LogPluginManager: Mounting plugin EditableMesh
LogPluginManager: Mounting plugin ExampleDeviceProfileSelector
LogPluginManager: Mounting plugin GoogleCloudMessaging
LogPluginManager: Mounting plugin HairStrands
LogPluginManager: Mounting plugin GooglePAD
LogPluginManager: Mounting plugin IOSDeviceProfileSelector
LogPluginManager: Mounting plugin LinuxDeviceProfileSelector
LogPluginManager: Mounting plugin LocationServicesBPLibrary
LogPluginManager: Mounting plugin ScreenshotTools
LogPluginManager: Mounting plugin MobilePatchingUtils
LogPluginManager: Mounting plugin OpenXR
LogPluginManager: Mounting plugin OpenXREyeTracker
LogPluginManager: Mounting plugin OpenXRHandTracking
LogPluginManager: Mounting plugin PhysXVehicles
LogPluginManager: Mounting plugin PostSplashScreen
LogPluginManager: Mounting plugin ProceduralMeshComponent
LogPluginManager: Mounting plugin RuntimePhysXCooking
LogPluginManager: Mounting plugin SignificanceManager
LogPluginManager: Mounting plugin SoundFields
LogPluginManager: Mounting plugin PropertyAccessEditor
LogPluginManager: Mounting plugin Synthesis
LogPluginManager: Mounting plugin WebMMoviePlayer
LogPluginManager: Mounting plugin WindowsMoviePlayer
LogPluginManager: Mounting plugin Takes
LogPluginManager: Mounting plugin VariantManagerContent
LogPluginManager: Mounting plugin AnimationSharing
LogPluginManager: Mounting plugin CLionSourceCodeAccess
LogPluginManager: Mounting plugin CodeLiteSourceCodeAccess
LogPluginManager: Mounting plugin GitSourceControl
LogPluginManager: Mounting plugin KDevelopSourceCodeAccess
LogPluginManager: Mounting plugin NullSourceCodeAccess
LogPluginManager: Mounting plugin PerforceSourceControl
LogPluginManager: Mounting plugin PixWinPlugin
LogPluginManager: Mounting plugin PlasticSourceControl
LogPluginManager: Mounting plugin PluginUtils
LogPluginManager: Mounting plugin PropertyAccessNode
LogPluginManager: Mounting plugin RiderSourceCodeAccess
LogPluginManager: Mounting plugin SubversionSourceControl
LogPluginManager: Mounting plugin TextureFormatOodle
LogPluginManager: Mounting plugin UObjectPlugin
LogPluginManager: Mounting plugin VisualStudioCodeSourceCodeAccess
LogPluginManager: Mounting plugin VisualStudioSourceCodeAccess
LogPluginManager: Mounting plugin XCodeSourceCodeAccess
LogPluginManager: Mounting plugin ContentBrowserAssetDataSource
LogPluginManager: Mounting plugin ContentBrowserFileDataSource
LogPluginManager: Mounting plugin ContentBrowserClassDataSource
LogPluginManager: Mounting plugin OnlineSubsystemGooglePlay
LogPluginManager: Mounting plugin OnlineSubsystemIOS
LogPluginManager: Mounting plugin OculusVR
LogPluginManager: Mounting plugin SteamVR
LogInit: Using libcurl 7.55.1-DEV
LogInit:  - built for x86_64-pc-win32
LogInit:  - supports SSL with OpenSSL/1.1.1
LogInit:  - supports HTTP deflate (compression) using libz 1.2.8
LogInit:  - other features:
LogInit:      CURL_VERSION_SSL
LogInit:      CURL_VERSION_LIBZ
LogInit:      CURL_VERSION_IPV6
LogInit:      CURL_VERSION_ASYNCHDNS
LogInit:      CURL_VERSION_LARGEFILE
LogInit:      CURL_VERSION_IDN
LogInit:  CurlRequestOptions (configurable via config and command line):
LogInit:  - bVerifyPeer = true  - Libcurl will verify peer certificate
LogInit:  - bUseHttpProxy = false  - Libcurl will NOT use HTTP proxy
LogInit:  - bDontReuseConnections = false  - Libcurl will reuse connections
LogInit:  - MaxHostConnections = 16  - Libcurl will limit the number of connections to a host
LogInit:  - LocalHostAddr = Default
LogInit:  - BufferSize = 65536
LogOnline: OSS: Creating online subsystem instance for: NULL
LogInit: WinSock: version 1.1 (2.2), MaxSocks=32767, MaxUdp=65467
LogOnline: OSS: TryLoadSubsystemAndSetDefault: Loaded subsystem for module [NULL]
PixWinPlugin: PIX capture plugin failed to initialize! Check that the process is launched from PIX.
LogOculusPluginWrapper: OculusPlugin initialized successfully
LogHMD: Failed initializing OVRPlugin 1.59.0
LogInit: Build: ++UE4+Release-4.27-CL-18319896
LogInit: Engine Version: 4.27.2-18319896+++UE4+Release-4.27
LogInit: Compatible Engine Version: 4.27.0-17155196+++UE4+Release-4.27
LogInit: Net CL: 17155196
LogInit: OS: Windows 10 (Release 2009) (), CPU: Intel(R) Core(TM) i5-9300H CPU @ 2.40GHz, GPU: Intel(R) UHD Graphics 630
LogInit: Compiled (64-bit): Nov 30 2021 07:12:08
LogInit: Compiled with Visual C++: 19.24.28315.00
LogInit: Build Configuration: Development
LogInit: Branch Name: ++UE4+Release-4.27
LogInit: Command Line: 
LogInit: Base Directory: D:/UE4-Windows/UE_4.27/Engine/Binaries/Win64/
LogInit: Allocator: TBB
LogInit: Installed Engine Build: 1
LogDevObjectVersion: Number of dev versions registered: 29
LogDevObjectVersion:   Dev-Blueprints (B0D832E4-1F89-4F0D-ACCF-7EB736FD4AA2): 10
LogDevObjectVersion:   Dev-Build (E1C64328-A22C-4D53-A36C-8E866417BD8C): 0
LogDevObjectVersion:   Dev-Core (375EC13C-06E4-48FB-B500-84F0262A717E): 4
LogDevObjectVersion:   Dev-Editor (E4B068ED-F494-42E9-A231-DA0B2E46BB41): 40
LogDevObjectVersion:   Dev-Framework (CFFC743F-43B0-4480-9391-14DF171D2073): 37
LogDevObjectVersion:   Dev-Mobile (B02B49B5-BB20-44E9-A304-32B752E40360): 3
LogDevObjectVersion:   Dev-Networking (A4E4105C-59A1-49B5-A7C5-40C4547EDFEE): 0
LogDevObjectVersion:   Dev-Online (39C831C9-5AE6-47DC-9A44-9C173E1C8E7C): 0
LogDevObjectVersion:   Dev-Physics (78F01B33-EBEA-4F98-B9B4-84EACCB95AA2): 14
LogDevObjectVersion:   Dev-Platform (6631380F-2D4D-43E0-8009-CF276956A95A): 0
LogDevObjectVersion:   Dev-Rendering (12F88B9F-8875-4AFC-A67C-D90C383ABD29): 45
LogDevObjectVersion:   Dev-Sequencer (7B5AE74C-D270-4C10-A958-57980B212A5A): 13
LogDevObjectVersion:   Dev-VR (D7296918-1DD6-4BDD-9DE2-64A83CC13884): 3
LogDevObjectVersion:   Dev-LoadTimes (C2A15278-BFE7-4AFE-6C17-90FF531DF755): 1
LogDevObjectVersion:   Private-Geometry (6EACA3D4-40EC-4CC1-B786-8BED09428FC5): 3
LogDevObjectVersion:   Dev-AnimPhys (29E575DD-E0A3-4627-9D10-D276232CDCEA): 17
LogDevObjectVersion:   Dev-Anim (AF43A65D-7FD3-4947-9873-3E8ED9C1BB05): 15
LogDevObjectVersion:   Dev-ReflectionCapture (6B266CEC-1EC7-4B8F-A30B-E4D90942FC07): 1
LogDevObjectVersion:   Dev-Automation (0DF73D61-A23F-47EA-B727-89E90C41499A): 1
LogDevObjectVersion:   FortniteMain (601D1886-AC64-4F84-AA16-D3DE0DEAC7D6): 47
LogDevObjectVersion:   FortniteRelease (E7086368-6B23-4C58-8439-1B7016265E91): 1
LogDevObjectVersion:   Dev-Enterprise (9DFFBCD6-494F-0158-E221-12823C92A888): 10
LogDevObjectVersion:   Dev-Niagara (F2AED0AC-9AFE-416F-8664-AA7FFA26D6FC): 1
LogDevObjectVersion:   Dev-Destruction (174F1F0B-B4C6-45A5-B13F-2EE8D0FB917D): 10
LogDevObjectVersion:   Dev-Physics-Ext (35F94A83-E258-406C-A318-09F59610247C): 41
LogDevObjectVersion:   Dev-PhysicsMaterial-Chaos (B68FC16E-8B1B-42E2-B453-215C058844FE): 1
LogDevObjectVersion:   Dev-CineCamera (B2E18506-4273-CFC2-A54E-F4BB758BBA07): 1
LogDevObjectVersion:   Dev-VirtualProduction (64F58936-FD1B-42BA-BA96-7289D5D0FA4E): 1
LogDevObjectVersion:   Dev-MediaFramework (6F0ED827-A609-4895-9C91-998D90180EA4): 2
LogInit: Presizing for max 25165824 objects, including 0 objects not considered by GC, pre-allocating 0 bytes for permanent pool.
LogConfig: Applying CVar settings from Section [/Script/Engine.StreamingSettings] File [D:/UTN-e-learning/Unreal-Engine/Unreal-Projects/TP_PreEntrega/Saved/Config/Windows/Engine.ini]
LogConfig: Setting CVar [[s.MinBulkDataSizeForAsyncLoading:131072]]
LogConfig: Setting CVar [[s.AsyncLoadingThreadEnabled:0]]
LogConfig: Setting CVar [[s.EventDrivenLoaderEnabled:1]]
LogConfig: Setting CVar [[s.WarnIfTimeLimitExceeded:0]]
LogConfig: Setting CVar [[s.TimeLimitExceededMultiplier:1.5]]
LogConfig: Setting CVar [[s.TimeLimitExceededMinTime:0.005]]
LogConfig: Setting CVar [[s.UseBackgroundLevelStreaming:1]]
LogConfig: Setting CVar [[s.PriorityAsyncLoadingExtraTime:15.0]]
LogConfig: Setting CVar [[s.LevelStreamingActorsUpdateTimeLimit:5.0]]
LogConfig: Setting CVar [[s.PriorityLevelStreamingActorsUpdateExtraTime:5.0]]
LogConfig: Setting CVar [[s.LevelStreamingComponentsRegistrationGranularity:10]]
LogConfig: Setting CVar [[s.UnregisterComponentsTimeLimit:1.0]]
LogConfig: Setting CVar [[s.LevelStreamingComponentsUnregistrationGranularity:5]]
LogConfig: Setting CVar [[s.FlushStreamingOnExit:1]]
LogInit: Object subsystem initialized
LogConfig: Setting CVar [[con.DebugEarlyDefault:1]]
LogConfig: Setting CVar [[r.setres:1280x720]]
LogConfig: Setting CVar [[fx.NiagaraAllowRuntimeScalabilityChanges:1]]
[2025.07.25-00.45.40:949][  0]LogConfig: Setting CVar [[r.VSync:0]]
[2025.07.25-00.45.40:949][  0]LogConfig: Setting CVar [[r.RHICmdBypass:0]]
[2025.07.25-00.45.40:949][  0]LogConfig: Applying CVar settings from Section [/Script/Engine.RendererSettings] File [D:/UTN-e-learning/Unreal-Engine/Unreal-Projects/TP_PreEntrega/Saved/Config/Windows/Engine.ini]
[2025.07.25-00.45.40:949][  0]LogConfig: Setting CVar [[r.GPUCrashDebugging:0]]
[2025.07.25-00.45.40:949][  0]LogConfig: Applying CVar settings from Section [/Script/Engine.RendererOverrideSettings] File [D:/UTN-e-learning/Unreal-Engine/Unreal-Projects/TP_PreEntrega/Saved/Config/Windows/Engine.ini]
[2025.07.25-00.45.40:949][  0]LogConfig: Applying CVar settings from Section [/Script/Engine.StreamingSettings] File [D:/UTN-e-learning/Unreal-Engine/Unreal-Projects/TP_PreEntrega/Saved/Config/Windows/Engine.ini]
[2025.07.25-00.45.40:949][  0]LogConfig: Setting CVar [[s.MinBulkDataSizeForAsyncLoading:131072]]
[2025.07.25-00.45.40:949][  0]LogConfig: Setting CVar [[s.AsyncLoadingThreadEnabled:0]]
[2025.07.25-00.45.40:949][  0]LogConfig: Setting CVar [[s.EventDrivenLoaderEnabled:1]]
[2025.07.25-00.45.40:949][  0]LogConfig: Setting CVar [[s.WarnIfTimeLimitExceeded:0]]
[2025.07.25-00.45.40:949][  0]LogConfig: Setting CVar [[s.TimeLimitExceededMultiplier:1.5]]
[2025.07.25-00.45.40:949][  0]LogConfig: Setting CVar [[s.TimeLimitExceededMinTime:0.005]]
[2025.07.25-00.45.40:949][  0]LogConfig: Setting CVar [[s.UseBackgroundLevelStreaming:1]]
[2025.07.25-00.45.40:949][  0]LogConfig: Setting CVar [[s.PriorityAsyncLoadingExtraTime:15.0]]
[2025.07.25-00.45.40:949][  0]LogConfig: Setting CVar [[s.LevelStreamingActorsUpdateTimeLimit:5.0]]
[2025.07.25-00.45.40:949][  0]LogConfig: Setting CVar [[s.PriorityLevelStreamingActorsUpdateExtraTime:5.0]]
[2025.07.25-00.45.40:949][  0]LogConfig: Setting CVar [[s.LevelStreamingComponentsRegistrationGranularity:10]]
[2025.07.25-00.45.40:949][  0]LogConfig: Setting CVar [[s.UnregisterComponentsTimeLimit:1.0]]
[2025.07.25-00.45.40:949][  0]LogConfig: Setting CVar [[s.LevelStreamingComponentsUnregistrationGranularity:5]]
[2025.07.25-00.45.40:949][  0]LogConfig: Setting CVar [[s.FlushStreamingOnExit:1]]
[2025.07.25-00.45.40:949][  0]LogConfig: Applying CVar settings from Section [/Script/Engine.GarbageCollectionSettings] File [D:/UTN-e-learning/Unreal-Engine/Unreal-Projects/TP_PreEntrega/Saved/Config/Windows/Engine.ini]
[2025.07.25-00.45.40:949][  0]LogConfig: Setting CVar [[gc.MaxObjectsNotConsideredByGC:1]]
[2025.07.25-00.45.40:949][  0]LogConfig: Setting CVar [[gc.SizeOfPermanentObjectPool:0]]
[2025.07.25-00.45.40:949][  0]LogConfig: Setting CVar [[gc.FlushStreamingOnGC:0]]
[2025.07.25-00.45.40:949][  0]LogConfig: Setting CVar [[gc.NumRetriesBeforeForcingGC:10]]
[2025.07.25-00.45.40:949][  0]LogConfig: Setting CVar [[gc.AllowParallelGC:1]]
[2025.07.25-00.45.40:949][  0]LogConfig: Setting CVar [[gc.TimeBetweenPurgingPendingKillObjects:61.1]]
[2025.07.25-00.45.40:949][  0]LogConfig: Setting CVar [[gc.MaxObjectsInEditor:25165824]]
[2025.07.25-00.45.40:949][  0]LogConfig: Setting CVar [[gc.IncrementalBeginDestroyEnabled:1]]
[2025.07.25-00.45.40:949][  0]LogConfig: Setting CVar [[gc.CreateGCClusters:1]]
[2025.07.25-00.45.40:949][  0]LogConfig: Setting CVar [[gc.MinGCClusterSize:5]]
[2025.07.25-00.45.40:949][  0]LogConfig: Setting CVar [[gc.ActorClusteringEnabled:0]]
[2025.07.25-00.45.40:949][  0]LogConfig: Setting CVar [[gc.BlueprintClusteringEnabled:0]]
[2025.07.25-00.45.40:949][  0]LogConfig: Setting CVar [[gc.UseDisregardForGCOnDedicatedServers:0]]
[2025.07.25-00.45.40:949][  0]LogConfig: Setting CVar [[gc.MultithreadedDestructionEnabled:1]]
[2025.07.25-00.45.40:949][  0]LogConfig: Applying CVar settings from Section [/Script/Engine.NetworkSettings] File [D:/UTN-e-learning/Unreal-Engine/Unreal-Projects/TP_PreEntrega/Saved/Config/Windows/Engine.ini]
[2025.07.25-00.45.40:949][  0]LogConfig: Applying CVar settings from Section [/Script/UnrealEd.CookerSettings] File [D:/UTN-e-learning/Unreal-Engine/Unreal-Projects/TP_PreEntrega/Saved/Config/Windows/Engine.ini]
[2025.07.25-00.45.40:964][  0]LogConfig: Applying CVar settings from Section [ViewDistanceQuality@3] File [D:/UTN-e-learning/Unreal-Engine/Unreal-Projects/TP_PreEntrega/Saved/Config/Windows/Scalability.ini]
[2025.07.25-00.45.40:964][  0]LogConfig: Setting CVar [[r.SkeletalMeshLODBias:0]]
[2025.07.25-00.45.40:964][  0]LogConfig: Setting CVar [[r.ViewDistanceScale:1.0]]
[2025.07.25-00.45.40:964][  0]LogConfig: Applying CVar settings from Section [AntiAliasingQuality@3] File [D:/UTN-e-learning/Unreal-Engine/Unreal-Projects/TP_PreEntrega/Saved/Config/Windows/Scalability.ini]
[2025.07.25-00.45.40:964][  0]LogConfig: Setting CVar [[r.PostProcessAAQuality:4]]
[2025.07.25-00.45.40:964][  0]LogConfig: Applying CVar settings from Section [ShadowQuality@3] File [D:/UTN-e-learning/Unreal-Engine/Unreal-Projects/TP_PreEntrega/Saved/Config/Windows/Scalability.ini]
[2025.07.25-00.45.40:964][  0]LogConfig: Setting CVar [[r.LightFunctionQuality:1]]
[2025.07.25-00.45.40:964][  0]LogConfig: Setting CVar [[r.ShadowQuality:5]]
[2025.07.25-00.45.40:964][  0]LogConfig: Setting CVar [[r.Shadow.CSM.MaxCascades:10]]
[2025.07.25-00.45.40:964][  0]LogConfig: Setting CVar [[r.Shadow.MaxResolution:2048]]
[2025.07.25-00.45.40:964][  0]LogConfig: Setting CVar [[r.Shadow.MaxCSMResolution:2048]]
[2025.07.25-00.45.40:964][  0]LogConfig: Setting CVar [[r.Shadow.RadiusThreshold:0.01]]
[2025.07.25-00.45.40:964][  0]LogConfig: Setting CVar [[r.Shadow.DistanceScale:1.0]]
[2025.07.25-00.45.40:964][  0]LogConfig: Setting CVar [[r.Shadow.CSM.TransitionScale:1.0]]
[2025.07.25-00.45.40:964][  0]LogConfig: Setting CVar [[r.Shadow.PreShadowResolutionFactor:1.0]]
[2025.07.25-00.45.40:964][  0]LogConfig: Setting CVar [[r.DistanceFieldShadowing:1]]
[2025.07.25-00.45.40:964][  0]LogConfig: Setting CVar [[r.DistanceFieldAO:1]]
[2025.07.25-00.45.40:964][  0]LogConfig: Setting CVar [[r.AOQuality:2]]
[2025.07.25-00.45.40:964][  0]LogConfig: Setting CVar [[r.VolumetricFog:1]]
[2025.07.25-00.45.40:964][  0]LogConfig: Setting CVar [[r.VolumetricFog.GridPixelSize:8]]
[2025.07.25-00.45.40:964][  0]LogConfig: Setting CVar [[r.VolumetricFog.GridSizeZ:128]]
[2025.07.25-00.45.40:964][  0]LogConfig: Setting CVar [[r.VolumetricFog.HistoryMissSupersampleCount:4]]
[2025.07.25-00.45.40:964][  0]LogConfig: Setting CVar [[r.LightMaxDrawDistanceScale:1]]
[2025.07.25-00.45.40:964][  0]LogConfig: Setting CVar [[r.CapsuleShadows:1]]
[2025.07.25-00.45.40:964][  0]LogConfig: Applying CVar settings from Section [PostProcessQuality@3] File [D:/UTN-e-learning/Unreal-Engine/Unreal-Projects/TP_PreEntrega/Saved/Config/Windows/Scalability.ini]
[2025.07.25-00.45.40:964][  0]LogConfig: Setting CVar [[r.MotionBlurQuality:4]]
[2025.07.25-00.45.40:964][  0]LogConfig: Setting CVar [[r.AmbientOcclusionMipLevelFactor:0.4]]
[2025.07.25-00.45.40:964][  0]LogConfig: Setting CVar [[r.AmbientOcclusionMaxQuality:100]]
[2025.07.25-00.45.40:964][  0]LogConfig: Setting CVar [[r.AmbientOcclusionLevels:-1]]
[2025.07.25-00.45.40:965][  0]LogConfig: Setting CVar [[r.AmbientOcclusionRadiusScale:1.0]]
[2025.07.25-00.45.40:965][  0]LogConfig: Setting CVar [[r.DepthOfFieldQuality:2]]
[2025.07.25-00.45.40:965][  0]LogConfig: Setting CVar [[r.RenderTargetPoolMin:400]]
[2025.07.25-00.45.40:965][  0]LogConfig: Setting CVar [[r.LensFlareQuality:2]]
[2025.07.25-00.45.40:965][  0]LogConfig: Setting CVar [[r.SceneColorFringeQuality:1]]
[2025.07.25-00.45.40:965][  0]LogConfig: Setting CVar [[r.EyeAdaptationQuality:2]]
[2025.07.25-00.45.40:965][  0]LogConfig: Setting CVar [[r.BloomQuality:5]]
[2025.07.25-00.45.40:965][  0]LogConfig: Setting CVar [[r.FastBlurThreshold:100]]
[2025.07.25-00.45.40:965][  0]LogConfig: Setting CVar [[r.Upscale.Quality:3]]
[2025.07.25-00.45.40:965][  0]LogConfig: Setting CVar [[r.Tonemapper.GrainQuantization:1]]
[2025.07.25-00.45.40:965][  0]LogConfig: Setting CVar [[r.LightShaftQuality:1]]
[2025.07.25-00.45.40:965][  0]LogConfig: Setting CVar [[r.Filter.SizeScale:1]]
[2025.07.25-00.45.40:965][  0]LogConfig: Setting CVar [[r.Tonemapper.Quality:5]]
[2025.07.25-00.45.40:965][  0]LogConfig: Setting CVar [[r.DOF.Gather.AccumulatorQuality:1        ; higher gathering accumulator quality]]
[2025.07.25-00.45.40:965][  0]LogConfig: Setting CVar [[r.DOF.Gather.PostfilterMethod:1          ; Median3x3 postfilering method]]
[2025.07.25-00.45.40:965][  0]LogConfig: Setting CVar [[r.DOF.Gather.EnableBokehSettings:0       ; no bokeh simulation when gathering]]
[2025.07.25-00.45.40:965][  0]LogConfig: Setting CVar [[r.DOF.Gather.RingCount:4                 ; medium number of samples when gathering]]
[2025.07.25-00.45.40:965][  0]LogConfig: Setting CVar [[r.DOF.Scatter.ForegroundCompositing:1    ; additive foreground scattering]]
[2025.07.25-00.45.40:965][  0]LogConfig: Setting CVar [[r.DOF.Scatter.BackgroundCompositing:2    ; additive background scattering]]
[2025.07.25-00.45.40:965][  0]LogConfig: Setting CVar [[r.DOF.Scatter.EnableBokehSettings:1      ; bokeh simulation when scattering]]
[2025.07.25-00.45.40:965][  0]LogConfig: Setting CVar [[r.DOF.Scatter.MaxSpriteRatio:0.1         ; only a maximum of 10% of scattered bokeh]]
[2025.07.25-00.45.40:965][  0]LogConfig: Setting CVar [[r.DOF.Recombine.Quality:1                ; cheap slight out of focus]]
[2025.07.25-00.45.40:965][  0]LogConfig: Setting CVar [[r.DOF.Recombine.EnableBokehSettings:0    ; no bokeh simulation on slight out of focus]]
[2025.07.25-00.45.40:965][  0]LogConfig: Setting CVar [[r.DOF.TemporalAAQuality:1                ; more stable temporal accumulation]]
[2025.07.25-00.45.40:965][  0]LogConfig: Setting CVar [[r.DOF.Kernel.MaxForegroundRadius:0.025]]
[2025.07.25-00.45.40:965][  0]LogConfig: Setting CVar [[r.DOF.Kernel.MaxBackgroundRadius:0.025]]
[2025.07.25-00.45.40:965][  0]LogConfig: Applying CVar settings from Section [TextureQuality@3] File [D:/UTN-e-learning/Unreal-Engine/Unreal-Projects/TP_PreEntrega/Saved/Config/Windows/Scalability.ini]
[2025.07.25-00.45.40:965][  0]LogConfig: Setting CVar [[r.Streaming.MipBias:0]]
[2025.07.25-00.45.40:965][  0]LogConfig: Setting CVar [[r.Streaming.AmortizeCPUToGPUCopy:0]]
[2025.07.25-00.45.40:965][  0]LogConfig: Setting CVar [[r.Streaming.MaxNumTexturesToStreamPerFrame:0]]
[2025.07.25-00.45.40:965][  0]LogConfig: Setting CVar [[r.Streaming.Boost:1]]
[2025.07.25-00.45.40:965][  0]LogConfig: Setting CVar [[r.MaxAnisotropy:8]]
[2025.07.25-00.45.40:965][  0]LogConfig: Setting CVar [[r.VT.MaxAnisotropy:8]]
[2025.07.25-00.45.40:965][  0]LogConfig: Setting CVar [[r.Streaming.LimitPoolSizeToVRAM:0]]
[2025.07.25-00.45.40:965][  0]LogConfig: Setting CVar [[r.Streaming.PoolSize:1000]]
[2025.07.25-00.45.40:965][  0]LogConfig: Setting CVar [[r.Streaming.MaxEffectiveScreenSize:0]]
[2025.07.25-00.45.40:965][  0]LogConfig: Applying CVar settings from Section [EffectsQuality@3] File [D:/UTN-e-learning/Unreal-Engine/Unreal-Projects/TP_PreEntrega/Saved/Config/Windows/Scalability.ini]
[2025.07.25-00.45.40:965][  0]LogConfig: Setting CVar [[r.TranslucencyLightingVolumeDim:64]]
[2025.07.25-00.45.40:965][  0]LogConfig: Setting CVar [[r.RefractionQuality:2]]
[2025.07.25-00.45.40:965][  0]LogConfig: Setting CVar [[r.SSR.Quality:3]]
[2025.07.25-00.45.40:965][  0]LogConfig: Setting CVar [[r.SSR.HalfResSceneColor:0]]
[2025.07.25-00.45.40:965][  0]LogConfig: Setting CVar [[r.SceneColorFormat:4]]
[2025.07.25-00.45.40:965][  0]LogConfig: Setting CVar [[r.DetailMode:2]]
[2025.07.25-00.45.40:965][  0]LogConfig: Setting CVar [[r.TranslucencyVolumeBlur:1]]
[2025.07.25-00.45.40:965][  0]LogConfig: Setting CVar [[r.MaterialQualityLevel:1 ; High quality]]
[2025.07.25-00.45.40:965][  0]LogConfig: Setting CVar [[r.AnisotropicMaterials:1]]
[2025.07.25-00.45.40:965][  0]LogConfig: Setting CVar [[r.SSS.Scale:1]]
[2025.07.25-00.45.40:965][  0]LogConfig: Setting CVar [[r.SSS.SampleSet:2]]
[2025.07.25-00.45.40:965][  0]LogConfig: Setting CVar [[r.SSS.Quality:1]]
[2025.07.25-00.45.40:965][  0]LogConfig: Setting CVar [[r.SSS.HalfRes:0]]
[2025.07.25-00.45.40:965][  0]LogConfig: Setting CVar [[r.SSGI.Quality:3]]
[2025.07.25-00.45.40:965][  0]LogConfig: Setting CVar [[r.EmitterSpawnRateScale:1.0]]
[2025.07.25-00.45.40:965][  0]LogConfig: Setting CVar [[r.ParticleLightQuality:2]]
[2025.07.25-00.45.40:965][  0]LogConfig: Setting CVar [[r.SkyAtmosphere.AerialPerspectiveLUT.FastApplyOnOpaque:1 ; Always have FastSkyLUT 1 in this case to avoid wrong sky]]
[2025.07.25-00.45.40:965][  0]LogConfig: Setting CVar [[r.SkyAtmosphere.AerialPerspectiveLUT.SampleCountMaxPerSlice:4]]
[2025.07.25-00.45.40:965][  0]LogConfig: Setting CVar [[r.SkyAtmosphere.AerialPerspectiveLUT.DepthResolution:16.0]]
[2025.07.25-00.45.40:965][  0]LogConfig: Setting CVar [[r.SkyAtmosphere.FastSkyLUT:1]]
[2025.07.25-00.45.40:965][  0]LogConfig: Setting CVar [[r.SkyAtmosphere.FastSkyLUT.SampleCountMin:4.0]]
[2025.07.25-00.45.40:965][  0]LogConfig: Setting CVar [[r.SkyAtmosphere.FastSkyLUT.SampleCountMax:128.0]]
[2025.07.25-00.45.40:965][  0]LogConfig: Setting CVar [[r.SkyAtmosphere.SampleCountMin:4.0]]
[2025.07.25-00.45.40:965][  0]LogConfig: Setting CVar [[r.SkyAtmosphere.SampleCountMax:128.0]]
[2025.07.25-00.45.40:965][  0]LogConfig: Setting CVar [[r.SkyAtmosphere.TransmittanceLUT.UseSmallFormat:0]]
[2025.07.25-00.45.40:965][  0]LogConfig: Setting CVar [[r.SkyAtmosphere.TransmittanceLUT.SampleCount:10.0]]
[2025.07.25-00.45.40:965][  0]LogConfig: Setting CVar [[r.SkyAtmosphere.MultiScatteringLUT.SampleCount:15.0]]
[2025.07.25-00.45.40:965][  0]LogConfig: Setting CVar [[r.SkyLight.RealTimeReflectionCapture:1]]
[2025.07.25-00.45.40:965][  0]LogConfig: Setting CVar [[fx.Niagara.QualityLevel:3]]
[2025.07.25-00.45.40:965][  0]LogConfig: Applying CVar settings from Section [FoliageQuality@3] File [D:/UTN-e-learning/Unreal-Engine/Unreal-Projects/TP_PreEntrega/Saved/Config/Windows/Scalability.ini]
[2025.07.25-00.45.40:965][  0]LogConfig: Setting CVar [[foliage.DensityScale:1.0]]
[2025.07.25-00.45.40:965][  0]LogConfig: Setting CVar [[grass.DensityScale:1.0]]
[2025.07.25-00.45.40:965][  0]LogConfig: Applying CVar settings from Section [ShadingQuality@3] File [D:/UTN-e-learning/Unreal-Engine/Unreal-Projects/TP_PreEntrega/Saved/Config/Windows/Scalability.ini]
[2025.07.25-00.45.40:965][  0]LogConfig: Setting CVar [[r.HairStrands.SkyLighting.IntegrationType:2]]
[2025.07.25-00.45.40:965][  0]LogConfig: Setting CVar [[r.HairStrands.SkyAO.SampleCount:4]]
[2025.07.25-00.45.40:965][  0]LogConfig: Setting CVar [[r.HairStrands.Visibility.MSAA.SamplePerPixel:4]]
[2025.07.25-00.45.40:965][  0]LogConfig: Setting CVar [[r.HairStrands.Interpolation.UseSingleGuide:0]]
[2025.07.25-00.45.40:965][  0]LogInit: Selected Device Profile: [Windows]
[2025.07.25-00.45.40:966][  0]LogInit: Applying CVar settings loaded from the selected device profile: [Windows]
[2025.07.25-00.45.40:966][  0]LogHAL: Display: Platform has ~ 32 GB [34200604672 / 34359738368 / 32], which maps to Largest [LargestMinGB=32, LargerMinGB=12, DefaultMinGB=8, SmallerMinGB=6, SmallestMinGB=0)
[2025.07.25-00.45.40:966][  0]LogInit: Going up to parent DeviceProfile []
[2025.07.25-00.45.40:966][  0]LogConfig: Applying CVar settings from Section [ViewDistanceQuality@3] File [D:/UTN-e-learning/Unreal-Engine/Unreal-Projects/TP_PreEntrega/Saved/Config/Windows/Scalability.ini]
[2025.07.25-00.45.40:966][  0]LogConfig: Setting CVar [[r.SkeletalMeshLODBias:0]]
[2025.07.25-00.45.40:966][  0]LogConfig: Setting CVar [[r.ViewDistanceScale:1.0]]
[2025.07.25-00.45.40:966][  0]LogConfig: Applying CVar settings from Section [AntiAliasingQuality@3] File [D:/UTN-e-learning/Unreal-Engine/Unreal-Projects/TP_PreEntrega/Saved/Config/Windows/Scalability.ini]
[2025.07.25-00.45.40:966][  0]LogConfig: Setting CVar [[r.PostProcessAAQuality:4]]
[2025.07.25-00.45.40:966][  0]LogConfig: Applying CVar settings from Section [ShadowQuality@3] File [D:/UTN-e-learning/Unreal-Engine/Unreal-Projects/TP_PreEntrega/Saved/Config/Windows/Scalability.ini]
[2025.07.25-00.45.40:966][  0]LogConfig: Setting CVar [[r.LightFunctionQuality:1]]
[2025.07.25-00.45.40:966][  0]LogConfig: Setting CVar [[r.ShadowQuality:5]]
[2025.07.25-00.45.40:966][  0]LogConfig: Setting CVar [[r.Shadow.CSM.MaxCascades:10]]
[2025.07.25-00.45.40:966][  0]LogConfig: Setting CVar [[r.Shadow.MaxResolution:2048]]
[2025.07.25-00.45.40:966][  0]LogConfig: Setting CVar [[r.Shadow.MaxCSMResolution:2048]]
[2025.07.25-00.45.40:966][  0]LogConfig: Setting CVar [[r.Shadow.RadiusThreshold:0.01]]
[2025.07.25-00.45.40:966][  0]LogConfig: Setting CVar [[r.Shadow.DistanceScale:1.0]]
[2025.07.25-00.45.40:966][  0]LogConfig: Setting CVar [[r.Shadow.CSM.TransitionScale:1.0]]
[2025.07.25-00.45.40:966][  0]LogConfig: Setting CVar [[r.Shadow.PreShadowResolutionFactor:1.0]]
[2025.07.25-00.45.40:966][  0]LogConfig: Setting CVar [[r.DistanceFieldShadowing:1]]
[2025.07.25-00.45.40:966][  0]LogConfig: Setting CVar [[r.DistanceFieldAO:1]]
[2025.07.25-00.45.40:966][  0]LogConfig: Setting CVar [[r.AOQuality:2]]
[2025.07.25-00.45.40:966][  0]LogConfig: Setting CVar [[r.VolumetricFog:1]]
[2025.07.25-00.45.40:966][  0]LogConfig: Setting CVar [[r.VolumetricFog.GridPixelSize:8]]
[2025.07.25-00.45.40:966][  0]LogConfig: Setting CVar [[r.VolumetricFog.GridSizeZ:128]]
[2025.07.25-00.45.40:966][  0]LogConfig: Setting CVar [[r.VolumetricFog.HistoryMissSupersampleCount:4]]
[2025.07.25-00.45.40:966][  0]LogConfig: Setting CVar [[r.LightMaxDrawDistanceScale:1]]
[2025.07.25-00.45.40:966][  0]LogConfig: Setting CVar [[r.CapsuleShadows:1]]
[2025.07.25-00.45.40:966][  0]LogConfig: Applying CVar settings from Section [PostProcessQuality@3] File [D:/UTN-e-learning/Unreal-Engine/Unreal-Projects/TP_PreEntrega/Saved/Config/Windows/Scalability.ini]
[2025.07.25-00.45.40:966][  0]LogConfig: Setting CVar [[r.MotionBlurQuality:4]]
[2025.07.25-00.45.40:966][  0]LogConfig: Setting CVar [[r.AmbientOcclusionMipLevelFactor:0.4]]
[2025.07.25-00.45.40:966][  0]LogConfig: Setting CVar [[r.AmbientOcclusionMaxQuality:100]]
[2025.07.25-00.45.40:966][  0]LogConfig: Setting CVar [[r.AmbientOcclusionLevels:-1]]
[2025.07.25-00.45.40:966][  0]LogConfig: Setting CVar [[r.AmbientOcclusionRadiusScale:1.0]]
[2025.07.25-00.45.40:966][  0]LogConfig: Setting CVar [[r.DepthOfFieldQuality:2]]
[2025.07.25-00.45.40:966][  0]LogConfig: Setting CVar [[r.RenderTargetPoolMin:400]]
[2025.07.25-00.45.40:966][  0]LogConfig: Setting CVar [[r.LensFlareQuality:2]]
[2025.07.25-00.45.40:966][  0]LogConfig: Setting CVar [[r.SceneColorFringeQuality:1]]
[2025.07.25-00.45.40:966][  0]LogConfig: Setting CVar [[r.EyeAdaptationQuality:2]]
[2025.07.25-00.45.40:966][  0]LogConfig: Setting CVar [[r.BloomQuality:5]]
[2025.07.25-00.45.40:966][  0]LogConfig: Setting CVar [[r.FastBlurThreshold:100]]
[2025.07.25-00.45.40:966][  0]LogConfig: Setting CVar [[r.Upscale.Quality:3]]
[2025.07.25-00.45.40:966][  0]LogConfig: Setting CVar [[r.Tonemapper.GrainQuantization:1]]
[2025.07.25-00.45.40:966][  0]LogConfig: Setting CVar [[r.LightShaftQuality:1]]
[2025.07.25-00.45.40:966][  0]LogConfig: Setting CVar [[r.Filter.SizeScale:1]]
[2025.07.25-00.45.40:966][  0]LogConfig: Setting CVar [[r.Tonemapper.Quality:5]]
[2025.07.25-00.45.40:966][  0]LogConfig: Setting CVar [[r.DOF.Gather.AccumulatorQuality:1        ; higher gathering accumulator quality]]
[2025.07.25-00.45.40:966][  0]LogConfig: Setting CVar [[r.DOF.Gather.PostfilterMethod:1          ; Median3x3 postfilering method]]
[2025.07.25-00.45.40:966][  0]LogConfig: Setting CVar [[r.DOF.Gather.EnableBokehSettings:0       ; no bokeh simulation when gathering]]
[2025.07.25-00.45.40:966][  0]LogConfig: Setting CVar [[r.DOF.Gather.RingCount:4                 ; medium number of samples when gathering]]
[2025.07.25-00.45.40:966][  0]LogConfig: Setting CVar [[r.DOF.Scatter.ForegroundCompositing:1    ; additive foreground scattering]]
[2025.07.25-00.45.40:966][  0]LogConfig: Setting CVar [[r.DOF.Scatter.BackgroundCompositing:2    ; additive background scattering]]
[2025.07.25-00.45.40:966][  0]LogConfig: Setting CVar [[r.DOF.Scatter.EnableBokehSettings:1      ; bokeh simulation when scattering]]
[2025.07.25-00.45.40:966][  0]LogConfig: Setting CVar [[r.DOF.Scatter.MaxSpriteRatio:0.1         ; only a maximum of 10% of scattered bokeh]]
[2025.07.25-00.45.40:966][  0]LogConfig: Setting CVar [[r.DOF.Recombine.Quality:1                ; cheap slight out of focus]]
[2025.07.25-00.45.40:966][  0]LogConfig: Setting CVar [[r.DOF.Recombine.EnableBokehSettings:0    ; no bokeh simulation on slight out of focus]]
[2025.07.25-00.45.40:966][  0]LogConfig: Setting CVar [[r.DOF.TemporalAAQuality:1                ; more stable temporal accumulation]]
[2025.07.25-00.45.40:966][  0]LogConfig: Setting CVar [[r.DOF.Kernel.MaxForegroundRadius:0.025]]
[2025.07.25-00.45.40:966][  0]LogConfig: Setting CVar [[r.DOF.Kernel.MaxBackgroundRadius:0.025]]
[2025.07.25-00.45.40:966][  0]LogConfig: Applying CVar settings from Section [TextureQuality@3] File [D:/UTN-e-learning/Unreal-Engine/Unreal-Projects/TP_PreEntrega/Saved/Config/Windows/Scalability.ini]
[2025.07.25-00.45.40:966][  0]LogConfig: Setting CVar [[r.Streaming.MipBias:0]]
[2025.07.25-00.45.40:966][  0]LogConfig: Setting CVar [[r.Streaming.AmortizeCPUToGPUCopy:0]]
[2025.07.25-00.45.40:966][  0]LogConfig: Setting CVar [[r.Streaming.MaxNumTexturesToStreamPerFrame:0]]
[2025.07.25-00.45.40:966][  0]LogConfig: Setting CVar [[r.Streaming.Boost:1]]
[2025.07.25-00.45.40:966][  0]LogConfig: Setting CVar [[r.MaxAnisotropy:8]]
[2025.07.25-00.45.40:966][  0]LogConfig: Setting CVar [[r.VT.MaxAnisotropy:8]]
[2025.07.25-00.45.40:966][  0]LogConfig: Setting CVar [[r.Streaming.LimitPoolSizeToVRAM:0]]
[2025.07.25-00.45.40:966][  0]LogConfig: Setting CVar [[r.Streaming.PoolSize:1000]]
[2025.07.25-00.45.40:966][  0]LogConfig: Setting CVar [[r.Streaming.MaxEffectiveScreenSize:0]]
[2025.07.25-00.45.40:966][  0]LogConfig: Applying CVar settings from Section [EffectsQuality@3] File [D:/UTN-e-learning/Unreal-Engine/Unreal-Projects/TP_PreEntrega/Saved/Config/Windows/Scalability.ini]
[2025.07.25-00.45.40:966][  0]LogConfig: Setting CVar [[r.TranslucencyLightingVolumeDim:64]]
[2025.07.25-00.45.40:966][  0]LogConfig: Setting CVar [[r.RefractionQuality:2]]
[2025.07.25-00.45.40:966][  0]LogConfig: Setting CVar [[r.SSR.Quality:3]]
[2025.07.25-00.45.40:966][  0]LogConfig: Setting CVar [[r.SSR.HalfResSceneColor:0]]
[2025.07.25-00.45.40:966][  0]LogConfig: Setting CVar [[r.SceneColorFormat:4]]
[2025.07.25-00.45.40:966][  0]LogConfig: Setting CVar [[r.DetailMode:2]]
[2025.07.25-00.45.40:966][  0]LogConfig: Setting CVar [[r.TranslucencyVolumeBlur:1]]
[2025.07.25-00.45.40:966][  0]LogConfig: Setting CVar [[r.MaterialQualityLevel:1 ; High quality]]
[2025.07.25-00.45.40:966][  0]LogConfig: Setting CVar [[r.AnisotropicMaterials:1]]
[2025.07.25-00.45.40:966][  0]LogConfig: Setting CVar [[r.SSS.Scale:1]]
[2025.07.25-00.45.40:966][  0]LogConfig: Setting CVar [[r.SSS.SampleSet:2]]
[2025.07.25-00.45.40:966][  0]LogConfig: Setting CVar [[r.SSS.Quality:1]]
[2025.07.25-00.45.40:966][  0]LogConfig: Setting CVar [[r.SSS.HalfRes:0]]
[2025.07.25-00.45.40:966][  0]LogConfig: Setting CVar [[r.SSGI.Quality:3]]
[2025.07.25-00.45.40:966][  0]LogConfig: Setting CVar [[r.EmitterSpawnRateScale:1.0]]
[2025.07.25-00.45.40:966][  0]LogConfig: Setting CVar [[r.ParticleLightQuality:2]]
[2025.07.25-00.45.40:966][  0]LogConfig: Setting CVar [[r.SkyAtmosphere.AerialPerspectiveLUT.FastApplyOnOpaque:1 ; Always have FastSkyLUT 1 in this case to avoid wrong sky]]
[2025.07.25-00.45.40:966][  0]LogConfig: Setting CVar [[r.SkyAtmosphere.AerialPerspectiveLUT.SampleCountMaxPerSlice:4]]
[2025.07.25-00.45.40:966][  0]LogConfig: Setting CVar [[r.SkyAtmosphere.AerialPerspectiveLUT.DepthResolution:16.0]]
[2025.07.25-00.45.40:966][  0]LogConfig: Setting CVar [[r.SkyAtmosphere.FastSkyLUT:1]]
[2025.07.25-00.45.40:966][  0]LogConfig: Setting CVar [[r.SkyAtmosphere.FastSkyLUT.SampleCountMin:4.0]]
[2025.07.25-00.45.40:966][  0]LogConfig: Setting CVar [[r.SkyAtmosphere.FastSkyLUT.SampleCountMax:128.0]]
[2025.07.25-00.45.40:966][  0]LogConfig: Setting CVar [[r.SkyAtmosphere.SampleCountMin:4.0]]
[2025.07.25-00.45.40:966][  0]LogConfig: Setting CVar [[r.SkyAtmosphere.SampleCountMax:128.0]]
[2025.07.25-00.45.40:966][  0]LogConfig: Setting CVar [[r.SkyAtmosphere.TransmittanceLUT.UseSmallFormat:0]]
[2025.07.25-00.45.40:966][  0]LogConfig: Setting CVar [[r.SkyAtmosphere.TransmittanceLUT.SampleCount:10.0]]
[2025.07.25-00.45.40:966][  0]LogConfig: Setting CVar [[r.SkyAtmosphere.MultiScatteringLUT.SampleCount:15.0]]
[2025.07.25-00.45.40:966][  0]LogConfig: Setting CVar [[r.SkyLight.RealTimeReflectionCapture:1]]
[2025.07.25-00.45.40:966][  0]LogConfig: Setting CVar [[fx.Niagara.QualityLevel:3]]
[2025.07.25-00.45.40:966][  0]LogConfig: Applying CVar settings from Section [FoliageQuality@3] File [D:/UTN-e-learning/Unreal-Engine/Unreal-Projects/TP_PreEntrega/Saved/Config/Windows/Scalability.ini]
[2025.07.25-00.45.40:966][  0]LogConfig: Setting CVar [[foliage.DensityScale:1.0]]
[2025.07.25-00.45.40:966][  0]LogConfig: Setting CVar [[grass.DensityScale:1.0]]
[2025.07.25-00.45.40:966][  0]LogConfig: Applying CVar settings from Section [ShadingQuality@3] File [D:/UTN-e-learning/Unreal-Engine/Unreal-Projects/TP_PreEntrega/Saved/Config/Windows/Scalability.ini]
[2025.07.25-00.45.40:966][  0]LogConfig: Setting CVar [[r.HairStrands.SkyLighting.IntegrationType:2]]
[2025.07.25-00.45.40:966][  0]LogConfig: Setting CVar [[r.HairStrands.SkyAO.SampleCount:4]]
[2025.07.25-00.45.40:967][  0]LogConfig: Setting CVar [[r.HairStrands.Visibility.MSAA.SamplePerPixel:4]]
[2025.07.25-00.45.40:967][  0]LogConfig: Setting CVar [[r.HairStrands.Interpolation.UseSingleGuide:0]]
[2025.07.25-00.45.40:967][  0]LogConfig: Applying CVar settings from Section [Startup] File [../../../Engine/Config/ConsoleVariables.ini]
[2025.07.25-00.45.40:967][  0]LogConfig: Setting CVar [[net.UseAdaptiveNetUpdateFrequency:0]]
[2025.07.25-00.45.40:967][  0]LogConfig: Setting CVar [[p.chaos.AllowCreatePhysxBodies:1]]
[2025.07.25-00.45.40:967][  0]LogConfig: Setting CVar [[fx.SkipVectorVMBackendOptimizations:1]]
[2025.07.25-00.45.40:967][  0]LogConfig: Applying CVar settings from Section [ConsoleVariables] File [D:/UTN-e-learning/Unreal-Engine/Unreal-Projects/TP_PreEntrega/Saved/Config/Windows/Engine.ini]
[2025.07.25-00.45.40:967][  0]LogConfig: Applying CVar settings from Section [ConsoleVariables] File [D:/UTN-e-learning/Unreal-Engine/Unreal-Projects/TP_PreEntrega/Saved/Config/Windows/Editor.ini]
[2025.07.25-00.45.40:967][  0]LogInit: Computer: LAPTOP-AHL2VAE2
[2025.07.25-00.45.40:967][  0]LogInit: User: ezequ
[2025.07.25-00.45.40:967][  0]LogInit: CPU Page size=4096, Cores=4
[2025.07.25-00.45.40:967][  0]LogInit: High frequency timer resolution =10.000000 MHz
[2025.07.25-00.45.40:967][  0]LogMemory: Memory total: Physical=31.9GB (32GB approx)
[2025.07.25-00.45.40:967][  0]LogMemory: Platform Memory Stats for Windows
[2025.07.25-00.45.40:967][  0]LogMemory: Process Physical Memory: 149.51 MB used, 149.51 MB peak
[2025.07.25-00.45.40:967][  0]LogMemory: Process Virtual Memory: 117.47 MB used, 117.47 MB peak
[2025.07.25-00.45.40:967][  0]LogMemory: Physical Memory: 15328.28 MB used,  17287.96 MB free, 32616.24 MB total
[2025.07.25-00.45.40:967][  0]LogMemory: Virtual Memory: 134189864.00 MB used,  27867.05 MB free, 134217728.00 MB total
[2025.07.25-00.45.40:978][  0]LogWindows: WindowsPlatformFeatures enabled
[2025.07.25-00.45.41:152][  0]LogInit: Physics initialised using underlying interface: PhysX
[2025.07.25-00.45.41:156][  0]LogInit: Overriding language with editor language configuration option (en).
[2025.07.25-00.45.41:156][  0]LogInit: Overriding language with editor locale configuration option (en).
[2025.07.25-00.45.41:385][  0]LogInit: Setting process to per monitor DPI aware
[2025.07.25-00.45.41:403][  0]LogWindowsTextInputMethodSystem: Display: IME system deactivated.
[2025.07.25-00.45.41:428][  0]LogSlate: New Slate User Created.  User Index 0, Is Virtual User: 0
[2025.07.25-00.45.41:428][  0]LogSlate: Slate User Registered.  User Index 0, Is Virtual User: 0
[2025.07.25-00.45.41:666][  0]LogD3D11RHI: Loaded GFSDK_Aftermath_Lib.x64.dll
[2025.07.25-00.45.41:671][  0]LogHMD: Failed to initialize OpenVR with code 110
[2025.07.25-00.45.41:671][  0]LogD3D11RHI: D3D11 min allowed feature level: 11_0
[2025.07.25-00.45.41:671][  0]LogD3D11RHI: D3D11 max allowed feature level: 11_0
[2025.07.25-00.45.41:671][  0]LogD3D11RHI: D3D11 adapters:
[2025.07.25-00.45.41:773][  0]LogD3D11RHI:    0. 'NVIDIA GeForce GTX 1050' (Feature Level 11_0)
[2025.07.25-00.45.41:773][  0]LogD3D11RHI:       2996/0/16308 MB DedicatedVideo/DedicatedSystem/SharedSystem, Outputs:1, VendorId:0x10de
[2025.07.25-00.45.41:809][  0]LogD3D11RHI:    1. 'Intel(R) UHD Graphics 630' (Feature Level 11_0)
[2025.07.25-00.45.41:809][  0]LogD3D11RHI:       128/0/16308 MB DedicatedVideo/DedicatedSystem/SharedSystem, Outputs:1, VendorId:0x8086
[2025.07.25-00.45.41:813][  0]LogD3D11RHI:    2. 'Microsoft Basic Render Driver' (Feature Level 11_0)
[2025.07.25-00.45.41:813][  0]LogD3D11RHI:       0/0/16308 MB DedicatedVideo/DedicatedSystem/SharedSystem, Outputs:0, VendorId:0x1414
[2025.07.25-00.45.41:813][  0]LogD3D11RHI: Chosen D3D11 Adapter:
[2025.07.25-00.45.41:813][  0]LogD3D11RHI:     Description : NVIDIA GeForce GTX 1050
[2025.07.25-00.45.41:813][  0]LogD3D11RHI:     VendorId    : 10de
[2025.07.25-00.45.41:813][  0]LogD3D11RHI:     DeviceId    : 1c91
[2025.07.25-00.45.41:813][  0]LogD3D11RHI:     SubSysId    : 13321025
[2025.07.25-00.45.41:813][  0]LogD3D11RHI:     Revision    : 00a1
[2025.07.25-00.45.41:813][  0]LogD3D11RHI:     DedicatedVideoMemory : 3141533696 bytes
[2025.07.25-00.45.41:813][  0]LogD3D11RHI:     DedicatedSystemMemory : 0 bytes
[2025.07.25-00.45.41:813][  0]LogD3D11RHI:     SharedSystemMemory : 17100302336 bytes
[2025.07.25-00.45.41:813][  0]LogD3D11RHI:     AdapterLuid : 0 88273
[2025.07.25-00.45.41:824][  0]LogD3D11RHI: Creating new Direct3DDevice
[2025.07.25-00.45.41:824][  0]LogD3D11RHI:     GPU DeviceId: 0x1c91 (for the marketing name, search the web for "GPU Device Id")
[2025.07.25-00.45.41:824][  0]LogWindows: EnumDisplayDevices:
[2025.07.25-00.45.41:824][  0]LogWindows:    0. 'Intel(R) UHD Graphics 630' (P:0 D:1)
[2025.07.25-00.45.41:824][  0]LogWindows:    1. 'Intel(R) UHD Graphics 630' (P:0 D:0)
[2025.07.25-00.45.41:824][  0]LogWindows:    2. 'Intel(R) UHD Graphics 630' (P:0 D:0)
[2025.07.25-00.45.41:826][  0]LogWindows:    3. 'NVIDIA GeForce GTX 1050' (P:1 D:1)
[2025.07.25-00.45.41:826][  0]LogWindows: DebugString: PrimaryIsNotTheChoosenAdapter PrimaryIsNotTheChoosenAdapter PrimaryIsNotTheChoosenAdapter 
[2025.07.25-00.45.41:826][  0]LogD3D11RHI:     Adapter Name: NVIDIA GeForce GTX 1050
[2025.07.25-00.45.41:826][  0]LogD3D11RHI:   Driver Version: 451.67 (internal:27.21.14.5167, unified:451.67)
[2025.07.25-00.45.41:826][  0]LogD3D11RHI:      Driver Date: 7-5-2020
[2025.07.25-00.45.41:826][  0]LogRHI: Texture pool is 2097 MB (70% of 2996 MB)
[2025.07.25-00.45.41:826][  0]LogD3D11RHI: Creating D3DDevice using adapter:
[2025.07.25-00.45.41:826][  0]LogD3D11RHI:     Description : NVIDIA GeForce GTX 1050
[2025.07.25-00.45.41:826][  0]LogD3D11RHI:     VendorId    : 10de
[2025.07.25-00.45.41:826][  0]LogD3D11RHI:     DeviceId    : 1c91
[2025.07.25-00.45.41:826][  0]LogD3D11RHI:     SubSysId    : 13321025
[2025.07.25-00.45.41:826][  0]LogD3D11RHI:     Revision    : 00a1
[2025.07.25-00.45.41:826][  0]LogD3D11RHI:     DedicatedVideoMemory : 3141533696 bytes
[2025.07.25-00.45.41:826][  0]LogD3D11RHI:     DedicatedSystemMemory : 0 bytes
[2025.07.25-00.45.41:826][  0]LogD3D11RHI:     SharedSystemMemory : 17100302336 bytes
[2025.07.25-00.45.41:826][  0]LogD3D11RHI:     AdapterLuid : 0 88273
[2025.07.25-00.45.41:886][  0]LogD3D11RHI: RHI has support for 64 bit atomics
[2025.07.25-00.45.41:886][  0]LogD3D11RHI: Async texture creation enabled
[2025.07.25-00.45.41:886][  0]LogD3D11RHI: Array index from any shader is supported
[2025.07.25-00.45.41:906][  0]LogD3D11RHI: GPU Timing Frequency: 1000.000000 (Debug: 2 1)
[2025.07.25-00.45.41:991][  0]LogRHI: GeForceNow SDK initialized: 1
[2025.07.25-00.45.42:868][  0]LogTargetPlatformManager: Display: Loaded TargetPlatform 'AllDesktop'
[2025.07.25-00.45.42:907][  0]LogTargetPlatformManager: Display: Loaded TargetPlatform 'Android'
[2025.07.25-00.45.42:907][  0]LogTargetPlatformManager: Display: Loaded TargetPlatform 'Android_ASTC'
[2025.07.25-00.45.42:907][  0]LogTargetPlatformManager: Display: Loaded TargetPlatform 'Android_DXT'
[2025.07.25-00.45.42:907][  0]LogTargetPlatformManager: Display: Loaded TargetPlatform 'Android_ETC2'
[2025.07.25-00.45.42:907][  0]LogTargetPlatformManager: Display: Loaded TargetPlatform 'AndroidClient'
[2025.07.25-00.45.42:907][  0]LogTargetPlatformManager: Display: Loaded TargetPlatform 'Android_ASTCClient'
[2025.07.25-00.45.42:907][  0]LogTargetPlatformManager: Display: Loaded TargetPlatform 'Android_DXTClient'
[2025.07.25-00.45.42:907][  0]LogTargetPlatformManager: Display: Loaded TargetPlatform 'Android_ETC2Client'
[2025.07.25-00.45.42:907][  0]LogTargetPlatformManager: Display: Loaded TargetPlatform 'Android_Multi'
[2025.07.25-00.45.42:907][  0]LogTargetPlatformManager: Display: Loaded TargetPlatform 'Android_MultiClient'
[2025.07.25-00.45.42:950][  0]LogTargetPlatformManager: Display: Loaded TargetPlatform 'IOSClient'
[2025.07.25-00.45.42:950][  0]LogTargetPlatformManager: Display: Loaded TargetPlatform 'IOS'
[2025.07.25-00.45.42:969][  0]LogTargetPlatformManager: Display: Loaded TargetPlatform 'Linux'
[2025.07.25-00.45.42:981][  0]LogTargetPlatformManager: Display: Loaded TargetPlatform 'LinuxNoEditor'
[2025.07.25-00.45.42:993][  0]LogTargetPlatformManager: Display: Loaded TargetPlatform 'LinuxClient'
[2025.07.25-00.45.43:005][  0]LogTargetPlatformManager: Display: Loaded TargetPlatform 'LinuxServer'
[2025.07.25-00.45.43:022][  0]LogTargetPlatformManager: Display: Loaded TargetPlatform 'LinuxAArch64NoEditor'
[2025.07.25-00.45.43:035][  0]LogTargetPlatformManager: Display: Loaded TargetPlatform 'LinuxAArch64Client'
[2025.07.25-00.45.43:045][  0]LogTargetPlatformManager: Display: Loaded TargetPlatform 'LinuxAArch64Server'
[2025.07.25-00.45.43:082][  0]LogTargetPlatformManager: Display: Loaded TargetPlatform 'Lumin'
[2025.07.25-00.45.43:082][  0]LogTargetPlatformManager: Display: Loaded TargetPlatform 'LuminClient'
[2025.07.25-00.45.43:099][  0]LogTargetPlatformManager: Display: Loaded TargetPlatform 'MacNoEditor'
[2025.07.25-00.45.43:109][  0]LogTargetPlatformManager: Display: Loaded TargetPlatform 'Mac'
[2025.07.25-00.45.43:120][  0]LogTargetPlatformManager: Display: Loaded TargetPlatform 'MacClient'
[2025.07.25-00.45.43:131][  0]LogTargetPlatformManager: Display: Loaded TargetPlatform 'MacServer'
[2025.07.25-00.45.43:148][  0]LogTargetPlatformManager: Display: Loaded TargetPlatform 'TVOSClient'
[2025.07.25-00.45.43:148][  0]LogTargetPlatformManager: Display: Loaded TargetPlatform 'TVOS'
[2025.07.25-00.45.43:166][  0]LogTargetPlatformManager: Display: Loaded TargetPlatform 'WindowsNoEditor'
[2025.07.25-00.45.43:179][  0]LogTargetPlatformManager: Display: Loaded TargetPlatform 'Windows'
[2025.07.25-00.45.43:191][  0]LogTargetPlatformManager: Display: Loaded TargetPlatform 'WindowsClient'
[2025.07.25-00.45.43:203][  0]LogTargetPlatformManager: Display: Loaded TargetPlatform 'WindowsServer'
[2025.07.25-00.45.43:203][  0]LogTargetPlatformManager: Display: Building Assets For Windows
[2025.07.25-00.45.43:260][  0]LogAudioDebug: Display: Lib vorbis DLL was dynamically loaded.
[2025.07.25-00.45.43:377][  0]LogTextureFormatOodle: Display: Oodle Texture 2.9.0 init RDO Off
[2025.07.25-00.45.43:533][  0]LogRendererCore: Ray tracing is disabled. Reason: r.RayTracing=0.
[2025.07.25-00.45.43:533][  0]LogShaderCompilers: Guid format shader working directory is -28 characters bigger than the processId version (../../../../../UTN-e-learning/Unreal-Engine/Unreal-Projects/TP_PreEntrega/Intermediate/Shaders/WorkingDirectory/25148/).
[2025.07.25-00.45.43:533][  0]LogShaderCompilers: Cleaned the shader compiler working directory 'C:/Users/ezequ/AppData/Local/Temp/UnrealShaderWorkingDir/B7993EDE457BEDFA51A390BE50707BD7/'.
[2025.07.25-00.45.43:533][  0]LogXGEController: Cannot use XGE Controller as Incredibuild is not installed on this machine.
[2025.07.25-00.45.43:533][  0]LogShaderCompilers: Cannot use XGE Shader Compiler as Incredibuild is not installed on this machine.
[2025.07.25-00.45.43:533][  0]LogShaderCompilers: Display: Using Local Shader Compiler.
[2025.07.25-00.45.44:378][  0]LogDerivedDataCache: Display: Max Cache Size: 512 MB
[2025.07.25-00.45.44:438][  0]LogDerivedDataCache: Loaded boot cache 0.06s 97MB C:/Users/ezequ/AppData/Local/UnrealEngine/4.27/DerivedDataCache/Boot.ddc.
[2025.07.25-00.45.44:439][  0]LogDerivedDataCache: Display: Loaded Boot cache: C:/Users/ezequ/AppData/Local/UnrealEngine/4.27/DerivedDataCache/Boot.ddc
[2025.07.25-00.45.44:439][  0]LogDerivedDataCache: FDerivedDataBackendGraph:  Pak pak cache file ../../../../../UTN-e-learning/Unreal-Engine/Unreal-Projects/TP_PreEntrega/DerivedDataCache/DDC.ddp not found, will not use a pak cache.
[2025.07.25-00.45.44:439][  0]LogDerivedDataCache: Unable to find inner node Pak for hierarchical cache Hierarchy.
[2025.07.25-00.45.44:439][  0]LogDerivedDataCache: FDerivedDataBackendGraph:  CompressedPak pak cache file ../../../../../UTN-e-learning/Unreal-Engine/Unreal-Projects/TP_PreEntrega/DerivedDataCache/Compressed.ddp not found, will not use a pak cache.
[2025.07.25-00.45.44:439][  0]LogDerivedDataCache: Unable to find inner node CompressedPak for hierarchical cache Hierarchy.
[2025.07.25-00.45.44:458][  0]LogDerivedDataCache: Display: Pak cache opened for reading ../../../Engine/DerivedDataCache/Compressed.ddp.
[2025.07.25-00.45.44:458][  0]LogDerivedDataCache: FDerivedDataBackendGraph:  EnterprisePak pak cache file ../../../Enterprise/DerivedDataCache/Compressed.ddp not found, will not use a pak cache.
[2025.07.25-00.45.44:458][  0]LogDerivedDataCache: Unable to find inner node EnterprisePak for hierarchical cache Hierarchy.
[2025.07.25-00.45.44:473][  0]LogDerivedDataCache: Speed tests for C:/Users/ezequ/AppData/Local/UnrealEngine/Common/DerivedDataCache took 0.01 seconds
[2025.07.25-00.45.44:473][  0]LogDerivedDataCache: Display: Performance to C:/Users/ezequ/AppData/Local/UnrealEngine/Common/DerivedDataCache: Latency=0.04ms. RandomReadSpeed=541.08MBs, RandomWriteSpeed=75.95MBs. Assigned SpeedClass 'Local'
[2025.07.25-00.45.44:473][  0]LogDerivedDataCache: Using Local data cache path C:/Users/ezequ/AppData/Local/UnrealEngine/Common/DerivedDataCache: Writable
[2025.07.25-00.45.44:473][  0]LogDerivedDataCache: Shared data cache path not found in *engine.ini, will not use an Shared cache.
[2025.07.25-00.45.44:473][  0]LogDerivedDataCache: Unable to find inner node Shared for hierarchical cache Hierarchy.
[2025.07.25-00.45.44:528][  0]LogSlate: Using FreeType 2.10.0
[2025.07.25-00.45.44:528][  0]LogSlate: SlateFontServices - WITH_FREETYPE: 1, WITH_HARFBUZZ: 1
[2025.07.25-00.45.44:568][  0]LogAssetRegistry: FAssetRegistry took 0.0037 seconds to start up
[2025.07.25-00.45.44:887][  0]LogInit: Selected Device Profile: [Windows]
[2025.07.25-00.45.44:887][  0]LogInit: Active device profile: [000002D9CD457B00][000002D9C22A7440 49] Windows
[2025.07.25-00.45.44:887][  0]LogInit: Profiles: [000002D9CD457B00][000002D9C22A7440 49] Windows, [000002D9CD40C600][000002D9C2BDD5C0 49] WindowsNoEditor, [000002D9CD454600][000002D9C2BE1740 49] WindowsServer, [000002D9CD40F300][000002D9C2BE58C0 49] WindowsClient, [000002D9CD457200][000002D9C2BE9A40 49] IOS, [000002D9CD40D000][000002D9C2BEDBC0 49] iPadAir, [000002D9CD454F00][000002D9C2CBE1C0 49] iPadAir2, [000002D9CD3C4300][000002D9C2CC6480 49] IPadPro, [000002D9CD3C3F00][000002D9C2CC24C0 49] iPadAir3, [000002D9CD456D00][000002D9C22AA600 49] iPadAir4, [000002D9CD3C0C00][000002D9C2CCA740 49] iPadMini2, [000002D9CD455300][000002D9C2CCE880 49] iPadMini3, [000002D9CD3C2E00][000002D9C2CD29C0 49] iPadMini4, [000002D9CD456500][000002D9C2CDAB40 49] iPadMini5, [000002D9CD40EB00][000002D9C2CE2E00 49] iPhone6, [000002D9CD40EC00][000002D9C2CDEE40 49] iPodTouch6, [000002D9CD3C1000][000002D9C2CEB100 49] iPhone7, [000002D9CD3C1100][000002D9C2CE7140 49] iPodTouch7, [000002D9CD40C700][000002D9C2CEF2C0 49] iPhone5S, [000002D9CD3C3500][000002D9C2CF3440 49] iPhone6Plus, [000002D9CD40D400][000002D9C2CF75C0 49] iPhone6S, [000002D9CD3C2100][000002D9C2CFB740 49] iPhone6SPlus, [000002D9CD40CB00][000002D9C2CFF8C0 49] iPhone7Plus, [000002D9CD3C0400][000002D9C2D03A40 49] iPhoneSE, [000002D9CD40DB00][000002D9CCFADBC0 49] iPhone8, [000002D9CD3C2600][000002D9CCFB01C0 49] iPhone8Plus, [000002D9CD40C200][000002D9CCFB4340 49] iPhoneX, [000002D9CD3C0200][000002D9CCFB84C0 49] iPhoneXS, [000002D9CD40FA00][000002D9CCFBC640 49] iPhoneXSMax, [000002D9CD3C2400][000002D9CCFC07C0 49] iPhoneXR, [000002D9CD40EA00][000002D9C2CD6900 49] iPhone11, [000002D9CD3C2B00][000002D9CCFC4A40 49] iPhone11Pro, [000002D9CD40CD00][000002D9CCFC8B80 49] iPhone11ProMax, [000002D9CD3C0F00][000002D9CD0A8D00 49] iPhoneSE2, [000002D9CD40C400][000002D9CD0C8E80 49] iPhone12Mini, [000002D9CD3C0100][000002D9CE129000 49] iPhone12, [000002D9CD40F800][000002D9CE1D9180 49] iPhone12Pro, [000002D9CD3C3100][000002D9CE1F1300 49] iPhone12ProMax, [000002D9CD40F400][000002D9CAC23480 49] iPadPro105, [000002D9CD3C2D00][000002D9CAC27600 49] iPadPro129, [000002D9CD40D900][000002D9CAC2B780 49] iPadPro97, [000002D9CD3C2000][000002D9CA92B900 49] iPadPro2_129, [000002D9CD40D600][000002D9CA93BA80 49] iPad5, [000002D9CD3C0500][000002D9CA947C00 49] iPad6, [000002D9CD40E000][000002D9CA95E200 49] iPad7, [000002D9CD3C0D00][000002D9CA962380 49] iPad8, [000002D9CD40D300][000002D9CA966500 49] iPadPro11, [000002D9CD3C2C00][000002D9CA990680 49] iPadPro2_11, [000002D9CD40F500][000002D9CA99C800 49] iPadPro3_129, [000002D9CD3C3E00][000002D9C2B78980 49] iPadPro4_129, [000002D9CD40E500][000002D9CD0A4AC0 49] AppleTV, [000002D9CD3C2500][000002D9C2BC0C00 49] AppleTV4K, [000002D9CD40DF00][000002D9C2210D40 49] TVOS, [000002D9CD3C1A00][000002D9C2268EC0 49] Mac, [000002D9CD40CF00][000002D9C226D040 49] MacClient, [000002D9CD3C1700][000002D9C22711C0 49] MacNoEditor, [000002D9CD40DA00][000002D9C2275340 49] MacServer, [000002D9CD3C2900][000002D9C22794C0 49] Linux, [000002D9CD40DC00][000002D9C227D640 49] LinuxAArch64, [000002D9CD3C3000][000002D9CACD17C0 49] LinuxNoEditor, [000002D9CD40D100][000002D9CACD5940 49] LinuxAArch64NoEditor, [000002D9CD3C2700][000002D9CACD9AC0 49] LinuxClient, [000002D9CD40D700][000002D9CACDC0C0 49] LinuxAArch64Client, [000002D9CD498800][000002D9CE1A0240 49] LinuxServer, [000002D9CD3C4500][000002D9CE5063C0 49] LinuxAArch64Server, [000002D9CD498700][000002D9CE50A540 49] Android, [000002D9CD3C4600][000002D9CE1CC6C0 49] Android_Low, [000002D9CD498100][000002D9CE1D0840 49] Android_Mid, [000002D9CD3C5000][000002D9CF1129C0 49] Android_High, [000002D9CD49A200][000002D9CE2E6B40 49] Android_Default, [000002D9CD3C6B00][000002D9C2264C80 49] Android_Adreno4xx, [000002D9CD498A00][000002D9CEA44DC0 49] Android_Adreno5xx_Low, [000002D9CD3C5600][000002D9CEAA2F00 49] Android_Adreno5xx, [000002D9CD499E00][000002D9CE371040 49] Android_Adreno6xx, [000002D9CD3C6C00][000002D9CE3831C0 49] Android_Adreno6xx_Vulkan, [000002D9CD498D00][000002D9CE387340 49] Android_Mali_T6xx, [000002D9CD3C6900][000002D9CE38B4C0 49] Android_Mali_T7xx, [000002D9CD498E00][000002D9CE38F640 49] Android_Mali_T8xx, [000002D9CD3C7200][000002D9CE3937C0 49] Android_Mali_G71, [000002D9CD499600][000002D9CE397940 49] Android_Mali_G72, [000002D9CD3C6000][000002D9CE39BAC0 49] Android_Mali_G72_Vulkan, [000002D9CD499700][000002D9CE40E0C0 49] Android_Mali_G76, [000002D9CD3C4900][000002D9CE418240 49] Android_Mali_G76_Vulkan, [000002D9CD499300][000002D9CE41C3C0 49] Android_Mali_G77, [000002D9CD3C4A00][000002D9CE420540 49] Android_Mali_G77_Vulkan, [000002D9CD498600][000002D9CE4346C0 49] Android_Mali_G78, [000002D9CD3C6E00][000002D9CD052840 49] Android_Mali_G78_Vulkan, [000002D9CD40CA00][000002D9CD0709C0 49] Android_Mali_G710, [000002D9CD3C0600][000002D9CD074B40 49] Android_Mali_G710_Vulkan, [000002D9CD3C5D00][000002D9CD080CC0 49] Android_Vulkan_SM5, [000002D9CD3C3600][000002D9CE37EE00 49] Android_PowerVR_G6xxx, [000002D9CD40C500][000002D9CD084F40 49] Android_PowerVR_GT7xxx, [000002D9CD49AA00][000002D9CD089080 49] Android_PowerVR_GE8xxx, [000002D9CD40DE00][000002D9CD08D1C0 49] Android_PowerVR_GM9xxx, [000002D9CD499B00][000002D9CD095340 49] Android_PowerVR_GM9xxx_Vulkan, [000002D9CD40E600][000002D9CD0994C0 49] Android_TegraK1, [000002D9CD49A000][000002D9CD09D640 49] Android_Unknown_Vulkan, [000002D9CD40C300][000002D9CD0A17C0 49] Lumin, [000002D9CD499800][000002D9CACBD940 49] Lumin_Desktop, [000002D9CD40FE00][000002D9CACC9AC0 49] HoloLens, 
[2025.07.25-00.45.45:030][  0]LogMeshReduction: Using QuadricMeshReduction for automatic static mesh reduction
[2025.07.25-00.45.45:030][  0]LogMeshReduction: Using SimplygonMeshReduction for automatic skeletal mesh reduction
[2025.07.25-00.45.45:030][  0]LogMeshReduction: Using ProxyLODMeshReduction for automatic mesh merging
[2025.07.25-00.45.45:030][  0]LogMeshReduction: No distributed automatic mesh merging module available
[2025.07.25-00.45.45:031][  0]LogMeshMerging: No distributed automatic mesh merging module available
[2025.07.25-00.45.45:159][  0]LogNetVersion: TP_PreEntrega 1.0.0, NetCL: 17155196, EngineNetVer: 17, GameNetVer: 0 (Checksum: 2958971551)
[2025.07.25-00.45.45:721][  0]LogTexture: Default maximum texture size for cubemaps generated from long-lat sources has been changed from 512 to unlimited. In order to preserve old behaiour for '/Engine/MapTemplates/Sky/DaylightAmbientCubemap.DaylightAmbientCubemap', its maximum texture size has been explicitly set to 512.
[2025.07.25-00.45.45:840][  0]LogHMD: PokeAHoleMaterial loaded successfully
[2025.07.25-00.45.45:847][  0]LogUObjectArray: 18053 objects as part of root set at end of initial load.
[2025.07.25-00.45.45:848][  0]LogUObjectAllocator: 4611920 out of 0 bytes used by permanent object pool.
[2025.07.25-00.45.45:848][  0]LogUObjectArray: CloseDisregardForGC: 0/0 objects in disregard for GC pool
[2025.07.25-00.45.46:452][  0]LogNiagaraDebuggerClient: Niagara Debugger Client Initialized | Session: 732FA8FF4E9C8347AE78B2A7145759B9 | Instance: D07CE4934F97CF74B450E78F1DE64466 (LAPTOP-AHL2VAE2-25148).
[2025.07.25-00.45.46:608][  0]LogPython: Using Python 3.7.7
[2025.07.25-00.45.47:363][  0]LogTcpMessaging: Initializing TcpMessaging bridge
[2025.07.25-00.45.47:376][  0]LogUdpMessaging: Initializing bridge on interface 0.0.0.0:0 to multicast group 230.0.0.1:6666.
[2025.07.25-00.45.48:468][  0]LogOpenImageDenoise: OIDN starting up
[2025.07.25-00.45.48:596][  0]LogAndroidPermission: UAndroidPermissionCallbackProxy::GetInstance
[2025.07.25-00.45.48:661][  0]LogAudioCaptureCore: Display: No Audio Capture implementations found. Audio input will be silent.
[2025.07.25-00.45.48:661][  0]LogAudioCaptureCore: Display: No Audio Capture implementations found. Audio input will be silent.
[2025.07.25-00.45.48:942][  0]SourceControl: Source control is disabled
[2025.07.25-00.45.48:942][  0]SourceControl: Source control is disabled
[2025.07.25-00.45.48:960][  0]SourceControl: Source control is disabled
[2025.07.25-00.45.48:971][  0]SourceControl: Source control is disabled
[2025.07.25-00.45.48:994][  0]SourceControl: Source control is disabled
[2025.07.25-00.45.49:014][  0]LogUProjectInfo: Found projects:
[2025.07.25-00.45.49:061][  0]LogCollectionManager: Loaded 0 collections in 0.001451 seconds
[2025.07.25-00.45.49:110][  0]LogFileCache: Scanning file cache for directory 'D:/UTN-e-learning/Unreal-Engine/Unreal-Projects/TP_PreEntrega/Saved/Collections/' took 0.00s
[2025.07.25-00.45.49:110][  0]LogFileCache: Scanning file cache for directory 'D:/UTN-e-learning/Unreal-Engine/Unreal-Projects/TP_PreEntrega/Content/Developers/ezequ/Collections/' took 0.00s
[2025.07.25-00.45.49:110][  0]LogFileCache: Scanning file cache for directory 'D:/UTN-e-learning/Unreal-Engine/Unreal-Projects/TP_PreEntrega/Content/Collections/' took 0.00s
[2025.07.25-00.45.49:110][  0]LogOcInput: OculusInput pre-init called
[2025.07.25-00.45.49:516][  0]LogClass: Display: IntProperty FPhysicsConvexData::NumVertices is not initialized properly. Module:MeshModelingTools File:Public/Physics/CollisionPropertySets.h
[2025.07.25-00.45.49:516][  0]LogClass: Display: IntProperty FPhysicsConvexData::NumFaces is not initialized properly. Module:MeshModelingTools File:Public/Physics/CollisionPropertySets.h
[2025.07.25-00.45.49:516][  0]LogClass: Display: FloatProperty FPhysicsCapsuleData::Radius is not initialized properly. Module:MeshModelingTools File:Public/Physics/CollisionPropertySets.h
[2025.07.25-00.45.49:516][  0]LogClass: Display: FloatProperty FPhysicsCapsuleData::Length is not initialized properly. Module:MeshModelingTools File:Public/Physics/CollisionPropertySets.h
[2025.07.25-00.45.49:516][  0]LogClass: Display: StructProperty FPhysicsBoxData::Dimensions is not initialized properly. Module:MeshModelingTools File:Public/Physics/CollisionPropertySets.h
[2025.07.25-00.45.49:516][  0]LogClass: Display: FloatProperty FPhysicsSphereData::Radius is not initialized properly. Module:MeshModelingTools File:Public/Physics/CollisionPropertySets.h
[2025.07.25-00.45.49:516][  0]LogClass: Display: EnumProperty FLODLevelGenerateSettings::TargetMode is not initialized properly. Module:MeshModelingToolsEditorOnly File:Public/GenerateLODMeshesTool.h
[2025.07.25-00.45.49:516][  0]LogClass: Display: IntProperty FLODLevelGenerateSettings::TargetPercentage is not initialized properly. Module:MeshModelingToolsEditorOnly File:Public/GenerateLODMeshesTool.h
[2025.07.25-00.45.49:516][  0]LogClass: Display: IntProperty FLODLevelGenerateSettings::TargetCount is not initialized properly. Module:MeshModelingToolsEditorOnly File:Public/GenerateLODMeshesTool.h
[2025.07.25-00.45.49:516][  0]LogClass: Display: 9 Uninitialized script struct members found including 0 object properties
[2025.07.25-00.45.49:517][  0]LogEngine: Initializing Engine...
[2025.07.25-00.45.49:534][  0]LogHMD: Failed to enumerate extensions. Please check that you have a valid OpenXR runtime installed.
[2025.07.25-00.45.49:535][  0]LogHMD: Failed to initialize OpenVR with code 110
[2025.07.25-00.45.49:535][  0]LogMagicLeap: Warning: VR disabled because ZI is not enabled.  To enable, in the editor, Edit -> Project Settings -> Plugins -> Magic Leap Plugin -> Enable Zero Iteration
[2025.07.25-00.45.49:536][  0]LogStylusInput: Initializing StylusInput subsystem.
[2025.07.25-00.45.49:543][  0]LogStats: UGameplayTagsManager::InitializeManager -  0.000 s
[2025.07.25-00.45.49:674][  0]LogInit: Initializing FReadOnlyCVARCache
[2025.07.25-00.45.49:690][  0]LogAIModule: Creating AISystem for world Untitled
[2025.07.25-00.45.49:692][  0]LogAudio: Display: Initializing Audio Device Manager...
[2025.07.25-00.45.49:702][  0]LogAudio: Display: Loading Default Audio Settings Objects...
[2025.07.25-00.45.49:703][  0]LogAudio: Display: No default SoundConcurrencyObject specified (or failed to load).
[2025.07.25-00.45.49:704][  0]LogAudio: Display: Audio Device Manager Initialized
[2025.07.25-00.45.49:704][  0]LogAudio: Display: Creating Audio Device:                 Id: 1, Scope: Shared, Realtime: True
[2025.07.25-00.45.49:704][  0]LogAudioMixer: Display: Audio Mixer Platform Settings:
[2025.07.25-00.45.49:704][  0]LogAudioMixer: Display: 	Sample Rate:						  48000
[2025.07.25-00.45.49:704][  0]LogAudioMixer: Display: 	Callback Buffer Frame Size Requested: 1024
[2025.07.25-00.45.49:704][  0]LogAudioMixer: Display: 	Callback Buffer Frame Size To Use:	  1024
[2025.07.25-00.45.49:704][  0]LogAudioMixer: Display: 	Number of buffers to queue:			  2
[2025.07.25-00.45.49:704][  0]LogAudioMixer: Display: 	Max Channels (voices):				  32
[2025.07.25-00.45.49:704][  0]LogAudioMixer: Display: 	Number of Async Source Workers:		  0
[2025.07.25-00.45.49:704][  0]LogAudio: Display: AudioDevice MaxSources: 32
[2025.07.25-00.45.49:704][  0]LogAudio: Display: Audio Spatialization Plugin: None (built-in).
[2025.07.25-00.45.49:704][  0]LogAudio: Display: Audio Reverb Plugin: None (built-in).
[2025.07.25-00.45.49:704][  0]LogAudio: Display: Audio Occlusion Plugin: None (built-in).
[2025.07.25-00.45.49:704][  0]LogAudioMixer: Display: Initializing audio mixer.
[2025.07.25-00.45.49:730][  0]LogAudioMixer: Display: 0: FrontLeft
[2025.07.25-00.45.49:730][  0]LogAudioMixer: Display: 1: FrontRight
[2025.07.25-00.45.49:753][  0]LogAudioMixer: Display: Using Audio Device Headphones (SOUNDPEATS Opera05)
[2025.07.25-00.45.49:757][  0]LogAudioMixer: Display: Initializing Sound Submixes...
[2025.07.25-00.45.49:759][  0]LogAudioMixer: Display: Creating Master Submix 'MasterSubmixDefault'
[2025.07.25-00.45.49:759][  0]LogAudioMixer: Display: Creating Master Submix 'MasterReverbSubmixDefault'
[2025.07.25-00.45.49:760][  0]LogAudioMixer: Display: Creating Master Submix 'MasterEQSubmixDefault'
[2025.07.25-00.45.49:760][  0]LogAudioMixer: FMixerPlatformXAudio2::StartAudioStream() called
[2025.07.25-00.45.49:760][  0]LogAudioMixer: Display: Output buffers initialized: Frames=1024, Channels=2, Samples=2048
[2025.07.25-00.45.49:761][  0]LogAudioMixer: Display: Starting AudioMixerPlatformInterface::RunInternal()
[2025.07.25-00.45.49:761][  0]LogAudioMixer: Display: FMixerPlatformXAudio2::SubmitBuffer() called for the first time
[2025.07.25-00.45.49:761][  0]LogInit: FAudioDevice initialized.
[2025.07.25-00.45.49:761][  0]LogAudio: Display: Audio Device (ID: 1) registered with world 'Untitled'.
[2025.07.25-00.45.49:762][  0]LogNetVersion: Set ProjectVersion to 1.0.0.0. Version Checksum will be recalculated on next use.
[2025.07.25-00.45.49:846][  0]LogDerivedDataCache: Saved boot cache 0.09s 97MB C:/Users/ezequ/AppData/Local/UnrealEngine/4.27/DerivedDataCache/Boot.ddc.
[2025.07.25-00.45.49:846][  0]LogInit: Texture streaming: Enabled
[2025.07.25-00.45.49:882][  0]LogAnalytics: Display: [UEEditor.Rocket.Release] APIServer = https://datarouter.ol.epicgames.com/. AppVersion = 4.27.2-18319896+++UE4+Release-4.27
[2025.07.25-00.45.49:902][  0]LogEngineSessionManager: EngineSessionManager initialized
[2025.07.25-00.45.49:902][  0]LogEditorSessionSummary: Verbose: Initializing EditorSessionSummaryWriter for editor session tracking
[2025.07.25-00.45.49:935][  0]LogEditorSessionSummary: EditorSessionSummaryWriter initialized
[2025.07.25-00.45.50:020][  0]LogInit: Transaction tracking system initialized
[2025.07.25-00.45.50:087][  0]BlueprintLog: New page: Editor Load
[2025.07.25-00.45.50:278][  0]LocalizationService: Localization service is disabled
[2025.07.25-00.45.50:355][  0]TimingProfiler: Initialize
[2025.07.25-00.45.50:355][  0]TimingProfiler: OnSessionChanged
[2025.07.25-00.45.50:355][  0]LoadingProfiler: Initialize
[2025.07.25-00.45.50:355][  0]LoadingProfiler: OnSessionChanged
[2025.07.25-00.45.50:356][  0]NetworkingProfiler: Initialize
[2025.07.25-00.45.50:356][  0]NetworkingProfiler: OnSessionChanged
[2025.07.25-00.45.50:356][  0]MemoryProfiler: Initialize
[2025.07.25-00.45.50:356][  0]MemoryProfiler: OnSessionChanged
[2025.07.25-00.45.50:651][  0]LogCook: Display: CookSettings for Memory: MemoryMaxUsedVirtual 0MiB, MemoryMaxUsedPhysical 16384MiB, MemoryMinFreeVirtual 0MiB, MemoryMinFreePhysical 1024MiB
[2025.07.25-00.45.50:651][  0]LogCook: Display: Mobile HDR setting 1
[2025.07.25-00.45.50:875][  0]LogFileCache: Scanning file cache for directory 'D:/UTN-e-learning/Unreal-Engine/Unreal-Projects/TP_PreEntrega/Content/' took 0.01s
[2025.07.25-00.45.51:522][  0]LogInit: Display: Engine is initialized. Leaving FEngineLoop::Init()
[2025.07.25-00.45.51:540][  0]SourceControl: Source control is disabled
[2025.07.25-00.45.51:541][  0]LogUnrealEdMisc: Loading editor; pre map load, took 13.292
[2025.07.25-00.45.51:541][  0]Cmd: MAP LOAD FILE="../../../../../UTN-e-learning/Unreal-Engine/Unreal-Projects/TP_PreEntrega/Content/ThirdPersonBP/Maps/ThirdPersonExampleMap.umap" TEMPLATE=0 SHOWPROGRESS=1 FEATURELEVEL=3
[2025.07.25-00.45.51:541][  0]LightingResults: New page: Lighting Build
[2025.07.25-00.45.51:542][  0]LogWorld: UWorld::CleanupWorld for Untitled, bSessionEnded=true, bCleanupResources=true
[2025.07.25-00.45.51:543][  0]LogSlate: InvalidateAllWidgets triggered.  All widgets were invalidated
[2025.07.25-00.45.51:543][  0]MapCheck: New page: Map Check
[2025.07.25-00.45.51:543][  0]LightingResults: New page: Lighting Build
[2025.07.25-00.45.51:548][  0]LogAudio: Display: Audio Device unregistered from world 'None'.
[2025.07.25-00.45.51:552][  0]LogUObjectHash: Compacting FUObjectHashTables data took   1.06ms
[2025.07.25-00.45.52:400][  0]LogMaterial: Display: Missing cached shadermap for lambert3 in PCD3D_SM5, Default, SM5 (DDC key hash: B7C57C5C40F6203CBAC0E9E4E16B1AFC3ED04D3F), compiling. 
[2025.07.25-00.45.52:401][  0]LogMaterial: Warning: [AssetLog] D:\UTN-e-learning\Unreal-Engine\Unreal-Projects\TP_PreEntrega\Content\ThirdPersonBP\Blueprints\blueprints\Textures\lambert3.uasset: Failed to compile Material for platform PCD3D_SM5, Default Material will be used in game.
[2025.07.25-00.45.52:401][  0]LogMaterial: Display: 	(Node TextureSample) TextureSample> Sampler type is Normal, should be Color for /Game/ThirdPersonBP/Blueprints/blueprints/Textures/ROCK04LB.ROCK04LB
[2025.07.25-00.45.52:430][  0]LogAudio: Display: Audio Device (ID: 1) registered with world 'ThirdPersonExampleMap'.
[2025.07.25-00.45.52:431][  0]LogAIModule: Creating AISystem for world ThirdPersonExampleMap
[2025.07.25-00.45.52:441][  0]LogMaterial: Display: Material /Game/StarterContent/Materials/M_Wood_Floor_Walnut_Polished.M_Wood_Floor_Walnut_Polished needed to have new flag set bUsedWithSkeletalMesh !
[2025.07.25-00.45.52:449][  0]LogMaterial: Display: Missing cached shadermap for M_Wood_Floor_Walnut_Polished in PCD3D_SM5, Default, SM5 (DDC key hash: CA7BFCC8331997360E6DFBAAF6F60D3D26BAC106), compiling. 
[2025.07.25-00.45.52:552][  0]LogShaderCompilers: Display: Submitted 41 shader compile jobs with 'Low' priority
[2025.07.25-00.45.52:553][  0]LogShaderCompilers: Display: Worker (1/5): shaders left to compile 41
[2025.07.25-00.45.52:553][  0]LogShaderCompilers: Display: Worker (2/5): shaders left to compile 32
[2025.07.25-00.45.52:553][  0]LogShaderCompilers: Display: Worker (3/5): shaders left to compile 23
[2025.07.25-00.45.52:553][  0]LogShaderCompilers: Display: Worker (4/5): shaders left to compile 14
[2025.07.25-00.45.52:553][  0]LogShaderCompilers: Display: Worker (5/5): shaders left to compile 5
[2025.07.25-00.45.52:553][  0]LogShaderCompilers: Display: Started 41 'Local' shader compile jobs with 'Low' priority
[2025.07.25-00.45.52:553][  0]MapCheck: Warning: M_Wood_Floor_Walnut_Polished Material /Game/StarterContent/Materials/M_Wood_Floor_Walnut_Polished.M_Wood_Floor_Walnut_Polished was missing the usage flag bUsedWithSkeletalMesh. If the material asset is not re-saved, it may not render correctly when run outside the editor. Fix
[2025.07.25-00.45.52:660][  0]LogEditorServer: Finished looking for orphan Actors (0.000 secs)
[2025.07.25-00.45.52:697][  0]LogUObjectHash: Compacting FUObjectHashTables data took   3.12ms
[2025.07.25-00.45.52:697][  0]Cmd: MAP CHECKDEP NOCLEARLOG
[2025.07.25-00.45.52:697][  0]MapCheck: Map check complete: 0 Error(s), 1 Warning(s), took 0.161ms to complete.
[2025.07.25-00.45.52:724][  0]LogFileHelpers: Loading map 'ThirdPersonExampleMap' took 1.183
[2025.07.25-00.45.52:729][  0]LogUnrealEdMisc: Total Editor Startup Time, took 14.480
[2025.07.25-00.45.53:008][  0]LogSlate: Updating window title bar state: overlay mode, drag disabled, window buttons hidden, title bar hidden
[2025.07.25-00.45.53:027][  0]LogSlate: Updating window title bar state: overlay mode, drag disabled, window buttons hidden, title bar hidden
[2025.07.25-00.45.53:044][  0]LogSlate: Updating window title bar state: overlay mode, drag disabled, window buttons hidden, title bar hidden
[2025.07.25-00.45.53:063][  0]LogSlate: Updating window title bar state: overlay mode, drag disabled, window buttons hidden, title bar hidden
[2025.07.25-00.45.53:130][  0]LogNativeClassHierarchy: Verbose: Native class hierarchy populated in 0.0303 seconds. Added 4208 classes and 963 folders.
[2025.07.25-00.45.53:135][  0]LogNativeClassHierarchy: Verbose: Native class hierarchy updated for 'WidgetCarousel' in 0.0006 seconds. Added 0 classes and 0 folders.
[2025.07.25-00.45.53:139][  0]LogPakFile: PakFile PrimaryIndexSize=187
[2025.07.25-00.45.53:139][  0]LogPakFile: PakFile PathHashIndexSize=101
[2025.07.25-00.45.53:139][  0]LogPakFile: PakFile FullDirectoryIndexSize=148
[2025.07.25-00.45.53:139][  0]LogShaderLibrary: Display: ShaderCodeLibraryPakFileMountedCallback: PakFile 'D:/UE4-Windows/UE_4.27/FeaturePacks/FP_FirstPerson.upack' (chunk index -1, root 'root:/') mounted
[2025.07.25-00.45.53:139][  0]LogShaderLibrary: Display: ShaderCodeLibraryPakFileMountedCallback: pending pak file info (ChunkID:-1 Root:root:/ File:D:/UE4-Windows/UE_4.27/FeaturePacks/FP_FirstPerson.upack)
[2025.07.25-00.45.53:140][  0]LogPakFile: OnPakFileMounted2Time == 0.000185
[2025.07.25-00.45.53:141][  0]LogPakFile: PakFile PrimaryIndexSize=189
[2025.07.25-00.45.53:141][  0]LogPakFile: PakFile PathHashIndexSize=101
[2025.07.25-00.45.53:141][  0]LogPakFile: PakFile FullDirectoryIndexSize=152
[2025.07.25-00.45.53:141][  0]LogShaderLibrary: Display: ShaderCodeLibraryPakFileMountedCallback: PakFile 'D:/UE4-Windows/UE_4.27/FeaturePacks/FP_FirstPersonBP.upack' (chunk index -1, root 'root:/') mounted
[2025.07.25-00.45.53:141][  0]LogShaderLibrary: Display: ShaderCodeLibraryPakFileMountedCallback: pending pak file info (ChunkID:-1 Root:root:/ File:D:/UE4-Windows/UE_4.27/FeaturePacks/FP_FirstPersonBP.upack)
[2025.07.25-00.45.53:141][  0]LogPakFile: OnPakFileMounted2Time == 0.000152
[2025.07.25-00.45.53:143][  0]LogPakFile: PakFile PrimaryIndexSize=191
[2025.07.25-00.45.53:143][  0]LogPakFile: PakFile PathHashIndexSize=101
[2025.07.25-00.45.53:143][  0]LogPakFile: PakFile FullDirectoryIndexSize=160
[2025.07.25-00.45.53:143][  0]LogShaderLibrary: Display: ShaderCodeLibraryPakFileMountedCallback: PakFile 'D:/UE4-Windows/UE_4.27/FeaturePacks/MobileStarterContent.upack' (chunk index -1, root 'root:/') mounted
[2025.07.25-00.45.53:143][  0]LogShaderLibrary: Display: ShaderCodeLibraryPakFileMountedCallback: pending pak file info (ChunkID:-1 Root:root:/ File:D:/UE4-Windows/UE_4.27/FeaturePacks/MobileStarterContent.upack)
[2025.07.25-00.45.53:143][  0]LogPakFile: OnPakFileMounted2Time == 0.000157
[2025.07.25-00.45.53:144][  0]LogPakFile: PakFile PrimaryIndexSize=185
[2025.07.25-00.45.53:144][  0]LogPakFile: PakFile PathHashIndexSize=101
[2025.07.25-00.45.53:144][  0]LogPakFile: PakFile FullDirectoryIndexSize=148
[2025.07.25-00.45.53:145][  0]LogShaderLibrary: Display: ShaderCodeLibraryPakFileMountedCallback: PakFile 'D:/UE4-Windows/UE_4.27/FeaturePacks/StarterContent.upack' (chunk index -1, root 'root:/') mounted
[2025.07.25-00.45.53:145][  0]LogShaderLibrary: Display: ShaderCodeLibraryPakFileMountedCallback: pending pak file info (ChunkID:-1 Root:root:/ File:D:/UE4-Windows/UE_4.27/FeaturePacks/StarterContent.upack)
[2025.07.25-00.45.53:145][  0]LogPakFile: OnPakFileMounted2Time == 0.000129
[2025.07.25-00.45.53:146][  0]LogPakFile: PakFile PrimaryIndexSize=190
[2025.07.25-00.45.53:146][  0]LogPakFile: PakFile PathHashIndexSize=101
[2025.07.25-00.45.53:146][  0]LogPakFile: PakFile FullDirectoryIndexSize=154
[2025.07.25-00.45.53:146][  0]LogShaderLibrary: Display: ShaderCodeLibraryPakFileMountedCallback: PakFile 'D:/UE4-Windows/UE_4.27/FeaturePacks/TP_2DSideScroller.upack' (chunk index -1, root 'root:/') mounted
[2025.07.25-00.45.53:146][  0]LogShaderLibrary: Display: ShaderCodeLibraryPakFileMountedCallback: pending pak file info (ChunkID:-1 Root:root:/ File:D:/UE4-Windows/UE_4.27/FeaturePacks/TP_2DSideScroller.upack)
[2025.07.25-00.45.53:146][  0]LogPakFile: OnPakFileMounted2Time == 0.000117
[2025.07.25-00.45.53:148][  0]LogPakFile: PakFile PrimaryIndexSize=192
[2025.07.25-00.45.53:148][  0]LogPakFile: PakFile PathHashIndexSize=101
[2025.07.25-00.45.53:149][  0]LogPakFile: PakFile FullDirectoryIndexSize=158
[2025.07.25-00.45.53:149][  0]LogShaderLibrary: Display: ShaderCodeLibraryPakFileMountedCallback: PakFile 'D:/UE4-Windows/UE_4.27/FeaturePacks/TP_2DSideScrollerBP.upack' (chunk index -1, root 'root:/') mounted
[2025.07.25-00.45.53:149][  0]LogShaderLibrary: Display: ShaderCodeLibraryPakFileMountedCallback: pending pak file info (ChunkID:-1 Root:root:/ File:D:/UE4-Windows/UE_4.27/FeaturePacks/TP_2DSideScrollerBP.upack)
[2025.07.25-00.45.53:149][  0]LogPakFile: OnPakFileMounted2Time == 0.000130
[2025.07.25-00.45.53:150][  0]LogPakFile: PakFile PrimaryIndexSize=182
[2025.07.25-00.45.53:150][  0]LogPakFile: PakFile PathHashIndexSize=101
[2025.07.25-00.45.53:150][  0]LogPakFile: PakFile FullDirectoryIndexSize=138
[2025.07.25-00.45.53:150][  0]LogShaderLibrary: Display: ShaderCodeLibraryPakFileMountedCallback: PakFile 'D:/UE4-Windows/UE_4.27/FeaturePacks/TP_Flying.upack' (chunk index -1, root 'root:/') mounted
[2025.07.25-00.45.53:150][  0]LogShaderLibrary: Display: ShaderCodeLibraryPakFileMountedCallback: pending pak file info (ChunkID:-1 Root:root:/ File:D:/UE4-Windows/UE_4.27/FeaturePacks/TP_Flying.upack)
[2025.07.25-00.45.53:150][  0]LogPakFile: OnPakFileMounted2Time == 0.000147
[2025.07.25-00.45.53:152][  0]LogPakFile: PakFile PrimaryIndexSize=184
[2025.07.25-00.45.53:152][  0]LogPakFile: PakFile PathHashIndexSize=101
[2025.07.25-00.45.53:152][  0]LogPakFile: PakFile FullDirectoryIndexSize=142
[2025.07.25-00.45.53:152][  0]LogShaderLibrary: Display: ShaderCodeLibraryPakFileMountedCallback: PakFile 'D:/UE4-Windows/UE_4.27/FeaturePacks/TP_FlyingBP.upack' (chunk index -1, root 'root:/') mounted
[2025.07.25-00.45.53:152][  0]LogShaderLibrary: Display: ShaderCodeLibraryPakFileMountedCallback: pending pak file info (ChunkID:-1 Root:root:/ File:D:/UE4-Windows/UE_4.27/FeaturePacks/TP_FlyingBP.upack)
[2025.07.25-00.45.53:152][  0]LogPakFile: OnPakFileMounted2Time == 0.000135
[2025.07.25-00.45.53:154][  0]LogPakFile: PakFile PrimaryIndexSize=188
[2025.07.25-00.45.53:154][  0]LogPakFile: PakFile PathHashIndexSize=101
[2025.07.25-00.45.53:154][  0]LogPakFile: PakFile FullDirectoryIndexSize=150
[2025.07.25-00.45.53:154][  0]LogShaderLibrary: Display: ShaderCodeLibraryPakFileMountedCallback: PakFile 'D:/UE4-Windows/UE_4.27/FeaturePacks/TP_HandheldARBP.upack' (chunk index -1, root 'root:/') mounted
[2025.07.25-00.45.53:154][  0]LogShaderLibrary: Display: ShaderCodeLibraryPakFileMountedCallback: pending pak file info (ChunkID:-1 Root:root:/ File:D:/UE4-Windows/UE_4.27/FeaturePacks/TP_HandheldARBP.upack)
[2025.07.25-00.45.53:154][  0]LogPakFile: OnPakFileMounted2Time == 0.000152
[2025.07.25-00.45.53:156][  0]LogPakFile: PakFile PrimaryIndexSize=182
[2025.07.25-00.45.53:156][  0]LogPakFile: PakFile PathHashIndexSize=101
[2025.07.25-00.45.53:156][  0]LogPakFile: PakFile FullDirectoryIndexSize=138
[2025.07.25-00.45.53:156][  0]LogShaderLibrary: Display: ShaderCodeLibraryPakFileMountedCallback: PakFile 'D:/UE4-Windows/UE_4.27/FeaturePacks/TP_Puzzle.upack' (chunk index -1, root 'root:/') mounted
[2025.07.25-00.45.53:156][  0]LogShaderLibrary: Display: ShaderCodeLibraryPakFileMountedCallback: pending pak file info (ChunkID:-1 Root:root:/ File:D:/UE4-Windows/UE_4.27/FeaturePacks/TP_Puzzle.upack)
[2025.07.25-00.45.53:156][  0]LogPakFile: OnPakFileMounted2Time == 0.000152
[2025.07.25-00.45.53:158][  0]LogPakFile: PakFile PrimaryIndexSize=184
[2025.07.25-00.45.53:158][  0]LogPakFile: PakFile PathHashIndexSize=101
[2025.07.25-00.45.53:158][  0]LogPakFile: PakFile FullDirectoryIndexSize=142
[2025.07.25-00.45.53:158][  0]LogShaderLibrary: Display: ShaderCodeLibraryPakFileMountedCallback: PakFile 'D:/UE4-Windows/UE_4.27/FeaturePacks/TP_PuzzleBP.upack' (chunk index -1, root 'root:/') mounted
[2025.07.25-00.45.53:158][  0]LogShaderLibrary: Display: ShaderCodeLibraryPakFileMountedCallback: pending pak file info (ChunkID:-1 Root:root:/ File:D:/UE4-Windows/UE_4.27/FeaturePacks/TP_PuzzleBP.upack)
[2025.07.25-00.45.53:159][  0]LogPakFile: OnPakFileMounted2Time == 0.000143
[2025.07.25-00.45.53:160][  0]LogPakFile: PakFile PrimaryIndexSize=183
[2025.07.25-00.45.53:160][  0]LogPakFile: PakFile PathHashIndexSize=101
[2025.07.25-00.45.53:160][  0]LogPakFile: PakFile FullDirectoryIndexSize=140
[2025.07.25-00.45.53:160][  0]LogShaderLibrary: Display: ShaderCodeLibraryPakFileMountedCallback: PakFile 'D:/UE4-Windows/UE_4.27/FeaturePacks/TP_Rolling.upack' (chunk index -1, root 'root:/') mounted
[2025.07.25-00.45.53:160][  0]LogShaderLibrary: Display: ShaderCodeLibraryPakFileMountedCallback: pending pak file info (ChunkID:-1 Root:root:/ File:D:/UE4-Windows/UE_4.27/FeaturePacks/TP_Rolling.upack)
[2025.07.25-00.45.53:160][  0]LogPakFile: OnPakFileMounted2Time == 0.000122
[2025.07.25-00.45.53:162][  0]LogPakFile: PakFile PrimaryIndexSize=185
[2025.07.25-00.45.53:162][  0]LogPakFile: PakFile PathHashIndexSize=101
[2025.07.25-00.45.53:162][  0]LogPakFile: PakFile FullDirectoryIndexSize=144
[2025.07.25-00.45.53:162][  0]LogShaderLibrary: Display: ShaderCodeLibraryPakFileMountedCallback: PakFile 'D:/UE4-Windows/UE_4.27/FeaturePacks/TP_RollingBP.upack' (chunk index -1, root 'root:/') mounted
[2025.07.25-00.45.53:162][  0]LogShaderLibrary: Display: ShaderCodeLibraryPakFileMountedCallback: pending pak file info (ChunkID:-1 Root:root:/ File:D:/UE4-Windows/UE_4.27/FeaturePacks/TP_RollingBP.upack)
[2025.07.25-00.45.53:162][  0]LogPakFile: OnPakFileMounted2Time == 0.000131
[2025.07.25-00.45.53:164][  0]LogPakFile: PakFile PrimaryIndexSize=188
[2025.07.25-00.45.53:164][  0]LogPakFile: PakFile PathHashIndexSize=101
[2025.07.25-00.45.53:164][  0]LogPakFile: PakFile FullDirectoryIndexSize=150
[2025.07.25-00.45.53:164][  0]LogShaderLibrary: Display: ShaderCodeLibraryPakFileMountedCallback: PakFile 'D:/UE4-Windows/UE_4.27/FeaturePacks/TP_SideScroller.upack' (chunk index -1, root 'root:/') mounted
[2025.07.25-00.45.53:164][  0]LogShaderLibrary: Display: ShaderCodeLibraryPakFileMountedCallback: pending pak file info (ChunkID:-1 Root:root:/ File:D:/UE4-Windows/UE_4.27/FeaturePacks/TP_SideScroller.upack)
[2025.07.25-00.45.53:164][  0]LogPakFile: OnPakFileMounted2Time == 0.000150
[2025.07.25-00.45.53:166][  0]LogPakFile: PakFile PrimaryIndexSize=190
[2025.07.25-00.45.53:166][  0]LogPakFile: PakFile PathHashIndexSize=101
[2025.07.25-00.45.53:166][  0]LogPakFile: PakFile FullDirectoryIndexSize=154
[2025.07.25-00.45.53:166][  0]LogShaderLibrary: Display: ShaderCodeLibraryPakFileMountedCallback: PakFile 'D:/UE4-Windows/UE_4.27/FeaturePacks/TP_SideScrollerBP.upack' (chunk index -1, root 'root:/') mounted
[2025.07.25-00.45.53:166][  0]LogShaderLibrary: Display: ShaderCodeLibraryPakFileMountedCallback: pending pak file info (ChunkID:-1 Root:root:/ File:D:/UE4-Windows/UE_4.27/FeaturePacks/TP_SideScrollerBP.upack)
[2025.07.25-00.45.53:166][  0]LogPakFile: OnPakFileMounted2Time == 0.000131
[2025.07.25-00.45.53:167][  0]LogPakFile: PakFile PrimaryIndexSize=187
[2025.07.25-00.45.53:167][  0]LogPakFile: PakFile PathHashIndexSize=101
[2025.07.25-00.45.53:167][  0]LogPakFile: PakFile FullDirectoryIndexSize=148
[2025.07.25-00.45.53:167][  0]LogShaderLibrary: Display: ShaderCodeLibraryPakFileMountedCallback: PakFile 'D:/UE4-Windows/UE_4.27/FeaturePacks/TP_ThirdPerson.upack' (chunk index -1, root 'root:/') mounted
[2025.07.25-00.45.53:167][  0]LogShaderLibrary: Display: ShaderCodeLibraryPakFileMountedCallback: pending pak file info (ChunkID:-1 Root:root:/ File:D:/UE4-Windows/UE_4.27/FeaturePacks/TP_ThirdPerson.upack)
[2025.07.25-00.45.53:167][  0]LogPakFile: OnPakFileMounted2Time == 0.000144
[2025.07.25-00.45.53:169][  0]LogPakFile: PakFile PrimaryIndexSize=189
[2025.07.25-00.45.53:169][  0]LogPakFile: PakFile PathHashIndexSize=101
[2025.07.25-00.45.53:169][  0]LogPakFile: PakFile FullDirectoryIndexSize=152
[2025.07.25-00.45.53:169][  0]LogShaderLibrary: Display: ShaderCodeLibraryPakFileMountedCallback: PakFile 'D:/UE4-Windows/UE_4.27/FeaturePacks/TP_ThirdPersonBP.upack' (chunk index -1, root 'root:/') mounted
[2025.07.25-00.45.53:169][  0]LogShaderLibrary: Display: ShaderCodeLibraryPakFileMountedCallback: pending pak file info (ChunkID:-1 Root:root:/ File:D:/UE4-Windows/UE_4.27/FeaturePacks/TP_ThirdPersonBP.upack)
[2025.07.25-00.45.53:169][  0]LogPakFile: OnPakFileMounted2Time == 0.000137
[2025.07.25-00.45.53:171][  0]LogPakFile: PakFile PrimaryIndexSize=183
[2025.07.25-00.45.53:171][  0]LogPakFile: PakFile PathHashIndexSize=101
[2025.07.25-00.45.53:171][  0]LogPakFile: PakFile FullDirectoryIndexSize=140
[2025.07.25-00.45.53:171][  0]LogShaderLibrary: Display: ShaderCodeLibraryPakFileMountedCallback: PakFile 'D:/UE4-Windows/UE_4.27/FeaturePacks/TP_TopDown.upack' (chunk index -1, root 'root:/') mounted
[2025.07.25-00.45.53:171][  0]LogShaderLibrary: Display: ShaderCodeLibraryPakFileMountedCallback: pending pak file info (ChunkID:-1 Root:root:/ File:D:/UE4-Windows/UE_4.27/FeaturePacks/TP_TopDown.upack)
[2025.07.25-00.45.53:171][  0]LogPakFile: OnPakFileMounted2Time == 0.000169
[2025.07.25-00.45.53:173][  0]LogPakFile: PakFile PrimaryIndexSize=185
[2025.07.25-00.45.53:173][  0]LogPakFile: PakFile PathHashIndexSize=101
[2025.07.25-00.45.53:173][  0]LogPakFile: PakFile FullDirectoryIndexSize=144
[2025.07.25-00.45.53:173][  0]LogShaderLibrary: Display: ShaderCodeLibraryPakFileMountedCallback: PakFile 'D:/UE4-Windows/UE_4.27/FeaturePacks/TP_TopDownBP.upack' (chunk index -1, root 'root:/') mounted
[2025.07.25-00.45.53:173][  0]LogShaderLibrary: Display: ShaderCodeLibraryPakFileMountedCallback: pending pak file info (ChunkID:-1 Root:root:/ File:D:/UE4-Windows/UE_4.27/FeaturePacks/TP_TopDownBP.upack)
[2025.07.25-00.45.53:173][  0]LogPakFile: OnPakFileMounted2Time == 0.000130
[2025.07.25-00.45.53:175][  0]LogPakFile: PakFile PrimaryIndexSize=185
[2025.07.25-00.45.53:175][  0]LogPakFile: PakFile PathHashIndexSize=101
[2025.07.25-00.45.53:175][  0]LogPakFile: PakFile FullDirectoryIndexSize=144
[2025.07.25-00.45.53:175][  0]LogShaderLibrary: Display: ShaderCodeLibraryPakFileMountedCallback: PakFile 'D:/UE4-Windows/UE_4.27/FeaturePacks/TP_TwinStick.upack' (chunk index -1, root 'root:/') mounted
[2025.07.25-00.45.53:175][  0]LogShaderLibrary: Display: ShaderCodeLibraryPakFileMountedCallback: pending pak file info (ChunkID:-1 Root:root:/ File:D:/UE4-Windows/UE_4.27/FeaturePacks/TP_TwinStick.upack)
[2025.07.25-00.45.53:175][  0]LogPakFile: OnPakFileMounted2Time == 0.000145
[2025.07.25-00.45.53:176][  0]LogPakFile: PakFile PrimaryIndexSize=187
[2025.07.25-00.45.53:176][  0]LogPakFile: PakFile PathHashIndexSize=101
[2025.07.25-00.45.53:176][  0]LogPakFile: PakFile FullDirectoryIndexSize=148
[2025.07.25-00.45.53:176][  0]LogShaderLibrary: Display: ShaderCodeLibraryPakFileMountedCallback: PakFile 'D:/UE4-Windows/UE_4.27/FeaturePacks/TP_TwinStickBP.upack' (chunk index -1, root 'root:/') mounted
[2025.07.25-00.45.53:177][  0]LogShaderLibrary: Display: ShaderCodeLibraryPakFileMountedCallback: pending pak file info (ChunkID:-1 Root:root:/ File:D:/UE4-Windows/UE_4.27/FeaturePacks/TP_TwinStickBP.upack)
[2025.07.25-00.45.53:177][  0]LogPakFile: OnPakFileMounted2Time == 0.000323
[2025.07.25-00.45.53:178][  0]LogPakFile: PakFile PrimaryIndexSize=183
[2025.07.25-00.45.53:178][  0]LogPakFile: PakFile PathHashIndexSize=101
[2025.07.25-00.45.53:178][  0]LogPakFile: PakFile FullDirectoryIndexSize=140
[2025.07.25-00.45.53:178][  0]LogShaderLibrary: Display: ShaderCodeLibraryPakFileMountedCallback: PakFile 'D:/UE4-Windows/UE_4.27/FeaturePacks/TP_Vehicle.upack' (chunk index -1, root 'root:/') mounted
[2025.07.25-00.45.53:178][  0]LogShaderLibrary: Display: ShaderCodeLibraryPakFileMountedCallback: pending pak file info (ChunkID:-1 Root:root:/ File:D:/UE4-Windows/UE_4.27/FeaturePacks/TP_Vehicle.upack)
[2025.07.25-00.45.53:178][  0]LogPakFile: OnPakFileMounted2Time == 0.000107
[2025.07.25-00.45.53:180][  0]LogPakFile: PakFile PrimaryIndexSize=186
[2025.07.25-00.45.53:180][  0]LogPakFile: PakFile PathHashIndexSize=101
[2025.07.25-00.45.53:180][  0]LogPakFile: PakFile FullDirectoryIndexSize=146
[2025.07.25-00.45.53:180][  0]LogShaderLibrary: Display: ShaderCodeLibraryPakFileMountedCallback: PakFile 'D:/UE4-Windows/UE_4.27/FeaturePacks/TP_VehicleAdv.upack' (chunk index -1, root 'root:/') mounted
[2025.07.25-00.45.53:180][  0]LogShaderLibrary: Display: ShaderCodeLibraryPakFileMountedCallback: pending pak file info (ChunkID:-1 Root:root:/ File:D:/UE4-Windows/UE_4.27/FeaturePacks/TP_VehicleAdv.upack)
[2025.07.25-00.45.53:180][  0]LogPakFile: OnPakFileMounted2Time == 0.000113
[2025.07.25-00.45.53:181][  0]LogPakFile: PakFile PrimaryIndexSize=188
[2025.07.25-00.45.53:181][  0]LogPakFile: PakFile PathHashIndexSize=101
[2025.07.25-00.45.53:181][  0]LogPakFile: PakFile FullDirectoryIndexSize=150
[2025.07.25-00.45.53:181][  0]LogShaderLibrary: Display: ShaderCodeLibraryPakFileMountedCallback: PakFile 'D:/UE4-Windows/UE_4.27/FeaturePacks/TP_VehicleAdvBP.upack' (chunk index -1, root 'root:/') mounted
[2025.07.25-00.45.53:181][  0]LogShaderLibrary: Display: ShaderCodeLibraryPakFileMountedCallback: pending pak file info (ChunkID:-1 Root:root:/ File:D:/UE4-Windows/UE_4.27/FeaturePacks/TP_VehicleAdvBP.upack)
[2025.07.25-00.45.53:181][  0]LogPakFile: OnPakFileMounted2Time == 0.000109
[2025.07.25-00.45.53:183][  0]LogPakFile: PakFile PrimaryIndexSize=185
[2025.07.25-00.45.53:183][  0]LogPakFile: PakFile PathHashIndexSize=101
[2025.07.25-00.45.53:183][  0]LogPakFile: PakFile FullDirectoryIndexSize=144
[2025.07.25-00.45.53:183][  0]LogShaderLibrary: Display: ShaderCodeLibraryPakFileMountedCallback: PakFile 'D:/UE4-Windows/UE_4.27/FeaturePacks/TP_VehicleBP.upack' (chunk index -1, root 'root:/') mounted
[2025.07.25-00.45.53:183][  0]LogShaderLibrary: Display: ShaderCodeLibraryPakFileMountedCallback: pending pak file info (ChunkID:-1 Root:root:/ File:D:/UE4-Windows/UE_4.27/FeaturePacks/TP_VehicleBP.upack)
[2025.07.25-00.45.53:183][  0]LogPakFile: OnPakFileMounted2Time == 0.000110
[2025.07.25-00.45.53:184][  0]LogPakFile: PakFile PrimaryIndexSize=192
[2025.07.25-00.45.53:184][  0]LogPakFile: PakFile PathHashIndexSize=101
[2025.07.25-00.45.53:185][  0]LogPakFile: PakFile FullDirectoryIndexSize=158
[2025.07.25-00.45.53:185][  0]LogShaderLibrary: Display: ShaderCodeLibraryPakFileMountedCallback: PakFile 'D:/UE4-Windows/UE_4.27/FeaturePacks/TP_VirtualRealityBP.upack' (chunk index -1, root 'root:/') mounted
[2025.07.25-00.45.53:185][  0]LogShaderLibrary: Display: ShaderCodeLibraryPakFileMountedCallback: pending pak file info (ChunkID:-1 Root:root:/ File:D:/UE4-Windows/UE_4.27/FeaturePacks/TP_VirtualRealityBP.upack)
[2025.07.25-00.45.53:186][  0]LogPakFile: OnPakFileMounted2Time == 0.000174
[2025.07.25-00.45.53:326][  0]LogNativeClassHierarchy: Verbose: Native class hierarchy updated for 'AddContentDialog' in 0.0006 seconds. Added 0 classes and 0 folders.
[2025.07.25-00.45.53:329][  0]LogNativeClassHierarchy: Verbose: Native class hierarchy updated for 'SceneOutliner' in 0.0004 seconds. Added 2 classes and 0 folders.
[2025.07.25-00.45.53:703][  0]LogSlate: Took 0.000445 seconds to synchronously load lazily loaded font '../../../Engine/Content/Slate/Fonts/Roboto-Regular.ttf' (155K)
[2025.07.25-00.45.53:707][  0]LogSlate: Took 0.000431 seconds to synchronously load lazily loaded font '../../../Engine/Content/Editor/Slate/Fonts/FontAwesome.ttf' (139K)
[2025.07.25-00.45.53:708][  0]LogSlate: Took 0.000469 seconds to synchronously load lazily loaded font '../../../Engine/Content/Slate/Fonts/Roboto-Bold.ttf' (160K)
[2025.07.25-00.45.53:950][  0]LogRenderer: Reallocating scene render targets to support 1208x492 Format 10 NumSamples 1 (Frame:1).
[2025.07.25-00.45.54:107][  0]LogSlate: Took 0.000527 seconds to synchronously load lazily loaded font '../../../Engine/Content/Slate/Fonts/Roboto-Light.ttf' (167K)
[2025.07.25-00.45.54:529][  0]LogNativeClassHierarchy: Verbose: Native class hierarchy updated for 'HierarchicalLODOutliner' in 0.0006 seconds. Added 0 classes and 0 folders.
[2025.07.25-00.45.54:529][  0]LogInput: Warning: Action Jump uses invalid key OculusGo_Left_Trigger_Click.
[2025.07.25-00.45.54:529][  0]LogInput: Warning: Action ResetVR uses invalid key OculusGo_Left_Trackpad_Click.
[2025.07.25-00.45.54:529][  0]LogInput: Warning: Use -RemoveInvalidKeys to remove instances of these keys from the action mapping.
[2025.07.25-00.45.54:529][  0]LogLoad: (Engine Initialization) Total time: 16.28 seconds
[2025.07.25-00.45.54:530][  0]LogLoad: (Engine Initialization) Total Blueprint compile time: 0.00 seconds
[2025.07.25-00.45.54:733][  0]LogContentStreaming: Texture pool size now 1000 MB
[2025.07.25-00.45.55:040][  2]LogAssetRegistry: Asset discovery search completed in 10.4728 seconds
[2025.07.25-00.45.55:057][  2]LogCollectionManager: Fixed up redirectors for 0 collections in 0.000008 seconds (updated 0 objects)
[2025.07.25-00.45.55:592][ 11]LogSlate: Took 0.000392 seconds to synchronously load lazily loaded font '../../../Engine/Content/Slate/Fonts/Roboto-Light.ttf' (167K)
[2025.07.25-00.45.59:480][151]LogAssetEditorSubsystem: Opening Asset editor for Blueprint /Game/ThirdPersonBP/Blueprints/blueprints/ReglasJuego.ReglasJuego
[2025.07.25-00.46.00:187][151]LogNativeClassHierarchy: Verbose: Native class hierarchy updated for 'BlueprintGraph' in 0.0013 seconds. Added 126 classes and 0 folders.
[2025.07.25-00.46.03:530][151]LogAssetEditorSubsystem: Opening Asset editor for Blueprint /Game/ThirdPersonBP/Blueprints/blueprints/bad_guy.bad_guy
[2025.07.25-00.46.05:178][151]LogAssetEditorSubsystem: Opening Asset editor for Blueprint /Game/ThirdPersonBP/Blueprints/blueprints/EnemyCharacter.EnemyCharacter
[2025.07.25-00.46.06:800][151]LogAssetEditorSubsystem: Opening Asset editor for ParticleSystem /Game/ThirdPersonBP/Blueprints/blueprints/particulas_enemy_spawned.particulas_enemy_spawned
[2025.07.25-00.46.06:870][151]LogNativeClassHierarchy: Verbose: Native class hierarchy updated for 'Cascade' in 0.0007 seconds. Added 2 classes and 2 folders.
[2025.07.25-00.46.07:290][151]LogAssetEditorSubsystem: Opening Asset editor for Blueprint /Game/ThirdPersonBP/Blueprints/blueprints/ParticulasEnemySpawnedMaterial.ParticulasEnemySpawnedMaterial
[2025.07.25-00.46.08:077][151]LogAssetEditorSubsystem: Opening Asset editor for ParticleSystem /Game/ThirdPersonBP/Blueprints/blueprints/particulas_enemy_spawned1.particulas_enemy_spawned1
[2025.07.25-00.46.08:323][151]LogAssetEditorSubsystem: Opening Asset editor for Blueprint /Game/ThirdPersonBP/Blueprints/blueprints/enemy_bullet.enemy_bullet
[2025.07.25-00.46.08:924][151]LogAssetEditorSubsystem: Opening Asset editor for Blueprint /Game/ThirdPersonBP/Blueprints/blueprints/Cave.Cave
[2025.07.25-00.46.10:001][151]LogSlate: Took 0.000335 seconds to synchronously load lazily loaded font '../../../Engine/Content/Slate/Fonts/Roboto-BoldCondensed.ttf' (158K)
[2025.07.25-00.46.10:120][152]LogSlate: Took 0.000281 seconds to synchronously load lazily loaded font '../../../Engine/Content/Slate/Fonts/Roboto-Italic.ttf' (157K)
[2025.07.25-00.50.53:530][692]LogEditorViewport: Clicking on Actor (LMB): StaticMeshActor (Floor)
[2025.07.25-00.53.29:979][276]LogMaterial: Display: Missing cached shadermap for FoliageBrushSphereMaterial in PCD3D_SM5, Default, SM5 (DDC key hash: 33CAF99F9A5806E5C60EFA6B2B6D0694325E7095), compiling. 
[2025.07.25-00.53.30:006][276]LogShaderCompilers: Display: Submitted 14 shader compile jobs with 'Low' priority
[2025.07.25-00.53.30:120][276]LogShaderCompilers: Display: Worker (1/5): shaders left to compile 14
[2025.07.25-00.53.30:120][276]LogShaderCompilers: Display: Worker (2/5): shaders left to compile 10
[2025.07.25-00.53.30:120][276]LogShaderCompilers: Display: Worker (3/5): shaders left to compile 6
[2025.07.25-00.53.30:120][276]LogShaderCompilers: Display: Worker (4/5): shaders left to compile 2
[2025.07.25-00.53.30:120][276]LogShaderCompilers: Display: Started 14 'Local' shader compile jobs with 'Low' priority
[2025.07.25-00.53.31:711][358]LogShaderCompilers: Display: === FShaderJobCache stats ===
[2025.07.25-00.53.31:711][358]LogShaderCompilers: Display: Total job queries 55, among them cache hits 0 (0.00%)
[2025.07.25-00.53.31:711][358]LogShaderCompilers: Display: Tracking 43 distinct input hashes that result in 33 distinct outputs (76.74%)
[2025.07.25-00.53.31:711][358]LogShaderCompilers: Display: RAM used: 0.21 MB (0.00 GB) of 1638.40 MB (1.60 GB) budget. Usage: 0.01%
[2025.07.25-00.53.31:711][358]LogShaderCompilers: Display: ================================================
[2025.07.25-00.53.39:094][636]LogSlate: Window 'Save Asset As' being destroyed
[2025.07.25-00.54.55:621][495]LogSlate: Window 'Save Asset As' being destroyed
[2025.07.25-00.55.02:991][495]LogSlate: Window 'Message' being destroyed
[2025.07.25-00.55.03:003][495]Message dialog closed, result: No, title: Message, text: An object [ground006] of class [Texture2D] already exists in file [/Game/ThirdPersonBP/Blueprints/blueprints/Textures/ground006].  Do you want to replace the existing object?  If you click 'Yes', the existing object will be deleted.  Otherwise, click 'No' and choose a unique name for your new object.
[2025.07.25-00.55.36:747][986]LogSlate: Window 'Save Asset As' being destroyed
[2025.07.25-00.59.23:371][731]Cmd: SELECT NONE
[2025.07.25-00.59.53:416][255]LogUObjectHash: Compacting FUObjectHashTables data took   5.96ms
[2025.07.25-00.59.53:516][255]LogSavePackage: Moving '../../../../../UTN-e-learning/Unreal-Engine/Unreal-Projects/TP_PreEntrega/Saved/ThirdPersonExampleMap_Auto1CC458AAF49AAFE5671A40B9142A25CC9.tmp' to '../../../../../UTN-e-learning/Unreal-Engine/Unreal-Projects/TP_PreEntrega/Saved/Autosaves/Game/ThirdPersonBP/Maps/ThirdPersonExampleMap_Auto1.umap'
[2025.07.25-00.59.53:522][255]LogFileHelpers: Editor autosave (incl. external actors) for '/Game/ThirdPersonBP/Maps/ThirdPersonExampleMap' took 0.185
[2025.07.25-00.59.53:522][255]LogFileHelpers: Editor autosave (incl. sublevels & external actors) for all levels took 0.185
[2025.07.25-01.01.21:402][135]LogMaterial: Display: Missing cached shadermap for LayerVisMaterial in PCD3D_SM5, Default, SM5 (DDC key hash: 3727474444D0C7D931E1FED7415E004379616EC8), compiling. 
[2025.07.25-01.01.21:417][135]LogShaderCompilers: Display: Submitted 6 shader compile jobs with 'Low' priority
[2025.07.25-01.01.21:421][135]LogMaterial: Display: Missing cached shadermap for LandscapeMaterialInstanceConstant_0 in PCD3D_SM5, Default, SM5 (DDC key hash: 68FE6CEDE4994A23687FF8DF705BBB58F3531650), compiling. 
[2025.07.25-01.01.21:477][135]LogShaderCompilers: Display: Worker (1/5): shaders left to compile 6
[2025.07.25-01.01.21:477][135]LogShaderCompilers: Display: Worker (2/5): shaders left to compile 4
[2025.07.25-01.01.21:477][135]LogShaderCompilers: Display: Worker (3/5): shaders left to compile 2
[2025.07.25-01.01.21:477][135]LogShaderCompilers: Display: Started 6 'Local' shader compile jobs with 'Low' priority
[2025.07.25-01.01.21:478][135]LogShaderCompilers: Display: Worker (4/5): shaders left to compile 10
[2025.07.25-01.01.21:478][135]LogShaderCompilers: Display: Submitted 16 shader compile jobs with 'Low' priority
[2025.07.25-01.01.21:497][135]LogShaderCompilers: Display: Started 3 'Local' shader compile jobs with 'Low' priority
[2025.07.25-01.01.21:497][135]LogMaterial: Display: Missing cached shadermap for SelectBrushMaterial in PCD3D_SM5, Default, SM5 (DDC key hash: 414B07509172D81FE30852C74482E7F4DB2C54DB), compiling. 
[2025.07.25-01.01.21:539][135]LogShaderCompilers: Display: Submitted 12 shader compile jobs with 'Low' priority
[2025.07.25-01.01.21:547][135]LogMaterial: Display: Missing cached shadermap for LandscapeMaterialInstanceConstant_1 in PCD3D_SM5, Default, SM5 (DDC key hash: E3905A07002F0DB8BB44973BFAB3F83502525D7A), compiling. 
[2025.07.25-01.01.21:626][135]LogShaderCompilers: Display: Submitted 28 shader compile jobs with 'Low' priority
[2025.07.25-01.01.21:636][135]LogMaterial: Display: Missing cached shadermap for SelectBrushMaterial_SelectedRegion in PCD3D_SM5, Default, SM5 (DDC key hash: D5A69F0D1EFAC41453981D32E2D5066C4342F2D0), compiling. 
[2025.07.25-01.01.21:675][135]LogShaderCompilers: Display: Submitted 12 shader compile jobs with 'Low' priority
[2025.07.25-01.01.21:679][135]LogMaterial: Display: Missing cached shadermap for LandscapeMaterialInstanceConstant_2 in PCD3D_SM5, Default, SM5 (DDC key hash: 6A07C1F0106461DA7EC60D51BBF4738856E78A44), compiling. 
[2025.07.25-01.01.21:751][135]LogShaderCompilers: Display: Submitted 28 shader compile jobs with 'Low' priority
[2025.07.25-01.01.21:771][135]LogMaterial: Display: Missing cached shadermap for MaskBrushMaterial in PCD3D_SM5, Default, SM5 (DDC key hash: CBCF41C867A23F36F655C229DCCE29A0705932EF), compiling. 
[2025.07.25-01.01.21:809][135]LogShaderCompilers: Display: Submitted 12 shader compile jobs with 'Low' priority
[2025.07.25-01.01.21:812][135]LogMaterial: Display: Missing cached shadermap for MaskBrushMaterial_MaskedRegion in PCD3D_SM5, Default, SM5 (DDC key hash: 18B0FF1DC44C239A448B85408E41C3E021CFDC58), compiling. 
[2025.07.25-01.01.21:850][135]LogMaterial: Display: Missing cached shadermap for LandscapeMaterialInstanceConstant_3 in PCD3D_SM5, Default, SM5 (DDC key hash: 02826AB5E1A5EBB5931F49B5A0B1ACBD359547F3), compiling. 
[2025.07.25-01.01.21:919][135]LogShaderCompilers: Display: Submitted 28 shader compile jobs with 'Low' priority
[2025.07.25-01.01.21:937][135]LogMaterial: Display: Missing cached shadermap for ColorMaskBrushMaterial in PCD3D_SM5, Default, SM5 (DDC key hash: 8FEDF7D5F74F3CF86ACEC82B9472CC14EDC037C6), compiling. 
[2025.07.25-01.01.21:969][135]LogShaderCompilers: Display: Submitted 12 shader compile jobs with 'Low' priority
[2025.07.25-01.01.21:976][135]LogMaterial: Display: Missing cached shadermap for LandscapeMaterialInstanceConstant_4 in PCD3D_SM5, Default, SM5 (DDC key hash: 9D98232E7A5285D56EFEEA1735697860F8D7E968), compiling. 
[2025.07.25-01.01.22:040][135]LogShaderCompilers: Display: Submitted 28 shader compile jobs with 'Low' priority
[2025.07.25-01.01.22:049][135]LogMaterial: Display: Missing cached shadermap for LandscapeDirtyMaterial in PCD3D_SM5, Default, SM5 (DDC key hash: 7E965FC6E0C6DEFBC3CFE31A445A8D54AE7C0E14), compiling. 
[2025.07.25-01.01.22:091][135]LogShaderCompilers: Display: Submitted 12 shader compile jobs with 'Low' priority
[2025.07.25-01.01.22:095][135]LogMaterial: Display: Missing cached shadermap for LandscapeMaterialInstanceConstant_5 in PCD3D_SM5, Default, SM5 (DDC key hash: DA6B2FD283419FC0F121F10F7C3E8B889B44C26D), compiling. 
[2025.07.25-01.01.22:181][135]LogShaderCompilers: Display: Submitted 28 shader compile jobs with 'Low' priority
[2025.07.25-01.01.22:203][135]LogMaterial: Display: Missing cached shadermap for LandscapeLayerUsageMaterial in PCD3D_SM5, Default, SM5 (DDC key hash: 71AB8153E5DADED7D08BB11E1CAD35BFB341D6D5), compiling. 
[2025.07.25-01.01.22:234][135]LogShaderCompilers: Display: Submitted 6 shader compile jobs with 'Low' priority
[2025.07.25-01.01.22:240][135]LogMaterial: Display: Missing cached shadermap for LandscapeMaterialInstanceConstant_6 in PCD3D_SM5, Default, SM5 (DDC key hash: 3B8397F2E999742AAEB604168ABD8494EA97329E), compiling. 
[2025.07.25-01.01.22:292][135]LogShaderCompilers: Display: Submitted 16 shader compile jobs with 'Low' priority
[2025.07.25-01.01.22:317][135]LogMaterial: Display: Missing cached shadermap for FlattenHeightMat in PCD3D_SM5, Default, SM5 (DDC key hash: 1A5A503C44C0609C2C9506400B9C8DE59AF7D78D), compiling. 
[2025.07.25-01.01.22:358][135]LogShaderCompilers: Display: Submitted 14 shader compile jobs with 'Low' priority
[2025.07.25-01.01.22:379][135]LogMaterial: Display: Missing cached shadermap for MirrorPlaneMaterial in PCD3D_SM5, Default, SM5 (DDC key hash: 7091B77C249E09BCD0D38FA8ABF186EBC29CFB61), compiling. 
[2025.07.25-01.01.22:421][135]LogShaderCompilers: Display: Submitted 14 shader compile jobs with 'Low' priority
[2025.07.25-01.01.22:434][135]LogMaterial: Display: Missing cached shadermap for CircleBrushMaterial in PCD3D_SM5, Default, SM5 (DDC key hash: 22A69C86A1DF9A3A5690FC54C61CBC8C196FE3EB), compiling. 
[2025.07.25-01.01.22:477][135]LogShaderCompilers: Display: Submitted 12 shader compile jobs with 'Low' priority
[2025.07.25-01.01.22:479][135]LogMaterial: Display: Missing cached shadermap for CircleBrushMaterial_Smooth in PCD3D_SM5, Default, SM5 (DDC key hash: B90D084CE05AFBAEA540C857DD7DA7CC9AF150D2), compiling. 
[2025.07.25-01.01.22:513][135]LogShaderCompilers: Display: Submitted 12 shader compile jobs with 'Low' priority
[2025.07.25-01.01.22:520][135]LogMaterial: Display: Missing cached shadermap for LandscapeMaterialInstanceConstant_7 in PCD3D_SM5, Default, SM5 (DDC key hash: 196A78ADB6499BE882513AAE732E228DAEB5FA59), compiling. 
[2025.07.25-01.01.22:628][135]LogShaderCompilers: Display: Submitted 28 shader compile jobs with 'Low' priority
[2025.07.25-01.01.22:637][135]LogMaterial: Display: Missing cached shadermap for LandscapeMaterialInstanceConstant_8 in PCD3D_SM5, Default, SM5 (DDC key hash: D6F9E84944C112D6B4EFC13C5375B0F46500935B), compiling. 
[2025.07.25-01.01.22:722][135]LogShaderCompilers: Display: Submitted 28 shader compile jobs with 'Low' priority
[2025.07.25-01.01.22:732][135]LogMaterial: Display: Missing cached shadermap for CircleBrushMaterial_Spherical in PCD3D_SM5, Default, SM5 (DDC key hash: DFAF31E82ED9E4B6D263A5993F2E742D939BA1FE), compiling. 
[2025.07.25-01.01.22:776][135]LogShaderCompilers: Display: Submitted 12 shader compile jobs with 'Low' priority
[2025.07.25-01.01.22:779][135]LogMaterial: Display: Missing cached shadermap for LandscapeMaterialInstanceConstant_9 in PCD3D_SM5, Default, SM5 (DDC key hash: 3A61138A8044AB315BCF58E28DF3628C9F5CD276), compiling. 
[2025.07.25-01.01.22:846][135]LogShaderCompilers: Display: Submitted 28 shader compile jobs with 'Low' priority
[2025.07.25-01.01.22:852][135]LogMaterial: Display: Missing cached shadermap for CircleBrushMaterial_Tip in PCD3D_SM5, Default, SM5 (DDC key hash: 5F67CB9929F96E18F29C6E7AC20F52305D43C81C), compiling. 
[2025.07.25-01.01.22:889][135]LogShaderCompilers: Display: Submitted 12 shader compile jobs with 'Low' priority
[2025.07.25-01.01.22:894][135]LogMaterial: Display: Missing cached shadermap for LandscapeMaterialInstanceConstant_10 in PCD3D_SM5, Default, SM5 (DDC key hash: BDB0CF3ABBA97667372ABA1AFB874B033FEB7012), compiling. 
[2025.07.25-01.01.22:977][135]LogShaderCompilers: Display: Submitted 28 shader compile jobs with 'Low' priority
[2025.07.25-01.01.22:993][135]LogMaterial: Display: Missing cached shadermap for AlphaBrushMaterial in PCD3D_SM5, Default, SM5 (DDC key hash: 753454FA52D49A1C36D746DC12BF5A33E9F5FC80), compiling. 
[2025.07.25-01.01.23:025][135]LogShaderCompilers: Display: Submitted 12 shader compile jobs with 'Low' priority
[2025.07.25-01.01.23:029][135]LogMaterial: Display: Missing cached shadermap for LandscapeMaterialInstanceConstant_11 in PCD3D_SM5, Default, SM5 (DDC key hash: 164BDC3FF3C4C196289EE5D6D17F47C9AA8D7B4A), compiling. 
[2025.07.25-01.01.23:121][135]LogShaderCompilers: Display: Submitted 28 shader compile jobs with 'Low' priority
[2025.07.25-01.01.23:127][135]LogMaterial: Display: Missing cached shadermap for PatternBrushMaterial_Smooth in PCD3D_SM5, Default, SM5 (DDC key hash: 861E10957D4A7DF195449BD898F45BADEC291D01), compiling. 
[2025.07.25-01.01.23:167][135]LogShaderCompilers: Display: Worker (2/5): shaders left to compile 463
[2025.07.25-01.01.23:167][135]LogShaderCompilers: Display: Started 10 'Local' shader compile jobs with 'Low' priority
[2025.07.25-01.01.23:167][135]LogShaderCompilers: Display: Submitted 12 shader compile jobs with 'Low' priority
[2025.07.25-01.01.23:173][135]LogMaterial: Display: Missing cached shadermap for LandscapeMaterialInstanceConstant_12 in PCD3D_SM5, Default, SM5 (DDC key hash: D158D7021206DD70EC2171CBAC2C95188A117143), compiling. 
[2025.07.25-01.01.23:254][135]LogShaderCompilers: Display: Submitted 28 shader compile jobs with 'Low' priority
[2025.07.25-01.01.23:265][135]LogMaterial: Display: Missing cached shadermap for MaskBrushMaterial_Gizmo in PCD3D_SM5, Default, SM5 (DDC key hash: 249585F679EAB33B1FC44EC0079A1B0B9DE54868), compiling. 
[2025.07.25-01.01.23:307][135]LogShaderCompilers: Display: Submitted 12 shader compile jobs with 'Low' priority
[2025.07.25-01.01.23:312][135]LogMaterial: Display: Missing cached shadermap for LandscapeMaterialInstanceConstant_14 in PCD3D_SM5, Default, SM5 (DDC key hash: D990D171E2CCB827CB8F92623BBCA35EE46A38D9), compiling. 
[2025.07.25-01.01.23:400][135]LogShaderCompilers: Display: Submitted 28 shader compile jobs with 'Low' priority
[2025.07.25-01.01.23:419][135]LogActorComponent: UnregisterComponent: (/Engine/Transient.SphereBrushComponent) Not registered. Aborting.
[2025.07.25-01.01.23:477][135]LogTexture: Display: Building textures: Texture2D_2 (G8, 128X128)
[2025.07.25-01.01.23:682][135]LogShaderCompilers: Display: === FShaderJobCache stats ===
[2025.07.25-01.01.23:682][135]LogShaderCompilers: Display: Total job queries 619, among them cache hits 0 (0.00%)
[2025.07.25-01.01.23:682][135]LogShaderCompilers: Display: Tracking 57 distinct input hashes that result in 45 distinct outputs (78.95%)
[2025.07.25-01.01.23:682][135]LogShaderCompilers: Display: RAM used: 0.26 MB (0.00 GB) of 1638.40 MB (1.60 GB) budget. Usage: 0.02%
[2025.07.25-01.01.23:682][135]LogShaderCompilers: Display: ================================================
[2025.07.25-01.01.23:808][136]LogShaderCompilers: Display: Worker (4/5): shaders left to compile 533
[2025.07.25-01.01.23:808][136]LogShaderCompilers: Display: Started 10 'Local' shader compile jobs with 'Low' priority
[2025.07.25-01.01.23:926][140]LogShaderCompilers: Display: Worker (1/5): shaders left to compile 523
[2025.07.25-01.01.23:926][140]LogShaderCompilers: Display: Started 10 'Local' shader compile jobs with 'Low' priority
[2025.07.25-01.01.24:066][143]LogShaderCompilers: Display: Worker (3/5): shaders left to compile 513
[2025.07.25-01.01.24:066][143]LogShaderCompilers: Display: Started 10 'Local' shader compile jobs with 'Low' priority
[2025.07.25-01.01.31:153][367]LogShaderCompilers: Display: Worker (2/5): shaders left to compile 503
[2025.07.25-01.01.31:154][367]LogShaderCompilers: Display: Started 10 'Local' shader compile jobs with 'Low' priority
[2025.07.25-01.01.31:646][381]LogShaderCompilers: Display: Worker (4/5): shaders left to compile 493
[2025.07.25-01.01.31:647][381]LogShaderCompilers: Display: Started 10 'Local' shader compile jobs with 'Low' priority
[2025.07.25-01.01.34:434][466]LogShaderCompilers: Display: Worker (3/5): shaders left to compile 483
[2025.07.25-01.01.34:434][466]LogShaderCompilers: Display: Started 10 'Local' shader compile jobs with 'Low' priority
[2025.07.25-01.01.34:516][468]LogShaderCompilers: Display: Worker (1/5): shaders left to compile 473
[2025.07.25-01.01.34:516][468]LogShaderCompilers: Display: Started 10 'Local' shader compile jobs with 'Low' priority
[2025.07.25-01.01.39:603][631]LogShaderCompilers: Display: Worker (4/5): shaders left to compile 463
[2025.07.25-01.01.39:603][631]LogShaderCompilers: Display: Started 10 'Local' shader compile jobs with 'Low' priority
[2025.07.25-01.01.41:796][711]LogShaderCompilers: Display: Worker (2/5): shaders left to compile 453
[2025.07.25-01.01.41:796][711]LogShaderCompilers: Display: Started 10 'Local' shader compile jobs with 'Low' priority
[2025.07.25-01.01.44:984][827]LogShaderCompilers: Display: Worker (1/5): shaders left to compile 443
[2025.07.25-01.01.44:984][827]LogShaderCompilers: Display: Started 10 'Local' shader compile jobs with 'Low' priority
[2025.07.25-01.01.45:200][835]LogShaderCompilers: Display: Worker (3/5): shaders left to compile 433
[2025.07.25-01.01.45:200][835]LogShaderCompilers: Display: Started 10 'Local' shader compile jobs with 'Low' priority
[2025.07.25-01.01.51:244][ 46]LogShaderCompilers: Display: Worker (4/5): shaders left to compile 423
[2025.07.25-01.01.51:244][ 46]LogShaderCompilers: Display: Started 10 'Local' shader compile jobs with 'Low' priority
[2025.07.25-01.01.52:827][103]LogShaderCompilers: Display: Worker (2/5): shaders left to compile 413
[2025.07.25-01.01.52:827][103]LogShaderCompilers: Display: Started 10 'Local' shader compile jobs with 'Low' priority
[2025.07.25-01.01.55:989][212]LogShaderCompilers: Display: Worker (1/5): shaders left to compile 403
[2025.07.25-01.01.55:989][212]LogShaderCompilers: Display: Started 10 'Local' shader compile jobs with 'Low' priority
[2025.07.25-01.01.56:349][225]LogShaderCompilers: Display: Worker (3/5): shaders left to compile 393
[2025.07.25-01.01.56:349][225]LogShaderCompilers: Display: Started 10 'Local' shader compile jobs with 'Low' priority
[2025.07.25-01.01.59:008][316]LogShaderCompilers: Display: Worker (4/5): shaders left to compile 383
[2025.07.25-01.01.59:008][316]LogShaderCompilers: Display: Started 10 'Local' shader compile jobs with 'Low' priority
[2025.07.25-01.02.03:134][460]LogShaderCompilers: Display: Worker (2/5): shaders left to compile 373
[2025.07.25-01.02.03:134][460]LogShaderCompilers: Display: Started 10 'Local' shader compile jobs with 'Low' priority
[2025.07.25-01.02.05:938][553]LogShaderCompilers: Display: Worker (1/5): shaders left to compile 363
[2025.07.25-01.02.05:938][553]LogShaderCompilers: Display: Started 10 'Local' shader compile jobs with 'Low' priority
[2025.07.25-01.02.06:666][577]LogShaderCompilers: Display: Worker (4/5): shaders left to compile 353
[2025.07.25-01.02.06:666][577]LogShaderCompilers: Display: Started 10 'Local' shader compile jobs with 'Low' priority
[2025.07.25-01.02.06:803][582]LogShaderCompilers: Display: Worker (3/5): shaders left to compile 343
[2025.07.25-01.02.06:803][582]LogShaderCompilers: Display: Started 10 'Local' shader compile jobs with 'Low' priority
[2025.07.25-01.02.13:721][820]LogShaderCompilers: Display: Worker (2/5): shaders left to compile 333
[2025.07.25-01.02.13:721][820]LogShaderCompilers: Display: Started 10 'Local' shader compile jobs with 'Low' priority
[2025.07.25-01.02.14:567][847]LogShaderCompilers: Display: Worker (3/5): shaders left to compile 323
[2025.07.25-01.02.14:567][847]LogShaderCompilers: Display: Started 10 'Local' shader compile jobs with 'Low' priority
[2025.07.25-01.02.15:793][890]LogShaderCompilers: Display: Worker (1/5): shaders left to compile 313
[2025.07.25-01.02.15:794][890]LogShaderCompilers: Display: Started 10 'Local' shader compile jobs with 'Low' priority
[2025.07.25-01.02.17:167][937]LogShaderCompilers: Display: Worker (4/5): shaders left to compile 303
[2025.07.25-01.02.17:167][937]LogShaderCompilers: Display: Started 10 'Local' shader compile jobs with 'Low' priority
[2025.07.25-01.02.23:311][151]LogShaderCompilers: Display: Worker (3/5): shaders left to compile 293
[2025.07.25-01.02.23:312][151]LogShaderCompilers: Display: Started 10 'Local' shader compile jobs with 'Low' priority
[2025.07.25-01.02.23:714][165]LogShaderCompilers: Display: Worker (1/5): shaders left to compile 283
[2025.07.25-01.02.23:714][165]LogShaderCompilers: Display: Started 10 'Local' shader compile jobs with 'Low' priority
[2025.07.25-01.02.23:866][171]LogShaderCompilers: Display: Worker (2/5): shaders left to compile 273
[2025.07.25-01.02.23:866][171]LogShaderCompilers: Display: Started 10 'Local' shader compile jobs with 'Low' priority
[2025.07.25-01.02.26:921][278]LogShaderCompilers: Display: Worker (4/5): shaders left to compile 263
[2025.07.25-01.02.26:921][278]LogShaderCompilers: Display: Started 10 'Local' shader compile jobs with 'Low' priority
[2025.07.25-01.02.33:934][515]LogShaderCompilers: Display: Worker (3/5): shaders left to compile 253
[2025.07.25-01.02.33:934][515]LogShaderCompilers: Display: Started 10 'Local' shader compile jobs with 'Low' priority
[2025.07.25-01.02.34:144][522]LogShaderCompilers: Display: Worker (2/5): shaders left to compile 243
[2025.07.25-01.02.34:144][522]LogShaderCompilers: Display: Started 10 'Local' shader compile jobs with 'Low' priority
[2025.07.25-01.02.34:326][528]LogShaderCompilers: Display: Worker (1/5): shaders left to compile 233
[2025.07.25-01.02.34:326][528]LogShaderCompilers: Display: Started 10 'Local' shader compile jobs with 'Low' priority
[2025.07.25-01.02.35:989][588]LogShaderCompilers: Display: Worker (4/5): shaders left to compile 223
[2025.07.25-01.02.35:989][588]LogShaderCompilers: Display: Started 10 'Local' shader compile jobs with 'Low' priority
[2025.07.25-01.02.42:589][821]LogShaderCompilers: Display: Worker (1/5): shaders left to compile 213
[2025.07.25-01.02.42:591][821]LogShaderCompilers: Display: Started 10 'Local' shader compile jobs with 'Low' priority
[2025.07.25-01.02.43:143][841]LogShaderCompilers: Display: Worker (2/5): shaders left to compile 203
[2025.07.25-01.02.43:143][841]LogShaderCompilers: Display: Started 10 'Local' shader compile jobs with 'Low' priority
[2025.07.25-01.02.43:301][846]LogShaderCompilers: Display: Worker (3/5): shaders left to compile 193
[2025.07.25-01.02.43:301][846]LogShaderCompilers: Display: Started 10 'Local' shader compile jobs with 'Low' priority
[2025.07.25-01.02.46:298][932]LogShaderCompilers: Display: Worker (4/5): shaders left to compile 183
[2025.07.25-01.02.46:298][932]LogShaderCompilers: Display: Started 10 'Local' shader compile jobs with 'Low' priority
[2025.07.25-01.02.51:153][ 75]LogShaderCompilers: Display: Worker (1/5): shaders left to compile 173
[2025.07.25-01.02.51:154][ 75]LogShaderCompilers: Display: Started 10 'Local' shader compile jobs with 'Low' priority
[2025.07.25-01.02.54:354][169]LogShaderCompilers: Display: Worker (2/5): shaders left to compile 163
[2025.07.25-01.02.54:354][169]LogShaderCompilers: Display: Started 10 'Local' shader compile jobs with 'Low' priority
[2025.07.25-01.02.54:529][174]LogShaderCompilers: Display: Worker (3/5): shaders left to compile 153
[2025.07.25-01.02.54:529][174]LogShaderCompilers: Display: Started 10 'Local' shader compile jobs with 'Low' priority
[2025.07.25-01.02.56:501][234]LogShaderCompilers: Display: Worker (4/5): shaders left to compile 143
[2025.07.25-01.02.56:501][234]LogShaderCompilers: Display: Started 10 'Local' shader compile jobs with 'Low' priority
[2025.07.25-01.02.58:334][289]LogShaderCompilers: Display: Worker (1/5): shaders left to compile 133
[2025.07.25-01.02.58:335][289]LogShaderCompilers: Display: Started 10 'Local' shader compile jobs with 'Low' priority
[2025.07.25-01.03.04:976][484]LogShaderCompilers: Display: Worker (2/5): shaders left to compile 123
[2025.07.25-01.03.04:976][484]LogShaderCompilers: Display: Started 10 'Local' shader compile jobs with 'Low' priority
[2025.07.25-01.03.05:193][491]LogShaderCompilers: Display: Worker (3/5): shaders left to compile 113
[2025.07.25-01.03.05:193][491]LogShaderCompilers: Display: Started 10 'Local' shader compile jobs with 'Low' priority
[2025.07.25-01.03.06:516][534]LogShaderCompilers: Display: Worker (1/5): shaders left to compile 103
[2025.07.25-01.03.06:516][534]LogShaderCompilers: Display: Started 10 'Local' shader compile jobs with 'Low' priority
[2025.07.25-01.03.07:530][567]LogShaderCompilers: Display: Worker (4/5): shaders left to compile 93
[2025.07.25-01.03.07:530][567]LogShaderCompilers: Display: Started 10 'Local' shader compile jobs with 'Low' priority
[2025.07.25-01.03.16:027][852]LogShaderCompilers: Display: Worker (4/5): shaders left to compile 83
[2025.07.25-01.03.16:027][852]LogShaderCompilers: Display: Started 10 'Local' shader compile jobs with 'Low' priority
[2025.07.25-01.03.16:350][861]LogShaderCompilers: Display: Worker (2/5): shaders left to compile 73
[2025.07.25-01.03.16:350][861]LogShaderCompilers: Display: Started 10 'Local' shader compile jobs with 'Low' priority
[2025.07.25-01.03.16:564][868]LogShaderCompilers: Display: Worker (3/5): shaders left to compile 63
[2025.07.25-01.03.16:564][868]LogShaderCompilers: Display: Started 10 'Local' shader compile jobs with 'Low' priority
[2025.07.25-01.03.17:884][908]LogShaderCompilers: Display: Worker (1/5): shaders left to compile 53
[2025.07.25-01.03.17:884][908]LogShaderCompilers: Display: Started 10 'Local' shader compile jobs with 'Low' priority
[2025.07.25-01.03.26:579][190]LogShaderCompilers: Display: Worker (1/5): shaders left to compile 43
[2025.07.25-01.03.26:580][190]LogShaderCompilers: Display: Started 10 'Local' shader compile jobs with 'Low' priority
[2025.07.25-01.03.27:975][237]LogShaderCompilers: Display: Worker (4/5): shaders left to compile 33
[2025.07.25-01.03.27:975][237]LogShaderCompilers: Display: Started 9 'Local' shader compile jobs with 'Low' priority
[2025.07.25-01.03.28:219][245]LogShaderCompilers: Display: Worker (2/5): shaders left to compile 24
[2025.07.25-01.03.28:219][245]LogShaderCompilers: Display: Started 7 'Local' shader compile jobs with 'Low' priority
[2025.07.25-01.03.28:327][247]LogShaderCompilers: Display: Worker (3/5): shaders left to compile 17
[2025.07.25-01.03.28:328][247]LogShaderCompilers: Display: Started 5 'Local' shader compile jobs with 'Low' priority
[2025.07.25-01.03.35:082][477]LogShaderCompilers: Display: Worker (2/5): shaders left to compile 12
[2025.07.25-01.03.35:082][477]LogShaderCompilers: Display: Started 4 'Local' shader compile jobs with 'Low' priority
[2025.07.25-01.03.35:591][493]LogShaderCompilers: Display: Worker (3/5): shaders left to compile 8
[2025.07.25-01.03.35:592][493]LogShaderCompilers: Display: Started 3 'Local' shader compile jobs with 'Low' priority
[2025.07.25-01.03.38:851][595]LogShaderCompilers: Display: Worker (2/5): shaders left to compile 5
[2025.07.25-01.03.38:851][595]LogShaderCompilers: Display: Started 2 'Local' shader compile jobs with 'Low' priority
[2025.07.25-01.03.38:907][597]LogShaderCompilers: Display: Worker (1/5): shaders left to compile 3
[2025.07.25-01.03.38:907][597]LogShaderCompilers: Display: Started 1 'Local' shader compile jobs with 'Low' priority
[2025.07.25-01.03.38:949][598]LogShaderCompilers: Display: Worker (4/5): shaders left to compile 2
[2025.07.25-01.03.38:949][598]LogShaderCompilers: Display: Started 1 'Local' shader compile jobs with 'Low' priority
[2025.07.25-01.03.39:005][599]LogShaderCompilers: Display: Worker (3/5): shaders left to compile 1
[2025.07.25-01.03.39:005][599]LogShaderCompilers: Display: Started 1 'Local' shader compile jobs with 'Low' priority
[2025.07.25-01.04.51:649][788]LogTexture: Display: Building textures: Texture2D_0 (BGRA8, 128X128)
[2025.07.25-01.04.51:656][788]LogMaterial: Display: Missing cached shadermap for LandscapeMaterialInstanceConstant_0 in PCD3D_SM5, Default, SM5 (DDC key hash: C7CEFACC76A84A74E430920A660DBB69B712C565), compiling. Is special engine material.
[2025.07.25-01.04.51:836][788]LogShaderCompilers: Display: Submitted 110 shader compile jobs with 'High' priority
[2025.07.25-01.04.51:848][788]LogShaderCompilers: Display: Worker (1/5): shaders left to compile 110
[2025.07.25-01.04.51:848][788]LogShaderCompilers: Display: Worker (2/5): shaders left to compile 100
[2025.07.25-01.04.51:848][788]LogShaderCompilers: Display: Worker (3/5): shaders left to compile 90
[2025.07.25-01.04.51:848][788]LogShaderCompilers: Display: Worker (4/5): shaders left to compile 80
[2025.07.25-01.04.51:848][788]LogShaderCompilers: Display: Started 40 'Local' shader compile jobs with 'High' priority
[2025.07.25-01.04.57:310][788]LogShaderCompilers: Display: Worker (3/5): shaders left to compile 70
[2025.07.25-01.04.57:310][788]LogShaderCompilers: Display: Started 10 'Local' shader compile jobs with 'High' priority
[2025.07.25-01.04.57:854][788]LogShaderCompilers: Display: Worker (1/5): shaders left to compile 60
[2025.07.25-01.04.57:854][788]LogShaderCompilers: Display: Started 10 'Local' shader compile jobs with 'High' priority
[2025.07.25-01.04.58:357][788]LogShaderCompilers: Display: Worker (2/5): shaders left to compile 50
[2025.07.25-01.04.58:357][788]LogShaderCompilers: Display: Started 10 'Local' shader compile jobs with 'High' priority
[2025.07.25-01.04.59:172][788]LogShaderCompilers: Display: Worker (4/5): shaders left to compile 40
[2025.07.25-01.04.59:172][788]LogShaderCompilers: Display: Started 10 'Local' shader compile jobs with 'High' priority
[2025.07.25-01.05.01:626][788]LogShaderCompilers: Display: Worker (3/5): shaders left to compile 30
[2025.07.25-01.05.01:626][788]LogShaderCompilers: Display: Started 8 'Local' shader compile jobs with 'High' priority
[2025.07.25-01.05.04:274][788]LogShaderCompilers: Display: Worker (2/5): shaders left to compile 22
[2025.07.25-01.05.04:274][788]LogShaderCompilers: Display: Started 6 'Local' shader compile jobs with 'High' priority
[2025.07.25-01.05.04:681][788]LogShaderCompilers: Display: Worker (4/5): shaders left to compile 16
[2025.07.25-01.05.04:681][788]LogShaderCompilers: Display: Started 5 'Local' shader compile jobs with 'High' priority
[2025.07.25-01.05.05:500][788]LogShaderCompilers: Display: Worker (1/5): shaders left to compile 11
[2025.07.25-01.05.05:500][788]LogShaderCompilers: Display: Started 3 'Local' shader compile jobs with 'High' priority
[2025.07.25-01.05.06:920][788]LogShaderCompilers: Display: Worker (4/5): shaders left to compile 8
[2025.07.25-01.05.06:920][788]LogShaderCompilers: Display: Started 3 'Local' shader compile jobs with 'High' priority
[2025.07.25-01.05.06:920][788]LogShaderCompilers: Display: Worker (3/5): shaders left to compile 5
[2025.07.25-01.05.06:920][788]LogShaderCompilers: Display: Started 2 'Local' shader compile jobs with 'High' priority
[2025.07.25-01.05.06:920][788]LogShaderCompilers: Display: Worker (1/5): shaders left to compile 3
[2025.07.25-01.05.06:920][788]LogShaderCompilers: Display: Started 1 'Local' shader compile jobs with 'High' priority
[2025.07.25-01.05.07:690][788]LogShaderCompilers: Display: Worker (1/5): shaders left to compile 2
[2025.07.25-01.05.07:690][788]LogShaderCompilers: Display: Started 1 'Local' shader compile jobs with 'High' priority
[2025.07.25-01.05.08:541][788]LogShaderCompilers: Display: Worker (3/5): shaders left to compile 1
[2025.07.25-01.05.08:541][788]LogShaderCompilers: Display: Started 1 'Local' shader compile jobs with 'High' priority
[2025.07.25-01.05.08:768][788]LogShaderCompilers: Display: === FShaderJobCache stats ===
[2025.07.25-01.05.08:768][788]LogShaderCompilers: Display: Total job queries 729, among them cache hits 0 (0.00%)
[2025.07.25-01.05.08:768][788]LogShaderCompilers: Display: Tracking 717 distinct input hashes that result in 345 distinct outputs (48.12%)
[2025.07.25-01.05.08:769][788]LogShaderCompilers: Display: RAM used: 1.75 MB (0.00 GB) of 1638.40 MB (1.60 GB) budget. Usage: 0.11%
[2025.07.25-01.05.08:769][788]LogShaderCompilers: Display: ================================================
[2025.07.25-01.06.45:916][684]Cmd: TRANSACTION UNDO
[2025.07.25-01.06.45:916][684]LogEditorTransaction: Undo Landscape Editing: Sculpt
[2025.07.25-01.06.45:921][684]LogTexture: Display: Building textures: Texture2D_0 (BGRA8, 128X128)
[2025.07.25-01.06.46:928][722]Cmd: TRANSACTION UNDO
[2025.07.25-01.06.46:929][722]LogEditorTransaction: Undo Landscape Editing: Sculpt
[2025.07.25-01.06.50:304][919]LogEditorViewport: Clicking on Actor (double click): PostProcessVolume (PostProcessVolume)
[2025.07.25-01.06.51:152][969]LogEditorViewport: Clicking on Actor (double click): LightmassImportanceVolume (LightmassImportanceVolume)
[2025.07.25-01.06.53:631][117]LogEditorViewport: Clicking on Actor (double click): PostProcessVolume (PostProcessVolume)
[2025.07.25-01.06.54:317][158]LogEditorViewport: Clicking on Actor (double click): PostProcessVolume (PostProcessVolume)
[2025.07.25-01.06.54:783][186]LogEditorViewport: Clicking on Actor (double click): PostProcessVolume (PostProcessVolume)
[2025.07.25-01.06.55:251][214]LogEditorViewport: Clicking on Actor (double click): PostProcessVolume (PostProcessVolume)
[2025.07.25-01.06.55:634][237]LogEditorViewport: Clicking on Actor (double click): PostProcessVolume (PostProcessVolume)
[2025.07.25-01.06.56:444][285]LogEditorViewport: Clicking on Actor (double click): Landscape (Landscape)
[2025.07.25-01.06.56:806][303]LogEditorViewport: Clicking Background
[2025.07.25-01.06.57:450][340]LogEditorViewport: Clicking on Actor (double click): PostProcessVolume (PostProcessVolume)
[2025.07.25-01.06.58:299][391]LogEditorViewport: Clicking on Actor (double click): PostProcessVolume (PostProcessVolume)
[2025.07.25-01.07.00:093][497]LogEditorViewport: Clicking Background
[2025.07.25-01.07.00:770][537]LogEditorViewport: Clicking Background
[2025.07.25-01.07.01:564][584]LogEditorViewport: Clicking on Actor (double click): BP_GoodSky_C (BP_GoodSky)
[2025.07.25-01.09.16:126][397]LogAssetEditorSubsystem: Opening Asset editor for LandscapeInfo /Engine/Transient.LandscapeInfo_0
[2025.07.25-01.09.46:221][748]LogMaterial: Display: Missing cached shadermap for LandscapeMaterialInstanceConstant_10 in PCD3D_SM5, Default, SM5 (DDC key hash: 39DFBE01D624386D9C497BA8C2319E5DFB86B86E), compiling. 
[2025.07.25-01.09.46:231][748]LogShaderCompilers: Display: Submitted 2 shader compile jobs with 'ForceLocal' priority
[2025.07.25-01.09.46:238][748]LogShaderCompilers: Display: Worker (1/5): shaders left to compile 2
[2025.07.25-01.09.46:238][748]LogShaderCompilers: Display: Worker (2/5): shaders left to compile 1
[2025.07.25-01.09.46:238][748]LogShaderCompilers: Display: Started 2 'Local' shader compile jobs with 'ForceLocal' priority
[2025.07.25-01.09.46:340][748]LogShaderCompilers: Display: Worker (3/5): shaders left to compile 52
[2025.07.25-01.09.46:340][748]LogShaderCompilers: Display: Submitted 52 shader compile jobs with 'Normal' priority
[2025.07.25-01.09.46:340][748]LogShaderCompilers: Display: Worker (4/5): shaders left to compile 42
[2025.07.25-01.09.46:340][748]LogShaderCompilers: Display: Started 20 'Local' shader compile jobs with 'Normal' priority
[2025.07.25-01.09.48:006][790]LogShaderCompilers: Display: Worker (2/5): shaders left to compile 32
[2025.07.25-01.09.48:006][790]LogShaderCompilers: Display: Started 9 'Local' shader compile jobs with 'Normal' priority
[2025.07.25-01.09.48:014][790]LogShaderCompilers: Display: === FShaderJobCache stats ===
[2025.07.25-01.09.48:014][790]LogShaderCompilers: Display: Total job queries 783, among them cache hits 0 (0.00%)
[2025.07.25-01.09.48:014][790]LogShaderCompilers: Display: Tracking 718 distinct input hashes that result in 345 distinct outputs (48.05%)
[2025.07.25-01.09.48:014][790]LogShaderCompilers: Display: RAM used: 1.75 MB (0.00 GB) of 1638.40 MB (1.60 GB) budget. Usage: 0.11%
[2025.07.25-01.09.48:014][790]LogShaderCompilers: Display: ================================================
[2025.07.25-01.09.48:709][813]LogShaderCompilers: Display: Worker (1/5): shaders left to compile 23
[2025.07.25-01.09.48:709][813]LogShaderCompilers: Display: Started 6 'Local' shader compile jobs with 'Normal' priority
[2025.07.25-01.09.57:341][105]LogShaderCompilers: Display: Worker (1/5): shaders left to compile 17
[2025.07.25-01.09.57:341][105]LogShaderCompilers: Display: Started 5 'Local' shader compile jobs with 'Normal' priority
[2025.07.25-01.09.58:466][142]LogShaderCompilers: Display: Worker (3/5): shaders left to compile 12
[2025.07.25-01.09.58:466][142]LogShaderCompilers: Display: Started 4 'Local' shader compile jobs with 'Normal' priority
[2025.07.25-01.10.01:825][256]LogShaderCompilers: Display: Worker (4/5): shaders left to compile 8
[2025.07.25-01.10.01:826][256]LogShaderCompilers: Display: Started 3 'Local' shader compile jobs with 'Normal' priority
[2025.07.25-01.10.02:720][278]LogShaderCompilers: Display: Worker (2/5): shaders left to compile 5
[2025.07.25-01.10.02:720][278]LogShaderCompilers: Display: Started 2 'Local' shader compile jobs with 'Normal' priority
[2025.07.25-01.10.04:749][335]LogShaderCompilers: Display: Worker (1/5): shaders left to compile 3
[2025.07.25-01.10.04:749][335]LogShaderCompilers: Display: Started 1 'Local' shader compile jobs with 'Normal' priority
[2025.07.25-01.10.05:036][343]LogShaderCompilers: Display: Worker (3/5): shaders left to compile 2
[2025.07.25-01.10.05:036][343]LogShaderCompilers: Display: Started 1 'Local' shader compile jobs with 'Normal' priority
[2025.07.25-01.10.06:142][373]LogShaderCompilers: Display: Worker (2/5): shaders left to compile 1
[2025.07.25-01.10.06:142][373]LogShaderCompilers: Display: Started 1 'Local' shader compile jobs with 'Normal' priority
[2025.07.25-01.10.08:846][486]Cmd: SELECT NONE
[2025.07.25-01.10.49:147][750]LogActorComponent: UnregisterComponent: (/Engine/Transient.SphereBrushComponent) Not registered. Aborting.
[2025.07.25-01.11.01:294][462]LogEditorViewport: Clicking on Actor (LMB): Landscape (Landscape)
[2025.07.25-01.11.49:603][876]LogAssetEditorSubsystem: Opening Asset editor for Material /Game/ThirdPersonBP/Blueprints/blueprints/Textures/ground006_Mat.ground006_Mat
[2025.07.25-01.11.49:607][876]LogMaterial: Display: Missing cached shadermap for ground006_Mat in PCD3D_SM5, Default, SM5 (DDC key hash: 7527B4133865B9C21B25942EA60FF0A72E144F1A), compiling. 
[2025.07.25-01.11.49:638][876]LogShaderCompilers: Display: Submitted 12 shader compile jobs with 'Normal' priority
[2025.07.25-01.11.49:718][876]LogTexture: Default maximum texture size for cubemaps generated from long-lat sources has been changed from 512 to unlimited. In order to preserve old behaiour for '/Engine/EditorMaterials/AssetViewer/EpicQuadPanorama_CC+EV1.EpicQuadPanorama_CC+EV1', its maximum texture size has been explicitly set to 512.
[2025.07.25-01.11.49:929][876]LogTexture: Default maximum texture size for cubemaps generated from long-lat sources has been changed from 512 to unlimited. In order to preserve old behaiour for '/Engine/MapTemplates/Sky/SunsetAmbientCubemap.SunsetAmbientCubemap', its maximum texture size has been explicitly set to 512.
[2025.07.25-01.11.50:415][876]LogMaterial: Display: Missing cached shadermap for ground006_Mat in PCD3D_SM5, Default, SM5 (DDC key hash: C4301479BC1337D73EEDFFA6C307AE1013BD5A73), compiling. 
[2025.07.25-01.11.50:426][876]LogMaterial: Display: Missing cached shadermap for ground006_Mat in PCD3D_SM5, Default, SM5 (DDC key hash: 87260009C517D0565AC99D718DC122DC5C92F3D6), compiling. 
[2025.07.25-01.11.50:430][876]LogMaterial: Display: Missing cached shadermap for FMatExpressionPreview MaterialExpressionTextureSample_0 in PCD3D_SM5, Default, SM5 (DDC key hash: 980D4C5239076DD04A6E5F638AE08AF39887792E), compiling. 
[2025.07.25-01.11.50:476][876]MaterialEditorStats: Texture samplers: 0/16
[2025.07.25-01.11.50:476][876]MaterialEditorStats: Texture Lookups (Est.): VS(0), PS(1)
[2025.07.25-01.11.50:476][876]MaterialEditorStats: User interpolators: 2/4 Scalars (1/4 Vectors) (TexCoords: 2, Custom: 0)
[2025.07.25-01.11.50:640][877]LogShaderCompilers: Display: Submitted 2 shader compile jobs with 'ForceLocal' priority
[2025.07.25-01.11.50:640][877]LogShaderCompilers: Display: Worker (1/5): shaders left to compile 2
[2025.07.25-01.11.50:640][877]LogShaderCompilers: Display: Worker (2/5): shaders left to compile 1
[2025.07.25-01.11.50:640][877]LogShaderCompilers: Display: Started 2 'Local' shader compile jobs with 'ForceLocal' priority
[2025.07.25-01.11.50:640][877]LogShaderCompilers: Display: Submitted 10 shader compile jobs with 'Normal' priority
[2025.07.25-01.11.50:640][877]LogShaderCompilers: Display: Worker (3/5): shaders left to compile 10
[2025.07.25-01.11.50:640][877]LogShaderCompilers: Display: Worker (4/5): shaders left to compile 7
[2025.07.25-01.11.50:640][877]LogShaderCompilers: Display: Started 6 'Local' shader compile jobs with 'Normal' priority
[2025.07.25-01.11.50:912][881]LogShaderCompilers: Display: Submitted 2 shader compile jobs with 'ForceLocal' priority
[2025.07.25-01.11.53:143][915]LogShaderCompilers: Display: Worker (2/5): shaders left to compile 2
[2025.07.25-01.11.53:143][915]LogShaderCompilers: Display: Started 1 'Local' shader compile jobs with 'ForceLocal' priority
[2025.07.25-01.11.53:544][921]LogShaderCompilers: Display: Worker (1/5): shaders left to compile 1
[2025.07.25-01.11.53:544][921]LogShaderCompilers: Display: Started 1 'Local' shader compile jobs with 'ForceLocal' priority
[2025.07.25-01.11.53:597][922]MaterialEditorStats: Texture samplers: 3/16
[2025.07.25-01.11.53:597][922]MaterialEditorStats: Texture Lookups (Est.): VS(0), PS(1)
[2025.07.25-01.11.53:597][922]MaterialEditorStats: User interpolators: 2/4 Scalars (1/4 Vectors) (TexCoords: 2, Custom: 0)
[2025.07.25-01.11.55:143][951]LogShaderCompilers: Display: Worker (2/5): shaders left to compile 4
[2025.07.25-01.11.55:143][951]LogShaderCompilers: Display: Started 2 'Local' shader compile jobs with 'Normal' priority
[2025.07.25-01.11.55:389][956]LogShaderCompilers: Display: Worker (1/5): shaders left to compile 2
[2025.07.25-01.11.55:389][956]LogShaderCompilers: Display: Started 1 'Local' shader compile jobs with 'Normal' priority
[2025.07.25-01.11.57:854][ 23]LogShaderCompilers: Display: Worker (3/5): shaders left to compile 1
[2025.07.25-01.11.57:854][ 23]LogShaderCompilers: Display: Started 1 'Local' shader compile jobs with 'Normal' priority
[2025.07.25-01.11.59:957][ 76]MaterialEditorStats: Base pass shader: 120 instructions
[2025.07.25-01.11.59:957][ 76]MaterialEditorStats: Base pass shader with Surface Lightmap: 147 instructions
[2025.07.25-01.11.59:957][ 76]MaterialEditorStats: Base pass shader with Volumetric Lightmap: 194 instructions
[2025.07.25-01.11.59:957][ 76]MaterialEditorStats: Base pass vertex shader: 46 instructions
[2025.07.25-01.11.59:957][ 76]MaterialEditorStats: Texture samplers: 3/16
[2025.07.25-01.11.59:957][ 76]MaterialEditorStats: Texture Lookups (Est.): VS(0), PS(1)
[2025.07.25-01.11.59:957][ 76]MaterialEditorStats: User interpolators: 2/4 Scalars (1/4 Vectors) (TexCoords: 2, Custom: 0)
[2025.07.25-01.12.26:146][144]LogContentBrowser: Deferred new asset folder creation: NewFolder
[2025.07.25-01.12.26:197][144]LogContentBrowser: Creating deferred item: NewFolder
[2025.07.25-01.12.29:193][292]LogSlate: Warning: Ignoring SetUserFocus because it's not an active modal Window (user 0 not set to SAssetTileView [SAssetView.cpp(1563)].
[2025.07.25-01.12.29:193][292]LogContentBrowser: Attempting asset rename: NewFolder -> Material
[2025.07.25-01.12.29:194][292]LogContentBrowser: End creating deferred item NewFolder
[2025.07.25-01.12.29:335][292]LogUObjectHash: Compacting FUObjectHashTables data took   9.38ms
[2025.07.25-01.12.29:364][292]LogTexture: Display: Building textures: Texture2D_0 (BGRA8, 128X128)
[2025.07.25-01.12.29:553][292]LogSavePackage: Moving '../../../../../UTN-e-learning/Unreal-Engine/Unreal-Projects/TP_PreEntrega/Saved/ThirdPersonExampleMap_Auto25B0E39AA4390E469EF07CDA4FE6B3EDD.tmp' to '../../../../../UTN-e-learning/Unreal-Engine/Unreal-Projects/TP_PreEntrega/Saved/Autosaves/Game/ThirdPersonBP/Maps/ThirdPersonExampleMap_Auto2.umap'
[2025.07.25-01.12.29:563][292]LogFileHelpers: Editor autosave (incl. external actors) for '/Game/ThirdPersonBP/Maps/ThirdPersonExampleMap' took 0.348
[2025.07.25-01.12.29:563][292]LogFileHelpers: Editor autosave (incl. sublevels & external actors) for all levels took 0.348
[2025.07.25-01.12.43:506][998]LogContentBrowser: Attempting asset rename: Material -> LandscapeMaterial
[2025.07.25-01.13.46:091][350]LogContentBrowser: Deferred new asset file creation: NewMaterial
[2025.07.25-01.13.46:109][350]LogContentBrowser: Creating deferred item: NewMaterial
[2025.07.25-01.13.50:880][630]LogContentBrowser: Attempting asset rename: NewMaterial -> Landscape
[2025.07.25-01.13.50:881][630]LogContentBrowser: End creating deferred item NewMaterial
[2025.07.25-01.13.51:691][675]LogAssetEditorSubsystem: Opening Asset editor for Material /Game/ThirdPersonBP/Blueprints/blueprints/Textures/LandscapeMaterial/Landscape.Landscape
[2025.07.25-01.13.51:694][675]LogMaterial: Display: Missing cached shadermap for Landscape in PCD3D_SM5, Default, SM5 (DDC key hash: 86F9EE0447B8991846EE1CB010771E1C915E85E2), compiling. 
[2025.07.25-01.13.51:717][675]LogShaderCompilers: Display: Submitted 10 shader compile jobs with 'Normal' priority
[2025.07.25-01.13.52:040][675]LogMaterial: Display: Missing cached shadermap for Landscape in PCD3D_SM5, Default, SM5 (DDC key hash: CD4060C7B23C28FA7BA2BBEEC6F98F6C6B483D5E), compiling. 
[2025.07.25-01.13.52:044][675]LogMaterial: Display: Missing cached shadermap for Landscape in PCD3D_SM5, Default, SM5 (DDC key hash: 88C722A957872B128614A7C3D9779B0C8EC5F763), compiling. 
[2025.07.25-01.13.52:083][675]MaterialEditorStats: Texture samplers: 0/16
[2025.07.25-01.13.52:145][676]LogShaderCompilers: Display: Submitted 2 shader compile jobs with 'ForceLocal' priority
[2025.07.25-01.13.52:146][676]LogShaderCompilers: Display: Worker (1/5): shaders left to compile 2
[2025.07.25-01.13.52:146][676]LogShaderCompilers: Display: Worker (2/5): shaders left to compile 1
[2025.07.25-01.13.52:146][676]LogShaderCompilers: Display: Started 2 'Local' shader compile jobs with 'ForceLocal' priority
[2025.07.25-01.13.52:146][676]LogShaderCompilers: Display: Submitted 8 shader compile jobs with 'Normal' priority
[2025.07.25-01.13.52:194][677]LogShaderCompilers: Display: Worker (3/5): shaders left to compile 8
[2025.07.25-01.13.52:194][677]LogShaderCompilers: Display: Worker (4/5): shaders left to compile 5
[2025.07.25-01.13.52:194][677]LogShaderCompilers: Display: Started 6 'Local' shader compile jobs with 'Normal' priority
[2025.07.25-01.13.54:095][720]LogShaderCompilers: Display: Worker (2/5): shaders left to compile 2
[2025.07.25-01.13.54:095][720]LogShaderCompilers: Display: Started 1 'Local' shader compile jobs with 'Normal' priority
[2025.07.25-01.13.54:099][720]LogShaderCompilers: Display: === FShaderJobCache stats ===
[2025.07.25-01.13.54:099][720]LogShaderCompilers: Display: Total job queries 834, among them cache hits 5 (0.60%)
[2025.07.25-01.13.54:099][720]LogShaderCompilers: Display: Tracking 786 distinct input hashes that result in 371 distinct outputs (47.20%)
[2025.07.25-01.13.54:100][720]LogShaderCompilers: Display: RAM used: 1.91 MB (0.00 GB) of 1638.40 MB (1.60 GB) budget. Usage: 0.12%
[2025.07.25-01.13.54:100][720]LogShaderCompilers: Display: ================================================
[2025.07.25-01.13.54:526][728]LogShaderCompilers: Display: Worker (1/5): shaders left to compile 1
[2025.07.25-01.13.54:526][728]LogShaderCompilers: Display: Started 1 'Local' shader compile jobs with 'Normal' priority
[2025.07.25-01.13.54:533][728]MaterialEditorStats: Texture samplers: 2/16
[2025.07.25-01.13.58:675][830]MaterialEditorStats: Base pass shader: 117 instructions
[2025.07.25-01.13.58:676][830]MaterialEditorStats: Base pass shader with Volumetric Lightmap: 191 instructions
[2025.07.25-01.13.58:676][830]MaterialEditorStats: Base pass vertex shader: 42 instructions
[2025.07.25-01.13.58:676][830]MaterialEditorStats: Texture samplers: 2/16
[2025.07.25-01.16.35:550][656]LogSavePackage: Moving '../../../../../UTN-e-learning/Unreal-Engine/Unreal-Projects/TP_PreEntrega/Saved/Landscape0469ACEC43946089972B72800A623B64.tmp' to '../../../../../UTN-e-learning/Unreal-Engine/Unreal-Projects/TP_PreEntrega/Content/ThirdPersonBP/Blueprints/blueprints/Textures/LandscapeMaterial/Landscape.uasset'
[2025.07.25-01.16.35:577][656]AssetCheck: New page: Asset Save: Landscape
[2025.07.25-01.16.35:577][656]LogContentValidation: Display: Validating Material /Game/ThirdPersonBP/Blueprints/blueprints/Textures/LandscapeMaterial/Landscape.Landscape
[2025.07.25-01.16.37:128][748]LogEditorViewport: Clicking on Actor (LMB): Landscape (Landscape)
[2025.07.25-01.16.38:011][792]LogUObjectHash: Compacting FUObjectHashTables data took   5.57ms
[2025.07.25-01.16.38:154][792]LogSavePackage: Moving '../../../../../UTN-e-learning/Unreal-Engine/Unreal-Projects/TP_PreEntrega/Saved/ThirdPersonExampleMap02A0B8B849206C7103E791BC3DF433EC.tmp' to '../../../../../UTN-e-learning/Unreal-Engine/Unreal-Projects/TP_PreEntrega/Content/ThirdPersonBP/Maps/ThirdPersonExampleMap.umap'
[2025.07.25-01.16.38:436][792]LogSavePackage: Moving '../../../../../UTN-e-learning/Unreal-Engine/Unreal-Projects/TP_PreEntrega/Saved/ThirdPersonExampleMap_BuiltData95191F7B4BCE931A978239817D740348.tmp' to '../../../../../UTN-e-learning/Unreal-Engine/Unreal-Projects/TP_PreEntrega/Content/ThirdPersonBP/Maps/ThirdPersonExampleMap_BuiltData.uasset'
[2025.07.25-01.16.38:491][792]AssetCheck: New page: Asset Save: multiple assets
[2025.07.25-01.16.38:492][792]LogContentValidation: Display: Validating MapBuildDataRegistry /Game/ThirdPersonBP/Maps/ThirdPersonExampleMap_BuiltData.ThirdPersonExampleMap_BuiltData
[2025.07.25-01.16.38:492][792]LogContentValidation: Display: Validating World /Game/ThirdPersonBP/Maps/ThirdPersonExampleMap.ThirdPersonExampleMap
[2025.07.25-01.16.45:599][ 32]LogAudioMixer: Warning: Changing default audio render device to new device: {0.0.0.00000000}.{67e6e69c-a453-4877-b60e-2bb37672be58}.
[2025.07.25-01.16.45:690][ 32]LogAudioMixer: Resetting audio stream to device id 
[2025.07.25-01.16.45:715][ 32]LogAudioMixer: Display: 0: FrontLeft
[2025.07.25-01.16.45:715][ 32]LogAudioMixer: Display: 1: FrontRight
[2025.07.25-20.49.30:367][942]LogAudioMixer: Warning: Changing default audio render device to new device: {0.0.0.00000000}.{fbe2289b-432e-4b1d-85e8-23d136161f11}.
[2025.07.25-20.49.30:367][942]LogAudioMixer: Resetting audio stream to device id 
[2025.07.25-20.49.30:505][942]LogAudioMixer: Display: 0: FrontLeft
[2025.07.25-20.49.30:505][942]LogAudioMixer: Display: 1: FrontRight
[2025.07.25-22.35.26:663][899]LogAudioMixer: Warning: Changing default audio render device to new device: {0.0.0.00000000}.{67e6e69c-a453-4877-b60e-2bb37672be58}.
[2025.07.25-22.35.26:666][899]LogAudioMixer: Resetting audio stream to device id 
[2025.07.25-22.35.27:203][899]LogAudioMixer: Display: 0: FrontLeft
[2025.07.25-22.35.27:204][899]LogAudioMixer: Display: 1: FrontRight
[2025.07.25-22.35.27:333][900]LogAudioMixer: Resetting audio stream to device id 
[2025.07.25-22.35.27:375][900]LogAudioMixer: Display: 0: FrontLeft
[2025.07.25-22.35.27:375][900]LogAudioMixer: Display: 1: FrontRight
