Log file open, 07/20/25 22:25:39
LogWindows: Failed to load 'aqProf.dll' (GetLastError=126)
LogWindows: File 'aqProf.dll' does not exist
LogWindows: Failed to load 'VtuneApi.dll' (GetLastError=126)
LogWindows: File 'VtuneApi.dll' does not exist
LogWindows: Failed to load 'VtuneApi32e.dll' (GetLastError=126)
LogWindows: File 'VtuneApi32e.dll' does not exist
LogConsoleResponse: Display: Failed to find resolution value strings in scalability ini. Falling back to default.
LogConsoleResponse: Display: Failed to find resolution value strings in scalability ini. Falling back to default.
LogInit: Display: Running engine for game: TP_PreEntrega
LogPlatformFile: Not using cached read wrapper
LogTaskGraph: Started task graph with 5 named threads and 23 total threads with 3 sets of task threads.
LogStats: Stats thread started at 0.465324
LogICUInternationalization: ICU TimeZone Detection - Raw Offset: -3:00, Platform Override: ''
LogInit: Display: Loading text-based GConfig....
LogPluginManager: Mounting plugin MeshPainting
LogPluginManager: Mounting plugin XGEController
LogPluginManager: Mounting plugin Paper2D
LogPluginManager: Mounting plugin AISupport
LogPluginManager: Mounting plugin EnvironmentQueryEditor
LogPluginManager: Mounting plugin LiveLink
LogPluginManager: Mounting plugin LightPropagationVolume
LogPluginManager: Mounting plugin CameraShakePreviewer
LogPluginManager: Mounting plugin GameplayCameras
LogPluginManager: Mounting plugin AnimationSharing
LogPluginManager: Mounting plugin CLionSourceCodeAccess
LogPluginManager: Mounting plugin GitSourceControl
LogPluginManager: Mounting plugin CodeLiteSourceCodeAccess
LogPluginManager: Mounting plugin KDevelopSourceCodeAccess
LogPluginManager: Mounting plugin NullSourceCodeAccess
LogPluginManager: Mounting plugin PerforceSourceControl
LogPluginManager: Mounting plugin PixWinPlugin
LogPluginManager: Mounting plugin PlasticSourceControl
LogPluginManager: Mounting plugin PropertyAccessNode
LogPluginManager: Mounting plugin PluginUtils
LogPluginManager: Mounting plugin RiderSourceCodeAccess
LogPluginManager: Mounting plugin SubversionSourceControl
LogPluginManager: Mounting plugin TextureFormatOodle
LogPluginManager: Mounting plugin UObjectPlugin
LogPluginManager: Mounting plugin AssetManagerEditor
LogPluginManager: Mounting plugin CryptoKeys
LogPluginManager: Mounting plugin CurveEditorTools
LogPluginManager: Mounting plugin DataValidation
LogPluginManager: Mounting plugin FacialAnimation
LogPluginManager: Mounting plugin GameplayTagsEditor
LogPluginManager: Mounting plugin GeometryMode
LogPluginManager: Mounting plugin MacGraphicsSwitching
LogPluginManager: Mounting plugin VisualStudioCodeSourceCodeAccess
LogPluginManager: Mounting plugin MaterialAnalyzer
LogPluginManager: Mounting plugin VisualStudioSourceCodeAccess
LogPluginManager: Mounting plugin XCodeSourceCodeAccess
LogPluginManager: Mounting plugin MobileLauncherProfileWizard
LogPluginManager: Mounting plugin PluginBrowser
LogPluginManager: Mounting plugin SpeedTreeImporter
LogPluginManager: Mounting plugin StylusInput
LogPluginManager: Mounting plugin DatasmithContent
LogPluginManager: Mounting plugin AlembicImporter
LogPluginManager: Mounting plugin AutomationUtils
LogPluginManager: Mounting plugin BackChannel
LogPluginManager: Mounting plugin ChaosCloth
LogPluginManager: Mounting plugin ChaosClothEditor
LogPluginManager: Mounting plugin ChaosNiagara
LogPluginManager: Mounting plugin ChaosEditor
LogPluginManager: Mounting plugin ChaosSolverPlugin
LogPluginManager: Mounting plugin CharacterAI
LogPluginManager: Mounting plugin GeometryCache
LogPluginManager: Mounting plugin GeometryCollectionPlugin
LogPluginManager: Mounting plugin Niagara
LogPluginManager: Mounting plugin VariantManagerContent
LogPluginManager: Mounting plugin GeometryProcessing
LogPluginManager: Mounting plugin MeshModelingToolset
LogPluginManager: Mounting plugin ModelingToolsEditorMode
LogPluginManager: Mounting plugin MotoSynth
LogPluginManager: Mounting plugin OpenImageDenoise
LogPluginManager: Mounting plugin PlanarCut
LogPluginManager: Mounting plugin ProxyLODPlugin
LogPluginManager: Mounting plugin PlatformCrypto
LogPluginManager: Mounting plugin PythonScriptPlugin
LogPluginManager: Mounting plugin SkeletalReduction
LogPluginManager: Mounting plugin LuminPlatformFeatures
LogPluginManager: Mounting plugin MagicLeap
LogPluginManager: Mounting plugin MagicLeapMedia
LogPluginManager: Mounting plugin MagicLeapLightEstimation
LogPluginManager: Mounting plugin MagicLeapPassableWorld
LogPluginManager: Mounting plugin MLSDK
LogPluginManager: Mounting plugin TcpMessaging
LogPluginManager: Mounting plugin UdpMessaging
LogPluginManager: Mounting plugin AndroidMedia
LogPluginManager: Mounting plugin AvfMedia
LogPluginManager: Mounting plugin ImgMedia
LogPluginManager: Mounting plugin MediaCompositing
LogPluginManager: Mounting plugin MediaPlayerEditor
LogPluginManager: Mounting plugin WmfMedia
LogPluginManager: Mounting plugin WebMMedia
LogPluginManager: Mounting plugin ActorSequence
LogPluginManager: Mounting plugin LevelSequenceEditor
LogPluginManager: Mounting plugin MatineeToLevelSequence
LogPluginManager: Mounting plugin TemplateSequence
LogPluginManager: Mounting plugin LauncherChunkInstaller
LogPluginManager: Mounting plugin ActorLayerUtilities
LogPluginManager: Mounting plugin OnlineSubsystem
LogPluginManager: Mounting plugin AndroidDeviceProfileSelector
LogPluginManager: Mounting plugin AndroidPermission
LogPluginManager: Mounting plugin AndroidMoviePlayer
LogPluginManager: Mounting plugin OnlineSubsystemNull
LogPluginManager: Mounting plugin AppleImageUtils
LogPluginManager: Mounting plugin AppleMoviePlayer
LogPluginManager: Mounting plugin OnlineSubsystemUtils
LogPluginManager: Mounting plugin ArchVisCharacter
LogPluginManager: Mounting plugin AssetTags
LogPluginManager: Mounting plugin AudioCapture
LogPluginManager: Mounting plugin AudioSynesthesia
LogPluginManager: Mounting plugin CableComponent
LogPluginManager: Mounting plugin ChunkDownloader
LogPluginManager: Mounting plugin CustomMeshComponent
LogPluginManager: Mounting plugin EditableMesh
LogPluginManager: Mounting plugin ExampleDeviceProfileSelector
LogPluginManager: Mounting plugin GoogleCloudMessaging
LogPluginManager: Mounting plugin GooglePAD
LogPluginManager: Mounting plugin HairStrands
LogPluginManager: Mounting plugin ScreenshotTools
LogPluginManager: Mounting plugin IOSDeviceProfileSelector
LogPluginManager: Mounting plugin LinuxDeviceProfileSelector
LogPluginManager: Mounting plugin LocationServicesBPLibrary
LogPluginManager: Mounting plugin MobilePatchingUtils
LogPluginManager: Mounting plugin OpenXR
LogPluginManager: Mounting plugin OpenXREyeTracker
LogPluginManager: Mounting plugin OpenXRHandTracking
LogPluginManager: Mounting plugin PhysXVehicles
LogPluginManager: Mounting plugin Takes
LogPluginManager: Mounting plugin PostSplashScreen
LogPluginManager: Mounting plugin ProceduralMeshComponent
LogPluginManager: Mounting plugin PropertyAccessEditor
LogPluginManager: Mounting plugin RuntimePhysXCooking
LogPluginManager: Mounting plugin SignificanceManager
LogPluginManager: Mounting plugin SoundFields
LogPluginManager: Mounting plugin Synthesis
LogPluginManager: Mounting plugin WebMMoviePlayer
LogPluginManager: Mounting plugin WindowsMoviePlayer
LogPluginManager: Mounting plugin OodleData
LogPluginManager: Mounting plugin OodleNetwork
LogPluginManager: Mounting plugin ContentBrowserAssetDataSource
LogPluginManager: Mounting plugin ContentBrowserClassDataSource
LogPluginManager: Mounting plugin ContentBrowserFileDataSource
LogPluginManager: Mounting plugin OnlineSubsystemGooglePlay
LogPluginManager: Mounting plugin OnlineSubsystemIOS
LogPluginManager: Mounting plugin OculusVR
LogPluginManager: Mounting plugin SteamVR
PixWinPlugin: PIX capture plugin failed to initialize! Check that the process is launched from PIX.
LogInit: Using libcurl 7.55.1-DEV
LogInit:  - built for x86_64-pc-win32
LogInit:  - supports SSL with OpenSSL/1.1.1
LogInit:  - supports HTTP deflate (compression) using libz 1.2.8
LogInit:  - other features:
LogInit:      CURL_VERSION_SSL
LogInit:      CURL_VERSION_LIBZ
LogInit:      CURL_VERSION_IPV6
LogInit:      CURL_VERSION_ASYNCHDNS
LogInit:      CURL_VERSION_LARGEFILE
LogInit:      CURL_VERSION_IDN
LogInit:  CurlRequestOptions (configurable via config and command line):
LogInit:  - bVerifyPeer = true  - Libcurl will verify peer certificate
LogInit:  - bUseHttpProxy = false  - Libcurl will NOT use HTTP proxy
LogInit:  - bDontReuseConnections = false  - Libcurl will reuse connections
LogInit:  - MaxHostConnections = 16  - Libcurl will limit the number of connections to a host
LogInit:  - LocalHostAddr = Default
LogInit:  - BufferSize = 65536
LogOnline: OSS: Creating online subsystem instance for: NULL
LogInit: WinSock: version 1.1 (2.2), MaxSocks=32767, MaxUdp=65467
LogOnline: OSS: TryLoadSubsystemAndSetDefault: Loaded subsystem for module [NULL]
LogOculusPluginWrapper: OculusPlugin initialized successfully
LogHMD: Failed initializing OVRPlugin 1.59.0
LogInit: Build: ++UE4+Release-4.27-CL-18319896
LogInit: Engine Version: 4.27.2-18319896+++UE4+Release-4.27
LogInit: Compatible Engine Version: 4.27.0-17155196+++UE4+Release-4.27
LogInit: Net CL: 17155196
LogInit: OS: Windows 10 (Release 2009) (), CPU: Intel(R) Core(TM) i5-9300H CPU @ 2.40GHz, GPU: Intel(R) UHD Graphics 630
LogInit: Compiled (64-bit): Nov 30 2021 07:12:08
LogInit: Compiled with Visual C++: 19.24.28315.00
LogInit: Build Configuration: Development
LogInit: Branch Name: ++UE4+Release-4.27
LogInit: Command Line: 
LogInit: Base Directory: D:/UE4-Windows/UE_4.27/Engine/Binaries/Win64/
LogInit: Allocator: TBB
LogInit: Installed Engine Build: 1
LogDevObjectVersion: Number of dev versions registered: 29
LogDevObjectVersion:   Dev-Blueprints (B0D832E4-1F89-4F0D-ACCF-7EB736FD4AA2): 10
LogDevObjectVersion:   Dev-Build (E1C64328-A22C-4D53-A36C-8E866417BD8C): 0
LogDevObjectVersion:   Dev-Core (375EC13C-06E4-48FB-B500-84F0262A717E): 4
LogDevObjectVersion:   Dev-Editor (E4B068ED-F494-42E9-A231-DA0B2E46BB41): 40
LogDevObjectVersion:   Dev-Framework (CFFC743F-43B0-4480-9391-14DF171D2073): 37
LogDevObjectVersion:   Dev-Mobile (B02B49B5-BB20-44E9-A304-32B752E40360): 3
LogDevObjectVersion:   Dev-Networking (A4E4105C-59A1-49B5-A7C5-40C4547EDFEE): 0
LogDevObjectVersion:   Dev-Online (39C831C9-5AE6-47DC-9A44-9C173E1C8E7C): 0
LogDevObjectVersion:   Dev-Physics (78F01B33-EBEA-4F98-B9B4-84EACCB95AA2): 14
LogDevObjectVersion:   Dev-Platform (6631380F-2D4D-43E0-8009-CF276956A95A): 0
LogDevObjectVersion:   Dev-Rendering (12F88B9F-8875-4AFC-A67C-D90C383ABD29): 45
LogDevObjectVersion:   Dev-Sequencer (7B5AE74C-D270-4C10-A958-57980B212A5A): 13
LogDevObjectVersion:   Dev-VR (D7296918-1DD6-4BDD-9DE2-64A83CC13884): 3
LogDevObjectVersion:   Dev-LoadTimes (C2A15278-BFE7-4AFE-6C17-90FF531DF755): 1
LogDevObjectVersion:   Private-Geometry (6EACA3D4-40EC-4CC1-B786-8BED09428FC5): 3
LogDevObjectVersion:   Dev-AnimPhys (29E575DD-E0A3-4627-9D10-D276232CDCEA): 17
LogDevObjectVersion:   Dev-Anim (AF43A65D-7FD3-4947-9873-3E8ED9C1BB05): 15
LogDevObjectVersion:   Dev-ReflectionCapture (6B266CEC-1EC7-4B8F-A30B-E4D90942FC07): 1
LogDevObjectVersion:   Dev-Automation (0DF73D61-A23F-47EA-B727-89E90C41499A): 1
LogDevObjectVersion:   FortniteMain (601D1886-AC64-4F84-AA16-D3DE0DEAC7D6): 47
LogDevObjectVersion:   FortniteRelease (E7086368-6B23-4C58-8439-1B7016265E91): 1
LogDevObjectVersion:   Dev-Enterprise (9DFFBCD6-494F-0158-E221-12823C92A888): 10
LogDevObjectVersion:   Dev-Niagara (F2AED0AC-9AFE-416F-8664-AA7FFA26D6FC): 1
LogDevObjectVersion:   Dev-Destruction (174F1F0B-B4C6-45A5-B13F-2EE8D0FB917D): 10
LogDevObjectVersion:   Dev-Physics-Ext (35F94A83-E258-406C-A318-09F59610247C): 41
LogDevObjectVersion:   Dev-PhysicsMaterial-Chaos (B68FC16E-8B1B-42E2-B453-215C058844FE): 1
LogDevObjectVersion:   Dev-CineCamera (B2E18506-4273-CFC2-A54E-F4BB758BBA07): 1
LogDevObjectVersion:   Dev-VirtualProduction (64F58936-FD1B-42BA-BA96-7289D5D0FA4E): 1
LogDevObjectVersion:   Dev-MediaFramework (6F0ED827-A609-4895-9C91-998D90180EA4): 2
LogInit: Presizing for max 25165824 objects, including 0 objects not considered by GC, pre-allocating 0 bytes for permanent pool.
LogConfig: Applying CVar settings from Section [/Script/Engine.StreamingSettings] File [D:/UTN-e-learning/Unreal-Engine/Unreal-Projects/TP_PreEntrega/Saved/Config/Windows/Engine.ini]
LogConfig: Setting CVar [[s.MinBulkDataSizeForAsyncLoading:131072]]
LogConfig: Setting CVar [[s.AsyncLoadingThreadEnabled:0]]
LogConfig: Setting CVar [[s.EventDrivenLoaderEnabled:1]]
LogConfig: Setting CVar [[s.WarnIfTimeLimitExceeded:0]]
LogConfig: Setting CVar [[s.TimeLimitExceededMultiplier:1.5]]
LogConfig: Setting CVar [[s.TimeLimitExceededMinTime:0.005]]
LogConfig: Setting CVar [[s.UseBackgroundLevelStreaming:1]]
LogConfig: Setting CVar [[s.PriorityAsyncLoadingExtraTime:15.0]]
LogConfig: Setting CVar [[s.LevelStreamingActorsUpdateTimeLimit:5.0]]
LogConfig: Setting CVar [[s.PriorityLevelStreamingActorsUpdateExtraTime:5.0]]
LogConfig: Setting CVar [[s.LevelStreamingComponentsRegistrationGranularity:10]]
LogConfig: Setting CVar [[s.UnregisterComponentsTimeLimit:1.0]]
LogConfig: Setting CVar [[s.LevelStreamingComponentsUnregistrationGranularity:5]]
LogConfig: Setting CVar [[s.FlushStreamingOnExit:1]]
LogInit: Object subsystem initialized
LogConfig: Setting CVar [[con.DebugEarlyDefault:1]]
LogConfig: Setting CVar [[r.setres:1280x720]]
LogConfig: Setting CVar [[fx.NiagaraAllowRuntimeScalabilityChanges:1]]
[2025.07.21-01.25.40:009][  0]LogConfig: Setting CVar [[r.VSync:0]]
[2025.07.21-01.25.40:009][  0]LogConfig: Setting CVar [[r.RHICmdBypass:0]]
[2025.07.21-01.25.40:009][  0]LogConfig: Applying CVar settings from Section [/Script/Engine.RendererSettings] File [D:/UTN-e-learning/Unreal-Engine/Unreal-Projects/TP_PreEntrega/Saved/Config/Windows/Engine.ini]
[2025.07.21-01.25.40:009][  0]LogConfig: Setting CVar [[r.GPUCrashDebugging:0]]
[2025.07.21-01.25.40:009][  0]LogConfig: Applying CVar settings from Section [/Script/Engine.RendererOverrideSettings] File [D:/UTN-e-learning/Unreal-Engine/Unreal-Projects/TP_PreEntrega/Saved/Config/Windows/Engine.ini]
[2025.07.21-01.25.40:009][  0]LogConfig: Applying CVar settings from Section [/Script/Engine.StreamingSettings] File [D:/UTN-e-learning/Unreal-Engine/Unreal-Projects/TP_PreEntrega/Saved/Config/Windows/Engine.ini]
[2025.07.21-01.25.40:009][  0]LogConfig: Setting CVar [[s.MinBulkDataSizeForAsyncLoading:131072]]
[2025.07.21-01.25.40:009][  0]LogConfig: Setting CVar [[s.AsyncLoadingThreadEnabled:0]]
[2025.07.21-01.25.40:009][  0]LogConfig: Setting CVar [[s.EventDrivenLoaderEnabled:1]]
[2025.07.21-01.25.40:009][  0]LogConfig: Setting CVar [[s.WarnIfTimeLimitExceeded:0]]
[2025.07.21-01.25.40:009][  0]LogConfig: Setting CVar [[s.TimeLimitExceededMultiplier:1.5]]
[2025.07.21-01.25.40:009][  0]LogConfig: Setting CVar [[s.TimeLimitExceededMinTime:0.005]]
[2025.07.21-01.25.40:009][  0]LogConfig: Setting CVar [[s.UseBackgroundLevelStreaming:1]]
[2025.07.21-01.25.40:009][  0]LogConfig: Setting CVar [[s.PriorityAsyncLoadingExtraTime:15.0]]
[2025.07.21-01.25.40:009][  0]LogConfig: Setting CVar [[s.LevelStreamingActorsUpdateTimeLimit:5.0]]
[2025.07.21-01.25.40:009][  0]LogConfig: Setting CVar [[s.PriorityLevelStreamingActorsUpdateExtraTime:5.0]]
[2025.07.21-01.25.40:010][  0]LogConfig: Setting CVar [[s.LevelStreamingComponentsRegistrationGranularity:10]]
[2025.07.21-01.25.40:010][  0]LogConfig: Setting CVar [[s.UnregisterComponentsTimeLimit:1.0]]
[2025.07.21-01.25.40:010][  0]LogConfig: Setting CVar [[s.LevelStreamingComponentsUnregistrationGranularity:5]]
[2025.07.21-01.25.40:010][  0]LogConfig: Setting CVar [[s.FlushStreamingOnExit:1]]
[2025.07.21-01.25.40:010][  0]LogConfig: Applying CVar settings from Section [/Script/Engine.GarbageCollectionSettings] File [D:/UTN-e-learning/Unreal-Engine/Unreal-Projects/TP_PreEntrega/Saved/Config/Windows/Engine.ini]
[2025.07.21-01.25.40:010][  0]LogConfig: Setting CVar [[gc.MaxObjectsNotConsideredByGC:1]]
[2025.07.21-01.25.40:010][  0]LogConfig: Setting CVar [[gc.SizeOfPermanentObjectPool:0]]
[2025.07.21-01.25.40:010][  0]LogConfig: Setting CVar [[gc.FlushStreamingOnGC:0]]
[2025.07.21-01.25.40:010][  0]LogConfig: Setting CVar [[gc.NumRetriesBeforeForcingGC:10]]
[2025.07.21-01.25.40:010][  0]LogConfig: Setting CVar [[gc.AllowParallelGC:1]]
[2025.07.21-01.25.40:010][  0]LogConfig: Setting CVar [[gc.TimeBetweenPurgingPendingKillObjects:61.1]]
[2025.07.21-01.25.40:010][  0]LogConfig: Setting CVar [[gc.MaxObjectsInEditor:25165824]]
[2025.07.21-01.25.40:010][  0]LogConfig: Setting CVar [[gc.IncrementalBeginDestroyEnabled:1]]
[2025.07.21-01.25.40:010][  0]LogConfig: Setting CVar [[gc.CreateGCClusters:1]]
[2025.07.21-01.25.40:010][  0]LogConfig: Setting CVar [[gc.MinGCClusterSize:5]]
[2025.07.21-01.25.40:010][  0]LogConfig: Setting CVar [[gc.ActorClusteringEnabled:0]]
[2025.07.21-01.25.40:010][  0]LogConfig: Setting CVar [[gc.BlueprintClusteringEnabled:0]]
[2025.07.21-01.25.40:010][  0]LogConfig: Setting CVar [[gc.UseDisregardForGCOnDedicatedServers:0]]
[2025.07.21-01.25.40:010][  0]LogConfig: Setting CVar [[gc.MultithreadedDestructionEnabled:1]]
[2025.07.21-01.25.40:010][  0]LogConfig: Applying CVar settings from Section [/Script/Engine.NetworkSettings] File [D:/UTN-e-learning/Unreal-Engine/Unreal-Projects/TP_PreEntrega/Saved/Config/Windows/Engine.ini]
[2025.07.21-01.25.40:010][  0]LogConfig: Applying CVar settings from Section [/Script/UnrealEd.CookerSettings] File [D:/UTN-e-learning/Unreal-Engine/Unreal-Projects/TP_PreEntrega/Saved/Config/Windows/Engine.ini]
[2025.07.21-01.25.40:034][  0]LogConfig: Applying CVar settings from Section [ViewDistanceQuality@3] File [D:/UTN-e-learning/Unreal-Engine/Unreal-Projects/TP_PreEntrega/Saved/Config/Windows/Scalability.ini]
[2025.07.21-01.25.40:034][  0]LogConfig: Setting CVar [[r.SkeletalMeshLODBias:0]]
[2025.07.21-01.25.40:034][  0]LogConfig: Setting CVar [[r.ViewDistanceScale:1.0]]
[2025.07.21-01.25.40:034][  0]LogConfig: Applying CVar settings from Section [AntiAliasingQuality@3] File [D:/UTN-e-learning/Unreal-Engine/Unreal-Projects/TP_PreEntrega/Saved/Config/Windows/Scalability.ini]
[2025.07.21-01.25.40:034][  0]LogConfig: Setting CVar [[r.PostProcessAAQuality:4]]
[2025.07.21-01.25.40:034][  0]LogConfig: Applying CVar settings from Section [ShadowQuality@3] File [D:/UTN-e-learning/Unreal-Engine/Unreal-Projects/TP_PreEntrega/Saved/Config/Windows/Scalability.ini]
[2025.07.21-01.25.40:034][  0]LogConfig: Setting CVar [[r.LightFunctionQuality:1]]
[2025.07.21-01.25.40:034][  0]LogConfig: Setting CVar [[r.ShadowQuality:5]]
[2025.07.21-01.25.40:034][  0]LogConfig: Setting CVar [[r.Shadow.CSM.MaxCascades:10]]
[2025.07.21-01.25.40:034][  0]LogConfig: Setting CVar [[r.Shadow.MaxResolution:2048]]
[2025.07.21-01.25.40:034][  0]LogConfig: Setting CVar [[r.Shadow.MaxCSMResolution:2048]]
[2025.07.21-01.25.40:034][  0]LogConfig: Setting CVar [[r.Shadow.RadiusThreshold:0.01]]
[2025.07.21-01.25.40:034][  0]LogConfig: Setting CVar [[r.Shadow.DistanceScale:1.0]]
[2025.07.21-01.25.40:034][  0]LogConfig: Setting CVar [[r.Shadow.CSM.TransitionScale:1.0]]
[2025.07.21-01.25.40:034][  0]LogConfig: Setting CVar [[r.Shadow.PreShadowResolutionFactor:1.0]]
[2025.07.21-01.25.40:034][  0]LogConfig: Setting CVar [[r.DistanceFieldShadowing:1]]
[2025.07.21-01.25.40:034][  0]LogConfig: Setting CVar [[r.DistanceFieldAO:1]]
[2025.07.21-01.25.40:034][  0]LogConfig: Setting CVar [[r.AOQuality:2]]
[2025.07.21-01.25.40:034][  0]LogConfig: Setting CVar [[r.VolumetricFog:1]]
[2025.07.21-01.25.40:034][  0]LogConfig: Setting CVar [[r.VolumetricFog.GridPixelSize:8]]
[2025.07.21-01.25.40:034][  0]LogConfig: Setting CVar [[r.VolumetricFog.GridSizeZ:128]]
[2025.07.21-01.25.40:034][  0]LogConfig: Setting CVar [[r.VolumetricFog.HistoryMissSupersampleCount:4]]
[2025.07.21-01.25.40:034][  0]LogConfig: Setting CVar [[r.LightMaxDrawDistanceScale:1]]
[2025.07.21-01.25.40:034][  0]LogConfig: Setting CVar [[r.CapsuleShadows:1]]
[2025.07.21-01.25.40:034][  0]LogConfig: Applying CVar settings from Section [PostProcessQuality@3] File [D:/UTN-e-learning/Unreal-Engine/Unreal-Projects/TP_PreEntrega/Saved/Config/Windows/Scalability.ini]
[2025.07.21-01.25.40:034][  0]LogConfig: Setting CVar [[r.MotionBlurQuality:4]]
[2025.07.21-01.25.40:034][  0]LogConfig: Setting CVar [[r.AmbientOcclusionMipLevelFactor:0.4]]
[2025.07.21-01.25.40:034][  0]LogConfig: Setting CVar [[r.AmbientOcclusionMaxQuality:100]]
[2025.07.21-01.25.40:034][  0]LogConfig: Setting CVar [[r.AmbientOcclusionLevels:-1]]
[2025.07.21-01.25.40:034][  0]LogConfig: Setting CVar [[r.AmbientOcclusionRadiusScale:1.0]]
[2025.07.21-01.25.40:034][  0]LogConfig: Setting CVar [[r.DepthOfFieldQuality:2]]
[2025.07.21-01.25.40:034][  0]LogConfig: Setting CVar [[r.RenderTargetPoolMin:400]]
[2025.07.21-01.25.40:034][  0]LogConfig: Setting CVar [[r.LensFlareQuality:2]]
[2025.07.21-01.25.40:034][  0]LogConfig: Setting CVar [[r.SceneColorFringeQuality:1]]
[2025.07.21-01.25.40:034][  0]LogConfig: Setting CVar [[r.EyeAdaptationQuality:2]]
[2025.07.21-01.25.40:034][  0]LogConfig: Setting CVar [[r.BloomQuality:5]]
[2025.07.21-01.25.40:034][  0]LogConfig: Setting CVar [[r.FastBlurThreshold:100]]
[2025.07.21-01.25.40:034][  0]LogConfig: Setting CVar [[r.Upscale.Quality:3]]
[2025.07.21-01.25.40:034][  0]LogConfig: Setting CVar [[r.Tonemapper.GrainQuantization:1]]
[2025.07.21-01.25.40:034][  0]LogConfig: Setting CVar [[r.LightShaftQuality:1]]
[2025.07.21-01.25.40:034][  0]LogConfig: Setting CVar [[r.Filter.SizeScale:1]]
[2025.07.21-01.25.40:034][  0]LogConfig: Setting CVar [[r.Tonemapper.Quality:5]]
[2025.07.21-01.25.40:034][  0]LogConfig: Setting CVar [[r.DOF.Gather.AccumulatorQuality:1        ; higher gathering accumulator quality]]
[2025.07.21-01.25.40:034][  0]LogConfig: Setting CVar [[r.DOF.Gather.PostfilterMethod:1          ; Median3x3 postfilering method]]
[2025.07.21-01.25.40:034][  0]LogConfig: Setting CVar [[r.DOF.Gather.EnableBokehSettings:0       ; no bokeh simulation when gathering]]
[2025.07.21-01.25.40:035][  0]LogConfig: Setting CVar [[r.DOF.Gather.RingCount:4                 ; medium number of samples when gathering]]
[2025.07.21-01.25.40:035][  0]LogConfig: Setting CVar [[r.DOF.Scatter.ForegroundCompositing:1    ; additive foreground scattering]]
[2025.07.21-01.25.40:035][  0]LogConfig: Setting CVar [[r.DOF.Scatter.BackgroundCompositing:2    ; additive background scattering]]
[2025.07.21-01.25.40:035][  0]LogConfig: Setting CVar [[r.DOF.Scatter.EnableBokehSettings:1      ; bokeh simulation when scattering]]
[2025.07.21-01.25.40:035][  0]LogConfig: Setting CVar [[r.DOF.Scatter.MaxSpriteRatio:0.1         ; only a maximum of 10% of scattered bokeh]]
[2025.07.21-01.25.40:035][  0]LogConfig: Setting CVar [[r.DOF.Recombine.Quality:1                ; cheap slight out of focus]]
[2025.07.21-01.25.40:035][  0]LogConfig: Setting CVar [[r.DOF.Recombine.EnableBokehSettings:0    ; no bokeh simulation on slight out of focus]]
[2025.07.21-01.25.40:035][  0]LogConfig: Setting CVar [[r.DOF.TemporalAAQuality:1                ; more stable temporal accumulation]]
[2025.07.21-01.25.40:035][  0]LogConfig: Setting CVar [[r.DOF.Kernel.MaxForegroundRadius:0.025]]
[2025.07.21-01.25.40:035][  0]LogConfig: Setting CVar [[r.DOF.Kernel.MaxBackgroundRadius:0.025]]
[2025.07.21-01.25.40:035][  0]LogConfig: Applying CVar settings from Section [TextureQuality@3] File [D:/UTN-e-learning/Unreal-Engine/Unreal-Projects/TP_PreEntrega/Saved/Config/Windows/Scalability.ini]
[2025.07.21-01.25.40:035][  0]LogConfig: Setting CVar [[r.Streaming.MipBias:0]]
[2025.07.21-01.25.40:035][  0]LogConfig: Setting CVar [[r.Streaming.AmortizeCPUToGPUCopy:0]]
[2025.07.21-01.25.40:035][  0]LogConfig: Setting CVar [[r.Streaming.MaxNumTexturesToStreamPerFrame:0]]
[2025.07.21-01.25.40:035][  0]LogConfig: Setting CVar [[r.Streaming.Boost:1]]
[2025.07.21-01.25.40:035][  0]LogConfig: Setting CVar [[r.MaxAnisotropy:8]]
[2025.07.21-01.25.40:035][  0]LogConfig: Setting CVar [[r.VT.MaxAnisotropy:8]]
[2025.07.21-01.25.40:035][  0]LogConfig: Setting CVar [[r.Streaming.LimitPoolSizeToVRAM:0]]
[2025.07.21-01.25.40:035][  0]LogConfig: Setting CVar [[r.Streaming.PoolSize:1000]]
[2025.07.21-01.25.40:035][  0]LogConfig: Setting CVar [[r.Streaming.MaxEffectiveScreenSize:0]]
[2025.07.21-01.25.40:035][  0]LogConfig: Applying CVar settings from Section [EffectsQuality@3] File [D:/UTN-e-learning/Unreal-Engine/Unreal-Projects/TP_PreEntrega/Saved/Config/Windows/Scalability.ini]
[2025.07.21-01.25.40:035][  0]LogConfig: Setting CVar [[r.TranslucencyLightingVolumeDim:64]]
[2025.07.21-01.25.40:035][  0]LogConfig: Setting CVar [[r.RefractionQuality:2]]
[2025.07.21-01.25.40:035][  0]LogConfig: Setting CVar [[r.SSR.Quality:3]]
[2025.07.21-01.25.40:035][  0]LogConfig: Setting CVar [[r.SSR.HalfResSceneColor:0]]
[2025.07.21-01.25.40:035][  0]LogConfig: Setting CVar [[r.SceneColorFormat:4]]
[2025.07.21-01.25.40:035][  0]LogConfig: Setting CVar [[r.DetailMode:2]]
[2025.07.21-01.25.40:035][  0]LogConfig: Setting CVar [[r.TranslucencyVolumeBlur:1]]
[2025.07.21-01.25.40:035][  0]LogConfig: Setting CVar [[r.MaterialQualityLevel:1 ; High quality]]
[2025.07.21-01.25.40:035][  0]LogConfig: Setting CVar [[r.AnisotropicMaterials:1]]
[2025.07.21-01.25.40:035][  0]LogConfig: Setting CVar [[r.SSS.Scale:1]]
[2025.07.21-01.25.40:035][  0]LogConfig: Setting CVar [[r.SSS.SampleSet:2]]
[2025.07.21-01.25.40:035][  0]LogConfig: Setting CVar [[r.SSS.Quality:1]]
[2025.07.21-01.25.40:035][  0]LogConfig: Setting CVar [[r.SSS.HalfRes:0]]
[2025.07.21-01.25.40:035][  0]LogConfig: Setting CVar [[r.SSGI.Quality:3]]
[2025.07.21-01.25.40:035][  0]LogConfig: Setting CVar [[r.EmitterSpawnRateScale:1.0]]
[2025.07.21-01.25.40:035][  0]LogConfig: Setting CVar [[r.ParticleLightQuality:2]]
[2025.07.21-01.25.40:035][  0]LogConfig: Setting CVar [[r.SkyAtmosphere.AerialPerspectiveLUT.FastApplyOnOpaque:1 ; Always have FastSkyLUT 1 in this case to avoid wrong sky]]
[2025.07.21-01.25.40:035][  0]LogConfig: Setting CVar [[r.SkyAtmosphere.AerialPerspectiveLUT.SampleCountMaxPerSlice:4]]
[2025.07.21-01.25.40:035][  0]LogConfig: Setting CVar [[r.SkyAtmosphere.AerialPerspectiveLUT.DepthResolution:16.0]]
[2025.07.21-01.25.40:035][  0]LogConfig: Setting CVar [[r.SkyAtmosphere.FastSkyLUT:1]]
[2025.07.21-01.25.40:035][  0]LogConfig: Setting CVar [[r.SkyAtmosphere.FastSkyLUT.SampleCountMin:4.0]]
[2025.07.21-01.25.40:035][  0]LogConfig: Setting CVar [[r.SkyAtmosphere.FastSkyLUT.SampleCountMax:128.0]]
[2025.07.21-01.25.40:035][  0]LogConfig: Setting CVar [[r.SkyAtmosphere.SampleCountMin:4.0]]
[2025.07.21-01.25.40:035][  0]LogConfig: Setting CVar [[r.SkyAtmosphere.SampleCountMax:128.0]]
[2025.07.21-01.25.40:035][  0]LogConfig: Setting CVar [[r.SkyAtmosphere.TransmittanceLUT.UseSmallFormat:0]]
[2025.07.21-01.25.40:035][  0]LogConfig: Setting CVar [[r.SkyAtmosphere.TransmittanceLUT.SampleCount:10.0]]
[2025.07.21-01.25.40:035][  0]LogConfig: Setting CVar [[r.SkyAtmosphere.MultiScatteringLUT.SampleCount:15.0]]
[2025.07.21-01.25.40:035][  0]LogConfig: Setting CVar [[r.SkyLight.RealTimeReflectionCapture:1]]
[2025.07.21-01.25.40:035][  0]LogConfig: Setting CVar [[fx.Niagara.QualityLevel:3]]
[2025.07.21-01.25.40:035][  0]LogConfig: Applying CVar settings from Section [FoliageQuality@3] File [D:/UTN-e-learning/Unreal-Engine/Unreal-Projects/TP_PreEntrega/Saved/Config/Windows/Scalability.ini]
[2025.07.21-01.25.40:036][  0]LogConfig: Setting CVar [[foliage.DensityScale:1.0]]
[2025.07.21-01.25.40:036][  0]LogConfig: Setting CVar [[grass.DensityScale:1.0]]
[2025.07.21-01.25.40:036][  0]LogConfig: Applying CVar settings from Section [ShadingQuality@3] File [D:/UTN-e-learning/Unreal-Engine/Unreal-Projects/TP_PreEntrega/Saved/Config/Windows/Scalability.ini]
[2025.07.21-01.25.40:036][  0]LogConfig: Setting CVar [[r.HairStrands.SkyLighting.IntegrationType:2]]
[2025.07.21-01.25.40:036][  0]LogConfig: Setting CVar [[r.HairStrands.SkyAO.SampleCount:4]]
[2025.07.21-01.25.40:036][  0]LogConfig: Setting CVar [[r.HairStrands.Visibility.MSAA.SamplePerPixel:4]]
[2025.07.21-01.25.40:036][  0]LogConfig: Setting CVar [[r.HairStrands.Interpolation.UseSingleGuide:0]]
[2025.07.21-01.25.40:036][  0]LogInit: Selected Device Profile: [Windows]
[2025.07.21-01.25.40:036][  0]LogInit: Applying CVar settings loaded from the selected device profile: [Windows]
[2025.07.21-01.25.40:036][  0]LogHAL: Display: Platform has ~ 32 GB [34200604672 / 34359738368 / 32], which maps to Largest [LargestMinGB=32, LargerMinGB=12, DefaultMinGB=8, SmallerMinGB=6, SmallestMinGB=0)
[2025.07.21-01.25.40:036][  0]LogInit: Going up to parent DeviceProfile []
[2025.07.21-01.25.40:036][  0]LogConfig: Applying CVar settings from Section [ViewDistanceQuality@3] File [D:/UTN-e-learning/Unreal-Engine/Unreal-Projects/TP_PreEntrega/Saved/Config/Windows/Scalability.ini]
[2025.07.21-01.25.40:036][  0]LogConfig: Setting CVar [[r.SkeletalMeshLODBias:0]]
[2025.07.21-01.25.40:036][  0]LogConfig: Setting CVar [[r.ViewDistanceScale:1.0]]
[2025.07.21-01.25.40:036][  0]LogConfig: Applying CVar settings from Section [AntiAliasingQuality@3] File [D:/UTN-e-learning/Unreal-Engine/Unreal-Projects/TP_PreEntrega/Saved/Config/Windows/Scalability.ini]
[2025.07.21-01.25.40:036][  0]LogConfig: Setting CVar [[r.PostProcessAAQuality:4]]
[2025.07.21-01.25.40:036][  0]LogConfig: Applying CVar settings from Section [ShadowQuality@3] File [D:/UTN-e-learning/Unreal-Engine/Unreal-Projects/TP_PreEntrega/Saved/Config/Windows/Scalability.ini]
[2025.07.21-01.25.40:036][  0]LogConfig: Setting CVar [[r.LightFunctionQuality:1]]
[2025.07.21-01.25.40:036][  0]LogConfig: Setting CVar [[r.ShadowQuality:5]]
[2025.07.21-01.25.40:036][  0]LogConfig: Setting CVar [[r.Shadow.CSM.MaxCascades:10]]
[2025.07.21-01.25.40:036][  0]LogConfig: Setting CVar [[r.Shadow.MaxResolution:2048]]
[2025.07.21-01.25.40:036][  0]LogConfig: Setting CVar [[r.Shadow.MaxCSMResolution:2048]]
[2025.07.21-01.25.40:036][  0]LogConfig: Setting CVar [[r.Shadow.RadiusThreshold:0.01]]
[2025.07.21-01.25.40:036][  0]LogConfig: Setting CVar [[r.Shadow.DistanceScale:1.0]]
[2025.07.21-01.25.40:036][  0]LogConfig: Setting CVar [[r.Shadow.CSM.TransitionScale:1.0]]
[2025.07.21-01.25.40:036][  0]LogConfig: Setting CVar [[r.Shadow.PreShadowResolutionFactor:1.0]]
[2025.07.21-01.25.40:036][  0]LogConfig: Setting CVar [[r.DistanceFieldShadowing:1]]
[2025.07.21-01.25.40:036][  0]LogConfig: Setting CVar [[r.DistanceFieldAO:1]]
[2025.07.21-01.25.40:036][  0]LogConfig: Setting CVar [[r.AOQuality:2]]
[2025.07.21-01.25.40:036][  0]LogConfig: Setting CVar [[r.VolumetricFog:1]]
[2025.07.21-01.25.40:036][  0]LogConfig: Setting CVar [[r.VolumetricFog.GridPixelSize:8]]
[2025.07.21-01.25.40:036][  0]LogConfig: Setting CVar [[r.VolumetricFog.GridSizeZ:128]]
[2025.07.21-01.25.40:036][  0]LogConfig: Setting CVar [[r.VolumetricFog.HistoryMissSupersampleCount:4]]
[2025.07.21-01.25.40:036][  0]LogConfig: Setting CVar [[r.LightMaxDrawDistanceScale:1]]
[2025.07.21-01.25.40:036][  0]LogConfig: Setting CVar [[r.CapsuleShadows:1]]
[2025.07.21-01.25.40:036][  0]LogConfig: Applying CVar settings from Section [PostProcessQuality@3] File [D:/UTN-e-learning/Unreal-Engine/Unreal-Projects/TP_PreEntrega/Saved/Config/Windows/Scalability.ini]
[2025.07.21-01.25.40:036][  0]LogConfig: Setting CVar [[r.MotionBlurQuality:4]]
[2025.07.21-01.25.40:036][  0]LogConfig: Setting CVar [[r.AmbientOcclusionMipLevelFactor:0.4]]
[2025.07.21-01.25.40:036][  0]LogConfig: Setting CVar [[r.AmbientOcclusionMaxQuality:100]]
[2025.07.21-01.25.40:036][  0]LogConfig: Setting CVar [[r.AmbientOcclusionLevels:-1]]
[2025.07.21-01.25.40:036][  0]LogConfig: Setting CVar [[r.AmbientOcclusionRadiusScale:1.0]]
[2025.07.21-01.25.40:036][  0]LogConfig: Setting CVar [[r.DepthOfFieldQuality:2]]
[2025.07.21-01.25.40:036][  0]LogConfig: Setting CVar [[r.RenderTargetPoolMin:400]]
[2025.07.21-01.25.40:037][  0]LogConfig: Setting CVar [[r.LensFlareQuality:2]]
[2025.07.21-01.25.40:037][  0]LogConfig: Setting CVar [[r.SceneColorFringeQuality:1]]
[2025.07.21-01.25.40:037][  0]LogConfig: Setting CVar [[r.EyeAdaptationQuality:2]]
[2025.07.21-01.25.40:037][  0]LogConfig: Setting CVar [[r.BloomQuality:5]]
[2025.07.21-01.25.40:037][  0]LogConfig: Setting CVar [[r.FastBlurThreshold:100]]
[2025.07.21-01.25.40:037][  0]LogConfig: Setting CVar [[r.Upscale.Quality:3]]
[2025.07.21-01.25.40:037][  0]LogConfig: Setting CVar [[r.Tonemapper.GrainQuantization:1]]
[2025.07.21-01.25.40:037][  0]LogConfig: Setting CVar [[r.LightShaftQuality:1]]
[2025.07.21-01.25.40:037][  0]LogConfig: Setting CVar [[r.Filter.SizeScale:1]]
[2025.07.21-01.25.40:037][  0]LogConfig: Setting CVar [[r.Tonemapper.Quality:5]]
[2025.07.21-01.25.40:037][  0]LogConfig: Setting CVar [[r.DOF.Gather.AccumulatorQuality:1        ; higher gathering accumulator quality]]
[2025.07.21-01.25.40:037][  0]LogConfig: Setting CVar [[r.DOF.Gather.PostfilterMethod:1          ; Median3x3 postfilering method]]
[2025.07.21-01.25.40:037][  0]LogConfig: Setting CVar [[r.DOF.Gather.EnableBokehSettings:0       ; no bokeh simulation when gathering]]
[2025.07.21-01.25.40:037][  0]LogConfig: Setting CVar [[r.DOF.Gather.RingCount:4                 ; medium number of samples when gathering]]
[2025.07.21-01.25.40:037][  0]LogConfig: Setting CVar [[r.DOF.Scatter.ForegroundCompositing:1    ; additive foreground scattering]]
[2025.07.21-01.25.40:037][  0]LogConfig: Setting CVar [[r.DOF.Scatter.BackgroundCompositing:2    ; additive background scattering]]
[2025.07.21-01.25.40:037][  0]LogConfig: Setting CVar [[r.DOF.Scatter.EnableBokehSettings:1      ; bokeh simulation when scattering]]
[2025.07.21-01.25.40:037][  0]LogConfig: Setting CVar [[r.DOF.Scatter.MaxSpriteRatio:0.1         ; only a maximum of 10% of scattered bokeh]]
[2025.07.21-01.25.40:037][  0]LogConfig: Setting CVar [[r.DOF.Recombine.Quality:1                ; cheap slight out of focus]]
[2025.07.21-01.25.40:037][  0]LogConfig: Setting CVar [[r.DOF.Recombine.EnableBokehSettings:0    ; no bokeh simulation on slight out of focus]]
[2025.07.21-01.25.40:037][  0]LogConfig: Setting CVar [[r.DOF.TemporalAAQuality:1                ; more stable temporal accumulation]]
[2025.07.21-01.25.40:037][  0]LogConfig: Setting CVar [[r.DOF.Kernel.MaxForegroundRadius:0.025]]
[2025.07.21-01.25.40:037][  0]LogConfig: Setting CVar [[r.DOF.Kernel.MaxBackgroundRadius:0.025]]
[2025.07.21-01.25.40:037][  0]LogConfig: Applying CVar settings from Section [TextureQuality@3] File [D:/UTN-e-learning/Unreal-Engine/Unreal-Projects/TP_PreEntrega/Saved/Config/Windows/Scalability.ini]
[2025.07.21-01.25.40:037][  0]LogConfig: Setting CVar [[r.Streaming.MipBias:0]]
[2025.07.21-01.25.40:037][  0]LogConfig: Setting CVar [[r.Streaming.AmortizeCPUToGPUCopy:0]]
[2025.07.21-01.25.40:037][  0]LogConfig: Setting CVar [[r.Streaming.MaxNumTexturesToStreamPerFrame:0]]
[2025.07.21-01.25.40:037][  0]LogConfig: Setting CVar [[r.Streaming.Boost:1]]
[2025.07.21-01.25.40:037][  0]LogConfig: Setting CVar [[r.MaxAnisotropy:8]]
[2025.07.21-01.25.40:037][  0]LogConfig: Setting CVar [[r.VT.MaxAnisotropy:8]]
[2025.07.21-01.25.40:037][  0]LogConfig: Setting CVar [[r.Streaming.LimitPoolSizeToVRAM:0]]
[2025.07.21-01.25.40:037][  0]LogConfig: Setting CVar [[r.Streaming.PoolSize:1000]]
[2025.07.21-01.25.40:037][  0]LogConfig: Setting CVar [[r.Streaming.MaxEffectiveScreenSize:0]]
[2025.07.21-01.25.40:037][  0]LogConfig: Applying CVar settings from Section [EffectsQuality@3] File [D:/UTN-e-learning/Unreal-Engine/Unreal-Projects/TP_PreEntrega/Saved/Config/Windows/Scalability.ini]
[2025.07.21-01.25.40:037][  0]LogConfig: Setting CVar [[r.TranslucencyLightingVolumeDim:64]]
[2025.07.21-01.25.40:037][  0]LogConfig: Setting CVar [[r.RefractionQuality:2]]
[2025.07.21-01.25.40:037][  0]LogConfig: Setting CVar [[r.SSR.Quality:3]]
[2025.07.21-01.25.40:037][  0]LogConfig: Setting CVar [[r.SSR.HalfResSceneColor:0]]
[2025.07.21-01.25.40:037][  0]LogConfig: Setting CVar [[r.SceneColorFormat:4]]
[2025.07.21-01.25.40:037][  0]LogConfig: Setting CVar [[r.DetailMode:2]]
[2025.07.21-01.25.40:037][  0]LogConfig: Setting CVar [[r.TranslucencyVolumeBlur:1]]
[2025.07.21-01.25.40:037][  0]LogConfig: Setting CVar [[r.MaterialQualityLevel:1 ; High quality]]
[2025.07.21-01.25.40:037][  0]LogConfig: Setting CVar [[r.AnisotropicMaterials:1]]
[2025.07.21-01.25.40:037][  0]LogConfig: Setting CVar [[r.SSS.Scale:1]]
[2025.07.21-01.25.40:037][  0]LogConfig: Setting CVar [[r.SSS.SampleSet:2]]
[2025.07.21-01.25.40:037][  0]LogConfig: Setting CVar [[r.SSS.Quality:1]]
[2025.07.21-01.25.40:037][  0]LogConfig: Setting CVar [[r.SSS.HalfRes:0]]
[2025.07.21-01.25.40:037][  0]LogConfig: Setting CVar [[r.SSGI.Quality:3]]
[2025.07.21-01.25.40:037][  0]LogConfig: Setting CVar [[r.EmitterSpawnRateScale:1.0]]
[2025.07.21-01.25.40:037][  0]LogConfig: Setting CVar [[r.ParticleLightQuality:2]]
[2025.07.21-01.25.40:037][  0]LogConfig: Setting CVar [[r.SkyAtmosphere.AerialPerspectiveLUT.FastApplyOnOpaque:1 ; Always have FastSkyLUT 1 in this case to avoid wrong sky]]
[2025.07.21-01.25.40:038][  0]LogConfig: Setting CVar [[r.SkyAtmosphere.AerialPerspectiveLUT.SampleCountMaxPerSlice:4]]
[2025.07.21-01.25.40:038][  0]LogConfig: Setting CVar [[r.SkyAtmosphere.AerialPerspectiveLUT.DepthResolution:16.0]]
[2025.07.21-01.25.40:038][  0]LogConfig: Setting CVar [[r.SkyAtmosphere.FastSkyLUT:1]]
[2025.07.21-01.25.40:038][  0]LogConfig: Setting CVar [[r.SkyAtmosphere.FastSkyLUT.SampleCountMin:4.0]]
[2025.07.21-01.25.40:038][  0]LogConfig: Setting CVar [[r.SkyAtmosphere.FastSkyLUT.SampleCountMax:128.0]]
[2025.07.21-01.25.40:038][  0]LogConfig: Setting CVar [[r.SkyAtmosphere.SampleCountMin:4.0]]
[2025.07.21-01.25.40:038][  0]LogConfig: Setting CVar [[r.SkyAtmosphere.SampleCountMax:128.0]]
[2025.07.21-01.25.40:038][  0]LogConfig: Setting CVar [[r.SkyAtmosphere.TransmittanceLUT.UseSmallFormat:0]]
[2025.07.21-01.25.40:038][  0]LogConfig: Setting CVar [[r.SkyAtmosphere.TransmittanceLUT.SampleCount:10.0]]
[2025.07.21-01.25.40:038][  0]LogConfig: Setting CVar [[r.SkyAtmosphere.MultiScatteringLUT.SampleCount:15.0]]
[2025.07.21-01.25.40:038][  0]LogConfig: Setting CVar [[r.SkyLight.RealTimeReflectionCapture:1]]
[2025.07.21-01.25.40:038][  0]LogConfig: Setting CVar [[fx.Niagara.QualityLevel:3]]
[2025.07.21-01.25.40:038][  0]LogConfig: Applying CVar settings from Section [FoliageQuality@3] File [D:/UTN-e-learning/Unreal-Engine/Unreal-Projects/TP_PreEntrega/Saved/Config/Windows/Scalability.ini]
[2025.07.21-01.25.40:038][  0]LogConfig: Setting CVar [[foliage.DensityScale:1.0]]
[2025.07.21-01.25.40:038][  0]LogConfig: Setting CVar [[grass.DensityScale:1.0]]
[2025.07.21-01.25.40:038][  0]LogConfig: Applying CVar settings from Section [ShadingQuality@3] File [D:/UTN-e-learning/Unreal-Engine/Unreal-Projects/TP_PreEntrega/Saved/Config/Windows/Scalability.ini]
[2025.07.21-01.25.40:038][  0]LogConfig: Setting CVar [[r.HairStrands.SkyLighting.IntegrationType:2]]
[2025.07.21-01.25.40:038][  0]LogConfig: Setting CVar [[r.HairStrands.SkyAO.SampleCount:4]]
[2025.07.21-01.25.40:038][  0]LogConfig: Setting CVar [[r.HairStrands.Visibility.MSAA.SamplePerPixel:4]]
[2025.07.21-01.25.40:038][  0]LogConfig: Setting CVar [[r.HairStrands.Interpolation.UseSingleGuide:0]]
[2025.07.21-01.25.40:038][  0]LogConfig: Applying CVar settings from Section [Startup] File [../../../Engine/Config/ConsoleVariables.ini]
[2025.07.21-01.25.40:038][  0]LogConfig: Setting CVar [[net.UseAdaptiveNetUpdateFrequency:0]]
[2025.07.21-01.25.40:038][  0]LogConfig: Setting CVar [[p.chaos.AllowCreatePhysxBodies:1]]
[2025.07.21-01.25.40:038][  0]LogConfig: Setting CVar [[fx.SkipVectorVMBackendOptimizations:1]]
[2025.07.21-01.25.40:038][  0]LogConfig: Applying CVar settings from Section [ConsoleVariables] File [D:/UTN-e-learning/Unreal-Engine/Unreal-Projects/TP_PreEntrega/Saved/Config/Windows/Engine.ini]
[2025.07.21-01.25.40:038][  0]LogConfig: Applying CVar settings from Section [ConsoleVariables] File [D:/UTN-e-learning/Unreal-Engine/Unreal-Projects/TP_PreEntrega/Saved/Config/Windows/Editor.ini]
[2025.07.21-01.25.40:039][  0]LogInit: Computer: LAPTOP-AHL2VAE2
[2025.07.21-01.25.40:039][  0]LogInit: User: ezequ
[2025.07.21-01.25.40:039][  0]LogInit: CPU Page size=4096, Cores=4
[2025.07.21-01.25.40:039][  0]LogInit: High frequency timer resolution =10.000000 MHz
[2025.07.21-01.25.40:039][  0]LogMemory: Memory total: Physical=31.9GB (32GB approx)
[2025.07.21-01.25.40:039][  0]LogMemory: Platform Memory Stats for Windows
[2025.07.21-01.25.40:039][  0]LogMemory: Process Physical Memory: 150.98 MB used, 150.98 MB peak
[2025.07.21-01.25.40:039][  0]LogMemory: Process Virtual Memory: 113.34 MB used, 113.34 MB peak
[2025.07.21-01.25.40:039][  0]LogMemory: Physical Memory: 12690.80 MB used,  19925.44 MB free, 32616.24 MB total
[2025.07.21-01.25.40:039][  0]LogMemory: Virtual Memory: 134185712.00 MB used,  32012.26 MB free, 134217728.00 MB total
[2025.07.21-01.25.40:052][  0]LogWindows: WindowsPlatformFeatures enabled
[2025.07.21-01.25.40:104][  0]LogInit: Physics initialised using underlying interface: PhysX
[2025.07.21-01.25.40:108][  0]LogInit: Overriding language with editor language configuration option (en).
[2025.07.21-01.25.40:108][  0]LogInit: Overriding language with editor locale configuration option (en).
[2025.07.21-01.25.40:388][  0]LogInit: Setting process to per monitor DPI aware
[2025.07.21-01.25.40:409][  0]LogWindowsTextInputMethodSystem: Display: IME system deactivated.
[2025.07.21-01.25.40:428][  0]LogSlate: New Slate User Created.  User Index 0, Is Virtual User: 0
[2025.07.21-01.25.40:428][  0]LogSlate: Slate User Registered.  User Index 0, Is Virtual User: 0
[2025.07.21-01.25.40:679][  0]LogD3D11RHI: Loaded GFSDK_Aftermath_Lib.x64.dll
[2025.07.21-01.25.40:686][  0]LogHMD: Failed to initialize OpenVR with code 110
[2025.07.21-01.25.40:686][  0]LogD3D11RHI: D3D11 min allowed feature level: 11_0
[2025.07.21-01.25.40:686][  0]LogD3D11RHI: D3D11 max allowed feature level: 11_0
[2025.07.21-01.25.40:686][  0]LogD3D11RHI: D3D11 adapters:
[2025.07.21-01.25.40:809][  0]LogD3D11RHI:    0. 'NVIDIA GeForce GTX 1050' (Feature Level 11_0)
[2025.07.21-01.25.40:809][  0]LogD3D11RHI:       2996/0/16308 MB DedicatedVideo/DedicatedSystem/SharedSystem, Outputs:1, VendorId:0x10de
[2025.07.21-01.25.40:847][  0]LogD3D11RHI:    1. 'Intel(R) UHD Graphics 630' (Feature Level 11_0)
[2025.07.21-01.25.40:847][  0]LogD3D11RHI:       128/0/16308 MB DedicatedVideo/DedicatedSystem/SharedSystem, Outputs:1, VendorId:0x8086
[2025.07.21-01.25.40:855][  0]LogD3D11RHI:    2. 'Microsoft Basic Render Driver' (Feature Level 11_0)
[2025.07.21-01.25.40:855][  0]LogD3D11RHI:       0/0/16308 MB DedicatedVideo/DedicatedSystem/SharedSystem, Outputs:0, VendorId:0x1414
[2025.07.21-01.25.40:855][  0]LogD3D11RHI: Chosen D3D11 Adapter:
[2025.07.21-01.25.40:855][  0]LogD3D11RHI:     Description : NVIDIA GeForce GTX 1050
[2025.07.21-01.25.40:855][  0]LogD3D11RHI:     VendorId    : 10de
[2025.07.21-01.25.40:855][  0]LogD3D11RHI:     DeviceId    : 1c91
[2025.07.21-01.25.40:855][  0]LogD3D11RHI:     SubSysId    : 13321025
[2025.07.21-01.25.40:855][  0]LogD3D11RHI:     Revision    : 00a1
[2025.07.21-01.25.40:855][  0]LogD3D11RHI:     DedicatedVideoMemory : 3141533696 bytes
[2025.07.21-01.25.40:855][  0]LogD3D11RHI:     DedicatedSystemMemory : 0 bytes
[2025.07.21-01.25.40:855][  0]LogD3D11RHI:     SharedSystemMemory : 17100302336 bytes
[2025.07.21-01.25.40:855][  0]LogD3D11RHI:     AdapterLuid : 0 90051
[2025.07.21-01.25.40:864][  0]LogD3D11RHI: Creating new Direct3DDevice
[2025.07.21-01.25.40:864][  0]LogD3D11RHI:     GPU DeviceId: 0x1c91 (for the marketing name, search the web for "GPU Device Id")
[2025.07.21-01.25.40:864][  0]LogWindows: EnumDisplayDevices:
[2025.07.21-01.25.40:864][  0]LogWindows:    0. 'Intel(R) UHD Graphics 630' (P:0 D:1)
[2025.07.21-01.25.40:865][  0]LogWindows:    1. 'Intel(R) UHD Graphics 630' (P:0 D:0)
[2025.07.21-01.25.40:865][  0]LogWindows:    2. 'Intel(R) UHD Graphics 630' (P:0 D:0)
[2025.07.21-01.25.40:866][  0]LogWindows:    3. 'NVIDIA GeForce GTX 1050' (P:1 D:1)
[2025.07.21-01.25.40:866][  0]LogWindows: DebugString: PrimaryIsNotTheChoosenAdapter PrimaryIsNotTheChoosenAdapter PrimaryIsNotTheChoosenAdapter 
[2025.07.21-01.25.40:866][  0]LogD3D11RHI:     Adapter Name: NVIDIA GeForce GTX 1050
[2025.07.21-01.25.40:866][  0]LogD3D11RHI:   Driver Version: 451.67 (internal:27.21.14.5167, unified:451.67)
[2025.07.21-01.25.40:866][  0]LogD3D11RHI:      Driver Date: 7-5-2020
[2025.07.21-01.25.40:866][  0]LogRHI: Texture pool is 2097 MB (70% of 2996 MB)
[2025.07.21-01.25.40:866][  0]LogD3D11RHI: Creating D3DDevice using adapter:
[2025.07.21-01.25.40:866][  0]LogD3D11RHI:     Description : NVIDIA GeForce GTX 1050
[2025.07.21-01.25.40:866][  0]LogD3D11RHI:     VendorId    : 10de
[2025.07.21-01.25.40:866][  0]LogD3D11RHI:     DeviceId    : 1c91
[2025.07.21-01.25.40:866][  0]LogD3D11RHI:     SubSysId    : 13321025
[2025.07.21-01.25.40:866][  0]LogD3D11RHI:     Revision    : 00a1
[2025.07.21-01.25.40:866][  0]LogD3D11RHI:     DedicatedVideoMemory : 3141533696 bytes
[2025.07.21-01.25.40:866][  0]LogD3D11RHI:     DedicatedSystemMemory : 0 bytes
[2025.07.21-01.25.40:866][  0]LogD3D11RHI:     SharedSystemMemory : 17100302336 bytes
[2025.07.21-01.25.40:867][  0]LogD3D11RHI:     AdapterLuid : 0 90051
[2025.07.21-01.25.40:983][  0]LogD3D11RHI: RHI has support for 64 bit atomics
[2025.07.21-01.25.40:983][  0]LogD3D11RHI: Async texture creation enabled
[2025.07.21-01.25.40:983][  0]LogD3D11RHI: Array index from any shader is supported
[2025.07.21-01.25.41:007][  0]LogD3D11RHI: GPU Timing Frequency: 1000.000000 (Debug: 2 1)
[2025.07.21-01.25.41:097][  0]LogRHI: GeForceNow SDK initialized: 1
[2025.07.21-01.25.41:721][  0]LogTargetPlatformManager: Display: Loaded TargetPlatform 'AllDesktop'
[2025.07.21-01.25.41:749][  0]LogTargetPlatformManager: Display: Loaded TargetPlatform 'Android'
[2025.07.21-01.25.41:749][  0]LogTargetPlatformManager: Display: Loaded TargetPlatform 'Android_ASTC'
[2025.07.21-01.25.41:749][  0]LogTargetPlatformManager: Display: Loaded TargetPlatform 'Android_DXT'
[2025.07.21-01.25.41:749][  0]LogTargetPlatformManager: Display: Loaded TargetPlatform 'Android_ETC2'
[2025.07.21-01.25.41:749][  0]LogTargetPlatformManager: Display: Loaded TargetPlatform 'AndroidClient'
[2025.07.21-01.25.41:749][  0]LogTargetPlatformManager: Display: Loaded TargetPlatform 'Android_ASTCClient'
[2025.07.21-01.25.41:749][  0]LogTargetPlatformManager: Display: Loaded TargetPlatform 'Android_DXTClient'
[2025.07.21-01.25.41:749][  0]LogTargetPlatformManager: Display: Loaded TargetPlatform 'Android_ETC2Client'
[2025.07.21-01.25.41:749][  0]LogTargetPlatformManager: Display: Loaded TargetPlatform 'Android_Multi'
[2025.07.21-01.25.41:749][  0]LogTargetPlatformManager: Display: Loaded TargetPlatform 'Android_MultiClient'
[2025.07.21-01.25.41:776][  0]LogTargetPlatformManager: Display: Loaded TargetPlatform 'IOSClient'
[2025.07.21-01.25.41:776][  0]LogTargetPlatformManager: Display: Loaded TargetPlatform 'IOS'
[2025.07.21-01.25.41:789][  0]LogTargetPlatformManager: Display: Loaded TargetPlatform 'Linux'
[2025.07.21-01.25.41:797][  0]LogTargetPlatformManager: Display: Loaded TargetPlatform 'LinuxNoEditor'
[2025.07.21-01.25.41:806][  0]LogTargetPlatformManager: Display: Loaded TargetPlatform 'LinuxClient'
[2025.07.21-01.25.41:815][  0]LogTargetPlatformManager: Display: Loaded TargetPlatform 'LinuxServer'
[2025.07.21-01.25.41:835][  0]LogTargetPlatformManager: Display: Loaded TargetPlatform 'LinuxAArch64NoEditor'
[2025.07.21-01.25.41:847][  0]LogTargetPlatformManager: Display: Loaded TargetPlatform 'LinuxAArch64Client'
[2025.07.21-01.25.41:858][  0]LogTargetPlatformManager: Display: Loaded TargetPlatform 'LinuxAArch64Server'
[2025.07.21-01.25.41:907][  0]LogTargetPlatformManager: Display: Loaded TargetPlatform 'Lumin'
[2025.07.21-01.25.41:908][  0]LogTargetPlatformManager: Display: Loaded TargetPlatform 'LuminClient'
[2025.07.21-01.25.41:927][  0]LogTargetPlatformManager: Display: Loaded TargetPlatform 'MacNoEditor'
[2025.07.21-01.25.41:937][  0]LogTargetPlatformManager: Display: Loaded TargetPlatform 'Mac'
[2025.07.21-01.25.41:947][  0]LogTargetPlatformManager: Display: Loaded TargetPlatform 'MacClient'
[2025.07.21-01.25.41:958][  0]LogTargetPlatformManager: Display: Loaded TargetPlatform 'MacServer'
[2025.07.21-01.25.41:978][  0]LogTargetPlatformManager: Display: Loaded TargetPlatform 'TVOSClient'
[2025.07.21-01.25.41:978][  0]LogTargetPlatformManager: Display: Loaded TargetPlatform 'TVOS'
[2025.07.21-01.25.41:996][  0]LogTargetPlatformManager: Display: Loaded TargetPlatform 'WindowsNoEditor'
[2025.07.21-01.25.42:007][  0]LogTargetPlatformManager: Display: Loaded TargetPlatform 'Windows'
[2025.07.21-01.25.42:017][  0]LogTargetPlatformManager: Display: Loaded TargetPlatform 'WindowsClient'
[2025.07.21-01.25.42:027][  0]LogTargetPlatformManager: Display: Loaded TargetPlatform 'WindowsServer'
[2025.07.21-01.25.42:027][  0]LogTargetPlatformManager: Display: Building Assets For Windows
[2025.07.21-01.25.42:045][  0]LogAudioDebug: Display: Lib vorbis DLL was dynamically loaded.
[2025.07.21-01.25.42:106][  0]LogTextureFormatOodle: Display: Oodle Texture 2.9.0 init RDO Off
[2025.07.21-01.25.42:168][  0]LogRendererCore: Ray tracing is disabled. Reason: r.RayTracing=0.
[2025.07.21-01.25.42:168][  0]LogShaderCompilers: Guid format shader working directory is -28 characters bigger than the processId version (../../../../../UTN-e-learning/Unreal-Engine/Unreal-Projects/TP_PreEntrega/Intermediate/Shaders/WorkingDirectory/12392/).
[2025.07.21-01.25.42:169][  0]LogShaderCompilers: Cleaned the shader compiler working directory 'C:/Users/ezequ/AppData/Local/Temp/UnrealShaderWorkingDir/D47CBA04403335C2EDA41CB8B05A0F07/'.
[2025.07.21-01.25.42:169][  0]LogXGEController: Cannot use XGE Controller as Incredibuild is not installed on this machine.
[2025.07.21-01.25.42:170][  0]LogShaderCompilers: Cannot use XGE Shader Compiler as Incredibuild is not installed on this machine.
[2025.07.21-01.25.42:170][  0]LogShaderCompilers: Display: Using Local Shader Compiler.
[2025.07.21-01.25.43:359][  0]LogDerivedDataCache: Display: Max Cache Size: 512 MB
[2025.07.21-01.25.43:420][  0]LogDerivedDataCache: Loaded boot cache 0.06s 97MB C:/Users/ezequ/AppData/Local/UnrealEngine/4.27/DerivedDataCache/Boot.ddc.
[2025.07.21-01.25.43:421][  0]LogDerivedDataCache: Display: Loaded Boot cache: C:/Users/ezequ/AppData/Local/UnrealEngine/4.27/DerivedDataCache/Boot.ddc
[2025.07.21-01.25.43:421][  0]LogDerivedDataCache: FDerivedDataBackendGraph:  Pak pak cache file ../../../../../UTN-e-learning/Unreal-Engine/Unreal-Projects/TP_PreEntrega/DerivedDataCache/DDC.ddp not found, will not use a pak cache.
[2025.07.21-01.25.43:421][  0]LogDerivedDataCache: Unable to find inner node Pak for hierarchical cache Hierarchy.
[2025.07.21-01.25.43:421][  0]LogDerivedDataCache: FDerivedDataBackendGraph:  CompressedPak pak cache file ../../../../../UTN-e-learning/Unreal-Engine/Unreal-Projects/TP_PreEntrega/DerivedDataCache/Compressed.ddp not found, will not use a pak cache.
[2025.07.21-01.25.43:421][  0]LogDerivedDataCache: Unable to find inner node CompressedPak for hierarchical cache Hierarchy.
[2025.07.21-01.25.43:439][  0]LogDerivedDataCache: Display: Pak cache opened for reading ../../../Engine/DerivedDataCache/Compressed.ddp.
[2025.07.21-01.25.43:439][  0]LogDerivedDataCache: FDerivedDataBackendGraph:  EnterprisePak pak cache file ../../../Enterprise/DerivedDataCache/Compressed.ddp not found, will not use a pak cache.
[2025.07.21-01.25.43:439][  0]LogDerivedDataCache: Unable to find inner node EnterprisePak for hierarchical cache Hierarchy.
[2025.07.21-01.25.43:452][  0]LogDerivedDataCache: Speed tests for C:/Users/ezequ/AppData/Local/UnrealEngine/Common/DerivedDataCache took 0.01 seconds
[2025.07.21-01.25.43:452][  0]LogDerivedDataCache: Display: Performance to C:/Users/ezequ/AppData/Local/UnrealEngine/Common/DerivedDataCache: Latency=0.04ms. RandomReadSpeed=750.17MBs, RandomWriteSpeed=81.42MBs. Assigned SpeedClass 'Local'
[2025.07.21-01.25.43:453][  0]LogDerivedDataCache: Using Local data cache path C:/Users/ezequ/AppData/Local/UnrealEngine/Common/DerivedDataCache: Writable
[2025.07.21-01.25.43:453][  0]LogDerivedDataCache: Shared data cache path not found in *engine.ini, will not use an Shared cache.
[2025.07.21-01.25.43:453][  0]LogDerivedDataCache: Unable to find inner node Shared for hierarchical cache Hierarchy.
[2025.07.21-01.25.43:556][  0]LogSlate: Using FreeType 2.10.0
[2025.07.21-01.25.43:556][  0]LogSlate: SlateFontServices - WITH_FREETYPE: 1, WITH_HARFBUZZ: 1
[2025.07.21-01.25.43:597][  0]LogAssetRegistry: FAssetRegistry took 0.0036 seconds to start up
[2025.07.21-01.25.44:052][  0]LogInit: Selected Device Profile: [Windows]
[2025.07.21-01.25.44:052][  0]LogInit: Active device profile: [000001FDF0F33B00][000001FDEDA28640 49] Windows
[2025.07.21-01.25.44:052][  0]LogInit: Profiles: [000001FDF0F33B00][000001FDEDA28640 49] Windows, [000001FDF0ED8600][000001FDEDA24780 49] WindowsNoEditor, [000001FDF0F30600][000001FDEDA348C0 49] WindowsServer, [000001FDF0EDB300][000001FDEDA6CA00 49] WindowsClient, [000001FDF0F33200][000001FDF1430B80 49] IOS, [000001FDF0ED9000][000001FDEDA2CD00 49] iPadAir, [000001FDF0F30F00][000001FDF1434E80 49] iPadAir2, [000001FDF0E64300][000001FDE5745140 49] IPadPro, [000001FDF0E57F00][000001FDEDAE5180 49] iPadAir3, [000001FDF0F32D00][000001FDE5749300 49] iPadAir4, [000001FDF0E54C00][000001FDF1439480 49] iPadMini2, [000001FDF0F31300][000001FDEFE1B600 49] iPadMini3, [000001FDF0E56E00][000001FDF143D780 49] iPadMini4, [000001FDF0F32500][000001FDE5237900 49] iPadMini5, [000001FDF0EDAB00][000001FDE527BBC0 49] iPhone6, [000001FDF0EDAC00][000001FDE523BC00 49] iPodTouch6, [000001FDF0E55000][000001FDE4A86340 49] iPhone7, [000001FDF0E55100][000001FDE527E380 49] iPodTouch7, [000001FDF0ED8700][000001FDE4A8E500 49] iPhone5S, [000001FDF0E57500][000001FDF11D2680 49] iPhone6Plus, [000001FDF0ED9400][000001FDF142C7C0 49] iPhone6S, [000001FDF0E56100][000001FDEFE8E900 49] iPhone6SPlus, [000001FDF0ED8B00][000001FDEFEECA40 49] iPhone7Plus, [000001FDF0E54400][000001FDF0038B80 49] iPhoneSE, [000001FDF0ED9B00][000001FDF1562D00 49] iPhone8, [000001FDF0E56600][000001FDF15B0E80 49] iPhone8Plus, [000001FDF0ED8200][000001FDF15CB000 49] iPhoneX, [000001FDF0E54200][000001FDF15CF180 49] iPhoneXS, [000001FDF0EDBA00][000001FDF15D3300 49] iPhoneXSMax, [000001FDF0E56400][000001FDF15D7480 49] iPhoneXR, [000001FDF0EDAA00][000001FDF175F600 49] iPhone11, [000001FDF0E56B00][000001FDF1763780 49] iPhone11Pro, [000001FDF0ED8D00][000001FDF17D7900 49] iPhone11ProMax, [000001FDF0E54F00][000001FDEDA7BA80 49] iPhoneSE2, [000001FDF0ED8400][000001FDEDA7FC00 49] iPhone12Mini, [000001FDF0E54100][000001FDEDA82200 49] iPhone12, [000001FDF0EDB800][000001FDEDA86380 49] iPhone12Pro, [000001FDF0E57100][000001FDEDA9E500 49] iPhone12ProMax, [000001FDF0EDB400][000001FDEDAA2680 49] iPadPro105, [000001FDF0E56D00][000001FDEDAAE800 49] iPadPro129, [000001FDF0ED9900][000001FDEDAB2980 49] iPadPro97, [000001FDF0E56000][000001FDF003CAC0 49] iPadPro2_129, [000001FDF0ED9600][000001FDEDAB6C00 49] iPad5, [000001FDF0E54500][000001FDEDABAD40 49] iPad6, [000001FDF0EDA000][000001FDE571CEC0 49] iPad7, [000001FDF0E54D00][000001FDE5721040 49] iPad8, [000001FDF0ED9300][000001FDF184F1C0 49] iPadPro11, [000001FDF0E56C00][000001FDF185D340 49] iPadPro2_11, [000001FDF0EDB500][000001FDE57254C0 49] iPadPro3_129, [000001FDF0E57E00][000001FDE5729640 49] iPadPro4_129, [000001FDF0EDA500][000001FDE572D7C0 49] AppleTV, [000001FDF0E56500][000001FDE5731940 49] AppleTV4K, [000001FDF0ED9F00][000001FDE5735AC0 49] TVOS, [000001FDF0E55A00][000001FDEDABE0C0 49] Mac, [000001FDF0ED8F00][000001FDE5740240 49] MacClient, [000001FDF0E55700][000001FDEDAD03C0 49] MacNoEditor, [000001FDF0ED9A00][000001FDEDAD4540 49] MacServer, [000001FDF0E56900][000001FDEDAD86C0 49] Linux, [000001FDF0ED9C00][000001FDEDADC840 49] LinuxAArch64, [000001FDF0E57000][000001FDF18529C0 49] LinuxNoEditor, [000001FDF0ED9100][000001FDEDAE0B40 49] LinuxAArch64NoEditor, [000001FDF0E56700][000001FDE5718C80 49] LinuxClient, [000001FDF0ED9700][000001FDEFDFEDC0 49] LinuxAArch64Client, [000001FDF0158800][000001FDEDA30F00 49] LinuxServer, [000001FDF0E64500][000001FDEFEDB040 49] LinuxAArch64Server, [000001FDF0158700][000001FDEFEC71C0 49] Android, [000001FDF0E64600][000001FDEFEC3340 49] Android_Low, [000001FDF0158100][000001FDEFEBF4C0 49] Android_Mid, [000001FDF0E65000][000001FDEFEAF640 49] Android_High, [000001FDF015A200][000001FDEFEA57C0 49] Android_Default, [000001FDF0E66B00][000001FDEFE6F940 49] Android_Adreno4xx, [000001FDF0158A00][000001FDEFE55AC0 49] Android_Adreno5xx_Low, [000001FDF0E65600][000001FDEFE4A0C0 49] Android_Adreno5xx, [000001FDF0159E00][000001FDF11F2240 49] Android_Adreno6xx, [000001FDF0E66C00][000001FDF11EE3C0 49] Android_Adreno6xx_Vulkan, [000001FDF0158D00][000001FDF11EA540 49] Android_Mali_T6xx, [000001FDF0E66900][000001FDF11E66C0 49] Android_Mali_T7xx, [000001FDF0158E00][000001FDE4A8A840 49] Android_Mali_T8xx, [000001FDF0E67200][000001FDEDA389C0 49] Android_Mali_G71, [000001FDF0159600][000001FDEFEE8B40 49] Android_Mali_G72, [000001FDF0E66000][000001FDEFE02CC0 49] Android_Mali_G72_Vulkan, [000001FDF0159700][000001FDEFED6E00 49] Android_Mali_G76, [000001FDF0E64900][000001FDEFE06F40 49] Android_Mali_G76_Vulkan, [000001FDF0159300][000001FDEFE0B080 49] Android_Mali_G77, [000001FDF0E64A00][000001FDEFE0F1C0 49] Android_Mali_G77_Vulkan, [000001FDF0158600][000001FDEFE17340 49] Android_Mali_G78, [000001FDF0E66E00][000001FDEDA454C0 49] Android_Mali_G78_Vulkan, [000001FDF0ED8A00][000001FDEDA49640 49] Android_Mali_G710, [000001FDF0E54600][000001FDEDA4D7C0 49] Android_Mali_G710_Vulkan, [000001FDF0E65D00][000001FDEDA51940 49] Android_Vulkan_SM5, [000001FDF0E57600][000001FDEDA55AC0 49] Android_PowerVR_G6xxx, [000001FDF0ED8500][000001FDEDA580C0 49] Android_PowerVR_GT7xxx, [000001FDF015AA00][000001FDEDA5C240 49] Android_PowerVR_GE8xxx, [000001FDF0ED9E00][000001FDEDA603C0 49] Android_PowerVR_GM9xxx, [000001FDF0159B00][000001FDEDA64540 49] Android_PowerVR_GM9xxx_Vulkan, [000001FDF0EDA600][000001FDEDA686C0 49] Android_TegraK1, [000001FDF015A000][000001FDF118A840 49] Android_Unknown_Vulkan, [000001FDF0ED8300][000001FDF118E9C0 49] Lumin, [000001FDF0159800][000001FDF1192B40 49] Lumin_Desktop, [000001FDF0EDBE00][000001FDF1196CC0 49] HoloLens, 
[2025.07.21-01.25.44:210][  0]LogMeshReduction: Using QuadricMeshReduction for automatic static mesh reduction
[2025.07.21-01.25.44:210][  0]LogMeshReduction: Using SimplygonMeshReduction for automatic skeletal mesh reduction
[2025.07.21-01.25.44:210][  0]LogMeshReduction: Using ProxyLODMeshReduction for automatic mesh merging
[2025.07.21-01.25.44:210][  0]LogMeshReduction: No distributed automatic mesh merging module available
[2025.07.21-01.25.44:210][  0]LogMeshMerging: No distributed automatic mesh merging module available
[2025.07.21-01.25.44:228][  0]LogNetVersion: TP_PreEntrega 1.0.0, NetCL: 17155196, EngineNetVer: 17, GameNetVer: 0 (Checksum: 2958971551)
[2025.07.21-01.25.44:950][  0]LogTexture: Default maximum texture size for cubemaps generated from long-lat sources has been changed from 512 to unlimited. In order to preserve old behaiour for '/Engine/MapTemplates/Sky/DaylightAmbientCubemap.DaylightAmbientCubemap', its maximum texture size has been explicitly set to 512.
[2025.07.21-01.25.45:079][  0]LogHMD: PokeAHoleMaterial loaded successfully
[2025.07.21-01.25.45:085][  0]LogUObjectArray: 18053 objects as part of root set at end of initial load.
[2025.07.21-01.25.45:085][  0]LogUObjectAllocator: 4611920 out of 0 bytes used by permanent object pool.
[2025.07.21-01.25.45:085][  0]LogUObjectArray: CloseDisregardForGC: 0/0 objects in disregard for GC pool
[2025.07.21-01.25.45:543][  0]LogNiagaraDebuggerClient: Niagara Debugger Client Initialized | Session: F45C8D1644C0F6B53AF1F6AFEC5C552B | Instance: CE2F591843E23AE2A6B5FC846E80A4A1 (LAPTOP-AHL2VAE2-12392).
[2025.07.21-01.25.45:597][  0]LogPython: Using Python 3.7.7
[2025.07.21-01.25.46:783][  0]LogTcpMessaging: Initializing TcpMessaging bridge
[2025.07.21-01.25.46:790][  0]LogUdpMessaging: Initializing bridge on interface 0.0.0.0:0 to multicast group 230.0.0.1:6666.
[2025.07.21-01.25.47:078][  0]SourceControl: Source control is disabled
[2025.07.21-01.25.47:078][  0]SourceControl: Source control is disabled
[2025.07.21-01.25.47:084][  0]SourceControl: Source control is disabled
[2025.07.21-01.25.47:092][  0]SourceControl: Source control is disabled
[2025.07.21-01.25.47:115][  0]SourceControl: Source control is disabled
[2025.07.21-01.25.47:160][  0]LogUProjectInfo: Found projects:
[2025.07.21-01.25.47:559][  0]LogOpenImageDenoise: OIDN starting up
[2025.07.21-01.25.47:609][  0]LogAndroidPermission: UAndroidPermissionCallbackProxy::GetInstance
[2025.07.21-01.25.47:637][  0]LogAudioCaptureCore: Display: No Audio Capture implementations found. Audio input will be silent.
[2025.07.21-01.25.47:637][  0]LogAudioCaptureCore: Display: No Audio Capture implementations found. Audio input will be silent.
[2025.07.21-01.25.47:816][  0]LogCollectionManager: Loaded 0 collections in 0.002159 seconds
[2025.07.21-01.25.47:854][  0]LogFileCache: Scanning file cache for directory 'D:/UTN-e-learning/Unreal-Engine/Unreal-Projects/TP_PreEntrega/Saved/Collections/' took 0.00s
[2025.07.21-01.25.47:854][  0]LogFileCache: Scanning file cache for directory 'D:/UTN-e-learning/Unreal-Engine/Unreal-Projects/TP_PreEntrega/Content/Developers/ezequ/Collections/' took 0.00s
[2025.07.21-01.25.47:854][  0]LogFileCache: Scanning file cache for directory 'D:/UTN-e-learning/Unreal-Engine/Unreal-Projects/TP_PreEntrega/Content/Collections/' took 0.00s
[2025.07.21-01.25.47:854][  0]LogOcInput: OculusInput pre-init called
[2025.07.21-01.25.48:381][  0]LogClass: Display: IntProperty FPhysicsConvexData::NumVertices is not initialized properly. Module:MeshModelingTools File:Public/Physics/CollisionPropertySets.h
[2025.07.21-01.25.48:381][  0]LogClass: Display: IntProperty FPhysicsConvexData::NumFaces is not initialized properly. Module:MeshModelingTools File:Public/Physics/CollisionPropertySets.h
[2025.07.21-01.25.48:381][  0]LogClass: Display: FloatProperty FPhysicsCapsuleData::Radius is not initialized properly. Module:MeshModelingTools File:Public/Physics/CollisionPropertySets.h
[2025.07.21-01.25.48:381][  0]LogClass: Display: FloatProperty FPhysicsCapsuleData::Length is not initialized properly. Module:MeshModelingTools File:Public/Physics/CollisionPropertySets.h
[2025.07.21-01.25.48:381][  0]LogClass: Display: StructProperty FPhysicsBoxData::Dimensions is not initialized properly. Module:MeshModelingTools File:Public/Physics/CollisionPropertySets.h
[2025.07.21-01.25.48:381][  0]LogClass: Display: FloatProperty FPhysicsSphereData::Radius is not initialized properly. Module:MeshModelingTools File:Public/Physics/CollisionPropertySets.h
[2025.07.21-01.25.48:381][  0]LogClass: Display: EnumProperty FLODLevelGenerateSettings::TargetMode is not initialized properly. Module:MeshModelingToolsEditorOnly File:Public/GenerateLODMeshesTool.h
[2025.07.21-01.25.48:381][  0]LogClass: Display: IntProperty FLODLevelGenerateSettings::TargetPercentage is not initialized properly. Module:MeshModelingToolsEditorOnly File:Public/GenerateLODMeshesTool.h
[2025.07.21-01.25.48:381][  0]LogClass: Display: IntProperty FLODLevelGenerateSettings::TargetCount is not initialized properly. Module:MeshModelingToolsEditorOnly File:Public/GenerateLODMeshesTool.h
[2025.07.21-01.25.48:381][  0]LogClass: Display: 9 Uninitialized script struct members found including 0 object properties
[2025.07.21-01.25.48:382][  0]LogEngine: Initializing Engine...
[2025.07.21-01.25.48:384][  0]LogHMD: Failed to enumerate extensions. Please check that you have a valid OpenXR runtime installed.
[2025.07.21-01.25.48:385][  0]LogHMD: Failed to initialize OpenVR with code 110
[2025.07.21-01.25.48:385][  0]LogMagicLeap: Warning: VR disabled because ZI is not enabled.  To enable, in the editor, Edit -> Project Settings -> Plugins -> Magic Leap Plugin -> Enable Zero Iteration
[2025.07.21-01.25.48:385][  0]LogStylusInput: Initializing StylusInput subsystem.
[2025.07.21-01.25.48:387][  0]LogStats: UGameplayTagsManager::InitializeManager -  0.000 s
[2025.07.21-01.25.48:502][  0]LogInit: Initializing FReadOnlyCVARCache
[2025.07.21-01.25.48:514][  0]LogAIModule: Creating AISystem for world Untitled
[2025.07.21-01.25.48:518][  0]LogAudio: Display: Initializing Audio Device Manager...
[2025.07.21-01.25.48:525][  0]LogAudio: Display: Loading Default Audio Settings Objects...
[2025.07.21-01.25.48:525][  0]LogAudio: Display: No default SoundConcurrencyObject specified (or failed to load).
[2025.07.21-01.25.48:526][  0]LogAudio: Display: Audio Device Manager Initialized
[2025.07.21-01.25.48:526][  0]LogAudio: Display: Creating Audio Device:                 Id: 1, Scope: Shared, Realtime: True
[2025.07.21-01.25.48:526][  0]LogAudioMixer: Display: Audio Mixer Platform Settings:
[2025.07.21-01.25.48:526][  0]LogAudioMixer: Display: 	Sample Rate:						  48000
[2025.07.21-01.25.48:526][  0]LogAudioMixer: Display: 	Callback Buffer Frame Size Requested: 1024
[2025.07.21-01.25.48:526][  0]LogAudioMixer: Display: 	Callback Buffer Frame Size To Use:	  1024
[2025.07.21-01.25.48:526][  0]LogAudioMixer: Display: 	Number of buffers to queue:			  2
[2025.07.21-01.25.48:526][  0]LogAudioMixer: Display: 	Max Channels (voices):				  32
[2025.07.21-01.25.48:526][  0]LogAudioMixer: Display: 	Number of Async Source Workers:		  0
[2025.07.21-01.25.48:526][  0]LogAudio: Display: AudioDevice MaxSources: 32
[2025.07.21-01.25.48:527][  0]LogAudio: Display: Audio Spatialization Plugin: None (built-in).
[2025.07.21-01.25.48:527][  0]LogAudio: Display: Audio Reverb Plugin: None (built-in).
[2025.07.21-01.25.48:527][  0]LogAudio: Display: Audio Occlusion Plugin: None (built-in).
[2025.07.21-01.25.48:527][  0]LogAudioMixer: Display: Initializing audio mixer.
[2025.07.21-01.25.48:548][  0]LogAudioMixer: Display: 0: FrontLeft
[2025.07.21-01.25.48:548][  0]LogAudioMixer: Display: 1: FrontRight
[2025.07.21-01.25.48:604][  0]LogAudioMixer: Display: Using Audio Device Headphones (SOUNDPEATS Opera05)
[2025.07.21-01.25.48:607][  0]LogAudioMixer: Display: Initializing Sound Submixes...
[2025.07.21-01.25.48:612][  0]LogAudioMixer: Display: Creating Master Submix 'MasterSubmixDefault'
[2025.07.21-01.25.48:612][  0]LogAudioMixer: Display: Creating Master Submix 'MasterReverbSubmixDefault'
[2025.07.21-01.25.48:613][  0]LogAudioMixer: Display: Creating Master Submix 'MasterEQSubmixDefault'
[2025.07.21-01.25.48:613][  0]LogAudioMixer: FMixerPlatformXAudio2::StartAudioStream() called
[2025.07.21-01.25.48:614][  0]LogAudioMixer: Display: Output buffers initialized: Frames=1024, Channels=2, Samples=2048
[2025.07.21-01.25.48:615][  0]LogAudioMixer: Display: Starting AudioMixerPlatformInterface::RunInternal()
[2025.07.21-01.25.48:615][  0]LogAudioMixer: Display: FMixerPlatformXAudio2::SubmitBuffer() called for the first time
[2025.07.21-01.25.48:615][  0]LogInit: FAudioDevice initialized.
[2025.07.21-01.25.48:615][  0]LogAudio: Display: Audio Device (ID: 1) registered with world 'Untitled'.
[2025.07.21-01.25.48:615][  0]LogNetVersion: Set ProjectVersion to 1.0.0.0. Version Checksum will be recalculated on next use.
[2025.07.21-01.25.48:725][  0]LogDerivedDataCache: Saved boot cache 0.11s 97MB C:/Users/ezequ/AppData/Local/UnrealEngine/4.27/DerivedDataCache/Boot.ddc.
[2025.07.21-01.25.48:725][  0]LogInit: Texture streaming: Enabled
[2025.07.21-01.25.48:758][  0]LogAnalytics: Display: [UEEditor.Rocket.Release] APIServer = https://datarouter.ol.epicgames.com/. AppVersion = 4.27.2-18319896+++UE4+Release-4.27
[2025.07.21-01.25.48:783][  0]LogEngineSessionManager: EngineSessionManager initialized
[2025.07.21-01.25.48:783][  0]LogEditorSessionSummary: Verbose: Initializing EditorSessionSummaryWriter for editor session tracking
[2025.07.21-01.25.48:836][  0]LogEditorSessionSummary: EditorSessionSummaryWriter initialized
[2025.07.21-01.25.48:937][  0]LogInit: Transaction tracking system initialized
[2025.07.21-01.25.48:991][  0]BlueprintLog: New page: Editor Load
[2025.07.21-01.25.49:120][  0]LocalizationService: Localization service is disabled
[2025.07.21-01.25.49:160][  0]TimingProfiler: Initialize
[2025.07.21-01.25.49:161][  0]TimingProfiler: OnSessionChanged
[2025.07.21-01.25.49:161][  0]LoadingProfiler: Initialize
[2025.07.21-01.25.49:161][  0]LoadingProfiler: OnSessionChanged
[2025.07.21-01.25.49:161][  0]NetworkingProfiler: Initialize
[2025.07.21-01.25.49:161][  0]NetworkingProfiler: OnSessionChanged
[2025.07.21-01.25.49:161][  0]MemoryProfiler: Initialize
[2025.07.21-01.25.49:161][  0]MemoryProfiler: OnSessionChanged
[2025.07.21-01.25.49:467][  0]LogCook: Display: CookSettings for Memory: MemoryMaxUsedVirtual 0MiB, MemoryMaxUsedPhysical 16384MiB, MemoryMinFreeVirtual 0MiB, MemoryMinFreePhysical 1024MiB
[2025.07.21-01.25.49:467][  0]LogCook: Display: Mobile HDR setting 1
[2025.07.21-01.25.49:929][  0]LogFileCache: Scanning file cache for directory 'D:/UTN-e-learning/Unreal-Engine/Unreal-Projects/TP_PreEntrega/Content/' took 0.02s
[2025.07.21-01.25.50:405][  0]LogInit: Display: Engine is initialized. Leaving FEngineLoop::Init()
[2025.07.21-01.25.50:424][  0]SourceControl: Source control is disabled
[2025.07.21-01.25.50:425][  0]LogUnrealEdMisc: Loading editor; pre map load, took 12.476
[2025.07.21-01.25.50:425][  0]Cmd: MAP LOAD FILE="../../../../../UTN-e-learning/Unreal-Engine/Unreal-Projects/TP_PreEntrega/Content/ThirdPersonBP/Maps/ThirdPersonExampleMap.umap" TEMPLATE=0 SHOWPROGRESS=1 FEATURELEVEL=3
[2025.07.21-01.25.50:425][  0]LightingResults: New page: Lighting Build
[2025.07.21-01.25.50:427][  0]LogWorld: UWorld::CleanupWorld for Untitled, bSessionEnded=true, bCleanupResources=true
[2025.07.21-01.25.50:427][  0]LogSlate: InvalidateAllWidgets triggered.  All widgets were invalidated
[2025.07.21-01.25.50:427][  0]MapCheck: New page: Map Check
[2025.07.21-01.25.50:427][  0]LightingResults: New page: Lighting Build
[2025.07.21-01.25.50:433][  0]LogAudio: Display: Audio Device unregistered from world 'None'.
[2025.07.21-01.25.50:436][  0]LogUObjectHash: Compacting FUObjectHashTables data took   1.01ms
[2025.07.21-01.25.51:525][  0]LogMaterial: Display: Missing cached shadermap for lambert3 in PCD3D_SM5, Default, SM5 (DDC key hash: B7C57C5C40F6203CBAC0E9E4E16B1AFC3ED04D3F), compiling. 
[2025.07.21-01.25.51:526][  0]LogMaterial: Warning: [AssetLog] D:\UTN-e-learning\Unreal-Engine\Unreal-Projects\TP_PreEntrega\Content\ThirdPersonBP\Blueprints\blueprints\Textures\lambert3.uasset: Failed to compile Material for platform PCD3D_SM5, Default Material will be used in game.
[2025.07.21-01.25.51:526][  0]LogMaterial: Display: 	(Node TextureSample) TextureSample> Sampler type is Normal, should be Color for /Game/ThirdPersonBP/Blueprints/blueprints/Textures/ROCK04LB.ROCK04LB
[2025.07.21-01.25.51:603][  0]LogAudio: Display: Audio Device (ID: 1) registered with world 'ThirdPersonExampleMap'.
[2025.07.21-01.25.51:604][  0]LogAIModule: Creating AISystem for world ThirdPersonExampleMap
[2025.07.21-01.25.51:617][  0]LogMaterial: Display: Material /Game/StarterContent/Materials/M_Wood_Floor_Walnut_Polished.M_Wood_Floor_Walnut_Polished needed to have new flag set bUsedWithSkeletalMesh !
[2025.07.21-01.25.51:619][  0]LogMaterial: Display: Missing cached shadermap for M_Wood_Floor_Walnut_Polished in PCD3D_SM5, Default, SM5 (DDC key hash: 4D41A8131ABF05BC47B272B03F19FFF85743A55C), compiling. 
[2025.07.21-01.25.51:811][  0]LogShaderCompilers: Display: Submitted 41 shader compile jobs with 'Low' priority
[2025.07.21-01.25.51:813][  0]MapCheck: Warning: M_Wood_Floor_Walnut_Polished Material /Game/StarterContent/Materials/M_Wood_Floor_Walnut_Polished.M_Wood_Floor_Walnut_Polished was missing the usage flag bUsedWithSkeletalMesh. If the material asset is not re-saved, it may not render correctly when run outside the editor. Fix
[2025.07.21-01.25.52:011][  0]LogShaderCompilers: Display: Worker (1/5): shaders left to compile 41
[2025.07.21-01.25.52:011][  0]LogShaderCompilers: Display: Worker (2/5): shaders left to compile 32
[2025.07.21-01.25.52:012][  0]LogShaderCompilers: Display: Worker (3/5): shaders left to compile 23
[2025.07.21-01.25.52:012][  0]LogShaderCompilers: Display: Worker (4/5): shaders left to compile 14
[2025.07.21-01.25.52:012][  0]LogShaderCompilers: Display: Worker (5/5): shaders left to compile 5
[2025.07.21-01.25.52:012][  0]LogShaderCompilers: Display: Started 41 'Local' shader compile jobs with 'Low' priority
[2025.07.21-01.25.52:012][  0]LogEditorServer: Finished looking for orphan Actors (0.000 secs)
[2025.07.21-01.25.52:056][  0]LogUObjectHash: Compacting FUObjectHashTables data took   4.22ms
[2025.07.21-01.25.52:057][  0]Cmd: MAP CHECKDEP NOCLEARLOG
[2025.07.21-01.25.52:057][  0]MapCheck: Map check complete: 0 Error(s), 1 Warning(s), took 0.235ms to complete.
[2025.07.21-01.25.52:083][  0]LogFileHelpers: Loading map 'ThirdPersonExampleMap' took 1.658
[2025.07.21-01.25.52:091][  0]LogUnrealEdMisc: Total Editor Startup Time, took 14.143
[2025.07.21-01.25.52:461][  0]LogSlate: Updating window title bar state: overlay mode, drag disabled, window buttons hidden, title bar hidden
[2025.07.21-01.25.52:491][  0]LogSlate: Updating window title bar state: overlay mode, drag disabled, window buttons hidden, title bar hidden
[2025.07.21-01.25.52:519][  0]LogSlate: Updating window title bar state: overlay mode, drag disabled, window buttons hidden, title bar hidden
[2025.07.21-01.25.52:548][  0]LogSlate: Updating window title bar state: overlay mode, drag disabled, window buttons hidden, title bar hidden
[2025.07.21-01.25.52:651][  0]LogNativeClassHierarchy: Verbose: Native class hierarchy populated in 0.0472 seconds. Added 4208 classes and 963 folders.
[2025.07.21-01.25.52:658][  0]LogNativeClassHierarchy: Verbose: Native class hierarchy updated for 'WidgetCarousel' in 0.0007 seconds. Added 0 classes and 0 folders.
[2025.07.21-01.25.52:662][  0]LogPakFile: PakFile PrimaryIndexSize=187
[2025.07.21-01.25.52:662][  0]LogPakFile: PakFile PathHashIndexSize=101
[2025.07.21-01.25.52:662][  0]LogPakFile: PakFile FullDirectoryIndexSize=148
[2025.07.21-01.25.52:662][  0]LogShaderLibrary: Display: ShaderCodeLibraryPakFileMountedCallback: PakFile 'D:/UE4-Windows/UE_4.27/FeaturePacks/FP_FirstPerson.upack' (chunk index -1, root 'root:/') mounted
[2025.07.21-01.25.52:662][  0]LogShaderLibrary: Display: ShaderCodeLibraryPakFileMountedCallback: pending pak file info (ChunkID:-1 Root:root:/ File:D:/UE4-Windows/UE_4.27/FeaturePacks/FP_FirstPerson.upack)
[2025.07.21-01.25.52:662][  0]LogPakFile: OnPakFileMounted2Time == 0.000224
[2025.07.21-01.25.52:665][  0]LogPakFile: PakFile PrimaryIndexSize=189
[2025.07.21-01.25.52:665][  0]LogPakFile: PakFile PathHashIndexSize=101
[2025.07.21-01.25.52:665][  0]LogPakFile: PakFile FullDirectoryIndexSize=152
[2025.07.21-01.25.52:665][  0]LogShaderLibrary: Display: ShaderCodeLibraryPakFileMountedCallback: PakFile 'D:/UE4-Windows/UE_4.27/FeaturePacks/FP_FirstPersonBP.upack' (chunk index -1, root 'root:/') mounted
[2025.07.21-01.25.52:665][  0]LogShaderLibrary: Display: ShaderCodeLibraryPakFileMountedCallback: pending pak file info (ChunkID:-1 Root:root:/ File:D:/UE4-Windows/UE_4.27/FeaturePacks/FP_FirstPersonBP.upack)
[2025.07.21-01.25.52:666][  0]LogPakFile: OnPakFileMounted2Time == 0.000154
[2025.07.21-01.25.52:667][  0]LogPakFile: PakFile PrimaryIndexSize=191
[2025.07.21-01.25.52:667][  0]LogPakFile: PakFile PathHashIndexSize=101
[2025.07.21-01.25.52:667][  0]LogPakFile: PakFile FullDirectoryIndexSize=160
[2025.07.21-01.25.52:667][  0]LogShaderLibrary: Display: ShaderCodeLibraryPakFileMountedCallback: PakFile 'D:/UE4-Windows/UE_4.27/FeaturePacks/MobileStarterContent.upack' (chunk index -1, root 'root:/') mounted
[2025.07.21-01.25.52:668][  0]LogShaderLibrary: Display: ShaderCodeLibraryPakFileMountedCallback: pending pak file info (ChunkID:-1 Root:root:/ File:D:/UE4-Windows/UE_4.27/FeaturePacks/MobileStarterContent.upack)
[2025.07.21-01.25.52:668][  0]LogPakFile: OnPakFileMounted2Time == 0.000155
[2025.07.21-01.25.52:669][  0]LogPakFile: PakFile PrimaryIndexSize=185
[2025.07.21-01.25.52:670][  0]LogPakFile: PakFile PathHashIndexSize=101
[2025.07.21-01.25.52:670][  0]LogPakFile: PakFile FullDirectoryIndexSize=148
[2025.07.21-01.25.52:670][  0]LogShaderLibrary: Display: ShaderCodeLibraryPakFileMountedCallback: PakFile 'D:/UE4-Windows/UE_4.27/FeaturePacks/StarterContent.upack' (chunk index -1, root 'root:/') mounted
[2025.07.21-01.25.52:670][  0]LogShaderLibrary: Display: ShaderCodeLibraryPakFileMountedCallback: pending pak file info (ChunkID:-1 Root:root:/ File:D:/UE4-Windows/UE_4.27/FeaturePacks/StarterContent.upack)
[2025.07.21-01.25.52:670][  0]LogPakFile: OnPakFileMounted2Time == 0.000198
[2025.07.21-01.25.52:672][  0]LogPakFile: PakFile PrimaryIndexSize=190
[2025.07.21-01.25.52:672][  0]LogPakFile: PakFile PathHashIndexSize=101
[2025.07.21-01.25.52:672][  0]LogPakFile: PakFile FullDirectoryIndexSize=154
[2025.07.21-01.25.52:672][  0]LogShaderLibrary: Display: ShaderCodeLibraryPakFileMountedCallback: PakFile 'D:/UE4-Windows/UE_4.27/FeaturePacks/TP_2DSideScroller.upack' (chunk index -1, root 'root:/') mounted
[2025.07.21-01.25.52:672][  0]LogShaderLibrary: Display: ShaderCodeLibraryPakFileMountedCallback: pending pak file info (ChunkID:-1 Root:root:/ File:D:/UE4-Windows/UE_4.27/FeaturePacks/TP_2DSideScroller.upack)
[2025.07.21-01.25.52:672][  0]LogPakFile: OnPakFileMounted2Time == 0.000172
[2025.07.21-01.25.52:674][  0]LogPakFile: PakFile PrimaryIndexSize=192
[2025.07.21-01.25.52:674][  0]LogPakFile: PakFile PathHashIndexSize=101
[2025.07.21-01.25.52:674][  0]LogPakFile: PakFile FullDirectoryIndexSize=158
[2025.07.21-01.25.52:674][  0]LogShaderLibrary: Display: ShaderCodeLibraryPakFileMountedCallback: PakFile 'D:/UE4-Windows/UE_4.27/FeaturePacks/TP_2DSideScrollerBP.upack' (chunk index -1, root 'root:/') mounted
[2025.07.21-01.25.52:674][  0]LogShaderLibrary: Display: ShaderCodeLibraryPakFileMountedCallback: pending pak file info (ChunkID:-1 Root:root:/ File:D:/UE4-Windows/UE_4.27/FeaturePacks/TP_2DSideScrollerBP.upack)
[2025.07.21-01.25.52:674][  0]LogPakFile: OnPakFileMounted2Time == 0.000239
[2025.07.21-01.25.52:677][  0]LogPakFile: PakFile PrimaryIndexSize=182
[2025.07.21-01.25.52:677][  0]LogPakFile: PakFile PathHashIndexSize=101
[2025.07.21-01.25.52:677][  0]LogPakFile: PakFile FullDirectoryIndexSize=138
[2025.07.21-01.25.52:678][  0]LogShaderLibrary: Display: ShaderCodeLibraryPakFileMountedCallback: PakFile 'D:/UE4-Windows/UE_4.27/FeaturePacks/TP_Flying.upack' (chunk index -1, root 'root:/') mounted
[2025.07.21-01.25.52:678][  0]LogShaderLibrary: Display: ShaderCodeLibraryPakFileMountedCallback: pending pak file info (ChunkID:-1 Root:root:/ File:D:/UE4-Windows/UE_4.27/FeaturePacks/TP_Flying.upack)
[2025.07.21-01.25.52:678][  0]LogPakFile: OnPakFileMounted2Time == 0.000198
[2025.07.21-01.25.52:680][  0]LogPakFile: PakFile PrimaryIndexSize=184
[2025.07.21-01.25.52:680][  0]LogPakFile: PakFile PathHashIndexSize=101
[2025.07.21-01.25.52:680][  0]LogPakFile: PakFile FullDirectoryIndexSize=142
[2025.07.21-01.25.52:680][  0]LogShaderLibrary: Display: ShaderCodeLibraryPakFileMountedCallback: PakFile 'D:/UE4-Windows/UE_4.27/FeaturePacks/TP_FlyingBP.upack' (chunk index -1, root 'root:/') mounted
[2025.07.21-01.25.52:680][  0]LogShaderLibrary: Display: ShaderCodeLibraryPakFileMountedCallback: pending pak file info (ChunkID:-1 Root:root:/ File:D:/UE4-Windows/UE_4.27/FeaturePacks/TP_FlyingBP.upack)
[2025.07.21-01.25.52:680][  0]LogPakFile: OnPakFileMounted2Time == 0.000206
[2025.07.21-01.25.52:683][  0]LogPakFile: PakFile PrimaryIndexSize=188
[2025.07.21-01.25.52:683][  0]LogPakFile: PakFile PathHashIndexSize=101
[2025.07.21-01.25.52:683][  0]LogPakFile: PakFile FullDirectoryIndexSize=150
[2025.07.21-01.25.52:683][  0]LogShaderLibrary: Display: ShaderCodeLibraryPakFileMountedCallback: PakFile 'D:/UE4-Windows/UE_4.27/FeaturePacks/TP_HandheldARBP.upack' (chunk index -1, root 'root:/') mounted
[2025.07.21-01.25.52:683][  0]LogShaderLibrary: Display: ShaderCodeLibraryPakFileMountedCallback: pending pak file info (ChunkID:-1 Root:root:/ File:D:/UE4-Windows/UE_4.27/FeaturePacks/TP_HandheldARBP.upack)
[2025.07.21-01.25.52:683][  0]LogPakFile: OnPakFileMounted2Time == 0.000243
[2025.07.21-01.25.52:686][  0]LogPakFile: PakFile PrimaryIndexSize=182
[2025.07.21-01.25.52:686][  0]LogPakFile: PakFile PathHashIndexSize=101
[2025.07.21-01.25.52:686][  0]LogPakFile: PakFile FullDirectoryIndexSize=138
[2025.07.21-01.25.52:686][  0]LogShaderLibrary: Display: ShaderCodeLibraryPakFileMountedCallback: PakFile 'D:/UE4-Windows/UE_4.27/FeaturePacks/TP_Puzzle.upack' (chunk index -1, root 'root:/') mounted
[2025.07.21-01.25.52:686][  0]LogShaderLibrary: Display: ShaderCodeLibraryPakFileMountedCallback: pending pak file info (ChunkID:-1 Root:root:/ File:D:/UE4-Windows/UE_4.27/FeaturePacks/TP_Puzzle.upack)
[2025.07.21-01.25.52:686][  0]LogPakFile: OnPakFileMounted2Time == 0.000232
[2025.07.21-01.25.52:689][  0]LogPakFile: PakFile PrimaryIndexSize=184
[2025.07.21-01.25.52:689][  0]LogPakFile: PakFile PathHashIndexSize=101
[2025.07.21-01.25.52:689][  0]LogPakFile: PakFile FullDirectoryIndexSize=142
[2025.07.21-01.25.52:689][  0]LogShaderLibrary: Display: ShaderCodeLibraryPakFileMountedCallback: PakFile 'D:/UE4-Windows/UE_4.27/FeaturePacks/TP_PuzzleBP.upack' (chunk index -1, root 'root:/') mounted
[2025.07.21-01.25.52:689][  0]LogShaderLibrary: Display: ShaderCodeLibraryPakFileMountedCallback: pending pak file info (ChunkID:-1 Root:root:/ File:D:/UE4-Windows/UE_4.27/FeaturePacks/TP_PuzzleBP.upack)
[2025.07.21-01.25.52:689][  0]LogPakFile: OnPakFileMounted2Time == 0.000200
[2025.07.21-01.25.52:691][  0]LogPakFile: PakFile PrimaryIndexSize=183
[2025.07.21-01.25.52:691][  0]LogPakFile: PakFile PathHashIndexSize=101
[2025.07.21-01.25.52:691][  0]LogPakFile: PakFile FullDirectoryIndexSize=140
[2025.07.21-01.25.52:691][  0]LogShaderLibrary: Display: ShaderCodeLibraryPakFileMountedCallback: PakFile 'D:/UE4-Windows/UE_4.27/FeaturePacks/TP_Rolling.upack' (chunk index -1, root 'root:/') mounted
[2025.07.21-01.25.52:691][  0]LogShaderLibrary: Display: ShaderCodeLibraryPakFileMountedCallback: pending pak file info (ChunkID:-1 Root:root:/ File:D:/UE4-Windows/UE_4.27/FeaturePacks/TP_Rolling.upack)
[2025.07.21-01.25.52:692][  0]LogPakFile: OnPakFileMounted2Time == 0.000207
[2025.07.21-01.25.52:694][  0]LogPakFile: PakFile PrimaryIndexSize=185
[2025.07.21-01.25.52:694][  0]LogPakFile: PakFile PathHashIndexSize=101
[2025.07.21-01.25.52:694][  0]LogPakFile: PakFile FullDirectoryIndexSize=144
[2025.07.21-01.25.52:694][  0]LogShaderLibrary: Display: ShaderCodeLibraryPakFileMountedCallback: PakFile 'D:/UE4-Windows/UE_4.27/FeaturePacks/TP_RollingBP.upack' (chunk index -1, root 'root:/') mounted
[2025.07.21-01.25.52:694][  0]LogShaderLibrary: Display: ShaderCodeLibraryPakFileMountedCallback: pending pak file info (ChunkID:-1 Root:root:/ File:D:/UE4-Windows/UE_4.27/FeaturePacks/TP_RollingBP.upack)
[2025.07.21-01.25.52:694][  0]LogPakFile: OnPakFileMounted2Time == 0.000195
[2025.07.21-01.25.52:696][  0]LogPakFile: PakFile PrimaryIndexSize=188
[2025.07.21-01.25.52:696][  0]LogPakFile: PakFile PathHashIndexSize=101
[2025.07.21-01.25.52:696][  0]LogPakFile: PakFile FullDirectoryIndexSize=150
[2025.07.21-01.25.52:697][  0]LogShaderLibrary: Display: ShaderCodeLibraryPakFileMountedCallback: PakFile 'D:/UE4-Windows/UE_4.27/FeaturePacks/TP_SideScroller.upack' (chunk index -1, root 'root:/') mounted
[2025.07.21-01.25.52:697][  0]LogShaderLibrary: Display: ShaderCodeLibraryPakFileMountedCallback: pending pak file info (ChunkID:-1 Root:root:/ File:D:/UE4-Windows/UE_4.27/FeaturePacks/TP_SideScroller.upack)
[2025.07.21-01.25.52:697][  0]LogPakFile: OnPakFileMounted2Time == 0.000194
[2025.07.21-01.25.52:699][  0]LogPakFile: PakFile PrimaryIndexSize=190
[2025.07.21-01.25.52:699][  0]LogPakFile: PakFile PathHashIndexSize=101
[2025.07.21-01.25.52:699][  0]LogPakFile: PakFile FullDirectoryIndexSize=154
[2025.07.21-01.25.52:699][  0]LogShaderLibrary: Display: ShaderCodeLibraryPakFileMountedCallback: PakFile 'D:/UE4-Windows/UE_4.27/FeaturePacks/TP_SideScrollerBP.upack' (chunk index -1, root 'root:/') mounted
[2025.07.21-01.25.52:699][  0]LogShaderLibrary: Display: ShaderCodeLibraryPakFileMountedCallback: pending pak file info (ChunkID:-1 Root:root:/ File:D:/UE4-Windows/UE_4.27/FeaturePacks/TP_SideScrollerBP.upack)
[2025.07.21-01.25.52:699][  0]LogPakFile: OnPakFileMounted2Time == 0.000194
[2025.07.21-01.25.52:701][  0]LogPakFile: PakFile PrimaryIndexSize=187
[2025.07.21-01.25.52:702][  0]LogPakFile: PakFile PathHashIndexSize=101
[2025.07.21-01.25.52:702][  0]LogPakFile: PakFile FullDirectoryIndexSize=148
[2025.07.21-01.25.52:702][  0]LogShaderLibrary: Display: ShaderCodeLibraryPakFileMountedCallback: PakFile 'D:/UE4-Windows/UE_4.27/FeaturePacks/TP_ThirdPerson.upack' (chunk index -1, root 'root:/') mounted
[2025.07.21-01.25.52:702][  0]LogShaderLibrary: Display: ShaderCodeLibraryPakFileMountedCallback: pending pak file info (ChunkID:-1 Root:root:/ File:D:/UE4-Windows/UE_4.27/FeaturePacks/TP_ThirdPerson.upack)
[2025.07.21-01.25.52:702][  0]LogPakFile: OnPakFileMounted2Time == 0.000205
[2025.07.21-01.25.52:704][  0]LogPakFile: PakFile PrimaryIndexSize=189
[2025.07.21-01.25.52:704][  0]LogPakFile: PakFile PathHashIndexSize=101
[2025.07.21-01.25.52:704][  0]LogPakFile: PakFile FullDirectoryIndexSize=152
[2025.07.21-01.25.52:705][  0]LogShaderLibrary: Display: ShaderCodeLibraryPakFileMountedCallback: PakFile 'D:/UE4-Windows/UE_4.27/FeaturePacks/TP_ThirdPersonBP.upack' (chunk index -1, root 'root:/') mounted
[2025.07.21-01.25.52:705][  0]LogShaderLibrary: Display: ShaderCodeLibraryPakFileMountedCallback: pending pak file info (ChunkID:-1 Root:root:/ File:D:/UE4-Windows/UE_4.27/FeaturePacks/TP_ThirdPersonBP.upack)
[2025.07.21-01.25.52:705][  0]LogPakFile: OnPakFileMounted2Time == 0.000201
[2025.07.21-01.25.52:707][  0]LogPakFile: PakFile PrimaryIndexSize=183
[2025.07.21-01.25.52:707][  0]LogPakFile: PakFile PathHashIndexSize=101
[2025.07.21-01.25.52:707][  0]LogPakFile: PakFile FullDirectoryIndexSize=140
[2025.07.21-01.25.52:707][  0]LogShaderLibrary: Display: ShaderCodeLibraryPakFileMountedCallback: PakFile 'D:/UE4-Windows/UE_4.27/FeaturePacks/TP_TopDown.upack' (chunk index -1, root 'root:/') mounted
[2025.07.21-01.25.52:707][  0]LogShaderLibrary: Display: ShaderCodeLibraryPakFileMountedCallback: pending pak file info (ChunkID:-1 Root:root:/ File:D:/UE4-Windows/UE_4.27/FeaturePacks/TP_TopDown.upack)
[2025.07.21-01.25.52:707][  0]LogPakFile: OnPakFileMounted2Time == 0.000220
[2025.07.21-01.25.52:709][  0]LogPakFile: PakFile PrimaryIndexSize=185
[2025.07.21-01.25.52:710][  0]LogPakFile: PakFile PathHashIndexSize=101
[2025.07.21-01.25.52:710][  0]LogPakFile: PakFile FullDirectoryIndexSize=144
[2025.07.21-01.25.52:710][  0]LogShaderLibrary: Display: ShaderCodeLibraryPakFileMountedCallback: PakFile 'D:/UE4-Windows/UE_4.27/FeaturePacks/TP_TopDownBP.upack' (chunk index -1, root 'root:/') mounted
[2025.07.21-01.25.52:710][  0]LogShaderLibrary: Display: ShaderCodeLibraryPakFileMountedCallback: pending pak file info (ChunkID:-1 Root:root:/ File:D:/UE4-Windows/UE_4.27/FeaturePacks/TP_TopDownBP.upack)
[2025.07.21-01.25.52:710][  0]LogPakFile: OnPakFileMounted2Time == 0.000193
[2025.07.21-01.25.52:712][  0]LogPakFile: PakFile PrimaryIndexSize=185
[2025.07.21-01.25.52:712][  0]LogPakFile: PakFile PathHashIndexSize=101
[2025.07.21-01.25.52:712][  0]LogPakFile: PakFile FullDirectoryIndexSize=144
[2025.07.21-01.25.52:712][  0]LogShaderLibrary: Display: ShaderCodeLibraryPakFileMountedCallback: PakFile 'D:/UE4-Windows/UE_4.27/FeaturePacks/TP_TwinStick.upack' (chunk index -1, root 'root:/') mounted
[2025.07.21-01.25.52:712][  0]LogShaderLibrary: Display: ShaderCodeLibraryPakFileMountedCallback: pending pak file info (ChunkID:-1 Root:root:/ File:D:/UE4-Windows/UE_4.27/FeaturePacks/TP_TwinStick.upack)
[2025.07.21-01.25.52:713][  0]LogPakFile: OnPakFileMounted2Time == 0.000196
[2025.07.21-01.25.52:715][  0]LogPakFile: PakFile PrimaryIndexSize=187
[2025.07.21-01.25.52:715][  0]LogPakFile: PakFile PathHashIndexSize=101
[2025.07.21-01.25.52:715][  0]LogPakFile: PakFile FullDirectoryIndexSize=148
[2025.07.21-01.25.52:715][  0]LogShaderLibrary: Display: ShaderCodeLibraryPakFileMountedCallback: PakFile 'D:/UE4-Windows/UE_4.27/FeaturePacks/TP_TwinStickBP.upack' (chunk index -1, root 'root:/') mounted
[2025.07.21-01.25.52:715][  0]LogShaderLibrary: Display: ShaderCodeLibraryPakFileMountedCallback: pending pak file info (ChunkID:-1 Root:root:/ File:D:/UE4-Windows/UE_4.27/FeaturePacks/TP_TwinStickBP.upack)
[2025.07.21-01.25.52:715][  0]LogPakFile: OnPakFileMounted2Time == 0.000205
[2025.07.21-01.25.52:717][  0]LogPakFile: PakFile PrimaryIndexSize=183
[2025.07.21-01.25.52:718][  0]LogPakFile: PakFile PathHashIndexSize=101
[2025.07.21-01.25.52:718][  0]LogPakFile: PakFile FullDirectoryIndexSize=140
[2025.07.21-01.25.52:718][  0]LogShaderLibrary: Display: ShaderCodeLibraryPakFileMountedCallback: PakFile 'D:/UE4-Windows/UE_4.27/FeaturePacks/TP_Vehicle.upack' (chunk index -1, root 'root:/') mounted
[2025.07.21-01.25.52:718][  0]LogShaderLibrary: Display: ShaderCodeLibraryPakFileMountedCallback: pending pak file info (ChunkID:-1 Root:root:/ File:D:/UE4-Windows/UE_4.27/FeaturePacks/TP_Vehicle.upack)
[2025.07.21-01.25.52:718][  0]LogPakFile: OnPakFileMounted2Time == 0.000197
[2025.07.21-01.25.52:720][  0]LogPakFile: PakFile PrimaryIndexSize=186
[2025.07.21-01.25.52:720][  0]LogPakFile: PakFile PathHashIndexSize=101
[2025.07.21-01.25.52:720][  0]LogPakFile: PakFile FullDirectoryIndexSize=146
[2025.07.21-01.25.52:720][  0]LogShaderLibrary: Display: ShaderCodeLibraryPakFileMountedCallback: PakFile 'D:/UE4-Windows/UE_4.27/FeaturePacks/TP_VehicleAdv.upack' (chunk index -1, root 'root:/') mounted
[2025.07.21-01.25.52:720][  0]LogShaderLibrary: Display: ShaderCodeLibraryPakFileMountedCallback: pending pak file info (ChunkID:-1 Root:root:/ File:D:/UE4-Windows/UE_4.27/FeaturePacks/TP_VehicleAdv.upack)
[2025.07.21-01.25.52:721][  0]LogPakFile: OnPakFileMounted2Time == 0.000177
[2025.07.21-01.25.52:723][  0]LogPakFile: PakFile PrimaryIndexSize=188
[2025.07.21-01.25.52:723][  0]LogPakFile: PakFile PathHashIndexSize=101
[2025.07.21-01.25.52:723][  0]LogPakFile: PakFile FullDirectoryIndexSize=150
[2025.07.21-01.25.52:723][  0]LogShaderLibrary: Display: ShaderCodeLibraryPakFileMountedCallback: PakFile 'D:/UE4-Windows/UE_4.27/FeaturePacks/TP_VehicleAdvBP.upack' (chunk index -1, root 'root:/') mounted
[2025.07.21-01.25.52:723][  0]LogShaderLibrary: Display: ShaderCodeLibraryPakFileMountedCallback: pending pak file info (ChunkID:-1 Root:root:/ File:D:/UE4-Windows/UE_4.27/FeaturePacks/TP_VehicleAdvBP.upack)
[2025.07.21-01.25.52:723][  0]LogPakFile: OnPakFileMounted2Time == 0.000197
[2025.07.21-01.25.52:725][  0]LogPakFile: PakFile PrimaryIndexSize=185
[2025.07.21-01.25.52:725][  0]LogPakFile: PakFile PathHashIndexSize=101
[2025.07.21-01.25.52:725][  0]LogPakFile: PakFile FullDirectoryIndexSize=144
[2025.07.21-01.25.52:725][  0]LogShaderLibrary: Display: ShaderCodeLibraryPakFileMountedCallback: PakFile 'D:/UE4-Windows/UE_4.27/FeaturePacks/TP_VehicleBP.upack' (chunk index -1, root 'root:/') mounted
[2025.07.21-01.25.52:725][  0]LogShaderLibrary: Display: ShaderCodeLibraryPakFileMountedCallback: pending pak file info (ChunkID:-1 Root:root:/ File:D:/UE4-Windows/UE_4.27/FeaturePacks/TP_VehicleBP.upack)
[2025.07.21-01.25.52:725][  0]LogPakFile: OnPakFileMounted2Time == 0.000178
[2025.07.21-01.25.52:727][  0]LogPakFile: PakFile PrimaryIndexSize=192
[2025.07.21-01.25.52:728][  0]LogPakFile: PakFile PathHashIndexSize=101
[2025.07.21-01.25.52:728][  0]LogPakFile: PakFile FullDirectoryIndexSize=158
[2025.07.21-01.25.52:728][  0]LogShaderLibrary: Display: ShaderCodeLibraryPakFileMountedCallback: PakFile 'D:/UE4-Windows/UE_4.27/FeaturePacks/TP_VirtualRealityBP.upack' (chunk index -1, root 'root:/') mounted
[2025.07.21-01.25.52:728][  0]LogShaderLibrary: Display: ShaderCodeLibraryPakFileMountedCallback: pending pak file info (ChunkID:-1 Root:root:/ File:D:/UE4-Windows/UE_4.27/FeaturePacks/TP_VirtualRealityBP.upack)
[2025.07.21-01.25.52:728][  0]LogPakFile: OnPakFileMounted2Time == 0.000169
[2025.07.21-01.25.52:916][  0]LogNativeClassHierarchy: Verbose: Native class hierarchy updated for 'AddContentDialog' in 0.0007 seconds. Added 0 classes and 0 folders.
[2025.07.21-01.25.52:919][  0]LogNativeClassHierarchy: Verbose: Native class hierarchy updated for 'SceneOutliner' in 0.0008 seconds. Added 2 classes and 0 folders.
[2025.07.21-01.25.53:399][  0]LogSlate: Took 0.000536 seconds to synchronously load lazily loaded font '../../../Engine/Content/Slate/Fonts/Roboto-Regular.ttf' (155K)
[2025.07.21-01.25.53:404][  0]LogSlate: Took 0.000585 seconds to synchronously load lazily loaded font '../../../Engine/Content/Editor/Slate/Fonts/FontAwesome.ttf' (139K)
[2025.07.21-01.25.53:407][  0]LogSlate: Took 0.000465 seconds to synchronously load lazily loaded font '../../../Engine/Content/Slate/Fonts/Roboto-Bold.ttf' (160K)
[2025.07.21-01.25.53:816][  0]LogRenderer: Reallocating scene render targets to support 1208x492 Format 10 NumSamples 1 (Frame:1).
[2025.07.21-01.25.54:076][  0]LogSlate: Took 0.000480 seconds to synchronously load lazily loaded font '../../../Engine/Content/Slate/Fonts/Roboto-Light.ttf' (167K)
[2025.07.21-01.25.54:360][  0]LogNativeClassHierarchy: Verbose: Native class hierarchy updated for 'HierarchicalLODOutliner' in 0.0012 seconds. Added 0 classes and 0 folders.
[2025.07.21-01.25.54:360][  0]LogInput: Warning: Action Jump uses invalid key OculusGo_Left_Trigger_Click.
[2025.07.21-01.25.54:360][  0]LogInput: Warning: Action ResetVR uses invalid key OculusGo_Left_Trackpad_Click.
[2025.07.21-01.25.54:360][  0]LogInput: Warning: Use -RemoveInvalidKeys to remove instances of these keys from the action mapping.
[2025.07.21-01.25.54:360][  0]LogLoad: (Engine Initialization) Total time: 16.41 seconds
[2025.07.21-01.25.54:360][  0]LogLoad: (Engine Initialization) Total Blueprint compile time: 0.00 seconds
[2025.07.21-01.25.54:465][  0]LogContentStreaming: Texture pool size now 1000 MB
[2025.07.21-01.25.55:018][  3]LogAssetRegistry: Asset discovery search completed in 11.4229 seconds
[2025.07.21-01.25.55:047][  3]LogCollectionManager: Fixed up redirectors for 0 collections in 0.000011 seconds (updated 0 objects)
[2025.07.21-01.26.16:603][431]LogTemp: Repeating last play command: Selected Viewport
[2025.07.21-01.26.16:633][431]LogPlayLevel: PlayLevel: No blueprints needed recompiling
[2025.07.21-01.26.16:634][431]PIE: New page: PIE session: ThirdPersonExampleMap (Jul 20, 2025, 7:26:16 PM)
[2025.07.21-01.26.16:635][431]LogOnline: OSS: Creating online subsystem instance for: NULL
[2025.07.21-01.26.16:637][431]LogOnline: OSS: TryLoadSubsystemAndSetDefault: Loaded subsystem for module [NULL]
[2025.07.21-01.26.16:637][431]LogPlayLevel: Creating play world package: /Game/ThirdPersonBP/Maps/UEDPIE_0_ThirdPersonExampleMap
[2025.07.21-01.26.16:669][431]LogPlayLevel: PIE: StaticDuplicateObject took: (0.032475s)
[2025.07.21-01.26.16:671][431]LogAIModule: Creating AISystem for world ThirdPersonExampleMap
[2025.07.21-01.26.16:671][431]LogPlayLevel: PIE: World Init took: (0.001951s)
[2025.07.21-01.26.16:671][431]LogPlayLevel: PIE: Created PIE world by copying editor world from /Game/ThirdPersonBP/Maps/ThirdPersonExampleMap.ThirdPersonExampleMap to /Game/ThirdPersonBP/Maps/UEDPIE_0_ThirdPersonExampleMap.ThirdPersonExampleMap (0.034660s)
[2025.07.21-01.26.16:688][431]LogUObjectHash: Compacting FUObjectHashTables data took   1.48ms
[2025.07.21-01.26.16:691][431]LogAudio: Display: Creating Audio Device:                 Id: 2, Scope: Unique, Realtime: True
[2025.07.21-01.26.16:691][431]LogAudioMixer: Display: Audio Mixer Platform Settings:
[2025.07.21-01.26.16:691][431]LogAudioMixer: Display: 	Sample Rate:						  48000
[2025.07.21-01.26.16:691][431]LogAudioMixer: Display: 	Callback Buffer Frame Size Requested: 1024
[2025.07.21-01.26.16:691][431]LogAudioMixer: Display: 	Callback Buffer Frame Size To Use:	  1024
[2025.07.21-01.26.16:691][431]LogAudioMixer: Display: 	Number of buffers to queue:			  2
[2025.07.21-01.26.16:691][431]LogAudioMixer: Display: 	Max Channels (voices):				  32
[2025.07.21-01.26.16:691][431]LogAudioMixer: Display: 	Number of Async Source Workers:		  0
[2025.07.21-01.26.16:691][431]LogAudio: Display: AudioDevice MaxSources: 32
[2025.07.21-01.26.16:693][431]LogAudio: Display: Audio Spatialization Plugin: None (built-in).
[2025.07.21-01.26.16:693][431]LogAudio: Display: Audio Reverb Plugin: None (built-in).
[2025.07.21-01.26.16:693][431]LogAudio: Display: Audio Occlusion Plugin: None (built-in).
[2025.07.21-01.26.16:694][431]LogAudioMixer: Display: Initializing audio mixer.
[2025.07.21-01.26.16:703][431]LogAudioMixer: Display: 0: FrontLeft
[2025.07.21-01.26.16:703][431]LogAudioMixer: Display: 1: FrontRight
[2025.07.21-01.26.16:732][431]LogAudioMixer: Display: Using Audio Device Headphones (SOUNDPEATS Opera05)
[2025.07.21-01.26.16:732][431]LogAudioMixer: Display: Initializing Sound Submixes...
[2025.07.21-01.26.16:733][431]LogAudioMixer: Display: Creating Master Submix 'MasterSubmixDefault'
[2025.07.21-01.26.16:733][431]LogAudioMixer: Display: Creating Master Submix 'MasterReverbSubmixDefault'
[2025.07.21-01.26.16:734][431]LogAudioMixer: Display: Creating Master Submix 'MasterEQSubmixDefault'
[2025.07.21-01.26.16:734][431]LogAudioMixer: FMixerPlatformXAudio2::StartAudioStream() called
[2025.07.21-01.26.16:734][431]LogAudioMixer: Display: Output buffers initialized: Frames=1024, Channels=2, Samples=2048
[2025.07.21-01.26.16:735][431]LogAudioMixer: Display: Starting AudioMixerPlatformInterface::RunInternal()
[2025.07.21-01.26.16:735][431]LogAudioMixer: Display: FMixerPlatformXAudio2::SubmitBuffer() called for the first time
[2025.07.21-01.26.16:735][431]LogInit: FAudioDevice initialized.
[2025.07.21-01.26.16:736][431]LogAudio: Display: Audio Device (ID: 2) registered with world 'ThirdPersonExampleMap'.
[2025.07.21-01.26.16:748][431]LogLoad: Game class is 'ReglasJuego_C'
[2025.07.21-01.26.16:760][431]LogWorld: Bringing World /Game/ThirdPersonBP/Maps/UEDPIE_0_ThirdPersonExampleMap.ThirdPersonExampleMap up for play (max tick rate 60) at 2025.07.20-22.26.16
[2025.07.21-01.26.16:761][431]LogWorld: Bringing up level for play took: 0.012361
[2025.07.21-01.26.16:761][431]LogOnline: OSS: Creating online subsystem instance for: :Context_4
[2025.07.21-01.26.16:766][431]LogNativeClassHierarchy: Verbose: Native class hierarchy updated for 'MovieSceneCapture' in 0.0005 seconds. Added 20 classes and 0 folders.
[2025.07.21-01.26.16:768][431]LogBlueprintUserMessages: [plataforma_2] Buenas buenas!
[2025.07.21-01.26.16:773][431]PIE: Server logged in
[2025.07.21-01.26.16:775][431]PIE: Play in editor total start time 0.159 seconds.
[2025.07.21-01.26.19:466][573]LogBlueprintUserMessages: [enemy_bullet_C_3] El peoncito perdio 10 de vida!!!!
[2025.07.21-01.26.19:899][599]LogBlueprintUserMessages: [EnemyCharacter_2] Golem aniquilado
[2025.07.21-01.26.20:282][622]LogBlueprintUserMessages: [enemy_bullet_C_4] El peoncito perdio 10 de vida!!!!
[2025.07.21-01.26.20:448][632]LogBlueprintUserMessages: [enemy_bullet_C_2] El peoncito perdio 10 de vida!!!!
[2025.07.21-01.26.20:466][633]LogBlueprintUserMessages: [enemy_bullet_C_6] El peoncito perdio 10 de vida!!!!
[2025.07.21-01.26.21:111][669]LogSlate: Updating window title bar state: overlay mode, drag disabled, window buttons hidden, title bar hidden
[2025.07.21-01.26.21:111][669]LogWorld: BeginTearingDown for /Game/ThirdPersonBP/Maps/UEDPIE_0_ThirdPersonExampleMap
[2025.07.21-01.26.21:112][669]LogWorld: UWorld::CleanupWorld for ThirdPersonExampleMap, bSessionEnded=true, bCleanupResources=true
[2025.07.21-01.26.21:113][669]LogSlate: InvalidateAllWidgets triggered.  All widgets were invalidated
[2025.07.21-01.26.21:123][669]LogPlayLevel: Display: Shutting down PIE online subsystems
[2025.07.21-01.26.21:127][669]LogSlate: InvalidateAllWidgets triggered.  All widgets were invalidated
[2025.07.21-01.26.21:136][669]LogAudio: Display: Audio Device unregistered from world 'None'.
[2025.07.21-01.26.21:136][669]LogAudioMixer: FMixerPlatformXAudio2::StopAudioStream() called
[2025.07.21-01.26.21:137][669]LogAudioMixer: FMixerPlatformXAudio2::StopAudioStream() called
[2025.07.21-01.26.21:139][669]LogSlate: Updating window title bar state: overlay mode, drag disabled, window buttons hidden, title bar hidden
[2025.07.21-01.26.21:143][669]LogUObjectHash: Compacting FUObjectHashTables data took   1.27ms
[2025.07.21-01.26.21:178][670]LogPlayLevel: Display: Destroying online subsystem :Context_4
[2025.07.21-01.26.22:562][750]LogTemp: Repeating last play command: Selected Viewport
[2025.07.21-01.26.22:614][750]LogPlayLevel: PlayLevel: No blueprints needed recompiling
[2025.07.21-01.26.22:614][750]PIE: New page: PIE session: ThirdPersonExampleMap (Jul 20, 2025, 7:26:22 PM)
[2025.07.21-01.26.22:614][750]LogPlayLevel: Creating play world package: /Game/ThirdPersonBP/Maps/UEDPIE_0_ThirdPersonExampleMap
[2025.07.21-01.26.22:645][750]LogPlayLevel: PIE: StaticDuplicateObject took: (0.031294s)
[2025.07.21-01.26.22:646][750]LogAIModule: Creating AISystem for world ThirdPersonExampleMap
[2025.07.21-01.26.22:647][750]LogPlayLevel: PIE: World Init took: (0.001484s)
[2025.07.21-01.26.22:647][750]LogPlayLevel: PIE: Created PIE world by copying editor world from /Game/ThirdPersonBP/Maps/ThirdPersonExampleMap.ThirdPersonExampleMap to /Game/ThirdPersonBP/Maps/UEDPIE_0_ThirdPersonExampleMap.ThirdPersonExampleMap (0.032986s)
[2025.07.21-01.26.22:659][750]LogUObjectHash: Compacting FUObjectHashTables data took   1.15ms
[2025.07.21-01.26.22:660][750]LogAudio: Display: Creating Audio Device:                 Id: 3, Scope: Unique, Realtime: True
[2025.07.21-01.26.22:660][750]LogAudioMixer: Display: Audio Mixer Platform Settings:
[2025.07.21-01.26.22:660][750]LogAudioMixer: Display: 	Sample Rate:						  48000
[2025.07.21-01.26.22:660][750]LogAudioMixer: Display: 	Callback Buffer Frame Size Requested: 1024
[2025.07.21-01.26.22:660][750]LogAudioMixer: Display: 	Callback Buffer Frame Size To Use:	  1024
[2025.07.21-01.26.22:660][750]LogAudioMixer: Display: 	Number of buffers to queue:			  2
[2025.07.21-01.26.22:660][750]LogAudioMixer: Display: 	Max Channels (voices):				  32
[2025.07.21-01.26.22:660][750]LogAudioMixer: Display: 	Number of Async Source Workers:		  0
[2025.07.21-01.26.22:660][750]LogAudio: Display: AudioDevice MaxSources: 32
[2025.07.21-01.26.22:661][750]LogAudio: Display: Audio Spatialization Plugin: None (built-in).
[2025.07.21-01.26.22:661][750]LogAudio: Display: Audio Reverb Plugin: None (built-in).
[2025.07.21-01.26.22:661][750]LogAudio: Display: Audio Occlusion Plugin: None (built-in).
[2025.07.21-01.26.22:661][750]LogAudioMixer: Display: Initializing audio mixer.
[2025.07.21-01.26.22:668][750]LogAudioMixer: Display: 0: FrontLeft
[2025.07.21-01.26.22:668][750]LogAudioMixer: Display: 1: FrontRight
[2025.07.21-01.26.22:691][750]LogAudioMixer: Display: Using Audio Device Headphones (SOUNDPEATS Opera05)
[2025.07.21-01.26.22:693][750]LogAudioMixer: Display: Initializing Sound Submixes...
[2025.07.21-01.26.22:693][750]LogAudioMixer: Display: Creating Master Submix 'MasterSubmixDefault'
[2025.07.21-01.26.22:693][750]LogAudioMixer: Display: Creating Master Submix 'MasterReverbSubmixDefault'
[2025.07.21-01.26.22:693][750]LogAudioMixer: Display: Creating Master Submix 'MasterEQSubmixDefault'
[2025.07.21-01.26.22:693][750]LogAudioMixer: FMixerPlatformXAudio2::StartAudioStream() called
[2025.07.21-01.26.22:693][750]LogAudioMixer: Display: Output buffers initialized: Frames=1024, Channels=2, Samples=2048
[2025.07.21-01.26.22:694][750]LogAudioMixer: Display: Starting AudioMixerPlatformInterface::RunInternal()
[2025.07.21-01.26.22:694][750]LogAudioMixer: Display: FMixerPlatformXAudio2::SubmitBuffer() called for the first time
[2025.07.21-01.26.22:695][750]LogInit: FAudioDevice initialized.
[2025.07.21-01.26.22:695][750]LogAudio: Display: Audio Device (ID: 3) registered with world 'ThirdPersonExampleMap'.
[2025.07.21-01.26.22:707][750]LogLoad: Game class is 'ReglasJuego_C'
[2025.07.21-01.26.22:718][750]LogWorld: Bringing World /Game/ThirdPersonBP/Maps/UEDPIE_0_ThirdPersonExampleMap.ThirdPersonExampleMap up for play (max tick rate 60) at 2025.07.20-22.26.22
[2025.07.21-01.26.22:720][750]LogWorld: Bringing up level for play took: 0.010997
[2025.07.21-01.26.22:720][750]LogOnline: OSS: Creating online subsystem instance for: :Context_5
[2025.07.21-01.26.22:723][750]LogBlueprintUserMessages: [plataforma_2] Buenas buenas!
[2025.07.21-01.26.22:726][750]PIE: Server logged in
[2025.07.21-01.26.22:727][750]PIE: Play in editor total start time 0.144 seconds.
[2025.07.21-01.26.27:742][ 47]LogBlueprintUserMessages: [ReglasJuego_C_0] El puntaje subio!
[2025.07.21-01.26.27:742][ 47]LogBlueprintUserMessages: [ReglasJuego_C_0] 2
[2025.07.21-01.26.29:987][181]LogBlueprintUserMessages: [enemy_misil_C_1] El peoncito perdio 10 de vida!!!!
[2025.07.21-01.26.32:805][350]LogBlueprintUserMessages: [enemy_misil_C_2] El peoncito perdio 10 de vida!!!!
[2025.07.21-01.26.33:520][393]LogBlueprintUserMessages: [enemy_misil_C_3] El peoncito perdio 10 de vida!!!!
[2025.07.21-01.26.34:236][436]LogBlueprintUserMessages: [EnemyCharacter_2] Golem aniquilado
[2025.07.21-01.26.36:803][590]LogBlueprintUserMessages: [Curador_2] Le di vida al peoncito! ahora tiene:
[2025.07.21-01.26.36:803][590]LogBlueprintUserMessages: [Curador_2] 40.0
[2025.07.21-01.26.36:803][590]LogBlueprintUserMessages: [Curador_2] El curador ya curo las siguientes veces:
[2025.07.21-01.26.36:803][590]LogBlueprintUserMessages: [Curador_2] 1.0
[2025.07.21-01.26.38:189][673]LogBlueprintUserMessages: [ReglasJuego_C_0] El puntaje subio!
[2025.07.21-01.26.38:189][673]LogBlueprintUserMessages: [ReglasJuego_C_0] 4
[2025.07.21-01.26.39:156][731]LogBlueprintUserMessages: [Curador_2] Le di vida al peoncito! ahora tiene:
[2025.07.21-01.26.39:156][731]LogBlueprintUserMessages: [Curador_2] 60.0
[2025.07.21-01.26.39:156][731]LogBlueprintUserMessages: [Curador_2] El curador ya curo las siguientes veces:
[2025.07.21-01.26.39:156][731]LogBlueprintUserMessages: [Curador_2] 2.0
[2025.07.21-01.26.42:873][954]LogBlueprintUserMessages: [bala_C_6] Le reste 50 al bad guy
[2025.07.21-01.26.43:256][977]LogBlueprintUserMessages: [bala_C_7] Le reste 50 al bad guy
[2025.07.21-01.26.43:258][977]LogBlueprintUserMessages: [bad_guy2_2] Bad guy  Destruido!
[2025.07.21-01.26.43:323][981]LogBlueprintUserMessages: [enemy_bullet_C_44] El peoncito perdio 10 de vida!!!!
[2025.07.21-01.26.46:139][150]LogBlueprintUserMessages: [ReglasJuego_C_0] El puntaje subio!
[2025.07.21-01.26.46:140][150]LogBlueprintUserMessages: [ReglasJuego_C_0] 6
[2025.07.21-01.26.46:576][175]LogBlueprintUserMessages: [ReglasJuego_C_0] El puntaje subio!
[2025.07.21-01.26.46:577][175]LogBlueprintUserMessages: [ReglasJuego_C_0] 8
[2025.07.21-01.26.46:860][192]LogBlueprintUserMessages: [Balaza_C_23] Le reste 20 al peoncito
[2025.07.21-01.26.47:194][212]LogBlueprintUserMessages: [ReglasJuego_C_0] El puntaje subio!
[2025.07.21-01.26.47:194][212]LogBlueprintUserMessages: [ReglasJuego_C_0] 10
[2025.07.21-01.26.47:311][219]LogBlueprintUserMessages: [peoncito_2] Te queda de vida:
[2025.07.21-01.26.47:311][219]LogBlueprintUserMessages: [peoncito_2] 48.0
[2025.07.21-01.26.47:328][220]LogBlueprintUserMessages: [peoncito_2] Te queda de vida:
[2025.07.21-01.26.47:328][220]LogBlueprintUserMessages: [peoncito_2] 46.0
[2025.07.21-01.26.47:344][221]LogBlueprintUserMessages: [peoncito_2] Te queda de vida:
[2025.07.21-01.26.47:344][221]LogBlueprintUserMessages: [peoncito_2] 44.0
[2025.07.21-01.26.47:361][222]LogBlueprintUserMessages: [peoncito_2] Te queda de vida:
[2025.07.21-01.26.47:361][222]LogBlueprintUserMessages: [peoncito_2] 42.0
[2025.07.21-01.26.47:377][223]LogBlueprintUserMessages: [peoncito_2] Te queda de vida:
[2025.07.21-01.26.47:377][223]LogBlueprintUserMessages: [peoncito_2] 40.0
[2025.07.21-01.26.47:394][224]LogBlueprintUserMessages: [peoncito_2] Te queda de vida:
[2025.07.21-01.26.47:394][224]LogBlueprintUserMessages: [peoncito_2] 38.0
[2025.07.21-01.26.47:410][225]LogBlueprintUserMessages: [peoncito_2] Te queda de vida:
[2025.07.21-01.26.47:410][225]LogBlueprintUserMessages: [peoncito_2] 36.0
[2025.07.21-01.26.47:427][226]LogBlueprintUserMessages: [peoncito_2] Te queda de vida:
[2025.07.21-01.26.47:427][226]LogBlueprintUserMessages: [peoncito_2] 34.0
[2025.07.21-01.26.47:445][227]LogBlueprintUserMessages: [peoncito_2] Te queda de vida:
[2025.07.21-01.26.47:445][227]LogBlueprintUserMessages: [peoncito_2] 32.0
[2025.07.21-01.26.47:460][228]LogBlueprintUserMessages: [peoncito_2] Te queda de vida:
[2025.07.21-01.26.47:460][228]LogBlueprintUserMessages: [peoncito_2] 30.0
[2025.07.21-01.26.47:477][229]LogBlueprintUserMessages: [peoncito_2] Te queda de vida:
[2025.07.21-01.26.47:477][229]LogBlueprintUserMessages: [peoncito_2] 28.0
[2025.07.21-01.26.47:494][230]LogBlueprintUserMessages: [peoncito_2] Te queda de vida:
[2025.07.21-01.26.47:494][230]LogBlueprintUserMessages: [peoncito_2] 26.0
[2025.07.21-01.26.47:510][231]LogBlueprintUserMessages: [peoncito_2] Te queda de vida:
[2025.07.21-01.26.47:510][231]LogBlueprintUserMessages: [peoncito_2] 24.0
[2025.07.21-01.26.47:527][232]LogBlueprintUserMessages: [peoncito_2] Te queda de vida:
[2025.07.21-01.26.47:527][232]LogBlueprintUserMessages: [peoncito_2] 22.0
[2025.07.21-01.26.47:545][233]LogBlueprintUserMessages: [peoncito_2] Te queda de vida:
[2025.07.21-01.26.47:545][233]LogBlueprintUserMessages: [peoncito_2] 20.0
[2025.07.21-01.26.47:561][234]LogBlueprintUserMessages: [peoncito_2] Te queda de vida:
[2025.07.21-01.26.47:561][234]LogBlueprintUserMessages: [peoncito_2] 18.0
[2025.07.21-01.26.47:577][235]LogBlueprintUserMessages: [peoncito_2] Te queda de vida:
[2025.07.21-01.26.47:577][235]LogBlueprintUserMessages: [peoncito_2] 16.0
[2025.07.21-01.26.47:596][236]LogBlueprintUserMessages: [peoncito_2] Te queda de vida:
[2025.07.21-01.26.47:596][236]LogBlueprintUserMessages: [peoncito_2] 14.0
[2025.07.21-01.26.47:611][237]LogBlueprintUserMessages: [peoncito_2] Te queda de vida:
[2025.07.21-01.26.47:611][237]LogBlueprintUserMessages: [peoncito_2] 12.0
[2025.07.21-01.26.47:627][238]LogBlueprintUserMessages: [peoncito_2] Te queda de vida:
[2025.07.21-01.26.47:628][238]LogBlueprintUserMessages: [peoncito_2] 10.0
[2025.07.21-01.26.47:644][239]LogBlueprintUserMessages: [peoncito_2] Te queda de vida:
[2025.07.21-01.26.47:644][239]LogBlueprintUserMessages: [peoncito_2] 8.0
[2025.07.21-01.26.47:661][240]LogBlueprintUserMessages: [peoncito_2] Te queda de vida:
[2025.07.21-01.26.47:661][240]LogBlueprintUserMessages: [peoncito_2] 6.0
[2025.07.21-01.26.47:677][241]LogBlueprintUserMessages: [peoncito_2] Te queda de vida:
[2025.07.21-01.26.47:677][241]LogBlueprintUserMessages: [peoncito_2] 4.0
[2025.07.21-01.26.47:694][242]LogBlueprintUserMessages: [peoncito_2] Te queda de vida:
[2025.07.21-01.26.47:694][242]LogBlueprintUserMessages: [peoncito_2] 2.0
[2025.07.21-01.26.47:711][243]LogBlueprintUserMessages: [peoncito_2] Te moriste!
[2025.07.21-01.26.47:711][243]LogBlueprintUserMessages: [ReglasJuego_C_0] Noo, perdiste!
[2025.07.21-01.26.47:718][243]LogScript: Warning: Accessed None trying to read property K2Node_DynamicCast_AsPeoncito
	BarraVIda_C /Engine/Transient.UnrealEdEngine_0:GameInstance_1.BarraVIda_C_0
	Function /Game/ThirdPersonBP/Blueprints/blueprints/BarraVIda.BarraVIda_C:GetText_0:0099
[2025.07.21-01.26.47:718][243]PIE: Error: Blueprint Runtime Error: "Accessed None trying to read property K2Node_DynamicCast_AsPeoncito". Blueprint:  BarraVIda Function:  Get Text 0 Graph:  GetText_0 Node:  Return Node
[2025.07.21-01.26.47:727][244]LogNet: Browse: /Game/ThirdPersonBP/Maps/Perdiste_Level
[2025.07.21-01.26.47:728][244]LogLoad: LoadMap: /Game/ThirdPersonBP/Maps/Perdiste_Level
[2025.07.21-01.26.47:728][244]LogWorld: BeginTearingDown for /Game/ThirdPersonBP/Maps/UEDPIE_0_ThirdPersonExampleMap
[2025.07.21-01.26.47:728][244]LogWorld: UWorld::CleanupWorld for ThirdPersonExampleMap, bSessionEnded=true, bCleanupResources=true
[2025.07.21-01.26.47:730][244]LogSlate: InvalidateAllWidgets triggered.  All widgets were invalidated
[2025.07.21-01.26.47:782][244]LogAudio: Display: Audio Device unregistered from world 'None'.
[2025.07.21-01.26.47:786][244]LogUObjectHash: Compacting FUObjectHashTables data took   1.29ms
[2025.07.21-01.26.47:874][244]LogAudio: Display: Audio Device (ID: 3) registered with world 'Perdiste_Level'.
[2025.07.21-01.26.47:876][244]LogAIModule: Creating AISystem for world Perdiste_Level
[2025.07.21-01.26.47:876][244]LogLoad: Game class is 'ReglasJuego_C'
[2025.07.21-01.26.47:940][244]LogWorld: Bringing World /Game/ThirdPersonBP/Maps/UEDPIE_0_Perdiste_Level.Perdiste_Level up for play (max tick rate 60) at 2025.07.20-22.26.47
[2025.07.21-01.26.47:940][244]LogWorld: Bringing up level for play took: 0.062910
[2025.07.21-01.26.47:940][244]LogGameMode: FindPlayerStart: PATHS NOT DEFINED or NO PLAYERSTART with positive rating
[2025.07.21-01.26.47:943][244]LogBlueprintUserMessages: [plataforma_2] Buenas buenas!
[2025.07.21-01.26.47:944][244]LogLoad: Took 0.217430 seconds to LoadMap(/Game/ThirdPersonBP/Maps/Perdiste_Level)
[2025.07.21-01.26.48:006][244]LogScript: Warning: Accessed None trying to read property K2Node_DynamicCast_AsPeoncito
	BarraVIda_C /Engine/Transient.UnrealEdEngine_0:GameInstance_1.BarraVIda_C_1
	Function /Game/ThirdPersonBP/Blueprints/blueprints/BarraVIda.BarraVIda_C:GetText_0:0099
[2025.07.21-01.26.48:006][244]PIE: Error: Blueprint Runtime Error: "Accessed None trying to read property K2Node_DynamicCast_AsPeoncito". Blueprint:  BarraVIda Function:  Get Text 0 Graph:  GetText_0 Node:  Return Node
[2025.07.21-01.26.48:028][245]LogScript: Warning: Accessed None trying to read property K2Node_DynamicCast_AsPeoncito
	BarraVIda_C /Engine/Transient.UnrealEdEngine_0:GameInstance_1.BarraVIda_C_1
	Function /Game/ThirdPersonBP/Blueprints/blueprints/BarraVIda.BarraVIda_C:GetText_0:0099
[2025.07.21-01.26.48:028][245]PIE: Error: Blueprint Runtime Error: "Accessed None trying to read property K2Node_DynamicCast_AsPeoncito". Blueprint:  BarraVIda Function:  Get Text 0 Graph:  GetText_0 Node:  Return Node
[2025.07.21-01.26.48:049][246]LogScript: Warning: Accessed None trying to read property K2Node_DynamicCast_AsPeoncito
	BarraVIda_C /Engine/Transient.UnrealEdEngine_0:GameInstance_1.BarraVIda_C_1
	Function /Game/ThirdPersonBP/Blueprints/blueprints/BarraVIda.BarraVIda_C:GetText_0:0099
[2025.07.21-01.26.48:049][246]PIE: Error: Blueprint Runtime Error: "Accessed None trying to read property K2Node_DynamicCast_AsPeoncito". Blueprint:  BarraVIda Function:  Get Text 0 Graph:  GetText_0 Node:  Return Node
[2025.07.21-01.26.48:061][247]LogScript: Warning: Accessed None trying to read property K2Node_DynamicCast_AsPeoncito
	BarraVIda_C /Engine/Transient.UnrealEdEngine_0:GameInstance_1.BarraVIda_C_1
	Function /Game/ThirdPersonBP/Blueprints/blueprints/BarraVIda.BarraVIda_C:GetText_0:0099
[2025.07.21-01.26.48:061][247]PIE: Error: Blueprint Runtime Error: "Accessed None trying to read property K2Node_DynamicCast_AsPeoncito". Blueprint:  BarraVIda Function:  Get Text 0 Graph:  GetText_0 Node:  Return Node
[2025.07.21-01.26.48:076][248]LogScript: Warning: Accessed None trying to read property K2Node_DynamicCast_AsPeoncito
	BarraVIda_C /Engine/Transient.UnrealEdEngine_0:GameInstance_1.BarraVIda_C_1
	Function /Game/ThirdPersonBP/Blueprints/blueprints/BarraVIda.BarraVIda_C:GetText_0:0099
[2025.07.21-01.26.48:077][248]PIE: Error: Blueprint Runtime Error: "Accessed None trying to read property K2Node_DynamicCast_AsPeoncito". Blueprint:  BarraVIda Function:  Get Text 0 Graph:  GetText_0 Node:  Return Node
[2025.07.21-01.26.48:093][249]LogScript: Warning: Accessed None trying to read property K2Node_DynamicCast_AsPeoncito
	BarraVIda_C /Engine/Transient.UnrealEdEngine_0:GameInstance_1.BarraVIda_C_1
	Function /Game/ThirdPersonBP/Blueprints/blueprints/BarraVIda.BarraVIda_C:GetText_0:0099
[2025.07.21-01.26.48:093][249]PIE: Error: Blueprint Runtime Error: "Accessed None trying to read property K2Node_DynamicCast_AsPeoncito". Blueprint:  BarraVIda Function:  Get Text 0 Graph:  GetText_0 Node:  Return Node
[2025.07.21-01.26.48:110][250]LogScript: Warning: Accessed None trying to read property K2Node_DynamicCast_AsPeoncito
	BarraVIda_C /Engine/Transient.UnrealEdEngine_0:GameInstance_1.BarraVIda_C_1
	Function /Game/ThirdPersonBP/Blueprints/blueprints/BarraVIda.BarraVIda_C:GetText_0:0099
[2025.07.21-01.26.48:111][250]PIE: Error: Blueprint Runtime Error: "Accessed None trying to read property K2Node_DynamicCast_AsPeoncito". Blueprint:  BarraVIda Function:  Get Text 0 Graph:  GetText_0 Node:  Return Node
[2025.07.21-01.26.48:126][251]LogScript: Warning: Accessed None trying to read property K2Node_DynamicCast_AsPeoncito
	BarraVIda_C /Engine/Transient.UnrealEdEngine_0:GameInstance_1.BarraVIda_C_1
	Function /Game/ThirdPersonBP/Blueprints/blueprints/BarraVIda.BarraVIda_C:GetText_0:0099
[2025.07.21-01.26.48:126][251]PIE: Error: Blueprint Runtime Error: "Accessed None trying to read property K2Node_DynamicCast_AsPeoncito". Blueprint:  BarraVIda Function:  Get Text 0 Graph:  GetText_0 Node:  Return Node
[2025.07.21-01.26.48:143][252]LogScript: Warning: Accessed None trying to read property K2Node_DynamicCast_AsPeoncito
	BarraVIda_C /Engine/Transient.UnrealEdEngine_0:GameInstance_1.BarraVIda_C_1
	Function /Game/ThirdPersonBP/Blueprints/blueprints/BarraVIda.BarraVIda_C:GetText_0:0099
[2025.07.21-01.26.48:143][252]PIE: Error: Blueprint Runtime Error: "Accessed None trying to read property K2Node_DynamicCast_AsPeoncito". Blueprint:  BarraVIda Function:  Get Text 0 Graph:  GetText_0 Node:  Return Node
[2025.07.21-01.26.48:160][253]LogScript: Warning: Accessed None trying to read property K2Node_DynamicCast_AsPeoncito
	BarraVIda_C /Engine/Transient.UnrealEdEngine_0:GameInstance_1.BarraVIda_C_1
	Function /Game/ThirdPersonBP/Blueprints/blueprints/BarraVIda.BarraVIda_C:GetText_0:0099
[2025.07.21-01.26.48:161][253]PIE: Error: Blueprint Runtime Error: "Accessed None trying to read property K2Node_DynamicCast_AsPeoncito". Blueprint:  BarraVIda Function:  Get Text 0 Graph:  GetText_0 Node:  Return Node
[2025.07.21-01.26.48:176][254]LogScript: Warning: Accessed None trying to read property K2Node_DynamicCast_AsPeoncito
	BarraVIda_C /Engine/Transient.UnrealEdEngine_0:GameInstance_1.BarraVIda_C_1
	Function /Game/ThirdPersonBP/Blueprints/blueprints/BarraVIda.BarraVIda_C:GetText_0:0099
[2025.07.21-01.26.48:176][254]PIE: Error: Blueprint Runtime Error: "Accessed None trying to read property K2Node_DynamicCast_AsPeoncito". Blueprint:  BarraVIda Function:  Get Text 0 Graph:  GetText_0 Node:  Return Node
[2025.07.21-01.26.48:193][255]LogScript: Warning: Accessed None trying to read property K2Node_DynamicCast_AsPeoncito
	BarraVIda_C /Engine/Transient.UnrealEdEngine_0:GameInstance_1.BarraVIda_C_1
	Function /Game/ThirdPersonBP/Blueprints/blueprints/BarraVIda.BarraVIda_C:GetText_0:0099
[2025.07.21-01.26.48:193][255]PIE: Error: Blueprint Runtime Error: "Accessed None trying to read property K2Node_DynamicCast_AsPeoncito". Blueprint:  BarraVIda Function:  Get Text 0 Graph:  GetText_0 Node:  Return Node
[2025.07.21-01.26.48:210][256]LogScript: Warning: Accessed None trying to read property K2Node_DynamicCast_AsPeoncito
	BarraVIda_C /Engine/Transient.UnrealEdEngine_0:GameInstance_1.BarraVIda_C_1
	Function /Game/ThirdPersonBP/Blueprints/blueprints/BarraVIda.BarraVIda_C:GetText_0:0099
[2025.07.21-01.26.48:210][256]PIE: Error: Blueprint Runtime Error: "Accessed None trying to read property K2Node_DynamicCast_AsPeoncito". Blueprint:  BarraVIda Function:  Get Text 0 Graph:  GetText_0 Node:  Return Node
[2025.07.21-01.26.48:228][257]LogScript: Warning: Accessed None trying to read property K2Node_DynamicCast_AsPeoncito
	BarraVIda_C /Engine/Transient.UnrealEdEngine_0:GameInstance_1.BarraVIda_C_1
	Function /Game/ThirdPersonBP/Blueprints/blueprints/BarraVIda.BarraVIda_C:GetText_0:0099
[2025.07.21-01.26.48:228][257]PIE: Error: Blueprint Runtime Error: "Accessed None trying to read property K2Node_DynamicCast_AsPeoncito". Blueprint:  BarraVIda Function:  Get Text 0 Graph:  GetText_0 Node:  Return Node
[2025.07.21-01.26.48:243][258]LogScript: Warning: Accessed None trying to read property K2Node_DynamicCast_AsPeoncito
	BarraVIda_C /Engine/Transient.UnrealEdEngine_0:GameInstance_1.BarraVIda_C_1
	Function /Game/ThirdPersonBP/Blueprints/blueprints/BarraVIda.BarraVIda_C:GetText_0:0099
[2025.07.21-01.26.48:243][258]PIE: Error: Blueprint Runtime Error: "Accessed None trying to read property K2Node_DynamicCast_AsPeoncito". Blueprint:  BarraVIda Function:  Get Text 0 Graph:  GetText_0 Node:  Return Node
[2025.07.21-01.26.48:258][259]LogScript: Warning: Accessed None trying to read property K2Node_DynamicCast_AsPeoncito
	BarraVIda_C /Engine/Transient.UnrealEdEngine_0:GameInstance_1.BarraVIda_C_1
	Function /Game/ThirdPersonBP/Blueprints/blueprints/BarraVIda.BarraVIda_C:GetText_0:0099
[2025.07.21-01.26.48:258][259]PIE: Error: Blueprint Runtime Error: "Accessed None trying to read property K2Node_DynamicCast_AsPeoncito". Blueprint:  BarraVIda Function:  Get Text 0 Graph:  GetText_0 Node:  Return Node
[2025.07.21-01.26.48:275][260]PIE: Error: Blueprint Runtime Error: "Accessed None trying to read property K2Node_DynamicCast_AsPeoncito". Blueprint:  BarraVIda Function:  Get Text 0 Graph:  GetText_0 Node:  Return Node
[2025.07.21-01.26.48:291][261]PIE: Error: Blueprint Runtime Error: "Accessed None trying to read property K2Node_DynamicCast_AsPeoncito". Blueprint:  BarraVIda Function:  Get Text 0 Graph:  GetText_0 Node:  Return Node
[2025.07.21-01.26.48:308][262]PIE: Error: Blueprint Runtime Error: "Accessed None trying to read property K2Node_DynamicCast_AsPeoncito". Blueprint:  BarraVIda Function:  Get Text 0 Graph:  GetText_0 Node:  Return Node
[2025.07.21-01.26.48:326][263]PIE: Error: Blueprint Runtime Error: "Accessed None trying to read property K2Node_DynamicCast_AsPeoncito". Blueprint:  BarraVIda Function:  Get Text 0 Graph:  GetText_0 Node:  Return Node
[2025.07.21-01.26.48:343][264]PIE: Error: Blueprint Runtime Error: "Accessed None trying to read property K2Node_DynamicCast_AsPeoncito". Blueprint:  BarraVIda Function:  Get Text 0 Graph:  GetText_0 Node:  Return Node
[2025.07.21-01.26.48:358][265]PIE: Error: Blueprint Runtime Error: "Accessed None trying to read property K2Node_DynamicCast_AsPeoncito". Blueprint:  BarraVIda Function:  Get Text 0 Graph:  GetText_0 Node:  Return Node
[2025.07.21-01.26.48:376][266]PIE: Error: Blueprint Runtime Error: "Accessed None trying to read property K2Node_DynamicCast_AsPeoncito". Blueprint:  BarraVIda Function:  Get Text 0 Graph:  GetText_0 Node:  Return Node
[2025.07.21-01.26.48:393][267]PIE: Error: Blueprint Runtime Error: "Accessed None trying to read property K2Node_DynamicCast_AsPeoncito". Blueprint:  BarraVIda Function:  Get Text 0 Graph:  GetText_0 Node:  Return Node
[2025.07.21-01.26.48:409][268]PIE: Error: Blueprint Runtime Error: "Accessed None trying to read property K2Node_DynamicCast_AsPeoncito". Blueprint:  BarraVIda Function:  Get Text 0 Graph:  GetText_0 Node:  Return Node
[2025.07.21-01.26.48:426][269]PIE: Error: Blueprint Runtime Error: "Accessed None trying to read property K2Node_DynamicCast_AsPeoncito". Blueprint:  BarraVIda Function:  Get Text 0 Graph:  GetText_0 Node:  Return Node
[2025.07.21-01.26.48:443][270]PIE: Error: Blueprint Runtime Error: "Accessed None trying to read property K2Node_DynamicCast_AsPeoncito". Blueprint:  BarraVIda Function:  Get Text 0 Graph:  GetText_0 Node:  Return Node
[2025.07.21-01.26.48:459][271]PIE: Error: Blueprint Runtime Error: "Accessed None trying to read property K2Node_DynamicCast_AsPeoncito". Blueprint:  BarraVIda Function:  Get Text 0 Graph:  GetText_0 Node:  Return Node
[2025.07.21-01.26.48:476][272]PIE: Error: Blueprint Runtime Error: "Accessed None trying to read property K2Node_DynamicCast_AsPeoncito". Blueprint:  BarraVIda Function:  Get Text 0 Graph:  GetText_0 Node:  Return Node
[2025.07.21-01.26.48:491][273]PIE: Error: Blueprint Runtime Error: "Accessed None trying to read property K2Node_DynamicCast_AsPeoncito". Blueprint:  BarraVIda Function:  Get Text 0 Graph:  GetText_0 Node:  Return Node
[2025.07.21-01.26.48:509][274]PIE: Error: Blueprint Runtime Error: "Accessed None trying to read property K2Node_DynamicCast_AsPeoncito". Blueprint:  BarraVIda Function:  Get Text 0 Graph:  GetText_0 Node:  Return Node
[2025.07.21-01.26.48:525][275]PIE: Error: Blueprint Runtime Error: "Accessed None trying to read property K2Node_DynamicCast_AsPeoncito". Blueprint:  BarraVIda Function:  Get Text 0 Graph:  GetText_0 Node:  Return Node
[2025.07.21-01.26.48:590][276]LogSlate: Updating window title bar state: overlay mode, drag disabled, window buttons hidden, title bar hidden
[2025.07.21-01.26.48:590][276]LogWorld: BeginTearingDown for /Game/ThirdPersonBP/Maps/UEDPIE_0_Perdiste_Level
[2025.07.21-01.26.48:591][276]LogWorld: UWorld::CleanupWorld for Perdiste_Level, bSessionEnded=true, bCleanupResources=true
[2025.07.21-01.26.48:591][276]LogSlate: InvalidateAllWidgets triggered.  All widgets were invalidated
[2025.07.21-01.26.48:600][276]LogPlayLevel: Display: Shutting down PIE online subsystems
[2025.07.21-01.26.48:602][276]LogSlate: InvalidateAllWidgets triggered.  All widgets were invalidated
[2025.07.21-01.26.48:609][276]LogAudio: Display: Audio Device unregistered from world 'None'.
[2025.07.21-01.26.48:610][276]LogAudioMixer: FMixerPlatformXAudio2::StopAudioStream() called
[2025.07.21-01.26.48:612][276]LogAudioMixer: FMixerPlatformXAudio2::StopAudioStream() called
[2025.07.21-01.26.48:614][276]LogSlate: Updating window title bar state: overlay mode, drag disabled, window buttons hidden, title bar hidden
[2025.07.21-01.26.48:617][276]LogUObjectHash: Compacting FUObjectHashTables data took   1.35ms
[2025.07.21-01.26.48:762][276]LogSlate: Took 0.000188 seconds to synchronously load lazily loaded font '../../../Engine/Content/Slate/Fonts/DroidSansMono.ttf' (77K)
[2025.07.21-01.26.48:785][277]LogPlayLevel: Display: Destroying online subsystem :Context_5
[2025.07.21-01.26.50:587][370]LogSlate: Window 'Message Log' being destroyed
[2025.07.21-01.26.50:595][370]LogSlate: Window 'Message Log' being destroyed
[2025.07.21-01.32.48:863][710]LogSlate: Took 0.000204 seconds to synchronously load lazily loaded font '../../../Engine/Content/Slate/Fonts/Roboto-Light.ttf' (167K)
[2025.07.21-01.32.48:904][710]LogFactory: FactoryCreateFile: Texture with ReimportTextureFactory (0 0 ../../../../../UTN-e-learning/Unreal-Engine/Curso-Principiante/clases/assets/textures/Cave/Low_Poly/Cave1.png)
[2025.07.21-01.32.48:910][710]LogTexture: Display: Building textures: Cave1 (OODLE_AutoDXT, 640X480)
[2025.07.21-01.32.48:938][710]LogFactory: FactoryCreateFile: Texture with ReimportTextureFactory (0 0 ../../../../../UTN-e-learning/Unreal-Engine/Curso-Principiante/clases/assets/textures/Cave/Low_Poly/cave2.png)
[2025.07.21-01.32.48:953][710]LogTexture: Display: Building textures: cave2 (OODLE_AutoDXT, 640X480)
[2025.07.21-01.32.55:162][ 46]LogAssetEditorSubsystem: Opening Asset editor for Texture2D /Game/ThirdPersonBP/Blueprints/blueprints/Textures/Cave1.Cave1
[2025.07.21-01.32.55:170][ 46]LogNativeClassHierarchy: Verbose: Native class hierarchy updated for 'TextureEditor' in 0.0003 seconds. Added 1 classes and 2 folders.
[2025.07.21-01.33.11:005][941]LogSavePackage: Moving '../../../../../UTN-e-learning/Unreal-Engine/Unreal-Projects/TP_PreEntrega/Saved/Cave18580A15E4F92B753985410A20B71F44F.tmp' to '../../../../../UTN-e-learning/Unreal-Engine/Unreal-Projects/TP_PreEntrega/Content/ThirdPersonBP/Blueprints/blueprints/Textures/Cave1.uasset'
[2025.07.21-01.33.11:037][941]AssetCheck: New page: Asset Save: Cave1
[2025.07.21-01.33.11:037][941]LogContentValidation: Display: Validating Texture2D /Game/ThirdPersonBP/Blueprints/blueprints/Textures/Cave1.Cave1
[2025.07.21-01.33.17:088][242]LogEditorClassViewer: Warning: Class /Engine/Tutorial/InWorldBlueprintEditing/TutorialAssets/IWBE_Blutility.IWBE_Blutility_C has parent /Script/Blutility.PlacedEditorUtilityBase, but this parent is not found. The Class will not be shown in ClassViewer.
[2025.07.21-01.33.18:409][242]LogSlate: Window 'Pick Parent Class' being destroyed
[2025.07.21-01.33.18:422][242]LogContentBrowser: Deferred new asset file creation: NewBlueprint1
[2025.07.21-01.33.18:443][242]LogContentBrowser: Creating deferred item: NewBlueprint1
[2025.07.21-01.33.21:958][450]LogContentBrowser: Attempting asset rename: NewBlueprint1 -> Cave
[2025.07.21-01.33.21:963][450]LogContentBrowser: End creating deferred item NewBlueprint1
[2025.07.21-01.33.26:929][687]LogAssetEditorSubsystem: Opening Asset editor for Blueprint /Game/ThirdPersonBP/Blueprints/blueprints/Cave.Cave
[2025.07.21-01.33.27:202][687]LogNativeClassHierarchy: Verbose: Native class hierarchy updated for 'BlueprintGraph' in 0.0005 seconds. Added 126 classes and 0 folders.
[2025.07.21-01.33.28:356][688]LogRenderer: Reallocating scene render targets to support 1208x532 Format 10 NumSamples 1 (Frame:1).
[2025.07.21-01.33.30:162][764]LogSlate: Took 0.000347 seconds to synchronously load lazily loaded font '../../../Engine/Content/Slate/Fonts/Roboto-Italic.ttf' (157K)
[2025.07.21-01.34.12:557][458]LogAssetEditorSubsystem: Opening Asset editor for Texture2D /Game/ThirdPersonBP/Blueprints/blueprints/Textures/cave2.cave2
[2025.07.21-01.34.30:142][154]BlueprintLog: New page: Compile Cave
[2025.07.21-01.34.30:228][154]LogUObjectHash: Compacting FUObjectHashTables data took   6.76ms
[2025.07.21-01.35.14:013][795]LogContentBrowser: Deferred new asset file creation: NewMaterial
[2025.07.21-01.35.14:044][795]LogContentBrowser: Creating deferred item: NewMaterial
[2025.07.21-01.35.19:309][ 43]LogContentBrowser: Attempting asset rename: NewMaterial -> CaveMaterial
[2025.07.21-01.35.19:311][ 43]LogContentBrowser: End creating deferred item NewMaterial
[2025.07.21-01.35.21:547][141]LogAssetEditorSubsystem: Opening Asset editor for Material /Game/ThirdPersonBP/Blueprints/blueprints/Textures/CaveMaterial.CaveMaterial
[2025.07.21-01.35.21:549][141]LogMaterial: Display: Missing cached shadermap for CaveMaterial in PCD3D_SM5, Default, SM5 (DDC key hash: E89B9BDDE9A9C6293601C0EFA5FDFD48A08E2919), compiling. 
[2025.07.21-01.35.21:566][141]LogShaderCompilers: Display: Submitted 10 shader compile jobs with 'Normal' priority
[2025.07.21-01.35.21:599][141]LogTexture: Default maximum texture size for cubemaps generated from long-lat sources has been changed from 512 to unlimited. In order to preserve old behaiour for '/Engine/EditorMaterials/AssetViewer/EpicQuadPanorama_CC+EV1.EpicQuadPanorama_CC+EV1', its maximum texture size has been explicitly set to 512.
[2025.07.21-01.35.21:693][141]LogTexture: Default maximum texture size for cubemaps generated from long-lat sources has been changed from 512 to unlimited. In order to preserve old behaiour for '/Engine/MapTemplates/Sky/SunsetAmbientCubemap.SunsetAmbientCubemap', its maximum texture size has been explicitly set to 512.
[2025.07.21-01.35.22:117][141]LogMaterial: Display: Missing cached shadermap for CaveMaterial in PCD3D_SM5, Default, SM5 (DDC key hash: 3D65BBC17722FDF5E8DCF91A42610A9EE66B2859), compiling. 
[2025.07.21-01.35.22:126][141]LogMaterial: Display: Missing cached shadermap for CaveMaterial in PCD3D_SM5, Default, SM5 (DDC key hash: 856CB460D7BB4F824497DEC90FB3DB325E50010B), compiling. 
[2025.07.21-01.35.22:175][141]MaterialEditorStats: Texture samplers: 0/16
[2025.07.21-01.35.22:181][141]LogSlate: Took 0.000388 seconds to synchronously load lazily loaded font '../../../Engine/Content/Slate/Fonts/Roboto-BoldCondensed.ttf' (158K)
[2025.07.21-01.35.22:283][142]LogShaderCompilers: Display: Submitted 2 shader compile jobs with 'ForceLocal' priority
[2025.07.21-01.35.22:283][142]LogShaderCompilers: Display: Worker (1/5): shaders left to compile 2
[2025.07.21-01.35.22:283][142]LogShaderCompilers: Display: Worker (2/5): shaders left to compile 1
[2025.07.21-01.35.22:283][142]LogShaderCompilers: Display: Started 2 'Local' shader compile jobs with 'ForceLocal' priority
[2025.07.21-01.35.22:283][142]LogShaderCompilers: Display: Submitted 8 shader compile jobs with 'Normal' priority
[2025.07.21-01.35.22:338][143]LogShaderCompilers: Display: Worker (3/5): shaders left to compile 8
[2025.07.21-01.35.22:339][143]LogShaderCompilers: Display: Worker (4/5): shaders left to compile 5
[2025.07.21-01.35.22:339][143]LogShaderCompilers: Display: Started 6 'Local' shader compile jobs with 'Normal' priority
[2025.07.21-01.35.24:367][193]LogShaderCompilers: Display: Worker (2/5): shaders left to compile 2
[2025.07.21-01.35.24:367][193]LogShaderCompilers: Display: Started 1 'Local' shader compile jobs with 'Normal' priority
[2025.07.21-01.35.24:367][193]LogShaderCompilers: Display: === FShaderJobCache stats ===
[2025.07.21-01.35.24:367][193]LogShaderCompilers: Display: Total job queries 61, among them cache hits 0 (0.00%)
[2025.07.21-01.35.24:367][193]LogShaderCompilers: Display: Tracking 42 distinct input hashes that result in 32 distinct outputs (76.19%)
[2025.07.21-01.35.24:368][193]LogShaderCompilers: Display: RAM used: 0.21 MB (0.00 GB) of 1638.40 MB (1.60 GB) budget. Usage: 0.01%
[2025.07.21-01.35.24:368][193]LogShaderCompilers: Display: ================================================
[2025.07.21-01.35.24:806][205]LogShaderCompilers: Display: Worker (1/5): shaders left to compile 1
[2025.07.21-01.35.24:806][205]LogShaderCompilers: Display: Started 1 'Local' shader compile jobs with 'Normal' priority
[2025.07.21-01.35.24:815][205]MaterialEditorStats: Texture samplers: 2/16
[2025.07.21-01.35.28:246][293]MaterialEditorStats: Base pass shader: 117 instructions
[2025.07.21-01.35.28:247][293]MaterialEditorStats: Base pass shader with Volumetric Lightmap: 191 instructions
[2025.07.21-01.35.28:247][293]MaterialEditorStats: Base pass vertex shader: 42 instructions
[2025.07.21-01.35.28:247][293]MaterialEditorStats: Texture samplers: 2/16
[2025.07.21-01.35.36:502][692]LogMaterial: Display: Missing cached shadermap for CaveMaterial in PCD3D_SM5, Default, SM5 (DDC key hash: 9037DF70A4BA3CC685DAF6833203A696EBF3551B), compiling. 
[2025.07.21-01.35.36:506][692]LogMaterial: Display: Missing cached shadermap for FMatExpressionPreview MaterialExpressionTextureSample_0 in PCD3D_SM5, Default, SM5 (DDC key hash: 9F26B85C659F7BA2B1811D1D4A4B645B408B7BA3), compiling. 
[2025.07.21-01.35.36:512][692]MaterialEditorStats: Texture samplers: 0/16
[2025.07.21-01.35.36:604][694]MaterialEditorStats: Base pass shader: 117 instructions
[2025.07.21-01.35.36:604][694]MaterialEditorStats: Base pass shader with Volumetric Lightmap: 191 instructions
[2025.07.21-01.35.36:604][694]MaterialEditorStats: Base pass vertex shader: 42 instructions
[2025.07.21-01.35.36:604][694]MaterialEditorStats: Texture samplers: 2/16
[2025.07.21-01.35.44:387][ 13]LogMaterial: Display: Missing cached shadermap for CaveMaterial in PCD3D_SM5, Default, SM5 (DDC key hash: ADFD96F0D20E1ECF8A7C44692D1EBFB99EA21966), compiling. 
[2025.07.21-01.35.44:391][ 13]LogMaterial: Display: Missing cached shadermap for FMatExpressionPreview MaterialExpressionTextureSample_0 in PCD3D_SM5, Default, SM5 (DDC key hash: C363356CE2081ABD3409F1657162CE5523A66E43), compiling. 
[2025.07.21-01.35.44:395][ 13]LogMaterial: Display: Missing cached shadermap for CaveMaterial in PCD3D_SM5, Default, SM5 (DDC key hash: 78D5D09A86327BACAC668C61EB26ED94D0AA2968), compiling. 
[2025.07.21-01.35.44:402][ 13]MaterialEditorStats: Texture samplers: 0/16
[2025.07.21-01.35.44:515][ 14]LogShaderCompilers: Display: Submitted 2 shader compile jobs with 'ForceLocal' priority
[2025.07.21-01.35.44:516][ 14]LogShaderCompilers: Display: Worker (1/5): shaders left to compile 2
[2025.07.21-01.35.44:516][ 14]LogShaderCompilers: Display: Worker (2/5): shaders left to compile 1
[2025.07.21-01.35.44:516][ 14]LogShaderCompilers: Display: Started 2 'Local' shader compile jobs with 'ForceLocal' priority
[2025.07.21-01.35.44:516][ 14]MaterialEditorStats: Base pass shader: 117 instructions
[2025.07.21-01.35.44:516][ 14]MaterialEditorStats: Base pass shader with Volumetric Lightmap: 191 instructions
[2025.07.21-01.35.44:516][ 14]MaterialEditorStats: Base pass vertex shader: 42 instructions
[2025.07.21-01.35.44:516][ 14]MaterialEditorStats: Texture samplers: 2/16
[2025.07.21-01.35.51:076][271]LogMaterial: Display: Missing cached shadermap for CaveMaterial in PCD3D_SM5, Default, SM5 (DDC key hash: 134C7C3CB02A9614E8F8925861A5026D09C302FC), compiling. 
[2025.07.21-01.35.51:080][271]LogMaterial: Display: Missing cached shadermap for FMatExpressionPreview MaterialExpressionTextureSample_0 in PCD3D_SM5, Default, SM5 (DDC key hash: B7491828CDDE8D831D865461D71026C9C1E7DC3B), compiling. 
[2025.07.21-01.35.51:089][271]MaterialEditorStats: Texture samplers: 0/16
[2025.07.21-01.35.51:089][271]MaterialEditorStats: Texture Lookups (Est.): VS(0), PS(1)
[2025.07.21-01.35.51:089][271]MaterialEditorStats: User interpolators: 2/4 Scalars (1/4 Vectors) (TexCoords: 2, Custom: 0)
[2025.07.21-01.35.51:123][273]LogShaderCompilers: Display: Submitted 2 shader compile jobs with 'ForceLocal' priority
[2025.07.21-01.35.51:123][273]LogShaderCompilers: Display: Worker (1/5): shaders left to compile 2
[2025.07.21-01.35.51:123][273]LogShaderCompilers: Display: Worker (2/5): shaders left to compile 1
[2025.07.21-01.35.51:123][273]LogShaderCompilers: Display: Started 2 'Local' shader compile jobs with 'ForceLocal' priority
[2025.07.21-01.35.51:133][273]LogShaderCompilers: Display: Submitted 8 shader compile jobs with 'Normal' priority
[2025.07.21-01.35.51:138][273]LogShaderCompilers: Display: Worker (3/5): shaders left to compile 8
[2025.07.21-01.35.51:138][273]LogShaderCompilers: Display: Worker (4/5): shaders left to compile 5
[2025.07.21-01.35.51:138][273]LogShaderCompilers: Display: Started 6 'Local' shader compile jobs with 'Normal' priority
[2025.07.21-01.35.52:732][307]LogShaderCompilers: Display: Worker (2/5): shaders left to compile 2
[2025.07.21-01.35.52:732][307]LogShaderCompilers: Display: Started 1 'Local' shader compile jobs with 'Normal' priority
[2025.07.21-01.35.53:336][320]LogShaderCompilers: Display: Worker (1/5): shaders left to compile 1
[2025.07.21-01.35.53:337][320]LogShaderCompilers: Display: Started 1 'Local' shader compile jobs with 'Normal' priority
[2025.07.21-01.35.53:396][321]MaterialEditorStats: Texture samplers: 3/16
[2025.07.21-01.35.53:396][321]MaterialEditorStats: Texture Lookups (Est.): VS(0), PS(1)
[2025.07.21-01.35.53:396][321]MaterialEditorStats: User interpolators: 2/4 Scalars (1/4 Vectors) (TexCoords: 2, Custom: 0)
[2025.07.21-01.35.57:900][426]MaterialEditorStats: Base pass shader: 120 instructions
[2025.07.21-01.35.57:900][426]MaterialEditorStats: Base pass shader with Volumetric Lightmap: 194 instructions
[2025.07.21-01.35.57:900][426]MaterialEditorStats: Base pass vertex shader: 46 instructions
[2025.07.21-01.35.57:900][426]MaterialEditorStats: Texture samplers: 3/16
[2025.07.21-01.35.57:900][426]MaterialEditorStats: Texture Lookups (Est.): VS(0), PS(1)
[2025.07.21-01.35.57:900][426]MaterialEditorStats: User interpolators: 2/4 Scalars (1/4 Vectors) (TexCoords: 2, Custom: 0)
[2025.07.21-01.36.03:942][676]LogMaterialEditor: Saving and Compiling material CaveMaterial
[2025.07.21-01.36.04:481][676]LogMaterial: Display: Missing cached shadermap for CaveMaterial in PCD3D_SM5, Default, SM5 (DDC key hash: 3A632614D1D7A1F0BF9D5B85B7E27F28EB927E59), compiling. 
[2025.07.21-01.36.04:520][676]LogMaterial: Display: Missing cached shadermap for CaveMaterial in PCD3D_SM5, Default, SM5 (DDC key hash: 6A3DE7388079D625383F9851AE6DC23B2A886538), compiling. 
[2025.07.21-01.36.04:603][676]LogUObjectHash: Compacting FUObjectHashTables data took   4.51ms
[2025.07.21-01.36.04:611][676]LogShaderCompilers: Display: Submitted 1 shader compile jobs with 'ForceLocal' priority
[2025.07.21-01.36.04:934][676]LogShaderCompilers: Display: Worker (1/5): shaders left to compile 1
[2025.07.21-01.36.04:934][676]LogShaderCompilers: Display: Started 1 'Local' shader compile jobs with 'ForceLocal' priority
[2025.07.21-01.36.04:962][676]LogUObjectHash: Compacting FUObjectHashTables data took   0.66ms
[2025.07.21-01.36.05:061][676]LogShaderCompilers: Display: Submitted 5 shader compile jobs with 'Normal' priority
[2025.07.21-01.36.05:071][676]LogShaderCompilers: Display: Worker (1/5): shaders left to compile 5
[2025.07.21-01.36.05:071][676]LogShaderCompilers: Display: Worker (2/5): shaders left to compile 3
[2025.07.21-01.36.05:071][676]LogShaderCompilers: Display: Worker (3/5): shaders left to compile 1
[2025.07.21-01.36.05:071][676]LogShaderCompilers: Display: Started 5 'Local' shader compile jobs with 'Normal' priority
[2025.07.21-01.36.05:173][676]LogSavePackage: Moving '../../../../../UTN-e-learning/Unreal-Engine/Unreal-Projects/TP_PreEntrega/Saved/CaveMaterialA1FE966B4801637C1A4B0EAE46E9A290.tmp' to '../../../../../UTN-e-learning/Unreal-Engine/Unreal-Projects/TP_PreEntrega/Content/ThirdPersonBP/Blueprints/blueprints/Textures/CaveMaterial.uasset'
[2025.07.21-01.36.05:260][676]AssetCheck: New page: Asset Save: CaveMaterial
[2025.07.21-01.36.05:260][676]LogContentValidation: Display: Validating Material /Game/ThirdPersonBP/Blueprints/blueprints/Textures/CaveMaterial.CaveMaterial
[2025.07.21-01.36.05:285][676]MaterialEditorStats: Texture samplers: 3/16
[2025.07.21-01.36.05:286][676]MaterialEditorStats: Texture Lookups (Est.): VS(0), PS(1)
[2025.07.21-01.36.05:286][676]MaterialEditorStats: User interpolators: 2/4 Scalars (1/4 Vectors) (TexCoords: 2, Custom: 0)
[2025.07.21-01.36.08:811][747]MaterialEditorStats: Base pass shader: 120 instructions
[2025.07.21-01.36.08:811][747]MaterialEditorStats: Base pass shader with Volumetric Lightmap: 194 instructions
[2025.07.21-01.36.08:811][747]MaterialEditorStats: Base pass vertex shader: 46 instructions
[2025.07.21-01.36.08:811][747]MaterialEditorStats: Texture samplers: 4/16
[2025.07.21-01.36.08:811][747]MaterialEditorStats: Texture Lookups (Est.): VS(0), PS(1)
[2025.07.21-01.36.08:811][747]MaterialEditorStats: User interpolators: 2/4 Scalars (1/4 Vectors) (TexCoords: 2, Custom: 0)
[2025.07.21-01.36.40:619][818]LogPhysics: Warning: Scale for /Engine/Transient.World_24:PersistentLevel.Cave_C_0.Cube has a component set to zero, which will result in a bad body instance. Scale:X=1.000 Y=1.000 Z=0.000
[2025.07.21-01.36.40:620][818]LogPhysics: Warning: Scale for /Engine/Transient.World_24:PersistentLevel.Cave_C_0.Cube has a component set to zero, which will result in a bad body instance. Scale:X=1.000 Y=1.000 Z=0.000
[2025.07.21-01.36.40:646][819]LogPhysics: Warning: Scale for /Engine/Transient.World_24:PersistentLevel.Cave_C_0.Cube has a component set to zero, which will result in a bad body instance. Scale:X=1.000 Y=1.000 Z=0.000
[2025.07.21-01.36.40:646][819]LogPhysics: Warning: Scale for /Engine/Transient.World_24:PersistentLevel.Cave_C_0.Cube has a component set to zero, which will result in a bad body instance. Scale:X=1.000 Y=1.000 Z=0.000
[2025.07.21-01.36.40:646][819]LogPhysics: Warning: Scale for /Engine/Transient.World_24:PersistentLevel.Cave_C_0.Cube has a component set to zero, which will result in a bad body instance. Scale:X=1.000 Y=1.000 Z=0.000
[2025.07.21-01.36.40:671][820]LogPhysics: Warning: Scale for /Engine/Transient.World_24:PersistentLevel.Cave_C_0.Cube has a component set to zero, which will result in a bad body instance. Scale:X=1.000 Y=1.000 Z=0.000
[2025.07.21-01.36.40:671][820]LogPhysics: Warning: Scale for /Engine/Transient.World_24:PersistentLevel.Cave_C_0.Cube has a component set to zero, which will result in a bad body instance. Scale:X=1.000 Y=1.000 Z=0.000
[2025.07.21-01.36.41:217][836]LogPhysics: Warning: Scale for /Engine/Transient.World_24:PersistentLevel.Cave_C_0.Cube has a component set to zero, which will result in a bad body instance. Scale:X=1.000 Y=1.000 Z=0.000
[2025.07.21-01.36.41:219][836]LogPhysics: Warning: Scale for /Engine/Transient.World_24:PersistentLevel.Cave_C_0.Cube has a component set to zero, which will result in a bad body instance. Scale:X=1.000 Y=1.000 Z=0.000
[2025.07.21-01.36.41:255][837]LogPhysics: Warning: Scale for /Engine/Transient.World_24:PersistentLevel.Cave_C_0.Cube has a component set to zero, which will result in a bad body instance. Scale:X=1.000 Y=1.000 Z=0.000
[2025.07.21-01.36.41:256][837]LogPhysics: Warning: Scale for /Engine/Transient.World_24:PersistentLevel.Cave_C_0.Cube has a component set to zero, which will result in a bad body instance. Scale:X=1.000 Y=1.000 Z=0.000
[2025.07.21-01.37.19:159][135]BlueprintLog: New page: Compile Cave
[2025.07.21-01.37.19:363][135]LogUObjectHash: Compacting FUObjectHashTables data took   8.19ms
[2025.07.21-01.37.32:021][433]LogEditorViewport: Clicking on Actor (LMB): Cave_C (Cave)
[2025.07.21-01.37.33:246][472]Cmd: DELETE
[2025.07.21-01.37.33:246][472]Cmd: ACTOR DELETE
[2025.07.21-01.37.33:266][472]LogEditorActor: Deleted Actor: Cave_C
[2025.07.21-01.37.33:385][472]LogUObjectHash: Compacting FUObjectHashTables data took  19.85ms
[2025.07.21-01.37.33:391][472]LogEditorActor: Deleted 1 Actors (0.144 secs)
[2025.07.21-01.37.36:038][554]LogWorld: UWorld::CleanupWorld for World_24, bSessionEnded=true, bCleanupResources=true
[2025.07.21-01.37.36:038][554]LogSlate: InvalidateAllWidgets triggered.  All widgets were invalidated
[2025.07.21-01.37.39:565][679]LogSlate: Window 'CaveMaterial' being destroyed
[2025.07.21-01.37.39:646][679]LogWorld: UWorld::CleanupWorld for World_26, bSessionEnded=true, bCleanupResources=true
[2025.07.21-01.37.39:646][679]LogSlate: InvalidateAllWidgets triggered.  All widgets were invalidated
[2025.07.21-01.38.04:296][ 75]LogUObjectHash: Compacting FUObjectHashTables data took   2.59ms
[2025.07.21-01.38.04:357][ 75]LogSavePackage: Moving '../../../../../UTN-e-learning/Unreal-Engine/Unreal-Projects/TP_PreEntrega/Saved/ThirdPersonExampleMap_Auto14220F5A84A9B10DB8C7D1BB690A1DEC5.tmp' to '../../../../../UTN-e-learning/Unreal-Engine/Unreal-Projects/TP_PreEntrega/Saved/Autosaves/Game/ThirdPersonBP/Maps/ThirdPersonExampleMap_Auto1.umap'
[2025.07.21-01.38.04:362][ 75]LogFileHelpers: Editor autosave (incl. external actors) for '/Game/ThirdPersonBP/Maps/ThirdPersonExampleMap' took 0.116
[2025.07.21-01.38.04:362][ 75]LogFileHelpers: Editor autosave (incl. sublevels & external actors) for all levels took 0.116
[2025.07.21-01.38.04:362][ 75]OBJ SavePackage: Generating thumbnails for [1] asset(s) in package [/Game/ThirdPersonBP/Blueprints/blueprints/Textures/cave2] ([1] browsable assets)...
[2025.07.21-01.38.04:366][ 75]OBJ SavePackage:     Rendered thumbnail for [Texture2D /Game/ThirdPersonBP/Blueprints/blueprints/Textures/cave2.cave2]
[2025.07.21-01.38.04:366][ 75]OBJ SavePackage: Finished generating thumbnails for package [/Game/ThirdPersonBP/Blueprints/blueprints/Textures/cave2]
[2025.07.21-01.38.04:373][ 75]LogSavePackage: Moving '../../../../../UTN-e-learning/Unreal-Engine/Unreal-Projects/TP_PreEntrega/Saved/cave2_Auto1FE14775A4E801F5C3D5FAD80D7CFEC8F.tmp' to '../../../../../UTN-e-learning/Unreal-Engine/Unreal-Projects/TP_PreEntrega/Saved/Autosaves/Game/ThirdPersonBP/Blueprints/blueprints/Textures/cave2_Auto1.uasset'
[2025.07.21-01.38.04:373][ 75]LogFileHelpers: Auto-saving content packages took 0.011
[2025.07.21-01.38.18:345][117]LogAssetEditorSubsystem: Opening Asset editor for Blueprint /Game/ThirdPersonBP/Blueprints/blueprints/Cave.Cave
[2025.07.21-01.40.39:285][900]BlueprintLog: New page: Compile Cave
[2025.07.21-01.40.39:537][900]LogUObjectHash: Compacting FUObjectHashTables data took  11.60ms
[2025.07.21-01.40.52:268][198]LogMaterial: Display: Missing cached shadermap for M_Rock in PCD3D_SM5, Default, SM5 (DDC key hash: 2426BEA34592076790974F98E42E9342ECAC242C), compiling. 
[2025.07.21-01.40.52:412][198]LogShaderCompilers: Display: Submitted 25 shader compile jobs with 'Low' priority
[2025.07.21-01.40.52:422][198]LogShaderCompilers: Display: Worker (1/5): shaders left to compile 2
[2025.07.21-01.40.52:423][198]LogShaderCompilers: Display: Worker (2/5): shaders left to compile 1
[2025.07.21-01.40.52:423][198]LogShaderCompilers: Display: Worker (3/5): shaders left to compile 23
[2025.07.21-01.40.52:423][198]LogShaderCompilers: Display: Worker (4/5): shaders left to compile 17
[2025.07.21-01.40.52:423][198]LogShaderCompilers: Display: Started 12 'Local' shader compile jobs with 'Normal' priority
[2025.07.21-01.40.52:423][198]LogShaderCompilers: Display: Started 2 'Local' shader compile jobs with 'ForceLocal' priority
[2025.07.21-01.40.55:871][236]LogShaderCompilers: Display: Worker (2/5): shaders left to compile 11
[2025.07.21-01.40.55:871][236]LogShaderCompilers: Display: Started 3 'Local' shader compile jobs with 'Normal' priority
[2025.07.21-01.40.55:910][236]LogShaderCompilers: Display: === FShaderJobCache stats ===
[2025.07.21-01.40.55:910][236]LogShaderCompilers: Display: Total job queries 158, among them cache hits 54 (34.18%)
[2025.07.21-01.40.55:910][236]LogShaderCompilers: Display: Tracking 70 distinct input hashes that result in 50 distinct outputs (71.43%)
[2025.07.21-01.40.55:910][236]LogShaderCompilers: Display: RAM used: 0.32 MB (0.00 GB) of 1638.40 MB (1.60 GB) budget. Usage: 0.02%
[2025.07.21-01.40.55:910][236]LogShaderCompilers: Display: ================================================
[2025.07.21-01.40.57:034][250]LogShaderCompilers: Display: Worker (1/5): shaders left to compile 8
[2025.07.21-01.40.57:034][250]LogShaderCompilers: Display: Started 3 'Local' shader compile jobs with 'Normal' priority
[2025.07.21-01.41.06:317][363]LogShaderCompilers: Display: Worker (2/5): shaders left to compile 5
[2025.07.21-01.41.06:318][363]LogShaderCompilers: Display: Started 2 'Local' shader compile jobs with 'Normal' priority
[2025.07.21-01.41.08:654][395]LogShaderCompilers: Display: Worker (1/5): shaders left to compile 3
[2025.07.21-01.41.08:654][395]LogShaderCompilers: Display: Started 1 'Local' shader compile jobs with 'Normal' priority
[2025.07.21-01.41.09:600][403]LogShaderCompilers: Display: Worker (3/5): shaders left to compile 2
[2025.07.21-01.41.09:600][403]LogShaderCompilers: Display: Started 1 'Local' shader compile jobs with 'Normal' priority
[2025.07.21-01.41.10:900][419]LogShaderCompilers: Display: Worker (4/5): shaders left to compile 1
[2025.07.21-01.41.10:900][419]LogShaderCompilers: Display: Started 1 'Local' shader compile jobs with 'Normal' priority
[2025.07.21-01.41.39:082][182]LogMaterial: Display: Missing cached shadermap for M_LightStage_Skybox_Master in PCD3D_SM5, Default, SM5 (DDC key hash: D7939AC5F0D16CE1B3A0E5115BC5621E994C0F03), compiling. 
[2025.07.21-01.41.39:111][182]LogShaderCompilers: Display: Submitted 6 shader compile jobs with 'Low' priority
[2025.07.21-01.41.39:116][182]LogShaderCompilers: Display: Worker (1/5): shaders left to compile 6
[2025.07.21-01.41.39:116][182]LogShaderCompilers: Display: Worker (2/5): shaders left to compile 4
[2025.07.21-01.41.39:116][182]LogShaderCompilers: Display: Worker (3/5): shaders left to compile 2
[2025.07.21-01.41.39:116][182]LogShaderCompilers: Display: Started 6 'Local' shader compile jobs with 'Low' priority
[2025.07.21-01.41.48:557][359]LogSavePackage: Moving '../../../../../UTN-e-learning/Unreal-Engine/Unreal-Projects/TP_PreEntrega/Saved/Cave5697A3724AF822A65CF62A9A21D01978.tmp' to '../../../../../UTN-e-learning/Unreal-Engine/Unreal-Projects/TP_PreEntrega/Content/ThirdPersonBP/Blueprints/blueprints/Cave.uasset'
[2025.07.21-01.41.48:599][359]AssetCheck: New page: Asset Save: Cave
[2025.07.21-01.41.48:600][359]LogContentValidation: Display: Validating Blueprint /Game/ThirdPersonBP/Blueprints/blueprints/Cave.Cave
[2025.07.21-01.41.50:510][420]BlueprintLog: New page: Compile Cave
[2025.07.21-01.41.50:629][420]LogUObjectHash: Compacting FUObjectHashTables data took   6.87ms
[2025.07.21-01.41.59:091][670]LogSavePackage: Moving '../../../../../UTN-e-learning/Unreal-Engine/Unreal-Projects/TP_PreEntrega/Saved/CaveB826DA0948FE120B4E40598286DBE229.tmp' to '../../../../../UTN-e-learning/Unreal-Engine/Unreal-Projects/TP_PreEntrega/Content/ThirdPersonBP/Blueprints/blueprints/Cave.uasset'
[2025.07.21-01.41.59:145][670]AssetCheck: New page: Asset Save: Cave
[2025.07.21-01.41.59:145][670]LogContentValidation: Display: Validating Blueprint /Game/ThirdPersonBP/Blueprints/blueprints/Cave.Cave
[2025.07.21-01.42.24:199][366]LogEditorViewport: Clicking on Actor (LMB): StaticMeshActor (Floor)
[2025.07.21-01.42.27:565][469]LogEditorViewport: Clicking on Actor (LMB): Cave_C (Cave)
[2025.07.21-01.42.46:089][ 18]LogEditorTransaction: Undo Set Scale
[2025.07.21-01.42.49:270][109]LogEditorViewport: Clicking on Actor (LMB): StaticMeshActor (Floor)
[2025.07.21-01.42.50:079][133]LogEditorViewport: Clicking on Actor (LMB): Cave_C (Cave)
[2025.07.21-01.43.35:316][316]LogEditorViewport: Clicking on Actor (LMB): StaticMeshActor (Floor)
[2025.07.21-01.43.40:857][473]LogUObjectHash: Compacting FUObjectHashTables data took   7.56ms
[2025.07.21-01.43.41:031][473]LogSavePackage: Moving '../../../../../UTN-e-learning/Unreal-Engine/Unreal-Projects/TP_PreEntrega/Saved/ThirdPersonExampleMap6E2A8FD04AB3EFE79640469CD5A1AD8C.tmp' to '../../../../../UTN-e-learning/Unreal-Engine/Unreal-Projects/TP_PreEntrega/Content/ThirdPersonBP/Maps/ThirdPersonExampleMap.umap'
[2025.07.21-01.43.41:391][473]LogSavePackage: Moving '../../../../../UTN-e-learning/Unreal-Engine/Unreal-Projects/TP_PreEntrega/Saved/ThirdPersonExampleMap_BuiltData5B3C600C442CD05DAE738289BE90E6A6.tmp' to '../../../../../UTN-e-learning/Unreal-Engine/Unreal-Projects/TP_PreEntrega/Content/ThirdPersonBP/Maps/ThirdPersonExampleMap_BuiltData.uasset'
[2025.07.21-01.43.41:446][473]AssetCheck: New page: Asset Save: multiple assets
[2025.07.21-01.43.41:446][473]LogContentValidation: Display: Validating MapBuildDataRegistry /Game/ThirdPersonBP/Maps/ThirdPersonExampleMap_BuiltData.ThirdPersonExampleMap_BuiltData
[2025.07.21-01.43.41:446][473]LogContentValidation: Display: Validating World /Game/ThirdPersonBP/Maps/ThirdPersonExampleMap.ThirdPersonExampleMap
[2025.07.21-01.43.45:246][586]LogEditorViewport: Clicking on Actor (LMB): EnemyCharacter_C (EnemyCharacter)
[2025.07.21-01.44.19:060][494]LogUObjectHash: Compacting FUObjectHashTables data took   4.42ms
[2025.07.21-01.44.19:152][494]LogSavePackage: Moving '../../../../../UTN-e-learning/Unreal-Engine/Unreal-Projects/TP_PreEntrega/Saved/ThirdPersonExampleMapE968BC4B40D0B58B5D657EBC57C771C9.tmp' to '../../../../../UTN-e-learning/Unreal-Engine/Unreal-Projects/TP_PreEntrega/Content/ThirdPersonBP/Maps/ThirdPersonExampleMap.umap'
[2025.07.21-01.44.19:426][494]LogSavePackage: Moving '../../../../../UTN-e-learning/Unreal-Engine/Unreal-Projects/TP_PreEntrega/Saved/ThirdPersonExampleMap_BuiltData0A22218F4946D22D870D929CEDDA25B4.tmp' to '../../../../../UTN-e-learning/Unreal-Engine/Unreal-Projects/TP_PreEntrega/Content/ThirdPersonBP/Maps/ThirdPersonExampleMap_BuiltData.uasset'
[2025.07.21-01.44.19:448][494]AssetCheck: New page: Asset Save: multiple assets
[2025.07.21-01.44.19:448][494]LogContentValidation: Display: Validating MapBuildDataRegistry /Game/ThirdPersonBP/Maps/ThirdPersonExampleMap_BuiltData.ThirdPersonExampleMap_BuiltData
[2025.07.21-01.44.19:448][494]LogContentValidation: Display: Validating World /Game/ThirdPersonBP/Maps/ThirdPersonExampleMap.ThirdPersonExampleMap
[2025.07.21-01.44.23:410][595]LogTemp: Repeating last play command: Selected Viewport
[2025.07.21-01.44.23:469][595]BlueprintLog: New page: Pre-Play auto-recompile
[2025.07.21-01.44.23:470][595]LogPlayLevel: [PlayLevel] Compiling Cave before play...
[2025.07.21-01.44.23:578][595]LogUObjectHash: Compacting FUObjectHashTables data took   6.19ms
[2025.07.21-01.44.23:579][595]LogPlayLevel: PlayLevel: Blueprint regeneration took 110 ms (1 blueprints)
[2025.07.21-01.44.23:579][595]PIE: New page: PIE session: ThirdPersonExampleMap (Jul 20, 2025, 7:44:23 PM)
[2025.07.21-01.44.23:580][595]LogPlayLevel: Creating play world package: /Game/ThirdPersonBP/Maps/UEDPIE_0_ThirdPersonExampleMap
[2025.07.21-01.44.23:625][595]LogPlayLevel: PIE: StaticDuplicateObject took: (0.045646s)
[2025.07.21-01.44.23:627][595]LogAIModule: Creating AISystem for world ThirdPersonExampleMap
[2025.07.21-01.44.23:628][595]LogPlayLevel: PIE: World Init took: (0.002411s)
[2025.07.21-01.44.23:628][595]LogPlayLevel: PIE: Created PIE world by copying editor world from /Game/ThirdPersonBP/Maps/ThirdPersonExampleMap.ThirdPersonExampleMap to /Game/ThirdPersonBP/Maps/UEDPIE_0_ThirdPersonExampleMap.ThirdPersonExampleMap (0.048372s)
[2025.07.21-01.44.23:683][595]LogUObjectHash: Compacting FUObjectHashTables data took   5.16ms
[2025.07.21-01.44.23:683][595]LogAudio: Display: Creating Audio Device:                 Id: 4, Scope: Unique, Realtime: True
[2025.07.21-01.44.23:684][595]LogAudioMixer: Display: Audio Mixer Platform Settings:
[2025.07.21-01.44.23:684][595]LogAudioMixer: Display: 	Sample Rate:						  48000
[2025.07.21-01.44.23:684][595]LogAudioMixer: Display: 	Callback Buffer Frame Size Requested: 1024
[2025.07.21-01.44.23:684][595]LogAudioMixer: Display: 	Callback Buffer Frame Size To Use:	  1024
[2025.07.21-01.44.23:684][595]LogAudioMixer: Display: 	Number of buffers to queue:			  2
[2025.07.21-01.44.23:684][595]LogAudioMixer: Display: 	Max Channels (voices):				  32
[2025.07.21-01.44.23:684][595]LogAudioMixer: Display: 	Number of Async Source Workers:		  0
[2025.07.21-01.44.23:684][595]LogAudio: Display: AudioDevice MaxSources: 32
[2025.07.21-01.44.23:685][595]LogAudio: Display: Audio Spatialization Plugin: None (built-in).
[2025.07.21-01.44.23:685][595]LogAudio: Display: Audio Reverb Plugin: None (built-in).
[2025.07.21-01.44.23:685][595]LogAudio: Display: Audio Occlusion Plugin: None (built-in).
[2025.07.21-01.44.23:685][595]LogAudioMixer: Display: Initializing audio mixer.
[2025.07.21-01.44.23:697][595]LogAudioMixer: Display: 0: FrontLeft
[2025.07.21-01.44.23:698][595]LogAudioMixer: Display: 1: FrontRight
[2025.07.21-01.44.23:730][595]LogAudioMixer: Display: Using Audio Device Headphones (SOUNDPEATS Opera05)
[2025.07.21-01.44.23:730][595]LogAudioMixer: Display: Initializing Sound Submixes...
[2025.07.21-01.44.23:730][595]LogAudioMixer: Display: Creating Master Submix 'MasterSubmixDefault'
[2025.07.21-01.44.23:730][595]LogAudioMixer: Display: Creating Master Submix 'MasterReverbSubmixDefault'
[2025.07.21-01.44.23:731][595]LogAudioMixer: Display: Creating Master Submix 'MasterEQSubmixDefault'
[2025.07.21-01.44.23:731][595]LogAudioMixer: FMixerPlatformXAudio2::StartAudioStream() called
[2025.07.21-01.44.23:731][595]LogAudioMixer: Display: Output buffers initialized: Frames=1024, Channels=2, Samples=2048
[2025.07.21-01.44.23:733][595]LogAudioMixer: Display: Starting AudioMixerPlatformInterface::RunInternal()
[2025.07.21-01.44.23:733][595]LogAudioMixer: Display: FMixerPlatformXAudio2::SubmitBuffer() called for the first time
[2025.07.21-01.44.23:733][595]LogInit: FAudioDevice initialized.
[2025.07.21-01.44.23:733][595]LogAudio: Display: Audio Device (ID: 4) registered with world 'ThirdPersonExampleMap'.
[2025.07.21-01.44.23:746][595]LogLoad: Game class is 'ReglasJuego_C'
[2025.07.21-01.44.23:756][595]LogWorld: Bringing World /Game/ThirdPersonBP/Maps/UEDPIE_0_ThirdPersonExampleMap.ThirdPersonExampleMap up for play (max tick rate 60) at 2025.07.20-22.44.23
[2025.07.21-01.44.23:757][595]LogWorld: Bringing up level for play took: 0.010330
[2025.07.21-01.44.23:757][595]LogOnline: OSS: Creating online subsystem instance for: :Context_32
[2025.07.21-01.44.23:760][595]LogBlueprintUserMessages: [plataforma_2] Buenas buenas!
[2025.07.21-01.44.23:763][595]PIE: Server logged in
[2025.07.21-01.44.23:764][595]PIE: Play in editor total start time 0.33 seconds.
[2025.07.21-01.44.24:317][611]LogCharacterMovement: EnemyCharacter_2 is stuck and failed to move! Velocity: X=-599.39 Y=27.13 Z=0.00 Location: X=-123.17 Y=1307.11 Z=218.39 Normal: X=-0.17 Y=0.00 Z=-0.98 PenetrationDepth:27.212 Actor:Cave_5 Component:Cube3 BoneName:None (9 other events since notify)
[2025.07.21-01.44.25:319][649]LogCharacterMovement: EnemyCharacter_2 is stuck and failed to move! Velocity: X=-599.39 Y=27.13 Z=0.00 Location: X=-123.17 Y=1307.11 Z=218.39 Normal: X=-0.17 Y=0.00 Z=-0.98 PenetrationDepth:27.212 Actor:Cave_5 Component:Cube3 BoneName:None (37 other events since notify)
[2025.07.21-01.44.26:325][681]LogCharacterMovement: EnemyCharacter_2 is stuck and failed to move! Velocity: X=-599.39 Y=27.13 Z=0.00 Location: X=-123.17 Y=1307.11 Z=218.39 Normal: X=-0.17 Y=0.00 Z=-0.98 PenetrationDepth:27.212 Actor:Cave_5 Component:Cube3 BoneName:None (31 other events since notify)
[2025.07.21-01.44.27:339][711]LogCharacterMovement: EnemyCharacter_2 is stuck and failed to move! Velocity: X=-599.39 Y=27.13 Z=0.00 Location: X=-123.17 Y=1307.11 Z=218.39 Normal: X=-0.17 Y=0.00 Z=-0.98 PenetrationDepth:27.212 Actor:Cave_5 Component:Cube3 BoneName:None (29 other events since notify)
[2025.07.21-01.44.28:349][750]LogCharacterMovement: EnemyCharacter_2 is stuck and failed to move! Velocity: X=-599.39 Y=27.13 Z=0.00 Location: X=-123.17 Y=1307.11 Z=218.39 Normal: X=-0.17 Y=0.00 Z=-0.98 PenetrationDepth:27.212 Actor:Cave_5 Component:Cube3 BoneName:None (38 other events since notify)
[2025.07.21-01.44.29:351][782]LogCharacterMovement: EnemyCharacter_2 is stuck and failed to move! Velocity: X=-599.39 Y=27.13 Z=0.00 Location: X=-123.17 Y=1307.11 Z=218.39 Normal: X=-0.17 Y=0.00 Z=-0.98 PenetrationDepth:27.212 Actor:Cave_5 Component:Cube3 BoneName:None (31 other events since notify)
[2025.07.21-01.44.30:001][806]LogBlueprintUserMessages: [enemy_bullet_C_9] El peoncito perdio 10 de vida!!!!
[2025.07.21-01.44.30:353][817]LogCharacterMovement: EnemyCharacter_2 is stuck and failed to move! Velocity: X=-398.68 Y=138.43 Z=0.00 Location: X=-123.17 Y=1307.11 Z=218.39 Normal: X=-0.17 Y=0.00 Z=-0.98 PenetrationDepth:27.212 Actor:Cave_5 Component:Cube3 BoneName:None (34 other events since notify)
[2025.07.21-01.44.31:363][853]LogCharacterMovement: EnemyCharacter_2 is stuck and failed to move! Velocity: X=581.26 Y=-148.78 Z=0.00 Location: X=-123.44 Y=1315.41 Z=218.31 Normal: X=-0.17 Y=0.00 Z=-0.98 PenetrationDepth:27.090 Actor:Cave_5 Component:Cube3 BoneName:None (34 other events since notify)
[2025.07.21-01.44.32:158][876]LogSlate: Updating window title bar state: overlay mode, drag disabled, window buttons hidden, title bar hidden
[2025.07.21-01.44.32:158][876]LogWorld: BeginTearingDown for /Game/ThirdPersonBP/Maps/UEDPIE_0_ThirdPersonExampleMap
[2025.07.21-01.44.32:159][876]LogWorld: UWorld::CleanupWorld for ThirdPersonExampleMap, bSessionEnded=true, bCleanupResources=true
[2025.07.21-01.44.32:160][876]LogSlate: InvalidateAllWidgets triggered.  All widgets were invalidated
[2025.07.21-01.44.32:173][876]LogPlayLevel: Display: Shutting down PIE online subsystems
[2025.07.21-01.44.32:247][876]LogSlate: InvalidateAllWidgets triggered.  All widgets were invalidated
[2025.07.21-01.44.32:291][876]LogSlate: Updating window title bar state: overlay mode, drag disabled, window buttons hidden, title bar hidden
[2025.07.21-01.44.32:292][876]LogAudioMixer: FMixerPlatformXAudio2::StopAudioStream() called
[2025.07.21-01.44.32:295][876]LogAudioMixer: FMixerPlatformXAudio2::StopAudioStream() called
[2025.07.21-01.44.32:306][876]LogUObjectHash: Compacting FUObjectHashTables data took   4.53ms
[2025.07.21-01.44.32:410][877]LogPlayLevel: Display: Destroying online subsystem :Context_32
[2025.07.21-01.45.48:520][958]LogSavePackage: Moving '../../../../../UTN-e-learning/Unreal-Engine/Unreal-Projects/TP_PreEntrega/Saved/Cave1CF3BF4244ADBA22DE4A43A97E561239.tmp' to '../../../../../UTN-e-learning/Unreal-Engine/Unreal-Projects/TP_PreEntrega/Content/ThirdPersonBP/Blueprints/blueprints/Cave.uasset'
[2025.07.21-01.45.48:587][958]AssetCheck: New page: Asset Save: Cave
[2025.07.21-01.45.48:587][958]LogContentValidation: Display: Validating Blueprint /Game/ThirdPersonBP/Blueprints/blueprints/Cave.Cave
[2025.07.21-01.45.49:666][984]BlueprintLog: New page: Compile Cave
[2025.07.21-01.45.49:859][984]LogUObjectHash: Compacting FUObjectHashTables data took   5.89ms
[2025.07.21-01.45.51:417][ 15]LogTemp: Repeating last play command: Selected Viewport
[2025.07.21-01.45.51:490][ 15]LogPlayLevel: PlayLevel: No blueprints needed recompiling
[2025.07.21-01.45.51:490][ 15]PIE: New page: PIE session: ThirdPersonExampleMap (Jul 20, 2025, 7:45:51 PM)
[2025.07.21-01.45.51:490][ 15]LogPlayLevel: Creating play world package: /Game/ThirdPersonBP/Maps/UEDPIE_0_ThirdPersonExampleMap
[2025.07.21-01.45.51:546][ 15]LogPlayLevel: PIE: StaticDuplicateObject took: (0.055584s)
[2025.07.21-01.45.51:549][ 15]LogAIModule: Creating AISystem for world ThirdPersonExampleMap
[2025.07.21-01.45.51:549][ 15]LogPlayLevel: PIE: World Init took: (0.002934s)
[2025.07.21-01.45.51:549][ 15]LogPlayLevel: PIE: Created PIE world by copying editor world from /Game/ThirdPersonBP/Maps/ThirdPersonExampleMap.ThirdPersonExampleMap to /Game/ThirdPersonBP/Maps/UEDPIE_0_ThirdPersonExampleMap.ThirdPersonExampleMap (0.058940s)
[2025.07.21-01.45.51:614][ 15]LogUObjectHash: Compacting FUObjectHashTables data took   7.92ms
[2025.07.21-01.45.51:616][ 15]LogAudio: Display: Creating Audio Device:                 Id: 5, Scope: Unique, Realtime: True
[2025.07.21-01.45.51:616][ 15]LogAudioMixer: Display: Audio Mixer Platform Settings:
[2025.07.21-01.45.51:616][ 15]LogAudioMixer: Display: 	Sample Rate:						  48000
[2025.07.21-01.45.51:616][ 15]LogAudioMixer: Display: 	Callback Buffer Frame Size Requested: 1024
[2025.07.21-01.45.51:616][ 15]LogAudioMixer: Display: 	Callback Buffer Frame Size To Use:	  1024
[2025.07.21-01.45.51:616][ 15]LogAudioMixer: Display: 	Number of buffers to queue:			  2
[2025.07.21-01.45.51:616][ 15]LogAudioMixer: Display: 	Max Channels (voices):				  32
[2025.07.21-01.45.51:616][ 15]LogAudioMixer: Display: 	Number of Async Source Workers:		  0
[2025.07.21-01.45.51:616][ 15]LogAudio: Display: AudioDevice MaxSources: 32
[2025.07.21-01.45.51:617][ 15]LogAudio: Display: Audio Spatialization Plugin: None (built-in).
[2025.07.21-01.45.51:617][ 15]LogAudio: Display: Audio Reverb Plugin: None (built-in).
[2025.07.21-01.45.51:617][ 15]LogAudio: Display: Audio Occlusion Plugin: None (built-in).
[2025.07.21-01.45.51:617][ 15]LogAudioMixer: Display: Initializing audio mixer.
[2025.07.21-01.45.51:628][ 15]LogAudioMixer: Display: 0: FrontLeft
[2025.07.21-01.45.51:628][ 15]LogAudioMixer: Display: 1: FrontRight
[2025.07.21-01.45.51:665][ 15]LogAudioMixer: Display: Using Audio Device Headphones (SOUNDPEATS Opera05)
[2025.07.21-01.45.51:665][ 15]LogAudioMixer: Display: Initializing Sound Submixes...
[2025.07.21-01.45.51:665][ 15]LogAudioMixer: Display: Creating Master Submix 'MasterSubmixDefault'
[2025.07.21-01.45.51:665][ 15]LogAudioMixer: Display: Creating Master Submix 'MasterReverbSubmixDefault'
[2025.07.21-01.45.51:666][ 15]LogAudioMixer: Display: Creating Master Submix 'MasterEQSubmixDefault'
[2025.07.21-01.45.51:666][ 15]LogAudioMixer: FMixerPlatformXAudio2::StartAudioStream() called
[2025.07.21-01.45.51:667][ 15]LogAudioMixer: Display: Output buffers initialized: Frames=1024, Channels=2, Samples=2048
[2025.07.21-01.45.51:669][ 15]LogAudioMixer: Display: Starting AudioMixerPlatformInterface::RunInternal()
[2025.07.21-01.45.51:669][ 15]LogAudioMixer: Display: FMixerPlatformXAudio2::SubmitBuffer() called for the first time
[2025.07.21-01.45.51:669][ 15]LogInit: FAudioDevice initialized.
[2025.07.21-01.45.51:669][ 15]LogAudio: Display: Audio Device (ID: 5) registered with world 'ThirdPersonExampleMap'.
[2025.07.21-01.45.51:683][ 15]LogLoad: Game class is 'ReglasJuego_C'
[2025.07.21-01.45.51:698][ 15]LogWorld: Bringing World /Game/ThirdPersonBP/Maps/UEDPIE_0_ThirdPersonExampleMap.ThirdPersonExampleMap up for play (max tick rate 60) at 2025.07.20-22.45.51
[2025.07.21-01.45.51:699][ 15]LogWorld: Bringing up level for play took: 0.014937
[2025.07.21-01.45.51:700][ 15]LogOnline: OSS: Creating online subsystem instance for: :Context_33
[2025.07.21-01.45.51:704][ 15]LogBlueprintUserMessages: [plataforma_2] Buenas buenas!
[2025.07.21-01.45.51:707][ 15]PIE: Server logged in
[2025.07.21-01.45.51:708][ 15]PIE: Play in editor total start time 0.259 seconds.
[2025.07.21-01.45.54:692][ 90]LogBlueprintUserMessages: [enemy_bullet_C_4] El peoncito perdio 10 de vida!!!!
[2025.07.21-01.45.55:096][104]LogBlueprintUserMessages: [Balaza_C_1] Le reste 20 al peoncito
[2025.07.21-01.45.56:715][158]LogBlueprintUserMessages: [Balaza2_C_1] Le reste 30 al peoncito
[2025.07.21-01.45.56:964][166]LogBlueprintUserMessages: [enemy_bullet_C_1] El peoncito perdio 10 de vida!!!!
[2025.07.21-01.45.58:764][227]LogBlueprintUserMessages: [enemy_bullet_C_9] El peoncito perdio 10 de vida!!!!
[2025.07.21-01.45.59:658][256]LogBlueprintUserMessages: [enemy_bullet_C_6] El peoncito perdio 10 de vida!!!!
[2025.07.21-01.46.00:666][289]LogBlueprintUserMessages: [enemy_bullet_C_18] El peoncito perdio 10 de vida!!!!
[2025.07.21-01.46.00:670][289]LogBlueprintUserMessages: [peoncito_2] El peoncito murio
[2025.07.21-01.46.00:670][289]LogBlueprintUserMessages: [ReglasJuego_C_0] Noo, perdiste!
[2025.07.21-01.46.00:685][289]LogScript: Warning: Accessed None trying to read property K2Node_DynamicCast_AsPeoncito
	BarraVIda_C /Engine/Transient.UnrealEdEngine_0:GameInstance_3.BarraVIda_C_0
	Function /Game/ThirdPersonBP/Blueprints/blueprints/BarraVIda.BarraVIda_C:GetText_0:0099
[2025.07.21-01.46.00:686][289]PIE: Error: Blueprint Runtime Error: "Accessed None trying to read property K2Node_DynamicCast_AsPeoncito". Blueprint:  BarraVIda Function:  Get Text 0 Graph:  GetText_0 Node:  Return Node
[2025.07.21-01.46.00:708][290]LogNet: Browse: /Game/ThirdPersonBP/Maps/Perdiste_Level
[2025.07.21-01.46.00:708][290]LogLoad: LoadMap: /Game/ThirdPersonBP/Maps/Perdiste_Level
[2025.07.21-01.46.00:708][290]LogWorld: BeginTearingDown for /Game/ThirdPersonBP/Maps/UEDPIE_0_ThirdPersonExampleMap
[2025.07.21-01.46.00:709][290]LogWorld: UWorld::CleanupWorld for ThirdPersonExampleMap, bSessionEnded=true, bCleanupResources=true
[2025.07.21-01.46.00:712][290]LogSlate: InvalidateAllWidgets triggered.  All widgets were invalidated
[2025.07.21-01.46.00:779][290]LogAudio: Display: Audio Device unregistered from world 'None'.
[2025.07.21-01.46.00:786][290]LogUObjectHash: Compacting FUObjectHashTables data took   4.67ms
[2025.07.21-01.46.00:828][290]LogAudio: Display: Audio Device (ID: 5) registered with world 'Perdiste_Level'.
[2025.07.21-01.46.00:830][290]LogAIModule: Creating AISystem for world Perdiste_Level
[2025.07.21-01.46.00:830][290]LogLoad: Game class is 'ReglasJuego_C'
[2025.07.21-01.46.00:904][290]LogWorld: Bringing World /Game/ThirdPersonBP/Maps/UEDPIE_0_Perdiste_Level.Perdiste_Level up for play (max tick rate 60) at 2025.07.20-22.46.00
[2025.07.21-01.46.00:904][290]LogWorld: Bringing up level for play took: 0.071528
[2025.07.21-01.46.00:905][290]LogGameMode: FindPlayerStart: PATHS NOT DEFINED or NO PLAYERSTART with positive rating
[2025.07.21-01.46.00:907][290]LogBlueprintUserMessages: [plataforma_2] Buenas buenas!
[2025.07.21-01.46.00:908][290]LogLoad: Took 0.199239 seconds to LoadMap(/Game/ThirdPersonBP/Maps/Perdiste_Level)
[2025.07.21-01.46.00:969][290]PIE: Error: Blueprint Runtime Error: "Accessed None trying to read property K2Node_DynamicCast_AsPeoncito". Blueprint:  BarraVIda Function:  Get Text 0 Graph:  GetText_0 Node:  Return Node
[2025.07.21-01.46.01:005][291]PIE: Error: Blueprint Runtime Error: "Accessed None trying to read property K2Node_DynamicCast_AsPeoncito". Blueprint:  BarraVIda Function:  Get Text 0 Graph:  GetText_0 Node:  Return Node
[2025.07.21-01.46.01:026][292]PIE: Error: Blueprint Runtime Error: "Accessed None trying to read property K2Node_DynamicCast_AsPeoncito". Blueprint:  BarraVIda Function:  Get Text 0 Graph:  GetText_0 Node:  Return Node
[2025.07.21-01.46.01:052][293]PIE: Error: Blueprint Runtime Error: "Accessed None trying to read property K2Node_DynamicCast_AsPeoncito". Blueprint:  BarraVIda Function:  Get Text 0 Graph:  GetText_0 Node:  Return Node
[2025.07.21-01.46.01:081][294]PIE: Error: Blueprint Runtime Error: "Accessed None trying to read property K2Node_DynamicCast_AsPeoncito". Blueprint:  BarraVIda Function:  Get Text 0 Graph:  GetText_0 Node:  Return Node
[2025.07.21-01.46.01:111][295]PIE: Error: Blueprint Runtime Error: "Accessed None trying to read property K2Node_DynamicCast_AsPeoncito". Blueprint:  BarraVIda Function:  Get Text 0 Graph:  GetText_0 Node:  Return Node
[2025.07.21-01.46.01:139][296]PIE: Error: Blueprint Runtime Error: "Accessed None trying to read property K2Node_DynamicCast_AsPeoncito". Blueprint:  BarraVIda Function:  Get Text 0 Graph:  GetText_0 Node:  Return Node
[2025.07.21-01.46.01:164][297]PIE: Error: Blueprint Runtime Error: "Accessed None trying to read property K2Node_DynamicCast_AsPeoncito". Blueprint:  BarraVIda Function:  Get Text 0 Graph:  GetText_0 Node:  Return Node
[2025.07.21-01.46.01:184][298]PIE: Error: Blueprint Runtime Error: "Accessed None trying to read property K2Node_DynamicCast_AsPeoncito". Blueprint:  BarraVIda Function:  Get Text 0 Graph:  GetText_0 Node:  Return Node
[2025.07.21-01.46.01:208][299]PIE: Error: Blueprint Runtime Error: "Accessed None trying to read property K2Node_DynamicCast_AsPeoncito". Blueprint:  BarraVIda Function:  Get Text 0 Graph:  GetText_0 Node:  Return Node
[2025.07.21-01.46.01:228][300]PIE: Error: Blueprint Runtime Error: "Accessed None trying to read property K2Node_DynamicCast_AsPeoncito". Blueprint:  BarraVIda Function:  Get Text 0 Graph:  GetText_0 Node:  Return Node
[2025.07.21-01.46.01:251][301]PIE: Error: Blueprint Runtime Error: "Accessed None trying to read property K2Node_DynamicCast_AsPeoncito". Blueprint:  BarraVIda Function:  Get Text 0 Graph:  GetText_0 Node:  Return Node
[2025.07.21-01.46.01:276][302]PIE: Error: Blueprint Runtime Error: "Accessed None trying to read property K2Node_DynamicCast_AsPeoncito". Blueprint:  BarraVIda Function:  Get Text 0 Graph:  GetText_0 Node:  Return Node
[2025.07.21-01.46.01:304][303]PIE: Error: Blueprint Runtime Error: "Accessed None trying to read property K2Node_DynamicCast_AsPeoncito". Blueprint:  BarraVIda Function:  Get Text 0 Graph:  GetText_0 Node:  Return Node
[2025.07.21-01.46.01:339][304]PIE: Error: Blueprint Runtime Error: "Accessed None trying to read property K2Node_DynamicCast_AsPeoncito". Blueprint:  BarraVIda Function:  Get Text 0 Graph:  GetText_0 Node:  Return Node
[2025.07.21-01.46.01:372][305]PIE: Error: Blueprint Runtime Error: "Accessed None trying to read property K2Node_DynamicCast_AsPeoncito". Blueprint:  BarraVIda Function:  Get Text 0 Graph:  GetText_0 Node:  Return Node
[2025.07.21-01.46.01:404][306]PIE: Error: Blueprint Runtime Error: "Accessed None trying to read property K2Node_DynamicCast_AsPeoncito". Blueprint:  BarraVIda Function:  Get Text 0 Graph:  GetText_0 Node:  Return Node
[2025.07.21-01.46.01:431][307]PIE: Error: Blueprint Runtime Error: "Accessed None trying to read property K2Node_DynamicCast_AsPeoncito". Blueprint:  BarraVIda Function:  Get Text 0 Graph:  GetText_0 Node:  Return Node
[2025.07.21-01.46.01:459][308]PIE: Error: Blueprint Runtime Error: "Accessed None trying to read property K2Node_DynamicCast_AsPeoncito". Blueprint:  BarraVIda Function:  Get Text 0 Graph:  GetText_0 Node:  Return Node
[2025.07.21-01.46.01:482][309]PIE: Error: Blueprint Runtime Error: "Accessed None trying to read property K2Node_DynamicCast_AsPeoncito". Blueprint:  BarraVIda Function:  Get Text 0 Graph:  GetText_0 Node:  Return Node
[2025.07.21-01.46.01:574][310]LogSlate: Updating window title bar state: overlay mode, drag disabled, window buttons hidden, title bar hidden
[2025.07.21-01.46.01:574][310]LogWorld: BeginTearingDown for /Game/ThirdPersonBP/Maps/UEDPIE_0_Perdiste_Level
[2025.07.21-01.46.01:574][310]LogWorld: UWorld::CleanupWorld for Perdiste_Level, bSessionEnded=true, bCleanupResources=true
[2025.07.21-01.46.01:576][310]LogSlate: InvalidateAllWidgets triggered.  All widgets were invalidated
[2025.07.21-01.46.01:587][310]LogPlayLevel: Display: Shutting down PIE online subsystems
[2025.07.21-01.46.01:655][310]LogSlate: InvalidateAllWidgets triggered.  All widgets were invalidated
[2025.07.21-01.46.01:694][310]LogSlate: Updating window title bar state: overlay mode, drag disabled, window buttons hidden, title bar hidden
[2025.07.21-01.46.01:695][310]LogAudioMixer: FMixerPlatformXAudio2::StopAudioStream() called
[2025.07.21-01.46.01:698][310]LogAudioMixer: FMixerPlatformXAudio2::StopAudioStream() called
[2025.07.21-01.46.01:708][310]LogUObjectHash: Compacting FUObjectHashTables data took   4.47ms
[2025.07.21-01.46.01:961][311]LogPlayLevel: Display: Destroying online subsystem :Context_33
[2025.07.21-01.46.03:204][339]LogTemp: Repeating last play command: Selected Viewport
[2025.07.21-01.46.03:264][339]LogPlayLevel: PlayLevel: No blueprints needed recompiling
[2025.07.21-01.46.03:264][339]PIE: New page: PIE session: ThirdPersonExampleMap (Jul 20, 2025, 7:46:03 PM)
[2025.07.21-01.46.03:265][339]LogPlayLevel: Creating play world package: /Game/ThirdPersonBP/Maps/UEDPIE_0_ThirdPersonExampleMap
[2025.07.21-01.46.03:310][339]LogPlayLevel: PIE: StaticDuplicateObject took: (0.045429s)
[2025.07.21-01.46.03:311][339]LogAIModule: Creating AISystem for world ThirdPersonExampleMap
[2025.07.21-01.46.03:313][339]LogPlayLevel: PIE: World Init took: (0.002352s)
[2025.07.21-01.46.03:313][339]LogPlayLevel: PIE: Created PIE world by copying editor world from /Game/ThirdPersonBP/Maps/ThirdPersonExampleMap.ThirdPersonExampleMap to /Game/ThirdPersonBP/Maps/UEDPIE_0_ThirdPersonExampleMap.ThirdPersonExampleMap (0.048100s)
[2025.07.21-01.46.03:366][339]LogUObjectHash: Compacting FUObjectHashTables data took   4.73ms
[2025.07.21-01.46.03:368][339]LogAudio: Display: Creating Audio Device:                 Id: 6, Scope: Unique, Realtime: True
[2025.07.21-01.46.03:369][339]LogAudioMixer: Display: Audio Mixer Platform Settings:
[2025.07.21-01.46.03:369][339]LogAudioMixer: Display: 	Sample Rate:						  48000
[2025.07.21-01.46.03:369][339]LogAudioMixer: Display: 	Callback Buffer Frame Size Requested: 1024
[2025.07.21-01.46.03:369][339]LogAudioMixer: Display: 	Callback Buffer Frame Size To Use:	  1024
[2025.07.21-01.46.03:369][339]LogAudioMixer: Display: 	Number of buffers to queue:			  2
[2025.07.21-01.46.03:369][339]LogAudioMixer: Display: 	Max Channels (voices):				  32
[2025.07.21-01.46.03:369][339]LogAudioMixer: Display: 	Number of Async Source Workers:		  0
[2025.07.21-01.46.03:369][339]LogAudio: Display: AudioDevice MaxSources: 32
[2025.07.21-01.46.03:370][339]LogAudio: Display: Audio Spatialization Plugin: None (built-in).
[2025.07.21-01.46.03:370][339]LogAudio: Display: Audio Reverb Plugin: None (built-in).
[2025.07.21-01.46.03:370][339]LogAudio: Display: Audio Occlusion Plugin: None (built-in).
[2025.07.21-01.46.03:370][339]LogAudioMixer: Display: Initializing audio mixer.
[2025.07.21-01.46.03:379][339]LogAudioMixer: Display: 0: FrontLeft
[2025.07.21-01.46.03:379][339]LogAudioMixer: Display: 1: FrontRight
[2025.07.21-01.46.03:404][339]LogAudioMixer: Display: Using Audio Device Headphones (SOUNDPEATS Opera05)
[2025.07.21-01.46.03:405][339]LogAudioMixer: Display: Initializing Sound Submixes...
[2025.07.21-01.46.03:405][339]LogAudioMixer: Display: Creating Master Submix 'MasterSubmixDefault'
[2025.07.21-01.46.03:405][339]LogAudioMixer: Display: Creating Master Submix 'MasterReverbSubmixDefault'
[2025.07.21-01.46.03:405][339]LogAudioMixer: Display: Creating Master Submix 'MasterEQSubmixDefault'
[2025.07.21-01.46.03:405][339]LogAudioMixer: FMixerPlatformXAudio2::StartAudioStream() called
[2025.07.21-01.46.03:405][339]LogAudioMixer: Display: Output buffers initialized: Frames=1024, Channels=2, Samples=2048
[2025.07.21-01.46.03:408][339]LogAudioMixer: Display: Starting AudioMixerPlatformInterface::RunInternal()
[2025.07.21-01.46.03:408][339]LogAudioMixer: Display: FMixerPlatformXAudio2::SubmitBuffer() called for the first time
[2025.07.21-01.46.03:408][339]LogInit: FAudioDevice initialized.
[2025.07.21-01.46.03:408][339]LogAudio: Display: Audio Device (ID: 6) registered with world 'ThirdPersonExampleMap'.
[2025.07.21-01.46.03:420][339]LogLoad: Game class is 'ReglasJuego_C'
[2025.07.21-01.46.03:430][339]LogWorld: Bringing World /Game/ThirdPersonBP/Maps/UEDPIE_0_ThirdPersonExampleMap.ThirdPersonExampleMap up for play (max tick rate 60) at 2025.07.20-22.46.03
[2025.07.21-01.46.03:431][339]LogWorld: Bringing up level for play took: 0.010279
[2025.07.21-01.46.03:431][339]LogOnline: OSS: Creating online subsystem instance for: :Context_34
[2025.07.21-01.46.03:436][339]LogBlueprintUserMessages: [plataforma_2] Buenas buenas!
[2025.07.21-01.46.03:439][339]PIE: Server logged in
[2025.07.21-01.46.03:440][339]PIE: Play in editor total start time 0.21 seconds.
[2025.07.21-01.46.05:039][391]LogSlate: Window 'Message Log' being destroyed
[2025.07.21-01.46.05:063][391]LogSlate: Window 'Message Log' being destroyed
[2025.07.21-01.46.10:589][567]LogSlate: Updating window title bar state: overlay mode, drag disabled, window buttons hidden, title bar hidden
[2025.07.21-01.46.10:589][567]LogWorld: BeginTearingDown for /Game/ThirdPersonBP/Maps/UEDPIE_0_ThirdPersonExampleMap
[2025.07.21-01.46.10:590][567]LogWorld: UWorld::CleanupWorld for ThirdPersonExampleMap, bSessionEnded=true, bCleanupResources=true
[2025.07.21-01.46.10:592][567]LogSlate: InvalidateAllWidgets triggered.  All widgets were invalidated
[2025.07.21-01.46.10:610][567]LogPlayLevel: Display: Shutting down PIE online subsystems
[2025.07.21-01.46.10:693][567]LogSlate: InvalidateAllWidgets triggered.  All widgets were invalidated
[2025.07.21-01.46.10:733][567]LogSlate: Updating window title bar state: overlay mode, drag disabled, window buttons hidden, title bar hidden
[2025.07.21-01.46.10:734][567]LogAudioMixer: FMixerPlatformXAudio2::StopAudioStream() called
[2025.07.21-01.46.10:736][567]LogAudioMixer: FMixerPlatformXAudio2::StopAudioStream() called
[2025.07.21-01.46.10:748][567]LogUObjectHash: Compacting FUObjectHashTables data took   4.13ms
[2025.07.21-01.46.10:836][568]LogPlayLevel: Display: Destroying online subsystem :Context_34
[2025.07.21-01.46.14:491][680]LogEditorViewport: Clicking on Actor (LMB): Cave_C (Cave)
[2025.07.21-01.46.49:866][772]LogSavePackage: Moving '../../../../../UTN-e-learning/Unreal-Engine/Unreal-Projects/TP_PreEntrega/Saved/Cave86421DA34A1FDB7FE11A9996E483806F.tmp' to '../../../../../UTN-e-learning/Unreal-Engine/Unreal-Projects/TP_PreEntrega/Content/ThirdPersonBP/Blueprints/blueprints/Cave.uasset'
[2025.07.21-01.46.49:909][772]AssetCheck: New page: Asset Save: Cave
[2025.07.21-01.46.49:909][772]LogContentValidation: Display: Validating Blueprint /Game/ThirdPersonBP/Blueprints/blueprints/Cave.Cave
[2025.07.21-01.46.50:807][799]LogTemp: Repeating last play command: Selected Viewport
[2025.07.21-01.46.50:861][799]BlueprintLog: New page: Pre-Play auto-recompile
[2025.07.21-01.46.50:861][799]LogPlayLevel: [PlayLevel] Compiling Cave before play...
[2025.07.21-01.46.50:997][799]LogUObjectHash: Compacting FUObjectHashTables data took   5.68ms
[2025.07.21-01.46.51:004][799]LogPlayLevel: PlayLevel: Blueprint regeneration took 142 ms (1 blueprints)
[2025.07.21-01.46.51:005][799]PIE: New page: PIE session: ThirdPersonExampleMap (Jul 20, 2025, 7:46:51 PM)
[2025.07.21-01.46.51:005][799]LogPlayLevel: Creating play world package: /Game/ThirdPersonBP/Maps/UEDPIE_0_ThirdPersonExampleMap
[2025.07.21-01.46.51:037][799]LogPlayLevel: PIE: StaticDuplicateObject took: (0.031830s)
[2025.07.21-01.46.51:038][799]LogAIModule: Creating AISystem for world ThirdPersonExampleMap
[2025.07.21-01.46.51:039][799]LogPlayLevel: PIE: World Init took: (0.001970s)
[2025.07.21-01.46.51:039][799]LogPlayLevel: PIE: Created PIE world by copying editor world from /Game/ThirdPersonBP/Maps/ThirdPersonExampleMap.ThirdPersonExampleMap to /Game/ThirdPersonBP/Maps/UEDPIE_0_ThirdPersonExampleMap.ThirdPersonExampleMap (0.034039s)
[2025.07.21-01.46.51:074][799]LogUObjectHash: Compacting FUObjectHashTables data took   4.09ms
[2025.07.21-01.46.51:075][799]LogAudio: Display: Creating Audio Device:                 Id: 7, Scope: Unique, Realtime: True
[2025.07.21-01.46.51:075][799]LogAudioMixer: Display: Audio Mixer Platform Settings:
[2025.07.21-01.46.51:075][799]LogAudioMixer: Display: 	Sample Rate:						  48000
[2025.07.21-01.46.51:075][799]LogAudioMixer: Display: 	Callback Buffer Frame Size Requested: 1024
[2025.07.21-01.46.51:075][799]LogAudioMixer: Display: 	Callback Buffer Frame Size To Use:	  1024
[2025.07.21-01.46.51:075][799]LogAudioMixer: Display: 	Number of buffers to queue:			  2
[2025.07.21-01.46.51:075][799]LogAudioMixer: Display: 	Max Channels (voices):				  32
[2025.07.21-01.46.51:075][799]LogAudioMixer: Display: 	Number of Async Source Workers:		  0
[2025.07.21-01.46.51:075][799]LogAudio: Display: AudioDevice MaxSources: 32
[2025.07.21-01.46.51:076][799]LogAudio: Display: Audio Spatialization Plugin: None (built-in).
[2025.07.21-01.46.51:076][799]LogAudio: Display: Audio Reverb Plugin: None (built-in).
[2025.07.21-01.46.51:076][799]LogAudio: Display: Audio Occlusion Plugin: None (built-in).
[2025.07.21-01.46.51:076][799]LogAudioMixer: Display: Initializing audio mixer.
[2025.07.21-01.46.51:084][799]LogAudioMixer: Display: 0: FrontLeft
[2025.07.21-01.46.51:084][799]LogAudioMixer: Display: 1: FrontRight
[2025.07.21-01.46.51:115][799]LogAudioMixer: Display: Using Audio Device Headphones (SOUNDPEATS Opera05)
[2025.07.21-01.46.51:115][799]LogAudioMixer: Display: Initializing Sound Submixes...
[2025.07.21-01.46.51:115][799]LogAudioMixer: Display: Creating Master Submix 'MasterSubmixDefault'
[2025.07.21-01.46.51:115][799]LogAudioMixer: Display: Creating Master Submix 'MasterReverbSubmixDefault'
[2025.07.21-01.46.51:116][799]LogAudioMixer: Display: Creating Master Submix 'MasterEQSubmixDefault'
[2025.07.21-01.46.51:116][799]LogAudioMixer: FMixerPlatformXAudio2::StartAudioStream() called
[2025.07.21-01.46.51:116][799]LogAudioMixer: Display: Output buffers initialized: Frames=1024, Channels=2, Samples=2048
[2025.07.21-01.46.51:119][799]LogAudioMixer: Display: Starting AudioMixerPlatformInterface::RunInternal()
[2025.07.21-01.46.51:119][799]LogAudioMixer: Display: FMixerPlatformXAudio2::SubmitBuffer() called for the first time
[2025.07.21-01.46.51:119][799]LogInit: FAudioDevice initialized.
[2025.07.21-01.46.51:119][799]LogAudio: Display: Audio Device (ID: 7) registered with world 'ThirdPersonExampleMap'.
[2025.07.21-01.46.51:137][799]LogLoad: Game class is 'ReglasJuego_C'
[2025.07.21-01.46.51:150][799]LogWorld: Bringing World /Game/ThirdPersonBP/Maps/UEDPIE_0_ThirdPersonExampleMap.ThirdPersonExampleMap up for play (max tick rate 60) at 2025.07.20-22.46.51
[2025.07.21-01.46.51:152][799]LogWorld: Bringing up level for play took: 0.012772
[2025.07.21-01.46.51:152][799]LogOnline: OSS: Creating online subsystem instance for: :Context_35
[2025.07.21-01.46.51:156][799]LogBlueprintUserMessages: [plataforma_2] Buenas buenas!
[2025.07.21-01.46.51:160][799]PIE: Server logged in
[2025.07.21-01.46.51:161][799]PIE: Play in editor total start time 0.328 seconds.
[2025.07.21-01.46.53:903][900]LogBlueprintUserMessages: [enemy_bullet_C_0] El peoncito perdio 10 de vida!!!!
[2025.07.21-01.47.00:157][137]LogBlueprintUserMessages: [Balaza_C_7] Le reste 20 al peoncito
[2025.07.21-01.47.00:230][140]LogBlueprintUserMessages: [enemy_bullet_C_18] El peoncito perdio 10 de vida!!!!
[2025.07.21-01.47.01:256][179]LogBlueprintUserMessages: [Balaza2_C_3] Le reste 30 al peoncito
[2025.07.21-01.47.01:491][188]LogBlueprintUserMessages: [EnemyCharacter_2] Golem aniquilado
[2025.07.21-01.47.03:338][262]LogBlueprintUserMessages: [enemy_misil_C_3] El peoncito perdio 10 de vida!!!!
[2025.07.21-01.47.03:896][283]LogBlueprintUserMessages: [Torreta_2] algo me ataveso!
[2025.07.21-01.47.04:983][321]LogBlueprintUserMessages: [Torreta_2] algo me ataveso!
[2025.07.21-01.47.05:982][359]LogBlueprintUserMessages: [Torreta_2] algo me ataveso!
[2025.07.21-01.47.09:902][510]LogBlueprintUserMessages: [ReglasJuego_C_0] El puntaje subio!
[2025.07.21-01.47.09:902][510]LogBlueprintUserMessages: [ReglasJuego_C_0] 2
[2025.07.21-01.47.11:656][571]LogSlate: Updating window title bar state: overlay mode, drag disabled, window buttons hidden, title bar hidden
[2025.07.21-01.47.11:656][571]LogWorld: BeginTearingDown for /Game/ThirdPersonBP/Maps/UEDPIE_0_ThirdPersonExampleMap
[2025.07.21-01.47.11:656][571]LogWorld: UWorld::CleanupWorld for ThirdPersonExampleMap, bSessionEnded=true, bCleanupResources=true
[2025.07.21-01.47.11:659][571]LogSlate: InvalidateAllWidgets triggered.  All widgets were invalidated
[2025.07.21-01.47.11:673][571]LogPlayLevel: Display: Shutting down PIE online subsystems
[2025.07.21-01.47.11:684][571]LogSlate: InvalidateAllWidgets triggered.  All widgets were invalidated
[2025.07.21-01.47.11:714][571]LogSlate: Updating window title bar state: overlay mode, drag disabled, window buttons hidden, title bar hidden
[2025.07.21-01.47.11:716][571]LogAudioMixer: FMixerPlatformXAudio2::StopAudioStream() called
[2025.07.21-01.47.11:717][571]LogAudioMixer: FMixerPlatformXAudio2::StopAudioStream() called
[2025.07.21-01.47.11:727][571]LogUObjectHash: Compacting FUObjectHashTables data took   3.48ms
[2025.07.21-01.47.11:845][572]LogPlayLevel: Display: Destroying online subsystem :Context_35
[2025.07.21-01.47.30:410][124]LogEditorTransaction: Undo Modify Component(s)
[2025.07.21-01.47.38:981][363]LogSavePackage: Moving '../../../../../UTN-e-learning/Unreal-Engine/Unreal-Projects/TP_PreEntrega/Saved/CaveBD1458424E7DF7E185C52392E6BD7C31.tmp' to '../../../../../UTN-e-learning/Unreal-Engine/Unreal-Projects/TP_PreEntrega/Content/ThirdPersonBP/Blueprints/blueprints/Cave.uasset'
[2025.07.21-01.47.39:036][363]AssetCheck: New page: Asset Save: Cave
[2025.07.21-01.47.39:036][363]LogContentValidation: Display: Validating Blueprint /Game/ThirdPersonBP/Blueprints/blueprints/Cave.Cave
[2025.07.21-01.47.48:495][638]LogEditorViewport: Clicking on Actor (LMB): StaticMeshActor (Floor)
[2025.07.21-01.47.52:666][754]LogUObjectHash: Compacting FUObjectHashTables data took   4.53ms
[2025.07.21-01.47.52:814][754]LogSavePackage: Moving '../../../../../UTN-e-learning/Unreal-Engine/Unreal-Projects/TP_PreEntrega/Saved/ThirdPersonExampleMapB75BD9E24CE2F8F00C8998AAD0DE5D15.tmp' to '../../../../../UTN-e-learning/Unreal-Engine/Unreal-Projects/TP_PreEntrega/Content/ThirdPersonBP/Maps/ThirdPersonExampleMap.umap'
[2025.07.21-01.47.53:083][754]LogSavePackage: Moving '../../../../../UTN-e-learning/Unreal-Engine/Unreal-Projects/TP_PreEntrega/Saved/ThirdPersonExampleMap_BuiltDataE1660F954ADFD1BA13DFF99B4C8836F2.tmp' to '../../../../../UTN-e-learning/Unreal-Engine/Unreal-Projects/TP_PreEntrega/Content/ThirdPersonBP/Maps/ThirdPersonExampleMap_BuiltData.uasset'
[2025.07.21-01.47.53:105][754]AssetCheck: New page: Asset Save: multiple assets
[2025.07.21-01.47.53:106][754]LogContentValidation: Display: Validating MapBuildDataRegistry /Game/ThirdPersonBP/Maps/ThirdPersonExampleMap_BuiltData.ThirdPersonExampleMap_BuiltData
[2025.07.21-01.47.53:106][754]LogContentValidation: Display: Validating World /Game/ThirdPersonBP/Maps/ThirdPersonExampleMap.ThirdPersonExampleMap
[2025.07.21-01.47.57:116][868]LogTemp: Repeating last play command: Selected Viewport
[2025.07.21-01.47.57:191][868]BlueprintLog: New page: Pre-Play auto-recompile
[2025.07.21-01.47.57:192][868]LogPlayLevel: [PlayLevel] Compiling Cave before play...
[2025.07.21-01.47.57:328][868]LogUObjectHash: Compacting FUObjectHashTables data took   6.47ms
[2025.07.21-01.47.57:331][868]LogPlayLevel: PlayLevel: Blueprint regeneration took 139 ms (1 blueprints)
[2025.07.21-01.47.57:331][868]PIE: New page: PIE session: ThirdPersonExampleMap (Jul 20, 2025, 7:47:57 PM)
[2025.07.21-01.47.57:331][868]LogPlayLevel: Creating play world package: /Game/ThirdPersonBP/Maps/UEDPIE_0_ThirdPersonExampleMap
[2025.07.21-01.47.57:379][868]LogPlayLevel: PIE: StaticDuplicateObject took: (0.048458s)
[2025.07.21-01.47.57:382][868]LogAIModule: Creating AISystem for world ThirdPersonExampleMap
[2025.07.21-01.47.57:382][868]LogPlayLevel: PIE: World Init took: (0.002664s)
[2025.07.21-01.47.57:382][868]LogPlayLevel: PIE: Created PIE world by copying editor world from /Game/ThirdPersonBP/Maps/ThirdPersonExampleMap.ThirdPersonExampleMap to /Game/ThirdPersonBP/Maps/UEDPIE_0_ThirdPersonExampleMap.ThirdPersonExampleMap (0.051471s)
[2025.07.21-01.47.57:439][868]LogUObjectHash: Compacting FUObjectHashTables data took   5.44ms
[2025.07.21-01.47.57:439][868]LogAudio: Display: Creating Audio Device:                 Id: 8, Scope: Unique, Realtime: True
[2025.07.21-01.47.57:440][868]LogAudioMixer: Display: Audio Mixer Platform Settings:
[2025.07.21-01.47.57:440][868]LogAudioMixer: Display: 	Sample Rate:						  48000
[2025.07.21-01.47.57:440][868]LogAudioMixer: Display: 	Callback Buffer Frame Size Requested: 1024
[2025.07.21-01.47.57:440][868]LogAudioMixer: Display: 	Callback Buffer Frame Size To Use:	  1024
[2025.07.21-01.47.57:440][868]LogAudioMixer: Display: 	Number of buffers to queue:			  2
[2025.07.21-01.47.57:440][868]LogAudioMixer: Display: 	Max Channels (voices):				  32
[2025.07.21-01.47.57:440][868]LogAudioMixer: Display: 	Number of Async Source Workers:		  0
[2025.07.21-01.47.57:440][868]LogAudio: Display: AudioDevice MaxSources: 32
[2025.07.21-01.47.57:441][868]LogAudio: Display: Audio Spatialization Plugin: None (built-in).
[2025.07.21-01.47.57:441][868]LogAudio: Display: Audio Reverb Plugin: None (built-in).
[2025.07.21-01.47.57:441][868]LogAudio: Display: Audio Occlusion Plugin: None (built-in).
[2025.07.21-01.47.57:441][868]LogAudioMixer: Display: Initializing audio mixer.
[2025.07.21-01.47.57:452][868]LogAudioMixer: Display: 0: FrontLeft
[2025.07.21-01.47.57:452][868]LogAudioMixer: Display: 1: FrontRight
[2025.07.21-01.47.57:491][868]LogAudioMixer: Display: Using Audio Device Headphones (SOUNDPEATS Opera05)
[2025.07.21-01.47.57:491][868]LogAudioMixer: Display: Initializing Sound Submixes...
[2025.07.21-01.47.57:491][868]LogAudioMixer: Display: Creating Master Submix 'MasterSubmixDefault'
[2025.07.21-01.47.57:491][868]LogAudioMixer: Display: Creating Master Submix 'MasterReverbSubmixDefault'
[2025.07.21-01.47.57:492][868]LogAudioMixer: Display: Creating Master Submix 'MasterEQSubmixDefault'
[2025.07.21-01.47.57:492][868]LogAudioMixer: FMixerPlatformXAudio2::StartAudioStream() called
[2025.07.21-01.47.57:492][868]LogAudioMixer: Display: Output buffers initialized: Frames=1024, Channels=2, Samples=2048
[2025.07.21-01.47.57:494][868]LogAudioMixer: Display: Starting AudioMixerPlatformInterface::RunInternal()
[2025.07.21-01.47.57:494][868]LogAudioMixer: Display: FMixerPlatformXAudio2::SubmitBuffer() called for the first time
[2025.07.21-01.47.57:494][868]LogInit: FAudioDevice initialized.
[2025.07.21-01.47.57:494][868]LogAudio: Display: Audio Device (ID: 8) registered with world 'ThirdPersonExampleMap'.
[2025.07.21-01.47.57:508][868]LogLoad: Game class is 'ReglasJuego_C'
[2025.07.21-01.47.57:521][868]LogWorld: Bringing World /Game/ThirdPersonBP/Maps/UEDPIE_0_ThirdPersonExampleMap.ThirdPersonExampleMap up for play (max tick rate 60) at 2025.07.20-22.47.57
[2025.07.21-01.47.57:523][868]LogWorld: Bringing up level for play took: 0.012984
[2025.07.21-01.47.57:523][868]LogOnline: OSS: Creating online subsystem instance for: :Context_36
[2025.07.21-01.47.57:527][868]LogBlueprintUserMessages: [plataforma_2] Buenas buenas!
[2025.07.21-01.47.57:530][868]PIE: Server logged in
[2025.07.21-01.47.57:531][868]PIE: Play in editor total start time 0.382 seconds.
[2025.07.21-01.48.05:295][145]LogBlueprintUserMessages: [Balaza_C_4] Le reste 20 al peoncito
[2025.07.21-01.48.05:742][161]LogBlueprintUserMessages: [enemy_bullet_C_15] El peoncito perdio 10 de vida!!!!
[2025.07.21-01.48.07:084][208]LogCharacterMovement: peoncito_2 is stuck and failed to move! Velocity: X=549.77 Y=240.32 Z=0.00 Location: X=-595.17 Y=-348.78 Z=196.28 Normal: X=-0.11 Y=-0.61 Z=-0.79 PenetrationDepth:0.111 Actor:plataforma_2 Component:Cube BoneName:None (0 other events since notify)
[2025.07.21-01.48.12:071][407]LogBlueprintUserMessages: [enemy_misil_C_2] El peoncito perdio 10 de vida!!!!
[2025.07.21-01.48.14:016][492]LogBlueprintUserMessages: [enemy_bullet_C_35] El peoncito perdio 10 de vida!!!!
[2025.07.21-01.48.14:541][515]LogBlueprintUserMessages: [Balaza_C_15] Le reste 20 al peoncito
[2025.07.21-01.48.24:650][905]LogBlueprintUserMessages: [EnemyCharacter_2] Golem aniquilado
[2025.07.21-01.48.26:291][975]LogBlueprintUserMessages: [ReglasJuego_C_0] El puntaje subio!
[2025.07.21-01.48.26:291][975]LogBlueprintUserMessages: [ReglasJuego_C_0] 2
[2025.07.21-01.48.27:586][ 26]LogBlueprintUserMessages: [enemy_bullet_C_60] El peoncito perdio 10 de vida!!!!
[2025.07.21-01.48.27:620][ 27]LogBlueprintUserMessages: [Curador_2] Le di vida al peoncito! ahora tiene:
[2025.07.21-01.48.27:620][ 27]LogBlueprintUserMessages: [Curador_2] 10.0
[2025.07.21-01.48.27:620][ 27]LogBlueprintUserMessages: [Curador_2] El curador ya curo las siguientes veces:
[2025.07.21-01.48.27:620][ 27]LogBlueprintUserMessages: [Curador_2] 1.0
[2025.07.21-01.48.30:037][129]LogSlate: Updating window title bar state: overlay mode, drag disabled, window buttons hidden, title bar hidden
[2025.07.21-01.48.30:037][129]LogWorld: BeginTearingDown for /Game/ThirdPersonBP/Maps/UEDPIE_0_ThirdPersonExampleMap
[2025.07.21-01.48.30:039][129]LogWorld: UWorld::CleanupWorld for ThirdPersonExampleMap, bSessionEnded=true, bCleanupResources=true
[2025.07.21-01.48.30:040][129]LogSlate: InvalidateAllWidgets triggered.  All widgets were invalidated
[2025.07.21-01.48.30:053][129]LogPlayLevel: Display: Shutting down PIE online subsystems
[2025.07.21-01.48.30:077][129]LogSlate: InvalidateAllWidgets triggered.  All widgets were invalidated
[2025.07.21-01.48.30:111][129]LogSlate: Updating window title bar state: overlay mode, drag disabled, window buttons hidden, title bar hidden
[2025.07.21-01.48.30:113][129]LogAudioMixer: FMixerPlatformXAudio2::StopAudioStream() called
[2025.07.21-01.48.30:115][129]LogAudioMixer: FMixerPlatformXAudio2::StopAudioStream() called
[2025.07.21-01.48.30:128][129]LogUObjectHash: Compacting FUObjectHashTables data took   4.34ms
[2025.07.21-01.48.30:269][130]LogPlayLevel: Display: Destroying online subsystem :Context_36
[2025.07.21-01.48.39:890][485]LogUObjectHash: Compacting FUObjectHashTables data took   3.84ms
[2025.07.21-01.48.40:035][485]LogSavePackage: Moving '../../../../../UTN-e-learning/Unreal-Engine/Unreal-Projects/TP_PreEntrega/Saved/ThirdPersonExampleMapAC5CC3514DE73E92A94FC3BECE454283.tmp' to '../../../../../UTN-e-learning/Unreal-Engine/Unreal-Projects/TP_PreEntrega/Content/ThirdPersonBP/Maps/ThirdPersonExampleMap.umap'
[2025.07.21-01.48.40:239][485]LogSavePackage: Moving '../../../../../UTN-e-learning/Unreal-Engine/Unreal-Projects/TP_PreEntrega/Saved/ThirdPersonExampleMap_BuiltData663C619C4BA01E0019399D809C0A72A5.tmp' to '../../../../../UTN-e-learning/Unreal-Engine/Unreal-Projects/TP_PreEntrega/Content/ThirdPersonBP/Maps/ThirdPersonExampleMap_BuiltData.uasset'
[2025.07.21-01.48.40:260][485]AssetCheck: New page: Asset Save: multiple assets
[2025.07.21-01.48.40:260][485]LogContentValidation: Display: Validating MapBuildDataRegistry /Game/ThirdPersonBP/Maps/ThirdPersonExampleMap_BuiltData.ThirdPersonExampleMap_BuiltData
[2025.07.21-01.48.40:260][485]LogContentValidation: Display: Validating World /Game/ThirdPersonBP/Maps/ThirdPersonExampleMap.ThirdPersonExampleMap
[2025.07.21-01.48.45:408][644]LogSlate: Window 'Cave' being destroyed
[2025.07.21-01.48.45:451][644]LogWorld: UWorld::CleanupWorld for World_27, bSessionEnded=true, bCleanupResources=true
[2025.07.21-01.48.45:451][644]LogSlate: InvalidateAllWidgets triggered.  All widgets were invalidated
[2025.07.21-01.48.50:304][886]LogUObjectHash: Compacting FUObjectHashTables data took   5.46ms
[2025.07.21-01.48.52:283][886]LogSlate: Window 'Save Content' being destroyed
[2025.07.21-01.48.52:381][886]LogSavePackage: Moving '../../../../../UTN-e-learning/Unreal-Engine/Unreal-Projects/TP_PreEntrega/Saved/cave29C6C1E3B42B4F6D34F0DCDA7EFC045CC.tmp' to '../../../../../UTN-e-learning/Unreal-Engine/Unreal-Projects/TP_PreEntrega/Content/ThirdPersonBP/Blueprints/blueprints/Textures/cave2.uasset'
[2025.07.21-01.48.52:468][886]LogSlate: Window 'TP_PreEntrega - Unreal Editor' being destroyed
[2025.07.21-01.48.52:469][886]LogWindowsTextInputMethodSystem: Display: IME system deactivated.
[2025.07.21-01.48.52:821][886]AssetCheck: New page: Asset Save: cave2
[2025.07.21-01.48.52:821][886]LogContentValidation: Display: Validating Texture2D /Game/ThirdPersonBP/Blueprints/blueprints/Textures/cave2.cave2
[2025.07.21-01.48.52:837][887]Cmd: QUIT_EDITOR
[2025.07.21-01.48.52:837][887]LogCore: Engine exit requested (reason: UUnrealEdEngine::CloseEditor())
[2025.07.21-01.48.52:893][887]LogCore: Engine exit requested (reason: EngineExit() was called; note: exit was already requested)
[2025.07.21-01.48.53:586][887]LogAudio: Display: Beginning Audio Device Manager Shutdown (Module: AudioMixerXAudio2)...
[2025.07.21-01.48.53:586][887]LogAudio: Display: Destroying 1 Remaining Audio Device(s)...
[2025.07.21-01.48.53:586][887]LogAudio: Display: Audio Device unregistered from world 'ThirdPersonExampleMap'.
[2025.07.21-01.48.53:586][887]LogAudioMixer: FMixerPlatformXAudio2::StopAudioStream() called
[2025.07.21-01.48.53:589][887]LogAudioMixer: FMixerPlatformXAudio2::StopAudioStream() called
[2025.07.21-01.48.53:624][887]LogAudio: Display: Audio Device Manager Shutdown
[2025.07.21-01.48.53:636][887]LogExit: Preparing to exit.
[2025.07.21-01.48.54:279][887]LogUObjectHash: Compacting FUObjectHashTables data took   9.28ms
[2025.07.21-01.48.54:472][887]LogWorld: UWorld::CleanupWorld for World_4, bSessionEnded=true, bCleanupResources=true
[2025.07.21-01.48.54:472][887]LogWorld: UWorld::CleanupWorld for World_5, bSessionEnded=true, bCleanupResources=true
[2025.07.21-01.48.54:473][887]LogWorld: UWorld::CleanupWorld for World_6, bSessionEnded=true, bCleanupResources=true
[2025.07.21-01.48.54:473][887]LogWorld: UWorld::CleanupWorld for World_7, bSessionEnded=true, bCleanupResources=true
[2025.07.21-01.48.54:473][887]LogWorld: UWorld::CleanupWorld for World_8, bSessionEnded=true, bCleanupResources=true
[2025.07.21-01.48.54:473][887]LogWorld: UWorld::CleanupWorld for World_9, bSessionEnded=true, bCleanupResources=true
[2025.07.21-01.48.54:473][887]LogWorld: UWorld::CleanupWorld for World_10, bSessionEnded=true, bCleanupResources=true
[2025.07.21-01.48.54:474][887]LogWorld: UWorld::CleanupWorld for World_12, bSessionEnded=true, bCleanupResources=true
[2025.07.21-01.48.54:474][887]LogWorld: UWorld::CleanupWorld for World_13, bSessionEnded=true, bCleanupResources=true
[2025.07.21-01.48.54:474][887]LogWorld: UWorld::CleanupWorld for World_14, bSessionEnded=true, bCleanupResources=true
[2025.07.21-01.48.54:475][887]LogWorld: UWorld::CleanupWorld for World_15, bSessionEnded=true, bCleanupResources=true
[2025.07.21-01.48.54:475][887]LogWorld: UWorld::CleanupWorld for World_16, bSessionEnded=true, bCleanupResources=true
[2025.07.21-01.48.54:475][887]LogWorld: UWorld::CleanupWorld for World_17, bSessionEnded=true, bCleanupResources=true
[2025.07.21-01.48.54:476][887]LogWorld: UWorld::CleanupWorld for World_18, bSessionEnded=true, bCleanupResources=true
[2025.07.21-01.48.54:476][887]LogWorld: UWorld::CleanupWorld for World_19, bSessionEnded=true, bCleanupResources=true
[2025.07.21-01.48.54:476][887]LogWorld: UWorld::CleanupWorld for World_20, bSessionEnded=true, bCleanupResources=true
[2025.07.21-01.48.54:476][887]LogWorld: UWorld::CleanupWorld for World_21, bSessionEnded=true, bCleanupResources=true
[2025.07.21-01.48.54:476][887]LogWorld: UWorld::CleanupWorld for World_22, bSessionEnded=true, bCleanupResources=true
[2025.07.21-01.48.54:477][887]LogWorld: UWorld::CleanupWorld for World_23, bSessionEnded=true, bCleanupResources=true
[2025.07.21-01.48.54:477][887]LogActorComponent: UnregisterComponent: (None.None) Not registered. Aborting.
[2025.07.21-01.48.54:477][887]LogActorComponent: UnregisterComponent: (None.None) Not registered. Aborting.
[2025.07.21-01.48.54:477][887]LogActorComponent: UnregisterComponent: (None.None) Not registered. Aborting.
[2025.07.21-01.48.54:477][887]LogActorComponent: UnregisterComponent: (None.None) Not registered. Aborting.
[2025.07.21-01.48.54:477][887]LogActorComponent: UnregisterComponent: (None.None) Not registered. Aborting.
[2025.07.21-01.48.54:477][887]LogActorComponent: UnregisterComponent: (None.None) Not registered. Aborting.
[2025.07.21-01.48.54:477][887]LogActorComponent: UnregisterComponent: (None.None) Not registered. Aborting.
[2025.07.21-01.48.54:477][887]LogWorld: UWorld::CleanupWorld for None, bSessionEnded=true, bCleanupResources=true
[2025.07.21-01.48.54:477][887]LogWorld: UWorld::CleanupWorld for World_11, bSessionEnded=true, bCleanupResources=true
[2025.07.21-01.48.54:477][887]LogWorld: UWorld::CleanupWorld for World_3, bSessionEnded=true, bCleanupResources=true
[2025.07.21-01.48.54:478][887]LogActorComponent: UnregisterComponent: (None.None) Not registered. Aborting.
[2025.07.21-01.48.54:478][887]LogActorComponent: UnregisterComponent: (None.None) Not registered. Aborting.
[2025.07.21-01.48.54:478][887]LogActorComponent: UnregisterComponent: (None.None) Not registered. Aborting.
[2025.07.21-01.48.54:478][887]LogActorComponent: UnregisterComponent: (None.None) Not registered. Aborting.
[2025.07.21-01.48.54:478][887]LogActorComponent: UnregisterComponent: (None.None) Not registered. Aborting.
[2025.07.21-01.48.54:478][887]LogActorComponent: UnregisterComponent: (None.None) Not registered. Aborting.
[2025.07.21-01.48.54:478][887]LogActorComponent: UnregisterComponent: (None.None) Not registered. Aborting.
[2025.07.21-01.48.54:478][887]LogWorld: UWorld::CleanupWorld for None, bSessionEnded=true, bCleanupResources=true
[2025.07.21-01.48.54:478][887]LogWorld: UWorld::CleanupWorld for World_0, bSessionEnded=true, bCleanupResources=true
[2025.07.21-01.48.54:478][887]LogWorld: UWorld::CleanupWorld for World_2, bSessionEnded=true, bCleanupResources=true
[2025.07.21-01.48.54:479][887]LogWorld: UWorld::CleanupWorld for World_1, bSessionEnded=true, bCleanupResources=true
[2025.07.21-01.48.54:536][887]LogDemo: Cleaned up 0 splitscreen connections with owner deletion
[2025.07.21-01.48.54:573][887]LogStylusInput: Shutting down StylusInput subsystem.
[2025.07.21-01.48.54:573][887]LogWorld: UWorld::CleanupWorld for None, bSessionEnded=true, bCleanupResources=true
[2025.07.21-01.48.54:574][887]LogExit: Editor shut down
[2025.07.21-01.48.54:575][887]LogExit: Transaction tracking system shut down
[2025.07.21-01.48.55:745][887]LogExit: Object subsystem successfully closed.
[2025.07.21-01.48.55:775][887]LogShaderCompilers: Display: === FShaderJobCache stats ===
[2025.07.21-01.48.55:775][887]LogShaderCompilers: Display: Total job queries 174, among them cache hits 64 (36.78%)
[2025.07.21-01.48.55:775][887]LogShaderCompilers: Display: Tracking 100 distinct input hashes that result in 71 distinct outputs (71.00%)
[2025.07.21-01.48.55:775][887]LogShaderCompilers: Display: RAM used: 0.44 MB (0.00 GB) of 1638.40 MB (1.60 GB) budget. Usage: 0.03%
[2025.07.21-01.48.55:775][887]LogShaderCompilers: Display: ================================================
[2025.07.21-01.48.55:786][887]LogShaderCompilers: Display: Shaders left to compile 0
[2025.07.21-01.48.55:816][887]LogModuleManager: Shutting down and abandoning module HierarchicalLODUtilities (900)
[2025.07.21-01.48.55:816][887]LogModuleManager: Shutting down and abandoning module BlueprintGraph (898)
[2025.07.21-01.48.55:816][887]LogModuleManager: Shutting down and abandoning module TextureEditor (896)
[2025.07.21-01.48.55:816][887]LogModuleManager: Shutting down and abandoning module MovieSceneCapture (894)
[2025.07.21-01.48.55:816][887]LogModuleManager: Shutting down and abandoning module Voice (892)
[2025.07.21-01.48.55:816][887]LogModuleManager: Shutting down and abandoning module HierarchicalLODOutliner (890)
[2025.07.21-01.48.55:816][887]LogModuleManager: Shutting down and abandoning module SceneOutliner (888)
[2025.07.21-01.48.55:816][887]LogModuleManager: Shutting down and abandoning module AddContentDialog (886)
[2025.07.21-01.48.55:816][887]LogModuleManager: Shutting down and abandoning module WidgetCarousel (885)
[2025.07.21-01.48.55:817][887]LogModuleManager: Shutting down and abandoning module EditorWidgets (882)
[2025.07.21-01.48.55:817][887]LogModuleManager: Shutting down and abandoning module StatsViewer (880)
[2025.07.21-01.48.55:817][887]LogModuleManager: Shutting down and abandoning module PIEPreviewDeviceProfileSelector (878)
[2025.07.21-01.48.55:817][887]LogModuleManager: Shutting down and abandoning module SequenceRecorderSections (876)
[2025.07.21-01.48.55:817][887]LogModuleManager: Shutting down and abandoning module AutomationWorker (874)
[2025.07.21-01.48.55:817][887]LogModuleManager: Shutting down and abandoning module SteamVREditor (872)
[2025.07.21-01.48.55:817][887]LogModuleManager: Shutting down and abandoning module OculusMR (870)
[2025.07.21-01.48.55:817][887]LogModuleManager: Shutting down and abandoning module TakeRecorderSources (868)
[2025.07.21-01.48.55:817][887]LogModuleManager: Shutting down and abandoning module TakeRecorder (867)
[2025.07.21-01.48.55:817][887]LogModuleManager: Shutting down and abandoning module TakeTrackRecorders (864)
[2025.07.21-01.48.55:817][887]LogModuleManager: Shutting down and abandoning module TakesCore (862)
[2025.07.21-01.48.55:817][887]LogModuleManager: Shutting down and abandoning module OpenXRInput (860)
[2025.07.21-01.48.55:817][887]LogModuleManager: Shutting down and abandoning module GooglePADEditor (858)
[2025.07.21-01.48.55:817][887]LogModuleManager: Shutting down and abandoning module AudioCaptureEditor (856)
[2025.07.21-01.48.55:817][887]LogModuleManager: Shutting down and abandoning module TemplateSequenceEditor (854)
[2025.07.21-01.48.55:817][887]LogModuleManager: Shutting down and abandoning module MatineeToLevelSequence (852)
[2025.07.21-01.48.55:817][887]LogModuleManager: Shutting down and abandoning module LevelSequenceEditor (850)
[2025.07.21-01.48.55:818][887]LogModuleManager: Shutting down and abandoning module ActorSequenceEditor (848)
[2025.07.21-01.48.55:818][887]LogModuleManager: Shutting down and abandoning module WebMMediaFactory (846)
[2025.07.21-01.48.55:818][887]LogModuleManager: Shutting down and abandoning module WebMMediaEditor (844)
[2025.07.21-01.48.55:818][887]LogModuleManager: Shutting down and abandoning module WebMMedia (842)
[2025.07.21-01.48.55:818][887]LogModuleManager: Shutting down and abandoning module WmfMediaFactory (840)
[2025.07.21-01.48.55:818][887]LogModuleManager: Shutting down and abandoning module WmfMediaEditor (838)
[2025.07.21-01.48.55:818][887]LogModuleManager: Shutting down and abandoning module MediaPlayerEditor (836)
[2025.07.21-01.48.55:818][887]LogModuleManager: Shutting down and abandoning module MediaCompositingEditor (834)
[2025.07.21-01.48.55:818][887]LogModuleManager: Shutting down and abandoning module SequenceRecorder (833)
[2025.07.21-01.48.55:818][887]LogModuleManager: Shutting down and abandoning module OpenExrWrapper (830)
[2025.07.21-01.48.55:818][887]LogModuleManager: Shutting down and abandoning module ImgMediaFactory (828)
[2025.07.21-01.48.55:818][887]LogModuleManager: Shutting down and abandoning module ImgMediaEditor (826)
[2025.07.21-01.48.55:818][887]LogModuleManager: Shutting down and abandoning module AvfMediaFactory (824)
[2025.07.21-01.48.55:818][887]LogModuleManager: Shutting down and abandoning module AvfMediaEditor (822)
[2025.07.21-01.48.55:818][887]LogModuleManager: Shutting down and abandoning module AndroidMediaFactory (820)
[2025.07.21-01.48.55:818][887]LogModuleManager: Shutting down and abandoning module AndroidMediaEditor (818)
[2025.07.21-01.48.55:818][887]LogModuleManager: Shutting down and abandoning module MagicLeapMediaCodecFactory (816)
[2025.07.21-01.48.55:818][887]LogModuleManager: Shutting down and abandoning module MagicLeapMediaFactory (814)
[2025.07.21-01.48.55:818][887]LogModuleManager: Shutting down and abandoning module MagicLeapMediaEditor (812)
[2025.07.21-01.48.55:818][887]LogModuleManager: Shutting down and abandoning module PlanarCut (810)
[2025.07.21-01.48.55:818][887]LogModuleManager: Shutting down and abandoning module CharacterAI (808)
[2025.07.21-01.48.55:818][887]LogModuleManager: Shutting down and abandoning module TextureAlignMode (806)
[2025.07.21-01.48.55:818][887]LogModuleManager: Shutting down and abandoning module BspMode (804)
[2025.07.21-01.48.55:819][887]LogModuleManager: Shutting down and abandoning module GeometryMode (802)
[2025.07.21-01.48.55:819][887]LogModuleManager: Shutting down and abandoning module CameraShakePreviewer (800)
[2025.07.21-01.48.55:819][887]LogModuleManager: Shutting down and abandoning module SmartSnapping (798)
[2025.07.21-01.48.55:819][887]LogModuleManager: Shutting down and abandoning module SessionServices (796)
[2025.07.21-01.48.55:819][887]LogModuleManager: Shutting down and abandoning module MeshPaint (794)
[2025.07.21-01.48.55:819][887]LogModuleManager: Shutting down and abandoning module VirtualTexturingEditor (792)
[2025.07.21-01.48.55:819][887]LogModuleManager: Shutting down and abandoning module FoliageEdit (790)
[2025.07.21-01.48.55:819][887]LogModuleManager: Shutting down and abandoning module LandscapeEditor (788)
[2025.07.21-01.48.55:819][887]LogModuleManager: Shutting down and abandoning module MeshPaintMode (786)
[2025.07.21-01.48.55:819][887]LogModuleManager: Shutting down and abandoning module SceneDepthPickerMode (784)
[2025.07.21-01.48.55:819][887]LogModuleManager: Shutting down and abandoning module ActorPickerMode (782)
[2025.07.21-01.48.55:819][887]LogModuleManager: Shutting down and abandoning module PlacementMode (780)
[2025.07.21-01.48.55:819][887]LogModuleManager: Shutting down and abandoning module ViewportSnapping (778)
[2025.07.21-01.48.55:819][887]LogModuleManager: Shutting down and abandoning module ViewportInteraction (776)
[2025.07.21-01.48.55:819][887]LogModuleManager: Shutting down and abandoning module ClothPainter (774)
[2025.07.21-01.48.55:819][887]LogModuleManager: Shutting down and abandoning module SkeletalMeshEditor (773)
[2025.07.21-01.48.55:819][887]LogModuleManager: Shutting down and abandoning module LogVisualizer (770)
[2025.07.21-01.48.55:820][887]LogModuleManager: Shutting down and abandoning module IntroTutorials (768)
[2025.07.21-01.48.55:820][887]LogModuleManager: Shutting down and abandoning module GameProjectGeneration (767)
[2025.07.21-01.48.55:820][887]LogModuleManager: Shutting down and abandoning module LuminPlatformEditor (764)
[2025.07.21-01.48.55:820][887]LogModuleManager: Shutting down and abandoning module IOSPlatformEditor (762)
[2025.07.21-01.48.55:820][887]LogModuleManager: Shutting down and abandoning module AndroidPlatformEditor (760)
[2025.07.21-01.48.55:820][887]LogModuleManager: Shutting down and abandoning module AndroidDeviceDetection (759)
[2025.07.21-01.48.56:034][887]LogModuleManager: Shutting down and abandoning module WindowsPlatformEditor (756)
[2025.07.21-01.48.56:034][887]LogModuleManager: Shutting down and abandoning module LuminRuntimeSettings (754)
[2025.07.21-01.48.56:034][887]LogModuleManager: Shutting down and abandoning module IOSRuntimeSettings (752)
[2025.07.21-01.48.56:034][887]LogModuleManager: Shutting down and abandoning module AndroidRuntimeSettings (750)
[2025.07.21-01.48.56:034][887]LogModuleManager: Shutting down and abandoning module TraceInsights (748)
[2025.07.21-01.48.56:034][887]MemoryProfiler: Shutdown
[2025.07.21-01.48.56:034][887]NetworkingProfiler: Shutdown
[2025.07.21-01.48.56:034][887]LoadingProfiler: Shutdown
[2025.07.21-01.48.56:034][887]TimingProfiler: Shutdown
[2025.07.21-01.48.56:034][887]LogModuleManager: Shutting down and abandoning module TraceServices (747)
[2025.07.21-01.48.56:034][887]LogModuleManager: Shutting down and abandoning module EditorInteractiveToolsFramework (744)
[2025.07.21-01.48.56:034][887]LogModuleManager: Shutting down and abandoning module TimeManagementEditor (742)
[2025.07.21-01.48.56:034][887]LogModuleManager: Shutting down and abandoning module InputBindingEditor (740)
[2025.07.21-01.48.56:034][887]LogModuleManager: Shutting down and abandoning module MergeActors (738)
[2025.07.21-01.48.56:034][887]LogModuleManager: Shutting down and abandoning module LocalizationDashboard (736)
[2025.07.21-01.48.56:034][887]LogModuleManager: Shutting down and abandoning module LocalizationService (735)
[2025.07.21-01.48.56:034][887]LogModuleManager: Shutting down and abandoning module HardwareTargeting (732)
[2025.07.21-01.48.56:034][887]LogModuleManager: Shutting down and abandoning module DeviceProfileEditor (730)
[2025.07.21-01.48.56:034][887]LogModuleManager: Shutting down and abandoning module UndoHistory (728)
[2025.07.21-01.48.56:034][887]LogModuleManager: Shutting down and abandoning module XmlParser (726)
[2025.07.21-01.48.56:034][887]LogModuleManager: Shutting down and abandoning module Blutility (724)
[2025.07.21-01.48.56:034][887]LogModuleManager: Shutting down and abandoning module ProjectSettingsViewer (722)
[2025.07.21-01.48.56:034][887]LogModuleManager: Shutting down and abandoning module ProjectTargetPlatformEditor (721)
[2025.07.21-01.48.56:034][887]LogModuleManager: Shutting down and abandoning module EditorSettingsViewer (718)
[2025.07.21-01.48.56:034][887]LogModuleManager: Shutting down and abandoning module InternationalizationSettings (717)
[2025.07.21-01.48.56:034][887]LogModuleManager: Shutting down and abandoning module SettingsEditor (714)
[2025.07.21-01.48.56:035][887]LogModuleManager: Shutting down and abandoning module ProjectLauncher (712)
[2025.07.21-01.48.56:035][887]LogModuleManager: Shutting down and abandoning module SessionFrontend (710)
[2025.07.21-01.48.56:035][887]LogModuleManager: Shutting down and abandoning module ProfilerClient (708)
[2025.07.21-01.48.56:035][887]LogModuleManager: Shutting down and abandoning module DeviceManager (706)
[2025.07.21-01.48.56:035][887]LogModuleManager: Shutting down and abandoning module TargetDeviceServices (705)
[2025.07.21-01.48.56:068][887]LogModuleManager: Shutting down and abandoning module AutomationController (702)
[2025.07.21-01.48.56:068][887]LogModuleManager: Shutting down and abandoning module AutomationWindow (700)
[2025.07.21-01.48.56:068][887]LogModuleManager: Shutting down and abandoning module Layers (698)
[2025.07.21-01.48.56:068][887]LogModuleManager: Shutting down and abandoning module ComponentVisualizers (696)
[2025.07.21-01.48.56:068][887]LogModuleManager: Shutting down and abandoning module DetailCustomizations (694)
[2025.07.21-01.48.56:068][887]LogModuleManager: Shutting down and abandoning module PackagesDialog (692)
[2025.07.21-01.48.56:068][887]LogModuleManager: Shutting down and abandoning module AnimationBlueprintEditor (690)
[2025.07.21-01.48.56:068][887]LogModuleManager: Shutting down and abandoning module Persona (688)
[2025.07.21-01.48.56:068][887]LogModuleManager: Shutting down and abandoning module AdvancedPreviewScene (687)
[2025.07.21-01.48.56:068][887]LogModuleManager: Shutting down and abandoning module AnimGraph (685)
[2025.07.21-01.48.56:068][887]LogModuleManager: Shutting down and abandoning module Kismet (682)
[2025.07.21-01.48.56:077][887]LogModuleManager: Shutting down and abandoning module KismetWidgets (681)
[2025.07.21-01.48.56:077][887]LogModuleManager: Shutting down and abandoning module GraphEditor (678)
[2025.07.21-01.48.56:077][887]LogModuleManager: Shutting down and abandoning module StructViewer (676)
[2025.07.21-01.48.56:077][887]LogModuleManager: Shutting down and abandoning module ClassViewer (674)
[2025.07.21-01.48.56:079][887]LogModuleManager: Shutting down and abandoning module Toolbox (672)
[2025.07.21-01.48.56:079][887]LogModuleManager: Shutting down and abandoning module ModuleUI (670)
[2025.07.21-01.48.56:079][887]LogModuleManager: Shutting down and abandoning module OutputLog (668)
[2025.07.21-01.48.56:080][887]LogModuleManager: Shutting down and abandoning module GammaUI (666)
[2025.07.21-01.48.56:080][887]LogModuleManager: Shutting down and abandoning module Documentation (664)
[2025.07.21-01.48.56:080][887]LogModuleManager: Shutting down and abandoning module LiveCoding (662)
[2025.07.21-01.48.56:080][887]LogModuleManager: Shutting down and abandoning module LevelSequence (660)
[2025.07.21-01.48.56:080][887]LogModuleManager: Shutting down and abandoning module MovieSceneTracks (658)
[2025.07.21-01.48.56:080][887]LogModuleManager: Shutting down and abandoning module MovieScene (656)
[2025.07.21-01.48.56:080][887]LogModuleManager: Shutting down and abandoning module StreamingPauseRendering (654)
[2025.07.21-01.48.56:080][887]LogModuleManager: Shutting down and abandoning module LauncherPlatform (652)
[2025.07.21-01.48.56:080][887]LogModuleManager: Shutting down and abandoning module AnalyticsET (650)
[2025.07.21-01.48.56:080][887]LogModuleManager: Shutting down and abandoning module PortalServices (648)
[2025.07.21-01.48.56:080][887]LogModuleManager: Shutting down and abandoning module PortalRpc (646)
[2025.07.21-01.48.56:080][887]LogModuleManager: Shutting down and abandoning module MessagingRpc (644)
[2025.07.21-01.48.56:080][887]LogModuleManager: Shutting down and abandoning module AudioMixerXAudio2 (642)
[2025.07.21-01.48.56:080][887]LogModuleManager: Shutting down and abandoning module AudioMixerCore (641)
[2025.07.21-01.48.56:080][887]LogModuleManager: Shutting down and abandoning module AIModule (638)
[2025.07.21-01.48.56:080][887]LogModuleManager: Shutting down and abandoning module GameplayDebugger (637)
[2025.07.21-01.48.56:081][887]LogModuleManager: Shutting down and abandoning module AITestSuite (635)
[2025.07.21-01.48.56:081][887]LogModuleManager: Shutting down and abandoning module NavigationSystem (633)
[2025.07.21-01.48.56:081][887]LogModuleManager: Shutting down and abandoning module ImageWriteQueue (630)
[2025.07.21-01.48.56:081][887]LogModuleManager: Shutting down and abandoning module ProfilerService (628)
[2025.07.21-01.48.56:258][887]LogModuleManager: Shutting down and abandoning module TaskGraph (626)
[2025.07.21-01.48.56:258][887]LogModuleManager: Shutting down and abandoning module AudioSynesthesiaEditor (624)
[2025.07.21-01.48.56:258][887]LogModuleManager: Shutting down and abandoning module OculusEditor (622)
[2025.07.21-01.48.56:259][887]LogModuleManager: Shutting down and abandoning module OculusInput (620)
[2025.07.21-01.48.56:259][887]LogModuleManager: Shutting down and abandoning module ContentBrowserFileDataSource (618)
[2025.07.21-01.48.56:259][887]LogModuleManager: Shutting down and abandoning module ContentBrowserClassDataSource (616)
[2025.07.21-01.48.56:259][887]LogModuleManager: Shutting down and abandoning module ContentBrowserAssetDataSource (614)
[2025.07.21-01.48.56:259][887]LogModuleManager: Shutting down and abandoning module CollectionManager (613)
[2025.07.21-01.48.56:260][887]LogModuleManager: Shutting down and abandoning module OodleNetworkHandlerComponent (610)
[2025.07.21-01.48.56:260][887]LogModuleManager: Shutting down and abandoning module SynthesisEditor (608)
[2025.07.21-01.48.56:261][887]LogModuleManager: Shutting down and abandoning module Synthesis (606)
[2025.07.21-01.48.56:261][887]LogModuleManager: Shutting down and abandoning module ProceduralMeshComponentEditor (604)
[2025.07.21-01.48.56:261][887]LogModuleManager: Shutting down and abandoning module ProceduralMeshComponent (602)
[2025.07.21-01.48.56:261][887]LogModuleManager: Shutting down and abandoning module TakeSequencer (600)
[2025.07.21-01.48.56:261][887]LogModuleManager: Shutting down and abandoning module TakeMovieScene (598)
[2025.07.21-01.48.56:261][887]LogModuleManager: Shutting down and abandoning module OpenXREditor (596)
[2025.07.21-01.48.56:261][887]LogModuleManager: Shutting down and abandoning module MobilePatchingUtils (594)
[2025.07.21-01.48.56:261][887]LogModuleManager: Shutting down and abandoning module ScreenshotTools (592)
[2025.07.21-01.48.56:261][887]LogModuleManager: Shutting down and abandoning module HairStrandsEditor (590)
[2025.07.21-01.48.56:261][887]LogModuleManager: Shutting down and abandoning module GooglePAD (588)
[2025.07.21-01.48.56:261][887]LogModuleManager: Shutting down and abandoning module EditableMesh (586)
[2025.07.21-01.48.56:261][887]LogModuleManager: Shutting down and abandoning module CustomMeshComponent (584)
[2025.07.21-01.48.56:261][887]LogModuleManager: Shutting down and abandoning module CableComponent (582)
[2025.07.21-01.48.56:263][887]LogModuleManager: Shutting down and abandoning module AudioCapture (580)
[2025.07.21-01.48.56:263][887]LogModuleManager: Shutting down and abandoning module AudioCaptureRtAudio (579)
[2025.07.21-01.48.56:263][887]LogModuleManager: Shutting down and abandoning module AssetTags (576)
[2025.07.21-01.48.56:263][887]LogModuleManager: Shutting down and abandoning module ArchVisCharacter (574)
[2025.07.21-01.48.56:263][887]LogModuleManager: Shutting down and abandoning module AppleImageUtilsBlueprintSupport (572)
[2025.07.21-01.48.56:263][887]LogModuleManager: Shutting down and abandoning module AppleImageUtils (570)
[2025.07.21-01.48.56:264][887]LogModuleManager: Shutting down and abandoning module AndroidPermission (568)
[2025.07.21-01.48.56:264][887]LogModuleManager: Shutting down and abandoning module ActorLayerUtilitiesEditor (566)
[2025.07.21-01.48.56:264][887]LogModuleManager: Shutting down and abandoning module ActorLayerUtilities (564)
[2025.07.21-01.48.56:264][887]LogModuleManager: Shutting down and abandoning module TemplateSequence (562)
[2025.07.21-01.48.56:265][887]LogModuleManager: Shutting down and abandoning module MediaCompositing (560)
[2025.07.21-01.48.56:265][887]LogModuleManager: Shutting down and abandoning module ImgMedia (558)
[2025.07.21-01.48.56:265][887]LogModuleManager: Shutting down and abandoning module MagicLeapSharedWorld (556)
[2025.07.21-01.48.56:265][887]LogModuleManager: Shutting down and abandoning module MagicLeapLightEstimation (554)
[2025.07.21-01.48.56:265][887]LogModuleManager: Shutting down and abandoning module MagicLeapHelperVulkan (552)
[2025.07.21-01.48.56:265][887]LogModuleManager: Shutting down and abandoning module MagicLeapHelperOpenGL (550)
[2025.07.21-01.48.56:265][887]LogModuleManager: Shutting down and abandoning module MagicLeapAudio (548)
[2025.07.21-01.48.56:265][887]LogModuleManager: Shutting down and abandoning module OpenImageDenoise (546)
[2025.07.21-01.48.56:266][887]LogOpenImageDenoise: OIDN shutting down
[2025.07.21-01.48.56:266][887]LogModuleManager: Shutting down and abandoning module MotoSynthEditor (544)
[2025.07.21-01.48.56:266][887]LogModuleManager: Shutting down and abandoning module MotoSynth (542)
[2025.07.21-01.48.56:266][887]LogModuleManager: Shutting down and abandoning module ModelingToolsEditorMode (540)
[2025.07.21-01.48.56:267][887]LogModuleManager: Shutting down and abandoning module MeshModelingToolsEditorOnly (538)
[2025.07.21-01.48.56:267][887]LogModuleManager: Shutting down and abandoning module MeshModelingTools (536)
[2025.07.21-01.48.56:267][887]LogModuleManager: Shutting down and abandoning module ModelingOperatorsEditorOnly (534)
[2025.07.21-01.48.56:267][887]LogModuleManager: Shutting down and abandoning module ModelingOperators (532)
[2025.07.21-01.48.56:267][887]LogModuleManager: Shutting down and abandoning module ModelingComponents (530)
[2025.07.21-01.48.56:267][887]LogModuleManager: Shutting down and abandoning module MeshConversion (528)
[2025.07.21-01.48.56:268][887]LogModuleManager: Shutting down and abandoning module DynamicMesh (526)
[2025.07.21-01.48.56:268][887]LogModuleManager: Shutting down and abandoning module GeometryAlgorithms (524)
[2025.07.21-01.48.56:268][887]LogModuleManager: Shutting down and abandoning module GeometricObjects (522)
[2025.07.21-01.48.56:268][887]LogModuleManager: Shutting down and abandoning module VariantManagerContentEditor (520)
[2025.07.21-01.48.56:268][887]LogModuleManager: Shutting down and abandoning module NiagaraEditorWidgets (518)
[2025.07.21-01.48.56:269][887]LogModuleManager: Shutting down and abandoning module GeometryCollectionTracks (516)
[2025.07.21-01.48.56:269][887]LogModuleManager: Shutting down and abandoning module GeometryCollectionSequencer (515)
[2025.07.21-01.48.56:269][887]LogModuleManager: Shutting down and abandoning module GeometryCollectionEditor (512)
[2025.07.21-01.48.56:269][887]LogModuleManager: Shutting down and abandoning module GeometryCacheTracks (510)
[2025.07.21-01.48.56:269][887]LogModuleManager: Shutting down and abandoning module GeometryCacheStreamer (508)
[2025.07.21-01.48.56:270][887]LogModuleManager: Shutting down and abandoning module GeometryCacheSequencer (506)
[2025.07.21-01.48.56:270][887]LogModuleManager: Shutting down and abandoning module ChaosSolverEditor (504)
[2025.07.21-01.48.56:270][887]LogModuleManager: Shutting down and abandoning module FractureEditor (502)
[2025.07.21-01.48.56:270][887]LogModuleManager: Shutting down and abandoning module ChaosNiagara (500)
[2025.07.21-01.48.56:270][887]LogModuleManager: Shutting down and abandoning module FieldSystemEngine (499)
[2025.07.21-01.48.56:270][887]LogModuleManager: Shutting down and abandoning module ChaosClothEditor (496)
[2025.07.21-01.48.56:270][887]LogModuleManager: Shutting down and abandoning module BackChannel (494)
[2025.07.21-01.48.56:270][887]LogModuleManager: Shutting down and abandoning module AutomationUtilsEditor (492)
[2025.07.21-01.48.56:271][887]LogModuleManager: Shutting down and abandoning module AutomationUtils (490)
[2025.07.21-01.48.56:271][887]LogModuleManager: Shutting down and abandoning module AlembicImporter (488)
[2025.07.21-01.48.56:271][887]LogModuleManager: Shutting down and abandoning module AlembicLibrary (487)
[2025.07.21-01.48.56:271][887]LogModuleManager: Shutting down and abandoning module GeometryCache (486)
[2025.07.21-01.48.56:271][887]LogModuleManager: Shutting down and abandoning module GeometryCacheEd (485)
[2025.07.21-01.48.56:271][887]LogModuleManager: Shutting down and abandoning module DatasmithContentEditor (480)
[2025.07.21-01.48.56:271][887]LogModuleManager: Shutting down and abandoning module StylusInput (478)
[2025.07.21-01.48.56:271][887]LogModuleManager: Shutting down and abandoning module SpeedTreeImporter (476)
[2025.07.21-01.48.56:271][887]LogModuleManager: Shutting down and abandoning module PluginBrowser (474)
[2025.07.21-01.48.56:271][887]LogModuleManager: Shutting down and abandoning module MobileLauncherProfileWizard (472)
[2025.07.21-01.48.56:271][887]LogModuleManager: Shutting down and abandoning module VisualStudioSourceCodeAccess (470)
[2025.07.21-01.48.56:272][887]LogModuleManager: Shutting down and abandoning module MaterialAnalyzer (468)
[2025.07.21-01.48.56:272][887]LogModuleManager: Shutting down and abandoning module VisualStudioCodeSourceCodeAccess (466)
[2025.07.21-01.48.56:272][887]LogModuleManager: Shutting down and abandoning module CurveEditorTools (464)
[2025.07.21-01.48.56:272][887]LogModuleManager: Shutting down and abandoning module CryptoKeysOpenSSL (462)
[2025.07.21-01.48.56:272][887]LogModuleManager: Shutting down and abandoning module CryptoKeys (460)
[2025.07.21-01.48.56:272][887]LogModuleManager: Shutting down and abandoning module UObjectPlugin (458)
[2025.07.21-01.48.56:272][887]LogModuleManager: Shutting down and abandoning module SubversionSourceControl (456)
[2025.07.21-01.48.56:272][887]LogModuleManager: Shutting down and abandoning module RiderSourceCodeAccess (454)
[2025.07.21-01.48.56:272][887]LogModuleManager: Shutting down and abandoning module PluginUtils (452)
[2025.07.21-01.48.56:272][887]LogModuleManager: Shutting down and abandoning module PlasticSourceControl (450)
[2025.07.21-01.48.56:272][887]LogModuleManager: Shutting down and abandoning module PerforceSourceControl (448)
[2025.07.21-01.48.56:272][887]LogModuleManager: Shutting down and abandoning module GitSourceControl (446)
[2025.07.21-01.48.56:273][887]LogModuleManager: Shutting down and abandoning module SourceControl (445)
[2025.07.21-01.48.56:273][887]LogModuleManager: Shutting down and abandoning module CLionSourceCodeAccess (442)
[2025.07.21-01.48.56:273][887]LogModuleManager: Shutting down and abandoning module AnimationSharingEd (440)
[2025.07.21-01.48.56:273][887]LogModuleManager: Shutting down and abandoning module LightPropagationVolumeEditor (438)
[2025.07.21-01.48.56:273][887]LogModuleManager: Shutting down and abandoning module LiveLinkSequencer (436)
[2025.07.21-01.48.56:273][887]LogModuleManager: Shutting down and abandoning module LiveLinkMovieScene (434)
[2025.07.21-01.48.56:273][887]LogModuleManager: Shutting down and abandoning module LiveLinkGraphNode (432)
[2025.07.21-01.48.56:273][887]LogModuleManager: Shutting down and abandoning module LiveLinkEditor (430)
[2025.07.21-01.48.56:273][887]LogModuleManager: Shutting down and abandoning module LiveLinkComponents (428)
[2025.07.21-01.48.56:273][887]LogModuleManager: Shutting down and abandoning module LiveLink (426)
[2025.07.21-01.48.56:803][887]LogModuleManager: Shutting down and abandoning module PaperTiledImporter (424)
[2025.07.21-01.48.56:803][887]LogModuleManager: Shutting down and abandoning module PaperSpriteSheetImporter (422)
[2025.07.21-01.48.56:803][887]LogModuleManager: Shutting down and abandoning module Paper2DEditor (420)
[2025.07.21-01.48.56:804][887]LogModuleManager: Shutting down and abandoning module MeshPaintingToolset (418)
[2025.07.21-01.48.56:804][887]LogModuleManager: Shutting down and abandoning module MeshPaintEditorMode (416)
[2025.07.21-01.48.56:804][887]LogModuleManager: Shutting down and abandoning module TP_PreEntrega (414)
[2025.07.21-01.48.56:804][887]LogModuleManager: Shutting down and abandoning module SoundFields (412)
[2025.07.21-01.48.56:804][887]LogModuleManager: Shutting down and abandoning module SignificanceManager (410)
[2025.07.21-01.48.56:804][887]LogModuleManager: Shutting down and abandoning module RuntimePhysXCooking (408)
[2025.07.21-01.48.56:804][887]LogModuleManager: Shutting down and abandoning module PropertyAccessEditor (406)
[2025.07.21-01.48.56:804][887]LogModuleManager: Shutting down and abandoning module PhysXVehiclesEditor (404)
[2025.07.21-01.48.56:804][887]LogModuleManager: Shutting down and abandoning module LocationServicesBPLibrary (400)
[2025.07.21-01.48.56:804][887]LogModuleManager: Shutting down and abandoning module AudioSynesthesia (398)
[2025.07.21-01.48.56:804][887]LogModuleManager: Shutting down and abandoning module AudioSynesthesiaCore (396)
[2025.07.21-01.48.56:804][887]LogModuleManager: Shutting down and abandoning module ActorSequence (394)
[2025.07.21-01.48.56:804][887]LogModuleManager: Shutting down and abandoning module ImgMediaEngine (392)
[2025.07.21-01.48.56:804][887]LogModuleManager: Shutting down and abandoning module UdpMessaging (390)
[2025.07.21-01.48.56:905][887]LogModuleManager: Shutting down and abandoning module TcpMessaging (388)
[2025.07.21-01.48.57:005][887]LogModuleManager: Shutting down and abandoning module MagicLeapARPin (386)
[2025.07.21-01.48.57:005][887]LogModuleManager: Shutting down and abandoning module MagicLeapHandMeshing (384)
[2025.07.21-01.48.57:005][887]LogModuleManager: Shutting down and abandoning module MagicLeapSecureStorage (382)
[2025.07.21-01.48.57:005][887]LogModuleManager: Shutting down and abandoning module MagicLeapPrivileges (380)
[2025.07.21-01.48.57:005][887]LogModuleManager: Shutting down and abandoning module MagicLeapPlanes (378)
[2025.07.21-01.48.57:006][887]LogMagicLeapPlanes: Planes tracker already destroyed.
[2025.07.21-01.48.57:006][887]LogModuleManager: Shutting down and abandoning module MagicLeapImageTracker (376)
[2025.07.21-01.48.57:006][887]LogModuleManager: Shutting down and abandoning module MagicLeapIdentity (374)
[2025.07.21-01.48.57:006][887]LogModuleManager: Shutting down and abandoning module MagicLeapHandTracking (372)
[2025.07.21-01.48.57:006][887]LogModuleManager: Shutting down and abandoning module MagicLeapEyeTracker (370)
[2025.07.21-01.48.57:006][887]LogModuleManager: Shutting down and abandoning module MagicLeapController (368)
[2025.07.21-01.48.57:006][887]LogModuleManager: Shutting down and abandoning module MagicLeapARPinImpl (366)
[2025.07.21-01.48.57:006][887]LogModuleManager: Shutting down and abandoning module MagicLeapAR (364)
[2025.07.21-01.48.57:006][887]LogModuleManager: Shutting down and abandoning module PythonScriptPlugin (362)
[2025.07.21-01.48.57:006][887]LogModuleManager: Shutting down and abandoning module NiagaraAnimNotifies (360)
[2025.07.21-01.48.57:006][887]LogModuleManager: Shutting down and abandoning module Niagara (358)
[2025.07.21-01.48.57:006][887]LogModuleManager: Shutting down and abandoning module SignalProcessing (357)
[2025.07.21-01.48.57:006][887]LogModuleManager: Shutting down and abandoning module NiagaraEditor (355)
[2025.07.21-01.48.57:007][887]LogModuleManager: Shutting down and abandoning module NiagaraCore (352)
[2025.07.21-01.48.57:007][887]LogModuleManager: Shutting down and abandoning module GameplayTagsEditor (350)
[2025.07.21-01.48.57:007][887]LogModuleManager: Shutting down and abandoning module FacialAnimationEditor (348)
[2025.07.21-01.48.57:007][887]LogModuleManager: Shutting down and abandoning module FacialAnimation (346)
[2025.07.21-01.48.57:007][887]LogModuleManager: Shutting down and abandoning module DataValidation (344)
[2025.07.21-01.48.57:007][887]LogModuleManager: Shutting down and abandoning module AssetManagerEditor (342)
[2025.07.21-01.48.57:008][887]LogModuleManager: Shutting down and abandoning module LevelEditor (341)
[2025.07.21-01.48.57:010][887]LogModuleManager: Shutting down and abandoning module PixelInspectorModule (340)
[2025.07.21-01.48.57:010][887]LogModuleManager: Shutting down and abandoning module CommonMenuExtensions (338)
[2025.07.21-01.48.57:011][887]LogModuleManager: Shutting down and abandoning module MainFrame (336)
[2025.07.21-01.48.57:011][887]LogModuleManager: Shutting down and abandoning module HotReload (335)
[2025.07.21-01.48.57:012][887]LogModuleManager: Shutting down and abandoning module ToolMenus (331)
[2025.07.21-01.48.57:012][887]LogModuleManager: Shutting down and abandoning module ContentBrowser (329)
[2025.07.21-01.48.57:012][887]LogModuleManager: Shutting down and abandoning module ContentBrowserData (328)
[2025.07.21-01.48.57:012][887]LogModuleManager: Shutting down and abandoning module TreeMap (325)
[2025.07.21-01.48.57:012][887]LogModuleManager: Shutting down and abandoning module PropertyAccessNode (322)
[2025.07.21-01.48.57:012][887]LogModuleManager: Shutting down and abandoning module AnimationSharing (320)
[2025.07.21-01.48.57:012][887]LogModuleManager: Shutting down and abandoning module GameplayCameras (318)
[2025.07.21-01.48.57:013][887]LogModuleManager: Shutting down and abandoning module LightPropagationVolumeRuntime (316)
[2025.07.21-01.48.57:013][887]LogModuleManager: Shutting down and abandoning module EnvironmentQueryEditor (314)
[2025.07.21-01.48.57:013][887]LogModuleManager: Shutting down and abandoning module Paper2D (312)
[2025.07.21-01.48.57:013][887]LogModuleManager: Shutting down and abandoning module WindowsMoviePlayer (310)
[2025.07.21-01.48.57:016][887]LogModuleManager: Shutting down and abandoning module WebMMoviePlayer (308)
[2025.07.21-01.48.57:016][887]LogModuleManager: Shutting down and abandoning module NetworkReplayStreaming (306)
[2025.07.21-01.48.57:016][887]LogModuleManager: Shutting down and abandoning module PacketHandler (304)
[2025.07.21-01.48.57:016][887]LogModuleManager: Shutting down and abandoning module ClothingSystemEditor (302)
[2025.07.21-01.48.57:016][887]LogModuleManager: Shutting down and abandoning module ClothingSystemRuntimeNv (300)
[2025.07.21-01.48.57:016][887]LogModuleManager: Shutting down and abandoning module MediaAssets (298)
[2025.07.21-01.48.57:016][887]LogModuleManager: Shutting down and abandoning module Overlay (296)
[2025.07.21-01.48.57:016][887]LogModuleManager: Shutting down and abandoning module OverlayEditor (295)
[2025.07.21-01.48.57:016][887]LogModuleManager: Shutting down and abandoning module VREditor (292)
[2025.07.21-01.48.57:016][887]LogModuleManager: Shutting down and abandoning module StringTableEditor (290)
[2025.07.21-01.48.57:016][887]LogModuleManager: Shutting down and abandoning module GameplayTasksEditor (288)
[2025.07.21-01.48.57:016][887]LogModuleManager: Shutting down and abandoning module BehaviorTreeEditor (286)
[2025.07.21-01.48.57:016][887]LogModuleManager: Shutting down and abandoning module FunctionalTesting (284)
[2025.07.21-01.48.57:016][887]LogModuleManager: Shutting down and abandoning module CollisionAnalyzer (282)
[2025.07.21-01.48.57:016][887]LogModuleManager: Shutting down and abandoning module WorkspaceMenuStructure (281)
[2025.07.21-01.48.57:016][887]LogModuleManager: Shutting down and abandoning module UMG (278)
[2025.07.21-01.48.57:016][887]LogModuleManager: Shutting down and abandoning module UMGEditor (277)
[2025.07.21-01.48.57:016][887]LogModuleManager: Shutting down and abandoning module MessageLog (275)
[2025.07.21-01.48.57:016][887]LogModuleManager: Shutting down and abandoning module SlateReflector (270)
[2025.07.21-01.48.57:016][887]LogModuleManager: Shutting down and abandoning module Slate (268)
[2025.07.21-01.48.57:016][887]LogModuleManager: Shutting down and abandoning module SlateCore (266)
[2025.07.21-01.48.57:017][887]LogModuleManager: Shutting down and abandoning module LandscapeEditorUtilities (264)
[2025.07.21-01.48.57:017][887]LogModuleManager: Shutting down and abandoning module UnrealEd (262)
[2025.07.21-01.48.57:017][887]LogModuleManager: Shutting down and abandoning module MRMesh (260)
[2025.07.21-01.48.57:017][887]LogModuleManager: Shutting down and abandoning module SourceCodeAccess (258)
[2025.07.21-01.48.57:017][887]LogModuleManager: Shutting down and abandoning module HeadMountedDisplay (256)
[2025.07.21-01.48.57:017][887]LogModuleManager: Shutting down and abandoning module XAudio2 (254)
[2025.07.21-01.48.57:017][887]LogModuleManager: Shutting down and abandoning module Networking (252)
[2025.07.21-01.48.57:017][887]LogModuleManager: Shutting down and abandoning module Core (250)
[2025.07.21-01.48.57:017][887]LogModuleManager: Shutting down and abandoning module MaterialEditor (248)
[2025.07.21-01.48.57:017][887]LogModuleManager: Shutting down and abandoning module MovieSceneTools (246)
[2025.07.21-01.48.57:017][887]LogModuleManager: Shutting down and abandoning module CurveEditor (245)
[2025.07.21-01.48.57:018][887]LogModuleManager: Shutting down and abandoning module Sequencer (243)
[2025.07.21-01.48.57:018][887]LogModuleManager: Shutting down and abandoning module EditorStyle (242)
[2025.07.21-01.48.57:018][887]LogModuleManager: Shutting down and abandoning module KismetCompiler (238)
[2025.07.21-01.48.57:018][887]LogModuleManager: Shutting down and abandoning module MeshBuilder (236)
[2025.07.21-01.48.57:018][887]LogModuleManager: Shutting down and abandoning module MeshUtilities (234)
[2025.07.21-01.48.57:018][887]LogModuleManager: Shutting down and abandoning module MeshMergeUtilities (233)
[2025.07.21-01.48.57:018][887]LogModuleManager: Shutting down and abandoning module MeshReductionInterface (232)
[2025.07.21-01.48.57:018][887]LogModuleManager: Shutting down and abandoning module MeshBoneReduction (231)
[2025.07.21-01.48.57:018][887]LogModuleManager: Shutting down and abandoning module SkeletalMeshReduction (229)
[2025.07.21-01.48.57:018][887]LogModuleManager: Shutting down and abandoning module ProxyLODMeshReduction (227)
[2025.07.21-01.48.57:019][887]LogModuleManager: Shutting down and abandoning module QuadricMeshReduction (225)
[2025.07.21-01.48.57:019][887]LogModuleManager: Shutting down and abandoning module MaterialBaking (221)
[2025.07.21-01.48.57:019][887]LogModuleManager: Shutting down and abandoning module NullInstallBundleManager (216)
[2025.07.21-01.48.57:019][887]LogModuleManager: Shutting down and abandoning module DerivedDataCache (214)
[2025.07.21-01.48.57:019][887]LogModuleManager: Shutting down and abandoning module TargetPlatform (212)
[2025.07.21-01.48.57:019][887]LogModuleManager: Shutting down and abandoning module VulkanShaderFormat (211)
[2025.07.21-01.48.57:019][887]LogModuleManager: Shutting down and abandoning module ShaderFormatVectorVM (209)
[2025.07.21-01.48.57:019][887]LogModuleManager: Shutting down and abandoning module ShaderFormatOpenGL (207)
[2025.07.21-01.48.57:019][887]LogModuleManager: Shutting down and abandoning module ShaderFormatD3D (205)
[2025.07.21-01.48.57:019][887]LogModuleManager: Shutting down and abandoning module MetalShaderFormat (203)
[2025.07.21-01.48.57:019][887]LogModuleManager: Shutting down and abandoning module TextureFormatOodle (201)
[2025.07.21-01.48.57:019][887]LogModuleManager: Shutting down and abandoning module TextureFormatUncompressed (199)
[2025.07.21-01.48.57:019][887]LogModuleManager: Shutting down and abandoning module TextureFormatPVR (197)
[2025.07.21-01.48.57:019][887]LogModuleManager: Shutting down and abandoning module TextureFormatETC2 (195)
[2025.07.21-01.48.57:019][887]LogModuleManager: Shutting down and abandoning module TextureFormatDXT (193)
[2025.07.21-01.48.57:019][887]LogModuleManager: Shutting down and abandoning module TextureFormatIntelISPCTexComp (191)
[2025.07.21-01.48.57:019][887]LogModuleManager: Shutting down and abandoning module TextureFormatASTC (189)
[2025.07.21-01.48.57:019][887]LogModuleManager: Shutting down and abandoning module ImageWrapper (188)
[2025.07.21-01.48.57:019][887]LogModuleManager: Shutting down and abandoning module AudioFormatOpus (185)
[2025.07.21-01.48.57:019][887]LogModuleManager: Shutting down and abandoning module AudioFormatOgg (183)
[2025.07.21-01.48.57:019][887]LogModuleManager: Shutting down and abandoning module AudioFormatADPCM (181)
[2025.07.21-01.48.57:019][887]LogModuleManager: Shutting down and abandoning module WindowsServerTargetPlatform (179)
[2025.07.21-01.48.57:019][887]LogModuleManager: Shutting down and abandoning module WindowsClientTargetPlatform (177)
[2025.07.21-01.48.57:019][887]LogModuleManager: Shutting down and abandoning module WindowsTargetPlatform (175)
[2025.07.21-01.48.57:019][887]LogModuleManager: Shutting down and abandoning module WindowsNoEditorTargetPlatform (173)
[2025.07.21-01.48.57:019][887]LogModuleManager: Shutting down and abandoning module TVOSTargetPlatform (171)
[2025.07.21-01.48.57:021][887]LogModuleManager: Shutting down and abandoning module MacServerTargetPlatform (169)
[2025.07.21-01.48.57:021][887]LogModuleManager: Shutting down and abandoning module MacClientTargetPlatform (167)
[2025.07.21-01.48.57:021][887]LogModuleManager: Shutting down and abandoning module MacTargetPlatform (165)
[2025.07.21-01.48.57:021][887]LogModuleManager: Shutting down and abandoning module MacNoEditorTargetPlatform (163)
[2025.07.21-01.48.57:021][887]LogModuleManager: Shutting down and abandoning module LuminTargetPlatform (161)
[2025.07.21-01.48.57:021][887]LogModuleManager: Shutting down and abandoning module LinuxAArch64ServerTargetPlatform (159)
[2025.07.21-01.48.57:021][887]LogModuleManager: Shutting down and abandoning module LinuxAArch64ClientTargetPlatform (157)
[2025.07.21-01.48.57:021][887]LogModuleManager: Shutting down and abandoning module LinuxAArch64NoEditorTargetPlatform (155)
[2025.07.21-01.48.57:021][887]LogModuleManager: Shutting down and abandoning module LinuxServerTargetPlatform (153)
[2025.07.21-01.48.57:021][887]LogModuleManager: Shutting down and abandoning module LinuxClientTargetPlatform (151)
[2025.07.21-01.48.57:021][887]LogModuleManager: Shutting down and abandoning module LinuxNoEditorTargetPlatform (149)
[2025.07.21-01.48.57:021][887]LogModuleManager: Shutting down and abandoning module LinuxTargetPlatform (147)
[2025.07.21-01.48.57:022][887]LogModuleManager: Shutting down and abandoning module Messaging (145)
[2025.07.21-01.48.57:022][887]LogModuleManager: Shutting down and abandoning module IOSTargetPlatform (143)
[2025.07.21-01.48.57:022][887]LogModuleManager: Shutting down and abandoning module AndroidTargetPlatform (141)
[2025.07.21-01.48.57:024][887]LogModuleManager: Shutting down and abandoning module AllDesktopTargetPlatform (139)
[2025.07.21-01.48.57:024][887]LogModuleManager: Shutting down and abandoning module D3D11RHI (136)
[2025.07.21-01.48.57:025][887]LogModuleManager: Shutting down and abandoning module InputCore (134)
[2025.07.21-01.48.57:025][887]LogModuleManager: Shutting down and abandoning module Settings (132)
[2025.07.21-01.48.57:025][887]LogModuleManager: Shutting down and abandoning module DirectoryWatcher (130)
[2025.07.21-01.48.57:025][887]LogModuleManager: Shutting down and abandoning module PhysXCooking (128)
[2025.07.21-01.48.57:025][887]LogModuleManager: Shutting down and abandoning module Chaos (126)
[2025.07.21-01.48.57:025][887]LogModuleManager: Shutting down and abandoning module WindowsPlatformFeatures (124)
[2025.07.21-01.48.57:025][887]LogModuleManager: Shutting down and abandoning module GameplayMediaEncoder (123)
[2025.07.21-01.48.57:025][887]LogModuleManager: Shutting down and abandoning module AVEncoder (122)
[2025.07.21-01.48.57:025][887]LogModuleManager: Shutting down and abandoning module SteamVRInputDevice (118)
[2025.07.21-01.48.57:025][887]LogModuleManager: Shutting down and abandoning module SteamVRInput (116)
[2025.07.21-01.48.57:025][887]LogModuleManager: Shutting down and abandoning module SteamVR (114)
[2025.07.21-01.48.57:025][887]LogHMD: Freeing OpenVRDLLHandle.
[2025.07.21-01.48.57:025][887]LogModuleManager: Shutting down and abandoning module OculusHMD (112)
[2025.07.21-01.48.57:025][887]LogModuleManager: Shutting down and abandoning module OpenXRHandTracking (110)
[2025.07.21-01.48.57:025][887]LogSlate: Slate User Destroyed.  User Index 0, Is Virtual User: 0
[2025.07.21-01.48.57:025][887]LogModuleManager: Shutting down and abandoning module OpenXREyeTracker (108)
[2025.07.21-01.48.57:025][887]LogModuleManager: Shutting down and abandoning module OpenXRAR (106)
[2025.07.21-01.48.57:025][887]LogModuleManager: Shutting down and abandoning module AugmentedReality (105)
[2025.07.21-01.48.57:025][887]LogModuleManager: Shutting down and abandoning module OpenXRHMD (102)
[2025.07.21-01.48.57:025][887]LogModuleManager: Shutting down and abandoning module HairStrandsCore (100)
[2025.07.21-01.48.57:025][887]LogModuleManager: Shutting down and abandoning module ExampleDeviceProfileSelector (98)
[2025.07.21-01.48.57:025][887]LogModuleManager: Shutting down and abandoning module ChunkDownloader (96)
[2025.07.21-01.48.57:025][887]LogModuleManager: Shutting down and abandoning module OnlineBlueprintSupport (94)
[2025.07.21-01.48.57:025][887]LogModuleManager: Shutting down and abandoning module OnlineSubsystem (90)
[2025.07.21-01.48.57:026][887]LogModuleManager: Shutting down and abandoning module XMPP (85)
[2025.07.21-01.48.57:026][887]LogModuleManager: Shutting down and abandoning module WebSockets (84)
[2025.07.21-01.48.57:054][887]LogModuleManager: Shutting down and abandoning module HTTP (81)
[2025.07.21-01.48.57:054][887]LogHttp: Display: Http module shutting down, but needs to wait on 1 outstanding Http requests:
[2025.07.21-01.48.57:054][887]LogHttp: Display: 	verb=[POST] url=[https://datarouter.ol.epicgames.com/datarouter/api/v1/public/data?SessionID=%7BC40FE33F-4B1A-A9D6-E365-E2B30AA97E25%7D&AppID=UEEditor.Rocket.Release&AppVersion=4.27.2-18319896%2B%2B%2BUE4%2BRelease-4.27&UserID=3b54413e42d43c35aff2659f95a6b4ca%7C86015509ccb24ed3b48fef845d1c22c9%7Cc297efcb-616a-48e2-89ec-b825ac25b5a4&AppEnvironment=datacollector-binary&UploadType=eteventstream] refs=[1] status=Processing
[2025.07.21-01.48.57:054][887]LogHttp: Display: cleaning up 1 outstanding Http requests.
[2025.07.21-01.48.57:088][887]LogModuleManager: Shutting down and abandoning module SSL (80)
[2025.07.21-01.48.57:089][887]LogModuleManager: Shutting down and abandoning module LauncherChunkInstaller (76)
[2025.07.21-01.48.57:089][887]LogModuleManager: Shutting down and abandoning module WmfMedia (74)
[2025.07.21-01.48.57:090][887]LogModuleManager: Shutting down and abandoning module Media (73)
[2025.07.21-01.48.57:093][887]LogModuleManager: Shutting down and abandoning module MediaInfo (72)
[2025.07.21-01.48.57:093][887]LogModuleManager: Shutting down and abandoning module ExrReaderGpu (68)
[2025.07.21-01.48.57:093][887]LogModuleManager: Shutting down and abandoning module MLSDK (66)
[2025.07.21-01.48.57:093][887]LogModuleManager: Shutting down and abandoning module MagicLeap (64)
[2025.07.21-01.48.57:093][887]LogModuleManager: Shutting down and abandoning module VariantManagerContent (62)
[2025.07.21-01.48.57:093][887]LogModuleManager: Shutting down and abandoning module NiagaraVertexFactories (60)
[2025.07.21-01.48.57:093][887]LogModuleManager: Shutting down and abandoning module NiagaraShader (58)
[2025.07.21-01.48.57:093][887]LogModuleManager: Shutting down and abandoning module ChaosCloth (56)
[2025.07.21-01.48.57:093][887]LogModuleManager: Shutting down and abandoning module DatasmithContent (54)
[2025.07.21-01.48.57:094][887]LogModuleManager: Shutting down and abandoning module PixWinPlugin (52)
[2025.07.21-01.48.57:094][887]LogModuleManager: Shutting down and abandoning module AISupportModule (50)
[2025.07.21-01.48.57:094][887]LogModuleManager: Shutting down and abandoning module DesktopPlatform (48)
[2025.07.21-01.48.57:094][887]LogModuleManager: Shutting down and abandoning module OodleDataCompressionFormat (46)
[2025.07.21-01.48.57:094][887]LogModuleManager: Shutting down and abandoning module PythonScriptPluginPreload (44)
[2025.07.21-01.48.57:094][887]LogModuleManager: Shutting down and abandoning module PlatformCryptoOpenSSL (42)
[2025.07.21-01.48.57:094][887]LogModuleManager: Shutting down and abandoning module PlatformCryptoTypes (40)
[2025.07.21-01.48.57:094][887]LogModuleManager: Shutting down and abandoning module PlatformCrypto (38)
[2025.07.21-01.48.57:094][887]LogModuleManager: Shutting down and abandoning module XGEController (36)
[2025.07.21-01.48.57:094][887]LogXGEController: Cleaning working directory: C:/Users/ezequ/AppData/Local/Temp/UnrealXGEWorkingDir/
[2025.07.21-01.48.57:094][887]LogModuleManager: Shutting down and abandoning module AnimationModifiers (34)
[2025.07.21-01.48.57:094][887]LogModuleManager: Shutting down and abandoning module AudioEditor (32)
[2025.07.21-01.48.57:094][887]LogModuleManager: Shutting down and abandoning module PropertyEditor (31)
[2025.07.21-01.48.57:095][887]LogModuleManager: Shutting down and abandoning module TextureCompressor (28)
[2025.07.21-01.48.57:095][887]LogModuleManager: Shutting down and abandoning module RenderCore (26)
[2025.07.21-01.48.57:095][887]LogModuleManager: Shutting down and abandoning module Landscape (24)
[2025.07.21-01.48.57:095][887]LogModuleManager: Shutting down and abandoning module SlateRHIRenderer (22)
[2025.07.21-01.48.57:096][887]LogModuleManager: Shutting down and abandoning module AnimGraphRuntime (20)
[2025.07.21-01.48.57:096][887]LogModuleManager: Shutting down and abandoning module Renderer (18)
[2025.07.21-01.48.57:096][887]LogModuleManager: Shutting down and abandoning module Engine (16)
[2025.07.21-01.48.57:096][887]LogModuleManager: Shutting down and abandoning module CoreUObject (14)
[2025.07.21-01.48.57:096][887]LogModuleManager: Shutting down and abandoning module NetworkFile (12)
[2025.07.21-01.48.57:096][887]LogModuleManager: Shutting down and abandoning module CookedIterativeFile (10)
[2025.07.21-01.48.57:096][887]LogModuleManager: Shutting down and abandoning module StreamingFile (8)
[2025.07.21-01.48.57:096][887]LogModuleManager: Shutting down and abandoning module SandboxFile (6)
[2025.07.21-01.48.57:096][887]LogModuleManager: Shutting down and abandoning module PakFile (4)
[2025.07.21-01.48.57:096][887]LogModuleManager: Shutting down and abandoning module RSA (3)
[2025.07.21-01.48.57:096][887]LogContentStreaming: Display: There are 1 unreleased StreamingManagers
[2025.07.21-01.48.57:113][887]LogD3D11RHI: Shutdown
[2025.07.21-01.48.57:113][887]LogD3D11RHI: CleanupD3DDevice
[2025.07.21-01.48.57:116][887]LogExit: Exiting.
[2025.07.21-01.48.57:130][887]Log file closed, 07/20/25 22:48:57
