Log file open, 07/20/25 17:42:07
LogWindows: Failed to load 'aqProf.dll' (GetLastError=126)
LogWindows: File 'aqProf.dll' does not exist
LogWindows: Failed to load 'VtuneApi.dll' (GetLastError=126)
LogWindows: File 'VtuneApi.dll' does not exist
LogWindows: Failed to load 'VtuneApi32e.dll' (GetLastError=126)
LogWindows: File 'VtuneApi32e.dll' does not exist
LogConsoleResponse: Display: Failed to find resolution value strings in scalability ini. Falling back to default.
LogConsoleResponse: Display: Failed to find resolution value strings in scalability ini. Falling back to default.
LogInit: Display: Running engine for game: TP_PreEntrega
LogPlatformFile: Not using cached read wrapper
LogTaskGraph: Started task graph with 5 named threads and 23 total threads with 3 sets of task threads.
LogStats: Stats thread started at 2.335859
LogICUInternationalization: ICU TimeZone Detection - Raw Offset: -3:00, Platform Override: ''
LogInit: Display: Loading text-based GConfig....
LogPluginManager: Mounting plugin MeshPainting
LogPluginManager: Mounting plugin XGEController
LogPluginManager: Mounting plugin Paper2D
LogPluginManager: Mounting plugin CameraShakePreviewer
LogPluginManager: Mounting plugin LightPropagationVolume
LogPluginManager: Mounting plugin GameplayCameras
LogPluginManager: Mounting plugin LiveLink
LogPluginManager: Mounting plugin AISupport
LogPluginManager: Mounting plugin OodleData
LogPluginManager: Mounting plugin OodleNetwork
LogPluginManager: Mounting plugin EnvironmentQueryEditor
LogPluginManager: Mounting plugin Niagara
LogPluginManager: Mounting plugin AnimationSharing
LogPluginManager: Mounting plugin GitSourceControl
LogPluginManager: Mounting plugin KDevelopSourceCodeAccess
LogPluginManager: Mounting plugin CodeLiteSourceCodeAccess
LogPluginManager: Mounting plugin CLionSourceCodeAccess
LogPluginManager: Mounting plugin NullSourceCodeAccess
LogPluginManager: Mounting plugin PixWinPlugin
LogPluginManager: Mounting plugin PerforceSourceControl
LogPluginManager: Mounting plugin PlasticSourceControl
LogPluginManager: Mounting plugin PropertyAccessNode
LogPluginManager: Mounting plugin PluginUtils
LogPluginManager: Mounting plugin SubversionSourceControl
LogPluginManager: Mounting plugin RiderSourceCodeAccess
LogPluginManager: Mounting plugin TextureFormatOodle
LogPluginManager: Mounting plugin UObjectPlugin
LogPluginManager: Mounting plugin VisualStudioCodeSourceCodeAccess
LogPluginManager: Mounting plugin AssetManagerEditor
LogPluginManager: Mounting plugin XCodeSourceCodeAccess
LogPluginManager: Mounting plugin VisualStudioSourceCodeAccess
LogPluginManager: Mounting plugin CryptoKeys
LogPluginManager: Mounting plugin CurveEditorTools
LogPluginManager: Mounting plugin DataValidation
LogPluginManager: Mounting plugin FacialAnimation
LogPluginManager: Mounting plugin GameplayTagsEditor
LogPluginManager: Mounting plugin GeometryMode
LogPluginManager: Mounting plugin MacGraphicsSwitching
LogPluginManager: Mounting plugin MaterialAnalyzer
LogPluginManager: Mounting plugin MobileLauncherProfileWizard
LogPluginManager: Mounting plugin PluginBrowser
LogPluginManager: Mounting plugin SpeedTreeImporter
LogPluginManager: Mounting plugin StylusInput
LogPluginManager: Mounting plugin DatasmithContent
LogPluginManager: Mounting plugin LuminPlatformFeatures
LogPluginManager: Mounting plugin VariantManagerContent
LogPluginManager: Mounting plugin MagicLeap
LogPluginManager: Mounting plugin MagicLeapLightEstimation
LogPluginManager: Mounting plugin MagicLeapMedia
LogPluginManager: Mounting plugin MagicLeapPassableWorld
LogPluginManager: Mounting plugin MLSDK
LogPluginManager: Mounting plugin TcpMessaging
LogPluginManager: Mounting plugin UdpMessaging
LogPluginManager: Mounting plugin AndroidMedia
LogPluginManager: Mounting plugin AlembicImporter
LogPluginManager: Mounting plugin AutomationUtils
LogPluginManager: Mounting plugin BackChannel
LogPluginManager: Mounting plugin ChaosCloth
LogPluginManager: Mounting plugin ChaosEditor
LogPluginManager: Mounting plugin ChaosClothEditor
LogPluginManager: Mounting plugin LauncherChunkInstaller
LogPluginManager: Mounting plugin ChaosNiagara
LogPluginManager: Mounting plugin ChaosSolverPlugin
LogPluginManager: Mounting plugin CharacterAI
LogPluginManager: Mounting plugin GeometryCollectionPlugin
LogPluginManager: Mounting plugin GeometryCache
LogPluginManager: Mounting plugin AvfMedia
LogPluginManager: Mounting plugin ImgMedia
LogPluginManager: Mounting plugin MediaCompositing
LogPluginManager: Mounting plugin MediaPlayerEditor
LogPluginManager: Mounting plugin ActorSequence
LogPluginManager: Mounting plugin WmfMedia
LogPluginManager: Mounting plugin WebMMedia
LogPluginManager: Mounting plugin LevelSequenceEditor
LogPluginManager: Mounting plugin MatineeToLevelSequence
LogPluginManager: Mounting plugin TemplateSequence
LogPluginManager: Mounting plugin GeometryProcessing
LogPluginManager: Mounting plugin MeshModelingToolset
LogPluginManager: Mounting plugin ModelingToolsEditorMode
LogPluginManager: Mounting plugin MotoSynth
LogPluginManager: Mounting plugin OpenImageDenoise
LogPluginManager: Mounting plugin PlanarCut
LogPluginManager: Mounting plugin PlatformCrypto
LogPluginManager: Mounting plugin ProxyLODPlugin
LogPluginManager: Mounting plugin PythonScriptPlugin
LogPluginManager: Mounting plugin SkeletalReduction
LogPluginManager: Mounting plugin OnlineSubsystem
LogPluginManager: Mounting plugin OnlineSubsystemNull
LogPluginManager: Mounting plugin OnlineSubsystemUtils
LogPluginManager: Mounting plugin ScreenshotTools
LogPluginManager: Mounting plugin ActorLayerUtilities
LogPluginManager: Mounting plugin Takes
LogPluginManager: Mounting plugin AndroidMoviePlayer
LogPluginManager: Mounting plugin AndroidDeviceProfileSelector
LogPluginManager: Mounting plugin AndroidPermission
LogPluginManager: Mounting plugin ArchVisCharacter
LogPluginManager: Mounting plugin AppleMoviePlayer
LogPluginManager: Mounting plugin AudioCapture
LogPluginManager: Mounting plugin AppleImageUtils
LogPluginManager: Mounting plugin AssetTags
LogPluginManager: Mounting plugin CableComponent
LogPluginManager: Mounting plugin EditableMesh
LogPluginManager: Mounting plugin CustomMeshComponent
LogPluginManager: Mounting plugin AudioSynesthesia
LogPluginManager: Mounting plugin ChunkDownloader
LogPluginManager: Mounting plugin ExampleDeviceProfileSelector
LogPluginManager: Mounting plugin GoogleCloudMessaging
LogPluginManager: Mounting plugin GooglePAD
LogPluginManager: Mounting plugin HairStrands
LogPluginManager: Mounting plugin IOSDeviceProfileSelector
LogPluginManager: Mounting plugin LinuxDeviceProfileSelector
LogPluginManager: Mounting plugin LocationServicesBPLibrary
LogPluginManager: Mounting plugin MobilePatchingUtils
LogPluginManager: Mounting plugin OpenXR
LogPluginManager: Mounting plugin OpenXRHandTracking
LogPluginManager: Mounting plugin OpenXREyeTracker
LogPluginManager: Mounting plugin PostSplashScreen
LogPluginManager: Mounting plugin PhysXVehicles
LogPluginManager: Mounting plugin ProceduralMeshComponent
LogPluginManager: Mounting plugin PropertyAccessEditor
LogPluginManager: Mounting plugin RuntimePhysXCooking
LogPluginManager: Mounting plugin SignificanceManager
LogPluginManager: Mounting plugin SoundFields
LogPluginManager: Mounting plugin Synthesis
LogPluginManager: Mounting plugin WebMMoviePlayer
LogPluginManager: Mounting plugin WindowsMoviePlayer
LogPluginManager: Mounting plugin ContentBrowserAssetDataSource
LogPluginManager: Mounting plugin ContentBrowserClassDataSource
LogPluginManager: Mounting plugin ContentBrowserFileDataSource
LogPluginManager: Mounting plugin OnlineSubsystemGooglePlay
LogPluginManager: Mounting plugin OnlineSubsystemIOS
LogPluginManager: Mounting plugin OculusVR
LogPluginManager: Mounting plugin SteamVR
PixWinPlugin: PIX capture plugin failed to initialize! Check that the process is launched from PIX.
LogInit: Using libcurl 7.55.1-DEV
LogInit:  - built for x86_64-pc-win32
LogInit:  - supports SSL with OpenSSL/1.1.1
LogInit:  - supports HTTP deflate (compression) using libz 1.2.8
LogInit:  - other features:
LogInit:      CURL_VERSION_SSL
LogInit:      CURL_VERSION_LIBZ
LogInit:      CURL_VERSION_IPV6
LogInit:      CURL_VERSION_ASYNCHDNS
LogInit:      CURL_VERSION_LARGEFILE
LogInit:      CURL_VERSION_IDN
LogInit:  CurlRequestOptions (configurable via config and command line):
LogInit:  - bVerifyPeer = true  - Libcurl will verify peer certificate
LogInit:  - bUseHttpProxy = false  - Libcurl will NOT use HTTP proxy
LogInit:  - bDontReuseConnections = false  - Libcurl will reuse connections
LogInit:  - MaxHostConnections = 16  - Libcurl will limit the number of connections to a host
LogInit:  - LocalHostAddr = Default
LogInit:  - BufferSize = 65536
LogOnline: OSS: Creating online subsystem instance for: NULL
LogInit: WinSock: version 1.1 (2.2), MaxSocks=32767, MaxUdp=65467
LogOnline: OSS: TryLoadSubsystemAndSetDefault: Loaded subsystem for module [NULL]
LogOculusPluginWrapper: OculusPlugin initialized successfully
LogHMD: Failed initializing OVRPlugin 1.59.0
LogInit: Build: ++UE4+Release-4.27-CL-18319896
LogInit: Engine Version: 4.27.2-18319896+++UE4+Release-4.27
LogInit: Compatible Engine Version: 4.27.0-17155196+++UE4+Release-4.27
LogInit: Net CL: 17155196
LogInit: OS: Windows 10 (Release 2009) (), CPU: Intel(R) Core(TM) i5-9300H CPU @ 2.40GHz, GPU: Intel(R) UHD Graphics 630
LogInit: Compiled (64-bit): Nov 30 2021 07:12:08
LogInit: Compiled with Visual C++: 19.24.28315.00
LogInit: Build Configuration: Development
LogInit: Branch Name: ++UE4+Release-4.27
LogInit: Command Line: 
LogInit: Base Directory: D:/UE4-Windows/UE_4.27/Engine/Binaries/Win64/
LogInit: Allocator: TBB
LogInit: Installed Engine Build: 1
LogDevObjectVersion: Number of dev versions registered: 29
LogDevObjectVersion:   Dev-Blueprints (B0D832E4-1F89-4F0D-ACCF-7EB736FD4AA2): 10
LogDevObjectVersion:   Dev-Build (E1C64328-A22C-4D53-A36C-8E866417BD8C): 0
LogDevObjectVersion:   Dev-Core (375EC13C-06E4-48FB-B500-84F0262A717E): 4
LogDevObjectVersion:   Dev-Editor (E4B068ED-F494-42E9-A231-DA0B2E46BB41): 40
LogDevObjectVersion:   Dev-Framework (CFFC743F-43B0-4480-9391-14DF171D2073): 37
LogDevObjectVersion:   Dev-Mobile (B02B49B5-BB20-44E9-A304-32B752E40360): 3
LogDevObjectVersion:   Dev-Networking (A4E4105C-59A1-49B5-A7C5-40C4547EDFEE): 0
LogDevObjectVersion:   Dev-Online (39C831C9-5AE6-47DC-9A44-9C173E1C8E7C): 0
LogDevObjectVersion:   Dev-Physics (78F01B33-EBEA-4F98-B9B4-84EACCB95AA2): 14
LogDevObjectVersion:   Dev-Platform (6631380F-2D4D-43E0-8009-CF276956A95A): 0
LogDevObjectVersion:   Dev-Rendering (12F88B9F-8875-4AFC-A67C-D90C383ABD29): 45
LogDevObjectVersion:   Dev-Sequencer (7B5AE74C-D270-4C10-A958-57980B212A5A): 13
LogDevObjectVersion:   Dev-VR (D7296918-1DD6-4BDD-9DE2-64A83CC13884): 3
LogDevObjectVersion:   Dev-LoadTimes (C2A15278-BFE7-4AFE-6C17-90FF531DF755): 1
LogDevObjectVersion:   Private-Geometry (6EACA3D4-40EC-4CC1-B786-8BED09428FC5): 3
LogDevObjectVersion:   Dev-AnimPhys (29E575DD-E0A3-4627-9D10-D276232CDCEA): 17
LogDevObjectVersion:   Dev-Anim (AF43A65D-7FD3-4947-9873-3E8ED9C1BB05): 15
LogDevObjectVersion:   Dev-ReflectionCapture (6B266CEC-1EC7-4B8F-A30B-E4D90942FC07): 1
LogDevObjectVersion:   Dev-Automation (0DF73D61-A23F-47EA-B727-89E90C41499A): 1
LogDevObjectVersion:   FortniteMain (601D1886-AC64-4F84-AA16-D3DE0DEAC7D6): 47
LogDevObjectVersion:   FortniteRelease (E7086368-6B23-4C58-8439-1B7016265E91): 1
LogDevObjectVersion:   Dev-Enterprise (9DFFBCD6-494F-0158-E221-12823C92A888): 10
LogDevObjectVersion:   Dev-Niagara (F2AED0AC-9AFE-416F-8664-AA7FFA26D6FC): 1
LogDevObjectVersion:   Dev-Destruction (174F1F0B-B4C6-45A5-B13F-2EE8D0FB917D): 10
LogDevObjectVersion:   Dev-Physics-Ext (35F94A83-E258-406C-A318-09F59610247C): 41
LogDevObjectVersion:   Dev-PhysicsMaterial-Chaos (B68FC16E-8B1B-42E2-B453-215C058844FE): 1
LogDevObjectVersion:   Dev-CineCamera (B2E18506-4273-CFC2-A54E-F4BB758BBA07): 1
LogDevObjectVersion:   Dev-VirtualProduction (64F58936-FD1B-42BA-BA96-7289D5D0FA4E): 1
LogDevObjectVersion:   Dev-MediaFramework (6F0ED827-A609-4895-9C91-998D90180EA4): 2
LogInit: Presizing for max 25165824 objects, including 0 objects not considered by GC, pre-allocating 0 bytes for permanent pool.
LogConfig: Applying CVar settings from Section [/Script/Engine.StreamingSettings] File [D:/UTN-e-learning/Unreal-Engine/Unreal-Projects/TP_PreEntrega/Saved/Config/Windows/Engine.ini]
LogConfig: Setting CVar [[s.MinBulkDataSizeForAsyncLoading:131072]]
LogConfig: Setting CVar [[s.AsyncLoadingThreadEnabled:0]]
LogConfig: Setting CVar [[s.EventDrivenLoaderEnabled:1]]
LogConfig: Setting CVar [[s.WarnIfTimeLimitExceeded:0]]
LogConfig: Setting CVar [[s.TimeLimitExceededMultiplier:1.5]]
LogConfig: Setting CVar [[s.TimeLimitExceededMinTime:0.005]]
LogConfig: Setting CVar [[s.UseBackgroundLevelStreaming:1]]
LogConfig: Setting CVar [[s.PriorityAsyncLoadingExtraTime:15.0]]
LogConfig: Setting CVar [[s.LevelStreamingActorsUpdateTimeLimit:5.0]]
LogConfig: Setting CVar [[s.PriorityLevelStreamingActorsUpdateExtraTime:5.0]]
LogConfig: Setting CVar [[s.LevelStreamingComponentsRegistrationGranularity:10]]
LogConfig: Setting CVar [[s.UnregisterComponentsTimeLimit:1.0]]
LogConfig: Setting CVar [[s.LevelStreamingComponentsUnregistrationGranularity:5]]
LogConfig: Setting CVar [[s.FlushStreamingOnExit:1]]
LogInit: Object subsystem initialized
LogConfig: Setting CVar [[con.DebugEarlyDefault:1]]
LogConfig: Setting CVar [[r.setres:1280x720]]
LogConfig: Setting CVar [[fx.NiagaraAllowRuntimeScalabilityChanges:1]]
[2025.07.20-20.42.09:852][  0]LogConfig: Setting CVar [[r.VSync:0]]
[2025.07.20-20.42.09:852][  0]LogConfig: Setting CVar [[r.RHICmdBypass:0]]
[2025.07.20-20.42.09:852][  0]LogConfig: Applying CVar settings from Section [/Script/Engine.RendererSettings] File [D:/UTN-e-learning/Unreal-Engine/Unreal-Projects/TP_PreEntrega/Saved/Config/Windows/Engine.ini]
[2025.07.20-20.42.09:852][  0]LogConfig: Setting CVar [[r.GPUCrashDebugging:0]]
[2025.07.20-20.42.09:853][  0]LogConfig: Applying CVar settings from Section [/Script/Engine.RendererOverrideSettings] File [D:/UTN-e-learning/Unreal-Engine/Unreal-Projects/TP_PreEntrega/Saved/Config/Windows/Engine.ini]
[2025.07.20-20.42.09:853][  0]LogConfig: Applying CVar settings from Section [/Script/Engine.StreamingSettings] File [D:/UTN-e-learning/Unreal-Engine/Unreal-Projects/TP_PreEntrega/Saved/Config/Windows/Engine.ini]
[2025.07.20-20.42.09:853][  0]LogConfig: Setting CVar [[s.MinBulkDataSizeForAsyncLoading:131072]]
[2025.07.20-20.42.09:853][  0]LogConfig: Setting CVar [[s.AsyncLoadingThreadEnabled:0]]
[2025.07.20-20.42.09:853][  0]LogConfig: Setting CVar [[s.EventDrivenLoaderEnabled:1]]
[2025.07.20-20.42.09:853][  0]LogConfig: Setting CVar [[s.WarnIfTimeLimitExceeded:0]]
[2025.07.20-20.42.09:853][  0]LogConfig: Setting CVar [[s.TimeLimitExceededMultiplier:1.5]]
[2025.07.20-20.42.09:853][  0]LogConfig: Setting CVar [[s.TimeLimitExceededMinTime:0.005]]
[2025.07.20-20.42.09:853][  0]LogConfig: Setting CVar [[s.UseBackgroundLevelStreaming:1]]
[2025.07.20-20.42.09:853][  0]LogConfig: Setting CVar [[s.PriorityAsyncLoadingExtraTime:15.0]]
[2025.07.20-20.42.09:853][  0]LogConfig: Setting CVar [[s.LevelStreamingActorsUpdateTimeLimit:5.0]]
[2025.07.20-20.42.09:853][  0]LogConfig: Setting CVar [[s.PriorityLevelStreamingActorsUpdateExtraTime:5.0]]
[2025.07.20-20.42.09:853][  0]LogConfig: Setting CVar [[s.LevelStreamingComponentsRegistrationGranularity:10]]
[2025.07.20-20.42.09:853][  0]LogConfig: Setting CVar [[s.UnregisterComponentsTimeLimit:1.0]]
[2025.07.20-20.42.09:853][  0]LogConfig: Setting CVar [[s.LevelStreamingComponentsUnregistrationGranularity:5]]
[2025.07.20-20.42.09:853][  0]LogConfig: Setting CVar [[s.FlushStreamingOnExit:1]]
[2025.07.20-20.42.09:853][  0]LogConfig: Applying CVar settings from Section [/Script/Engine.GarbageCollectionSettings] File [D:/UTN-e-learning/Unreal-Engine/Unreal-Projects/TP_PreEntrega/Saved/Config/Windows/Engine.ini]
[2025.07.20-20.42.09:853][  0]LogConfig: Setting CVar [[gc.MaxObjectsNotConsideredByGC:1]]
[2025.07.20-20.42.09:853][  0]LogConfig: Setting CVar [[gc.SizeOfPermanentObjectPool:0]]
[2025.07.20-20.42.09:853][  0]LogConfig: Setting CVar [[gc.FlushStreamingOnGC:0]]
[2025.07.20-20.42.09:853][  0]LogConfig: Setting CVar [[gc.NumRetriesBeforeForcingGC:10]]
[2025.07.20-20.42.09:853][  0]LogConfig: Setting CVar [[gc.AllowParallelGC:1]]
[2025.07.20-20.42.09:853][  0]LogConfig: Setting CVar [[gc.TimeBetweenPurgingPendingKillObjects:61.1]]
[2025.07.20-20.42.09:853][  0]LogConfig: Setting CVar [[gc.MaxObjectsInEditor:25165824]]
[2025.07.20-20.42.09:853][  0]LogConfig: Setting CVar [[gc.IncrementalBeginDestroyEnabled:1]]
[2025.07.20-20.42.09:853][  0]LogConfig: Setting CVar [[gc.CreateGCClusters:1]]
[2025.07.20-20.42.09:853][  0]LogConfig: Setting CVar [[gc.MinGCClusterSize:5]]
[2025.07.20-20.42.09:853][  0]LogConfig: Setting CVar [[gc.ActorClusteringEnabled:0]]
[2025.07.20-20.42.09:853][  0]LogConfig: Setting CVar [[gc.BlueprintClusteringEnabled:0]]
[2025.07.20-20.42.09:854][  0]LogConfig: Setting CVar [[gc.UseDisregardForGCOnDedicatedServers:0]]
[2025.07.20-20.42.09:854][  0]LogConfig: Setting CVar [[gc.MultithreadedDestructionEnabled:1]]
[2025.07.20-20.42.09:854][  0]LogConfig: Applying CVar settings from Section [/Script/Engine.NetworkSettings] File [D:/UTN-e-learning/Unreal-Engine/Unreal-Projects/TP_PreEntrega/Saved/Config/Windows/Engine.ini]
[2025.07.20-20.42.09:854][  0]LogConfig: Applying CVar settings from Section [/Script/UnrealEd.CookerSettings] File [D:/UTN-e-learning/Unreal-Engine/Unreal-Projects/TP_PreEntrega/Saved/Config/Windows/Engine.ini]
[2025.07.20-20.42.09:890][  0]LogConfig: Applying CVar settings from Section [ViewDistanceQuality@3] File [D:/UTN-e-learning/Unreal-Engine/Unreal-Projects/TP_PreEntrega/Saved/Config/Windows/Scalability.ini]
[2025.07.20-20.42.09:890][  0]LogConfig: Setting CVar [[r.SkeletalMeshLODBias:0]]
[2025.07.20-20.42.09:890][  0]LogConfig: Setting CVar [[r.ViewDistanceScale:1.0]]
[2025.07.20-20.42.09:891][  0]LogConfig: Applying CVar settings from Section [AntiAliasingQuality@3] File [D:/UTN-e-learning/Unreal-Engine/Unreal-Projects/TP_PreEntrega/Saved/Config/Windows/Scalability.ini]
[2025.07.20-20.42.09:891][  0]LogConfig: Setting CVar [[r.PostProcessAAQuality:4]]
[2025.07.20-20.42.09:891][  0]LogConfig: Applying CVar settings from Section [ShadowQuality@3] File [D:/UTN-e-learning/Unreal-Engine/Unreal-Projects/TP_PreEntrega/Saved/Config/Windows/Scalability.ini]
[2025.07.20-20.42.09:891][  0]LogConfig: Setting CVar [[r.LightFunctionQuality:1]]
[2025.07.20-20.42.09:891][  0]LogConfig: Setting CVar [[r.ShadowQuality:5]]
[2025.07.20-20.42.09:891][  0]LogConfig: Setting CVar [[r.Shadow.CSM.MaxCascades:10]]
[2025.07.20-20.42.09:891][  0]LogConfig: Setting CVar [[r.Shadow.MaxResolution:2048]]
[2025.07.20-20.42.09:891][  0]LogConfig: Setting CVar [[r.Shadow.MaxCSMResolution:2048]]
[2025.07.20-20.42.09:891][  0]LogConfig: Setting CVar [[r.Shadow.RadiusThreshold:0.01]]
[2025.07.20-20.42.09:891][  0]LogConfig: Setting CVar [[r.Shadow.DistanceScale:1.0]]
[2025.07.20-20.42.09:891][  0]LogConfig: Setting CVar [[r.Shadow.CSM.TransitionScale:1.0]]
[2025.07.20-20.42.09:891][  0]LogConfig: Setting CVar [[r.Shadow.PreShadowResolutionFactor:1.0]]
[2025.07.20-20.42.09:891][  0]LogConfig: Setting CVar [[r.DistanceFieldShadowing:1]]
[2025.07.20-20.42.09:891][  0]LogConfig: Setting CVar [[r.DistanceFieldAO:1]]
[2025.07.20-20.42.09:891][  0]LogConfig: Setting CVar [[r.AOQuality:2]]
[2025.07.20-20.42.09:891][  0]LogConfig: Setting CVar [[r.VolumetricFog:1]]
[2025.07.20-20.42.09:891][  0]LogConfig: Setting CVar [[r.VolumetricFog.GridPixelSize:8]]
[2025.07.20-20.42.09:891][  0]LogConfig: Setting CVar [[r.VolumetricFog.GridSizeZ:128]]
[2025.07.20-20.42.09:891][  0]LogConfig: Setting CVar [[r.VolumetricFog.HistoryMissSupersampleCount:4]]
[2025.07.20-20.42.09:892][  0]LogConfig: Setting CVar [[r.LightMaxDrawDistanceScale:1]]
[2025.07.20-20.42.09:892][  0]LogConfig: Setting CVar [[r.CapsuleShadows:1]]
[2025.07.20-20.42.09:892][  0]LogConfig: Applying CVar settings from Section [PostProcessQuality@3] File [D:/UTN-e-learning/Unreal-Engine/Unreal-Projects/TP_PreEntrega/Saved/Config/Windows/Scalability.ini]
[2025.07.20-20.42.09:892][  0]LogConfig: Setting CVar [[r.MotionBlurQuality:4]]
[2025.07.20-20.42.09:892][  0]LogConfig: Setting CVar [[r.AmbientOcclusionMipLevelFactor:0.4]]
[2025.07.20-20.42.09:892][  0]LogConfig: Setting CVar [[r.AmbientOcclusionMaxQuality:100]]
[2025.07.20-20.42.09:892][  0]LogConfig: Setting CVar [[r.AmbientOcclusionLevels:-1]]
[2025.07.20-20.42.09:892][  0]LogConfig: Setting CVar [[r.AmbientOcclusionRadiusScale:1.0]]
[2025.07.20-20.42.09:892][  0]LogConfig: Setting CVar [[r.DepthOfFieldQuality:2]]
[2025.07.20-20.42.09:892][  0]LogConfig: Setting CVar [[r.RenderTargetPoolMin:400]]
[2025.07.20-20.42.09:892][  0]LogConfig: Setting CVar [[r.LensFlareQuality:2]]
[2025.07.20-20.42.09:892][  0]LogConfig: Setting CVar [[r.SceneColorFringeQuality:1]]
[2025.07.20-20.42.09:892][  0]LogConfig: Setting CVar [[r.EyeAdaptationQuality:2]]
[2025.07.20-20.42.09:892][  0]LogConfig: Setting CVar [[r.BloomQuality:5]]
[2025.07.20-20.42.09:892][  0]LogConfig: Setting CVar [[r.FastBlurThreshold:100]]
[2025.07.20-20.42.09:892][  0]LogConfig: Setting CVar [[r.Upscale.Quality:3]]
[2025.07.20-20.42.09:892][  0]LogConfig: Setting CVar [[r.Tonemapper.GrainQuantization:1]]
[2025.07.20-20.42.09:892][  0]LogConfig: Setting CVar [[r.LightShaftQuality:1]]
[2025.07.20-20.42.09:892][  0]LogConfig: Setting CVar [[r.Filter.SizeScale:1]]
[2025.07.20-20.42.09:892][  0]LogConfig: Setting CVar [[r.Tonemapper.Quality:5]]
[2025.07.20-20.42.09:893][  0]LogConfig: Setting CVar [[r.DOF.Gather.AccumulatorQuality:1        ; higher gathering accumulator quality]]
[2025.07.20-20.42.09:893][  0]LogConfig: Setting CVar [[r.DOF.Gather.PostfilterMethod:1          ; Median3x3 postfilering method]]
[2025.07.20-20.42.09:893][  0]LogConfig: Setting CVar [[r.DOF.Gather.EnableBokehSettings:0       ; no bokeh simulation when gathering]]
[2025.07.20-20.42.09:893][  0]LogConfig: Setting CVar [[r.DOF.Gather.RingCount:4                 ; medium number of samples when gathering]]
[2025.07.20-20.42.09:893][  0]LogConfig: Setting CVar [[r.DOF.Scatter.ForegroundCompositing:1    ; additive foreground scattering]]
[2025.07.20-20.42.09:893][  0]LogConfig: Setting CVar [[r.DOF.Scatter.BackgroundCompositing:2    ; additive background scattering]]
[2025.07.20-20.42.09:893][  0]LogConfig: Setting CVar [[r.DOF.Scatter.EnableBokehSettings:1      ; bokeh simulation when scattering]]
[2025.07.20-20.42.09:893][  0]LogConfig: Setting CVar [[r.DOF.Scatter.MaxSpriteRatio:0.1         ; only a maximum of 10% of scattered bokeh]]
[2025.07.20-20.42.09:893][  0]LogConfig: Setting CVar [[r.DOF.Recombine.Quality:1                ; cheap slight out of focus]]
[2025.07.20-20.42.09:893][  0]LogConfig: Setting CVar [[r.DOF.Recombine.EnableBokehSettings:0    ; no bokeh simulation on slight out of focus]]
[2025.07.20-20.42.09:893][  0]LogConfig: Setting CVar [[r.DOF.TemporalAAQuality:1                ; more stable temporal accumulation]]
[2025.07.20-20.42.09:893][  0]LogConfig: Setting CVar [[r.DOF.Kernel.MaxForegroundRadius:0.025]]
[2025.07.20-20.42.09:893][  0]LogConfig: Setting CVar [[r.DOF.Kernel.MaxBackgroundRadius:0.025]]
[2025.07.20-20.42.09:893][  0]LogConfig: Applying CVar settings from Section [TextureQuality@3] File [D:/UTN-e-learning/Unreal-Engine/Unreal-Projects/TP_PreEntrega/Saved/Config/Windows/Scalability.ini]
[2025.07.20-20.42.09:893][  0]LogConfig: Setting CVar [[r.Streaming.MipBias:0]]
[2025.07.20-20.42.09:893][  0]LogConfig: Setting CVar [[r.Streaming.AmortizeCPUToGPUCopy:0]]
[2025.07.20-20.42.09:893][  0]LogConfig: Setting CVar [[r.Streaming.MaxNumTexturesToStreamPerFrame:0]]
[2025.07.20-20.42.09:893][  0]LogConfig: Setting CVar [[r.Streaming.Boost:1]]
[2025.07.20-20.42.09:893][  0]LogConfig: Setting CVar [[r.MaxAnisotropy:8]]
[2025.07.20-20.42.09:893][  0]LogConfig: Setting CVar [[r.VT.MaxAnisotropy:8]]
[2025.07.20-20.42.09:893][  0]LogConfig: Setting CVar [[r.Streaming.LimitPoolSizeToVRAM:0]]
[2025.07.20-20.42.09:893][  0]LogConfig: Setting CVar [[r.Streaming.PoolSize:1000]]
[2025.07.20-20.42.09:894][  0]LogConfig: Setting CVar [[r.Streaming.MaxEffectiveScreenSize:0]]
[2025.07.20-20.42.09:894][  0]LogConfig: Applying CVar settings from Section [EffectsQuality@3] File [D:/UTN-e-learning/Unreal-Engine/Unreal-Projects/TP_PreEntrega/Saved/Config/Windows/Scalability.ini]
[2025.07.20-20.42.09:894][  0]LogConfig: Setting CVar [[r.TranslucencyLightingVolumeDim:64]]
[2025.07.20-20.42.09:894][  0]LogConfig: Setting CVar [[r.RefractionQuality:2]]
[2025.07.20-20.42.09:894][  0]LogConfig: Setting CVar [[r.SSR.Quality:3]]
[2025.07.20-20.42.09:894][  0]LogConfig: Setting CVar [[r.SSR.HalfResSceneColor:0]]
[2025.07.20-20.42.09:894][  0]LogConfig: Setting CVar [[r.SceneColorFormat:4]]
[2025.07.20-20.42.09:894][  0]LogConfig: Setting CVar [[r.DetailMode:2]]
[2025.07.20-20.42.09:894][  0]LogConfig: Setting CVar [[r.TranslucencyVolumeBlur:1]]
[2025.07.20-20.42.09:894][  0]LogConfig: Setting CVar [[r.MaterialQualityLevel:1 ; High quality]]
[2025.07.20-20.42.09:894][  0]LogConfig: Setting CVar [[r.AnisotropicMaterials:1]]
[2025.07.20-20.42.09:894][  0]LogConfig: Setting CVar [[r.SSS.Scale:1]]
[2025.07.20-20.42.09:894][  0]LogConfig: Setting CVar [[r.SSS.SampleSet:2]]
[2025.07.20-20.42.09:894][  0]LogConfig: Setting CVar [[r.SSS.Quality:1]]
[2025.07.20-20.42.09:894][  0]LogConfig: Setting CVar [[r.SSS.HalfRes:0]]
[2025.07.20-20.42.09:894][  0]LogConfig: Setting CVar [[r.SSGI.Quality:3]]
[2025.07.20-20.42.09:894][  0]LogConfig: Setting CVar [[r.EmitterSpawnRateScale:1.0]]
[2025.07.20-20.42.09:894][  0]LogConfig: Setting CVar [[r.ParticleLightQuality:2]]
[2025.07.20-20.42.09:894][  0]LogConfig: Setting CVar [[r.SkyAtmosphere.AerialPerspectiveLUT.FastApplyOnOpaque:1 ; Always have FastSkyLUT 1 in this case to avoid wrong sky]]
[2025.07.20-20.42.09:894][  0]LogConfig: Setting CVar [[r.SkyAtmosphere.AerialPerspectiveLUT.SampleCountMaxPerSlice:4]]
[2025.07.20-20.42.09:894][  0]LogConfig: Setting CVar [[r.SkyAtmosphere.AerialPerspectiveLUT.DepthResolution:16.0]]
[2025.07.20-20.42.09:894][  0]LogConfig: Setting CVar [[r.SkyAtmosphere.FastSkyLUT:1]]
[2025.07.20-20.42.09:894][  0]LogConfig: Setting CVar [[r.SkyAtmosphere.FastSkyLUT.SampleCountMin:4.0]]
[2025.07.20-20.42.09:894][  0]LogConfig: Setting CVar [[r.SkyAtmosphere.FastSkyLUT.SampleCountMax:128.0]]
[2025.07.20-20.42.09:894][  0]LogConfig: Setting CVar [[r.SkyAtmosphere.SampleCountMin:4.0]]
[2025.07.20-20.42.09:894][  0]LogConfig: Setting CVar [[r.SkyAtmosphere.SampleCountMax:128.0]]
[2025.07.20-20.42.09:894][  0]LogConfig: Setting CVar [[r.SkyAtmosphere.TransmittanceLUT.UseSmallFormat:0]]
[2025.07.20-20.42.09:894][  0]LogConfig: Setting CVar [[r.SkyAtmosphere.TransmittanceLUT.SampleCount:10.0]]
[2025.07.20-20.42.09:894][  0]LogConfig: Setting CVar [[r.SkyAtmosphere.MultiScatteringLUT.SampleCount:15.0]]
[2025.07.20-20.42.09:894][  0]LogConfig: Setting CVar [[r.SkyLight.RealTimeReflectionCapture:1]]
[2025.07.20-20.42.09:894][  0]LogConfig: Setting CVar [[fx.Niagara.QualityLevel:3]]
[2025.07.20-20.42.09:896][  0]LogConfig: Applying CVar settings from Section [FoliageQuality@3] File [D:/UTN-e-learning/Unreal-Engine/Unreal-Projects/TP_PreEntrega/Saved/Config/Windows/Scalability.ini]
[2025.07.20-20.42.09:896][  0]LogConfig: Setting CVar [[foliage.DensityScale:1.0]]
[2025.07.20-20.42.09:896][  0]LogConfig: Setting CVar [[grass.DensityScale:1.0]]
[2025.07.20-20.42.09:896][  0]LogConfig: Applying CVar settings from Section [ShadingQuality@3] File [D:/UTN-e-learning/Unreal-Engine/Unreal-Projects/TP_PreEntrega/Saved/Config/Windows/Scalability.ini]
[2025.07.20-20.42.09:896][  0]LogConfig: Setting CVar [[r.HairStrands.SkyLighting.IntegrationType:2]]
[2025.07.20-20.42.09:896][  0]LogConfig: Setting CVar [[r.HairStrands.SkyAO.SampleCount:4]]
[2025.07.20-20.42.09:896][  0]LogConfig: Setting CVar [[r.HairStrands.Visibility.MSAA.SamplePerPixel:4]]
[2025.07.20-20.42.09:896][  0]LogConfig: Setting CVar [[r.HairStrands.Interpolation.UseSingleGuide:0]]
[2025.07.20-20.42.09:897][  0]LogInit: Selected Device Profile: [Windows]
[2025.07.20-20.42.09:897][  0]LogInit: Applying CVar settings loaded from the selected device profile: [Windows]
[2025.07.20-20.42.09:898][  0]LogHAL: Display: Platform has ~ 32 GB [34200604672 / 34359738368 / 32], which maps to Largest [LargestMinGB=32, LargerMinGB=12, DefaultMinGB=8, SmallerMinGB=6, SmallestMinGB=0)
[2025.07.20-20.42.09:898][  0]LogInit: Going up to parent DeviceProfile []
[2025.07.20-20.42.09:899][  0]LogConfig: Applying CVar settings from Section [ViewDistanceQuality@3] File [D:/UTN-e-learning/Unreal-Engine/Unreal-Projects/TP_PreEntrega/Saved/Config/Windows/Scalability.ini]
[2025.07.20-20.42.09:899][  0]LogConfig: Setting CVar [[r.SkeletalMeshLODBias:0]]
[2025.07.20-20.42.09:899][  0]LogConfig: Setting CVar [[r.ViewDistanceScale:1.0]]
[2025.07.20-20.42.09:899][  0]LogConfig: Applying CVar settings from Section [AntiAliasingQuality@3] File [D:/UTN-e-learning/Unreal-Engine/Unreal-Projects/TP_PreEntrega/Saved/Config/Windows/Scalability.ini]
[2025.07.20-20.42.09:899][  0]LogConfig: Setting CVar [[r.PostProcessAAQuality:4]]
[2025.07.20-20.42.09:899][  0]LogConfig: Applying CVar settings from Section [ShadowQuality@3] File [D:/UTN-e-learning/Unreal-Engine/Unreal-Projects/TP_PreEntrega/Saved/Config/Windows/Scalability.ini]
[2025.07.20-20.42.09:899][  0]LogConfig: Setting CVar [[r.LightFunctionQuality:1]]
[2025.07.20-20.42.09:899][  0]LogConfig: Setting CVar [[r.ShadowQuality:5]]
[2025.07.20-20.42.09:899][  0]LogConfig: Setting CVar [[r.Shadow.CSM.MaxCascades:10]]
[2025.07.20-20.42.09:899][  0]LogConfig: Setting CVar [[r.Shadow.MaxResolution:2048]]
[2025.07.20-20.42.09:899][  0]LogConfig: Setting CVar [[r.Shadow.MaxCSMResolution:2048]]
[2025.07.20-20.42.09:899][  0]LogConfig: Setting CVar [[r.Shadow.RadiusThreshold:0.01]]
[2025.07.20-20.42.09:899][  0]LogConfig: Setting CVar [[r.Shadow.DistanceScale:1.0]]
[2025.07.20-20.42.09:899][  0]LogConfig: Setting CVar [[r.Shadow.CSM.TransitionScale:1.0]]
[2025.07.20-20.42.09:899][  0]LogConfig: Setting CVar [[r.Shadow.PreShadowResolutionFactor:1.0]]
[2025.07.20-20.42.09:899][  0]LogConfig: Setting CVar [[r.DistanceFieldShadowing:1]]
[2025.07.20-20.42.09:899][  0]LogConfig: Setting CVar [[r.DistanceFieldAO:1]]
[2025.07.20-20.42.09:900][  0]LogConfig: Setting CVar [[r.AOQuality:2]]
[2025.07.20-20.42.09:900][  0]LogConfig: Setting CVar [[r.VolumetricFog:1]]
[2025.07.20-20.42.09:900][  0]LogConfig: Setting CVar [[r.VolumetricFog.GridPixelSize:8]]
[2025.07.20-20.42.09:900][  0]LogConfig: Setting CVar [[r.VolumetricFog.GridSizeZ:128]]
[2025.07.20-20.42.09:900][  0]LogConfig: Setting CVar [[r.VolumetricFog.HistoryMissSupersampleCount:4]]
[2025.07.20-20.42.09:900][  0]LogConfig: Setting CVar [[r.LightMaxDrawDistanceScale:1]]
[2025.07.20-20.42.09:900][  0]LogConfig: Setting CVar [[r.CapsuleShadows:1]]
[2025.07.20-20.42.09:900][  0]LogConfig: Applying CVar settings from Section [PostProcessQuality@3] File [D:/UTN-e-learning/Unreal-Engine/Unreal-Projects/TP_PreEntrega/Saved/Config/Windows/Scalability.ini]
[2025.07.20-20.42.09:900][  0]LogConfig: Setting CVar [[r.MotionBlurQuality:4]]
[2025.07.20-20.42.09:900][  0]LogConfig: Setting CVar [[r.AmbientOcclusionMipLevelFactor:0.4]]
[2025.07.20-20.42.09:900][  0]LogConfig: Setting CVar [[r.AmbientOcclusionMaxQuality:100]]
[2025.07.20-20.42.09:900][  0]LogConfig: Setting CVar [[r.AmbientOcclusionLevels:-1]]
[2025.07.20-20.42.09:900][  0]LogConfig: Setting CVar [[r.AmbientOcclusionRadiusScale:1.0]]
[2025.07.20-20.42.09:900][  0]LogConfig: Setting CVar [[r.DepthOfFieldQuality:2]]
[2025.07.20-20.42.09:900][  0]LogConfig: Setting CVar [[r.RenderTargetPoolMin:400]]
[2025.07.20-20.42.09:900][  0]LogConfig: Setting CVar [[r.LensFlareQuality:2]]
[2025.07.20-20.42.09:900][  0]LogConfig: Setting CVar [[r.SceneColorFringeQuality:1]]
[2025.07.20-20.42.09:900][  0]LogConfig: Setting CVar [[r.EyeAdaptationQuality:2]]
[2025.07.20-20.42.09:900][  0]LogConfig: Setting CVar [[r.BloomQuality:5]]
[2025.07.20-20.42.09:900][  0]LogConfig: Setting CVar [[r.FastBlurThreshold:100]]
[2025.07.20-20.42.09:900][  0]LogConfig: Setting CVar [[r.Upscale.Quality:3]]
[2025.07.20-20.42.09:900][  0]LogConfig: Setting CVar [[r.Tonemapper.GrainQuantization:1]]
[2025.07.20-20.42.09:900][  0]LogConfig: Setting CVar [[r.LightShaftQuality:1]]
[2025.07.20-20.42.09:900][  0]LogConfig: Setting CVar [[r.Filter.SizeScale:1]]
[2025.07.20-20.42.09:900][  0]LogConfig: Setting CVar [[r.Tonemapper.Quality:5]]
[2025.07.20-20.42.09:900][  0]LogConfig: Setting CVar [[r.DOF.Gather.AccumulatorQuality:1        ; higher gathering accumulator quality]]
[2025.07.20-20.42.09:900][  0]LogConfig: Setting CVar [[r.DOF.Gather.PostfilterMethod:1          ; Median3x3 postfilering method]]
[2025.07.20-20.42.09:900][  0]LogConfig: Setting CVar [[r.DOF.Gather.EnableBokehSettings:0       ; no bokeh simulation when gathering]]
[2025.07.20-20.42.09:900][  0]LogConfig: Setting CVar [[r.DOF.Gather.RingCount:4                 ; medium number of samples when gathering]]
[2025.07.20-20.42.09:901][  0]LogConfig: Setting CVar [[r.DOF.Scatter.ForegroundCompositing:1    ; additive foreground scattering]]
[2025.07.20-20.42.09:901][  0]LogConfig: Setting CVar [[r.DOF.Scatter.BackgroundCompositing:2    ; additive background scattering]]
[2025.07.20-20.42.09:901][  0]LogConfig: Setting CVar [[r.DOF.Scatter.EnableBokehSettings:1      ; bokeh simulation when scattering]]
[2025.07.20-20.42.09:901][  0]LogConfig: Setting CVar [[r.DOF.Scatter.MaxSpriteRatio:0.1         ; only a maximum of 10% of scattered bokeh]]
[2025.07.20-20.42.09:901][  0]LogConfig: Setting CVar [[r.DOF.Recombine.Quality:1                ; cheap slight out of focus]]
[2025.07.20-20.42.09:901][  0]LogConfig: Setting CVar [[r.DOF.Recombine.EnableBokehSettings:0    ; no bokeh simulation on slight out of focus]]
[2025.07.20-20.42.09:901][  0]LogConfig: Setting CVar [[r.DOF.TemporalAAQuality:1                ; more stable temporal accumulation]]
[2025.07.20-20.42.09:901][  0]LogConfig: Setting CVar [[r.DOF.Kernel.MaxForegroundRadius:0.025]]
[2025.07.20-20.42.09:901][  0]LogConfig: Setting CVar [[r.DOF.Kernel.MaxBackgroundRadius:0.025]]
[2025.07.20-20.42.09:901][  0]LogConfig: Applying CVar settings from Section [TextureQuality@3] File [D:/UTN-e-learning/Unreal-Engine/Unreal-Projects/TP_PreEntrega/Saved/Config/Windows/Scalability.ini]
[2025.07.20-20.42.09:901][  0]LogConfig: Setting CVar [[r.Streaming.MipBias:0]]
[2025.07.20-20.42.09:901][  0]LogConfig: Setting CVar [[r.Streaming.AmortizeCPUToGPUCopy:0]]
[2025.07.20-20.42.09:901][  0]LogConfig: Setting CVar [[r.Streaming.MaxNumTexturesToStreamPerFrame:0]]
[2025.07.20-20.42.09:901][  0]LogConfig: Setting CVar [[r.Streaming.Boost:1]]
[2025.07.20-20.42.09:901][  0]LogConfig: Setting CVar [[r.MaxAnisotropy:8]]
[2025.07.20-20.42.09:901][  0]LogConfig: Setting CVar [[r.VT.MaxAnisotropy:8]]
[2025.07.20-20.42.09:901][  0]LogConfig: Setting CVar [[r.Streaming.LimitPoolSizeToVRAM:0]]
[2025.07.20-20.42.09:901][  0]LogConfig: Setting CVar [[r.Streaming.PoolSize:1000]]
[2025.07.20-20.42.09:901][  0]LogConfig: Setting CVar [[r.Streaming.MaxEffectiveScreenSize:0]]
[2025.07.20-20.42.09:901][  0]LogConfig: Applying CVar settings from Section [EffectsQuality@3] File [D:/UTN-e-learning/Unreal-Engine/Unreal-Projects/TP_PreEntrega/Saved/Config/Windows/Scalability.ini]
[2025.07.20-20.42.09:901][  0]LogConfig: Setting CVar [[r.TranslucencyLightingVolumeDim:64]]
[2025.07.20-20.42.09:901][  0]LogConfig: Setting CVar [[r.RefractionQuality:2]]
[2025.07.20-20.42.09:901][  0]LogConfig: Setting CVar [[r.SSR.Quality:3]]
[2025.07.20-20.42.09:901][  0]LogConfig: Setting CVar [[r.SSR.HalfResSceneColor:0]]
[2025.07.20-20.42.09:901][  0]LogConfig: Setting CVar [[r.SceneColorFormat:4]]
[2025.07.20-20.42.09:901][  0]LogConfig: Setting CVar [[r.DetailMode:2]]
[2025.07.20-20.42.09:901][  0]LogConfig: Setting CVar [[r.TranslucencyVolumeBlur:1]]
[2025.07.20-20.42.09:901][  0]LogConfig: Setting CVar [[r.MaterialQualityLevel:1 ; High quality]]
[2025.07.20-20.42.09:901][  0]LogConfig: Setting CVar [[r.AnisotropicMaterials:1]]
[2025.07.20-20.42.09:901][  0]LogConfig: Setting CVar [[r.SSS.Scale:1]]
[2025.07.20-20.42.09:901][  0]LogConfig: Setting CVar [[r.SSS.SampleSet:2]]
[2025.07.20-20.42.09:901][  0]LogConfig: Setting CVar [[r.SSS.Quality:1]]
[2025.07.20-20.42.09:901][  0]LogConfig: Setting CVar [[r.SSS.HalfRes:0]]
[2025.07.20-20.42.09:901][  0]LogConfig: Setting CVar [[r.SSGI.Quality:3]]
[2025.07.20-20.42.09:901][  0]LogConfig: Setting CVar [[r.EmitterSpawnRateScale:1.0]]
[2025.07.20-20.42.09:902][  0]LogConfig: Setting CVar [[r.ParticleLightQuality:2]]
[2025.07.20-20.42.09:902][  0]LogConfig: Setting CVar [[r.SkyAtmosphere.AerialPerspectiveLUT.FastApplyOnOpaque:1 ; Always have FastSkyLUT 1 in this case to avoid wrong sky]]
[2025.07.20-20.42.09:902][  0]LogConfig: Setting CVar [[r.SkyAtmosphere.AerialPerspectiveLUT.SampleCountMaxPerSlice:4]]
[2025.07.20-20.42.09:902][  0]LogConfig: Setting CVar [[r.SkyAtmosphere.AerialPerspectiveLUT.DepthResolution:16.0]]
[2025.07.20-20.42.09:902][  0]LogConfig: Setting CVar [[r.SkyAtmosphere.FastSkyLUT:1]]
[2025.07.20-20.42.09:902][  0]LogConfig: Setting CVar [[r.SkyAtmosphere.FastSkyLUT.SampleCountMin:4.0]]
[2025.07.20-20.42.09:902][  0]LogConfig: Setting CVar [[r.SkyAtmosphere.FastSkyLUT.SampleCountMax:128.0]]
[2025.07.20-20.42.09:902][  0]LogConfig: Setting CVar [[r.SkyAtmosphere.SampleCountMin:4.0]]
[2025.07.20-20.42.09:902][  0]LogConfig: Setting CVar [[r.SkyAtmosphere.SampleCountMax:128.0]]
[2025.07.20-20.42.09:902][  0]LogConfig: Setting CVar [[r.SkyAtmosphere.TransmittanceLUT.UseSmallFormat:0]]
[2025.07.20-20.42.09:902][  0]LogConfig: Setting CVar [[r.SkyAtmosphere.TransmittanceLUT.SampleCount:10.0]]
[2025.07.20-20.42.09:902][  0]LogConfig: Setting CVar [[r.SkyAtmosphere.MultiScatteringLUT.SampleCount:15.0]]
[2025.07.20-20.42.09:902][  0]LogConfig: Setting CVar [[r.SkyLight.RealTimeReflectionCapture:1]]
[2025.07.20-20.42.09:902][  0]LogConfig: Setting CVar [[fx.Niagara.QualityLevel:3]]
[2025.07.20-20.42.09:902][  0]LogConfig: Applying CVar settings from Section [FoliageQuality@3] File [D:/UTN-e-learning/Unreal-Engine/Unreal-Projects/TP_PreEntrega/Saved/Config/Windows/Scalability.ini]
[2025.07.20-20.42.09:902][  0]LogConfig: Setting CVar [[foliage.DensityScale:1.0]]
[2025.07.20-20.42.09:902][  0]LogConfig: Setting CVar [[grass.DensityScale:1.0]]
[2025.07.20-20.42.09:902][  0]LogConfig: Applying CVar settings from Section [ShadingQuality@3] File [D:/UTN-e-learning/Unreal-Engine/Unreal-Projects/TP_PreEntrega/Saved/Config/Windows/Scalability.ini]
[2025.07.20-20.42.09:902][  0]LogConfig: Setting CVar [[r.HairStrands.SkyLighting.IntegrationType:2]]
[2025.07.20-20.42.09:902][  0]LogConfig: Setting CVar [[r.HairStrands.SkyAO.SampleCount:4]]
[2025.07.20-20.42.09:902][  0]LogConfig: Setting CVar [[r.HairStrands.Visibility.MSAA.SamplePerPixel:4]]
[2025.07.20-20.42.09:902][  0]LogConfig: Setting CVar [[r.HairStrands.Interpolation.UseSingleGuide:0]]
[2025.07.20-20.42.09:902][  0]LogConfig: Applying CVar settings from Section [Startup] File [../../../Engine/Config/ConsoleVariables.ini]
[2025.07.20-20.42.09:903][  0]LogConfig: Setting CVar [[net.UseAdaptiveNetUpdateFrequency:0]]
[2025.07.20-20.42.09:903][  0]LogConfig: Setting CVar [[p.chaos.AllowCreatePhysxBodies:1]]
[2025.07.20-20.42.09:903][  0]LogConfig: Setting CVar [[fx.SkipVectorVMBackendOptimizations:1]]
[2025.07.20-20.42.09:903][  0]LogConfig: Applying CVar settings from Section [ConsoleVariables] File [D:/UTN-e-learning/Unreal-Engine/Unreal-Projects/TP_PreEntrega/Saved/Config/Windows/Engine.ini]
[2025.07.20-20.42.09:903][  0]LogConfig: Applying CVar settings from Section [ConsoleVariables] File [D:/UTN-e-learning/Unreal-Engine/Unreal-Projects/TP_PreEntrega/Saved/Config/Windows/Editor.ini]
[2025.07.20-20.42.09:904][  0]LogInit: Computer: LAPTOP-AHL2VAE2
[2025.07.20-20.42.09:904][  0]LogInit: User: ezequ
[2025.07.20-20.42.09:904][  0]LogInit: CPU Page size=4096, Cores=4
[2025.07.20-20.42.09:904][  0]LogInit: High frequency timer resolution =10.000000 MHz
[2025.07.20-20.42.09:904][  0]LogMemory: Memory total: Physical=31.9GB (32GB approx)
[2025.07.20-20.42.09:904][  0]LogMemory: Platform Memory Stats for Windows
[2025.07.20-20.42.09:904][  0]LogMemory: Process Physical Memory: 152.06 MB used, 152.06 MB peak
[2025.07.20-20.42.09:904][  0]LogMemory: Process Virtual Memory: 115.53 MB used, 115.53 MB peak
[2025.07.20-20.42.09:904][  0]LogMemory: Physical Memory: 9891.54 MB used,  22724.70 MB free, 32616.24 MB total
[2025.07.20-20.42.09:905][  0]LogMemory: Virtual Memory: 134179144.00 MB used,  38586.56 MB free, 134217728.00 MB total
[2025.07.20-20.42.09:929][  0]LogWindows: WindowsPlatformFeatures enabled
[2025.07.20-20.42.10:418][  0]LogInit: Physics initialised using underlying interface: PhysX
[2025.07.20-20.42.10:429][  0]LogInit: Overriding language with editor language configuration option (en).
[2025.07.20-20.42.10:430][  0]LogInit: Overriding language with editor locale configuration option (en).
[2025.07.20-20.42.11:243][  0]LogInit: Setting process to per monitor DPI aware
[2025.07.20-20.42.11:282][  0]LogWindowsTextInputMethodSystem: Display: IME system deactivated.
[2025.07.20-20.42.11:340][  0]LogSlate: New Slate User Created.  User Index 0, Is Virtual User: 0
[2025.07.20-20.42.11:340][  0]LogSlate: Slate User Registered.  User Index 0, Is Virtual User: 0
[2025.07.20-20.42.12:147][  0]LogD3D11RHI: Loaded GFSDK_Aftermath_Lib.x64.dll
[2025.07.20-20.42.12:160][  0]LogHMD: Failed to initialize OpenVR with code 110
[2025.07.20-20.42.12:160][  0]LogD3D11RHI: D3D11 min allowed feature level: 11_0
[2025.07.20-20.42.12:160][  0]LogD3D11RHI: D3D11 max allowed feature level: 11_0
[2025.07.20-20.42.12:160][  0]LogD3D11RHI: D3D11 adapters:
[2025.07.20-20.42.12:408][  0]LogD3D11RHI:    0. 'NVIDIA GeForce GTX 1050' (Feature Level 11_0)
[2025.07.20-20.42.12:408][  0]LogD3D11RHI:       2996/0/16308 MB DedicatedVideo/DedicatedSystem/SharedSystem, Outputs:1, VendorId:0x10de
[2025.07.20-20.42.12:475][  0]LogD3D11RHI:    1. 'Intel(R) UHD Graphics 630' (Feature Level 11_0)
[2025.07.20-20.42.12:475][  0]LogD3D11RHI:       128/0/16308 MB DedicatedVideo/DedicatedSystem/SharedSystem, Outputs:1, VendorId:0x8086
[2025.07.20-20.42.12:491][  0]LogD3D11RHI:    2. 'Microsoft Basic Render Driver' (Feature Level 11_0)
[2025.07.20-20.42.12:491][  0]LogD3D11RHI:       0/0/16308 MB DedicatedVideo/DedicatedSystem/SharedSystem, Outputs:0, VendorId:0x1414
[2025.07.20-20.42.12:491][  0]LogD3D11RHI: Chosen D3D11 Adapter:
[2025.07.20-20.42.12:491][  0]LogD3D11RHI:     Description : NVIDIA GeForce GTX 1050
[2025.07.20-20.42.12:491][  0]LogD3D11RHI:     VendorId    : 10de
[2025.07.20-20.42.12:491][  0]LogD3D11RHI:     DeviceId    : 1c91
[2025.07.20-20.42.12:491][  0]LogD3D11RHI:     SubSysId    : 13321025
[2025.07.20-20.42.12:491][  0]LogD3D11RHI:     Revision    : 00a1
[2025.07.20-20.42.12:491][  0]LogD3D11RHI:     DedicatedVideoMemory : 3141533696 bytes
[2025.07.20-20.42.12:491][  0]LogD3D11RHI:     DedicatedSystemMemory : 0 bytes
[2025.07.20-20.42.12:491][  0]LogD3D11RHI:     SharedSystemMemory : 17100302336 bytes
[2025.07.20-20.42.12:491][  0]LogD3D11RHI:     AdapterLuid : 0 90051
[2025.07.20-20.42.12:505][  0]LogD3D11RHI: Creating new Direct3DDevice
[2025.07.20-20.42.12:506][  0]LogD3D11RHI:     GPU DeviceId: 0x1c91 (for the marketing name, search the web for "GPU Device Id")
[2025.07.20-20.42.12:506][  0]LogWindows: EnumDisplayDevices:
[2025.07.20-20.42.12:506][  0]LogWindows:    0. 'Intel(R) UHD Graphics 630' (P:0 D:1)
[2025.07.20-20.42.12:507][  0]LogWindows:    1. 'Intel(R) UHD Graphics 630' (P:0 D:0)
[2025.07.20-20.42.12:508][  0]LogWindows:    2. 'Intel(R) UHD Graphics 630' (P:0 D:0)
[2025.07.20-20.42.12:509][  0]LogWindows:    3. 'NVIDIA GeForce GTX 1050' (P:1 D:1)
[2025.07.20-20.42.12:509][  0]LogWindows: DebugString: PrimaryIsNotTheChoosenAdapter PrimaryIsNotTheChoosenAdapter PrimaryIsNotTheChoosenAdapter 
[2025.07.20-20.42.12:509][  0]LogD3D11RHI:     Adapter Name: NVIDIA GeForce GTX 1050
[2025.07.20-20.42.12:509][  0]LogD3D11RHI:   Driver Version: 451.67 (internal:27.21.14.5167, unified:451.67)
[2025.07.20-20.42.12:509][  0]LogD3D11RHI:      Driver Date: 7-5-2020
[2025.07.20-20.42.12:509][  0]LogRHI: Texture pool is 2097 MB (70% of 2996 MB)
[2025.07.20-20.42.12:510][  0]LogD3D11RHI: Creating D3DDevice using adapter:
[2025.07.20-20.42.12:510][  0]LogD3D11RHI:     Description : NVIDIA GeForce GTX 1050
[2025.07.20-20.42.12:510][  0]LogD3D11RHI:     VendorId    : 10de
[2025.07.20-20.42.12:510][  0]LogD3D11RHI:     DeviceId    : 1c91
[2025.07.20-20.42.12:510][  0]LogD3D11RHI:     SubSysId    : 13321025
[2025.07.20-20.42.12:510][  0]LogD3D11RHI:     Revision    : 00a1
[2025.07.20-20.42.12:510][  0]LogD3D11RHI:     DedicatedVideoMemory : 3141533696 bytes
[2025.07.20-20.42.12:510][  0]LogD3D11RHI:     DedicatedSystemMemory : 0 bytes
[2025.07.20-20.42.12:510][  0]LogD3D11RHI:     SharedSystemMemory : 17100302336 bytes
[2025.07.20-20.42.12:510][  0]LogD3D11RHI:     AdapterLuid : 0 90051
[2025.07.20-20.42.12:609][  0]LogD3D11RHI: RHI has support for 64 bit atomics
[2025.07.20-20.42.12:610][  0]LogD3D11RHI: Async texture creation enabled
[2025.07.20-20.42.12:610][  0]LogD3D11RHI: Array index from any shader is supported
[2025.07.20-20.42.12:659][  0]LogD3D11RHI: GPU Timing Frequency: 1000.000000 (Debug: 2 1)
[2025.07.20-20.42.12:851][  0]LogRHI: GeForceNow SDK initialized: 1
[2025.07.20-20.42.14:014][  0]LogTargetPlatformManager: Display: Loaded TargetPlatform 'AllDesktop'
[2025.07.20-20.42.14:096][  0]LogTargetPlatformManager: Display: Loaded TargetPlatform 'Android'
[2025.07.20-20.42.14:096][  0]LogTargetPlatformManager: Display: Loaded TargetPlatform 'Android_ASTC'
[2025.07.20-20.42.14:096][  0]LogTargetPlatformManager: Display: Loaded TargetPlatform 'Android_DXT'
[2025.07.20-20.42.14:096][  0]LogTargetPlatformManager: Display: Loaded TargetPlatform 'Android_ETC2'
[2025.07.20-20.42.14:096][  0]LogTargetPlatformManager: Display: Loaded TargetPlatform 'AndroidClient'
[2025.07.20-20.42.14:096][  0]LogTargetPlatformManager: Display: Loaded TargetPlatform 'Android_ASTCClient'
[2025.07.20-20.42.14:096][  0]LogTargetPlatformManager: Display: Loaded TargetPlatform 'Android_DXTClient'
[2025.07.20-20.42.14:096][  0]LogTargetPlatformManager: Display: Loaded TargetPlatform 'Android_ETC2Client'
[2025.07.20-20.42.14:096][  0]LogTargetPlatformManager: Display: Loaded TargetPlatform 'Android_Multi'
[2025.07.20-20.42.14:096][  0]LogTargetPlatformManager: Display: Loaded TargetPlatform 'Android_MultiClient'
[2025.07.20-20.42.14:187][  0]LogTargetPlatformManager: Display: Loaded TargetPlatform 'IOSClient'
[2025.07.20-20.42.14:187][  0]LogTargetPlatformManager: Display: Loaded TargetPlatform 'IOS'
[2025.07.20-20.42.14:221][  0]LogTargetPlatformManager: Display: Loaded TargetPlatform 'Linux'
[2025.07.20-20.42.14:243][  0]LogTargetPlatformManager: Display: Loaded TargetPlatform 'LinuxNoEditor'
[2025.07.20-20.42.14:265][  0]LogTargetPlatformManager: Display: Loaded TargetPlatform 'LinuxClient'
[2025.07.20-20.42.14:286][  0]LogTargetPlatformManager: Display: Loaded TargetPlatform 'LinuxServer'
[2025.07.20-20.42.14:316][  0]LogTargetPlatformManager: Display: Loaded TargetPlatform 'LinuxAArch64NoEditor'
[2025.07.20-20.42.14:337][  0]LogTargetPlatformManager: Display: Loaded TargetPlatform 'LinuxAArch64Client'
[2025.07.20-20.42.14:360][  0]LogTargetPlatformManager: Display: Loaded TargetPlatform 'LinuxAArch64Server'
[2025.07.20-20.42.14:421][  0]LogTargetPlatformManager: Display: Loaded TargetPlatform 'Lumin'
[2025.07.20-20.42.14:421][  0]LogTargetPlatformManager: Display: Loaded TargetPlatform 'LuminClient'
[2025.07.20-20.42.14:448][  0]LogTargetPlatformManager: Display: Loaded TargetPlatform 'MacNoEditor'
[2025.07.20-20.42.14:465][  0]LogTargetPlatformManager: Display: Loaded TargetPlatform 'Mac'
[2025.07.20-20.42.14:481][  0]LogTargetPlatformManager: Display: Loaded TargetPlatform 'MacClient'
[2025.07.20-20.42.14:496][  0]LogTargetPlatformManager: Display: Loaded TargetPlatform 'MacServer'
[2025.07.20-20.42.14:525][  0]LogTargetPlatformManager: Display: Loaded TargetPlatform 'TVOSClient'
[2025.07.20-20.42.14:525][  0]LogTargetPlatformManager: Display: Loaded TargetPlatform 'TVOS'
[2025.07.20-20.42.14:551][  0]LogTargetPlatformManager: Display: Loaded TargetPlatform 'WindowsNoEditor'
[2025.07.20-20.42.14:569][  0]LogTargetPlatformManager: Display: Loaded TargetPlatform 'Windows'
[2025.07.20-20.42.14:585][  0]LogTargetPlatformManager: Display: Loaded TargetPlatform 'WindowsClient'
[2025.07.20-20.42.14:600][  0]LogTargetPlatformManager: Display: Loaded TargetPlatform 'WindowsServer'
[2025.07.20-20.42.14:600][  0]LogTargetPlatformManager: Display: Building Assets For Windows
[2025.07.20-20.42.14:685][  0]LogAudioDebug: Display: Lib vorbis DLL was dynamically loaded.
[2025.07.20-20.42.14:922][  0]LogTextureFormatOodle: Display: Oodle Texture 2.9.0 init RDO Off
[2025.07.20-20.42.15:239][  0]LogRendererCore: Ray tracing is disabled. Reason: r.RayTracing=0.
[2025.07.20-20.42.15:241][  0]LogShaderCompilers: Guid format shader working directory is -28 characters bigger than the processId version (../../../../../UTN-e-learning/Unreal-Engine/Unreal-Projects/TP_PreEntrega/Intermediate/Shaders/WorkingDirectory/16748/).
[2025.07.20-20.42.15:242][  0]LogShaderCompilers: Cleaned the shader compiler working directory 'C:/Users/ezequ/AppData/Local/Temp/UnrealShaderWorkingDir/6640984C42659DEBBFBD0CBA09AAD1C5/'.
[2025.07.20-20.42.15:243][  0]LogXGEController: Cannot use XGE Controller as Incredibuild is not installed on this machine.
[2025.07.20-20.42.15:243][  0]LogShaderCompilers: Cannot use XGE Shader Compiler as Incredibuild is not installed on this machine.
[2025.07.20-20.42.15:243][  0]LogShaderCompilers: Display: Using Local Shader Compiler.
[2025.07.20-20.42.17:397][  0]LogDerivedDataCache: Display: Max Cache Size: 512 MB
[2025.07.20-20.42.17:581][  0]LogDerivedDataCache: Loaded boot cache 0.18s 97MB C:/Users/ezequ/AppData/Local/UnrealEngine/4.27/DerivedDataCache/Boot.ddc.
[2025.07.20-20.42.17:581][  0]LogDerivedDataCache: Display: Loaded Boot cache: C:/Users/ezequ/AppData/Local/UnrealEngine/4.27/DerivedDataCache/Boot.ddc
[2025.07.20-20.42.17:581][  0]LogDerivedDataCache: FDerivedDataBackendGraph:  Pak pak cache file ../../../../../UTN-e-learning/Unreal-Engine/Unreal-Projects/TP_PreEntrega/DerivedDataCache/DDC.ddp not found, will not use a pak cache.
[2025.07.20-20.42.17:581][  0]LogDerivedDataCache: Unable to find inner node Pak for hierarchical cache Hierarchy.
[2025.07.20-20.42.17:581][  0]LogDerivedDataCache: FDerivedDataBackendGraph:  CompressedPak pak cache file ../../../../../UTN-e-learning/Unreal-Engine/Unreal-Projects/TP_PreEntrega/DerivedDataCache/Compressed.ddp not found, will not use a pak cache.
[2025.07.20-20.42.17:581][  0]LogDerivedDataCache: Unable to find inner node CompressedPak for hierarchical cache Hierarchy.
[2025.07.20-20.42.17:624][  0]LogDerivedDataCache: Display: Pak cache opened for reading ../../../Engine/DerivedDataCache/Compressed.ddp.
[2025.07.20-20.42.17:624][  0]LogDerivedDataCache: FDerivedDataBackendGraph:  EnterprisePak pak cache file ../../../Enterprise/DerivedDataCache/Compressed.ddp not found, will not use a pak cache.
[2025.07.20-20.42.17:624][  0]LogDerivedDataCache: Unable to find inner node EnterprisePak for hierarchical cache Hierarchy.
[2025.07.20-20.42.17:671][  0]LogDerivedDataCache: Speed tests for C:/Users/ezequ/AppData/Local/UnrealEngine/Common/DerivedDataCache took 0.05 seconds
[2025.07.20-20.42.17:671][  0]LogDerivedDataCache: Display: Performance to C:/Users/ezequ/AppData/Local/UnrealEngine/Common/DerivedDataCache: Latency=0.63ms. RandomReadSpeed=61.38MBs, RandomWriteSpeed=39.89MBs. Assigned SpeedClass 'Local'
[2025.07.20-20.42.17:673][  0]LogDerivedDataCache: Using Local data cache path C:/Users/ezequ/AppData/Local/UnrealEngine/Common/DerivedDataCache: Writable
[2025.07.20-20.42.17:673][  0]LogDerivedDataCache: Shared data cache path not found in *engine.ini, will not use an Shared cache.
[2025.07.20-20.42.17:673][  0]LogDerivedDataCache: Unable to find inner node Shared for hierarchical cache Hierarchy.
[2025.07.20-20.42.17:904][  0]LogSlate: Using FreeType 2.10.0
[2025.07.20-20.42.17:909][  0]LogSlate: SlateFontServices - WITH_FREETYPE: 1, WITH_HARFBUZZ: 1
[2025.07.20-20.42.18:007][  0]LogAssetRegistry: FAssetRegistry took 0.0063 seconds to start up
[2025.07.20-20.42.18:644][  0]LogInit: Selected Device Profile: [Windows]
[2025.07.20-20.42.18:645][  0]LogInit: Active device profile: [0000024A3196BB00][0000024A2F14C5C0 49] Windows
[2025.07.20-20.42.18:645][  0]LogInit: Profiles: [0000024A3196BB00][0000024A2F14C5C0 49] Windows, [0000024A31920600][0000024A2AFD6700 49] WindowsNoEditor, [0000024A31968600][0000024A2AFDA840 49] WindowsServer, [0000024A31923300][0000024A2AFDE980 49] WindowsClient, [0000024A3196B200][0000024A2AFE6B00 49] IOS, [0000024A31921000][0000024A2AFEAC80 49] iPadAir, [0000024A31968F00][0000024A2AFEEE00 49] iPadAir2, [0000024A318D8300][0000024A27D810C0 49] IPadPro, [0000024A318CBF00][0000024A27D7D100 49] iPadAir3, [0000024A3196AD00][0000024A27D85280 49] iPadAir4, [0000024A318C8C00][0000024A27D89400 49] iPadMini2, [0000024A31969300][0000024A27D8D580 49] iPadMini3, [0000024A318CAE00][0000024A27D91700 49] iPadMini4, [0000024A3196A500][0000024A27D95880 49] iPadMini5, [0000024A31922B00][0000024A27D9DB40 49] iPhone6, [0000024A31922C00][0000024A27D99B80 49] iPodTouch6, [0000024A318C9000][0000024A27DA42C0 49] iPhone7, [0000024A318C9100][0000024A27DA0300 49] iPodTouch7, [0000024A31920700][0000024A27DA8480 49] iPhone5S, [0000024A318CB500][0000024A27DAC600 49] iPhone6Plus, [0000024A31921400][0000024A27DB0780 49] iPhone6S, [0000024A318CA100][0000024A2AFE28C0 49] iPhone6SPlus, [0000024A31920B00][0000024A27DB4A00 49] iPhone7Plus, [0000024A318C8400][0000024A27DB8B40 49] iPhoneSE, [0000024A31921B00][0000024A27DC0CC0 49] iPhone8, [0000024A318CA600][0000024A2CCD0E40 49] iPhone8Plus, [0000024A31920200][0000024A2CCD4FC0 49] iPhoneX, [0000024A318C8200][0000024A2CCD9140 49] iPhoneXS, [0000024A31923A00][0000024A2CCDD2C0 49] iPhoneXSMax, [0000024A318CA400][0000024A2CCE1440 49] iPhoneXR, [0000024A31922A00][0000024A2CCE55C0 49] iPhone11, [0000024A318CAB00][0000024A2CCE9740 49] iPhone11Pro, [0000024A31920D00][0000024A2CCED8C0 49] iPhone11ProMax, [0000024A318C8F00][0000024A2CCF1A40 49] iPhoneSE2, [0000024A31920400][0000024A2CCF5BC0 49] iPhone12Mini, [0000024A318C8100][0000024A2CCF81C0 49] iPhone12, [0000024A31923800][0000024A2CCFC340 49] iPhone12Pro, [0000024A318CB100][0000024A2CD004C0 49] iPhone12ProMax, [0000024A31923400][0000024A2CD04640 49] iPadPro105, [0000024A318CAD00][0000024A2CD087C0 49] iPadPro129, [0000024A31921900][0000024A2CD0C940 49] iPadPro97, [0000024A318CA000][0000024A27DBCA80 49] iPadPro2_129, [0000024A31921600][0000024A2CD10BC0 49] iPad5, [0000024A318C8500][0000024A2CD14D00 49] iPad6, [0000024A31922000][0000024A2CD18E40 49] iPad7, [0000024A318C8D00][0000024A2CD20FC0 49] iPad8, [0000024A31921300][0000024A2CD25140 49] iPadPro11, [0000024A318CAC00][0000024A2CD292C0 49] iPadPro2_11, [0000024A31923500][0000024A2CD2D440 49] iPadPro3_129, [0000024A318CBE00][0000024A2CD315C0 49] iPadPro4_129, [0000024A31922500][0000024A2CD35740 49] AppleTV, [0000024A318CA500][0000024A2CD398C0 49] AppleTV4K, [0000024A31921F00][0000024A2CD3DA40 49] TVOS, [0000024A318C9A00][0000024A2CD41BC0 49] Mac, [0000024A31920F00][0000024A2CD441C0 49] MacClient, [0000024A318C9700][0000024A2CD48340 49] MacNoEditor, [0000024A31921A00][0000024A2CD4C4C0 49] MacServer, [0000024A318CA900][0000024A2CD50640 49] Linux, [0000024A31921C00][0000024A2CD547C0 49] LinuxAArch64, [0000024A318CB000][0000024A2CD58940 49] LinuxNoEditor, [0000024A31921100][0000024A2CD5CAC0 49] LinuxAArch64NoEditor, [0000024A318CA700][0000024A2CD1CC00 49] LinuxClient, [0000024A31921700][0000024A2CD60D40 49] LinuxAArch64Client, [0000024A30594800][0000024A2CD64E80 49] LinuxServer, [0000024A318D8500][0000024A2CD68FC0 49] LinuxAArch64Server, [0000024A30594700][0000024A2CD71140 49] Android, [0000024A318D8600][0000024A2CD752C0 49] Android_Low, [0000024A30594100][0000024A2D3B7440 49] Android_Mid, [0000024A318D9000][0000024A2D3BB5C0 49] Android_High, [0000024A30596200][0000024A2D3BF740 49] Android_Default, [0000024A318DAB00][0000024A2D3C38C0 49] Android_Adreno4xx, [0000024A30594A00][0000024A2D3C7A40 49] Android_Adreno5xx_Low, [0000024A318D9600][0000024A2D3CBBC0 49] Android_Adreno5xx, [0000024A30595E00][0000024A2D3CE1C0 49] Android_Adreno6xx, [0000024A318DAC00][0000024A2D3D2340 49] Android_Adreno6xx_Vulkan, [0000024A30594D00][0000024A2D3D64C0 49] Android_Mali_T6xx, [0000024A318DA900][0000024A2D3DA640 49] Android_Mali_T7xx, [0000024A30594E00][0000024A2D3DE7C0 49] Android_Mali_T8xx, [0000024A318DB200][0000024A2D3E2940 49] Android_Mali_G71, [0000024A30595600][0000024A2D3E6AC0 49] Android_Mali_G72, [0000024A318DA000][0000024A2D3EAC40 49] Android_Mali_G72_Vulkan, [0000024A30595700][0000024A2D3EEDC0 49] Android_Mali_G76, [0000024A318D8900][0000024A2CD6CF00 49] Android_Mali_G76_Vulkan, [0000024A30595300][0000024A2D3F3040 49] Android_Mali_G77, [0000024A318D8A00][0000024A2D3F7180 49] Android_Mali_G77_Vulkan, [0000024A30594600][0000024A2D403300 49] Android_Mali_G78, [0000024A318DAE00][0000024A2D407480 49] Android_Mali_G78_Vulkan, [0000024A31920A00][0000024A2D40B600 49] Android_Mali_G710, [0000024A318C8600][0000024A2D40F780 49] Android_Mali_G710_Vulkan, [0000024A318D9D00][0000024A2D413900 49] Android_Vulkan_SM5, [0000024A318CB600][0000024A2D417A80 49] Android_PowerVR_G6xxx, [0000024A31920500][0000024A2D41BC00 49] Android_PowerVR_GT7xxx, [0000024A30596A00][0000024A2D41E200 49] Android_PowerVR_GE8xxx, [0000024A31921E00][0000024A2D422380 49] Android_PowerVR_GM9xxx, [0000024A30595B00][0000024A2D426500 49] Android_PowerVR_GM9xxx_Vulkan, [0000024A31922600][0000024A2D42A680 49] Android_TegraK1, [0000024A30596000][0000024A2D42E800 49] Android_Unknown_Vulkan, [0000024A31920300][0000024A2D432980 49] Lumin, [0000024A30595800][0000024A2D436B00 49] Lumin_Desktop, [0000024A31923E00][0000024A2D43AC80 49] HoloLens, 
[2025.07.20-20.42.19:150][  0]LogMeshReduction: Using QuadricMeshReduction for automatic static mesh reduction
[2025.07.20-20.42.19:151][  0]LogMeshReduction: Using SimplygonMeshReduction for automatic skeletal mesh reduction
[2025.07.20-20.42.19:151][  0]LogMeshReduction: Using ProxyLODMeshReduction for automatic mesh merging
[2025.07.20-20.42.19:151][  0]LogMeshReduction: No distributed automatic mesh merging module available
[2025.07.20-20.42.19:151][  0]LogMeshMerging: No distributed automatic mesh merging module available
[2025.07.20-20.42.19:245][  0]LogNetVersion: TP_PreEntrega 1.0.0, NetCL: 17155196, EngineNetVer: 17, GameNetVer: 0 (Checksum: 2958971551)
[2025.07.20-20.42.20:603][  0]LogTexture: Default maximum texture size for cubemaps generated from long-lat sources has been changed from 512 to unlimited. In order to preserve old behaiour for '/Engine/MapTemplates/Sky/DaylightAmbientCubemap.DaylightAmbientCubemap', its maximum texture size has been explicitly set to 512.
[2025.07.20-20.42.20:825][  0]LogHMD: PokeAHoleMaterial loaded successfully
[2025.07.20-20.42.20:838][  0]LogUObjectArray: 18053 objects as part of root set at end of initial load.
[2025.07.20-20.42.20:838][  0]LogUObjectAllocator: 4611920 out of 0 bytes used by permanent object pool.
[2025.07.20-20.42.20:838][  0]LogUObjectArray: CloseDisregardForGC: 0/0 objects in disregard for GC pool
[2025.07.20-20.42.21:516][  0]LogNiagaraDebuggerClient: Niagara Debugger Client Initialized | Session: C71E3DBD4DB5045F0AD37CBDB683DB48 | Instance: C42E74634EE005237A888BA48E6A0DC4 (LAPTOP-AHL2VAE2-16748).
[2025.07.20-20.42.22:617][  0]LogTcpMessaging: Initializing TcpMessaging bridge
[2025.07.20-20.42.22:642][  0]LogUdpMessaging: Initializing bridge on interface 0.0.0.0:0 to multicast group 230.0.0.1:6666.
[2025.07.20-20.42.22:755][  0]LogPython: Using Python 3.7.7
[2025.07.20-20.42.24:702][  0]SourceControl: Source control is disabled
[2025.07.20-20.42.24:702][  0]SourceControl: Source control is disabled
[2025.07.20-20.42.24:761][  0]SourceControl: Source control is disabled
[2025.07.20-20.42.24:777][  0]SourceControl: Source control is disabled
[2025.07.20-20.42.24:803][  0]SourceControl: Source control is disabled
[2025.07.20-20.42.24:843][  0]LogUProjectInfo: Found projects:
[2025.07.20-20.42.26:232][  0]LogOpenImageDenoise: OIDN starting up
[2025.07.20-20.42.26:320][  0]LogAndroidPermission: UAndroidPermissionCallbackProxy::GetInstance
[2025.07.20-20.42.26:360][  0]LogAudioCaptureCore: Display: No Audio Capture implementations found. Audio input will be silent.
[2025.07.20-20.42.26:360][  0]LogAudioCaptureCore: Display: No Audio Capture implementations found. Audio input will be silent.
[2025.07.20-20.42.26:795][  0]LogCollectionManager: Loaded 0 collections in 0.003068 seconds
[2025.07.20-20.42.26:881][  0]LogFileCache: Scanning file cache for directory 'D:/UTN-e-learning/Unreal-Engine/Unreal-Projects/TP_PreEntrega/Saved/Collections/' took 0.00s
[2025.07.20-20.42.26:881][  0]LogFileCache: Scanning file cache for directory 'D:/UTN-e-learning/Unreal-Engine/Unreal-Projects/TP_PreEntrega/Content/Developers/ezequ/Collections/' took 0.00s
[2025.07.20-20.42.26:881][  0]LogFileCache: Scanning file cache for directory 'D:/UTN-e-learning/Unreal-Engine/Unreal-Projects/TP_PreEntrega/Content/Collections/' took 0.00s
[2025.07.20-20.42.26:882][  0]LogOcInput: OculusInput pre-init called
[2025.07.20-20.42.27:508][  0]LogClass: Display: IntProperty FPhysicsConvexData::NumVertices is not initialized properly. Module:MeshModelingTools File:Public/Physics/CollisionPropertySets.h
[2025.07.20-20.42.27:508][  0]LogClass: Display: IntProperty FPhysicsConvexData::NumFaces is not initialized properly. Module:MeshModelingTools File:Public/Physics/CollisionPropertySets.h
[2025.07.20-20.42.27:508][  0]LogClass: Display: FloatProperty FPhysicsCapsuleData::Radius is not initialized properly. Module:MeshModelingTools File:Public/Physics/CollisionPropertySets.h
[2025.07.20-20.42.27:508][  0]LogClass: Display: FloatProperty FPhysicsCapsuleData::Length is not initialized properly. Module:MeshModelingTools File:Public/Physics/CollisionPropertySets.h
[2025.07.20-20.42.27:508][  0]LogClass: Display: StructProperty FPhysicsBoxData::Dimensions is not initialized properly. Module:MeshModelingTools File:Public/Physics/CollisionPropertySets.h
[2025.07.20-20.42.27:508][  0]LogClass: Display: FloatProperty FPhysicsSphereData::Radius is not initialized properly. Module:MeshModelingTools File:Public/Physics/CollisionPropertySets.h
[2025.07.20-20.42.27:508][  0]LogClass: Display: EnumProperty FLODLevelGenerateSettings::TargetMode is not initialized properly. Module:MeshModelingToolsEditorOnly File:Public/GenerateLODMeshesTool.h
[2025.07.20-20.42.27:508][  0]LogClass: Display: IntProperty FLODLevelGenerateSettings::TargetPercentage is not initialized properly. Module:MeshModelingToolsEditorOnly File:Public/GenerateLODMeshesTool.h
[2025.07.20-20.42.27:508][  0]LogClass: Display: IntProperty FLODLevelGenerateSettings::TargetCount is not initialized properly. Module:MeshModelingToolsEditorOnly File:Public/GenerateLODMeshesTool.h
[2025.07.20-20.42.27:509][  0]LogClass: Display: 9 Uninitialized script struct members found including 0 object properties
[2025.07.20-20.42.27:515][  0]LogEngine: Initializing Engine...
[2025.07.20-20.42.27:551][  0]LogHMD: Failed to enumerate extensions. Please check that you have a valid OpenXR runtime installed.
[2025.07.20-20.42.27:551][  0]LogHMD: Failed to initialize OpenVR with code 110
[2025.07.20-20.42.27:551][  0]LogMagicLeap: Warning: VR disabled because ZI is not enabled.  To enable, in the editor, Edit -> Project Settings -> Plugins -> Magic Leap Plugin -> Enable Zero Iteration
[2025.07.20-20.42.27:553][  0]LogStylusInput: Initializing StylusInput subsystem.
[2025.07.20-20.42.27:571][  0]LogStats: UGameplayTagsManager::InitializeManager -  0.000 s
[2025.07.20-20.42.27:871][  0]LogInit: Initializing FReadOnlyCVARCache
[2025.07.20-20.42.27:910][  0]LogAIModule: Creating AISystem for world Untitled
[2025.07.20-20.42.27:918][  0]LogAudio: Display: Initializing Audio Device Manager...
[2025.07.20-20.42.27:929][  0]LogAudio: Display: Loading Default Audio Settings Objects...
[2025.07.20-20.42.27:931][  0]LogAudio: Display: No default SoundConcurrencyObject specified (or failed to load).
[2025.07.20-20.42.27:931][  0]LogAudio: Display: Audio Device Manager Initialized
[2025.07.20-20.42.27:931][  0]LogAudio: Display: Creating Audio Device:                 Id: 1, Scope: Shared, Realtime: True
[2025.07.20-20.42.27:932][  0]LogAudioMixer: Display: Audio Mixer Platform Settings:
[2025.07.20-20.42.27:932][  0]LogAudioMixer: Display: 	Sample Rate:						  48000
[2025.07.20-20.42.27:932][  0]LogAudioMixer: Display: 	Callback Buffer Frame Size Requested: 1024
[2025.07.20-20.42.27:932][  0]LogAudioMixer: Display: 	Callback Buffer Frame Size To Use:	  1024
[2025.07.20-20.42.27:932][  0]LogAudioMixer: Display: 	Number of buffers to queue:			  2
[2025.07.20-20.42.27:932][  0]LogAudioMixer: Display: 	Max Channels (voices):				  32
[2025.07.20-20.42.27:932][  0]LogAudioMixer: Display: 	Number of Async Source Workers:		  0
[2025.07.20-20.42.27:932][  0]LogAudio: Display: AudioDevice MaxSources: 32
[2025.07.20-20.42.27:933][  0]LogAudio: Display: Audio Spatialization Plugin: None (built-in).
[2025.07.20-20.42.27:934][  0]LogAudio: Display: Audio Reverb Plugin: None (built-in).
[2025.07.20-20.42.27:934][  0]LogAudio: Display: Audio Occlusion Plugin: None (built-in).
[2025.07.20-20.42.27:934][  0]LogAudioMixer: Display: Initializing audio mixer.
[2025.07.20-20.42.27:987][  0]LogAudioMixer: Display: 0: FrontLeft
[2025.07.20-20.42.27:987][  0]LogAudioMixer: Display: 1: FrontRight
[2025.07.20-20.42.28:299][  0]LogAudioMixer: Display: Using Audio Device Speakers (Realtek(R) Audio)
[2025.07.20-20.42.28:300][  0]LogAudioMixer: Display: Initializing Sound Submixes...
[2025.07.20-20.42.28:311][  0]LogAudioMixer: Display: Creating Master Submix 'MasterSubmixDefault'
[2025.07.20-20.42.28:311][  0]LogAudioMixer: Display: Creating Master Submix 'MasterReverbSubmixDefault'
[2025.07.20-20.42.28:313][  0]LogAudioMixer: Display: Creating Master Submix 'MasterEQSubmixDefault'
[2025.07.20-20.42.28:313][  0]LogAudioMixer: FMixerPlatformXAudio2::StartAudioStream() called
[2025.07.20-20.42.28:313][  0]LogAudioMixer: Display: Output buffers initialized: Frames=1024, Channels=2, Samples=2048
[2025.07.20-20.42.28:314][  0]LogAudioMixer: Display: Starting AudioMixerPlatformInterface::RunInternal()
[2025.07.20-20.42.28:314][  0]LogAudioMixer: Display: FMixerPlatformXAudio2::SubmitBuffer() called for the first time
[2025.07.20-20.42.28:314][  0]LogInit: FAudioDevice initialized.
[2025.07.20-20.42.28:316][  0]LogAudio: Display: Audio Device (ID: 1) registered with world 'Untitled'.
[2025.07.20-20.42.28:316][  0]LogNetVersion: Set ProjectVersion to 1.0.0.0. Version Checksum will be recalculated on next use.
[2025.07.20-20.42.28:497][  0]LogDerivedDataCache: Saved boot cache 0.18s 97MB C:/Users/ezequ/AppData/Local/UnrealEngine/4.27/DerivedDataCache/Boot.ddc.
[2025.07.20-20.42.28:501][  0]LogInit: Texture streaming: Enabled
[2025.07.20-20.42.28:546][  0]LogAnalytics: Display: [UEEditor.Rocket.Release] APIServer = https://datarouter.ol.epicgames.com/. AppVersion = 4.27.2-18319896+++UE4+Release-4.27
[2025.07.20-20.42.28:574][  0]LogEngineSessionManager: EngineSessionManager initialized
[2025.07.20-20.42.28:574][  0]LogEngineSessionManager: EngineSessionManager sent abnormal shutdown report. Type=AbnormalShutdown, SessionId={FCD5F909-4B1A-23AA-2B64-12B998EA7B7B}
[2025.07.20-20.42.28:574][  0]LogEditorSessionSummary: Verbose: Initializing EditorSessionSummaryWriter for editor session tracking
[2025.07.20-20.42.28:611][  0]LogEditorSessionSummary: EditorSessionSummaryWriter initialized
[2025.07.20-20.42.28:712][  0]LogInit: Transaction tracking system initialized
[2025.07.20-20.42.28:802][  0]BlueprintLog: New page: Editor Load
[2025.07.20-20.42.29:104][  0]LocalizationService: Localization service is disabled
[2025.07.20-20.42.29:307][  0]TimingProfiler: Initialize
[2025.07.20-20.42.29:310][  0]TimingProfiler: OnSessionChanged
[2025.07.20-20.42.29:310][  0]LoadingProfiler: Initialize
[2025.07.20-20.42.29:310][  0]LoadingProfiler: OnSessionChanged
[2025.07.20-20.42.29:310][  0]NetworkingProfiler: Initialize
[2025.07.20-20.42.29:310][  0]NetworkingProfiler: OnSessionChanged
[2025.07.20-20.42.29:310][  0]MemoryProfiler: Initialize
[2025.07.20-20.42.29:310][  0]MemoryProfiler: OnSessionChanged
[2025.07.20-20.42.29:759][  0]LogCook: Display: CookSettings for Memory: MemoryMaxUsedVirtual 0MiB, MemoryMaxUsedPhysical 16384MiB, MemoryMinFreeVirtual 0MiB, MemoryMinFreePhysical 1024MiB
[2025.07.20-20.42.29:759][  0]LogCook: Display: Mobile HDR setting 1
[2025.07.20-20.42.30:011][  0]LogFileCache: Scanning file cache for directory 'D:/UTN-e-learning/Unreal-Engine/Unreal-Projects/TP_PreEntrega/Content/' took 0.02s
[2025.07.20-20.42.30:914][  0]LogInit: Display: Engine is initialized. Leaving FEngineLoop::Init()
[2025.07.20-20.42.30:936][  0]SourceControl: Source control is disabled
[2025.07.20-20.42.31:124][  0]LogSlate: Took 0.001185 seconds to synchronously load lazily loaded font '../../../Engine/Content/Slate/Fonts/Roboto-Regular.ttf' (155K)
[2025.07.20-20.42.37:782][  0]LogSlate: Window 'Restore Packages' being destroyed
[2025.07.20-20.42.37:783][  0]LogWindowsTextInputMethodSystem: Display: IME system deactivated.
[2025.07.20-20.42.37:857][  0]LogWindowsTextInputMethodSystem: Display: IME system deactivated.
[2025.07.20-20.42.39:593][  0]LogSlate: Window 'Unable to Check Out From Source Control!' being destroyed
[2025.07.20-20.42.39:594][  0]LogWindowsTextInputMethodSystem: Display: IME system deactivated.
[2025.07.20-20.42.39:626][  0]Message dialog closed, result: Ok, title: Unable to Check Out From Source Control!, text: The following assets could not be successfully checked out from source control:
/Game/ThirdPersonBP/Blueprints/blueprints/Textures/batMat
[2025.07.20-20.42.39:693][  0]LogWindowsTextInputMethodSystem: Display: IME system deactivated.
[2025.07.20-20.42.39:700][  0]LogUnrealEdMisc: Loading editor; pre map load, took 37.850
[2025.07.20-20.42.39:701][  0]Cmd: MAP LOAD FILE="../../../../../UTN-e-learning/Unreal-Engine/Unreal-Projects/TP_PreEntrega/Content/ThirdPersonBP/Maps/ThirdPersonExampleMap.umap" TEMPLATE=0 SHOWPROGRESS=1 FEATURELEVEL=3
[2025.07.20-20.42.39:702][  0]LightingResults: New page: Lighting Build
[2025.07.20-20.42.39:708][  0]LogWorld: UWorld::CleanupWorld for Untitled, bSessionEnded=true, bCleanupResources=true
[2025.07.20-20.42.39:709][  0]LogSlate: InvalidateAllWidgets triggered.  All widgets were invalidated
[2025.07.20-20.42.39:710][  0]MapCheck: New page: Map Check
[2025.07.20-20.42.39:710][  0]LightingResults: New page: Lighting Build
[2025.07.20-20.42.39:720][  0]LogAudio: Display: Audio Device unregistered from world 'None'.
[2025.07.20-20.42.39:729][  0]LogUObjectHash: Compacting FUObjectHashTables data took   2.19ms
[2025.07.20-20.42.41:422][  0]LogMaterial: Display: Missing cached shadermap for lambert3 in PCD3D_SM5, Default, SM5 (DDC key hash: 413A473F6C1F033E4C91DB0C697F95E9D6B983AF), compiling. 
[2025.07.20-20.42.41:429][  0]LogMaterial: Warning: [AssetLog] D:\UTN-e-learning\Unreal-Engine\Unreal-Projects\TP_PreEntrega\Content\ThirdPersonBP\Blueprints\blueprints\Textures\lambert3.uasset: Failed to compile Material for platform PCD3D_SM5, Default Material will be used in game.
[2025.07.20-20.42.41:429][  0]LogMaterial: Display: 	(Node TextureSample) TextureSample> Sampler type is Normal, should be Color for /Game/ThirdPersonBP/Blueprints/blueprints/Textures/ROCK04LB.ROCK04LB
[2025.07.20-20.42.41:563][  0]LogAudio: Display: Audio Device (ID: 1) registered with world 'ThirdPersonExampleMap'.
[2025.07.20-20.42.41:565][  0]LogAIModule: Creating AISystem for world ThirdPersonExampleMap
[2025.07.20-20.42.41:596][  0]LogMaterial: Display: Material /Game/StarterContent/Materials/M_Wood_Floor_Walnut_Polished.M_Wood_Floor_Walnut_Polished needed to have new flag set bUsedWithSkeletalMesh !
[2025.07.20-20.42.41:598][  0]LogMaterial: Display: Missing cached shadermap for M_Wood_Floor_Walnut_Polished in PCD3D_SM5, Default, SM5 (DDC key hash: D222DAA5E113901EC000CDDDA0EB1A33EDDB8177), compiling. 
[2025.07.20-20.42.41:791][  0]LogShaderCompilers: Display: Submitted 41 shader compile jobs with 'Low' priority
[2025.07.20-20.42.41:791][  0]MapCheck: Warning: M_Wood_Floor_Walnut_Polished Material /Game/StarterContent/Materials/M_Wood_Floor_Walnut_Polished.M_Wood_Floor_Walnut_Polished was missing the usage flag bUsedWithSkeletalMesh. If the material asset is not re-saved, it may not render correctly when run outside the editor. Fix
[2025.07.20-20.42.41:905][  0]LogShaderCompilers: Display: Worker (1/5): shaders left to compile 41
[2025.07.20-20.42.41:905][  0]LogShaderCompilers: Display: Worker (2/5): shaders left to compile 32
[2025.07.20-20.42.41:905][  0]LogShaderCompilers: Display: Worker (3/5): shaders left to compile 23
[2025.07.20-20.42.41:905][  0]LogShaderCompilers: Display: Worker (4/5): shaders left to compile 14
[2025.07.20-20.42.41:905][  0]LogShaderCompilers: Display: Worker (5/5): shaders left to compile 5
[2025.07.20-20.42.41:905][  0]LogShaderCompilers: Display: Started 41 'Local' shader compile jobs with 'Low' priority
[2025.07.20-20.42.41:905][  0]LogEditorServer: Finished looking for orphan Actors (0.000 secs)
[2025.07.20-20.42.41:945][  0]LogUObjectHash: Compacting FUObjectHashTables data took   3.09ms
[2025.07.20-20.42.41:947][  0]Cmd: MAP CHECKDEP NOCLEARLOG
[2025.07.20-20.42.41:949][  0]MapCheck: Map check complete: 0 Error(s), 1 Warning(s), took 0.527ms to complete.
[2025.07.20-20.42.41:957][  0]LogFileHelpers: Loading map 'ThirdPersonExampleMap' took 2.257
[2025.07.20-20.42.41:996][  0]LogUnrealEdMisc: Total Editor Startup Time, took 40.146
[2025.07.20-20.42.42:229][  0]LogSlate: Updating window title bar state: overlay mode, drag disabled, window buttons hidden, title bar hidden
[2025.07.20-20.42.42:251][  0]LogSlate: Updating window title bar state: overlay mode, drag disabled, window buttons hidden, title bar hidden
[2025.07.20-20.42.42:274][  0]LogSlate: Updating window title bar state: overlay mode, drag disabled, window buttons hidden, title bar hidden
[2025.07.20-20.42.42:299][  0]LogSlate: Updating window title bar state: overlay mode, drag disabled, window buttons hidden, title bar hidden
[2025.07.20-20.42.42:389][  0]LogNativeClassHierarchy: Verbose: Native class hierarchy populated in 0.0342 seconds. Added 4208 classes and 963 folders.
[2025.07.20-20.42.42:399][  0]LogNativeClassHierarchy: Verbose: Native class hierarchy updated for 'WidgetCarousel' in 0.0006 seconds. Added 0 classes and 0 folders.
[2025.07.20-20.42.42:407][  0]LogPakFile: PakFile PrimaryIndexSize=187
[2025.07.20-20.42.42:407][  0]LogPakFile: PakFile PathHashIndexSize=101
[2025.07.20-20.42.42:408][  0]LogPakFile: PakFile FullDirectoryIndexSize=148
[2025.07.20-20.42.42:408][  0]LogShaderLibrary: Display: ShaderCodeLibraryPakFileMountedCallback: PakFile 'D:/UE4-Windows/UE_4.27/FeaturePacks/FP_FirstPerson.upack' (chunk index -1, root 'root:/') mounted
[2025.07.20-20.42.42:408][  0]LogShaderLibrary: Display: ShaderCodeLibraryPakFileMountedCallback: pending pak file info (ChunkID:-1 Root:root:/ File:D:/UE4-Windows/UE_4.27/FeaturePacks/FP_FirstPerson.upack)
[2025.07.20-20.42.42:408][  0]LogPakFile: OnPakFileMounted2Time == 0.000233
[2025.07.20-20.42.42:415][  0]LogPakFile: PakFile PrimaryIndexSize=189
[2025.07.20-20.42.42:415][  0]LogPakFile: PakFile PathHashIndexSize=101
[2025.07.20-20.42.42:415][  0]LogPakFile: PakFile FullDirectoryIndexSize=152
[2025.07.20-20.42.42:415][  0]LogShaderLibrary: Display: ShaderCodeLibraryPakFileMountedCallback: PakFile 'D:/UE4-Windows/UE_4.27/FeaturePacks/FP_FirstPersonBP.upack' (chunk index -1, root 'root:/') mounted
[2025.07.20-20.42.42:415][  0]LogShaderLibrary: Display: ShaderCodeLibraryPakFileMountedCallback: pending pak file info (ChunkID:-1 Root:root:/ File:D:/UE4-Windows/UE_4.27/FeaturePacks/FP_FirstPersonBP.upack)
[2025.07.20-20.42.42:415][  0]LogPakFile: OnPakFileMounted2Time == 0.000211
[2025.07.20-20.42.42:419][  0]LogPakFile: PakFile PrimaryIndexSize=191
[2025.07.20-20.42.42:419][  0]LogPakFile: PakFile PathHashIndexSize=101
[2025.07.20-20.42.42:419][  0]LogPakFile: PakFile FullDirectoryIndexSize=160
[2025.07.20-20.42.42:419][  0]LogShaderLibrary: Display: ShaderCodeLibraryPakFileMountedCallback: PakFile 'D:/UE4-Windows/UE_4.27/FeaturePacks/MobileStarterContent.upack' (chunk index -1, root 'root:/') mounted
[2025.07.20-20.42.42:419][  0]LogShaderLibrary: Display: ShaderCodeLibraryPakFileMountedCallback: pending pak file info (ChunkID:-1 Root:root:/ File:D:/UE4-Windows/UE_4.27/FeaturePacks/MobileStarterContent.upack)
[2025.07.20-20.42.42:419][  0]LogPakFile: OnPakFileMounted2Time == 0.000136
[2025.07.20-20.42.42:424][  0]LogPakFile: PakFile PrimaryIndexSize=185
[2025.07.20-20.42.42:424][  0]LogPakFile: PakFile PathHashIndexSize=101
[2025.07.20-20.42.42:424][  0]LogPakFile: PakFile FullDirectoryIndexSize=148
[2025.07.20-20.42.42:424][  0]LogShaderLibrary: Display: ShaderCodeLibraryPakFileMountedCallback: PakFile 'D:/UE4-Windows/UE_4.27/FeaturePacks/StarterContent.upack' (chunk index -1, root 'root:/') mounted
[2025.07.20-20.42.42:424][  0]LogShaderLibrary: Display: ShaderCodeLibraryPakFileMountedCallback: pending pak file info (ChunkID:-1 Root:root:/ File:D:/UE4-Windows/UE_4.27/FeaturePacks/StarterContent.upack)
[2025.07.20-20.42.42:424][  0]LogPakFile: OnPakFileMounted2Time == 0.000167
[2025.07.20-20.42.42:429][  0]LogPakFile: PakFile PrimaryIndexSize=190
[2025.07.20-20.42.42:429][  0]LogPakFile: PakFile PathHashIndexSize=101
[2025.07.20-20.42.42:429][  0]LogPakFile: PakFile FullDirectoryIndexSize=154
[2025.07.20-20.42.42:429][  0]LogShaderLibrary: Display: ShaderCodeLibraryPakFileMountedCallback: PakFile 'D:/UE4-Windows/UE_4.27/FeaturePacks/TP_2DSideScroller.upack' (chunk index -1, root 'root:/') mounted
[2025.07.20-20.42.42:429][  0]LogShaderLibrary: Display: ShaderCodeLibraryPakFileMountedCallback: pending pak file info (ChunkID:-1 Root:root:/ File:D:/UE4-Windows/UE_4.27/FeaturePacks/TP_2DSideScroller.upack)
[2025.07.20-20.42.42:429][  0]LogPakFile: OnPakFileMounted2Time == 0.000181
[2025.07.20-20.42.42:432][  0]LogPakFile: PakFile PrimaryIndexSize=192
[2025.07.20-20.42.42:432][  0]LogPakFile: PakFile PathHashIndexSize=101
[2025.07.20-20.42.42:432][  0]LogPakFile: PakFile FullDirectoryIndexSize=158
[2025.07.20-20.42.42:432][  0]LogShaderLibrary: Display: ShaderCodeLibraryPakFileMountedCallback: PakFile 'D:/UE4-Windows/UE_4.27/FeaturePacks/TP_2DSideScrollerBP.upack' (chunk index -1, root 'root:/') mounted
[2025.07.20-20.42.42:432][  0]LogShaderLibrary: Display: ShaderCodeLibraryPakFileMountedCallback: pending pak file info (ChunkID:-1 Root:root:/ File:D:/UE4-Windows/UE_4.27/FeaturePacks/TP_2DSideScrollerBP.upack)
[2025.07.20-20.42.42:432][  0]LogPakFile: OnPakFileMounted2Time == 0.000173
[2025.07.20-20.42.42:435][  0]LogPakFile: PakFile PrimaryIndexSize=182
[2025.07.20-20.42.42:435][  0]LogPakFile: PakFile PathHashIndexSize=101
[2025.07.20-20.42.42:435][  0]LogPakFile: PakFile FullDirectoryIndexSize=138
[2025.07.20-20.42.42:435][  0]LogShaderLibrary: Display: ShaderCodeLibraryPakFileMountedCallback: PakFile 'D:/UE4-Windows/UE_4.27/FeaturePacks/TP_Flying.upack' (chunk index -1, root 'root:/') mounted
[2025.07.20-20.42.42:437][  0]LogShaderLibrary: Display: ShaderCodeLibraryPakFileMountedCallback: pending pak file info (ChunkID:-1 Root:root:/ File:D:/UE4-Windows/UE_4.27/FeaturePacks/TP_Flying.upack)
[2025.07.20-20.42.42:437][  0]LogPakFile: OnPakFileMounted2Time == 0.000230
[2025.07.20-20.42.42:439][  0]LogPakFile: PakFile PrimaryIndexSize=184
[2025.07.20-20.42.42:439][  0]LogPakFile: PakFile PathHashIndexSize=101
[2025.07.20-20.42.42:439][  0]LogPakFile: PakFile FullDirectoryIndexSize=142
[2025.07.20-20.42.42:440][  0]LogShaderLibrary: Display: ShaderCodeLibraryPakFileMountedCallback: PakFile 'D:/UE4-Windows/UE_4.27/FeaturePacks/TP_FlyingBP.upack' (chunk index -1, root 'root:/') mounted
[2025.07.20-20.42.42:440][  0]LogShaderLibrary: Display: ShaderCodeLibraryPakFileMountedCallback: pending pak file info (ChunkID:-1 Root:root:/ File:D:/UE4-Windows/UE_4.27/FeaturePacks/TP_FlyingBP.upack)
[2025.07.20-20.42.42:440][  0]LogPakFile: OnPakFileMounted2Time == 0.000157
[2025.07.20-20.42.42:450][  0]LogPakFile: PakFile PrimaryIndexSize=188
[2025.07.20-20.42.42:450][  0]LogPakFile: PakFile PathHashIndexSize=101
[2025.07.20-20.42.42:450][  0]LogPakFile: PakFile FullDirectoryIndexSize=150
[2025.07.20-20.42.42:451][  0]LogShaderLibrary: Display: ShaderCodeLibraryPakFileMountedCallback: PakFile 'D:/UE4-Windows/UE_4.27/FeaturePacks/TP_HandheldARBP.upack' (chunk index -1, root 'root:/') mounted
[2025.07.20-20.42.42:451][  0]LogShaderLibrary: Display: ShaderCodeLibraryPakFileMountedCallback: pending pak file info (ChunkID:-1 Root:root:/ File:D:/UE4-Windows/UE_4.27/FeaturePacks/TP_HandheldARBP.upack)
[2025.07.20-20.42.42:451][  0]LogPakFile: OnPakFileMounted2Time == 0.000169
[2025.07.20-20.42.42:456][  0]LogPakFile: PakFile PrimaryIndexSize=182
[2025.07.20-20.42.42:456][  0]LogPakFile: PakFile PathHashIndexSize=101
[2025.07.20-20.42.42:456][  0]LogPakFile: PakFile FullDirectoryIndexSize=138
[2025.07.20-20.42.42:456][  0]LogShaderLibrary: Display: ShaderCodeLibraryPakFileMountedCallback: PakFile 'D:/UE4-Windows/UE_4.27/FeaturePacks/TP_Puzzle.upack' (chunk index -1, root 'root:/') mounted
[2025.07.20-20.42.42:456][  0]LogShaderLibrary: Display: ShaderCodeLibraryPakFileMountedCallback: pending pak file info (ChunkID:-1 Root:root:/ File:D:/UE4-Windows/UE_4.27/FeaturePacks/TP_Puzzle.upack)
[2025.07.20-20.42.42:457][  0]LogPakFile: OnPakFileMounted2Time == 0.000128
[2025.07.20-20.42.42:460][  0]LogPakFile: PakFile PrimaryIndexSize=184
[2025.07.20-20.42.42:460][  0]LogPakFile: PakFile PathHashIndexSize=101
[2025.07.20-20.42.42:461][  0]LogPakFile: PakFile FullDirectoryIndexSize=142
[2025.07.20-20.42.42:461][  0]LogShaderLibrary: Display: ShaderCodeLibraryPakFileMountedCallback: PakFile 'D:/UE4-Windows/UE_4.27/FeaturePacks/TP_PuzzleBP.upack' (chunk index -1, root 'root:/') mounted
[2025.07.20-20.42.42:461][  0]LogShaderLibrary: Display: ShaderCodeLibraryPakFileMountedCallback: pending pak file info (ChunkID:-1 Root:root:/ File:D:/UE4-Windows/UE_4.27/FeaturePacks/TP_PuzzleBP.upack)
[2025.07.20-20.42.42:461][  0]LogPakFile: OnPakFileMounted2Time == 0.000196
[2025.07.20-20.42.42:464][  0]LogPakFile: PakFile PrimaryIndexSize=183
[2025.07.20-20.42.42:464][  0]LogPakFile: PakFile PathHashIndexSize=101
[2025.07.20-20.42.42:464][  0]LogPakFile: PakFile FullDirectoryIndexSize=140
[2025.07.20-20.42.42:464][  0]LogShaderLibrary: Display: ShaderCodeLibraryPakFileMountedCallback: PakFile 'D:/UE4-Windows/UE_4.27/FeaturePacks/TP_Rolling.upack' (chunk index -1, root 'root:/') mounted
[2025.07.20-20.42.42:464][  0]LogShaderLibrary: Display: ShaderCodeLibraryPakFileMountedCallback: pending pak file info (ChunkID:-1 Root:root:/ File:D:/UE4-Windows/UE_4.27/FeaturePacks/TP_Rolling.upack)
[2025.07.20-20.42.42:464][  0]LogPakFile: OnPakFileMounted2Time == 0.000137
[2025.07.20-20.42.42:468][  0]LogPakFile: PakFile PrimaryIndexSize=185
[2025.07.20-20.42.42:468][  0]LogPakFile: PakFile PathHashIndexSize=101
[2025.07.20-20.42.42:468][  0]LogPakFile: PakFile FullDirectoryIndexSize=144
[2025.07.20-20.42.42:468][  0]LogShaderLibrary: Display: ShaderCodeLibraryPakFileMountedCallback: PakFile 'D:/UE4-Windows/UE_4.27/FeaturePacks/TP_RollingBP.upack' (chunk index -1, root 'root:/') mounted
[2025.07.20-20.42.42:468][  0]LogShaderLibrary: Display: ShaderCodeLibraryPakFileMountedCallback: pending pak file info (ChunkID:-1 Root:root:/ File:D:/UE4-Windows/UE_4.27/FeaturePacks/TP_RollingBP.upack)
[2025.07.20-20.42.42:468][  0]LogPakFile: OnPakFileMounted2Time == 0.000131
[2025.07.20-20.42.42:471][  0]LogPakFile: PakFile PrimaryIndexSize=188
[2025.07.20-20.42.42:471][  0]LogPakFile: PakFile PathHashIndexSize=101
[2025.07.20-20.42.42:471][  0]LogPakFile: PakFile FullDirectoryIndexSize=150
[2025.07.20-20.42.42:471][  0]LogShaderLibrary: Display: ShaderCodeLibraryPakFileMountedCallback: PakFile 'D:/UE4-Windows/UE_4.27/FeaturePacks/TP_SideScroller.upack' (chunk index -1, root 'root:/') mounted
[2025.07.20-20.42.42:471][  0]LogShaderLibrary: Display: ShaderCodeLibraryPakFileMountedCallback: pending pak file info (ChunkID:-1 Root:root:/ File:D:/UE4-Windows/UE_4.27/FeaturePacks/TP_SideScroller.upack)
[2025.07.20-20.42.42:471][  0]LogPakFile: OnPakFileMounted2Time == 0.000320
[2025.07.20-20.42.42:475][  0]LogPakFile: PakFile PrimaryIndexSize=190
[2025.07.20-20.42.42:475][  0]LogPakFile: PakFile PathHashIndexSize=101
[2025.07.20-20.42.42:475][  0]LogPakFile: PakFile FullDirectoryIndexSize=154
[2025.07.20-20.42.42:475][  0]LogShaderLibrary: Display: ShaderCodeLibraryPakFileMountedCallback: PakFile 'D:/UE4-Windows/UE_4.27/FeaturePacks/TP_SideScrollerBP.upack' (chunk index -1, root 'root:/') mounted
[2025.07.20-20.42.42:475][  0]LogShaderLibrary: Display: ShaderCodeLibraryPakFileMountedCallback: pending pak file info (ChunkID:-1 Root:root:/ File:D:/UE4-Windows/UE_4.27/FeaturePacks/TP_SideScrollerBP.upack)
[2025.07.20-20.42.42:475][  0]LogPakFile: OnPakFileMounted2Time == 0.000169
[2025.07.20-20.42.42:479][  0]LogPakFile: PakFile PrimaryIndexSize=187
[2025.07.20-20.42.42:479][  0]LogPakFile: PakFile PathHashIndexSize=101
[2025.07.20-20.42.42:479][  0]LogPakFile: PakFile FullDirectoryIndexSize=148
[2025.07.20-20.42.42:479][  0]LogShaderLibrary: Display: ShaderCodeLibraryPakFileMountedCallback: PakFile 'D:/UE4-Windows/UE_4.27/FeaturePacks/TP_ThirdPerson.upack' (chunk index -1, root 'root:/') mounted
[2025.07.20-20.42.42:479][  0]LogShaderLibrary: Display: ShaderCodeLibraryPakFileMountedCallback: pending pak file info (ChunkID:-1 Root:root:/ File:D:/UE4-Windows/UE_4.27/FeaturePacks/TP_ThirdPerson.upack)
[2025.07.20-20.42.42:480][  0]LogPakFile: OnPakFileMounted2Time == 0.000363
[2025.07.20-20.42.42:483][  0]LogPakFile: PakFile PrimaryIndexSize=189
[2025.07.20-20.42.42:483][  0]LogPakFile: PakFile PathHashIndexSize=101
[2025.07.20-20.42.42:483][  0]LogPakFile: PakFile FullDirectoryIndexSize=152
[2025.07.20-20.42.42:483][  0]LogShaderLibrary: Display: ShaderCodeLibraryPakFileMountedCallback: PakFile 'D:/UE4-Windows/UE_4.27/FeaturePacks/TP_ThirdPersonBP.upack' (chunk index -1, root 'root:/') mounted
[2025.07.20-20.42.42:483][  0]LogShaderLibrary: Display: ShaderCodeLibraryPakFileMountedCallback: pending pak file info (ChunkID:-1 Root:root:/ File:D:/UE4-Windows/UE_4.27/FeaturePacks/TP_ThirdPersonBP.upack)
[2025.07.20-20.42.42:483][  0]LogPakFile: OnPakFileMounted2Time == 0.000155
[2025.07.20-20.42.42:487][  0]LogPakFile: PakFile PrimaryIndexSize=183
[2025.07.20-20.42.42:487][  0]LogPakFile: PakFile PathHashIndexSize=101
[2025.07.20-20.42.42:487][  0]LogPakFile: PakFile FullDirectoryIndexSize=140
[2025.07.20-20.42.42:487][  0]LogShaderLibrary: Display: ShaderCodeLibraryPakFileMountedCallback: PakFile 'D:/UE4-Windows/UE_4.27/FeaturePacks/TP_TopDown.upack' (chunk index -1, root 'root:/') mounted
[2025.07.20-20.42.42:487][  0]LogShaderLibrary: Display: ShaderCodeLibraryPakFileMountedCallback: pending pak file info (ChunkID:-1 Root:root:/ File:D:/UE4-Windows/UE_4.27/FeaturePacks/TP_TopDown.upack)
[2025.07.20-20.42.42:487][  0]LogPakFile: OnPakFileMounted2Time == 0.000166
[2025.07.20-20.42.42:490][  0]LogPakFile: PakFile PrimaryIndexSize=185
[2025.07.20-20.42.42:490][  0]LogPakFile: PakFile PathHashIndexSize=101
[2025.07.20-20.42.42:490][  0]LogPakFile: PakFile FullDirectoryIndexSize=144
[2025.07.20-20.42.42:490][  0]LogShaderLibrary: Display: ShaderCodeLibraryPakFileMountedCallback: PakFile 'D:/UE4-Windows/UE_4.27/FeaturePacks/TP_TopDownBP.upack' (chunk index -1, root 'root:/') mounted
[2025.07.20-20.42.42:490][  0]LogShaderLibrary: Display: ShaderCodeLibraryPakFileMountedCallback: pending pak file info (ChunkID:-1 Root:root:/ File:D:/UE4-Windows/UE_4.27/FeaturePacks/TP_TopDownBP.upack)
[2025.07.20-20.42.42:490][  0]LogPakFile: OnPakFileMounted2Time == 0.000133
[2025.07.20-20.42.42:493][  0]LogPakFile: PakFile PrimaryIndexSize=185
[2025.07.20-20.42.42:493][  0]LogPakFile: PakFile PathHashIndexSize=101
[2025.07.20-20.42.42:493][  0]LogPakFile: PakFile FullDirectoryIndexSize=144
[2025.07.20-20.42.42:493][  0]LogShaderLibrary: Display: ShaderCodeLibraryPakFileMountedCallback: PakFile 'D:/UE4-Windows/UE_4.27/FeaturePacks/TP_TwinStick.upack' (chunk index -1, root 'root:/') mounted
[2025.07.20-20.42.42:494][  0]LogShaderLibrary: Display: ShaderCodeLibraryPakFileMountedCallback: pending pak file info (ChunkID:-1 Root:root:/ File:D:/UE4-Windows/UE_4.27/FeaturePacks/TP_TwinStick.upack)
[2025.07.20-20.42.42:494][  0]LogPakFile: OnPakFileMounted2Time == 0.000203
[2025.07.20-20.42.42:498][  0]LogPakFile: PakFile PrimaryIndexSize=187
[2025.07.20-20.42.42:499][  0]LogPakFile: PakFile PathHashIndexSize=101
[2025.07.20-20.42.42:499][  0]LogPakFile: PakFile FullDirectoryIndexSize=148
[2025.07.20-20.42.42:499][  0]LogShaderLibrary: Display: ShaderCodeLibraryPakFileMountedCallback: PakFile 'D:/UE4-Windows/UE_4.27/FeaturePacks/TP_TwinStickBP.upack' (chunk index -1, root 'root:/') mounted
[2025.07.20-20.42.42:499][  0]LogShaderLibrary: Display: ShaderCodeLibraryPakFileMountedCallback: pending pak file info (ChunkID:-1 Root:root:/ File:D:/UE4-Windows/UE_4.27/FeaturePacks/TP_TwinStickBP.upack)
[2025.07.20-20.42.42:499][  0]LogPakFile: OnPakFileMounted2Time == 0.000149
[2025.07.20-20.42.42:502][  0]LogPakFile: PakFile PrimaryIndexSize=183
[2025.07.20-20.42.42:502][  0]LogPakFile: PakFile PathHashIndexSize=101
[2025.07.20-20.42.42:502][  0]LogPakFile: PakFile FullDirectoryIndexSize=140
[2025.07.20-20.42.42:502][  0]LogShaderLibrary: Display: ShaderCodeLibraryPakFileMountedCallback: PakFile 'D:/UE4-Windows/UE_4.27/FeaturePacks/TP_Vehicle.upack' (chunk index -1, root 'root:/') mounted
[2025.07.20-20.42.42:502][  0]LogShaderLibrary: Display: ShaderCodeLibraryPakFileMountedCallback: pending pak file info (ChunkID:-1 Root:root:/ File:D:/UE4-Windows/UE_4.27/FeaturePacks/TP_Vehicle.upack)
[2025.07.20-20.42.42:502][  0]LogPakFile: OnPakFileMounted2Time == 0.000153
[2025.07.20-20.42.42:505][  0]LogPakFile: PakFile PrimaryIndexSize=186
[2025.07.20-20.42.42:505][  0]LogPakFile: PakFile PathHashIndexSize=101
[2025.07.20-20.42.42:505][  0]LogPakFile: PakFile FullDirectoryIndexSize=146
[2025.07.20-20.42.42:505][  0]LogShaderLibrary: Display: ShaderCodeLibraryPakFileMountedCallback: PakFile 'D:/UE4-Windows/UE_4.27/FeaturePacks/TP_VehicleAdv.upack' (chunk index -1, root 'root:/') mounted
[2025.07.20-20.42.42:505][  0]LogShaderLibrary: Display: ShaderCodeLibraryPakFileMountedCallback: pending pak file info (ChunkID:-1 Root:root:/ File:D:/UE4-Windows/UE_4.27/FeaturePacks/TP_VehicleAdv.upack)
[2025.07.20-20.42.42:505][  0]LogPakFile: OnPakFileMounted2Time == 0.000139
[2025.07.20-20.42.42:510][  0]LogPakFile: PakFile PrimaryIndexSize=188
[2025.07.20-20.42.42:510][  0]LogPakFile: PakFile PathHashIndexSize=101
[2025.07.20-20.42.42:510][  0]LogPakFile: PakFile FullDirectoryIndexSize=150
[2025.07.20-20.42.42:510][  0]LogShaderLibrary: Display: ShaderCodeLibraryPakFileMountedCallback: PakFile 'D:/UE4-Windows/UE_4.27/FeaturePacks/TP_VehicleAdvBP.upack' (chunk index -1, root 'root:/') mounted
[2025.07.20-20.42.42:510][  0]LogShaderLibrary: Display: ShaderCodeLibraryPakFileMountedCallback: pending pak file info (ChunkID:-1 Root:root:/ File:D:/UE4-Windows/UE_4.27/FeaturePacks/TP_VehicleAdvBP.upack)
[2025.07.20-20.42.42:510][  0]LogPakFile: OnPakFileMounted2Time == 0.000155
[2025.07.20-20.42.42:514][  0]LogPakFile: PakFile PrimaryIndexSize=185
[2025.07.20-20.42.42:514][  0]LogPakFile: PakFile PathHashIndexSize=101
[2025.07.20-20.42.42:514][  0]LogPakFile: PakFile FullDirectoryIndexSize=144
[2025.07.20-20.42.42:514][  0]LogShaderLibrary: Display: ShaderCodeLibraryPakFileMountedCallback: PakFile 'D:/UE4-Windows/UE_4.27/FeaturePacks/TP_VehicleBP.upack' (chunk index -1, root 'root:/') mounted
[2025.07.20-20.42.42:514][  0]LogShaderLibrary: Display: ShaderCodeLibraryPakFileMountedCallback: pending pak file info (ChunkID:-1 Root:root:/ File:D:/UE4-Windows/UE_4.27/FeaturePacks/TP_VehicleBP.upack)
[2025.07.20-20.42.42:514][  0]LogPakFile: OnPakFileMounted2Time == 0.000192
[2025.07.20-20.42.42:518][  0]LogPakFile: PakFile PrimaryIndexSize=192
[2025.07.20-20.42.42:518][  0]LogPakFile: PakFile PathHashIndexSize=101
[2025.07.20-20.42.42:518][  0]LogPakFile: PakFile FullDirectoryIndexSize=158
[2025.07.20-20.42.42:518][  0]LogShaderLibrary: Display: ShaderCodeLibraryPakFileMountedCallback: PakFile 'D:/UE4-Windows/UE_4.27/FeaturePacks/TP_VirtualRealityBP.upack' (chunk index -1, root 'root:/') mounted
[2025.07.20-20.42.42:518][  0]LogShaderLibrary: Display: ShaderCodeLibraryPakFileMountedCallback: pending pak file info (ChunkID:-1 Root:root:/ File:D:/UE4-Windows/UE_4.27/FeaturePacks/TP_VirtualRealityBP.upack)
[2025.07.20-20.42.42:518][  0]LogPakFile: OnPakFileMounted2Time == 0.000143
[2025.07.20-20.42.42:903][  0]LogNativeClassHierarchy: Verbose: Native class hierarchy updated for 'AddContentDialog' in 0.0006 seconds. Added 0 classes and 0 folders.
[2025.07.20-20.42.42:905][  0]LogNativeClassHierarchy: Verbose: Native class hierarchy updated for 'SceneOutliner' in 0.0006 seconds. Added 2 classes and 0 folders.
[2025.07.20-20.42.43:424][  0]LogSlate: Took 0.001138 seconds to synchronously load lazily loaded font '../../../Engine/Content/Editor/Slate/Fonts/FontAwesome.ttf' (139K)
[2025.07.20-20.42.43:429][  0]LogSlate: Took 0.001167 seconds to synchronously load lazily loaded font '../../../Engine/Content/Slate/Fonts/Roboto-Bold.ttf' (160K)
[2025.07.20-20.42.43:662][  0]LogRenderer: Reallocating scene render targets to support 1208x492 Format 10 NumSamples 1 (Frame:1).
[2025.07.20-20.42.43:845][  0]LogSlate: Took 0.001243 seconds to synchronously load lazily loaded font '../../../Engine/Content/Slate/Fonts/Roboto-Light.ttf' (167K)
[2025.07.20-20.42.45:707][  0]LogNativeClassHierarchy: Verbose: Native class hierarchy updated for 'HierarchicalLODOutliner' in 0.0007 seconds. Added 0 classes and 0 folders.
[2025.07.20-20.42.45:707][  0]LogInput: Warning: Action Jump uses invalid key OculusGo_Left_Trigger_Click.
[2025.07.20-20.42.45:707][  0]LogInput: Warning: Action ResetVR uses invalid key OculusGo_Left_Trackpad_Click.
[2025.07.20-20.42.45:707][  0]LogInput: Warning: Use -RemoveInvalidKeys to remove instances of these keys from the action mapping.
[2025.07.20-20.42.45:707][  0]LogLoad: (Engine Initialization) Total time: 43.86 seconds
[2025.07.20-20.42.45:707][  0]LogLoad: (Engine Initialization) Total Blueprint compile time: 0.00 seconds
[2025.07.20-20.42.45:804][  0]LogContentStreaming: Texture pool size now 1000 MB
[2025.07.20-20.42.46:137][  2]LogAssetRegistry: Asset discovery search completed in 28.1321 seconds
[2025.07.20-20.42.46:162][  2]LogCollectionManager: Fixed up redirectors for 0 collections in 0.000019 seconds (updated 0 objects)
[2025.07.20-20.42.46:868][  7]LogSlate: Took 0.000380 seconds to synchronously load lazily loaded font '../../../Engine/Content/Slate/Fonts/Roboto-Light.ttf' (167K)
[2025.07.20-20.43.04:450][752]LogTemp: Repeating last play command: Selected Viewport
[2025.07.20-20.43.04:472][752]LogPlayLevel: PlayLevel: No blueprints needed recompiling
[2025.07.20-20.43.04:477][752]PIE: New page: PIE session: ThirdPersonExampleMap (Jul 20, 2025, 2:43:04 PM)
[2025.07.20-20.43.04:478][752]LogOnline: OSS: Creating online subsystem instance for: NULL
[2025.07.20-20.43.04:479][752]LogOnline: OSS: TryLoadSubsystemAndSetDefault: Loaded subsystem for module [NULL]
[2025.07.20-20.43.04:479][752]LogPlayLevel: Creating play world package: /Game/ThirdPersonBP/Maps/UEDPIE_0_ThirdPersonExampleMap
[2025.07.20-20.43.04:503][752]LogPlayLevel: PIE: StaticDuplicateObject took: (0.024624s)
[2025.07.20-20.43.04:505][752]LogAIModule: Creating AISystem for world ThirdPersonExampleMap
[2025.07.20-20.43.04:505][752]LogPlayLevel: PIE: World Init took: (0.001668s)
[2025.07.20-20.43.04:505][752]LogPlayLevel: PIE: Created PIE world by copying editor world from /Game/ThirdPersonBP/Maps/ThirdPersonExampleMap.ThirdPersonExampleMap to /Game/ThirdPersonBP/Maps/UEDPIE_0_ThirdPersonExampleMap.ThirdPersonExampleMap (0.026509s)
[2025.07.20-20.43.04:515][752]LogUObjectHash: Compacting FUObjectHashTables data took   1.20ms
[2025.07.20-20.43.04:517][752]LogAudio: Display: Creating Audio Device:                 Id: 2, Scope: Unique, Realtime: True
[2025.07.20-20.43.04:517][752]LogAudioMixer: Display: Audio Mixer Platform Settings:
[2025.07.20-20.43.04:517][752]LogAudioMixer: Display: 	Sample Rate:						  48000
[2025.07.20-20.43.04:517][752]LogAudioMixer: Display: 	Callback Buffer Frame Size Requested: 1024
[2025.07.20-20.43.04:517][752]LogAudioMixer: Display: 	Callback Buffer Frame Size To Use:	  1024
[2025.07.20-20.43.04:517][752]LogAudioMixer: Display: 	Number of buffers to queue:			  2
[2025.07.20-20.43.04:517][752]LogAudioMixer: Display: 	Max Channels (voices):				  32
[2025.07.20-20.43.04:517][752]LogAudioMixer: Display: 	Number of Async Source Workers:		  0
[2025.07.20-20.43.04:517][752]LogAudio: Display: AudioDevice MaxSources: 32
[2025.07.20-20.43.04:517][752]LogAudio: Display: Audio Spatialization Plugin: None (built-in).
[2025.07.20-20.43.04:517][752]LogAudio: Display: Audio Reverb Plugin: None (built-in).
[2025.07.20-20.43.04:517][752]LogAudio: Display: Audio Occlusion Plugin: None (built-in).
[2025.07.20-20.43.04:518][752]LogAudioMixer: Display: Initializing audio mixer.
[2025.07.20-20.43.04:525][752]LogAudioMixer: Display: 0: FrontLeft
[2025.07.20-20.43.04:525][752]LogAudioMixer: Display: 1: FrontRight
[2025.07.20-20.43.04:549][752]LogAudioMixer: Display: Using Audio Device Speakers (Realtek(R) Audio)
[2025.07.20-20.43.04:549][752]LogAudioMixer: Display: Initializing Sound Submixes...
[2025.07.20-20.43.04:549][752]LogAudioMixer: Display: Creating Master Submix 'MasterSubmixDefault'
[2025.07.20-20.43.04:549][752]LogAudioMixer: Display: Creating Master Submix 'MasterReverbSubmixDefault'
[2025.07.20-20.43.04:550][752]LogAudioMixer: Display: Creating Master Submix 'MasterEQSubmixDefault'
[2025.07.20-20.43.04:550][752]LogAudioMixer: FMixerPlatformXAudio2::StartAudioStream() called
[2025.07.20-20.43.04:550][752]LogAudioMixer: Display: Output buffers initialized: Frames=1024, Channels=2, Samples=2048
[2025.07.20-20.43.04:552][752]LogAudioMixer: Display: Starting AudioMixerPlatformInterface::RunInternal()
[2025.07.20-20.43.04:552][752]LogAudioMixer: Display: FMixerPlatformXAudio2::SubmitBuffer() called for the first time
[2025.07.20-20.43.04:552][752]LogInit: FAudioDevice initialized.
[2025.07.20-20.43.04:552][752]LogAudio: Display: Audio Device (ID: 2) registered with world 'ThirdPersonExampleMap'.
[2025.07.20-20.43.04:563][752]LogLoad: Game class is 'ReglasJuego_C'
[2025.07.20-20.43.04:572][752]LogWorld: Bringing World /Game/ThirdPersonBP/Maps/UEDPIE_0_ThirdPersonExampleMap.ThirdPersonExampleMap up for play (max tick rate 60) at 2025.07.20-17.43.04
[2025.07.20-20.43.04:576][752]LogWorld: Bringing up level for play took: 0.011329
[2025.07.20-20.43.04:576][752]LogOnline: OSS: Creating online subsystem instance for: :Context_20
[2025.07.20-20.43.04:581][752]LogNativeClassHierarchy: Verbose: Native class hierarchy updated for 'MovieSceneCapture' in 0.0004 seconds. Added 20 classes and 0 folders.
[2025.07.20-20.43.04:581][752]LogBlueprintUserMessages: [plataforma_2] Buenas buenas!
[2025.07.20-20.43.04:590][752]PIE: Server logged in
[2025.07.20-20.43.04:591][752]PIE: Play in editor total start time 0.131 seconds.
[2025.07.20-20.43.07:698][919]LogBlueprintUserMessages: [enemy_bullet_C_4] El peoncito perdio 10 de vida!!!!
[2025.07.20-20.43.09:868][ 46]LogBlueprintUserMessages: [enemy_bullet_C_9] El peoncito perdio 10 de vida!!!!
[2025.07.20-20.43.11:717][151]LogSlate: Updating window title bar state: overlay mode, drag disabled, window buttons hidden, title bar hidden
[2025.07.20-20.43.11:717][151]LogWorld: BeginTearingDown for /Game/ThirdPersonBP/Maps/UEDPIE_0_ThirdPersonExampleMap
[2025.07.20-20.43.11:723][151]LogWorld: UWorld::CleanupWorld for ThirdPersonExampleMap, bSessionEnded=true, bCleanupResources=true
[2025.07.20-20.43.11:724][151]LogSlate: InvalidateAllWidgets triggered.  All widgets were invalidated
[2025.07.20-20.43.11:731][151]LogPlayLevel: Display: Shutting down PIE online subsystems
[2025.07.20-20.43.11:733][151]LogSlate: InvalidateAllWidgets triggered.  All widgets were invalidated
[2025.07.20-20.43.11:744][151]LogAudio: Display: Audio Device unregistered from world 'None'.
[2025.07.20-20.43.11:744][151]LogAudioMixer: FMixerPlatformXAudio2::StopAudioStream() called
[2025.07.20-20.43.11:746][151]LogAudioMixer: FMixerPlatformXAudio2::StopAudioStream() called
[2025.07.20-20.43.11:747][151]LogSlate: Updating window title bar state: overlay mode, drag disabled, window buttons hidden, title bar hidden
[2025.07.20-20.43.11:750][151]LogUObjectHash: Compacting FUObjectHashTables data took   1.18ms
[2025.07.20-20.43.11:784][152]LogPlayLevel: Display: Destroying online subsystem :Context_20
[2025.07.20-20.43.48:381][791]LogAssetEditorSubsystem: Opening Asset editor for Blueprint /Game/ThirdPersonBP/Blueprints/blueprints/bad_guy.bad_guy
[2025.07.20-20.43.48:874][791]LogNativeClassHierarchy: Verbose: Native class hierarchy updated for 'BlueprintGraph' in 0.0008 seconds. Added 126 classes and 0 folders.
[2025.07.20-20.43.50:096][791]LogAssetEditorSubsystem: Opening Asset editor for Blueprint /Game/ThirdPersonBP/Blueprints/blueprints/Torreta.Torreta
[2025.07.20-20.43.50:753][791]LogAssetEditorSubsystem: Opening Asset editor for Blueprint /Game/ThirdPersonBP/Blueprints/blueprints/Balaza.Balaza
[2025.07.20-20.43.51:288][791]LogAssetEditorSubsystem: Opening Asset editor for Blueprint /Game/ThirdPersonBP/Blueprints/blueprints/Balaza2.Balaza2
[2025.07.20-20.43.51:899][791]LogAssetEditorSubsystem: Opening Asset editor for Blueprint /Game/ThirdPersonBP/Blueprints/blueprints/ramp.ramp
[2025.07.20-20.43.52:382][791]LogAssetEditorSubsystem: Opening Asset editor for Blueprint /Game/ThirdPersonBP/Blueprints/blueprints/stairs.stairs
[2025.07.20-20.43.52:850][791]LogAssetEditorSubsystem: Opening Asset editor for Blueprint /Game/ThirdPersonBP/Blueprints/blueprints/ChildEnemy.ChildEnemy
[2025.07.20-20.43.53:415][791]LogAssetEditorSubsystem: Opening Asset editor for Blueprint /Game/ThirdPersonBP/Blueprints/blueprints/EnemyCharacter.EnemyCharacter
[2025.07.20-20.43.54:044][791]LogSlate: Took 0.005825 seconds to synchronously load lazily loaded font '../../../Engine/Content/Slate/Fonts/Roboto-BoldCondensed.ttf' (158K)
[2025.07.20-20.43.58:003][967]LogSlate: Took 0.001000 seconds to synchronously load lazily loaded font '../../../Engine/Content/Slate/Fonts/Roboto-Italic.ttf' (157K)
[2025.07.20-20.44.01:688][162]LogTemp: Repeating last play command: Selected Viewport
[2025.07.20-20.44.01:723][162]LogPlayLevel: PlayLevel: No blueprints needed recompiling
[2025.07.20-20.44.01:723][162]PIE: New page: PIE session: ThirdPersonExampleMap (Jul 20, 2025, 2:44:01 PM)
[2025.07.20-20.44.01:724][162]LogPlayLevel: Creating play world package: /Game/ThirdPersonBP/Maps/UEDPIE_0_ThirdPersonExampleMap
[2025.07.20-20.44.01:753][162]LogPlayLevel: PIE: StaticDuplicateObject took: (0.029426s)
[2025.07.20-20.44.01:755][162]LogAIModule: Creating AISystem for world ThirdPersonExampleMap
[2025.07.20-20.44.01:755][162]LogPlayLevel: PIE: World Init took: (0.002290s)
[2025.07.20-20.44.01:755][162]LogPlayLevel: PIE: Created PIE world by copying editor world from /Game/ThirdPersonBP/Maps/ThirdPersonExampleMap.ThirdPersonExampleMap to /Game/ThirdPersonBP/Maps/UEDPIE_0_ThirdPersonExampleMap.ThirdPersonExampleMap (0.031950s)
[2025.07.20-20.44.01:808][162]LogUObjectHash: Compacting FUObjectHashTables data took   3.21ms
[2025.07.20-20.44.01:810][162]LogAudio: Display: Creating Audio Device:                 Id: 3, Scope: Unique, Realtime: True
[2025.07.20-20.44.01:810][162]LogAudioMixer: Display: Audio Mixer Platform Settings:
[2025.07.20-20.44.01:810][162]LogAudioMixer: Display: 	Sample Rate:						  48000
[2025.07.20-20.44.01:810][162]LogAudioMixer: Display: 	Callback Buffer Frame Size Requested: 1024
[2025.07.20-20.44.01:810][162]LogAudioMixer: Display: 	Callback Buffer Frame Size To Use:	  1024
[2025.07.20-20.44.01:810][162]LogAudioMixer: Display: 	Number of buffers to queue:			  2
[2025.07.20-20.44.01:810][162]LogAudioMixer: Display: 	Max Channels (voices):				  32
[2025.07.20-20.44.01:811][162]LogAudioMixer: Display: 	Number of Async Source Workers:		  0
[2025.07.20-20.44.01:811][162]LogAudio: Display: AudioDevice MaxSources: 32
[2025.07.20-20.44.01:811][162]LogAudio: Display: Audio Spatialization Plugin: None (built-in).
[2025.07.20-20.44.01:811][162]LogAudio: Display: Audio Reverb Plugin: None (built-in).
[2025.07.20-20.44.01:811][162]LogAudio: Display: Audio Occlusion Plugin: None (built-in).
[2025.07.20-20.44.01:811][162]LogAudioMixer: Display: Initializing audio mixer.
[2025.07.20-20.44.01:817][162]LogAudioMixer: Display: 0: FrontLeft
[2025.07.20-20.44.01:817][162]LogAudioMixer: Display: 1: FrontRight
[2025.07.20-20.44.01:844][162]LogAudioMixer: Display: Using Audio Device Speakers (Realtek(R) Audio)
[2025.07.20-20.44.01:844][162]LogAudioMixer: Display: Initializing Sound Submixes...
[2025.07.20-20.44.01:844][162]LogAudioMixer: Display: Creating Master Submix 'MasterSubmixDefault'
[2025.07.20-20.44.01:845][162]LogAudioMixer: Display: Creating Master Submix 'MasterReverbSubmixDefault'
[2025.07.20-20.44.01:845][162]LogAudioMixer: Display: Creating Master Submix 'MasterEQSubmixDefault'
[2025.07.20-20.44.01:845][162]LogAudioMixer: FMixerPlatformXAudio2::StartAudioStream() called
[2025.07.20-20.44.01:845][162]LogAudioMixer: Display: Output buffers initialized: Frames=1024, Channels=2, Samples=2048
[2025.07.20-20.44.01:848][162]LogAudioMixer: Display: Starting AudioMixerPlatformInterface::RunInternal()
[2025.07.20-20.44.01:848][162]LogAudioMixer: Display: FMixerPlatformXAudio2::SubmitBuffer() called for the first time
[2025.07.20-20.44.01:848][162]LogInit: FAudioDevice initialized.
[2025.07.20-20.44.01:848][162]LogAudio: Display: Audio Device (ID: 3) registered with world 'ThirdPersonExampleMap'.
[2025.07.20-20.44.01:858][162]LogLoad: Game class is 'ReglasJuego_C'
[2025.07.20-20.44.01:876][162]LogWorld: Bringing World /Game/ThirdPersonBP/Maps/UEDPIE_0_ThirdPersonExampleMap.ThirdPersonExampleMap up for play (max tick rate 60) at 2025.07.20-17.44.01
[2025.07.20-20.44.01:877][162]LogWorld: Bringing up level for play took: 0.018114
[2025.07.20-20.44.01:879][162]LogOnline: OSS: Creating online subsystem instance for: :Context_30
[2025.07.20-20.44.01:881][162]LogBlueprintUserMessages: [plataforma_2] Buenas buenas!
[2025.07.20-20.44.01:886][162]PIE: Server logged in
[2025.07.20-20.44.01:887][162]PIE: Play in editor total start time 0.184 seconds.
[2025.07.20-20.44.05:014][288]LogBlueprintUserMessages: [enemy_bullet_C_0] El peoncito perdio 10 de vida!!!!
[2025.07.20-20.44.05:719][321]LogBlueprintUserMessages: [enemy_bullet_C_2] El peoncito perdio 10 de vida!!!!
[2025.07.20-20.44.17:934][675]LogBlueprintUserMessages: [Balaza2_C_6] Le reste 30 al peoncito
[2025.07.20-20.44.21:151][825]LogBlueprintUserMessages: [enemy_bullet_C_39] El peoncito perdio 10 de vida!!!!
[2025.07.20-20.44.21:497][843]LogBlueprintUserMessages: [Balaza_C_17] Le reste 20 al peoncito
[2025.07.20-20.44.22:248][879]LogBlueprintUserMessages: [Balaza_C_16] Le reste 20 al peoncito
[2025.07.20-20.44.22:248][879]LogBlueprintUserMessages: [peoncito_2] El peoncito murio
[2025.07.20-20.44.22:248][879]LogBlueprintUserMessages: [ReglasJuego_C_0] Noo, perdiste!
[2025.07.20-20.44.22:251][879]LogScript: Warning: Accessed None trying to read property K2Node_DynamicCast_AsPeoncito
	BarraVIda_C /Engine/Transient.UnrealEdEngine_0:GameInstance_1.BarraVIda_C_0
	Function /Game/ThirdPersonBP/Blueprints/blueprints/BarraVIda.BarraVIda_C:GetText_0:0099
[2025.07.20-20.44.22:252][879]PIE: Error: Blueprint Runtime Error: "Accessed None trying to read property K2Node_DynamicCast_AsPeoncito". Blueprint:  BarraVIda Function:  Get Text 0 Graph:  GetText_0 Node:  Return Node
[2025.07.20-20.44.22:267][880]LogNet: Browse: /Game/ThirdPersonBP/Maps/Perdiste_Level
[2025.07.20-20.44.22:267][880]LogLoad: LoadMap: /Game/ThirdPersonBP/Maps/Perdiste_Level
[2025.07.20-20.44.22:267][880]LogWorld: BeginTearingDown for /Game/ThirdPersonBP/Maps/UEDPIE_0_ThirdPersonExampleMap
[2025.07.20-20.44.22:267][880]LogWorld: UWorld::CleanupWorld for ThirdPersonExampleMap, bSessionEnded=true, bCleanupResources=true
[2025.07.20-20.44.22:269][880]LogSlate: InvalidateAllWidgets triggered.  All widgets were invalidated
[2025.07.20-20.44.22:345][880]LogAudio: Display: Audio Device unregistered from world 'None'.
[2025.07.20-20.44.22:353][880]LogUObjectHash: Compacting FUObjectHashTables data took   2.86ms
[2025.07.20-20.44.22:480][880]LogAudio: Display: Audio Device (ID: 3) registered with world 'Perdiste_Level'.
[2025.07.20-20.44.22:482][880]LogAIModule: Creating AISystem for world Perdiste_Level
[2025.07.20-20.44.22:482][880]LogLoad: Game class is 'ReglasJuego_C'
[2025.07.20-20.44.22:530][880]LogWorld: Bringing World /Game/ThirdPersonBP/Maps/UEDPIE_0_Perdiste_Level.Perdiste_Level up for play (max tick rate 60) at 2025.07.20-17.44.22
[2025.07.20-20.44.22:531][880]LogWorld: Bringing up level for play took: 0.047350
[2025.07.20-20.44.22:531][880]LogGameMode: FindPlayerStart: PATHS NOT DEFINED or NO PLAYERSTART with positive rating
[2025.07.20-20.44.22:534][880]LogBlueprintUserMessages: [plataforma_2] Buenas buenas!
[2025.07.20-20.44.22:535][880]LogLoad: Took 0.268049 seconds to LoadMap(/Game/ThirdPersonBP/Maps/Perdiste_Level)
[2025.07.20-20.44.22:541][880]LogScript: Warning: Accessed None trying to read property K2Node_DynamicCast_AsPeoncito
	BarraVIda_C /Engine/Transient.UnrealEdEngine_0:GameInstance_1.BarraVIda_C_1
	Function /Game/ThirdPersonBP/Blueprints/blueprints/BarraVIda.BarraVIda_C:GetText_0:0099
[2025.07.20-20.44.22:541][880]PIE: Error: Blueprint Runtime Error: "Accessed None trying to read property K2Node_DynamicCast_AsPeoncito". Blueprint:  BarraVIda Function:  Get Text 0 Graph:  GetText_0 Node:  Return Node
[2025.07.20-20.44.22:658][881]LogScript: Warning: Accessed None trying to read property K2Node_DynamicCast_AsPeoncito
	BarraVIda_C /Engine/Transient.UnrealEdEngine_0:GameInstance_1.BarraVIda_C_1
	Function /Game/ThirdPersonBP/Blueprints/blueprints/BarraVIda.BarraVIda_C:GetText_0:0099
[2025.07.20-20.44.22:658][881]PIE: Error: Blueprint Runtime Error: "Accessed None trying to read property K2Node_DynamicCast_AsPeoncito". Blueprint:  BarraVIda Function:  Get Text 0 Graph:  GetText_0 Node:  Return Node
[2025.07.20-20.44.22:682][882]LogScript: Warning: Accessed None trying to read property K2Node_DynamicCast_AsPeoncito
	BarraVIda_C /Engine/Transient.UnrealEdEngine_0:GameInstance_1.BarraVIda_C_1
	Function /Game/ThirdPersonBP/Blueprints/blueprints/BarraVIda.BarraVIda_C:GetText_0:0099
[2025.07.20-20.44.22:682][882]PIE: Error: Blueprint Runtime Error: "Accessed None trying to read property K2Node_DynamicCast_AsPeoncito". Blueprint:  BarraVIda Function:  Get Text 0 Graph:  GetText_0 Node:  Return Node
[2025.07.20-20.44.22:706][883]LogScript: Warning: Accessed None trying to read property K2Node_DynamicCast_AsPeoncito
	BarraVIda_C /Engine/Transient.UnrealEdEngine_0:GameInstance_1.BarraVIda_C_1
	Function /Game/ThirdPersonBP/Blueprints/blueprints/BarraVIda.BarraVIda_C:GetText_0:0099
[2025.07.20-20.44.22:707][883]PIE: Error: Blueprint Runtime Error: "Accessed None trying to read property K2Node_DynamicCast_AsPeoncito". Blueprint:  BarraVIda Function:  Get Text 0 Graph:  GetText_0 Node:  Return Node
[2025.07.20-20.44.22:728][884]LogScript: Warning: Accessed None trying to read property K2Node_DynamicCast_AsPeoncito
	BarraVIda_C /Engine/Transient.UnrealEdEngine_0:GameInstance_1.BarraVIda_C_1
	Function /Game/ThirdPersonBP/Blueprints/blueprints/BarraVIda.BarraVIda_C:GetText_0:0099
[2025.07.20-20.44.22:728][884]PIE: Error: Blueprint Runtime Error: "Accessed None trying to read property K2Node_DynamicCast_AsPeoncito". Blueprint:  BarraVIda Function:  Get Text 0 Graph:  GetText_0 Node:  Return Node
[2025.07.20-20.44.22:752][885]LogScript: Warning: Accessed None trying to read property K2Node_DynamicCast_AsPeoncito
	BarraVIda_C /Engine/Transient.UnrealEdEngine_0:GameInstance_1.BarraVIda_C_1
	Function /Game/ThirdPersonBP/Blueprints/blueprints/BarraVIda.BarraVIda_C:GetText_0:0099
[2025.07.20-20.44.22:752][885]PIE: Error: Blueprint Runtime Error: "Accessed None trying to read property K2Node_DynamicCast_AsPeoncito". Blueprint:  BarraVIda Function:  Get Text 0 Graph:  GetText_0 Node:  Return Node
[2025.07.20-20.44.22:775][886]LogScript: Warning: Accessed None trying to read property K2Node_DynamicCast_AsPeoncito
	BarraVIda_C /Engine/Transient.UnrealEdEngine_0:GameInstance_1.BarraVIda_C_1
	Function /Game/ThirdPersonBP/Blueprints/blueprints/BarraVIda.BarraVIda_C:GetText_0:0099
[2025.07.20-20.44.22:775][886]PIE: Error: Blueprint Runtime Error: "Accessed None trying to read property K2Node_DynamicCast_AsPeoncito". Blueprint:  BarraVIda Function:  Get Text 0 Graph:  GetText_0 Node:  Return Node
[2025.07.20-20.44.22:803][887]LogScript: Warning: Accessed None trying to read property K2Node_DynamicCast_AsPeoncito
	BarraVIda_C /Engine/Transient.UnrealEdEngine_0:GameInstance_1.BarraVIda_C_1
	Function /Game/ThirdPersonBP/Blueprints/blueprints/BarraVIda.BarraVIda_C:GetText_0:0099
[2025.07.20-20.44.22:803][887]PIE: Error: Blueprint Runtime Error: "Accessed None trying to read property K2Node_DynamicCast_AsPeoncito". Blueprint:  BarraVIda Function:  Get Text 0 Graph:  GetText_0 Node:  Return Node
[2025.07.20-20.44.22:826][888]LogScript: Warning: Accessed None trying to read property K2Node_DynamicCast_AsPeoncito
	BarraVIda_C /Engine/Transient.UnrealEdEngine_0:GameInstance_1.BarraVIda_C_1
	Function /Game/ThirdPersonBP/Blueprints/blueprints/BarraVIda.BarraVIda_C:GetText_0:0099
[2025.07.20-20.44.22:826][888]PIE: Error: Blueprint Runtime Error: "Accessed None trying to read property K2Node_DynamicCast_AsPeoncito". Blueprint:  BarraVIda Function:  Get Text 0 Graph:  GetText_0 Node:  Return Node
[2025.07.20-20.44.22:847][889]LogScript: Warning: Accessed None trying to read property K2Node_DynamicCast_AsPeoncito
	BarraVIda_C /Engine/Transient.UnrealEdEngine_0:GameInstance_1.BarraVIda_C_1
	Function /Game/ThirdPersonBP/Blueprints/blueprints/BarraVIda.BarraVIda_C:GetText_0:0099
[2025.07.20-20.44.22:847][889]PIE: Error: Blueprint Runtime Error: "Accessed None trying to read property K2Node_DynamicCast_AsPeoncito". Blueprint:  BarraVIda Function:  Get Text 0 Graph:  GetText_0 Node:  Return Node
[2025.07.20-20.44.22:867][890]LogScript: Warning: Accessed None trying to read property K2Node_DynamicCast_AsPeoncito
	BarraVIda_C /Engine/Transient.UnrealEdEngine_0:GameInstance_1.BarraVIda_C_1
	Function /Game/ThirdPersonBP/Blueprints/blueprints/BarraVIda.BarraVIda_C:GetText_0:0099
[2025.07.20-20.44.22:867][890]PIE: Error: Blueprint Runtime Error: "Accessed None trying to read property K2Node_DynamicCast_AsPeoncito". Blueprint:  BarraVIda Function:  Get Text 0 Graph:  GetText_0 Node:  Return Node
[2025.07.20-20.44.22:885][891]LogScript: Warning: Accessed None trying to read property K2Node_DynamicCast_AsPeoncito
	BarraVIda_C /Engine/Transient.UnrealEdEngine_0:GameInstance_1.BarraVIda_C_1
	Function /Game/ThirdPersonBP/Blueprints/blueprints/BarraVIda.BarraVIda_C:GetText_0:0099
[2025.07.20-20.44.22:885][891]PIE: Error: Blueprint Runtime Error: "Accessed None trying to read property K2Node_DynamicCast_AsPeoncito". Blueprint:  BarraVIda Function:  Get Text 0 Graph:  GetText_0 Node:  Return Node
[2025.07.20-20.44.22:902][892]LogScript: Warning: Accessed None trying to read property K2Node_DynamicCast_AsPeoncito
	BarraVIda_C /Engine/Transient.UnrealEdEngine_0:GameInstance_1.BarraVIda_C_1
	Function /Game/ThirdPersonBP/Blueprints/blueprints/BarraVIda.BarraVIda_C:GetText_0:0099
[2025.07.20-20.44.22:903][892]PIE: Error: Blueprint Runtime Error: "Accessed None trying to read property K2Node_DynamicCast_AsPeoncito". Blueprint:  BarraVIda Function:  Get Text 0 Graph:  GetText_0 Node:  Return Node
[2025.07.20-20.44.22:922][893]LogScript: Warning: Accessed None trying to read property K2Node_DynamicCast_AsPeoncito
	BarraVIda_C /Engine/Transient.UnrealEdEngine_0:GameInstance_1.BarraVIda_C_1
	Function /Game/ThirdPersonBP/Blueprints/blueprints/BarraVIda.BarraVIda_C:GetText_0:0099
[2025.07.20-20.44.22:922][893]PIE: Error: Blueprint Runtime Error: "Accessed None trying to read property K2Node_DynamicCast_AsPeoncito". Blueprint:  BarraVIda Function:  Get Text 0 Graph:  GetText_0 Node:  Return Node
[2025.07.20-20.44.22:939][894]LogScript: Warning: Accessed None trying to read property K2Node_DynamicCast_AsPeoncito
	BarraVIda_C /Engine/Transient.UnrealEdEngine_0:GameInstance_1.BarraVIda_C_1
	Function /Game/ThirdPersonBP/Blueprints/blueprints/BarraVIda.BarraVIda_C:GetText_0:0099
[2025.07.20-20.44.22:939][894]PIE: Error: Blueprint Runtime Error: "Accessed None trying to read property K2Node_DynamicCast_AsPeoncito". Blueprint:  BarraVIda Function:  Get Text 0 Graph:  GetText_0 Node:  Return Node
[2025.07.20-20.44.22:957][895]LogScript: Warning: Accessed None trying to read property K2Node_DynamicCast_AsPeoncito
	BarraVIda_C /Engine/Transient.UnrealEdEngine_0:GameInstance_1.BarraVIda_C_1
	Function /Game/ThirdPersonBP/Blueprints/blueprints/BarraVIda.BarraVIda_C:GetText_0:0099
[2025.07.20-20.44.22:957][895]PIE: Error: Blueprint Runtime Error: "Accessed None trying to read property K2Node_DynamicCast_AsPeoncito". Blueprint:  BarraVIda Function:  Get Text 0 Graph:  GetText_0 Node:  Return Node
[2025.07.20-20.44.22:974][896]PIE: Error: Blueprint Runtime Error: "Accessed None trying to read property K2Node_DynamicCast_AsPeoncito". Blueprint:  BarraVIda Function:  Get Text 0 Graph:  GetText_0 Node:  Return Node
[2025.07.20-20.44.22:992][897]PIE: Error: Blueprint Runtime Error: "Accessed None trying to read property K2Node_DynamicCast_AsPeoncito". Blueprint:  BarraVIda Function:  Get Text 0 Graph:  GetText_0 Node:  Return Node
[2025.07.20-20.44.23:009][898]PIE: Error: Blueprint Runtime Error: "Accessed None trying to read property K2Node_DynamicCast_AsPeoncito". Blueprint:  BarraVIda Function:  Get Text 0 Graph:  GetText_0 Node:  Return Node
[2025.07.20-20.44.23:024][899]PIE: Error: Blueprint Runtime Error: "Accessed None trying to read property K2Node_DynamicCast_AsPeoncito". Blueprint:  BarraVIda Function:  Get Text 0 Graph:  GetText_0 Node:  Return Node
[2025.07.20-20.44.23:043][900]PIE: Error: Blueprint Runtime Error: "Accessed None trying to read property K2Node_DynamicCast_AsPeoncito". Blueprint:  BarraVIda Function:  Get Text 0 Graph:  GetText_0 Node:  Return Node
[2025.07.20-20.44.23:060][901]PIE: Error: Blueprint Runtime Error: "Accessed None trying to read property K2Node_DynamicCast_AsPeoncito". Blueprint:  BarraVIda Function:  Get Text 0 Graph:  GetText_0 Node:  Return Node
[2025.07.20-20.44.23:079][902]PIE: Error: Blueprint Runtime Error: "Accessed None trying to read property K2Node_DynamicCast_AsPeoncito". Blueprint:  BarraVIda Function:  Get Text 0 Graph:  GetText_0 Node:  Return Node
[2025.07.20-20.44.23:103][903]PIE: Error: Blueprint Runtime Error: "Accessed None trying to read property K2Node_DynamicCast_AsPeoncito". Blueprint:  BarraVIda Function:  Get Text 0 Graph:  GetText_0 Node:  Return Node
[2025.07.20-20.44.23:123][904]PIE: Error: Blueprint Runtime Error: "Accessed None trying to read property K2Node_DynamicCast_AsPeoncito". Blueprint:  BarraVIda Function:  Get Text 0 Graph:  GetText_0 Node:  Return Node
[2025.07.20-20.44.23:143][905]PIE: Error: Blueprint Runtime Error: "Accessed None trying to read property K2Node_DynamicCast_AsPeoncito". Blueprint:  BarraVIda Function:  Get Text 0 Graph:  GetText_0 Node:  Return Node
[2025.07.20-20.44.23:162][906]PIE: Error: Blueprint Runtime Error: "Accessed None trying to read property K2Node_DynamicCast_AsPeoncito". Blueprint:  BarraVIda Function:  Get Text 0 Graph:  GetText_0 Node:  Return Node
[2025.07.20-20.44.23:180][907]PIE: Error: Blueprint Runtime Error: "Accessed None trying to read property K2Node_DynamicCast_AsPeoncito". Blueprint:  BarraVIda Function:  Get Text 0 Graph:  GetText_0 Node:  Return Node
[2025.07.20-20.44.23:202][908]PIE: Error: Blueprint Runtime Error: "Accessed None trying to read property K2Node_DynamicCast_AsPeoncito". Blueprint:  BarraVIda Function:  Get Text 0 Graph:  GetText_0 Node:  Return Node
[2025.07.20-20.44.23:224][909]PIE: Error: Blueprint Runtime Error: "Accessed None trying to read property K2Node_DynamicCast_AsPeoncito". Blueprint:  BarraVIda Function:  Get Text 0 Graph:  GetText_0 Node:  Return Node
[2025.07.20-20.44.23:246][910]PIE: Error: Blueprint Runtime Error: "Accessed None trying to read property K2Node_DynamicCast_AsPeoncito". Blueprint:  BarraVIda Function:  Get Text 0 Graph:  GetText_0 Node:  Return Node
[2025.07.20-20.44.23:265][911]PIE: Error: Blueprint Runtime Error: "Accessed None trying to read property K2Node_DynamicCast_AsPeoncito". Blueprint:  BarraVIda Function:  Get Text 0 Graph:  GetText_0 Node:  Return Node
[2025.07.20-20.44.23:284][912]PIE: Error: Blueprint Runtime Error: "Accessed None trying to read property K2Node_DynamicCast_AsPeoncito". Blueprint:  BarraVIda Function:  Get Text 0 Graph:  GetText_0 Node:  Return Node
[2025.07.20-20.44.23:304][913]PIE: Error: Blueprint Runtime Error: "Accessed None trying to read property K2Node_DynamicCast_AsPeoncito". Blueprint:  BarraVIda Function:  Get Text 0 Graph:  GetText_0 Node:  Return Node
[2025.07.20-20.44.23:322][914]PIE: Error: Blueprint Runtime Error: "Accessed None trying to read property K2Node_DynamicCast_AsPeoncito". Blueprint:  BarraVIda Function:  Get Text 0 Graph:  GetText_0 Node:  Return Node
[2025.07.20-20.44.23:340][915]PIE: Error: Blueprint Runtime Error: "Accessed None trying to read property K2Node_DynamicCast_AsPeoncito". Blueprint:  BarraVIda Function:  Get Text 0 Graph:  GetText_0 Node:  Return Node
[2025.07.20-20.44.23:359][916]PIE: Error: Blueprint Runtime Error: "Accessed None trying to read property K2Node_DynamicCast_AsPeoncito". Blueprint:  BarraVIda Function:  Get Text 0 Graph:  GetText_0 Node:  Return Node
[2025.07.20-20.44.23:380][917]PIE: Error: Blueprint Runtime Error: "Accessed None trying to read property K2Node_DynamicCast_AsPeoncito". Blueprint:  BarraVIda Function:  Get Text 0 Graph:  GetText_0 Node:  Return Node
[2025.07.20-20.44.23:402][918]PIE: Error: Blueprint Runtime Error: "Accessed None trying to read property K2Node_DynamicCast_AsPeoncito". Blueprint:  BarraVIda Function:  Get Text 0 Graph:  GetText_0 Node:  Return Node
[2025.07.20-20.44.23:420][919]PIE: Error: Blueprint Runtime Error: "Accessed None trying to read property K2Node_DynamicCast_AsPeoncito". Blueprint:  BarraVIda Function:  Get Text 0 Graph:  GetText_0 Node:  Return Node
[2025.07.20-20.44.23:437][920]PIE: Error: Blueprint Runtime Error: "Accessed None trying to read property K2Node_DynamicCast_AsPeoncito". Blueprint:  BarraVIda Function:  Get Text 0 Graph:  GetText_0 Node:  Return Node
[2025.07.20-20.44.23:454][921]PIE: Error: Blueprint Runtime Error: "Accessed None trying to read property K2Node_DynamicCast_AsPeoncito". Blueprint:  BarraVIda Function:  Get Text 0 Graph:  GetText_0 Node:  Return Node
[2025.07.20-20.44.23:471][922]PIE: Error: Blueprint Runtime Error: "Accessed None trying to read property K2Node_DynamicCast_AsPeoncito". Blueprint:  BarraVIda Function:  Get Text 0 Graph:  GetText_0 Node:  Return Node
[2025.07.20-20.44.23:490][923]PIE: Error: Blueprint Runtime Error: "Accessed None trying to read property K2Node_DynamicCast_AsPeoncito". Blueprint:  BarraVIda Function:  Get Text 0 Graph:  GetText_0 Node:  Return Node
[2025.07.20-20.44.23:508][924]PIE: Error: Blueprint Runtime Error: "Accessed None trying to read property K2Node_DynamicCast_AsPeoncito". Blueprint:  BarraVIda Function:  Get Text 0 Graph:  GetText_0 Node:  Return Node
[2025.07.20-20.44.23:525][925]PIE: Error: Blueprint Runtime Error: "Accessed None trying to read property K2Node_DynamicCast_AsPeoncito". Blueprint:  BarraVIda Function:  Get Text 0 Graph:  GetText_0 Node:  Return Node
[2025.07.20-20.44.23:541][926]PIE: Error: Blueprint Runtime Error: "Accessed None trying to read property K2Node_DynamicCast_AsPeoncito". Blueprint:  BarraVIda Function:  Get Text 0 Graph:  GetText_0 Node:  Return Node
[2025.07.20-20.44.23:559][927]PIE: Error: Blueprint Runtime Error: "Accessed None trying to read property K2Node_DynamicCast_AsPeoncito". Blueprint:  BarraVIda Function:  Get Text 0 Graph:  GetText_0 Node:  Return Node
[2025.07.20-20.44.23:578][928]PIE: Error: Blueprint Runtime Error: "Accessed None trying to read property K2Node_DynamicCast_AsPeoncito". Blueprint:  BarraVIda Function:  Get Text 0 Graph:  GetText_0 Node:  Return Node
[2025.07.20-20.44.23:595][929]PIE: Error: Blueprint Runtime Error: "Accessed None trying to read property K2Node_DynamicCast_AsPeoncito". Blueprint:  BarraVIda Function:  Get Text 0 Graph:  GetText_0 Node:  Return Node
[2025.07.20-20.44.23:613][930]PIE: Error: Blueprint Runtime Error: "Accessed None trying to read property K2Node_DynamicCast_AsPeoncito". Blueprint:  BarraVIda Function:  Get Text 0 Graph:  GetText_0 Node:  Return Node
[2025.07.20-20.44.23:630][931]PIE: Error: Blueprint Runtime Error: "Accessed None trying to read property K2Node_DynamicCast_AsPeoncito". Blueprint:  BarraVIda Function:  Get Text 0 Graph:  GetText_0 Node:  Return Node
[2025.07.20-20.44.23:648][932]PIE: Error: Blueprint Runtime Error: "Accessed None trying to read property K2Node_DynamicCast_AsPeoncito". Blueprint:  BarraVIda Function:  Get Text 0 Graph:  GetText_0 Node:  Return Node
[2025.07.20-20.44.23:663][933]PIE: Error: Blueprint Runtime Error: "Accessed None trying to read property K2Node_DynamicCast_AsPeoncito". Blueprint:  BarraVIda Function:  Get Text 0 Graph:  GetText_0 Node:  Return Node
[2025.07.20-20.44.23:679][934]PIE: Error: Blueprint Runtime Error: "Accessed None trying to read property K2Node_DynamicCast_AsPeoncito". Blueprint:  BarraVIda Function:  Get Text 0 Graph:  GetText_0 Node:  Return Node
[2025.07.20-20.44.23:697][935]PIE: Error: Blueprint Runtime Error: "Accessed None trying to read property K2Node_DynamicCast_AsPeoncito". Blueprint:  BarraVIda Function:  Get Text 0 Graph:  GetText_0 Node:  Return Node
[2025.07.20-20.44.23:713][936]PIE: Error: Blueprint Runtime Error: "Accessed None trying to read property K2Node_DynamicCast_AsPeoncito". Blueprint:  BarraVIda Function:  Get Text 0 Graph:  GetText_0 Node:  Return Node
[2025.07.20-20.44.23:729][937]PIE: Error: Blueprint Runtime Error: "Accessed None trying to read property K2Node_DynamicCast_AsPeoncito". Blueprint:  BarraVIda Function:  Get Text 0 Graph:  GetText_0 Node:  Return Node
[2025.07.20-20.44.23:745][938]PIE: Error: Blueprint Runtime Error: "Accessed None trying to read property K2Node_DynamicCast_AsPeoncito". Blueprint:  BarraVIda Function:  Get Text 0 Graph:  GetText_0 Node:  Return Node
[2025.07.20-20.44.23:763][939]PIE: Error: Blueprint Runtime Error: "Accessed None trying to read property K2Node_DynamicCast_AsPeoncito". Blueprint:  BarraVIda Function:  Get Text 0 Graph:  GetText_0 Node:  Return Node
[2025.07.20-20.44.23:780][940]PIE: Error: Blueprint Runtime Error: "Accessed None trying to read property K2Node_DynamicCast_AsPeoncito". Blueprint:  BarraVIda Function:  Get Text 0 Graph:  GetText_0 Node:  Return Node
[2025.07.20-20.44.23:797][941]PIE: Error: Blueprint Runtime Error: "Accessed None trying to read property K2Node_DynamicCast_AsPeoncito". Blueprint:  BarraVIda Function:  Get Text 0 Graph:  GetText_0 Node:  Return Node
[2025.07.20-20.44.23:813][942]PIE: Error: Blueprint Runtime Error: "Accessed None trying to read property K2Node_DynamicCast_AsPeoncito". Blueprint:  BarraVIda Function:  Get Text 0 Graph:  GetText_0 Node:  Return Node
[2025.07.20-20.44.23:830][943]PIE: Error: Blueprint Runtime Error: "Accessed None trying to read property K2Node_DynamicCast_AsPeoncito". Blueprint:  BarraVIda Function:  Get Text 0 Graph:  GetText_0 Node:  Return Node
[2025.07.20-20.44.23:847][944]PIE: Error: Blueprint Runtime Error: "Accessed None trying to read property K2Node_DynamicCast_AsPeoncito". Blueprint:  BarraVIda Function:  Get Text 0 Graph:  GetText_0 Node:  Return Node
[2025.07.20-20.44.23:863][945]PIE: Error: Blueprint Runtime Error: "Accessed None trying to read property K2Node_DynamicCast_AsPeoncito". Blueprint:  BarraVIda Function:  Get Text 0 Graph:  GetText_0 Node:  Return Node
[2025.07.20-20.44.23:879][946]PIE: Error: Blueprint Runtime Error: "Accessed None trying to read property K2Node_DynamicCast_AsPeoncito". Blueprint:  BarraVIda Function:  Get Text 0 Graph:  GetText_0 Node:  Return Node
[2025.07.20-20.44.23:896][947]PIE: Error: Blueprint Runtime Error: "Accessed None trying to read property K2Node_DynamicCast_AsPeoncito". Blueprint:  BarraVIda Function:  Get Text 0 Graph:  GetText_0 Node:  Return Node
[2025.07.20-20.44.23:912][948]PIE: Error: Blueprint Runtime Error: "Accessed None trying to read property K2Node_DynamicCast_AsPeoncito". Blueprint:  BarraVIda Function:  Get Text 0 Graph:  GetText_0 Node:  Return Node
[2025.07.20-20.44.23:931][949]PIE: Error: Blueprint Runtime Error: "Accessed None trying to read property K2Node_DynamicCast_AsPeoncito". Blueprint:  BarraVIda Function:  Get Text 0 Graph:  GetText_0 Node:  Return Node
[2025.07.20-20.44.23:948][950]PIE: Error: Blueprint Runtime Error: "Accessed None trying to read property K2Node_DynamicCast_AsPeoncito". Blueprint:  BarraVIda Function:  Get Text 0 Graph:  GetText_0 Node:  Return Node
[2025.07.20-20.44.23:965][951]PIE: Error: Blueprint Runtime Error: "Accessed None trying to read property K2Node_DynamicCast_AsPeoncito". Blueprint:  BarraVIda Function:  Get Text 0 Graph:  GetText_0 Node:  Return Node
[2025.07.20-20.44.23:985][952]PIE: Error: Blueprint Runtime Error: "Accessed None trying to read property K2Node_DynamicCast_AsPeoncito". Blueprint:  BarraVIda Function:  Get Text 0 Graph:  GetText_0 Node:  Return Node
[2025.07.20-20.44.24:007][953]PIE: Error: Blueprint Runtime Error: "Accessed None trying to read property K2Node_DynamicCast_AsPeoncito". Blueprint:  BarraVIda Function:  Get Text 0 Graph:  GetText_0 Node:  Return Node
[2025.07.20-20.44.24:026][954]PIE: Error: Blueprint Runtime Error: "Accessed None trying to read property K2Node_DynamicCast_AsPeoncito". Blueprint:  BarraVIda Function:  Get Text 0 Graph:  GetText_0 Node:  Return Node
[2025.07.20-20.44.24:044][955]PIE: Error: Blueprint Runtime Error: "Accessed None trying to read property K2Node_DynamicCast_AsPeoncito". Blueprint:  BarraVIda Function:  Get Text 0 Graph:  GetText_0 Node:  Return Node
[2025.07.20-20.44.24:061][956]PIE: Error: Blueprint Runtime Error: "Accessed None trying to read property K2Node_DynamicCast_AsPeoncito". Blueprint:  BarraVIda Function:  Get Text 0 Graph:  GetText_0 Node:  Return Node
[2025.07.20-20.44.24:079][957]PIE: Error: Blueprint Runtime Error: "Accessed None trying to read property K2Node_DynamicCast_AsPeoncito". Blueprint:  BarraVIda Function:  Get Text 0 Graph:  GetText_0 Node:  Return Node
[2025.07.20-20.44.24:097][958]PIE: Error: Blueprint Runtime Error: "Accessed None trying to read property K2Node_DynamicCast_AsPeoncito". Blueprint:  BarraVIda Function:  Get Text 0 Graph:  GetText_0 Node:  Return Node
[2025.07.20-20.44.24:115][959]PIE: Error: Blueprint Runtime Error: "Accessed None trying to read property K2Node_DynamicCast_AsPeoncito". Blueprint:  BarraVIda Function:  Get Text 0 Graph:  GetText_0 Node:  Return Node
[2025.07.20-20.44.24:132][960]PIE: Error: Blueprint Runtime Error: "Accessed None trying to read property K2Node_DynamicCast_AsPeoncito". Blueprint:  BarraVIda Function:  Get Text 0 Graph:  GetText_0 Node:  Return Node
[2025.07.20-20.44.24:148][961]PIE: Error: Blueprint Runtime Error: "Accessed None trying to read property K2Node_DynamicCast_AsPeoncito". Blueprint:  BarraVIda Function:  Get Text 0 Graph:  GetText_0 Node:  Return Node
[2025.07.20-20.44.24:164][962]PIE: Error: Blueprint Runtime Error: "Accessed None trying to read property K2Node_DynamicCast_AsPeoncito". Blueprint:  BarraVIda Function:  Get Text 0 Graph:  GetText_0 Node:  Return Node
[2025.07.20-20.44.24:181][963]PIE: Error: Blueprint Runtime Error: "Accessed None trying to read property K2Node_DynamicCast_AsPeoncito". Blueprint:  BarraVIda Function:  Get Text 0 Graph:  GetText_0 Node:  Return Node
[2025.07.20-20.44.24:197][964]PIE: Error: Blueprint Runtime Error: "Accessed None trying to read property K2Node_DynamicCast_AsPeoncito". Blueprint:  BarraVIda Function:  Get Text 0 Graph:  GetText_0 Node:  Return Node
[2025.07.20-20.44.24:215][965]PIE: Error: Blueprint Runtime Error: "Accessed None trying to read property K2Node_DynamicCast_AsPeoncito". Blueprint:  BarraVIda Function:  Get Text 0 Graph:  GetText_0 Node:  Return Node
[2025.07.20-20.44.24:282][966]LogSlate: Updating window title bar state: overlay mode, drag disabled, window buttons hidden, title bar hidden
[2025.07.20-20.44.24:282][966]LogWorld: BeginTearingDown for /Game/ThirdPersonBP/Maps/UEDPIE_0_Perdiste_Level
[2025.07.20-20.44.24:282][966]LogWorld: UWorld::CleanupWorld for Perdiste_Level, bSessionEnded=true, bCleanupResources=true
[2025.07.20-20.44.24:283][966]LogSlate: InvalidateAllWidgets triggered.  All widgets were invalidated
[2025.07.20-20.44.24:296][966]LogPlayLevel: Display: Shutting down PIE online subsystems
[2025.07.20-20.44.24:300][966]LogSlate: InvalidateAllWidgets triggered.  All widgets were invalidated
[2025.07.20-20.44.24:335][966]LogAudio: Display: Audio Device unregistered from world 'None'.
[2025.07.20-20.44.24:335][966]LogAudioMixer: FMixerPlatformXAudio2::StopAudioStream() called
[2025.07.20-20.44.24:337][966]LogAudioMixer: FMixerPlatformXAudio2::StopAudioStream() called
[2025.07.20-20.44.24:339][966]LogSlate: Updating window title bar state: overlay mode, drag disabled, window buttons hidden, title bar hidden
[2025.07.20-20.44.24:349][966]LogUObjectHash: Compacting FUObjectHashTables data took   2.59ms
[2025.07.20-20.44.24:507][966]LogSlate: Took 0.005460 seconds to synchronously load lazily loaded font '../../../Engine/Content/Slate/Fonts/DroidSansMono.ttf' (77K)
[2025.07.20-20.44.24:550][967]LogPlayLevel: Display: Destroying online subsystem :Context_30
[2025.07.20-20.44.25:729][ 17]LogSlate: Window 'Message Log' being destroyed
[2025.07.20-20.44.25:741][ 17]LogSlate: Window 'Message Log' being destroyed
[2025.07.20-21.54.37:570][969]LogAudioMixer: Warning: Changing default audio render device to new device: {0.0.0.00000000}.{24e7b202-284e-42f7-bc0e-362262c7f551}.
[2025.07.20-21.54.37:873][969]LogAudioMixer: Resetting audio stream to device id 
[2025.07.20-21.54.37:886][969]LogAudioMixer: Display: 0: FrontLeft
[2025.07.20-21.54.37:886][969]LogAudioMixer: Display: 1: FrontRight
[2025.07.20-21.56.53:636][334]LogSavePackage: Moving '../../../../../UTN-e-learning/Unreal-Engine/Unreal-Projects/TP_PreEntrega/Saved/EnemyCharacterFD2AF3B643AB45F8B223368F8A211624.tmp' to '../../../../../UTN-e-learning/Unreal-Engine/Unreal-Projects/TP_PreEntrega/Content/ThirdPersonBP/Blueprints/blueprints/EnemyCharacter.uasset'
[2025.07.20-21.56.53:679][334]AssetCheck: New page: Asset Save: EnemyCharacter
[2025.07.20-21.56.53:680][334]LogContentValidation: Display: Validating Blueprint /Game/ThirdPersonBP/Blueprints/blueprints/EnemyCharacter.EnemyCharacter
[2025.07.20-21.56.55:120][412]LogRenderer: Reallocating scene render targets to support 1208x696 Format 10 NumSamples 1 (Frame:1).
[2025.07.20-21.57.01:701][662]LogEditorClassViewer: Warning: Class /Engine/Tutorial/InWorldBlueprintEditing/TutorialAssets/IWBE_Blutility.IWBE_Blutility_C has parent /Script/Blutility.PlacedEditorUtilityBase, but this parent is not found. The Class will not be shown in ClassViewer.
[2025.07.20-21.57.09:194][  0]LogSavePackage: Moving '../../../../../UTN-e-learning/Unreal-Engine/Unreal-Projects/TP_PreEntrega/Saved/EnemyCharacter6602E9274B0FBA15B95018ABAE4F5CF3.tmp' to '../../../../../UTN-e-learning/Unreal-Engine/Unreal-Projects/TP_PreEntrega/Content/ThirdPersonBP/Blueprints/blueprints/EnemyCharacter.uasset'
[2025.07.20-21.57.09:215][  0]AssetCheck: New page: Asset Save: EnemyCharacter
[2025.07.20-21.57.09:215][  0]LogContentValidation: Display: Validating Blueprint /Game/ThirdPersonBP/Blueprints/blueprints/EnemyCharacter.EnemyCharacter
[2025.07.20-21.57.11:445][102]BlueprintLog: New page: Compile EnemyCharacter
[2025.07.20-21.57.11:569][102]LogUObjectHash: Compacting FUObjectHashTables data took   6.56ms
[2025.07.20-21.57.14:008][236]LogTemp: Repeating last play command: Selected Viewport
[2025.07.20-21.57.14:037][236]LogPlayLevel: PlayLevel: No blueprints needed recompiling
[2025.07.20-21.57.14:037][236]PIE: New page: PIE session: ThirdPersonExampleMap (Jul 20, 2025, 3:57:14 PM)
[2025.07.20-21.57.14:058][236]LogPlayLevel: Creating play world package: /Game/ThirdPersonBP/Maps/UEDPIE_0_ThirdPersonExampleMap
[2025.07.20-21.57.14:094][236]LogPlayLevel: PIE: StaticDuplicateObject took: (0.036162s)
[2025.07.20-21.57.14:096][236]LogAIModule: Creating AISystem for world ThirdPersonExampleMap
[2025.07.20-21.57.14:096][236]LogPlayLevel: PIE: World Init took: (0.002049s)
[2025.07.20-21.57.14:096][236]LogPlayLevel: PIE: Created PIE world by copying editor world from /Game/ThirdPersonBP/Maps/ThirdPersonExampleMap.ThirdPersonExampleMap to /Game/ThirdPersonBP/Maps/UEDPIE_0_ThirdPersonExampleMap.ThirdPersonExampleMap (0.038492s)
[2025.07.20-21.57.14:136][236]LogUObjectHash: Compacting FUObjectHashTables data took   3.13ms
[2025.07.20-21.57.14:138][236]LogAudio: Display: Creating Audio Device:                 Id: 4, Scope: Unique, Realtime: True
[2025.07.20-21.57.14:138][236]LogAudioMixer: Display: Audio Mixer Platform Settings:
[2025.07.20-21.57.14:138][236]LogAudioMixer: Display: 	Sample Rate:						  48000
[2025.07.20-21.57.14:138][236]LogAudioMixer: Display: 	Callback Buffer Frame Size Requested: 1024
[2025.07.20-21.57.14:138][236]LogAudioMixer: Display: 	Callback Buffer Frame Size To Use:	  1024
[2025.07.20-21.57.14:138][236]LogAudioMixer: Display: 	Number of buffers to queue:			  2
[2025.07.20-21.57.14:138][236]LogAudioMixer: Display: 	Max Channels (voices):				  32
[2025.07.20-21.57.14:138][236]LogAudioMixer: Display: 	Number of Async Source Workers:		  0
[2025.07.20-21.57.14:138][236]LogAudio: Display: AudioDevice MaxSources: 32
[2025.07.20-21.57.14:138][236]LogAudio: Display: Audio Spatialization Plugin: None (built-in).
[2025.07.20-21.57.14:138][236]LogAudio: Display: Audio Reverb Plugin: None (built-in).
[2025.07.20-21.57.14:138][236]LogAudio: Display: Audio Occlusion Plugin: None (built-in).
[2025.07.20-21.57.14:138][236]LogAudioMixer: Display: Initializing audio mixer.
[2025.07.20-21.57.14:143][236]LogAudioMixer: Display: 0: FrontLeft
[2025.07.20-21.57.14:143][236]LogAudioMixer: Display: 1: FrontRight
[2025.07.20-21.57.14:160][236]LogAudioMixer: Display: Using Audio Device Headphones (SOUNDPEATS Opera05)
[2025.07.20-21.57.14:160][236]LogAudioMixer: Display: Initializing Sound Submixes...
[2025.07.20-21.57.14:161][236]LogAudioMixer: Display: Creating Master Submix 'MasterSubmixDefault'
[2025.07.20-21.57.14:161][236]LogAudioMixer: Display: Creating Master Submix 'MasterReverbSubmixDefault'
[2025.07.20-21.57.14:161][236]LogAudioMixer: Display: Creating Master Submix 'MasterEQSubmixDefault'
[2025.07.20-21.57.14:161][236]LogAudioMixer: FMixerPlatformXAudio2::StartAudioStream() called
[2025.07.20-21.57.14:161][236]LogAudioMixer: Display: Output buffers initialized: Frames=1024, Channels=2, Samples=2048
[2025.07.20-21.57.14:162][236]LogAudioMixer: Display: Starting AudioMixerPlatformInterface::RunInternal()
[2025.07.20-21.57.14:162][236]LogAudioMixer: Display: FMixerPlatformXAudio2::SubmitBuffer() called for the first time
[2025.07.20-21.57.14:162][236]LogInit: FAudioDevice initialized.
[2025.07.20-21.57.14:162][236]LogAudio: Display: Audio Device (ID: 4) registered with world 'ThirdPersonExampleMap'.
[2025.07.20-21.57.14:169][236]LogLoad: Game class is 'ReglasJuego_C'
[2025.07.20-21.57.14:177][236]LogWorld: Bringing World /Game/ThirdPersonBP/Maps/UEDPIE_0_ThirdPersonExampleMap.ThirdPersonExampleMap up for play (max tick rate 60) at 2025.07.20-18.57.14
[2025.07.20-21.57.14:178][236]LogWorld: Bringing up level for play took: 0.007981
[2025.07.20-21.57.14:178][236]LogOnline: OSS: Creating online subsystem instance for: :Context_34
[2025.07.20-21.57.14:180][236]LogBlueprintUserMessages: [plataforma_2] Buenas buenas!
[2025.07.20-21.57.14:183][236]PIE: Server logged in
[2025.07.20-21.57.14:184][236]PIE: Play in editor total start time 0.164 seconds.
[2025.07.20-21.57.16:209][353]LogBlueprintUserMessages: [enemy_bullet_C_1] El peoncito perdio 10 de vida!!!!
[2025.07.20-21.57.16:997][399]LogBlueprintUserMessages: [enemy_bullet_C_0] El peoncito perdio 10 de vida!!!!
[2025.07.20-21.57.18:636][497]LogBlueprintUserMessages: [enemy_bullet_C_6] El peoncito perdio 10 de vida!!!!
[2025.07.20-21.57.19:485][548]LogBlueprintUserMessages: [enemy_bullet_C_8] El peoncito perdio 10 de vida!!!!
[2025.07.20-21.57.20:261][594]LogBlueprintUserMessages: [enemy_misil_C_0] El peoncito perdio 10 de vida!!!!
[2025.07.20-21.57.27:777][ 43]LogBlueprintUserMessages: [ReglasJuego_C_0] El puntaje subio!
[2025.07.20-21.57.27:777][ 43]LogBlueprintUserMessages: [ReglasJuego_C_0] 2
[2025.07.20-21.57.29:098][122]LogBlueprintUserMessages: [enemy_bullet_C_31] El peoncito perdio 10 de vida!!!!
[2025.07.20-21.57.30:120][182]LogBlueprintUserMessages: [enemy_bullet_C_34] El peoncito perdio 10 de vida!!!!
[2025.07.20-21.57.31:039][237]LogBlueprintUserMessages: [enemy_misil_C_4] El peoncito perdio 10 de vida!!!!
[2025.07.20-21.57.31:039][237]LogBlueprintUserMessages: [peoncito_2] El peoncito murio
[2025.07.20-21.57.31:039][237]LogBlueprintUserMessages: [ReglasJuego_C_0] Noo, perdiste!
[2025.07.20-21.57.31:042][237]LogScript: Warning: Accessed None trying to read property K2Node_DynamicCast_AsPeoncito
	BarraVIda_C /Engine/Transient.UnrealEdEngine_0:GameInstance_2.BarraVIda_C_0
	Function /Game/ThirdPersonBP/Blueprints/blueprints/BarraVIda.BarraVIda_C:GetText_0:0099
[2025.07.20-21.57.31:042][237]PIE: Error: Blueprint Runtime Error: "Accessed None trying to read property K2Node_DynamicCast_AsPeoncito". Blueprint:  BarraVIda Function:  Get Text 0 Graph:  GetText_0 Node:  Return Node
[2025.07.20-21.57.31:054][238]LogNet: Browse: /Game/ThirdPersonBP/Maps/Perdiste_Level
[2025.07.20-21.57.31:054][238]LogLoad: LoadMap: /Game/ThirdPersonBP/Maps/Perdiste_Level
[2025.07.20-21.57.31:054][238]LogWorld: BeginTearingDown for /Game/ThirdPersonBP/Maps/UEDPIE_0_ThirdPersonExampleMap
[2025.07.20-21.57.31:055][238]LogWorld: UWorld::CleanupWorld for ThirdPersonExampleMap, bSessionEnded=true, bCleanupResources=true
[2025.07.20-21.57.31:056][238]LogSlate: InvalidateAllWidgets triggered.  All widgets were invalidated
[2025.07.20-21.57.31:140][238]LogAudio: Display: Audio Device unregistered from world 'None'.
[2025.07.20-21.57.31:144][238]LogUObjectHash: Compacting FUObjectHashTables data took   2.41ms
[2025.07.20-21.57.31:162][238]LogAudio: Display: Audio Device (ID: 4) registered with world 'Perdiste_Level'.
[2025.07.20-21.57.31:164][238]LogAIModule: Creating AISystem for world Perdiste_Level
[2025.07.20-21.57.31:164][238]LogLoad: Game class is 'ReglasJuego_C'
[2025.07.20-21.57.31:205][238]LogWorld: Bringing World /Game/ThirdPersonBP/Maps/UEDPIE_0_Perdiste_Level.Perdiste_Level up for play (max tick rate 60) at 2025.07.20-18.57.31
[2025.07.20-21.57.31:206][238]LogWorld: Bringing up level for play took: 0.039531
[2025.07.20-21.57.31:206][238]LogGameMode: FindPlayerStart: PATHS NOT DEFINED or NO PLAYERSTART with positive rating
[2025.07.20-21.57.31:207][238]LogBlueprintUserMessages: [plataforma_2] Buenas buenas!
[2025.07.20-21.57.31:208][238]LogLoad: Took 0.153117 seconds to LoadMap(/Game/ThirdPersonBP/Maps/Perdiste_Level)
[2025.07.20-21.57.31:258][238]PIE: Error: Blueprint Runtime Error: "Accessed None trying to read property K2Node_DynamicCast_AsPeoncito". Blueprint:  BarraVIda Function:  Get Text 0 Graph:  GetText_0 Node:  Return Node
[2025.07.20-21.57.31:279][239]PIE: Error: Blueprint Runtime Error: "Accessed None trying to read property K2Node_DynamicCast_AsPeoncito". Blueprint:  BarraVIda Function:  Get Text 0 Graph:  GetText_0 Node:  Return Node
[2025.07.20-21.57.31:294][240]PIE: Error: Blueprint Runtime Error: "Accessed None trying to read property K2Node_DynamicCast_AsPeoncito". Blueprint:  BarraVIda Function:  Get Text 0 Graph:  GetText_0 Node:  Return Node
[2025.07.20-21.57.31:313][241]PIE: Error: Blueprint Runtime Error: "Accessed None trying to read property K2Node_DynamicCast_AsPeoncito". Blueprint:  BarraVIda Function:  Get Text 0 Graph:  GetText_0 Node:  Return Node
[2025.07.20-21.57.31:328][242]PIE: Error: Blueprint Runtime Error: "Accessed None trying to read property K2Node_DynamicCast_AsPeoncito". Blueprint:  BarraVIda Function:  Get Text 0 Graph:  GetText_0 Node:  Return Node
[2025.07.20-21.57.31:345][243]PIE: Error: Blueprint Runtime Error: "Accessed None trying to read property K2Node_DynamicCast_AsPeoncito". Blueprint:  BarraVIda Function:  Get Text 0 Graph:  GetText_0 Node:  Return Node
[2025.07.20-21.57.31:362][244]PIE: Error: Blueprint Runtime Error: "Accessed None trying to read property K2Node_DynamicCast_AsPeoncito". Blueprint:  BarraVIda Function:  Get Text 0 Graph:  GetText_0 Node:  Return Node
[2025.07.20-21.57.31:379][245]PIE: Error: Blueprint Runtime Error: "Accessed None trying to read property K2Node_DynamicCast_AsPeoncito". Blueprint:  BarraVIda Function:  Get Text 0 Graph:  GetText_0 Node:  Return Node
[2025.07.20-21.57.31:395][246]PIE: Error: Blueprint Runtime Error: "Accessed None trying to read property K2Node_DynamicCast_AsPeoncito". Blueprint:  BarraVIda Function:  Get Text 0 Graph:  GetText_0 Node:  Return Node
[2025.07.20-21.57.31:411][247]PIE: Error: Blueprint Runtime Error: "Accessed None trying to read property K2Node_DynamicCast_AsPeoncito". Blueprint:  BarraVIda Function:  Get Text 0 Graph:  GetText_0 Node:  Return Node
[2025.07.20-21.57.31:428][248]PIE: Error: Blueprint Runtime Error: "Accessed None trying to read property K2Node_DynamicCast_AsPeoncito". Blueprint:  BarraVIda Function:  Get Text 0 Graph:  GetText_0 Node:  Return Node
[2025.07.20-21.57.31:446][249]PIE: Error: Blueprint Runtime Error: "Accessed None trying to read property K2Node_DynamicCast_AsPeoncito". Blueprint:  BarraVIda Function:  Get Text 0 Graph:  GetText_0 Node:  Return Node
[2025.07.20-21.57.31:461][250]PIE: Error: Blueprint Runtime Error: "Accessed None trying to read property K2Node_DynamicCast_AsPeoncito". Blueprint:  BarraVIda Function:  Get Text 0 Graph:  GetText_0 Node:  Return Node
[2025.07.20-21.57.31:478][251]PIE: Error: Blueprint Runtime Error: "Accessed None trying to read property K2Node_DynamicCast_AsPeoncito". Blueprint:  BarraVIda Function:  Get Text 0 Graph:  GetText_0 Node:  Return Node
[2025.07.20-21.57.31:495][252]PIE: Error: Blueprint Runtime Error: "Accessed None trying to read property K2Node_DynamicCast_AsPeoncito". Blueprint:  BarraVIda Function:  Get Text 0 Graph:  GetText_0 Node:  Return Node
[2025.07.20-21.57.31:511][253]PIE: Error: Blueprint Runtime Error: "Accessed None trying to read property K2Node_DynamicCast_AsPeoncito". Blueprint:  BarraVIda Function:  Get Text 0 Graph:  GetText_0 Node:  Return Node
[2025.07.20-21.57.31:528][254]PIE: Error: Blueprint Runtime Error: "Accessed None trying to read property K2Node_DynamicCast_AsPeoncito". Blueprint:  BarraVIda Function:  Get Text 0 Graph:  GetText_0 Node:  Return Node
[2025.07.20-21.57.31:545][255]PIE: Error: Blueprint Runtime Error: "Accessed None trying to read property K2Node_DynamicCast_AsPeoncito". Blueprint:  BarraVIda Function:  Get Text 0 Graph:  GetText_0 Node:  Return Node
[2025.07.20-21.57.31:562][256]PIE: Error: Blueprint Runtime Error: "Accessed None trying to read property K2Node_DynamicCast_AsPeoncito". Blueprint:  BarraVIda Function:  Get Text 0 Graph:  GetText_0 Node:  Return Node
[2025.07.20-21.57.31:578][257]PIE: Error: Blueprint Runtime Error: "Accessed None trying to read property K2Node_DynamicCast_AsPeoncito". Blueprint:  BarraVIda Function:  Get Text 0 Graph:  GetText_0 Node:  Return Node
[2025.07.20-21.57.31:594][258]PIE: Error: Blueprint Runtime Error: "Accessed None trying to read property K2Node_DynamicCast_AsPeoncito". Blueprint:  BarraVIda Function:  Get Text 0 Graph:  GetText_0 Node:  Return Node
[2025.07.20-21.57.31:611][259]PIE: Error: Blueprint Runtime Error: "Accessed None trying to read property K2Node_DynamicCast_AsPeoncito". Blueprint:  BarraVIda Function:  Get Text 0 Graph:  GetText_0 Node:  Return Node
[2025.07.20-21.57.31:628][260]PIE: Error: Blueprint Runtime Error: "Accessed None trying to read property K2Node_DynamicCast_AsPeoncito". Blueprint:  BarraVIda Function:  Get Text 0 Graph:  GetText_0 Node:  Return Node
[2025.07.20-21.57.31:644][261]PIE: Error: Blueprint Runtime Error: "Accessed None trying to read property K2Node_DynamicCast_AsPeoncito". Blueprint:  BarraVIda Function:  Get Text 0 Graph:  GetText_0 Node:  Return Node
[2025.07.20-21.57.31:661][262]PIE: Error: Blueprint Runtime Error: "Accessed None trying to read property K2Node_DynamicCast_AsPeoncito". Blueprint:  BarraVIda Function:  Get Text 0 Graph:  GetText_0 Node:  Return Node
[2025.07.20-21.57.31:678][263]PIE: Error: Blueprint Runtime Error: "Accessed None trying to read property K2Node_DynamicCast_AsPeoncito". Blueprint:  BarraVIda Function:  Get Text 0 Graph:  GetText_0 Node:  Return Node
[2025.07.20-21.57.31:695][264]PIE: Error: Blueprint Runtime Error: "Accessed None trying to read property K2Node_DynamicCast_AsPeoncito". Blueprint:  BarraVIda Function:  Get Text 0 Graph:  GetText_0 Node:  Return Node
[2025.07.20-21.57.31:712][265]PIE: Error: Blueprint Runtime Error: "Accessed None trying to read property K2Node_DynamicCast_AsPeoncito". Blueprint:  BarraVIda Function:  Get Text 0 Graph:  GetText_0 Node:  Return Node
[2025.07.20-21.57.31:728][266]PIE: Error: Blueprint Runtime Error: "Accessed None trying to read property K2Node_DynamicCast_AsPeoncito". Blueprint:  BarraVIda Function:  Get Text 0 Graph:  GetText_0 Node:  Return Node
[2025.07.20-21.57.31:744][267]PIE: Error: Blueprint Runtime Error: "Accessed None trying to read property K2Node_DynamicCast_AsPeoncito". Blueprint:  BarraVIda Function:  Get Text 0 Graph:  GetText_0 Node:  Return Node
[2025.07.20-21.57.31:761][268]PIE: Error: Blueprint Runtime Error: "Accessed None trying to read property K2Node_DynamicCast_AsPeoncito". Blueprint:  BarraVIda Function:  Get Text 0 Graph:  GetText_0 Node:  Return Node
[2025.07.20-21.57.31:778][269]PIE: Error: Blueprint Runtime Error: "Accessed None trying to read property K2Node_DynamicCast_AsPeoncito". Blueprint:  BarraVIda Function:  Get Text 0 Graph:  GetText_0 Node:  Return Node
[2025.07.20-21.57.31:795][270]PIE: Error: Blueprint Runtime Error: "Accessed None trying to read property K2Node_DynamicCast_AsPeoncito". Blueprint:  BarraVIda Function:  Get Text 0 Graph:  GetText_0 Node:  Return Node
[2025.07.20-21.57.31:814][271]PIE: Error: Blueprint Runtime Error: "Accessed None trying to read property K2Node_DynamicCast_AsPeoncito". Blueprint:  BarraVIda Function:  Get Text 0 Graph:  GetText_0 Node:  Return Node
[2025.07.20-21.57.31:828][272]PIE: Error: Blueprint Runtime Error: "Accessed None trying to read property K2Node_DynamicCast_AsPeoncito". Blueprint:  BarraVIda Function:  Get Text 0 Graph:  GetText_0 Node:  Return Node
[2025.07.20-21.57.31:844][273]PIE: Error: Blueprint Runtime Error: "Accessed None trying to read property K2Node_DynamicCast_AsPeoncito". Blueprint:  BarraVIda Function:  Get Text 0 Graph:  GetText_0 Node:  Return Node
[2025.07.20-21.57.31:861][274]PIE: Error: Blueprint Runtime Error: "Accessed None trying to read property K2Node_DynamicCast_AsPeoncito". Blueprint:  BarraVIda Function:  Get Text 0 Graph:  GetText_0 Node:  Return Node
[2025.07.20-21.57.31:878][275]PIE: Error: Blueprint Runtime Error: "Accessed None trying to read property K2Node_DynamicCast_AsPeoncito". Blueprint:  BarraVIda Function:  Get Text 0 Graph:  GetText_0 Node:  Return Node
[2025.07.20-21.57.31:895][276]PIE: Error: Blueprint Runtime Error: "Accessed None trying to read property K2Node_DynamicCast_AsPeoncito". Blueprint:  BarraVIda Function:  Get Text 0 Graph:  GetText_0 Node:  Return Node
[2025.07.20-21.57.31:911][277]PIE: Error: Blueprint Runtime Error: "Accessed None trying to read property K2Node_DynamicCast_AsPeoncito". Blueprint:  BarraVIda Function:  Get Text 0 Graph:  GetText_0 Node:  Return Node
[2025.07.20-21.57.31:928][278]PIE: Error: Blueprint Runtime Error: "Accessed None trying to read property K2Node_DynamicCast_AsPeoncito". Blueprint:  BarraVIda Function:  Get Text 0 Graph:  GetText_0 Node:  Return Node
[2025.07.20-21.57.31:944][279]PIE: Error: Blueprint Runtime Error: "Accessed None trying to read property K2Node_DynamicCast_AsPeoncito". Blueprint:  BarraVIda Function:  Get Text 0 Graph:  GetText_0 Node:  Return Node
[2025.07.20-21.57.31:961][280]PIE: Error: Blueprint Runtime Error: "Accessed None trying to read property K2Node_DynamicCast_AsPeoncito". Blueprint:  BarraVIda Function:  Get Text 0 Graph:  GetText_0 Node:  Return Node
[2025.07.20-21.57.31:978][281]PIE: Error: Blueprint Runtime Error: "Accessed None trying to read property K2Node_DynamicCast_AsPeoncito". Blueprint:  BarraVIda Function:  Get Text 0 Graph:  GetText_0 Node:  Return Node
[2025.07.20-21.57.31:994][282]PIE: Error: Blueprint Runtime Error: "Accessed None trying to read property K2Node_DynamicCast_AsPeoncito". Blueprint:  BarraVIda Function:  Get Text 0 Graph:  GetText_0 Node:  Return Node
[2025.07.20-21.57.32:011][283]PIE: Error: Blueprint Runtime Error: "Accessed None trying to read property K2Node_DynamicCast_AsPeoncito". Blueprint:  BarraVIda Function:  Get Text 0 Graph:  GetText_0 Node:  Return Node
[2025.07.20-21.57.32:028][284]PIE: Error: Blueprint Runtime Error: "Accessed None trying to read property K2Node_DynamicCast_AsPeoncito". Blueprint:  BarraVIda Function:  Get Text 0 Graph:  GetText_0 Node:  Return Node
[2025.07.20-21.57.32:044][285]PIE: Error: Blueprint Runtime Error: "Accessed None trying to read property K2Node_DynamicCast_AsPeoncito". Blueprint:  BarraVIda Function:  Get Text 0 Graph:  GetText_0 Node:  Return Node
[2025.07.20-21.57.32:062][286]PIE: Error: Blueprint Runtime Error: "Accessed None trying to read property K2Node_DynamicCast_AsPeoncito". Blueprint:  BarraVIda Function:  Get Text 0 Graph:  GetText_0 Node:  Return Node
[2025.07.20-21.57.32:078][287]PIE: Error: Blueprint Runtime Error: "Accessed None trying to read property K2Node_DynamicCast_AsPeoncito". Blueprint:  BarraVIda Function:  Get Text 0 Graph:  GetText_0 Node:  Return Node
[2025.07.20-21.57.32:094][288]PIE: Error: Blueprint Runtime Error: "Accessed None trying to read property K2Node_DynamicCast_AsPeoncito". Blueprint:  BarraVIda Function:  Get Text 0 Graph:  GetText_0 Node:  Return Node
[2025.07.20-21.57.32:177][289]LogSlate: Updating window title bar state: overlay mode, drag disabled, window buttons hidden, title bar hidden
[2025.07.20-21.57.32:177][289]LogWorld: BeginTearingDown for /Game/ThirdPersonBP/Maps/UEDPIE_0_Perdiste_Level
[2025.07.20-21.57.32:177][289]LogWorld: UWorld::CleanupWorld for Perdiste_Level, bSessionEnded=true, bCleanupResources=true
[2025.07.20-21.57.32:178][289]LogSlate: InvalidateAllWidgets triggered.  All widgets were invalidated
[2025.07.20-21.57.32:186][289]LogPlayLevel: Display: Shutting down PIE online subsystems
[2025.07.20-21.57.32:189][289]LogSlate: InvalidateAllWidgets triggered.  All widgets were invalidated
[2025.07.20-21.57.32:224][289]LogAudio: Display: Audio Device unregistered from world 'None'.
[2025.07.20-21.57.32:224][289]LogAudioMixer: FMixerPlatformXAudio2::StopAudioStream() called
[2025.07.20-21.57.32:225][289]LogAudioMixer: FMixerPlatformXAudio2::StopAudioStream() called
[2025.07.20-21.57.32:227][289]LogSlate: Updating window title bar state: overlay mode, drag disabled, window buttons hidden, title bar hidden
[2025.07.20-21.57.32:230][289]LogUObjectHash: Compacting FUObjectHashTables data took   2.01ms
[2025.07.20-21.57.32:417][290]LogPlayLevel: Display: Destroying online subsystem :Context_34
[2025.07.20-21.57.34:586][398]LogSlate: Window 'Message Log' being destroyed
[2025.07.20-21.57.34:601][398]LogSlate: Window 'Message Log' being destroyed
[2025.07.20-21.57.41:576][743]LogSlate: Prevented a slow task dialog from being summoned while a context menu was open
[2025.07.20-21.57.41:605][743]LogEditorClassViewer: Warning: Class /Engine/Tutorial/InWorldBlueprintEditing/TutorialAssets/IWBE_Blutility.IWBE_Blutility_C has parent /Script/Blutility.PlacedEditorUtilityBase, but this parent is not found. The Class will not be shown in ClassViewer.
[2025.07.20-21.57.48:683][988]LogSlate: Prevented a slow task dialog from being summoned while a context menu was open
[2025.07.20-21.58.01:551][509]BlueprintLog: New page: Compile EnemyCharacter
[2025.07.20-21.58.01:677][509]LogUObjectHash: Compacting FUObjectHashTables data took   3.19ms
[2025.07.20-21.58.03:082][572]LogSavePackage: Moving '../../../../../UTN-e-learning/Unreal-Engine/Unreal-Projects/TP_PreEntrega/Saved/EnemyCharacterAE8D991C42E81E1660800190A756FF53.tmp' to '../../../../../UTN-e-learning/Unreal-Engine/Unreal-Projects/TP_PreEntrega/Content/ThirdPersonBP/Blueprints/blueprints/EnemyCharacter.uasset'
[2025.07.20-21.58.03:112][572]AssetCheck: New page: Asset Save: EnemyCharacter
[2025.07.20-21.58.03:112][572]LogContentValidation: Display: Validating Blueprint /Game/ThirdPersonBP/Blueprints/blueprints/EnemyCharacter.EnemyCharacter
[2025.07.20-21.58.04:850][659]LogTemp: Repeating last play command: Selected Viewport
[2025.07.20-21.58.04:893][659]LogPlayLevel: PlayLevel: No blueprints needed recompiling
[2025.07.20-21.58.04:893][659]PIE: New page: PIE session: ThirdPersonExampleMap (Jul 20, 2025, 3:58:04 PM)
[2025.07.20-21.58.04:893][659]LogPlayLevel: Creating play world package: /Game/ThirdPersonBP/Maps/UEDPIE_0_ThirdPersonExampleMap
[2025.07.20-21.58.04:917][659]LogPlayLevel: PIE: StaticDuplicateObject took: (0.023790s)
[2025.07.20-21.58.04:918][659]LogAIModule: Creating AISystem for world ThirdPersonExampleMap
[2025.07.20-21.58.04:918][659]LogPlayLevel: PIE: World Init took: (0.001327s)
[2025.07.20-21.58.04:919][659]LogPlayLevel: PIE: Created PIE world by copying editor world from /Game/ThirdPersonBP/Maps/ThirdPersonExampleMap.ThirdPersonExampleMap to /Game/ThirdPersonBP/Maps/UEDPIE_0_ThirdPersonExampleMap.ThirdPersonExampleMap (0.025308s)
[2025.07.20-21.58.04:967][659]LogUObjectHash: Compacting FUObjectHashTables data took   3.96ms
[2025.07.20-21.58.04:968][659]LogAudio: Display: Creating Audio Device:                 Id: 5, Scope: Unique, Realtime: True
[2025.07.20-21.58.04:968][659]LogAudioMixer: Display: Audio Mixer Platform Settings:
[2025.07.20-21.58.04:968][659]LogAudioMixer: Display: 	Sample Rate:						  48000
[2025.07.20-21.58.04:968][659]LogAudioMixer: Display: 	Callback Buffer Frame Size Requested: 1024
[2025.07.20-21.58.04:968][659]LogAudioMixer: Display: 	Callback Buffer Frame Size To Use:	  1024
[2025.07.20-21.58.04:968][659]LogAudioMixer: Display: 	Number of buffers to queue:			  2
[2025.07.20-21.58.04:968][659]LogAudioMixer: Display: 	Max Channels (voices):				  32
[2025.07.20-21.58.04:968][659]LogAudioMixer: Display: 	Number of Async Source Workers:		  0
[2025.07.20-21.58.04:968][659]LogAudio: Display: AudioDevice MaxSources: 32
[2025.07.20-21.58.04:969][659]LogAudio: Display: Audio Spatialization Plugin: None (built-in).
[2025.07.20-21.58.04:969][659]LogAudio: Display: Audio Reverb Plugin: None (built-in).
[2025.07.20-21.58.04:969][659]LogAudio: Display: Audio Occlusion Plugin: None (built-in).
[2025.07.20-21.58.04:969][659]LogAudioMixer: Display: Initializing audio mixer.
[2025.07.20-21.58.04:975][659]LogAudioMixer: Display: 0: FrontLeft
[2025.07.20-21.58.04:975][659]LogAudioMixer: Display: 1: FrontRight
[2025.07.20-21.58.04:995][659]LogAudioMixer: Display: Using Audio Device Headphones (SOUNDPEATS Opera05)
[2025.07.20-21.58.04:996][659]LogAudioMixer: Display: Initializing Sound Submixes...
[2025.07.20-21.58.04:996][659]LogAudioMixer: Display: Creating Master Submix 'MasterSubmixDefault'
[2025.07.20-21.58.04:996][659]LogAudioMixer: Display: Creating Master Submix 'MasterReverbSubmixDefault'
[2025.07.20-21.58.04:996][659]LogAudioMixer: Display: Creating Master Submix 'MasterEQSubmixDefault'
[2025.07.20-21.58.04:996][659]LogAudioMixer: FMixerPlatformXAudio2::StartAudioStream() called
[2025.07.20-21.58.04:996][659]LogAudioMixer: Display: Output buffers initialized: Frames=1024, Channels=2, Samples=2048
[2025.07.20-21.58.04:997][659]LogAudioMixer: Display: Starting AudioMixerPlatformInterface::RunInternal()
[2025.07.20-21.58.04:997][659]LogAudioMixer: Display: FMixerPlatformXAudio2::SubmitBuffer() called for the first time
[2025.07.20-21.58.04:997][659]LogInit: FAudioDevice initialized.
[2025.07.20-21.58.04:997][659]LogAudio: Display: Audio Device (ID: 5) registered with world 'ThirdPersonExampleMap'.
[2025.07.20-21.58.05:012][659]LogLoad: Game class is 'ReglasJuego_C'
[2025.07.20-21.58.05:024][659]LogWorld: Bringing World /Game/ThirdPersonBP/Maps/UEDPIE_0_ThirdPersonExampleMap.ThirdPersonExampleMap up for play (max tick rate 60) at 2025.07.20-18.58.05
[2025.07.20-21.58.05:025][659]LogWorld: Bringing up level for play took: 0.010998
[2025.07.20-21.58.05:025][659]LogOnline: OSS: Creating online subsystem instance for: :Context_35
[2025.07.20-21.58.05:026][659]LogBlueprintUserMessages: [plataforma_2] Buenas buenas!
[2025.07.20-21.58.05:029][659]PIE: Server logged in
[2025.07.20-21.58.05:030][659]PIE: Play in editor total start time 0.159 seconds.
[2025.07.20-21.58.07:735][800]LogBlueprintUserMessages: [enemy_bullet_C_0] El peoncito perdio 10 de vida!!!!
[2025.07.20-21.58.20:880][497]LogSlate: Updating window title bar state: overlay mode, drag disabled, window buttons hidden, title bar hidden
[2025.07.20-21.58.20:880][497]LogWorld: BeginTearingDown for /Game/ThirdPersonBP/Maps/UEDPIE_0_ThirdPersonExampleMap
[2025.07.20-21.58.20:880][497]LogWorld: UWorld::CleanupWorld for ThirdPersonExampleMap, bSessionEnded=true, bCleanupResources=true
[2025.07.20-21.58.20:882][497]LogSlate: InvalidateAllWidgets triggered.  All widgets were invalidated
[2025.07.20-21.58.20:891][497]LogPlayLevel: Display: Shutting down PIE online subsystems
[2025.07.20-21.58.20:894][497]LogSlate: InvalidateAllWidgets triggered.  All widgets were invalidated
[2025.07.20-21.58.20:931][497]LogAudio: Display: Audio Device unregistered from world 'None'.
[2025.07.20-21.58.20:931][497]LogAudioMixer: FMixerPlatformXAudio2::StopAudioStream() called
[2025.07.20-21.58.20:932][497]LogAudioMixer: FMixerPlatformXAudio2::StopAudioStream() called
[2025.07.20-21.58.20:935][497]LogSlate: Updating window title bar state: overlay mode, drag disabled, window buttons hidden, title bar hidden
[2025.07.20-21.58.20:940][497]LogUObjectHash: Compacting FUObjectHashTables data took   2.82ms
[2025.07.20-21.58.20:981][498]LogPlayLevel: Display: Destroying online subsystem :Context_35
[2025.07.20-21.59.26:803][755]LogUObjectHash: Compacting FUObjectHashTables data took   2.44ms
[2025.07.20-21.59.26:895][755]LogSavePackage: Moving '../../../../../UTN-e-learning/Unreal-Engine/Unreal-Projects/TP_PreEntrega/Saved/ThirdPersonExampleMap_Auto1A3AEFF46451C2A4210E3549016598832.tmp' to '../../../../../UTN-e-learning/Unreal-Engine/Unreal-Projects/TP_PreEntrega/Saved/Autosaves/Game/ThirdPersonBP/Maps/ThirdPersonExampleMap_Auto1.umap'
[2025.07.20-21.59.26:901][755]LogFileHelpers: Editor autosave (incl. external actors) for '/Game/ThirdPersonBP/Maps/ThirdPersonExampleMap' took 0.148
[2025.07.20-21.59.26:901][755]LogFileHelpers: Editor autosave (incl. sublevels & external actors) for all levels took 0.148
[2025.07.20-22.06.05:395][214]LogContentBrowser: Deferred new asset folder creation: NewFolder
[2025.07.20-22.06.05:432][214]LogContentBrowser: Creating deferred item: NewFolder
[2025.07.20-22.06.07:666][344]LogContentBrowser: Attempting asset rename: NewFolder -> golem
[2025.07.20-22.06.07:666][344]LogContentBrowser: End creating deferred item NewFolder
[2025.07.20-22.06.24:901][564]LogFactory: FactoryCreateFile: Texture with ReimportTextureFactory (0 0 ../../../../../UTN-e-learning/Unreal-Engine/Curso-Principiante/clases/assets/textures/golem/GolemTexture.png)
[2025.07.20-22.06.25:241][564]LogTexture: Display: Building textures: GolemTexture (OODLE_AutoDXT, 3072X3072)
[2025.07.20-22.06.25:989][564]LogTextureFormatOodle: Display: non-RDO encode 3072 x 3072 x 1 to format OODLE_AutoDXT (Oodle OodleTex_BC3) lambda=0 effort=20 
[2025.07.20-22.06.26:203][564]LogFactory: FactoryCreateFile: StaticMesh with FbxFactory (0 0 ../../../../../UTN-e-learning/Unreal-Engine/Curso-Principiante/clases/assets/textures/golem/StoneGolem_anim_fbx.fbx)
[2025.07.20-22.06.26:263][564]LogFbx: Loading FBX Scene from ../../../../../UTN-e-learning/Unreal-Engine/Curso-Principiante/clases/assets/textures/golem/StoneGolem_anim_fbx.fbx
[2025.07.20-22.06.26:424][564]LogFbx: FBX Scene Loaded Succesfully
[2025.07.20-22.06.46:135][564]LogSlate: Window 'FBX Import Options' being destroyed
[2025.07.20-22.06.46:169][564]LogFbx: Warning: Not valid bind pose for Pose (BIND_POSES) - Node Sphere : The relative matrices do not match
[2025.07.20-22.06.46:169][564]LogFbx: Warning: Getting valid bind pose failed. Try to recreate bind pose
[2025.07.20-22.06.46:170][564]LogFbx: Valid bind pose for Pose (FbxSDKBindPose) - Sphere
[2025.07.20-22.06.46:170][564]LogFbx: Warning: Recreating bind pose succeeded.
[2025.07.20-22.06.46:178][564]LogMaterial: Display: Material /Game/ThirdPersonBP/Blueprints/blueprints/Textures/golem/None__untitled.None__untitled needed to have new flag set bUsedWithSkeletalMesh !
[2025.07.20-22.06.46:178][564]LogMaterial: Display: Missing cached shadermap for None__untitled in PCD3D_SM5, Default, SM5 (DDC key hash: 7D1B5E1042F56F59904EFBA60DC9C5BA90E61064), compiling. 
[2025.07.20-22.06.46:206][564]LogShaderCompilers: Display: Submitted 32 shader compile jobs with 'Low' priority
[2025.07.20-22.06.46:207][564]LogFbxMaterialImport: Display: Unable to find Texture file GolemTexture77.png
[2025.07.20-22.06.46:208][564]LogMaterial: Display: Missing cached shadermap for None__untitled in PCD3D_SM5, Default, SM5 (DDC key hash: E364DA68BE01DDE6EDC70893DC4750ED5CD72F75), compiling. 
[2025.07.20-22.06.46:212][564]LogFbx: Triangulating skeletal mesh Sphere
[2025.07.20-22.06.46:305][564]LogFbx: Warning: Bones digested - 37  Depth of hierarchy - 8
[2025.07.20-22.06.46:416][564]LogSkeletalMesh: Section 0: Material=0, 3752 triangles
[2025.07.20-22.06.46:421][564]LogSkeletalMesh: Building Skeletal Mesh StoneGolem_anim_fbx...
[2025.07.20-22.06.46:505][564]LogSkeletalMesh: Section 0: Material=0, 3752 triangles
[2025.07.20-22.06.46:511][564]LogSkeletalMesh: Built Skeletal Mesh [0.09s] /Game/ThirdPersonBP/Blueprints/blueprints/Textures/golem/StoneGolem_anim_fbx.StoneGolem_anim_fbx
[2025.07.20-22.06.46:517][564]LogWorld: UWorld::CleanupWorld for World_32, bSessionEnded=true, bCleanupResources=true
[2025.07.20-22.06.46:517][564]LogSlate: InvalidateAllWidgets triggered.  All widgets were invalidated
[2025.07.20-22.06.46:530][564]FBXImport: Warning: The following bones are missing from the bind pose:
Bone_011  
Bone_025  

This can happen for bones that are not vert weighted. If they are not in the correct orientation after importing,
please set the "Use T0 as ref pose" option or add them to the bind pose and reimport the skeletal mesh. 
[2025.07.20-22.06.46:629][564]LogFactory: FactoryCreateFile: StaticMesh with FbxFactory (0 0 ../../../../../UTN-e-learning/Unreal-Engine/Curso-Principiante/clases/assets/textures/golem/StoneGolem_anim_obj.obj)
[2025.07.20-22.06.46:643][564]LogFbx: Loading FBX Scene from ../../../../../UTN-e-learning/Unreal-Engine/Curso-Principiante/clases/assets/textures/golem/StoneGolem_anim_obj.obj
[2025.07.20-22.06.46:669][564]LogFbx: FBX Scene Loaded Succesfully
[2025.07.20-22.06.48:532][564]LogSlate: Window 'FBX Import Options' being destroyed
[2025.07.20-22.06.48:559][564]LogFbxMaterialImport: Display: Unable to find Texture file C:\bLENDERpROJECT\bLENDERpROJECT\Golem\GolemTexture77.png
[2025.07.20-22.06.48:560][564]LogMaterial: Display: Missing cached shadermap for Material_0 in PCD3D_SM5, Default, SM5 (DDC key hash: AFF3EF285BB33E3A51D23BF54A1D50D1E01E44FF), compiling. 
[2025.07.20-22.06.48:564][564]LogFbx: Display: Triangulating static mesh default
[2025.07.20-22.06.48:673][564]LogStaticMesh: Building static mesh StoneGolem_anim_obj...
[2025.07.20-22.06.49:338][564]LogStaticMesh: Built static mesh [0.66s] /Game/ThirdPersonBP/Blueprints/blueprints/Textures/golem/StoneGolem_anim_obj.StoneGolem_anim_obj
[2025.07.20-22.06.49:346][564]LogStaticMesh: Warning: StoneGolem_anim_obj has some nearly zero normals which can create some issues. (Tolerance of 1E-4)
[2025.07.20-22.06.49:346][564]LogStaticMesh: Warning: StoneGolem_anim_obj has some nearly zero bi-normals which can create some issues. (Tolerance of 1E-4)
[2025.07.20-22.06.49:354][564]FBXImport: Warning: StoneGolem_anim_obj has some nearly zero normals which can create some issues. (Tolerance of 1E-4) 
[2025.07.20-22.06.49:354][564]FBXImport: Warning: StoneGolem_anim_obj has some nearly zero bi-normals which can create some issues. (Tolerance of 1E-4) 
[2025.07.20-22.06.49:358][564]LogStaticMesh: Building static mesh StoneGolem_anim_obj...
[2025.07.20-22.06.50:050][564]LogStaticMesh: Built static mesh [0.69s] /Game/ThirdPersonBP/Blueprints/blueprints/Textures/golem/StoneGolem_anim_obj.StoneGolem_anim_obj
[2025.07.20-22.06.50:056][564]LogStaticMesh: Warning: StoneGolem_anim_obj has some nearly zero normals which can create some issues. (Tolerance of 1E-4)
[2025.07.20-22.06.50:057][564]LogStaticMesh: Warning: StoneGolem_anim_obj has some nearly zero bi-normals which can create some issues. (Tolerance of 1E-4)
[2025.07.20-22.06.50:138][566]LogShaderCompilers: Display: Submitted 2 shader compile jobs with 'ForceLocal' priority
[2025.07.20-22.06.50:138][566]LogShaderCompilers: Display: Worker (1/5): shaders left to compile 2
[2025.07.20-22.06.50:138][566]LogShaderCompilers: Display: Worker (2/5): shaders left to compile 1
[2025.07.20-22.06.50:138][566]LogShaderCompilers: Display: Started 2 'Local' shader compile jobs with 'ForceLocal' priority
[2025.07.20-22.06.50:152][567]LogShaderCompilers: Display: Submitted 2 shader compile jobs with 'ForceLocal' priority
[2025.07.20-22.06.50:163][567]LogShaderCompilers: Display: Worker (3/5): shaders left to compile 2
[2025.07.20-22.06.50:163][567]LogShaderCompilers: Display: Worker (4/5): shaders left to compile 1
[2025.07.20-22.06.50:163][567]LogShaderCompilers: Display: Started 2 'Local' shader compile jobs with 'ForceLocal' priority
[2025.07.20-22.06.50:196][567]LogShaderCompilers: Display: Submitted 28 shader compile jobs with 'Normal' priority
[2025.07.20-22.06.50:425][569]LogShaderCompilers: Display: Submitted 2 shader compile jobs with 'ForceLocal' priority
[2025.07.20-22.06.50:447][569]LogShaderCompilers: Display: Submitted 14 shader compile jobs with 'Normal' priority
[2025.07.20-22.06.50:954][586]LogShaderCompilers: Display: Worker (2/5): shaders left to compile 2
[2025.07.20-22.06.50:954][586]LogShaderCompilers: Display: Started 1 'Local' shader compile jobs with 'ForceLocal' priority
[2025.07.20-22.06.50:954][586]LogShaderCompilers: Display: === FShaderJobCache stats ===
[2025.07.20-22.06.50:954][586]LogShaderCompilers: Display: Total job queries 121, among them cache hits 0 (0.00%)
[2025.07.20-22.06.50:954][586]LogShaderCompilers: Display: Tracking 42 distinct input hashes that result in 32 distinct outputs (76.19%)
[2025.07.20-22.06.50:954][586]LogShaderCompilers: Display: RAM used: 0.21 MB (0.00 GB) of 1638.40 MB (1.60 GB) budget. Usage: 0.01%
[2025.07.20-22.06.50:954][586]LogShaderCompilers: Display: ================================================
[2025.07.20-22.06.51:064][592]LogShaderCompilers: Display: Worker (4/5): shaders left to compile 1
[2025.07.20-22.06.51:065][592]LogShaderCompilers: Display: Started 1 'Local' shader compile jobs with 'ForceLocal' priority
[2025.07.20-22.06.51:147][596]LogShaderCompilers: Display: Worker (1/5): shaders left to compile 42
[2025.07.20-22.06.51:147][596]LogShaderCompilers: Display: Started 10 'Local' shader compile jobs with 'Normal' priority
[2025.07.20-22.06.51:380][608]LogShaderCompilers: Display: Worker (3/5): shaders left to compile 32
[2025.07.20-22.06.51:381][608]LogShaderCompilers: Display: Started 9 'Local' shader compile jobs with 'Normal' priority
[2025.07.20-22.06.51:867][631]LogShaderCompilers: Display: Worker (4/5): shaders left to compile 23
[2025.07.20-22.06.51:867][631]LogShaderCompilers: Display: Started 6 'Local' shader compile jobs with 'Normal' priority
[2025.07.20-22.06.51:994][637]LogShaderCompilers: Display: Worker (2/5): shaders left to compile 17
[2025.07.20-22.06.51:994][637]LogShaderCompilers: Display: Started 5 'Local' shader compile jobs with 'Normal' priority
[2025.07.20-22.06.52:086][641]LogSlate: Window 'Message Log' being destroyed
[2025.07.20-22.06.52:115][641]LogSlate: Window 'Message Log' being destroyed
[2025.07.20-22.06.54:714][724]LogShaderCompilers: Display: Worker (2/5): shaders left to compile 12
[2025.07.20-22.06.54:714][724]LogShaderCompilers: Display: Started 4 'Local' shader compile jobs with 'Normal' priority
[2025.07.20-22.06.56:782][784]LogShaderCompilers: Display: Worker (4/5): shaders left to compile 8
[2025.07.20-22.06.56:782][784]LogShaderCompilers: Display: Started 3 'Local' shader compile jobs with 'Normal' priority
[2025.07.20-22.06.57:653][808]LogShaderCompilers: Display: Worker (2/5): shaders left to compile 5
[2025.07.20-22.06.57:653][808]LogShaderCompilers: Display: Started 2 'Local' shader compile jobs with 'Normal' priority
[2025.07.20-22.06.57:786][812]LogShaderCompilers: Display: Worker (3/5): shaders left to compile 3
[2025.07.20-22.06.57:786][812]LogShaderCompilers: Display: Started 1 'Local' shader compile jobs with 'Normal' priority
[2025.07.20-22.06.58:358][828]LogShaderCompilers: Display: Worker (3/5): shaders left to compile 2
[2025.07.20-22.06.58:358][828]LogShaderCompilers: Display: Started 1 'Local' shader compile jobs with 'Normal' priority
[2025.07.20-22.06.58:437][830]LogShaderCompilers: Display: Worker (4/5): shaders left to compile 1
[2025.07.20-22.06.58:437][830]LogShaderCompilers: Display: Started 1 'Local' shader compile jobs with 'Normal' priority
[2025.07.20-22.07.03:026][ 13]LogAssetEditorSubsystem: Opening Asset editor for StaticMesh /Game/ThirdPersonBP/Blueprints/blueprints/Textures/golem/StoneGolem_anim_obj.StoneGolem_anim_obj
[2025.07.20-22.07.03:142][ 13]LogTexture: Default maximum texture size for cubemaps generated from long-lat sources has been changed from 512 to unlimited. In order to preserve old behaiour for '/Engine/EditorMaterials/AssetViewer/EpicQuadPanorama_CC+EV1.EpicQuadPanorama_CC+EV1', its maximum texture size has been explicitly set to 512.
[2025.07.20-22.07.03:283][ 13]LogTexture: Default maximum texture size for cubemaps generated from long-lat sources has been changed from 512 to unlimited. In order to preserve old behaiour for '/Engine/MapTemplates/Sky/SunsetAmbientCubemap.SunsetAmbientCubemap', its maximum texture size has been explicitly set to 512.
[2025.07.20-22.07.04:262][ 14]LogRenderer: Reallocating scene render targets to support 1208x900 Format 10 NumSamples 1 (Frame:1).
[2025.07.20-22.07.09:345][221]LogWorld: UWorld::CleanupWorld for World_34, bSessionEnded=true, bCleanupResources=true
[2025.07.20-22.07.09:345][221]LogSlate: InvalidateAllWidgets triggered.  All widgets were invalidated
[2025.07.20-22.07.17:993][562]LogAnimation: Warning: AnimBP ThirdPerson_AnimBP_C is incompatible with skeleton StoneGolem_anim_fbx_Skeleton, removing AnimBP from actor.
[2025.07.20-22.07.17:993][562]LogAnimation: Warning: AnimBP ThirdPerson_AnimBP_C is incompatible with skeleton StoneGolem_anim_fbx_Skeleton, removing AnimBP from actor.
[2025.07.20-22.07.17:993][562]LogAnimation: Warning: AnimBP ThirdPerson_AnimBP_C is incompatible with skeleton StoneGolem_anim_fbx_Skeleton, removing AnimBP from actor.
[2025.07.20-22.07.17:994][562]LogAnimation: Warning: AnimBP ThirdPerson_AnimBP_C is incompatible with skeleton StoneGolem_anim_fbx_Skeleton, removing AnimBP from actor.
[2025.07.20-22.07.17:994][562]LogAnimation: Warning: AnimBP ThirdPerson_AnimBP_C is incompatible with skeleton StoneGolem_anim_fbx_Skeleton, removing AnimBP from actor.
[2025.07.20-22.07.28:390][991]LogSlate: Prevented a slow task dialog from being summoned while a context menu was open
[2025.07.20-22.07.28:411][991]LogEditorClassViewer: Warning: Class /Engine/Tutorial/InWorldBlueprintEditing/TutorialAssets/IWBE_Blutility.IWBE_Blutility_C has parent /Script/Blutility.PlacedEditorUtilityBase, but this parent is not found. The Class will not be shown in ClassViewer.
[2025.07.20-22.07.55:786][105]LogAssetEditorSubsystem: Opening Asset editor for Skeleton /Game/ThirdPersonBP/Blueprints/blueprints/Textures/golem/StoneGolem_anim_fbx_Skeleton.StoneGolem_anim_fbx_Skeleton
[2025.07.20-22.07.55:821][105]LogNativeClassHierarchy: Verbose: Native class hierarchy updated for 'SkeletonEditor' in 0.0004 seconds. Added 1 classes and 2 folders.
[2025.07.20-22.07.55:838][105]LogActorComponent: RegisterComponentWithWorld: (/Engine/Transient.World_35:PersistentLevel.AnimationEditorPreviewActor_0.DebugSkelMeshComponent_0) Already registered. Aborting.
[2025.07.20-22.07.55:843][105]LogNativeClassHierarchy: Verbose: Native class hierarchy updated for 'PinnedCommandList' in 0.0004 seconds. Added 1 classes and 0 folders.
[2025.07.20-22.08.06:212][530]LogActorComponent: RegisterComponentWithWorld: (/Engine/Transient.World_35:PersistentLevel.AnimationEditorPreviewActor_0.DebugSkelMeshComponent_0) Already registered. Aborting.
[2025.07.20-22.08.12:010][767]LogActorComponent: RegisterComponentWithWorld: (/Engine/Transient.World_35:PersistentLevel.AnimationEditorPreviewActor_0.DebugSkelMeshComponent_0) Already registered. Aborting.
[2025.07.20-22.08.20:525][142]LogSlate: Prevented a slow task dialog from being summoned while a context menu was open
[2025.07.20-22.08.20:551][142]LogEditorClassViewer: Warning: Class /Engine/Tutorial/InWorldBlueprintEditing/TutorialAssets/IWBE_Blutility.IWBE_Blutility_C has parent /Script/Blutility.PlacedEditorUtilityBase, but this parent is not found. The Class will not be shown in ClassViewer.
[2025.07.20-22.09.27:656][308]LogUObjectHash: Compacting FUObjectHashTables data took  13.81ms
[2025.07.20-22.09.27:820][308]LogSavePackage: Moving '../../../../../UTN-e-learning/Unreal-Engine/Unreal-Projects/TP_PreEntrega/Saved/ThirdPersonExampleMap_Auto23C383A974E4FE0063F3D36B3D5E298F4.tmp' to '../../../../../UTN-e-learning/Unreal-Engine/Unreal-Projects/TP_PreEntrega/Saved/Autosaves/Game/ThirdPersonBP/Maps/ThirdPersonExampleMap_Auto2.umap'
[2025.07.20-22.09.27:829][308]LogFileHelpers: Editor autosave (incl. external actors) for '/Game/ThirdPersonBP/Maps/ThirdPersonExampleMap' took 0.404
[2025.07.20-22.09.27:829][308]LogFileHelpers: Editor autosave (incl. sublevels & external actors) for all levels took 0.404
[2025.07.20-22.09.27:830][308]OBJ SavePackage: Generating thumbnails for [1] asset(s) in package [/Game/ThirdPersonBP/Blueprints/blueprints/EnemyCharacter] ([2] browsable assets)...
[2025.07.20-22.09.27:851][308]OBJ SavePackage:     Rendered thumbnail for [Blueprint /Game/ThirdPersonBP/Blueprints/blueprints/EnemyCharacter.EnemyCharacter]
[2025.07.20-22.09.27:851][308]OBJ SavePackage: Finished generating thumbnails for package [/Game/ThirdPersonBP/Blueprints/blueprints/EnemyCharacter]
[2025.07.20-22.09.27:879][308]LogSavePackage: Moving '../../../../../UTN-e-learning/Unreal-Engine/Unreal-Projects/TP_PreEntrega/Saved/EnemyCharacter_Auto2C738122D401B5F7717E6C2B1C4ACCE37.tmp' to '../../../../../UTN-e-learning/Unreal-Engine/Unreal-Projects/TP_PreEntrega/Saved/Autosaves/Game/ThirdPersonBP/Blueprints/blueprints/EnemyCharacter_Auto2.uasset'
[2025.07.20-22.09.27:887][308]OBJ SavePackage: Generating thumbnails for [1] asset(s) in package [/Game/ThirdPersonBP/Blueprints/blueprints/Textures/golem/GolemTexture] ([1] browsable assets)...
[2025.07.20-22.09.27:892][308]OBJ SavePackage:     Rendered thumbnail for [Texture2D /Game/ThirdPersonBP/Blueprints/blueprints/Textures/golem/GolemTexture.GolemTexture]
[2025.07.20-22.09.27:892][308]OBJ SavePackage: Finished generating thumbnails for package [/Game/ThirdPersonBP/Blueprints/blueprints/Textures/golem/GolemTexture]
[2025.07.20-22.09.27:979][308]LogSavePackage: Moving '../../../../../UTN-e-learning/Unreal-Engine/Unreal-Projects/TP_PreEntrega/Saved/GolemTexture_Auto21C7BA28747E4FEE8E915BC83EE7765A2.tmp' to '../../../../../UTN-e-learning/Unreal-Engine/Unreal-Projects/TP_PreEntrega/Saved/Autosaves/Game/ThirdPersonBP/Blueprints/blueprints/Textures/golem/GolemTexture_Auto2.uasset'
[2025.07.20-22.09.27:981][308]OBJ SavePackage: Generating thumbnails for [1] asset(s) in package [/Game/ThirdPersonBP/Blueprints/blueprints/Textures/golem/StoneGolem_anim_fbx] ([1] browsable assets)...
[2025.07.20-22.09.27:999][308]OBJ SavePackage:     Rendered thumbnail for [SkeletalMesh /Game/ThirdPersonBP/Blueprints/blueprints/Textures/golem/StoneGolem_anim_fbx.StoneGolem_anim_fbx]
[2025.07.20-22.09.27:999][308]OBJ SavePackage: Finished generating thumbnails for package [/Game/ThirdPersonBP/Blueprints/blueprints/Textures/golem/StoneGolem_anim_fbx]
[2025.07.20-22.09.28:025][308]LogSavePackage: Moving '../../../../../UTN-e-learning/Unreal-Engine/Unreal-Projects/TP_PreEntrega/Saved/StoneGolem_anim_fbx_Auto27B1746444CAEF002812AC0AAE1FE948C.tmp' to '../../../../../UTN-e-learning/Unreal-Engine/Unreal-Projects/TP_PreEntrega/Saved/Autosaves/Game/ThirdPersonBP/Blueprints/blueprints/Textures/golem/StoneGolem_anim_fbx_Auto2.uasset'
[2025.07.20-22.09.28:027][308]OBJ SavePackage: Generating thumbnails for [0] asset(s) in package [/Game/ThirdPersonBP/Blueprints/blueprints/Textures/golem/StoneGolem_anim_fbx_Skeleton] ([1] browsable assets)...
[2025.07.20-22.09.28:027][308]OBJ SavePackage: Finished generating thumbnails for package [/Game/ThirdPersonBP/Blueprints/blueprints/Textures/golem/StoneGolem_anim_fbx_Skeleton]
[2025.07.20-22.09.28:032][308]LogSavePackage: Moving '../../../../../UTN-e-learning/Unreal-Engine/Unreal-Projects/TP_PreEntrega/Saved/StoneGolem_anim_fbx_Skeleton_AutB268D0AC42E2F128579710B1D4FCA550.tmp' to '../../../../../UTN-e-learning/Unreal-Engine/Unreal-Projects/TP_PreEntrega/Saved/Autosaves/Game/ThirdPersonBP/Blueprints/blueprints/Textures/golem/StoneGolem_anim_fbx_Skeleton_Auto2.uasset'
[2025.07.20-22.09.28:034][308]OBJ SavePackage: Generating thumbnails for [1] asset(s) in package [/Game/ThirdPersonBP/Blueprints/blueprints/Textures/golem/StoneGolem_anim_fbx_PhysicsAsset] ([1] browsable assets)...
[2025.07.20-22.09.28:050][308]OBJ SavePackage:     Rendered thumbnail for [PhysicsAsset /Game/ThirdPersonBP/Blueprints/blueprints/Textures/golem/StoneGolem_anim_fbx_PhysicsAsset.StoneGolem_anim_fbx_PhysicsAsset]
[2025.07.20-22.09.28:050][308]OBJ SavePackage: Finished generating thumbnails for package [/Game/ThirdPersonBP/Blueprints/blueprints/Textures/golem/StoneGolem_anim_fbx_PhysicsAsset]
[2025.07.20-22.09.28:060][308]LogSavePackage: Moving '../../../../../UTN-e-learning/Unreal-Engine/Unreal-Projects/TP_PreEntrega/Saved/StoneGolem_anim_fbx_PhysicsAsset203555EA44B494CC7F407AA60299AFEC.tmp' to '../../../../../UTN-e-learning/Unreal-Engine/Unreal-Projects/TP_PreEntrega/Saved/Autosaves/Game/ThirdPersonBP/Blueprints/blueprints/Textures/golem/StoneGolem_anim_fbx_PhysicsAsset_Auto2.uasset'
[2025.07.20-22.09.28:061][308]OBJ SavePackage: Generating thumbnails for [1] asset(s) in package [/Game/ThirdPersonBP/Blueprints/blueprints/Textures/golem/StoneGolem_anim_obj] ([1] browsable assets)...
[2025.07.20-22.09.28:077][308]OBJ SavePackage:     Rendered thumbnail for [StaticMesh /Game/ThirdPersonBP/Blueprints/blueprints/Textures/golem/StoneGolem_anim_obj.StoneGolem_anim_obj]
[2025.07.20-22.09.28:077][308]OBJ SavePackage: Finished generating thumbnails for package [/Game/ThirdPersonBP/Blueprints/blueprints/Textures/golem/StoneGolem_anim_obj]
[2025.07.20-22.09.28:106][308]LogSavePackage: Moving '../../../../../UTN-e-learning/Unreal-Engine/Unreal-Projects/TP_PreEntrega/Saved/StoneGolem_anim_obj_Auto20AD62E3E4B30E292F94EBABCEFA10A6D.tmp' to '../../../../../UTN-e-learning/Unreal-Engine/Unreal-Projects/TP_PreEntrega/Saved/Autosaves/Game/ThirdPersonBP/Blueprints/blueprints/Textures/golem/StoneGolem_anim_obj_Auto2.uasset'
[2025.07.20-22.09.28:108][308]LogFileHelpers: Auto-saving content packages took 0.278
[2025.07.20-22.09.34:471][511]LogAssetEditorSubsystem: Opening Asset editor for StaticMesh /Game/ThirdPersonBP/Blueprints/blueprints/Textures/golem/StoneGolem_anim_obj.StoneGolem_anim_obj
[2025.07.20-22.10.10:613][373]LogSlate: Window 'Select folder to import to' being destroyed
[2025.07.20-22.10.12:174][413]LogWorld: UWorld::CleanupWorld for World_35, bSessionEnded=true, bCleanupResources=true
[2025.07.20-22.10.12:174][413]LogSlate: InvalidateAllWidgets triggered.  All widgets were invalidated
[2025.07.20-22.10.14:433][467]LogWorld: UWorld::CleanupWorld for World_36, bSessionEnded=true, bCleanupResources=true
[2025.07.20-22.10.14:433][467]LogSlate: InvalidateAllWidgets triggered.  All widgets were invalidated
[2025.07.20-22.10.16:453][512]LogEditorTransaction: Undo Edit Animation Mode
[2025.07.20-22.10.17:258][525]LogEditorTransaction: Undo Edit Skeletal Mesh
[2025.07.20-22.10.19:024][566]LogSavePackage: Moving '../../../../../UTN-e-learning/Unreal-Engine/Unreal-Projects/TP_PreEntrega/Saved/EnemyCharacterA463E78847CC716F589A8A9E65D99D53.tmp' to '../../../../../UTN-e-learning/Unreal-Engine/Unreal-Projects/TP_PreEntrega/Content/ThirdPersonBP/Blueprints/blueprints/EnemyCharacter.uasset'
[2025.07.20-22.10.19:103][566]AssetCheck: New page: Asset Save: EnemyCharacter
[2025.07.20-22.10.19:103][566]LogContentValidation: Display: Validating Blueprint /Game/ThirdPersonBP/Blueprints/blueprints/EnemyCharacter.EnemyCharacter
[2025.07.20-22.10.21:276][634]BlueprintLog: New page: Compile EnemyCharacter
[2025.07.20-22.10.21:547][634]LogUObjectHash: Compacting FUObjectHashTables data took  10.95ms
[2025.07.20-22.10.32:063][750]LogSlate: Window 'Message' being destroyed
[2025.07.20-22.10.32:072][750]Message dialog closed, result: YesAll, title: Message, text: Do you want to overwrite the existing asset?

An asset already exists at the import location: /Game/ThirdPersonBP/Blueprints/blueprints/Textures/golem/GolemTexture
[2025.07.20-22.10.32:107][750]LogFactory: FactoryCreateFile: Texture with ReimportTextureFactory (0 0 ../../../../../UTN-e-learning/Unreal-Engine/Curso-Principiante/clases/assets/textures/golem/GolemTexture.png)
[2025.07.20-22.10.33:368][750]LogSlate: Window 'Message' being destroyed
[2025.07.20-22.10.33:375][750]Message dialog closed, result: YesAll, title: Message, text: You are about to import 'GolemTexture' over an existing texture. Would you like to overwrite the existing settings?

Yes or Yes to All: Overwrite the existing settings.
No or No to All: Preserve the existing settings.
Cancel: Abort the operation.
[2025.07.20-22.10.33:735][750]LogTexture: Display: Building textures: GolemTexture (OODLE_AutoDXT, 3072X3072)
[2025.07.20-22.10.35:358][750]LogTextureFormatOodle: Display: non-RDO encode 3072 x 3072 x 1 to format OODLE_AutoDXT (Oodle OodleTex_BC3) lambda=0 effort=20 
[2025.07.20-22.10.35:533][750]LogFactory: FactoryCreateFile: StaticMesh with FbxFactory (0 0 ../../../../../UTN-e-learning/Unreal-Engine/Curso-Principiante/clases/assets/textures/golem/StoneGolem_anim_fbx.fbx)
[2025.07.20-22.10.35:538][750]LogEditorFactories: Performing atomic reimport of [D:/UTN-e-learning/Unreal-Engine/Curso-Principiante/clases/assets/textures/golem/StoneGolem_anim_fbx.fbx]
[2025.07.20-22.10.35:587][750]LogFbx: Loading FBX Scene from D:/UTN-e-learning/Unreal-Engine/Curso-Principiante/clases/assets/textures/golem/StoneGolem_anim_fbx.fbx
[2025.07.20-22.10.35:893][750]LogFbx: FBX Scene Loaded Succesfully
[2025.07.20-22.10.35:905][750]LogFbx: Warning: Not valid bind pose for Pose (BIND_POSES) - Node Sphere : The relative matrices do not match
[2025.07.20-22.10.35:905][750]LogFbx: Warning: Getting valid bind pose failed. Try to recreate bind pose
[2025.07.20-22.10.35:906][750]LogFbx: Valid bind pose for Pose (FbxSDKBindPose) - Sphere
[2025.07.20-22.10.35:906][750]LogFbx: Warning: Recreating bind pose succeeded.
[2025.07.20-22.10.35:909][750]LogFbx: Triangulating skeletal mesh Sphere
[2025.07.20-22.10.36:110][750]LogFbx: Warning: Bones digested - 37  Depth of hierarchy - 8
[2025.07.20-22.10.36:337][750]LogSkeletalMesh: Section 0: Material=0, 3752 triangles
[2025.07.20-22.10.36:354][750]LogEditorFactories: -- imported successfully
[2025.07.20-22.10.36:370][750]LogSkeletalMesh: Building Skeletal Mesh StoneGolem_anim_fbx...
[2025.07.20-22.10.36:509][750]LogSkeletalMesh: Section 0: Material=0, 3752 triangles
[2025.07.20-22.10.36:515][750]LogSkeletalMesh: Built Skeletal Mesh [0.14s] /Game/ThirdPersonBP/Blueprints/blueprints/Textures/golem/StoneGolem_anim_fbx.StoneGolem_anim_fbx
[2025.07.20-22.10.36:515][750]FBXImport: Warning: The following bones are missing from the bind pose:
Bone_011  
Bone_025  

This can happen for bones that are not vert weighted. If they are not in the correct orientation after importing,
please set the "Use T0 as ref pose" option or add them to the bind pose and reimport the skeletal mesh. 
[2025.07.20-22.10.36:530][750]LogFactory: FactoryCreateFile: StaticMesh with FbxFactory (0 0 ../../../../../UTN-e-learning/Unreal-Engine/Curso-Principiante/clases/assets/textures/golem/StoneGolem_anim_obj.obj)
[2025.07.20-22.10.36:531][750]LogEditorFactories: Performing atomic reimport of [D:/UTN-e-learning/Unreal-Engine/Curso-Principiante/clases/assets/textures/golem/StoneGolem_anim_obj.obj]
[2025.07.20-22.10.36:851][750]LogFbx: Loading FBX Scene from D:/UTN-e-learning/Unreal-Engine/Curso-Principiante/clases/assets/textures/golem/StoneGolem_anim_obj.obj
[2025.07.20-22.10.36:882][750]LogFbx: FBX Scene Loaded Succesfully
[2025.07.20-22.10.36:907][750]LogFbx: Display: Triangulating static mesh default
[2025.07.20-22.10.37:129][750]LogStaticMesh: Building static mesh StoneGolem_anim_obj...
[2025.07.20-22.10.38:178][750]LogStaticMesh: Built static mesh [1.05s] /Game/ThirdPersonBP/Blueprints/blueprints/Textures/golem/StoneGolem_anim_obj.StoneGolem_anim_obj
[2025.07.20-22.10.38:192][750]LogStaticMesh: Warning: StoneGolem_anim_obj has some nearly zero normals which can create some issues. (Tolerance of 1E-4)
[2025.07.20-22.10.38:192][750]LogStaticMesh: Warning: StoneGolem_anim_obj has some nearly zero bi-normals which can create some issues. (Tolerance of 1E-4)
[2025.07.20-22.10.41:285][750]LogSlate: Window 'Reimport Material Conflicts Resolution' being destroyed
[2025.07.20-22.10.41:299][750]LogEditorFactories: -- imported successfully
[2025.07.20-22.10.41:304][750]FBXImport: Warning: StoneGolem_anim_obj has some nearly zero normals which can create some issues. (Tolerance of 1E-4) 
[2025.07.20-22.10.41:304][750]FBXImport: Warning: StoneGolem_anim_obj has some nearly zero bi-normals which can create some issues. (Tolerance of 1E-4) 
[2025.07.20-22.10.41:308][750]LogStaticMesh: Building static mesh StoneGolem_anim_obj...
[2025.07.20-22.10.42:387][750]LogStaticMesh: Built static mesh [1.08s] /Game/ThirdPersonBP/Blueprints/blueprints/Textures/golem/StoneGolem_anim_obj.StoneGolem_anim_obj
[2025.07.20-22.10.42:397][750]LogStaticMesh: Warning: StoneGolem_anim_obj has some nearly zero normals which can create some issues. (Tolerance of 1E-4)
[2025.07.20-22.10.42:397][750]LogStaticMesh: Warning: StoneGolem_anim_obj has some nearly zero bi-normals which can create some issues. (Tolerance of 1E-4)
[2025.07.20-22.10.46:900][866]LogAssetEditorSubsystem: Opening Asset editor for Skeleton /Game/ThirdPersonBP/Blueprints/blueprints/Textures/golem/StoneGolem_anim_fbx_Skeleton.StoneGolem_anim_fbx_Skeleton
[2025.07.20-22.10.46:907][866]LogActorComponent: RegisterComponentWithWorld: (/Engine/Transient.World_37:PersistentLevel.AnimationEditorPreviewActor_0.DebugSkelMeshComponent_0) Already registered. Aborting.
[2025.07.20-22.11.01:720][322]LogAssetEditorSubsystem: Opening Asset editor for SkeletalMesh /Game/ThirdPersonBP/Blueprints/blueprints/Textures/golem/StoneGolem_anim_fbx.StoneGolem_anim_fbx
[2025.07.20-22.11.01:728][322]LogActorComponent: RegisterComponentWithWorld: (/Engine/Transient.World_38:PersistentLevel.AnimationEditorPreviewActor_0.DebugSkelMeshComponent_0) Already registered. Aborting.
[2025.07.20-22.11.10:515][552]LogUObjectGlobals: Warning: Failed to find object 'Class None.ControlRigBlueprint'
[2025.07.20-22.11.23:470][913]LogWorld: UWorld::CleanupWorld for World_37, bSessionEnded=true, bCleanupResources=true
[2025.07.20-22.11.23:471][913]LogSlate: InvalidateAllWidgets triggered.  All widgets were invalidated
[2025.07.20-22.11.25:613][977]LogWorld: UWorld::CleanupWorld for World_38, bSessionEnded=true, bCleanupResources=true
[2025.07.20-22.11.25:614][977]LogSlate: InvalidateAllWidgets triggered.  All widgets were invalidated
[2025.07.20-22.11.38:009][233]LogUObjectHash: Compacting FUObjectHashTables data took  12.89ms
[2025.07.20-22.11.42:275][233]LogSlate: Window 'Delete Assets' being destroyed
[2025.07.20-22.11.42:597][233]LogUObjectGlobals: Force Deleting 7 Package(s):
	Asset Name: /Game/ThirdPersonBP/Blueprints/blueprints/Textures/golem/GolemTexture.GolemTexture
	Asset Name: /Game/ThirdPersonBP/Blueprints/blueprints/Textures/golem/None.Material_0
	Asset Name: /Game/ThirdPersonBP/Blueprints/blueprints/Textures/golem/None__untitled.None__untitled
	Asset Name: /Game/ThirdPersonBP/Blueprints/blueprints/Textures/golem/StoneGolem_anim_fbx.StoneGolem_anim_fbx
	Asset Name: /Game/ThirdPersonBP/Blueprints/blueprints/Textures/golem/StoneGolem_anim_fbx_PhysicsAsset.StoneGolem_anim_fbx_PhysicsAsset
	Asset Name: /Game/ThirdPersonBP/Blueprints/blueprints/Textures/golem/StoneGolem_anim_fbx_Skeleton.StoneGolem_anim_fbx_Skeleton
	Asset Name: /Game/ThirdPersonBP/Blueprints/blueprints/Textures/golem/StoneGolem_anim_obj.StoneGolem_anim_obj
[2025.07.20-22.11.47:003][233]LogUObjectHash: Compacting FUObjectHashTables data took   8.15ms
[2025.07.20-22.16.04:057][449]LogSlate: Prevented a slow task dialog from being summoned while a context menu was open
[2025.07.20-22.16.04:089][449]LogEditorClassViewer: Warning: Class /Engine/Tutorial/InWorldBlueprintEditing/TutorialAssets/IWBE_Blutility.IWBE_Blutility_C has parent /Script/Blutility.PlacedEditorUtilityBase, but this parent is not found. The Class will not be shown in ClassViewer.
[2025.07.20-22.16.46:405][ 80]LogFactory: FactoryCreateFile: Texture with ReimportTextureFactory (0 0 ../../../../../UTN-e-learning/Unreal-Engine/Curso-Principiante/clases/assets/textures/golem/GolemTexture.png)
[2025.07.20-22.16.46:980][ 80]LogTexture: Display: Building textures: GolemTexture (OODLE_AutoDXT, 3072X3072)
[2025.07.20-22.16.48:553][ 80]LogTextureFormatOodle: Display: non-RDO encode 3072 x 3072 x 1 to format OODLE_AutoDXT (Oodle OodleTex_BC3) lambda=0 effort=20 
[2025.07.20-22.16.48:782][ 80]LogFactory: FactoryCreateFile: StaticMesh with FbxFactory (0 0 ../../../../../UTN-e-learning/Unreal-Engine/Curso-Principiante/clases/assets/textures/golem/StoneGolem_anim_fbx.fbx)
[2025.07.20-22.16.48:878][ 80]LogFbx: Loading FBX Scene from ../../../../../UTN-e-learning/Unreal-Engine/Curso-Principiante/clases/assets/textures/golem/StoneGolem_anim_fbx.fbx
[2025.07.20-22.16.49:090][ 80]LogFbx: FBX Scene Loaded Succesfully
[2025.07.20-22.17.00:905][ 80]LogSlate: Window 'FBX Import Options' being destroyed
[2025.07.20-22.17.00:938][ 80]LogFbx: Warning: Not valid bind pose for Pose (BIND_POSES) - Node Sphere : The relative matrices do not match
[2025.07.20-22.17.00:939][ 80]LogFbx: Warning: Getting valid bind pose failed. Try to recreate bind pose
[2025.07.20-22.17.00:939][ 80]LogFbx: Valid bind pose for Pose (FbxSDKBindPose) - Sphere
[2025.07.20-22.17.00:939][ 80]LogFbx: Warning: Recreating bind pose succeeded.
[2025.07.20-22.17.00:940][ 80]LogMaterial: Display: Material /Game/ThirdPersonBP/Blueprints/blueprints/Textures/golem/None__untitled.None__untitled needed to have new flag set bUsedWithSkeletalMesh !
[2025.07.20-22.17.00:941][ 80]LogMaterial: Display: Missing cached shadermap for None__untitled in PCD3D_SM5, Default, SM5 (DDC key hash: 22A7333B0A2DC1B8E7AB7D3A02270A1AEBA7552F), compiling. 
[2025.07.20-22.17.00:978][ 80]LogShaderCompilers: Display: Submitted 32 shader compile jobs with 'Low' priority
[2025.07.20-22.17.00:979][ 80]LogFbxMaterialImport: Display: Unable to find Texture file GolemTexture77.png
[2025.07.20-22.17.00:983][ 80]LogMaterial: Display: Missing cached shadermap for None__untitled in PCD3D_SM5, Default, SM5 (DDC key hash: 3DF96D237FC499B10F2D805BF4C56821641B1806), compiling. 
[2025.07.20-22.17.00:989][ 80]LogFbx: Triangulating skeletal mesh Sphere
[2025.07.20-22.17.01:082][ 80]LogFbx: Warning: Bones digested - 37  Depth of hierarchy - 8
[2025.07.20-22.17.01:194][ 80]LogSkeletalMesh: Section 0: Material=0, 3752 triangles
[2025.07.20-22.17.01:199][ 80]LogSkeletalMesh: Building Skeletal Mesh StoneGolem_anim_fbx...
[2025.07.20-22.17.01:323][ 80]LogSkeletalMesh: Section 0: Material=0, 3752 triangles
[2025.07.20-22.17.01:331][ 80]LogSkeletalMesh: Built Skeletal Mesh [0.13s] /Game/ThirdPersonBP/Blueprints/blueprints/Textures/golem/StoneGolem_anim_fbx.StoneGolem_anim_fbx
[2025.07.20-22.17.01:341][ 80]LogWorld: UWorld::CleanupWorld for World_39, bSessionEnded=true, bCleanupResources=true
[2025.07.20-22.17.01:341][ 80]LogSlate: InvalidateAllWidgets triggered.  All widgets were invalidated
[2025.07.20-22.17.01:368][ 80]FBXImport: Warning: The following bones are missing from the bind pose:
Bone_011  
Bone_025  

This can happen for bones that are not vert weighted. If they are not in the correct orientation after importing,
please set the "Use T0 as ref pose" option or add them to the bind pose and reimport the skeletal mesh. 
[2025.07.20-22.17.01:463][ 80]LogFactory: FactoryCreateFile: StaticMesh with FbxFactory (0 0 ../../../../../UTN-e-learning/Unreal-Engine/Curso-Principiante/clases/assets/textures/golem/StoneGolem_anim_obj.obj)
[2025.07.20-22.17.01:479][ 80]LogFbx: Loading FBX Scene from ../../../../../UTN-e-learning/Unreal-Engine/Curso-Principiante/clases/assets/textures/golem/StoneGolem_anim_obj.obj
[2025.07.20-22.17.01:527][ 80]LogFbx: FBX Scene Loaded Succesfully
[2025.07.20-22.17.02:946][ 80]LogSlate: Window 'FBX Import Options' being destroyed
[2025.07.20-22.17.02:981][ 80]LogFbxMaterialImport: Display: Unable to find Texture file C:\bLENDERpROJECT\bLENDERpROJECT\Golem\GolemTexture77.png
[2025.07.20-22.17.02:982][ 80]LogMaterial: Display: Missing cached shadermap for Material_0 in PCD3D_SM5, Default, SM5 (DDC key hash: 644032D279D7AC98FD13B32A6B5388C343B8A76B), compiling. 
[2025.07.20-22.17.02:985][ 80]LogFbx: Display: Triangulating static mesh default
[2025.07.20-22.17.03:121][ 80]LogStaticMesh: Building static mesh StoneGolem_anim_obj...
[2025.07.20-22.17.03:892][ 80]LogStaticMesh: Built static mesh [0.77s] /Game/ThirdPersonBP/Blueprints/blueprints/Textures/golem/StoneGolem_anim_obj.StoneGolem_anim_obj
[2025.07.20-22.17.03:899][ 80]LogStaticMesh: Warning: StoneGolem_anim_obj has some nearly zero normals which can create some issues. (Tolerance of 1E-4)
[2025.07.20-22.17.03:899][ 80]LogStaticMesh: Warning: StoneGolem_anim_obj has some nearly zero bi-normals which can create some issues. (Tolerance of 1E-4)
[2025.07.20-22.17.03:903][ 80]FBXImport: Warning: StoneGolem_anim_obj has some nearly zero normals which can create some issues. (Tolerance of 1E-4) 
[2025.07.20-22.17.03:903][ 80]FBXImport: Warning: StoneGolem_anim_obj has some nearly zero bi-normals which can create some issues. (Tolerance of 1E-4) 
[2025.07.20-22.17.03:910][ 80]LogStaticMesh: Building static mesh StoneGolem_anim_obj...
[2025.07.20-22.17.04:689][ 80]LogStaticMesh: Built static mesh [0.78s] /Game/ThirdPersonBP/Blueprints/blueprints/Textures/golem/StoneGolem_anim_obj.StoneGolem_anim_obj
[2025.07.20-22.17.04:695][ 80]LogStaticMesh: Warning: StoneGolem_anim_obj has some nearly zero normals which can create some issues. (Tolerance of 1E-4)
[2025.07.20-22.17.04:695][ 80]LogStaticMesh: Warning: StoneGolem_anim_obj has some nearly zero bi-normals which can create some issues. (Tolerance of 1E-4)
[2025.07.20-22.17.04:807][ 81]LogShaderCompilers: Display: === FShaderJobCache stats ===
[2025.07.20-22.17.04:807][ 81]LogShaderCompilers: Display: Total job queries 181, among them cache hits 28 (15.47%)
[2025.07.20-22.17.04:807][ 81]LogShaderCompilers: Display: Tracking 89 distinct input hashes that result in 52 distinct outputs (58.43%)
[2025.07.20-22.17.04:807][ 81]LogShaderCompilers: Display: RAM used: 0.33 MB (0.00 GB) of 1638.40 MB (1.60 GB) budget. Usage: 0.02%
[2025.07.20-22.17.04:807][ 81]LogShaderCompilers: Display: ================================================
[2025.07.20-22.17.06:968][175]LogSlate: Window 'Message Log' being destroyed
[2025.07.20-22.17.07:000][175]LogSlate: Window 'Message Log' being destroyed
[2025.07.20-22.17.10:714][307]LogAssetEditorSubsystem: Opening Asset editor for Texture2D /Game/ThirdPersonBP/Blueprints/blueprints/Textures/golem/GolemTexture.GolemTexture
[2025.07.20-22.17.10:751][307]LogNativeClassHierarchy: Verbose: Native class hierarchy updated for 'TextureEditor' in 0.0005 seconds. Added 1 classes and 2 folders.
[2025.07.20-22.17.32:472][ 81]LogMaterial: Display: Material /Game/ThirdPersonBP/Blueprints/blueprints/Textures/lambert2.lambert2 needed to have new flag set bUsedWithSkeletalMesh !
[2025.07.20-22.17.32:474][ 81]LogMaterial: Display: Missing cached shadermap for lambert2 in PCD3D_SM5, Default, SM5 (DDC key hash: 613B6FFD2D5E86D8CEEB71BA3D30A02D79131A08), compiling. 
[2025.07.20-22.17.32:538][ 81]LogShaderCompilers: Display: Submitted 41 shader compile jobs with 'Low' priority
[2025.07.20-22.17.32:542][ 81]LogShaderCompilers: Display: Worker (1/5): shaders left to compile 41
[2025.07.20-22.17.32:542][ 81]LogShaderCompilers: Display: Worker (2/5): shaders left to compile 31
[2025.07.20-22.17.32:542][ 81]LogShaderCompilers: Display: Worker (3/5): shaders left to compile 21
[2025.07.20-22.17.32:542][ 81]LogShaderCompilers: Display: Worker (4/5): shaders left to compile 11
[2025.07.20-22.17.32:542][ 81]LogShaderCompilers: Display: Started 40 'Local' shader compile jobs with 'Low' priority
[2025.07.20-22.17.39:382][172]LogMaterial: Display: Material /Game/ThirdPersonBP/Blueprints/blueprints/Textures/lambert2SG.lambert2SG needed to have new flag set bUsedWithSkeletalMesh !
[2025.07.20-22.17.39:387][172]LogMaterial: Display: Missing cached shadermap for lambert2SG in PCD3D_SM5, Default, SM5 (DDC key hash: 61D99DBA5915F8CEAF1ABC829EDD36FA70B27B65), compiling. 
[2025.07.20-22.17.39:514][172]LogShaderCompilers: Display: Submitted 32 shader compile jobs with 'Low' priority
[2025.07.20-22.17.44:339][232]LogMaterial: Display: Material /Game/ThirdPersonBP/Blueprints/blueprints/Textures/lambert3.lambert3 needed to have new flag set bUsedWithSkeletalMesh !
[2025.07.20-22.17.44:346][232]LogMaterial: Display: Missing cached shadermap for lambert3 in PCD3D_SM5, Default, SM5 (DDC key hash: B7C57C5C40F6203CBAC0E9E4E16B1AFC3ED04D3F), compiling. 
[2025.07.20-22.17.44:348][232]LogMaterial: Warning: [AssetLog] D:\UTN-e-learning\Unreal-Engine\Unreal-Projects\TP_PreEntrega\Content\ThirdPersonBP\Blueprints\blueprints\Textures\lambert3.uasset: Failed to compile Material for platform PCD3D_SM5, Default Material will be used in game.
[2025.07.20-22.17.44:348][232]LogMaterial: Display: 	(Node TextureSample) TextureSample> Sampler type is Normal, should be Color for /Game/ThirdPersonBP/Blueprints/blueprints/Textures/ROCK04LB.ROCK04LB
[2025.07.20-22.17.48:332][287]LogShaderCompilers: Display: Worker (4/5): shaders left to compile 7
[2025.07.20-22.17.48:332][287]LogShaderCompilers: Display: Started 2 'Local' shader compile jobs with 'ForceLocal' priority
[2025.07.20-22.17.48:552][290]LogShaderCompilers: Display: Worker (1/5): shaders left to compile 5
[2025.07.20-22.17.48:552][290]LogShaderCompilers: Display: Started 2 'Local' shader compile jobs with 'ForceLocal' priority
[2025.07.20-22.17.48:762][292]LogShaderCompilers: Display: Worker (3/5): shaders left to compile 3
[2025.07.20-22.17.48:762][292]LogShaderCompilers: Display: Started 1 'Local' shader compile jobs with 'ForceLocal' priority
[2025.07.20-22.17.49:317][297]BlueprintLog: New page: Compile EnemyCharacter
[2025.07.20-22.17.49:872][297]LogUObjectHash: Compacting FUObjectHashTables data took  21.76ms
[2025.07.20-22.17.50:352][305]LogShaderCompilers: Display: Worker (3/5): shaders left to compile 2
[2025.07.20-22.17.50:352][305]LogShaderCompilers: Display: Started 1 'Local' shader compile jobs with 'ForceLocal' priority
[2025.07.20-22.17.50:738][313]LogShaderCompilers: Display: Worker (4/5): shaders left to compile 1
[2025.07.20-22.17.50:738][313]LogShaderCompilers: Display: Started 1 'Local' shader compile jobs with 'ForceLocal' priority
[2025.07.20-22.17.51:430][324]LogShaderCompilers: Display: Worker (1/5): shaders left to compile 26
[2025.07.20-22.17.51:430][324]LogShaderCompilers: Display: Started 7 'Local' shader compile jobs with 'Normal' priority
[2025.07.20-22.17.51:840][331]LogShaderCompilers: Display: Worker (3/5): shaders left to compile 19
[2025.07.20-22.17.51:840][331]LogShaderCompilers: Display: Started 5 'Local' shader compile jobs with 'Normal' priority
[2025.07.20-22.17.52:017][334]LogShaderCompilers: Display: Worker (2/5): shaders left to compile 14
[2025.07.20-22.17.52:017][334]LogShaderCompilers: Display: Started 4 'Local' shader compile jobs with 'Normal' priority
[2025.07.20-22.17.52:769][344]LogShaderCompilers: Display: Worker (4/5): shaders left to compile 10
[2025.07.20-22.17.52:769][344]LogShaderCompilers: Display: Started 3 'Local' shader compile jobs with 'Normal' priority
[2025.07.20-22.17.56:331][407]LogShaderCompilers: Display: Worker (2/5): shaders left to compile 7
[2025.07.20-22.17.56:331][407]LogShaderCompilers: Display: Started 2 'Local' shader compile jobs with 'Normal' priority
[2025.07.20-22.17.57:053][420]LogShaderCompilers: Display: Worker (4/5): shaders left to compile 5
[2025.07.20-22.17.57:053][420]LogShaderCompilers: Display: Started 2 'Local' shader compile jobs with 'Normal' priority
[2025.07.20-22.17.58:635][450]LogShaderCompilers: Display: Worker (2/5): shaders left to compile 3
[2025.07.20-22.17.58:635][450]LogShaderCompilers: Display: Started 1 'Local' shader compile jobs with 'Normal' priority
[2025.07.20-22.17.59:843][473]LogShaderCompilers: Display: Worker (4/5): shaders left to compile 2
[2025.07.20-22.17.59:843][473]LogShaderCompilers: Display: Started 1 'Local' shader compile jobs with 'Normal' priority
[2025.07.20-22.18.00:383][482]LogShaderCompilers: Display: Worker (3/5): shaders left to compile 1
[2025.07.20-22.18.00:383][482]LogShaderCompilers: Display: Started 1 'Local' shader compile jobs with 'Normal' priority
[2025.07.20-22.18.08:898][769]BlueprintLog: New page: Compile EnemyCharacter
[2025.07.20-22.18.09:072][769]LogUObjectHash: Compacting FUObjectHashTables data took   8.33ms
[2025.07.20-22.18.11:410][859]LogTemp: Repeating last play command: Selected Viewport
[2025.07.20-22.18.11:467][859]LogPlayLevel: PlayLevel: No blueprints needed recompiling
[2025.07.20-22.18.11:468][859]PIE: New page: PIE session: ThirdPersonExampleMap (Jul 20, 2025, 4:18:11 PM)
[2025.07.20-22.18.11:468][859]LogPlayLevel: Creating play world package: /Game/ThirdPersonBP/Maps/UEDPIE_0_ThirdPersonExampleMap
[2025.07.20-22.18.11:516][859]LogPlayLevel: PIE: StaticDuplicateObject took: (0.048337s)
[2025.07.20-22.18.11:519][859]LogAIModule: Creating AISystem for world ThirdPersonExampleMap
[2025.07.20-22.18.11:519][859]LogPlayLevel: PIE: World Init took: (0.002603s)
[2025.07.20-22.18.11:519][859]LogPlayLevel: PIE: Created PIE world by copying editor world from /Game/ThirdPersonBP/Maps/ThirdPersonExampleMap.ThirdPersonExampleMap to /Game/ThirdPersonBP/Maps/UEDPIE_0_ThirdPersonExampleMap.ThirdPersonExampleMap (0.051246s)
[2025.07.20-22.18.11:595][859]LogUObjectHash: Compacting FUObjectHashTables data took   7.75ms
[2025.07.20-22.18.11:596][859]LogAudio: Display: Creating Audio Device:                 Id: 6, Scope: Unique, Realtime: True
[2025.07.20-22.18.11:596][859]LogAudioMixer: Display: Audio Mixer Platform Settings:
[2025.07.20-22.18.11:596][859]LogAudioMixer: Display: 	Sample Rate:						  48000
[2025.07.20-22.18.11:596][859]LogAudioMixer: Display: 	Callback Buffer Frame Size Requested: 1024
[2025.07.20-22.18.11:596][859]LogAudioMixer: Display: 	Callback Buffer Frame Size To Use:	  1024
[2025.07.20-22.18.11:596][859]LogAudioMixer: Display: 	Number of buffers to queue:			  2
[2025.07.20-22.18.11:596][859]LogAudioMixer: Display: 	Max Channels (voices):				  32
[2025.07.20-22.18.11:596][859]LogAudioMixer: Display: 	Number of Async Source Workers:		  0
[2025.07.20-22.18.11:596][859]LogAudio: Display: AudioDevice MaxSources: 32
[2025.07.20-22.18.11:598][859]LogAudio: Display: Audio Spatialization Plugin: None (built-in).
[2025.07.20-22.18.11:598][859]LogAudio: Display: Audio Reverb Plugin: None (built-in).
[2025.07.20-22.18.11:598][859]LogAudio: Display: Audio Occlusion Plugin: None (built-in).
[2025.07.20-22.18.11:598][859]LogAudioMixer: Display: Initializing audio mixer.
[2025.07.20-22.18.11:610][859]LogAudioMixer: Display: 0: FrontLeft
[2025.07.20-22.18.11:610][859]LogAudioMixer: Display: 1: FrontRight
[2025.07.20-22.18.11:655][859]LogAudioMixer: Display: Using Audio Device Headphones (SOUNDPEATS Opera05)
[2025.07.20-22.18.11:657][859]LogAudioMixer: Display: Initializing Sound Submixes...
[2025.07.20-22.18.11:657][859]LogAudioMixer: Display: Creating Master Submix 'MasterSubmixDefault'
[2025.07.20-22.18.11:657][859]LogAudioMixer: Display: Creating Master Submix 'MasterReverbSubmixDefault'
[2025.07.20-22.18.11:657][859]LogAudioMixer: Display: Creating Master Submix 'MasterEQSubmixDefault'
[2025.07.20-22.18.11:658][859]LogAudioMixer: FMixerPlatformXAudio2::StartAudioStream() called
[2025.07.20-22.18.11:658][859]LogAudioMixer: Display: Output buffers initialized: Frames=1024, Channels=2, Samples=2048
[2025.07.20-22.18.11:660][859]LogAudioMixer: Display: Starting AudioMixerPlatformInterface::RunInternal()
[2025.07.20-22.18.11:660][859]LogAudioMixer: Display: FMixerPlatformXAudio2::SubmitBuffer() called for the first time
[2025.07.20-22.18.11:660][859]LogInit: FAudioDevice initialized.
[2025.07.20-22.18.11:660][859]LogAudio: Display: Audio Device (ID: 6) registered with world 'ThirdPersonExampleMap'.
[2025.07.20-22.18.11:726][859]LogLoad: Game class is 'ReglasJuego_C'
[2025.07.20-22.18.11:745][859]LogWorld: Bringing World /Game/ThirdPersonBP/Maps/UEDPIE_0_ThirdPersonExampleMap.ThirdPersonExampleMap up for play (max tick rate 60) at 2025.07.20-19.18.11
[2025.07.20-22.18.11:747][859]LogWorld: Bringing up level for play took: 0.018907
[2025.07.20-22.18.11:748][859]LogOnline: OSS: Creating online subsystem instance for: :Context_45
[2025.07.20-22.18.11:752][859]LogBlueprintUserMessages: [plataforma_2] Buenas buenas!
[2025.07.20-22.18.11:758][859]PIE: Server logged in
[2025.07.20-22.18.11:759][859]PIE: Play in editor total start time 0.326 seconds.
[2025.07.20-22.18.13:859][957]LogBlueprintUserMessages: [enemy_bullet_C_1] El peoncito perdio 10 de vida!!!!
[2025.07.20-22.18.14:823][  3]LogBlueprintUserMessages: [enemy_bullet_C_0] El peoncito perdio 10 de vida!!!!
[2025.07.20-22.18.14:924][  8]LogBlueprintUserMessages: [enemy_bullet_C_3] El peoncito perdio 10 de vida!!!!
[2025.07.20-22.18.15:487][ 35]LogBlueprintUserMessages: [Balaza2_C_0] Le reste 30 al peoncito
[2025.07.20-22.18.15:844][ 51]LogBlueprintUserMessages: [enemy_bullet_C_7] El peoncito perdio 10 de vida!!!!
[2025.07.20-22.18.15:890][ 53]LogBlueprintUserMessages: [enemy_bullet_C_5] El peoncito perdio 10 de vida!!!!
[2025.07.20-22.18.15:915][ 54]LogBlueprintUserMessages: [enemy_bullet_C_2] El peoncito perdio 10 de vida!!!!
[2025.07.20-22.18.18:648][189]LogBlueprintUserMessages: [Balaza_C_5] Le reste 20 al peoncito
[2025.07.20-22.18.18:651][189]LogBlueprintUserMessages: [peoncito_2] El peoncito murio
[2025.07.20-22.18.18:651][189]LogBlueprintUserMessages: [ReglasJuego_C_0] Noo, perdiste!
[2025.07.20-22.18.18:655][189]LogScript: Warning: Accessed None trying to read property K2Node_DynamicCast_AsPeoncito
	BarraVIda_C /Engine/Transient.UnrealEdEngine_0:GameInstance_4.BarraVIda_C_0
	Function /Game/ThirdPersonBP/Blueprints/blueprints/BarraVIda.BarraVIda_C:GetText_0:0099
[2025.07.20-22.18.18:655][189]PIE: Error: Blueprint Runtime Error: "Accessed None trying to read property K2Node_DynamicCast_AsPeoncito". Blueprint:  BarraVIda Function:  Get Text 0 Graph:  GetText_0 Node:  Return Node
[2025.07.20-22.18.18:669][190]LogNet: Browse: /Game/ThirdPersonBP/Maps/Perdiste_Level
[2025.07.20-22.18.18:669][190]LogLoad: LoadMap: /Game/ThirdPersonBP/Maps/Perdiste_Level
[2025.07.20-22.18.18:669][190]LogWorld: BeginTearingDown for /Game/ThirdPersonBP/Maps/UEDPIE_0_ThirdPersonExampleMap
[2025.07.20-22.18.18:670][190]LogWorld: UWorld::CleanupWorld for ThirdPersonExampleMap, bSessionEnded=true, bCleanupResources=true
[2025.07.20-22.18.18:672][190]LogSlate: InvalidateAllWidgets triggered.  All widgets were invalidated
[2025.07.20-22.18.18:765][190]LogAudio: Display: Audio Device unregistered from world 'None'.
[2025.07.20-22.18.18:771][190]LogUObjectHash: Compacting FUObjectHashTables data took   4.24ms
[2025.07.20-22.18.18:865][190]LogAudio: Display: Audio Device (ID: 6) registered with world 'Perdiste_Level'.
[2025.07.20-22.18.18:870][190]LogAIModule: Creating AISystem for world Perdiste_Level
[2025.07.20-22.18.18:871][190]LogLoad: Game class is 'ReglasJuego_C'
[2025.07.20-22.18.18:939][190]LogWorld: Bringing World /Game/ThirdPersonBP/Maps/UEDPIE_0_Perdiste_Level.Perdiste_Level up for play (max tick rate 60) at 2025.07.20-19.18.18
[2025.07.20-22.18.18:939][190]LogWorld: Bringing up level for play took: 0.066013
[2025.07.20-22.18.18:940][190]LogGameMode: FindPlayerStart: PATHS NOT DEFINED or NO PLAYERSTART with positive rating
[2025.07.20-22.18.18:941][190]LogBlueprintUserMessages: [plataforma_2] Buenas buenas!
[2025.07.20-22.18.18:942][190]LogLoad: Took 0.273841 seconds to LoadMap(/Game/ThirdPersonBP/Maps/Perdiste_Level)
[2025.07.20-22.18.18:945][190]PIE: Error: Blueprint Runtime Error: "Accessed None trying to read property K2Node_DynamicCast_AsPeoncito". Blueprint:  BarraVIda Function:  Get Text 0 Graph:  GetText_0 Node:  Return Node
[2025.07.20-22.18.19:021][191]PIE: Error: Blueprint Runtime Error: "Accessed None trying to read property K2Node_DynamicCast_AsPeoncito". Blueprint:  BarraVIda Function:  Get Text 0 Graph:  GetText_0 Node:  Return Node
[2025.07.20-22.18.19:036][192]PIE: Error: Blueprint Runtime Error: "Accessed None trying to read property K2Node_DynamicCast_AsPeoncito". Blueprint:  BarraVIda Function:  Get Text 0 Graph:  GetText_0 Node:  Return Node
[2025.07.20-22.18.19:058][193]PIE: Error: Blueprint Runtime Error: "Accessed None trying to read property K2Node_DynamicCast_AsPeoncito". Blueprint:  BarraVIda Function:  Get Text 0 Graph:  GetText_0 Node:  Return Node
[2025.07.20-22.18.19:080][194]PIE: Error: Blueprint Runtime Error: "Accessed None trying to read property K2Node_DynamicCast_AsPeoncito". Blueprint:  BarraVIda Function:  Get Text 0 Graph:  GetText_0 Node:  Return Node
[2025.07.20-22.18.19:100][195]PIE: Error: Blueprint Runtime Error: "Accessed None trying to read property K2Node_DynamicCast_AsPeoncito". Blueprint:  BarraVIda Function:  Get Text 0 Graph:  GetText_0 Node:  Return Node
[2025.07.20-22.18.19:121][196]PIE: Error: Blueprint Runtime Error: "Accessed None trying to read property K2Node_DynamicCast_AsPeoncito". Blueprint:  BarraVIda Function:  Get Text 0 Graph:  GetText_0 Node:  Return Node
[2025.07.20-22.18.19:148][197]PIE: Error: Blueprint Runtime Error: "Accessed None trying to read property K2Node_DynamicCast_AsPeoncito". Blueprint:  BarraVIda Function:  Get Text 0 Graph:  GetText_0 Node:  Return Node
[2025.07.20-22.18.19:189][198]PIE: Error: Blueprint Runtime Error: "Accessed None trying to read property K2Node_DynamicCast_AsPeoncito". Blueprint:  BarraVIda Function:  Get Text 0 Graph:  GetText_0 Node:  Return Node
[2025.07.20-22.18.19:232][199]PIE: Error: Blueprint Runtime Error: "Accessed None trying to read property K2Node_DynamicCast_AsPeoncito". Blueprint:  BarraVIda Function:  Get Text 0 Graph:  GetText_0 Node:  Return Node
[2025.07.20-22.18.19:279][200]PIE: Error: Blueprint Runtime Error: "Accessed None trying to read property K2Node_DynamicCast_AsPeoncito". Blueprint:  BarraVIda Function:  Get Text 0 Graph:  GetText_0 Node:  Return Node
[2025.07.20-22.18.19:316][201]PIE: Error: Blueprint Runtime Error: "Accessed None trying to read property K2Node_DynamicCast_AsPeoncito". Blueprint:  BarraVIda Function:  Get Text 0 Graph:  GetText_0 Node:  Return Node
[2025.07.20-22.18.19:356][202]PIE: Error: Blueprint Runtime Error: "Accessed None trying to read property K2Node_DynamicCast_AsPeoncito". Blueprint:  BarraVIda Function:  Get Text 0 Graph:  GetText_0 Node:  Return Node
[2025.07.20-22.18.19:409][203]PIE: Error: Blueprint Runtime Error: "Accessed None trying to read property K2Node_DynamicCast_AsPeoncito". Blueprint:  BarraVIda Function:  Get Text 0 Graph:  GetText_0 Node:  Return Node
[2025.07.20-22.18.19:437][204]PIE: Error: Blueprint Runtime Error: "Accessed None trying to read property K2Node_DynamicCast_AsPeoncito". Blueprint:  BarraVIda Function:  Get Text 0 Graph:  GetText_0 Node:  Return Node
[2025.07.20-22.18.19:462][205]PIE: Error: Blueprint Runtime Error: "Accessed None trying to read property K2Node_DynamicCast_AsPeoncito". Blueprint:  BarraVIda Function:  Get Text 0 Graph:  GetText_0 Node:  Return Node
[2025.07.20-22.18.19:555][206]LogSlate: Updating window title bar state: overlay mode, drag disabled, window buttons hidden, title bar hidden
[2025.07.20-22.18.19:555][206]LogWorld: BeginTearingDown for /Game/ThirdPersonBP/Maps/UEDPIE_0_Perdiste_Level
[2025.07.20-22.18.19:555][206]LogWorld: UWorld::CleanupWorld for Perdiste_Level, bSessionEnded=true, bCleanupResources=true
[2025.07.20-22.18.19:557][206]LogSlate: InvalidateAllWidgets triggered.  All widgets were invalidated
[2025.07.20-22.18.19:574][206]LogPlayLevel: Display: Shutting down PIE online subsystems
[2025.07.20-22.18.19:581][206]LogSlate: InvalidateAllWidgets triggered.  All widgets were invalidated
[2025.07.20-22.18.19:640][206]LogAudio: Display: Audio Device unregistered from world 'None'.
[2025.07.20-22.18.19:640][206]LogAudioMixer: FMixerPlatformXAudio2::StopAudioStream() called
[2025.07.20-22.18.19:642][206]LogAudioMixer: FMixerPlatformXAudio2::StopAudioStream() called
[2025.07.20-22.18.19:643][206]LogSlate: Updating window title bar state: overlay mode, drag disabled, window buttons hidden, title bar hidden
[2025.07.20-22.18.19:648][206]LogUObjectHash: Compacting FUObjectHashTables data took   3.16ms
[2025.07.20-22.18.19:865][207]LogPlayLevel: Display: Destroying online subsystem :Context_45
[2025.07.20-22.18.32:960][662]LogEditorTransaction: Undo Modify Component(s)
[2025.07.20-22.18.47:436][ 95]BlueprintLog: New page: Compile EnemyCharacter
[2025.07.20-22.18.47:603][ 95]LogUObjectHash: Compacting FUObjectHashTables data took   6.78ms
[2025.07.20-22.18.48:910][136]LogSavePackage: Moving '../../../../../UTN-e-learning/Unreal-Engine/Unreal-Projects/TP_PreEntrega/Saved/EnemyCharacter3255CD9846BE3A7285723995FCEE5CE8.tmp' to '../../../../../UTN-e-learning/Unreal-Engine/Unreal-Projects/TP_PreEntrega/Content/ThirdPersonBP/Blueprints/blueprints/EnemyCharacter.uasset'
[2025.07.20-22.18.48:948][136]AssetCheck: New page: Asset Save: EnemyCharacter
[2025.07.20-22.18.48:948][136]LogContentValidation: Display: Validating Blueprint /Game/ThirdPersonBP/Blueprints/blueprints/EnemyCharacter.EnemyCharacter
[2025.07.20-22.18.50:079][174]LogSlate: Window 'Message Log' being destroyed
[2025.07.20-22.18.50:103][174]LogSlate: Window 'Message Log' being destroyed
[2025.07.20-22.18.50:815][198]LogTemp: Repeating last play command: Selected Viewport
[2025.07.20-22.18.50:877][198]LogPlayLevel: PlayLevel: No blueprints needed recompiling
[2025.07.20-22.18.50:877][198]PIE: New page: PIE session: ThirdPersonExampleMap (Jul 20, 2025, 4:18:50 PM)
[2025.07.20-22.18.50:877][198]LogPlayLevel: Creating play world package: /Game/ThirdPersonBP/Maps/UEDPIE_0_ThirdPersonExampleMap
[2025.07.20-22.18.50:925][198]LogPlayLevel: PIE: StaticDuplicateObject took: (0.047931s)
[2025.07.20-22.18.50:927][198]LogAIModule: Creating AISystem for world ThirdPersonExampleMap
[2025.07.20-22.18.50:928][198]LogPlayLevel: PIE: World Init took: (0.002595s)
[2025.07.20-22.18.50:928][198]LogPlayLevel: PIE: Created PIE world by copying editor world from /Game/ThirdPersonBP/Maps/ThirdPersonExampleMap.ThirdPersonExampleMap to /Game/ThirdPersonBP/Maps/UEDPIE_0_ThirdPersonExampleMap.ThirdPersonExampleMap (0.050911s)
[2025.07.20-22.18.51:012][198]LogUObjectHash: Compacting FUObjectHashTables data took   7.59ms
[2025.07.20-22.18.51:013][198]LogAudio: Display: Creating Audio Device:                 Id: 7, Scope: Unique, Realtime: True
[2025.07.20-22.18.51:013][198]LogAudioMixer: Display: Audio Mixer Platform Settings:
[2025.07.20-22.18.51:013][198]LogAudioMixer: Display: 	Sample Rate:						  48000
[2025.07.20-22.18.51:014][198]LogAudioMixer: Display: 	Callback Buffer Frame Size Requested: 1024
[2025.07.20-22.18.51:014][198]LogAudioMixer: Display: 	Callback Buffer Frame Size To Use:	  1024
[2025.07.20-22.18.51:014][198]LogAudioMixer: Display: 	Number of buffers to queue:			  2
[2025.07.20-22.18.51:014][198]LogAudioMixer: Display: 	Max Channels (voices):				  32
[2025.07.20-22.18.51:014][198]LogAudioMixer: Display: 	Number of Async Source Workers:		  0
[2025.07.20-22.18.51:014][198]LogAudio: Display: AudioDevice MaxSources: 32
[2025.07.20-22.18.51:014][198]LogAudio: Display: Audio Spatialization Plugin: None (built-in).
[2025.07.20-22.18.51:014][198]LogAudio: Display: Audio Reverb Plugin: None (built-in).
[2025.07.20-22.18.51:014][198]LogAudio: Display: Audio Occlusion Plugin: None (built-in).
[2025.07.20-22.18.51:014][198]LogAudioMixer: Display: Initializing audio mixer.
[2025.07.20-22.18.51:021][198]LogAudioMixer: Display: 0: FrontLeft
[2025.07.20-22.18.51:021][198]LogAudioMixer: Display: 1: FrontRight
[2025.07.20-22.18.51:047][198]LogAudioMixer: Display: Using Audio Device Headphones (SOUNDPEATS Opera05)
[2025.07.20-22.18.51:047][198]LogAudioMixer: Display: Initializing Sound Submixes...
[2025.07.20-22.18.51:047][198]LogAudioMixer: Display: Creating Master Submix 'MasterSubmixDefault'
[2025.07.20-22.18.51:047][198]LogAudioMixer: Display: Creating Master Submix 'MasterReverbSubmixDefault'
[2025.07.20-22.18.51:047][198]LogAudioMixer: Display: Creating Master Submix 'MasterEQSubmixDefault'
[2025.07.20-22.18.51:047][198]LogAudioMixer: FMixerPlatformXAudio2::StartAudioStream() called
[2025.07.20-22.18.51:047][198]LogAudioMixer: Display: Output buffers initialized: Frames=1024, Channels=2, Samples=2048
[2025.07.20-22.18.51:050][198]LogAudioMixer: Display: Starting AudioMixerPlatformInterface::RunInternal()
[2025.07.20-22.18.51:050][198]LogAudioMixer: Display: FMixerPlatformXAudio2::SubmitBuffer() called for the first time
[2025.07.20-22.18.51:050][198]LogInit: FAudioDevice initialized.
[2025.07.20-22.18.51:050][198]LogAudio: Display: Audio Device (ID: 7) registered with world 'ThirdPersonExampleMap'.
[2025.07.20-22.18.51:065][198]LogLoad: Game class is 'ReglasJuego_C'
[2025.07.20-22.18.51:075][198]LogWorld: Bringing World /Game/ThirdPersonBP/Maps/UEDPIE_0_ThirdPersonExampleMap.ThirdPersonExampleMap up for play (max tick rate 60) at 2025.07.20-19.18.51
[2025.07.20-22.18.51:077][198]LogWorld: Bringing up level for play took: 0.010797
[2025.07.20-22.18.51:078][198]LogOnline: OSS: Creating online subsystem instance for: :Context_46
[2025.07.20-22.18.51:081][198]LogBlueprintUserMessages: [plataforma_2] Buenas buenas!
[2025.07.20-22.18.51:084][198]PIE: Server logged in
[2025.07.20-22.18.51:085][198]PIE: Play in editor total start time 0.245 seconds.
[2025.07.20-22.18.54:160][319]LogBlueprintUserMessages: [enemy_bullet_C_0] El peoncito perdio 10 de vida!!!!
[2025.07.20-22.18.54:866][347]LogBlueprintUserMessages: [enemy_bullet_C_2] El peoncito perdio 10 de vida!!!!
[2025.07.20-22.18.57:160][453]LogBlueprintUserMessages: [enemy_bullet_C_12] El peoncito perdio 10 de vida!!!!
[2025.07.20-22.18.57:680][475]LogSlate: Updating window title bar state: overlay mode, drag disabled, window buttons hidden, title bar hidden
[2025.07.20-22.18.57:680][475]LogWorld: BeginTearingDown for /Game/ThirdPersonBP/Maps/UEDPIE_0_ThirdPersonExampleMap
[2025.07.20-22.18.57:680][475]LogWorld: UWorld::CleanupWorld for ThirdPersonExampleMap, bSessionEnded=true, bCleanupResources=true
[2025.07.20-22.18.57:682][475]LogSlate: InvalidateAllWidgets triggered.  All widgets were invalidated
[2025.07.20-22.18.57:692][475]LogPlayLevel: Display: Shutting down PIE online subsystems
[2025.07.20-22.18.57:698][475]LogSlate: InvalidateAllWidgets triggered.  All widgets were invalidated
[2025.07.20-22.18.57:744][475]LogAudio: Display: Audio Device unregistered from world 'None'.
[2025.07.20-22.18.57:744][475]LogAudioMixer: FMixerPlatformXAudio2::StopAudioStream() called
[2025.07.20-22.18.57:746][475]LogAudioMixer: FMixerPlatformXAudio2::StopAudioStream() called
[2025.07.20-22.18.57:749][475]LogSlate: Updating window title bar state: overlay mode, drag disabled, window buttons hidden, title bar hidden
[2025.07.20-22.18.57:755][475]LogUObjectHash: Compacting FUObjectHashTables data took   4.43ms
[2025.07.20-22.18.57:801][476]LogPlayLevel: Display: Destroying online subsystem :Context_46
[2025.07.20-22.19.06:451][739]LogSavePackage: Moving '../../../../../UTN-e-learning/Unreal-Engine/Unreal-Projects/TP_PreEntrega/Saved/EnemyCharacter6E4FF0FC4D220CDCF21637A36AED1B60.tmp' to '../../../../../UTN-e-learning/Unreal-Engine/Unreal-Projects/TP_PreEntrega/Content/ThirdPersonBP/Blueprints/blueprints/EnemyCharacter.uasset'
[2025.07.20-22.19.06:502][739]AssetCheck: New page: Asset Save: EnemyCharacter
[2025.07.20-22.19.06:502][739]LogContentValidation: Display: Validating Blueprint /Game/ThirdPersonBP/Blueprints/blueprints/EnemyCharacter.EnemyCharacter
[2025.07.20-22.19.09:090][831]LogTemp: Repeating last play command: Selected Viewport
[2025.07.20-22.19.09:135][831]BlueprintLog: New page: Pre-Play auto-recompile
[2025.07.20-22.19.09:136][831]LogPlayLevel: [PlayLevel] Compiling EnemyCharacter before play...
[2025.07.20-22.19.09:303][831]LogUObjectHash: Compacting FUObjectHashTables data took   5.43ms
[2025.07.20-22.19.09:305][831]LogPlayLevel: PlayLevel: Blueprint regeneration took 169 ms (1 blueprints)
[2025.07.20-22.19.09:305][831]PIE: New page: PIE session: ThirdPersonExampleMap (Jul 20, 2025, 4:19:09 PM)
[2025.07.20-22.19.09:305][831]LogPlayLevel: Creating play world package: /Game/ThirdPersonBP/Maps/UEDPIE_0_ThirdPersonExampleMap
[2025.07.20-22.19.09:327][831]LogPlayLevel: PIE: StaticDuplicateObject took: (0.021642s)
[2025.07.20-22.19.09:328][831]LogAIModule: Creating AISystem for world ThirdPersonExampleMap
[2025.07.20-22.19.09:329][831]LogPlayLevel: PIE: World Init took: (0.001660s)
[2025.07.20-22.19.09:329][831]LogPlayLevel: PIE: Created PIE world by copying editor world from /Game/ThirdPersonBP/Maps/ThirdPersonExampleMap.ThirdPersonExampleMap to /Game/ThirdPersonBP/Maps/UEDPIE_0_ThirdPersonExampleMap.ThirdPersonExampleMap (0.023507s)
[2025.07.20-22.19.09:391][831]LogUObjectHash: Compacting FUObjectHashTables data took   6.12ms
[2025.07.20-22.19.09:392][831]LogAudio: Display: Creating Audio Device:                 Id: 8, Scope: Unique, Realtime: True
[2025.07.20-22.19.09:392][831]LogAudioMixer: Display: Audio Mixer Platform Settings:
[2025.07.20-22.19.09:392][831]LogAudioMixer: Display: 	Sample Rate:						  48000
[2025.07.20-22.19.09:392][831]LogAudioMixer: Display: 	Callback Buffer Frame Size Requested: 1024
[2025.07.20-22.19.09:392][831]LogAudioMixer: Display: 	Callback Buffer Frame Size To Use:	  1024
[2025.07.20-22.19.09:392][831]LogAudioMixer: Display: 	Number of buffers to queue:			  2
[2025.07.20-22.19.09:392][831]LogAudioMixer: Display: 	Max Channels (voices):				  32
[2025.07.20-22.19.09:392][831]LogAudioMixer: Display: 	Number of Async Source Workers:		  0
[2025.07.20-22.19.09:392][831]LogAudio: Display: AudioDevice MaxSources: 32
[2025.07.20-22.19.09:393][831]LogAudio: Display: Audio Spatialization Plugin: None (built-in).
[2025.07.20-22.19.09:393][831]LogAudio: Display: Audio Reverb Plugin: None (built-in).
[2025.07.20-22.19.09:393][831]LogAudio: Display: Audio Occlusion Plugin: None (built-in).
[2025.07.20-22.19.09:393][831]LogAudioMixer: Display: Initializing audio mixer.
[2025.07.20-22.19.09:401][831]LogAudioMixer: Display: 0: FrontLeft
[2025.07.20-22.19.09:401][831]LogAudioMixer: Display: 1: FrontRight
[2025.07.20-22.19.09:428][831]LogAudioMixer: Display: Using Audio Device Headphones (SOUNDPEATS Opera05)
[2025.07.20-22.19.09:428][831]LogAudioMixer: Display: Initializing Sound Submixes...
[2025.07.20-22.19.09:428][831]LogAudioMixer: Display: Creating Master Submix 'MasterSubmixDefault'
[2025.07.20-22.19.09:428][831]LogAudioMixer: Display: Creating Master Submix 'MasterReverbSubmixDefault'
[2025.07.20-22.19.09:429][831]LogAudioMixer: Display: Creating Master Submix 'MasterEQSubmixDefault'
[2025.07.20-22.19.09:429][831]LogAudioMixer: FMixerPlatformXAudio2::StartAudioStream() called
[2025.07.20-22.19.09:429][831]LogAudioMixer: Display: Output buffers initialized: Frames=1024, Channels=2, Samples=2048
[2025.07.20-22.19.09:431][831]LogAudioMixer: Display: Starting AudioMixerPlatformInterface::RunInternal()
[2025.07.20-22.19.09:431][831]LogAudioMixer: Display: FMixerPlatformXAudio2::SubmitBuffer() called for the first time
[2025.07.20-22.19.09:431][831]LogInit: FAudioDevice initialized.
[2025.07.20-22.19.09:431][831]LogAudio: Display: Audio Device (ID: 8) registered with world 'ThirdPersonExampleMap'.
[2025.07.20-22.19.09:442][831]LogLoad: Game class is 'ReglasJuego_C'
[2025.07.20-22.19.09:453][831]LogWorld: Bringing World /Game/ThirdPersonBP/Maps/UEDPIE_0_ThirdPersonExampleMap.ThirdPersonExampleMap up for play (max tick rate 60) at 2025.07.20-19.19.09
[2025.07.20-22.19.09:454][831]LogWorld: Bringing up level for play took: 0.011099
[2025.07.20-22.19.09:455][831]LogOnline: OSS: Creating online subsystem instance for: :Context_47
[2025.07.20-22.19.09:458][831]LogBlueprintUserMessages: [plataforma_2] Buenas buenas!
[2025.07.20-22.19.09:461][831]PIE: Server logged in
[2025.07.20-22.19.09:462][831]PIE: Play in editor total start time 0.354 seconds.
[2025.07.20-22.19.12:656][959]LogBlueprintUserMessages: [enemy_bullet_C_0] El peoncito perdio 10 de vida!!!!
[2025.07.20-22.19.13:474][993]LogBlueprintUserMessages: [enemy_bullet_C_2] El peoncito perdio 10 de vida!!!!
[2025.07.20-22.19.19:425][233]LogBlueprintUserMessages: [enemy_bullet_C_15] El peoncito perdio 10 de vida!!!!
[2025.07.20-22.19.20:412][274]LogBlueprintUserMessages: [enemy_bullet_C_17] El peoncito perdio 10 de vida!!!!
[2025.07.20-22.19.21:395][315]LogCharacterMovement: peoncito_2 is stuck and failed to move! Velocity: X=-44.98 Y=-14.42 Z=0.00 Location: X=347.55 Y=214.12 Z=198.45 Normal: X=0.97 Y=-0.25 Z=0.00 PenetrationDepth:0.276 Actor:enemy_misil_C_2 Component:Cone BoneName:None (0 other events since notify)
[2025.07.20-22.19.21:421][316]LogBlueprintUserMessages: [enemy_misil_C_2] El peoncito perdio 10 de vida!!!!
[2025.07.20-22.19.21:445][317]LogBlueprintUserMessages: [enemy_bullet_C_20] El peoncito perdio 10 de vida!!!!
[2025.07.20-22.19.22:359][357]LogBlueprintUserMessages: [enemy_bullet_C_22] El peoncito perdio 10 de vida!!!!
[2025.07.20-22.19.22:697][371]LogBlueprintUserMessages: [Balaza_C_11] Le reste 20 al peoncito
[2025.07.20-22.19.22:698][371]LogBlueprintUserMessages: [peoncito_2] El peoncito murio
[2025.07.20-22.19.22:698][371]LogBlueprintUserMessages: [ReglasJuego_C_0] Noo, perdiste!
[2025.07.20-22.19.22:710][371]LogScript: Warning: Accessed None trying to read property K2Node_DynamicCast_AsPeoncito
	BarraVIda_C /Engine/Transient.UnrealEdEngine_0:GameInstance_6.BarraVIda_C_0
	Function /Game/ThirdPersonBP/Blueprints/blueprints/BarraVIda.BarraVIda_C:GetText_0:0099
[2025.07.20-22.19.22:710][371]PIE: Error: Blueprint Runtime Error: "Accessed None trying to read property K2Node_DynamicCast_AsPeoncito". Blueprint:  BarraVIda Function:  Get Text 0 Graph:  GetText_0 Node:  Return Node
[2025.07.20-22.19.22:723][372]LogNet: Browse: /Game/ThirdPersonBP/Maps/Perdiste_Level
[2025.07.20-22.19.22:723][372]LogLoad: LoadMap: /Game/ThirdPersonBP/Maps/Perdiste_Level
[2025.07.20-22.19.22:723][372]LogWorld: BeginTearingDown for /Game/ThirdPersonBP/Maps/UEDPIE_0_ThirdPersonExampleMap
[2025.07.20-22.19.22:724][372]LogWorld: UWorld::CleanupWorld for ThirdPersonExampleMap, bSessionEnded=true, bCleanupResources=true
[2025.07.20-22.19.22:727][372]LogSlate: InvalidateAllWidgets triggered.  All widgets were invalidated
[2025.07.20-22.19.22:834][372]LogAudio: Display: Audio Device unregistered from world 'None'.
[2025.07.20-22.19.22:841][372]LogUObjectHash: Compacting FUObjectHashTables data took   3.86ms
[2025.07.20-22.19.22:867][372]LogAudio: Display: Audio Device (ID: 8) registered with world 'Perdiste_Level'.
[2025.07.20-22.19.22:868][372]LogAIModule: Creating AISystem for world Perdiste_Level
[2025.07.20-22.19.22:869][372]LogLoad: Game class is 'ReglasJuego_C'
[2025.07.20-22.19.22:925][372]LogWorld: Bringing World /Game/ThirdPersonBP/Maps/UEDPIE_0_Perdiste_Level.Perdiste_Level up for play (max tick rate 60) at 2025.07.20-19.19.22
[2025.07.20-22.19.22:925][372]LogWorld: Bringing up level for play took: 0.055298
[2025.07.20-22.19.22:926][372]LogGameMode: FindPlayerStart: PATHS NOT DEFINED or NO PLAYERSTART with positive rating
[2025.07.20-22.19.22:928][372]LogBlueprintUserMessages: [plataforma_2] Buenas buenas!
[2025.07.20-22.19.22:929][372]LogLoad: Took 0.205708 seconds to LoadMap(/Game/ThirdPersonBP/Maps/Perdiste_Level)
[2025.07.20-22.19.22:989][372]PIE: Error: Blueprint Runtime Error: "Accessed None trying to read property K2Node_DynamicCast_AsPeoncito". Blueprint:  BarraVIda Function:  Get Text 0 Graph:  GetText_0 Node:  Return Node
[2025.07.20-22.19.23:020][373]PIE: Error: Blueprint Runtime Error: "Accessed None trying to read property K2Node_DynamicCast_AsPeoncito". Blueprint:  BarraVIda Function:  Get Text 0 Graph:  GetText_0 Node:  Return Node
[2025.07.20-22.19.23:038][374]PIE: Error: Blueprint Runtime Error: "Accessed None trying to read property K2Node_DynamicCast_AsPeoncito". Blueprint:  BarraVIda Function:  Get Text 0 Graph:  GetText_0 Node:  Return Node
[2025.07.20-22.19.23:055][375]PIE: Error: Blueprint Runtime Error: "Accessed None trying to read property K2Node_DynamicCast_AsPeoncito". Blueprint:  BarraVIda Function:  Get Text 0 Graph:  GetText_0 Node:  Return Node
[2025.07.20-22.19.23:075][376]PIE: Error: Blueprint Runtime Error: "Accessed None trying to read property K2Node_DynamicCast_AsPeoncito". Blueprint:  BarraVIda Function:  Get Text 0 Graph:  GetText_0 Node:  Return Node
[2025.07.20-22.19.23:097][377]PIE: Error: Blueprint Runtime Error: "Accessed None trying to read property K2Node_DynamicCast_AsPeoncito". Blueprint:  BarraVIda Function:  Get Text 0 Graph:  GetText_0 Node:  Return Node
[2025.07.20-22.19.23:121][378]PIE: Error: Blueprint Runtime Error: "Accessed None trying to read property K2Node_DynamicCast_AsPeoncito". Blueprint:  BarraVIda Function:  Get Text 0 Graph:  GetText_0 Node:  Return Node
[2025.07.20-22.19.23:152][379]PIE: Error: Blueprint Runtime Error: "Accessed None trying to read property K2Node_DynamicCast_AsPeoncito". Blueprint:  BarraVIda Function:  Get Text 0 Graph:  GetText_0 Node:  Return Node
[2025.07.20-22.19.23:178][380]PIE: Error: Blueprint Runtime Error: "Accessed None trying to read property K2Node_DynamicCast_AsPeoncito". Blueprint:  BarraVIda Function:  Get Text 0 Graph:  GetText_0 Node:  Return Node
[2025.07.20-22.19.23:204][381]PIE: Error: Blueprint Runtime Error: "Accessed None trying to read property K2Node_DynamicCast_AsPeoncito". Blueprint:  BarraVIda Function:  Get Text 0 Graph:  GetText_0 Node:  Return Node
[2025.07.20-22.19.23:228][382]PIE: Error: Blueprint Runtime Error: "Accessed None trying to read property K2Node_DynamicCast_AsPeoncito". Blueprint:  BarraVIda Function:  Get Text 0 Graph:  GetText_0 Node:  Return Node
[2025.07.20-22.19.23:251][383]PIE: Error: Blueprint Runtime Error: "Accessed None trying to read property K2Node_DynamicCast_AsPeoncito". Blueprint:  BarraVIda Function:  Get Text 0 Graph:  GetText_0 Node:  Return Node
[2025.07.20-22.19.23:277][384]PIE: Error: Blueprint Runtime Error: "Accessed None trying to read property K2Node_DynamicCast_AsPeoncito". Blueprint:  BarraVIda Function:  Get Text 0 Graph:  GetText_0 Node:  Return Node
[2025.07.20-22.19.23:295][385]PIE: Error: Blueprint Runtime Error: "Accessed None trying to read property K2Node_DynamicCast_AsPeoncito". Blueprint:  BarraVIda Function:  Get Text 0 Graph:  GetText_0 Node:  Return Node
[2025.07.20-22.19.23:315][386]PIE: Error: Blueprint Runtime Error: "Accessed None trying to read property K2Node_DynamicCast_AsPeoncito". Blueprint:  BarraVIda Function:  Get Text 0 Graph:  GetText_0 Node:  Return Node
[2025.07.20-22.19.23:340][387]PIE: Error: Blueprint Runtime Error: "Accessed None trying to read property K2Node_DynamicCast_AsPeoncito". Blueprint:  BarraVIda Function:  Get Text 0 Graph:  GetText_0 Node:  Return Node
[2025.07.20-22.19.23:359][388]PIE: Error: Blueprint Runtime Error: "Accessed None trying to read property K2Node_DynamicCast_AsPeoncito". Blueprint:  BarraVIda Function:  Get Text 0 Graph:  GetText_0 Node:  Return Node
[2025.07.20-22.19.23:378][389]PIE: Error: Blueprint Runtime Error: "Accessed None trying to read property K2Node_DynamicCast_AsPeoncito". Blueprint:  BarraVIda Function:  Get Text 0 Graph:  GetText_0 Node:  Return Node
[2025.07.20-22.19.23:400][390]PIE: Error: Blueprint Runtime Error: "Accessed None trying to read property K2Node_DynamicCast_AsPeoncito". Blueprint:  BarraVIda Function:  Get Text 0 Graph:  GetText_0 Node:  Return Node
[2025.07.20-22.19.23:422][391]PIE: Error: Blueprint Runtime Error: "Accessed None trying to read property K2Node_DynamicCast_AsPeoncito". Blueprint:  BarraVIda Function:  Get Text 0 Graph:  GetText_0 Node:  Return Node
[2025.07.20-22.19.23:446][392]PIE: Error: Blueprint Runtime Error: "Accessed None trying to read property K2Node_DynamicCast_AsPeoncito". Blueprint:  BarraVIda Function:  Get Text 0 Graph:  GetText_0 Node:  Return Node
[2025.07.20-22.19.23:468][393]PIE: Error: Blueprint Runtime Error: "Accessed None trying to read property K2Node_DynamicCast_AsPeoncito". Blueprint:  BarraVIda Function:  Get Text 0 Graph:  GetText_0 Node:  Return Node
[2025.07.20-22.19.23:493][394]PIE: Error: Blueprint Runtime Error: "Accessed None trying to read property K2Node_DynamicCast_AsPeoncito". Blueprint:  BarraVIda Function:  Get Text 0 Graph:  GetText_0 Node:  Return Node
[2025.07.20-22.19.23:514][395]PIE: Error: Blueprint Runtime Error: "Accessed None trying to read property K2Node_DynamicCast_AsPeoncito". Blueprint:  BarraVIda Function:  Get Text 0 Graph:  GetText_0 Node:  Return Node
[2025.07.20-22.19.23:584][396]LogSlate: Updating window title bar state: overlay mode, drag disabled, window buttons hidden, title bar hidden
[2025.07.20-22.19.23:584][396]LogWorld: BeginTearingDown for /Game/ThirdPersonBP/Maps/UEDPIE_0_Perdiste_Level
[2025.07.20-22.19.23:584][396]LogWorld: UWorld::CleanupWorld for Perdiste_Level, bSessionEnded=true, bCleanupResources=true
[2025.07.20-22.19.23:585][396]LogSlate: InvalidateAllWidgets triggered.  All widgets were invalidated
[2025.07.20-22.19.23:600][396]LogPlayLevel: Display: Shutting down PIE online subsystems
[2025.07.20-22.19.23:606][396]LogSlate: InvalidateAllWidgets triggered.  All widgets were invalidated
[2025.07.20-22.19.23:659][396]LogSlate: Updating window title bar state: overlay mode, drag disabled, window buttons hidden, title bar hidden
[2025.07.20-22.19.23:660][396]LogAudioMixer: FMixerPlatformXAudio2::StopAudioStream() called
[2025.07.20-22.19.23:661][396]LogAudioMixer: FMixerPlatformXAudio2::StopAudioStream() called
[2025.07.20-22.19.23:671][396]LogUObjectHash: Compacting FUObjectHashTables data took   4.76ms
[2025.07.20-22.19.23:925][397]LogPlayLevel: Display: Destroying online subsystem :Context_47
[2025.07.20-22.19.25:368][439]LogSlate: Window 'Message Log' being destroyed
[2025.07.20-22.19.25:418][439]LogSlate: Window 'Message Log' being destroyed
[2025.07.20-22.19.26:031][459]LogTemp: Repeating last play command: Selected Viewport
[2025.07.20-22.19.26:078][459]LogPlayLevel: PlayLevel: No blueprints needed recompiling
[2025.07.20-22.19.26:079][459]PIE: New page: PIE session: ThirdPersonExampleMap (Jul 20, 2025, 4:19:26 PM)
[2025.07.20-22.19.26:079][459]LogPlayLevel: Creating play world package: /Game/ThirdPersonBP/Maps/UEDPIE_0_ThirdPersonExampleMap
[2025.07.20-22.19.26:108][459]LogPlayLevel: PIE: StaticDuplicateObject took: (0.028772s)
[2025.07.20-22.19.26:108][459]LogAIModule: Creating AISystem for world ThirdPersonExampleMap
[2025.07.20-22.19.26:109][459]LogPlayLevel: PIE: World Init took: (0.001499s)
[2025.07.20-22.19.26:109][459]LogPlayLevel: PIE: Created PIE world by copying editor world from /Game/ThirdPersonBP/Maps/ThirdPersonExampleMap.ThirdPersonExampleMap to /Game/ThirdPersonBP/Maps/UEDPIE_0_ThirdPersonExampleMap.ThirdPersonExampleMap (0.030509s)
[2025.07.20-22.19.26:170][459]LogUObjectHash: Compacting FUObjectHashTables data took   5.05ms
[2025.07.20-22.19.26:171][459]LogAudio: Display: Creating Audio Device:                 Id: 9, Scope: Unique, Realtime: True
[2025.07.20-22.19.26:171][459]LogAudioMixer: Display: Audio Mixer Platform Settings:
[2025.07.20-22.19.26:171][459]LogAudioMixer: Display: 	Sample Rate:						  48000
[2025.07.20-22.19.26:172][459]LogAudioMixer: Display: 	Callback Buffer Frame Size Requested: 1024
[2025.07.20-22.19.26:172][459]LogAudioMixer: Display: 	Callback Buffer Frame Size To Use:	  1024
[2025.07.20-22.19.26:172][459]LogAudioMixer: Display: 	Number of buffers to queue:			  2
[2025.07.20-22.19.26:172][459]LogAudioMixer: Display: 	Max Channels (voices):				  32
[2025.07.20-22.19.26:172][459]LogAudioMixer: Display: 	Number of Async Source Workers:		  0
[2025.07.20-22.19.26:172][459]LogAudio: Display: AudioDevice MaxSources: 32
[2025.07.20-22.19.26:172][459]LogAudio: Display: Audio Spatialization Plugin: None (built-in).
[2025.07.20-22.19.26:172][459]LogAudio: Display: Audio Reverb Plugin: None (built-in).
[2025.07.20-22.19.26:172][459]LogAudio: Display: Audio Occlusion Plugin: None (built-in).
[2025.07.20-22.19.26:173][459]LogAudioMixer: Display: Initializing audio mixer.
[2025.07.20-22.19.26:180][459]LogAudioMixer: Display: 0: FrontLeft
[2025.07.20-22.19.26:180][459]LogAudioMixer: Display: 1: FrontRight
[2025.07.20-22.19.26:203][459]LogAudioMixer: Display: Using Audio Device Headphones (SOUNDPEATS Opera05)
[2025.07.20-22.19.26:203][459]LogAudioMixer: Display: Initializing Sound Submixes...
[2025.07.20-22.19.26:203][459]LogAudioMixer: Display: Creating Master Submix 'MasterSubmixDefault'
[2025.07.20-22.19.26:203][459]LogAudioMixer: Display: Creating Master Submix 'MasterReverbSubmixDefault'
[2025.07.20-22.19.26:204][459]LogAudioMixer: Display: Creating Master Submix 'MasterEQSubmixDefault'
[2025.07.20-22.19.26:204][459]LogAudioMixer: FMixerPlatformXAudio2::StartAudioStream() called
[2025.07.20-22.19.26:204][459]LogAudioMixer: Display: Output buffers initialized: Frames=1024, Channels=2, Samples=2048
[2025.07.20-22.19.26:206][459]LogAudioMixer: Display: Starting AudioMixerPlatformInterface::RunInternal()
[2025.07.20-22.19.26:206][459]LogAudioMixer: Display: FMixerPlatformXAudio2::SubmitBuffer() called for the first time
[2025.07.20-22.19.26:206][459]LogInit: FAudioDevice initialized.
[2025.07.20-22.19.26:206][459]LogAudio: Display: Audio Device (ID: 9) registered with world 'ThirdPersonExampleMap'.
[2025.07.20-22.19.26:219][459]LogLoad: Game class is 'ReglasJuego_C'
[2025.07.20-22.19.26:229][459]LogWorld: Bringing World /Game/ThirdPersonBP/Maps/UEDPIE_0_ThirdPersonExampleMap.ThirdPersonExampleMap up for play (max tick rate 60) at 2025.07.20-19.19.26
[2025.07.20-22.19.26:231][459]LogWorld: Bringing up level for play took: 0.010613
[2025.07.20-22.19.26:231][459]LogOnline: OSS: Creating online subsystem instance for: :Context_48
[2025.07.20-22.19.26:234][459]LogBlueprintUserMessages: [plataforma_2] Buenas buenas!
[2025.07.20-22.19.26:237][459]PIE: Server logged in
[2025.07.20-22.19.26:239][459]PIE: Play in editor total start time 0.189 seconds.
[2025.07.20-22.19.33:288][699]LogBlueprintUserMessages: [enemy_bullet_C_7] El peoncito perdio 10 de vida!!!!
[2025.07.20-22.19.33:949][723]LogBlueprintUserMessages: [enemy_bullet_C_9] El peoncito perdio 10 de vida!!!!
[2025.07.20-22.19.34:461][742]LogBlueprintUserMessages: [enemy_bullet_C_12] El peoncito perdio 10 de vida!!!!
[2025.07.20-22.19.37:653][859]LogBlueprintUserMessages: [enemy_bullet_C_24] El peoncito perdio 10 de vida!!!!
[2025.07.20-22.19.38:222][878]LogBlueprintUserMessages: [enemy_bullet_C_26] El peoncito perdio 10 de vida!!!!
[2025.07.20-22.19.38:421][885]LogBlueprintUserMessages: [Torreta3_2] algo me ataveso!
[2025.07.20-22.19.38:611][892]LogBlueprintUserMessages: [peoncito_2] Te queda de vida:
[2025.07.20-22.19.38:611][892]LogBlueprintUserMessages: [peoncito_2] 48.0
[2025.07.20-22.19.40:897][970]LogBlueprintUserMessages: [enemy_misil_C_3] El peoncito perdio 10 de vida!!!!
[2025.07.20-22.19.41:771][993]LogSlate: Updating window title bar state: overlay mode, drag disabled, window buttons hidden, title bar hidden
[2025.07.20-22.19.41:771][993]LogWorld: BeginTearingDown for /Game/ThirdPersonBP/Maps/UEDPIE_0_ThirdPersonExampleMap
[2025.07.20-22.19.41:772][993]LogWorld: UWorld::CleanupWorld for ThirdPersonExampleMap, bSessionEnded=true, bCleanupResources=true
[2025.07.20-22.19.41:775][993]LogSlate: InvalidateAllWidgets triggered.  All widgets were invalidated
[2025.07.20-22.19.41:790][993]LogPlayLevel: Display: Shutting down PIE online subsystems
[2025.07.20-22.19.41:800][993]LogSlate: InvalidateAllWidgets triggered.  All widgets were invalidated
[2025.07.20-22.19.41:873][993]LogSlate: Updating window title bar state: overlay mode, drag disabled, window buttons hidden, title bar hidden
[2025.07.20-22.19.41:874][993]LogAudioMixer: FMixerPlatformXAudio2::StopAudioStream() called
[2025.07.20-22.19.41:877][993]LogAudioMixer: FMixerPlatformXAudio2::StopAudioStream() called
[2025.07.20-22.19.41:889][993]LogUObjectHash: Compacting FUObjectHashTables data took   5.35ms
[2025.07.20-22.19.41:938][994]LogPlayLevel: Display: Destroying online subsystem :Context_48
[2025.07.20-22.19.53:158][323]LogSavePackage: Moving '../../../../../UTN-e-learning/Unreal-Engine/Unreal-Projects/TP_PreEntrega/Saved/EnemyCharacterA8E2704940D362B917601693751D640A.tmp' to '../../../../../UTN-e-learning/Unreal-Engine/Unreal-Projects/TP_PreEntrega/Content/ThirdPersonBP/Blueprints/blueprints/EnemyCharacter.uasset'
[2025.07.20-22.19.53:223][323]AssetCheck: New page: Asset Save: EnemyCharacter
[2025.07.20-22.19.53:223][323]LogContentValidation: Display: Validating Blueprint /Game/ThirdPersonBP/Blueprints/blueprints/EnemyCharacter.EnemyCharacter
[2025.07.20-22.19.54:577][361]LogTemp: Repeating last play command: Selected Viewport
[2025.07.20-22.19.54:632][361]BlueprintLog: New page: Pre-Play auto-recompile
[2025.07.20-22.19.54:634][361]LogPlayLevel: [PlayLevel] Compiling EnemyCharacter before play...
[2025.07.20-22.19.54:820][361]LogUObjectHash: Compacting FUObjectHashTables data took   6.93ms
[2025.07.20-22.19.54:822][361]LogPlayLevel: PlayLevel: Blueprint regeneration took 189 ms (1 blueprints)
[2025.07.20-22.19.54:822][361]PIE: New page: PIE session: ThirdPersonExampleMap (Jul 20, 2025, 4:19:54 PM)
[2025.07.20-22.19.54:822][361]LogPlayLevel: Creating play world package: /Game/ThirdPersonBP/Maps/UEDPIE_0_ThirdPersonExampleMap
[2025.07.20-22.19.54:852][361]LogPlayLevel: PIE: StaticDuplicateObject took: (0.029710s)
[2025.07.20-22.19.54:853][361]LogAIModule: Creating AISystem for world ThirdPersonExampleMap
[2025.07.20-22.19.54:853][361]LogPlayLevel: PIE: World Init took: (0.001519s)
[2025.07.20-22.19.54:853][361]LogPlayLevel: PIE: Created PIE world by copying editor world from /Game/ThirdPersonBP/Maps/ThirdPersonExampleMap.ThirdPersonExampleMap to /Game/ThirdPersonBP/Maps/UEDPIE_0_ThirdPersonExampleMap.ThirdPersonExampleMap (0.031449s)
[2025.07.20-22.19.54:911][361]LogUObjectHash: Compacting FUObjectHashTables data took   4.29ms
[2025.07.20-22.19.54:912][361]LogAudio: Display: Creating Audio Device:                 Id: 10, Scope: Unique, Realtime: True
[2025.07.20-22.19.54:912][361]LogAudioMixer: Display: Audio Mixer Platform Settings:
[2025.07.20-22.19.54:912][361]LogAudioMixer: Display: 	Sample Rate:						  48000
[2025.07.20-22.19.54:913][361]LogAudioMixer: Display: 	Callback Buffer Frame Size Requested: 1024
[2025.07.20-22.19.54:913][361]LogAudioMixer: Display: 	Callback Buffer Frame Size To Use:	  1024
[2025.07.20-22.19.54:913][361]LogAudioMixer: Display: 	Number of buffers to queue:			  2
[2025.07.20-22.19.54:913][361]LogAudioMixer: Display: 	Max Channels (voices):				  32
[2025.07.20-22.19.54:913][361]LogAudioMixer: Display: 	Number of Async Source Workers:		  0
[2025.07.20-22.19.54:913][361]LogAudio: Display: AudioDevice MaxSources: 32
[2025.07.20-22.19.54:913][361]LogAudio: Display: Audio Spatialization Plugin: None (built-in).
[2025.07.20-22.19.54:913][361]LogAudio: Display: Audio Reverb Plugin: None (built-in).
[2025.07.20-22.19.54:913][361]LogAudio: Display: Audio Occlusion Plugin: None (built-in).
[2025.07.20-22.19.54:913][361]LogAudioMixer: Display: Initializing audio mixer.
[2025.07.20-22.19.54:919][361]LogAudioMixer: Display: 0: FrontLeft
[2025.07.20-22.19.54:919][361]LogAudioMixer: Display: 1: FrontRight
[2025.07.20-22.19.54:941][361]LogAudioMixer: Display: Using Audio Device Headphones (SOUNDPEATS Opera05)
[2025.07.20-22.19.54:941][361]LogAudioMixer: Display: Initializing Sound Submixes...
[2025.07.20-22.19.54:941][361]LogAudioMixer: Display: Creating Master Submix 'MasterSubmixDefault'
[2025.07.20-22.19.54:941][361]LogAudioMixer: Display: Creating Master Submix 'MasterReverbSubmixDefault'
[2025.07.20-22.19.54:942][361]LogAudioMixer: Display: Creating Master Submix 'MasterEQSubmixDefault'
[2025.07.20-22.19.54:942][361]LogAudioMixer: FMixerPlatformXAudio2::StartAudioStream() called
[2025.07.20-22.19.54:942][361]LogAudioMixer: Display: Output buffers initialized: Frames=1024, Channels=2, Samples=2048
[2025.07.20-22.19.54:944][361]LogAudioMixer: Display: Starting AudioMixerPlatformInterface::RunInternal()
[2025.07.20-22.19.54:944][361]LogAudioMixer: Display: FMixerPlatformXAudio2::SubmitBuffer() called for the first time
[2025.07.20-22.19.54:944][361]LogInit: FAudioDevice initialized.
[2025.07.20-22.19.54:944][361]LogAudio: Display: Audio Device (ID: 10) registered with world 'ThirdPersonExampleMap'.
[2025.07.20-22.19.54:958][361]LogLoad: Game class is 'ReglasJuego_C'
[2025.07.20-22.19.54:968][361]LogWorld: Bringing World /Game/ThirdPersonBP/Maps/UEDPIE_0_ThirdPersonExampleMap.ThirdPersonExampleMap up for play (max tick rate 60) at 2025.07.20-19.19.54
[2025.07.20-22.19.54:969][361]LogWorld: Bringing up level for play took: 0.010753
[2025.07.20-22.19.54:970][361]LogOnline: OSS: Creating online subsystem instance for: :Context_49
[2025.07.20-22.19.54:973][361]LogBlueprintUserMessages: [plataforma_2] Buenas buenas!
[2025.07.20-22.19.54:977][361]PIE: Server logged in
[2025.07.20-22.19.54:978][361]PIE: Play in editor total start time 0.381 seconds.
[2025.07.20-22.19.58:233][462]LogBlueprintUserMessages: [enemy_bullet_C_1] El peoncito perdio 10 de vida!!!!
[2025.07.20-22.20.00:811][559]LogBlueprintUserMessages: [enemy_misil_C_0] El peoncito perdio 10 de vida!!!!
[2025.07.20-22.20.02:562][622]LogBlueprintUserMessages: [enemy_bullet_C_14] El peoncito perdio 10 de vida!!!!
[2025.07.20-22.20.03:144][643]LogBlueprintUserMessages: [Balaza_C_7] Le reste 20 al peoncito
[2025.07.20-22.20.03:515][658]LogBlueprintUserMessages: [enemy_bullet_C_16] El peoncito perdio 10 de vida!!!!
[2025.07.20-22.20.03:858][671]LogCharacterMovement: EnemyCharacter_2 is stuck and failed to move! Velocity: X=45.83 Y=-16.61 Z=0.00 Location: X=150.82 Y=988.36 Z=220.41 Normal: X=-0.70 Y=0.71 Z=0.00 PenetrationDepth:0.000 Actor:peoncito_2 Component:Box BoneName:None (0 other events since notify)
[2025.07.20-22.20.04:541][697]LogBlueprintUserMessages: [enemy_bullet_C_19] El peoncito perdio 10 de vida!!!!
[2025.07.20-22.20.05:162][719]LogBlueprintUserMessages: [Balaza_C_9] Le reste 20 al peoncito
[2025.07.20-22.20.05:163][719]LogBlueprintUserMessages: [peoncito_2] El peoncito murio
[2025.07.20-22.20.05:163][719]LogBlueprintUserMessages: [ReglasJuego_C_0] Noo, perdiste!
[2025.07.20-22.20.05:169][719]LogScript: Warning: Accessed None trying to read property K2Node_DynamicCast_AsPeoncito
	BarraVIda_C /Engine/Transient.UnrealEdEngine_0:GameInstance_8.BarraVIda_C_0
	Function /Game/ThirdPersonBP/Blueprints/blueprints/BarraVIda.BarraVIda_C:GetText_0:0099
[2025.07.20-22.20.05:169][719]PIE: Error: Blueprint Runtime Error: "Accessed None trying to read property K2Node_DynamicCast_AsPeoncito". Blueprint:  BarraVIda Function:  Get Text 0 Graph:  GetText_0 Node:  Return Node
[2025.07.20-22.20.05:190][720]LogNet: Browse: /Game/ThirdPersonBP/Maps/Perdiste_Level
[2025.07.20-22.20.05:190][720]LogLoad: LoadMap: /Game/ThirdPersonBP/Maps/Perdiste_Level
[2025.07.20-22.20.05:190][720]LogWorld: BeginTearingDown for /Game/ThirdPersonBP/Maps/UEDPIE_0_ThirdPersonExampleMap
[2025.07.20-22.20.05:191][720]LogWorld: UWorld::CleanupWorld for ThirdPersonExampleMap, bSessionEnded=true, bCleanupResources=true
[2025.07.20-22.20.05:194][720]LogSlate: InvalidateAllWidgets triggered.  All widgets were invalidated
[2025.07.20-22.20.05:299][720]LogAudio: Display: Audio Device unregistered from world 'None'.
[2025.07.20-22.20.05:305][720]LogUObjectHash: Compacting FUObjectHashTables data took   4.22ms
[2025.07.20-22.20.05:333][720]LogAudio: Display: Audio Device (ID: 10) registered with world 'Perdiste_Level'.
[2025.07.20-22.20.05:335][720]LogAIModule: Creating AISystem for world Perdiste_Level
[2025.07.20-22.20.05:335][720]LogLoad: Game class is 'ReglasJuego_C'
[2025.07.20-22.20.05:407][720]LogWorld: Bringing World /Game/ThirdPersonBP/Maps/UEDPIE_0_Perdiste_Level.Perdiste_Level up for play (max tick rate 60) at 2025.07.20-19.20.05
[2025.07.20-22.20.05:407][720]LogWorld: Bringing up level for play took: 0.070630
[2025.07.20-22.20.05:408][720]LogGameMode: FindPlayerStart: PATHS NOT DEFINED or NO PLAYERSTART with positive rating
[2025.07.20-22.20.05:411][720]LogBlueprintUserMessages: [plataforma_2] Buenas buenas!
[2025.07.20-22.20.05:412][720]LogLoad: Took 0.221581 seconds to LoadMap(/Game/ThirdPersonBP/Maps/Perdiste_Level)
[2025.07.20-22.20.05:487][720]PIE: Error: Blueprint Runtime Error: "Accessed None trying to read property K2Node_DynamicCast_AsPeoncito". Blueprint:  BarraVIda Function:  Get Text 0 Graph:  GetText_0 Node:  Return Node
[2025.07.20-22.20.05:518][721]PIE: Error: Blueprint Runtime Error: "Accessed None trying to read property K2Node_DynamicCast_AsPeoncito". Blueprint:  BarraVIda Function:  Get Text 0 Graph:  GetText_0 Node:  Return Node
[2025.07.20-22.20.05:540][722]PIE: Error: Blueprint Runtime Error: "Accessed None trying to read property K2Node_DynamicCast_AsPeoncito". Blueprint:  BarraVIda Function:  Get Text 0 Graph:  GetText_0 Node:  Return Node
[2025.07.20-22.20.05:560][723]PIE: Error: Blueprint Runtime Error: "Accessed None trying to read property K2Node_DynamicCast_AsPeoncito". Blueprint:  BarraVIda Function:  Get Text 0 Graph:  GetText_0 Node:  Return Node
[2025.07.20-22.20.05:632][724]LogSlate: Updating window title bar state: overlay mode, drag disabled, window buttons hidden, title bar hidden
[2025.07.20-22.20.05:632][724]LogWorld: BeginTearingDown for /Game/ThirdPersonBP/Maps/UEDPIE_0_Perdiste_Level
[2025.07.20-22.20.05:633][724]LogWorld: UWorld::CleanupWorld for Perdiste_Level, bSessionEnded=true, bCleanupResources=true
[2025.07.20-22.20.05:634][724]LogSlate: InvalidateAllWidgets triggered.  All widgets were invalidated
[2025.07.20-22.20.05:648][724]LogPlayLevel: Display: Shutting down PIE online subsystems
[2025.07.20-22.20.05:653][724]LogSlate: InvalidateAllWidgets triggered.  All widgets were invalidated
[2025.07.20-22.20.05:701][724]LogSlate: Updating window title bar state: overlay mode, drag disabled, window buttons hidden, title bar hidden
[2025.07.20-22.20.05:701][724]LogAudioMixer: FMixerPlatformXAudio2::StopAudioStream() called
[2025.07.20-22.20.05:703][724]LogAudioMixer: FMixerPlatformXAudio2::StopAudioStream() called
[2025.07.20-22.20.05:712][724]LogUObjectHash: Compacting FUObjectHashTables data took   3.84ms
[2025.07.20-22.20.05:911][725]LogPlayLevel: Display: Destroying online subsystem :Context_49
[2025.07.20-22.20.13:079][945]LogSavePackage: Moving '../../../../../UTN-e-learning/Unreal-Engine/Unreal-Projects/TP_PreEntrega/Saved/EnemyCharacter3F9352294E5BBBD266C4198C8CD0FAE5.tmp' to '../../../../../UTN-e-learning/Unreal-Engine/Unreal-Projects/TP_PreEntrega/Content/ThirdPersonBP/Blueprints/blueprints/EnemyCharacter.uasset'
[2025.07.20-22.20.13:123][945]AssetCheck: New page: Asset Save: EnemyCharacter
[2025.07.20-22.20.13:123][945]LogContentValidation: Display: Validating Blueprint /Game/ThirdPersonBP/Blueprints/blueprints/EnemyCharacter.EnemyCharacter
[2025.07.20-22.20.14:316][984]LogSlate: Window 'Message Log' being destroyed
[2025.07.20-22.20.14:369][984]LogSlate: Window 'Message Log' being destroyed
[2025.07.20-22.20.15:141][  9]LogTemp: Repeating last play command: Selected Viewport
[2025.07.20-22.20.15:189][  9]BlueprintLog: New page: Pre-Play auto-recompile
[2025.07.20-22.20.15:190][  9]LogPlayLevel: [PlayLevel] Compiling EnemyCharacter before play...
[2025.07.20-22.20.15:371][  9]LogUObjectHash: Compacting FUObjectHashTables data took   7.63ms
[2025.07.20-22.20.15:373][  9]LogPlayLevel: PlayLevel: Blueprint regeneration took 184 ms (1 blueprints)
[2025.07.20-22.20.15:373][  9]PIE: New page: PIE session: ThirdPersonExampleMap (Jul 20, 2025, 4:20:15 PM)
[2025.07.20-22.20.15:373][  9]LogPlayLevel: Creating play world package: /Game/ThirdPersonBP/Maps/UEDPIE_0_ThirdPersonExampleMap
[2025.07.20-22.20.15:407][  9]LogPlayLevel: PIE: StaticDuplicateObject took: (0.032983s)
[2025.07.20-22.20.15:408][  9]LogAIModule: Creating AISystem for world ThirdPersonExampleMap
[2025.07.20-22.20.15:409][  9]LogPlayLevel: PIE: World Init took: (0.001749s)
[2025.07.20-22.20.15:409][  9]LogPlayLevel: PIE: Created PIE world by copying editor world from /Game/ThirdPersonBP/Maps/ThirdPersonExampleMap.ThirdPersonExampleMap to /Game/ThirdPersonBP/Maps/UEDPIE_0_ThirdPersonExampleMap.ThirdPersonExampleMap (0.034995s)
[2025.07.20-22.20.15:479][  9]LogUObjectHash: Compacting FUObjectHashTables data took   5.87ms
[2025.07.20-22.20.15:480][  9]LogAudio: Display: Creating Audio Device:                 Id: 11, Scope: Unique, Realtime: True
[2025.07.20-22.20.15:480][  9]LogAudioMixer: Display: Audio Mixer Platform Settings:
[2025.07.20-22.20.15:480][  9]LogAudioMixer: Display: 	Sample Rate:						  48000
[2025.07.20-22.20.15:480][  9]LogAudioMixer: Display: 	Callback Buffer Frame Size Requested: 1024
[2025.07.20-22.20.15:480][  9]LogAudioMixer: Display: 	Callback Buffer Frame Size To Use:	  1024
[2025.07.20-22.20.15:480][  9]LogAudioMixer: Display: 	Number of buffers to queue:			  2
[2025.07.20-22.20.15:480][  9]LogAudioMixer: Display: 	Max Channels (voices):				  32
[2025.07.20-22.20.15:480][  9]LogAudioMixer: Display: 	Number of Async Source Workers:		  0
[2025.07.20-22.20.15:480][  9]LogAudio: Display: AudioDevice MaxSources: 32
[2025.07.20-22.20.15:481][  9]LogAudio: Display: Audio Spatialization Plugin: None (built-in).
[2025.07.20-22.20.15:481][  9]LogAudio: Display: Audio Reverb Plugin: None (built-in).
[2025.07.20-22.20.15:481][  9]LogAudio: Display: Audio Occlusion Plugin: None (built-in).
[2025.07.20-22.20.15:481][  9]LogAudioMixer: Display: Initializing audio mixer.
[2025.07.20-22.20.15:489][  9]LogAudioMixer: Display: 0: FrontLeft
[2025.07.20-22.20.15:489][  9]LogAudioMixer: Display: 1: FrontRight
[2025.07.20-22.20.15:515][  9]LogAudioMixer: Display: Using Audio Device Headphones (SOUNDPEATS Opera05)
[2025.07.20-22.20.15:516][  9]LogAudioMixer: Display: Initializing Sound Submixes...
[2025.07.20-22.20.15:516][  9]LogAudioMixer: Display: Creating Master Submix 'MasterSubmixDefault'
[2025.07.20-22.20.15:516][  9]LogAudioMixer: Display: Creating Master Submix 'MasterReverbSubmixDefault'
[2025.07.20-22.20.15:516][  9]LogAudioMixer: Display: Creating Master Submix 'MasterEQSubmixDefault'
[2025.07.20-22.20.15:516][  9]LogAudioMixer: FMixerPlatformXAudio2::StartAudioStream() called
[2025.07.20-22.20.15:516][  9]LogAudioMixer: Display: Output buffers initialized: Frames=1024, Channels=2, Samples=2048
[2025.07.20-22.20.15:518][  9]LogAudioMixer: Display: Starting AudioMixerPlatformInterface::RunInternal()
[2025.07.20-22.20.15:518][  9]LogAudioMixer: Display: FMixerPlatformXAudio2::SubmitBuffer() called for the first time
[2025.07.20-22.20.15:518][  9]LogInit: FAudioDevice initialized.
[2025.07.20-22.20.15:518][  9]LogAudio: Display: Audio Device (ID: 11) registered with world 'ThirdPersonExampleMap'.
[2025.07.20-22.20.15:528][  9]LogLoad: Game class is 'ReglasJuego_C'
[2025.07.20-22.20.15:538][  9]LogWorld: Bringing World /Game/ThirdPersonBP/Maps/UEDPIE_0_ThirdPersonExampleMap.ThirdPersonExampleMap up for play (max tick rate 60) at 2025.07.20-19.20.15
[2025.07.20-22.20.15:539][  9]LogWorld: Bringing up level for play took: 0.009935
[2025.07.20-22.20.15:540][  9]LogOnline: OSS: Creating online subsystem instance for: :Context_50
[2025.07.20-22.20.15:542][  9]LogBlueprintUserMessages: [plataforma_2] Buenas buenas!
[2025.07.20-22.20.15:545][  9]PIE: Server logged in
[2025.07.20-22.20.15:546][  9]PIE: Play in editor total start time 0.39 seconds.
[2025.07.20-22.20.19:182][136]LogBlueprintUserMessages: [enemy_bullet_C_0] El peoncito perdio 10 de vida!!!!
[2025.07.20-22.20.19:935][163]LogBlueprintUserMessages: [enemy_bullet_C_2] El peoncito perdio 10 de vida!!!!
[2025.07.20-22.20.20:421][182]LogBlueprintUserMessages: [enemy_bullet_C_4] El peoncito perdio 10 de vida!!!!
[2025.07.20-22.20.33:435][666]LogBlueprintUserMessages: [ReglasJuego_C_0] El puntaje subio!
[2025.07.20-22.20.33:436][666]LogBlueprintUserMessages: [ReglasJuego_C_0] 2
[2025.07.20-22.20.35:273][724]LogBlueprintUserMessages: [ReglasJuego_C_0] El puntaje subio!
[2025.07.20-22.20.35:273][724]LogBlueprintUserMessages: [ReglasJuego_C_0] 4
[2025.07.20-22.20.36:885][782]LogBlueprintUserMessages: [Torreta3_2] algo me ataveso!
[2025.07.20-22.20.37:322][798]LogBlueprintUserMessages: [enemy_bullet_C_44] El peoncito perdio 10 de vida!!!!
[2025.07.20-22.20.38:720][847]LogSlate: Updating window title bar state: overlay mode, drag disabled, window buttons hidden, title bar hidden
[2025.07.20-22.20.38:721][847]LogWorld: BeginTearingDown for /Game/ThirdPersonBP/Maps/UEDPIE_0_ThirdPersonExampleMap
[2025.07.20-22.20.38:721][847]LogWorld: UWorld::CleanupWorld for ThirdPersonExampleMap, bSessionEnded=true, bCleanupResources=true
[2025.07.20-22.20.38:723][847]LogSlate: InvalidateAllWidgets triggered.  All widgets were invalidated
[2025.07.20-22.20.38:734][847]LogPlayLevel: Display: Shutting down PIE online subsystems
[2025.07.20-22.20.38:741][847]LogSlate: InvalidateAllWidgets triggered.  All widgets were invalidated
[2025.07.20-22.20.38:797][847]LogSlate: Updating window title bar state: overlay mode, drag disabled, window buttons hidden, title bar hidden
[2025.07.20-22.20.38:798][847]LogAudioMixer: FMixerPlatformXAudio2::StopAudioStream() called
[2025.07.20-22.20.38:800][847]LogAudioMixer: FMixerPlatformXAudio2::StopAudioStream() called
[2025.07.20-22.20.38:810][847]LogUObjectHash: Compacting FUObjectHashTables data took   4.87ms
[2025.07.20-22.20.38:863][848]LogPlayLevel: Display: Destroying online subsystem :Context_50
[2025.07.20-22.20.47:075][132]LogTemp: Repeating last play command: Selected Viewport
[2025.07.20-22.20.47:137][132]LogPlayLevel: PlayLevel: No blueprints needed recompiling
[2025.07.20-22.20.47:138][132]PIE: New page: PIE session: ThirdPersonExampleMap (Jul 20, 2025, 4:20:47 PM)
[2025.07.20-22.20.47:138][132]LogPlayLevel: Creating play world package: /Game/ThirdPersonBP/Maps/UEDPIE_0_ThirdPersonExampleMap
[2025.07.20-22.20.47:171][132]LogPlayLevel: PIE: StaticDuplicateObject took: (0.033512s)
[2025.07.20-22.20.47:172][132]LogAIModule: Creating AISystem for world ThirdPersonExampleMap
[2025.07.20-22.20.47:173][132]LogPlayLevel: PIE: World Init took: (0.001639s)
[2025.07.20-22.20.47:173][132]LogPlayLevel: PIE: Created PIE world by copying editor world from /Game/ThirdPersonBP/Maps/ThirdPersonExampleMap.ThirdPersonExampleMap to /Game/ThirdPersonBP/Maps/UEDPIE_0_ThirdPersonExampleMap.ThirdPersonExampleMap (0.035408s)
[2025.07.20-22.20.47:241][132]LogUObjectHash: Compacting FUObjectHashTables data took   5.95ms
[2025.07.20-22.20.47:243][132]LogAudio: Display: Creating Audio Device:                 Id: 12, Scope: Unique, Realtime: True
[2025.07.20-22.20.47:244][132]LogAudioMixer: Display: Audio Mixer Platform Settings:
[2025.07.20-22.20.47:244][132]LogAudioMixer: Display: 	Sample Rate:						  48000
[2025.07.20-22.20.47:244][132]LogAudioMixer: Display: 	Callback Buffer Frame Size Requested: 1024
[2025.07.20-22.20.47:244][132]LogAudioMixer: Display: 	Callback Buffer Frame Size To Use:	  1024
[2025.07.20-22.20.47:244][132]LogAudioMixer: Display: 	Number of buffers to queue:			  2
[2025.07.20-22.20.47:244][132]LogAudioMixer: Display: 	Max Channels (voices):				  32
[2025.07.20-22.20.47:244][132]LogAudioMixer: Display: 	Number of Async Source Workers:		  0
[2025.07.20-22.20.47:244][132]LogAudio: Display: AudioDevice MaxSources: 32
[2025.07.20-22.20.47:244][132]LogAudio: Display: Audio Spatialization Plugin: None (built-in).
[2025.07.20-22.20.47:244][132]LogAudio: Display: Audio Reverb Plugin: None (built-in).
[2025.07.20-22.20.47:245][132]LogAudio: Display: Audio Occlusion Plugin: None (built-in).
[2025.07.20-22.20.47:245][132]LogAudioMixer: Display: Initializing audio mixer.
[2025.07.20-22.20.47:252][132]LogAudioMixer: Display: 0: FrontLeft
[2025.07.20-22.20.47:252][132]LogAudioMixer: Display: 1: FrontRight
[2025.07.20-22.20.47:278][132]LogAudioMixer: Display: Using Audio Device Headphones (SOUNDPEATS Opera05)
[2025.07.20-22.20.47:278][132]LogAudioMixer: Display: Initializing Sound Submixes...
[2025.07.20-22.20.47:278][132]LogAudioMixer: Display: Creating Master Submix 'MasterSubmixDefault'
[2025.07.20-22.20.47:279][132]LogAudioMixer: Display: Creating Master Submix 'MasterReverbSubmixDefault'
[2025.07.20-22.20.47:279][132]LogAudioMixer: Display: Creating Master Submix 'MasterEQSubmixDefault'
[2025.07.20-22.20.47:279][132]LogAudioMixer: FMixerPlatformXAudio2::StartAudioStream() called
[2025.07.20-22.20.47:279][132]LogAudioMixer: Display: Output buffers initialized: Frames=1024, Channels=2, Samples=2048
[2025.07.20-22.20.47:282][132]LogAudioMixer: Display: Starting AudioMixerPlatformInterface::RunInternal()
[2025.07.20-22.20.47:282][132]LogAudioMixer: Display: FMixerPlatformXAudio2::SubmitBuffer() called for the first time
[2025.07.20-22.20.47:282][132]LogInit: FAudioDevice initialized.
[2025.07.20-22.20.47:282][132]LogAudio: Display: Audio Device (ID: 12) registered with world 'ThirdPersonExampleMap'.
[2025.07.20-22.20.47:291][132]LogLoad: Game class is 'ReglasJuego_C'
[2025.07.20-22.20.47:303][132]LogWorld: Bringing World /Game/ThirdPersonBP/Maps/UEDPIE_0_ThirdPersonExampleMap.ThirdPersonExampleMap up for play (max tick rate 60) at 2025.07.20-19.20.47
[2025.07.20-22.20.47:304][132]LogWorld: Bringing up level for play took: 0.010532
[2025.07.20-22.20.47:304][132]LogOnline: OSS: Creating online subsystem instance for: :Context_51
[2025.07.20-22.20.47:308][132]LogBlueprintUserMessages: [plataforma_2] Buenas buenas!
[2025.07.20-22.20.47:310][132]PIE: Server logged in
[2025.07.20-22.20.47:312][132]PIE: Play in editor total start time 0.213 seconds.
[2025.07.20-22.20.51:812][287]LogBlueprintUserMessages: [enemy_bullet_C_7] El peoncito perdio 10 de vida!!!!
[2025.07.20-22.20.52:784][323]LogBlueprintUserMessages: [enemy_bullet_C_9] El peoncito perdio 10 de vida!!!!
[2025.07.20-22.20.55:405][415]LogBlueprintUserMessages: [Balaza_C_5] Le reste 20 al peoncito
[2025.07.20-22.20.57:547][496]LogBlueprintUserMessages: [enemy_bullet_C_21] El peoncito perdio 10 de vida!!!!
[2025.07.20-22.21.04:360][765]LogBlueprintUserMessages: [enemy_bullet_C_32] El peoncito perdio 10 de vida!!!!
[2025.07.20-22.21.14:891][176]LogSlate: Updating window title bar state: overlay mode, drag disabled, window buttons hidden, title bar hidden
[2025.07.20-22.21.14:891][176]LogWorld: BeginTearingDown for /Game/ThirdPersonBP/Maps/UEDPIE_0_ThirdPersonExampleMap
[2025.07.20-22.21.14:892][176]LogWorld: UWorld::CleanupWorld for ThirdPersonExampleMap, bSessionEnded=true, bCleanupResources=true
[2025.07.20-22.21.14:894][176]LogSlate: InvalidateAllWidgets triggered.  All widgets were invalidated
[2025.07.20-22.21.14:909][176]LogPlayLevel: Display: Shutting down PIE online subsystems
[2025.07.20-22.21.14:918][176]LogSlate: InvalidateAllWidgets triggered.  All widgets were invalidated
[2025.07.20-22.21.15:002][176]LogSlate: Updating window title bar state: overlay mode, drag disabled, window buttons hidden, title bar hidden
[2025.07.20-22.21.15:002][176]LogAudioMixer: FMixerPlatformXAudio2::StopAudioStream() called
[2025.07.20-22.21.15:006][176]LogAudioMixer: FMixerPlatformXAudio2::StopAudioStream() called
[2025.07.20-22.21.15:025][176]LogUObjectHash: Compacting FUObjectHashTables data took   9.11ms
[2025.07.20-22.21.15:094][177]LogPlayLevel: Display: Destroying online subsystem :Context_51
[2025.07.20-22.21.28:339][548]LogMaterial: Display: Missing cached shadermap for Lowpoly_rockWall2Mat in PCD3D_SM5, Default, SM5 (DDC key hash: F655DF66B1DB43DA7D9B8C0648C83FE92093D38D), compiling. 
[2025.07.20-22.21.28:389][548]LogShaderCompilers: Display: Submitted 25 shader compile jobs with 'Low' priority
[2025.07.20-22.21.28:392][548]LogMaterial: Display: Material /Game/ThirdPersonBP/Blueprints/blueprints/Textures/Lowpoly_rockWall2Mat.Lowpoly_rockWall2Mat needed to have new flag set bUsedWithSkeletalMesh !
[2025.07.20-22.21.28:395][548]LogMaterial: Display: Missing cached shadermap for Lowpoly_rockWall2Mat in PCD3D_SM5, Default, SM5 (DDC key hash: 0E53A6DDDE2FC99E2C1B1E85D1492442DC3ED7D3), compiling. 
[2025.07.20-22.21.28:492][548]LogShaderCompilers: Display: Submitted 41 shader compile jobs with 'Low' priority
[2025.07.20-22.21.28:493][548]LogShaderCompilers: Display: Worker (1/5): shaders left to compile 41
[2025.07.20-22.21.28:493][548]LogShaderCompilers: Display: Worker (2/5): shaders left to compile 31
[2025.07.20-22.21.28:493][548]LogShaderCompilers: Display: Worker (3/5): shaders left to compile 21
[2025.07.20-22.21.28:493][548]LogShaderCompilers: Display: Worker (4/5): shaders left to compile 11
[2025.07.20-22.21.28:493][548]LogShaderCompilers: Display: Started 40 'Local' shader compile jobs with 'Low' priority
[2025.07.20-22.21.38:822][667]LogMaterial: Display: Missing cached shadermap for M_Rock_Basalt in PCD3D_SM5, Default, SM5 (DDC key hash: 74ECE68C9B228E43A85E12147565EAFF922BEE02), compiling. 
[2025.07.20-22.21.38:984][667]LogShaderCompilers: Display: Submitted 25 shader compile jobs with 'Low' priority
[2025.07.20-22.21.38:997][667]LogMaterial: Display: Material /Game/StarterContent/Materials/M_Rock_Basalt.M_Rock_Basalt needed to have new flag set bUsedWithSkeletalMesh !
[2025.07.20-22.21.39:002][667]LogMaterial: Display: Missing cached shadermap for M_Rock_Basalt in PCD3D_SM5, Default, SM5 (DDC key hash: 43A7ABD4079360068D69CD8F120DBF5B69B36877), compiling. 
[2025.07.20-22.21.39:180][667]LogShaderCompilers: Display: Submitted 41 shader compile jobs with 'Low' priority
[2025.07.20-22.21.48:028][782]LogShaderCompilers: Display: Worker (4/5): shaders left to compile 7
[2025.07.20-22.21.48:028][782]LogShaderCompilers: Display: Started 2 'Local' shader compile jobs with 'ForceLocal' priority
[2025.07.20-22.21.48:028][782]LogShaderCompilers: Display: === FShaderJobCache stats ===
[2025.07.20-22.21.48:028][782]LogShaderCompilers: Display: Total job queries 452, among them cache hits 94 (20.80%)
[2025.07.20-22.21.48:029][782]LogShaderCompilers: Display: Tracking 172 distinct input hashes that result in 77 distinct outputs (44.77%)
[2025.07.20-22.21.48:029][782]LogShaderCompilers: Display: RAM used: 0.50 MB (0.00 GB) of 1638.40 MB (1.60 GB) budget. Usage: 0.03%
[2025.07.20-22.21.48:029][782]LogShaderCompilers: Display: ================================================
[2025.07.20-22.21.48:601][789]LogShaderCompilers: Display: Worker (3/5): shaders left to compile 5
[2025.07.20-22.21.48:601][789]LogShaderCompilers: Display: Started 2 'Local' shader compile jobs with 'ForceLocal' priority
[2025.07.20-22.21.48:936][793]LogShaderCompilers: Display: Worker (1/5): shaders left to compile 3
[2025.07.20-22.21.48:936][793]LogShaderCompilers: Display: Started 1 'Local' shader compile jobs with 'ForceLocal' priority
[2025.07.20-22.21.51:667][839]LogShaderCompilers: Display: Worker (1/5): shaders left to compile 2
[2025.07.20-22.21.51:667][839]LogShaderCompilers: Display: Started 1 'Local' shader compile jobs with 'ForceLocal' priority
[2025.07.20-22.21.51:858][842]LogShaderCompilers: Display: Worker (4/5): shaders left to compile 1
[2025.07.20-22.21.51:858][842]LogShaderCompilers: Display: Started 1 'Local' shader compile jobs with 'ForceLocal' priority
[2025.07.20-22.21.52:914][859]LogShaderCompilers: Display: Worker (3/5): shaders left to compile 35
[2025.07.20-22.21.52:914][859]LogShaderCompilers: Display: Started 9 'Local' shader compile jobs with 'Normal' priority
[2025.07.20-22.21.53:308][864]LogShaderCompilers: Display: Worker (2/5): shaders left to compile 26
[2025.07.20-22.21.53:308][864]LogShaderCompilers: Display: Started 7 'Local' shader compile jobs with 'Normal' priority
[2025.07.20-22.21.53:465][866]LogShaderCompilers: Display: Worker (1/5): shaders left to compile 19
[2025.07.20-22.21.53:465][866]LogShaderCompilers: Display: Started 5 'Local' shader compile jobs with 'Normal' priority
[2025.07.20-22.21.54:343][882]LogShaderCompilers: Display: Worker (4/5): shaders left to compile 14
[2025.07.20-22.21.54:343][882]LogShaderCompilers: Display: Started 4 'Local' shader compile jobs with 'Normal' priority
[2025.07.20-22.22.01:734][  7]LogShaderCompilers: Display: Worker (4/5): shaders left to compile 10
[2025.07.20-22.22.01:734][  7]LogShaderCompilers: Display: Started 3 'Local' shader compile jobs with 'Normal' priority
[2025.07.20-22.22.07:269][107]LogShaderCompilers: Display: Worker (1/5): shaders left to compile 7
[2025.07.20-22.22.07:269][107]LogShaderCompilers: Display: Started 2 'Local' shader compile jobs with 'Normal' priority
[2025.07.20-22.22.08:258][124]LogShaderCompilers: Display: Worker (4/5): shaders left to compile 5
[2025.07.20-22.22.08:258][124]LogShaderCompilers: Display: Started 2 'Local' shader compile jobs with 'Normal' priority
[2025.07.20-22.22.10:879][169]LogShaderCompilers: Display: Worker (1/5): shaders left to compile 3
[2025.07.20-22.22.10:880][169]LogShaderCompilers: Display: Started 1 'Local' shader compile jobs with 'Normal' priority
[2025.07.20-22.22.11:038][172]LogShaderCompilers: Display: Worker (3/5): shaders left to compile 2
[2025.07.20-22.22.11:038][172]LogShaderCompilers: Display: Started 1 'Local' shader compile jobs with 'Normal' priority
[2025.07.20-22.22.11:180][174]LogShaderCompilers: Display: Worker (2/5): shaders left to compile 1
[2025.07.20-22.22.11:180][174]LogShaderCompilers: Display: Started 1 'Local' shader compile jobs with 'Normal' priority
[2025.07.20-22.22.13:824][228]LogSavePackage: Moving '../../../../../UTN-e-learning/Unreal-Engine/Unreal-Projects/TP_PreEntrega/Saved/EnemyCharacter07D3310E41B91C2987663E883914D213.tmp' to '../../../../../UTN-e-learning/Unreal-Engine/Unreal-Projects/TP_PreEntrega/Content/ThirdPersonBP/Blueprints/blueprints/EnemyCharacter.uasset'
[2025.07.20-22.22.13:861][228]AssetCheck: New page: Asset Save: EnemyCharacter
[2025.07.20-22.22.13:861][228]LogContentValidation: Display: Validating Blueprint /Game/ThirdPersonBP/Blueprints/blueprints/EnemyCharacter.EnemyCharacter
[2025.07.20-22.22.36:694][ 35]LogUObjectHash: Compacting FUObjectHashTables data took   4.75ms
[2025.07.20-22.22.36:785][ 35]LogSavePackage: Moving '../../../../../UTN-e-learning/Unreal-Engine/Unreal-Projects/TP_PreEntrega/Saved/ThirdPersonExampleMap_Auto3531A90BA40816F48DEFAE1B0DA6E745F.tmp' to '../../../../../UTN-e-learning/Unreal-Engine/Unreal-Projects/TP_PreEntrega/Saved/Autosaves/Game/ThirdPersonBP/Maps/ThirdPersonExampleMap_Auto3.umap'
[2025.07.20-22.22.36:788][ 35]LogFileHelpers: Editor autosave (incl. external actors) for '/Game/ThirdPersonBP/Maps/ThirdPersonExampleMap' took 0.156
[2025.07.20-22.22.36:788][ 35]LogFileHelpers: Editor autosave (incl. sublevels & external actors) for all levels took 0.156
[2025.07.20-22.22.36:788][ 35]OBJ SavePackage: Generating thumbnails for [1] asset(s) in package [/Game/ThirdPersonBP/Blueprints/blueprints/Textures/lambert2] ([1] browsable assets)...
[2025.07.20-22.22.36:801][ 35]OBJ SavePackage:     Rendered thumbnail for [Material /Game/ThirdPersonBP/Blueprints/blueprints/Textures/lambert2.lambert2]
[2025.07.20-22.22.36:801][ 35]OBJ SavePackage: Finished generating thumbnails for package [/Game/ThirdPersonBP/Blueprints/blueprints/Textures/lambert2]
[2025.07.20-22.22.36:810][ 35]LogSavePackage: Moving '../../../../../UTN-e-learning/Unreal-Engine/Unreal-Projects/TP_PreEntrega/Saved/lambert2_Auto321CCFC844E66701B1CBEFF9B1ACA96AA.tmp' to '../../../../../UTN-e-learning/Unreal-Engine/Unreal-Projects/TP_PreEntrega/Saved/Autosaves/Game/ThirdPersonBP/Blueprints/blueprints/Textures/lambert2_Auto3.uasset'
[2025.07.20-22.22.36:811][ 35]OBJ SavePackage: Generating thumbnails for [1] asset(s) in package [/Game/ThirdPersonBP/Blueprints/blueprints/Textures/lambert3] ([1] browsable assets)...
[2025.07.20-22.22.36:827][ 35]OBJ SavePackage:     Rendered thumbnail for [Material /Game/ThirdPersonBP/Blueprints/blueprints/Textures/lambert3.lambert3]
[2025.07.20-22.22.36:827][ 35]OBJ SavePackage: Finished generating thumbnails for package [/Game/ThirdPersonBP/Blueprints/blueprints/Textures/lambert3]
[2025.07.20-22.22.36:848][ 35]LogSavePackage: Moving '../../../../../UTN-e-learning/Unreal-Engine/Unreal-Projects/TP_PreEntrega/Saved/lambert3_Auto3E73AF1904F0457ABB4A073A702111E7A.tmp' to '../../../../../UTN-e-learning/Unreal-Engine/Unreal-Projects/TP_PreEntrega/Saved/Autosaves/Game/ThirdPersonBP/Blueprints/blueprints/Textures/lambert3_Auto3.uasset'
[2025.07.20-22.22.36:850][ 35]OBJ SavePackage: Generating thumbnails for [1] asset(s) in package [/Game/ThirdPersonBP/Blueprints/blueprints/Textures/lambert2SG] ([1] browsable assets)...
[2025.07.20-22.22.36:869][ 35]OBJ SavePackage:     Rendered thumbnail for [Material /Game/ThirdPersonBP/Blueprints/blueprints/Textures/lambert2SG.lambert2SG]
[2025.07.20-22.22.36:870][ 35]OBJ SavePackage: Finished generating thumbnails for package [/Game/ThirdPersonBP/Blueprints/blueprints/Textures/lambert2SG]
[2025.07.20-22.22.36:882][ 35]LogSavePackage: Moving '../../../../../UTN-e-learning/Unreal-Engine/Unreal-Projects/TP_PreEntrega/Saved/lambert2SG_Auto3FABF7C3141CDC8A9B5949998891E2AE0.tmp' to '../../../../../UTN-e-learning/Unreal-Engine/Unreal-Projects/TP_PreEntrega/Saved/Autosaves/Game/ThirdPersonBP/Blueprints/blueprints/Textures/lambert2SG_Auto3.uasset'
[2025.07.20-22.22.36:884][ 35]OBJ SavePackage: Generating thumbnails for [1] asset(s) in package [/Game/ThirdPersonBP/Blueprints/blueprints/Textures/golem/GolemTexture] ([1] browsable assets)...
[2025.07.20-22.22.36:893][ 35]OBJ SavePackage:     Rendered thumbnail for [Texture2D /Game/ThirdPersonBP/Blueprints/blueprints/Textures/golem/GolemTexture.GolemTexture]
[2025.07.20-22.22.36:893][ 35]OBJ SavePackage: Finished generating thumbnails for package [/Game/ThirdPersonBP/Blueprints/blueprints/Textures/golem/GolemTexture]
[2025.07.20-22.22.36:999][ 35]LogSavePackage: Moving '../../../../../UTN-e-learning/Unreal-Engine/Unreal-Projects/TP_PreEntrega/Saved/GolemTexture_Auto31C2AF09C46C81283E03109AB31062A70.tmp' to '../../../../../UTN-e-learning/Unreal-Engine/Unreal-Projects/TP_PreEntrega/Saved/Autosaves/Game/ThirdPersonBP/Blueprints/blueprints/Textures/golem/GolemTexture_Auto3.uasset'
[2025.07.20-22.22.37:000][ 35]OBJ SavePackage: Generating thumbnails for [1] asset(s) in package [/Game/ThirdPersonBP/Blueprints/blueprints/Textures/golem/StoneGolem_anim_fbx] ([1] browsable assets)...
[2025.07.20-22.22.37:015][ 35]OBJ SavePackage:     Rendered thumbnail for [SkeletalMesh /Game/ThirdPersonBP/Blueprints/blueprints/Textures/golem/StoneGolem_anim_fbx.StoneGolem_anim_fbx]
[2025.07.20-22.22.37:015][ 35]OBJ SavePackage: Finished generating thumbnails for package [/Game/ThirdPersonBP/Blueprints/blueprints/Textures/golem/StoneGolem_anim_fbx]
[2025.07.20-22.22.37:045][ 35]LogSavePackage: Moving '../../../../../UTN-e-learning/Unreal-Engine/Unreal-Projects/TP_PreEntrega/Saved/StoneGolem_anim_fbx_Auto3FE8F81374965CEF88F42E8A58F36F49D.tmp' to '../../../../../UTN-e-learning/Unreal-Engine/Unreal-Projects/TP_PreEntrega/Saved/Autosaves/Game/ThirdPersonBP/Blueprints/blueprints/Textures/golem/StoneGolem_anim_fbx_Auto3.uasset'
[2025.07.20-22.22.37:046][ 35]OBJ SavePackage: Generating thumbnails for [0] asset(s) in package [/Game/ThirdPersonBP/Blueprints/blueprints/Textures/golem/StoneGolem_anim_fbx_Skeleton] ([1] browsable assets)...
[2025.07.20-22.22.37:046][ 35]OBJ SavePackage: Finished generating thumbnails for package [/Game/ThirdPersonBP/Blueprints/blueprints/Textures/golem/StoneGolem_anim_fbx_Skeleton]
[2025.07.20-22.22.37:050][ 35]LogSavePackage: Moving '../../../../../UTN-e-learning/Unreal-Engine/Unreal-Projects/TP_PreEntrega/Saved/StoneGolem_anim_fbx_Skeleton_Aut8657520B4C0AD1493A00A88B7EDBA666.tmp' to '../../../../../UTN-e-learning/Unreal-Engine/Unreal-Projects/TP_PreEntrega/Saved/Autosaves/Game/ThirdPersonBP/Blueprints/blueprints/Textures/golem/StoneGolem_anim_fbx_Skeleton_Auto3.uasset'
[2025.07.20-22.22.37:051][ 35]OBJ SavePackage: Generating thumbnails for [1] asset(s) in package [/Game/ThirdPersonBP/Blueprints/blueprints/Textures/golem/StoneGolem_anim_fbx_PhysicsAsset] ([1] browsable assets)...
[2025.07.20-22.22.37:068][ 35]OBJ SavePackage:     Rendered thumbnail for [PhysicsAsset /Game/ThirdPersonBP/Blueprints/blueprints/Textures/golem/StoneGolem_anim_fbx_PhysicsAsset.StoneGolem_anim_fbx_PhysicsAsset]
[2025.07.20-22.22.37:068][ 35]OBJ SavePackage: Finished generating thumbnails for package [/Game/ThirdPersonBP/Blueprints/blueprints/Textures/golem/StoneGolem_anim_fbx_PhysicsAsset]
[2025.07.20-22.22.37:077][ 35]LogSavePackage: Moving '../../../../../UTN-e-learning/Unreal-Engine/Unreal-Projects/TP_PreEntrega/Saved/StoneGolem_anim_fbx_PhysicsAssetA0EDC35D40D895C4293C7F89F42B543C.tmp' to '../../../../../UTN-e-learning/Unreal-Engine/Unreal-Projects/TP_PreEntrega/Saved/Autosaves/Game/ThirdPersonBP/Blueprints/blueprints/Textures/golem/StoneGolem_anim_fbx_PhysicsAsset_Auto3.uasset'
[2025.07.20-22.22.37:079][ 35]OBJ SavePackage: Generating thumbnails for [1] asset(s) in package [/Game/ThirdPersonBP/Blueprints/blueprints/Textures/golem/StoneGolem_anim_obj] ([1] browsable assets)...
[2025.07.20-22.22.37:096][ 35]OBJ SavePackage:     Rendered thumbnail for [StaticMesh /Game/ThirdPersonBP/Blueprints/blueprints/Textures/golem/StoneGolem_anim_obj.StoneGolem_anim_obj]
[2025.07.20-22.22.37:096][ 35]OBJ SavePackage: Finished generating thumbnails for package [/Game/ThirdPersonBP/Blueprints/blueprints/Textures/golem/StoneGolem_anim_obj]
[2025.07.20-22.22.37:126][ 35]LogSavePackage: Moving '../../../../../UTN-e-learning/Unreal-Engine/Unreal-Projects/TP_PreEntrega/Saved/StoneGolem_anim_obj_Auto30B912553418F168DFBB48B8693C6FCA7.tmp' to '../../../../../UTN-e-learning/Unreal-Engine/Unreal-Projects/TP_PreEntrega/Saved/Autosaves/Game/ThirdPersonBP/Blueprints/blueprints/Textures/golem/StoneGolem_anim_obj_Auto3.uasset'
[2025.07.20-22.22.37:128][ 35]OBJ SavePackage: Generating thumbnails for [1] asset(s) in package [/Game/ThirdPersonBP/Blueprints/blueprints/Textures/Lowpoly_rockWall2Mat] ([1] browsable assets)...
[2025.07.20-22.22.37:144][ 35]OBJ SavePackage:     Rendered thumbnail for [Material /Game/ThirdPersonBP/Blueprints/blueprints/Textures/Lowpoly_rockWall2Mat.Lowpoly_rockWall2Mat]
[2025.07.20-22.22.37:144][ 35]OBJ SavePackage: Finished generating thumbnails for package [/Game/ThirdPersonBP/Blueprints/blueprints/Textures/Lowpoly_rockWall2Mat]
[2025.07.20-22.22.37:153][ 35]LogSavePackage: Moving '../../../../../UTN-e-learning/Unreal-Engine/Unreal-Projects/TP_PreEntrega/Saved/Lowpoly_rockWall2Mat_Auto342092EB24CD08ABD8FA22E899F3E1C3A.tmp' to '../../../../../UTN-e-learning/Unreal-Engine/Unreal-Projects/TP_PreEntrega/Saved/Autosaves/Game/ThirdPersonBP/Blueprints/blueprints/Textures/Lowpoly_rockWall2Mat_Auto3.uasset'
[2025.07.20-22.22.37:155][ 35]OBJ SavePackage: Generating thumbnails for [1] asset(s) in package [/Game/StarterContent/Materials/M_Rock_Basalt] ([1] browsable assets)...
[2025.07.20-22.22.37:170][ 35]OBJ SavePackage:     Rendered thumbnail for [Material /Game/StarterContent/Materials/M_Rock_Basalt.M_Rock_Basalt]
[2025.07.20-22.22.37:170][ 35]OBJ SavePackage: Finished generating thumbnails for package [/Game/StarterContent/Materials/M_Rock_Basalt]
[2025.07.20-22.22.37:193][ 35]LogSavePackage: Moving '../../../../../UTN-e-learning/Unreal-Engine/Unreal-Projects/TP_PreEntrega/Saved/M_Rock_Basalt_Auto3F300C19C48A79B84A48D218A45F77178.tmp' to '../../../../../UTN-e-learning/Unreal-Engine/Unreal-Projects/TP_PreEntrega/Saved/Autosaves/Game/StarterContent/Materials/M_Rock_Basalt_Auto3.uasset'
[2025.07.20-22.22.37:194][ 35]LogFileHelpers: Auto-saving content packages took 0.406
[2025.07.20-22.22.39:608][120]LogTemp: Repeating last play command: Selected Viewport
[2025.07.20-22.22.39:654][120]LogPlayLevel: PlayLevel: No blueprints needed recompiling
[2025.07.20-22.22.39:654][120]PIE: New page: PIE session: ThirdPersonExampleMap (Jul 20, 2025, 4:22:39 PM)
[2025.07.20-22.22.39:654][120]LogPlayLevel: Creating play world package: /Game/ThirdPersonBP/Maps/UEDPIE_0_ThirdPersonExampleMap
[2025.07.20-22.22.39:700][120]LogPlayLevel: PIE: StaticDuplicateObject took: (0.045992s)
[2025.07.20-22.22.39:703][120]LogAIModule: Creating AISystem for world ThirdPersonExampleMap
[2025.07.20-22.22.39:703][120]LogPlayLevel: PIE: World Init took: (0.003762s)
[2025.07.20-22.22.39:704][120]LogPlayLevel: PIE: Created PIE world by copying editor world from /Game/ThirdPersonBP/Maps/ThirdPersonExampleMap.ThirdPersonExampleMap to /Game/ThirdPersonBP/Maps/UEDPIE_0_ThirdPersonExampleMap.ThirdPersonExampleMap (0.050199s)
[2025.07.20-22.22.39:790][120]LogUObjectHash: Compacting FUObjectHashTables data took   5.87ms
[2025.07.20-22.22.39:792][120]LogAudio: Display: Creating Audio Device:                 Id: 13, Scope: Unique, Realtime: True
[2025.07.20-22.22.39:792][120]LogAudioMixer: Display: Audio Mixer Platform Settings:
[2025.07.20-22.22.39:792][120]LogAudioMixer: Display: 	Sample Rate:						  48000
[2025.07.20-22.22.39:792][120]LogAudioMixer: Display: 	Callback Buffer Frame Size Requested: 1024
[2025.07.20-22.22.39:792][120]LogAudioMixer: Display: 	Callback Buffer Frame Size To Use:	  1024
[2025.07.20-22.22.39:792][120]LogAudioMixer: Display: 	Number of buffers to queue:			  2
[2025.07.20-22.22.39:792][120]LogAudioMixer: Display: 	Max Channels (voices):				  32
[2025.07.20-22.22.39:792][120]LogAudioMixer: Display: 	Number of Async Source Workers:		  0
[2025.07.20-22.22.39:792][120]LogAudio: Display: AudioDevice MaxSources: 32
[2025.07.20-22.22.39:793][120]LogAudio: Display: Audio Spatialization Plugin: None (built-in).
[2025.07.20-22.22.39:793][120]LogAudio: Display: Audio Reverb Plugin: None (built-in).
[2025.07.20-22.22.39:793][120]LogAudio: Display: Audio Occlusion Plugin: None (built-in).
[2025.07.20-22.22.39:793][120]LogAudioMixer: Display: Initializing audio mixer.
[2025.07.20-22.22.39:802][120]LogAudioMixer: Display: 0: FrontLeft
[2025.07.20-22.22.39:802][120]LogAudioMixer: Display: 1: FrontRight
[2025.07.20-22.22.39:831][120]LogAudioMixer: Display: Using Audio Device Headphones (SOUNDPEATS Opera05)
[2025.07.20-22.22.39:831][120]LogAudioMixer: Display: Initializing Sound Submixes...
[2025.07.20-22.22.39:831][120]LogAudioMixer: Display: Creating Master Submix 'MasterSubmixDefault'
[2025.07.20-22.22.39:831][120]LogAudioMixer: Display: Creating Master Submix 'MasterReverbSubmixDefault'
[2025.07.20-22.22.39:832][120]LogAudioMixer: Display: Creating Master Submix 'MasterEQSubmixDefault'
[2025.07.20-22.22.39:832][120]LogAudioMixer: FMixerPlatformXAudio2::StartAudioStream() called
[2025.07.20-22.22.39:832][120]LogAudioMixer: Display: Output buffers initialized: Frames=1024, Channels=2, Samples=2048
[2025.07.20-22.22.39:834][120]LogAudioMixer: Display: Starting AudioMixerPlatformInterface::RunInternal()
[2025.07.20-22.22.39:834][120]LogAudioMixer: Display: FMixerPlatformXAudio2::SubmitBuffer() called for the first time
[2025.07.20-22.22.39:834][120]LogInit: FAudioDevice initialized.
[2025.07.20-22.22.39:834][120]LogAudio: Display: Audio Device (ID: 13) registered with world 'ThirdPersonExampleMap'.
[2025.07.20-22.22.39:849][120]LogLoad: Game class is 'ReglasJuego_C'
[2025.07.20-22.22.39:860][120]LogWorld: Bringing World /Game/ThirdPersonBP/Maps/UEDPIE_0_ThirdPersonExampleMap.ThirdPersonExampleMap up for play (max tick rate 60) at 2025.07.20-19.22.39
[2025.07.20-22.22.39:861][120]LogWorld: Bringing up level for play took: 0.010622
[2025.07.20-22.22.39:861][120]LogOnline: OSS: Creating online subsystem instance for: :Context_52
[2025.07.20-22.22.39:864][120]LogBlueprintUserMessages: [plataforma_2] Buenas buenas!
[2025.07.20-22.22.39:867][120]PIE: Server logged in
[2025.07.20-22.22.39:868][120]PIE: Play in editor total start time 0.243 seconds.
[2025.07.20-22.22.52:663][597]LogBlueprintUserMessages: [enemy_bullet_C_23] El peoncito perdio 10 de vida!!!!
[2025.07.20-22.22.56:265][738]LogBlueprintUserMessages: [ReglasJuego_C_0] El puntaje subio!
[2025.07.20-22.22.56:265][738]LogBlueprintUserMessages: [ReglasJuego_C_0] 2
[2025.07.20-22.23.00:529][911]LogBlueprintUserMessages: [enemy_bullet_C_44] El peoncito perdio 10 de vida!!!!
[2025.07.20-22.23.03:749][ 46]LogBlueprintUserMessages: [enemy_bullet_C_49] El peoncito perdio 10 de vida!!!!
[2025.07.20-22.23.15:421][544]LogBlueprintUserMessages: [ReglasJuego_C_0] El puntaje subio!
[2025.07.20-22.23.15:421][544]LogBlueprintUserMessages: [ReglasJuego_C_0] 4
[2025.07.20-22.23.16:284][583]LogBlueprintUserMessages: [ReglasJuego_C_0] El puntaje subio!
[2025.07.20-22.23.16:284][583]LogBlueprintUserMessages: [ReglasJuego_C_0] 6
[2025.07.20-22.23.20:936][778]LogBlueprintUserMessages: [ReglasJuego_C_0] El puntaje subio!
[2025.07.20-22.23.20:936][778]LogBlueprintUserMessages: [ReglasJuego_C_0] 8
[2025.07.20-22.23.21:834][816]LogBlueprintUserMessages: [ReglasJuego_C_0] El puntaje subio!
[2025.07.20-22.23.21:834][816]LogBlueprintUserMessages: [ReglasJuego_C_0] 10
[2025.07.20-22.23.29:351][149]LogBlueprintUserMessages: [Balaza_C_47] Le reste 20 al peoncito
[2025.07.20-22.23.37:730][522]LogBlueprintUserMessages: [Balaza_C_54] Le reste 20 al peoncito
[2025.07.20-22.23.42:628][738]LogBlueprintUserMessages: [Torreta3_2] algo me ataveso!
[2025.07.20-22.23.43:117][759]LogBlueprintUserMessages: [Torreta2_5] algo me ataveso!
[2025.07.20-22.23.48:506][  9]LogBlueprintUserMessages: [Balaza_C_65] Le reste 20 al peoncito
[2025.07.20-22.23.53:596][242]LogBlueprintUserMessages: [enemy_bullet_C_152] El peoncito perdio 10 de vida!!!!
[2025.07.20-22.23.53:597][242]LogBlueprintUserMessages: [peoncito_2] El peoncito murio
[2025.07.20-22.23.53:597][242]LogBlueprintUserMessages: [ReglasJuego_C_0] Noo, perdiste!
[2025.07.20-22.23.53:607][242]LogScript: Warning: Accessed None trying to read property K2Node_DynamicCast_AsPeoncito
	BarraVIda_C /Engine/Transient.UnrealEdEngine_0:GameInstance_11.BarraVIda_C_0
	Function /Game/ThirdPersonBP/Blueprints/blueprints/BarraVIda.BarraVIda_C:GetText_0:0099
[2025.07.20-22.23.53:607][242]PIE: Error: Blueprint Runtime Error: "Accessed None trying to read property K2Node_DynamicCast_AsPeoncito". Blueprint:  BarraVIda Function:  Get Text 0 Graph:  GetText_0 Node:  Return Node
[2025.07.20-22.23.53:621][243]LogNet: Browse: /Game/ThirdPersonBP/Maps/Perdiste_Level
[2025.07.20-22.23.53:621][243]LogLoad: LoadMap: /Game/ThirdPersonBP/Maps/Perdiste_Level
[2025.07.20-22.23.53:621][243]LogWorld: BeginTearingDown for /Game/ThirdPersonBP/Maps/UEDPIE_0_ThirdPersonExampleMap
[2025.07.20-22.23.53:622][243]LogWorld: UWorld::CleanupWorld for ThirdPersonExampleMap, bSessionEnded=true, bCleanupResources=true
[2025.07.20-22.23.53:624][243]LogSlate: InvalidateAllWidgets triggered.  All widgets were invalidated
[2025.07.20-22.23.53:713][243]LogAudio: Display: Audio Device unregistered from world 'None'.
[2025.07.20-22.23.53:723][243]LogUObjectHash: Compacting FUObjectHashTables data took   6.04ms
[2025.07.20-22.23.53:751][243]LogAudio: Display: Audio Device (ID: 13) registered with world 'Perdiste_Level'.
[2025.07.20-22.23.53:752][243]LogAIModule: Creating AISystem for world Perdiste_Level
[2025.07.20-22.23.53:753][243]LogLoad: Game class is 'ReglasJuego_C'
[2025.07.20-22.23.53:805][243]LogWorld: Bringing World /Game/ThirdPersonBP/Maps/UEDPIE_0_Perdiste_Level.Perdiste_Level up for play (max tick rate 60) at 2025.07.20-19.23.53
[2025.07.20-22.23.53:805][243]LogWorld: Bringing up level for play took: 0.051135
[2025.07.20-22.23.53:805][243]LogGameMode: FindPlayerStart: PATHS NOT DEFINED or NO PLAYERSTART with positive rating
[2025.07.20-22.23.53:808][243]LogBlueprintUserMessages: [plataforma_2] Buenas buenas!
[2025.07.20-22.23.53:809][243]LogLoad: Took 0.187266 seconds to LoadMap(/Game/ThirdPersonBP/Maps/Perdiste_Level)
[2025.07.20-22.23.53:859][243]PIE: Error: Blueprint Runtime Error: "Accessed None trying to read property K2Node_DynamicCast_AsPeoncito". Blueprint:  BarraVIda Function:  Get Text 0 Graph:  GetText_0 Node:  Return Node
[2025.07.20-22.23.53:882][244]PIE: Error: Blueprint Runtime Error: "Accessed None trying to read property K2Node_DynamicCast_AsPeoncito". Blueprint:  BarraVIda Function:  Get Text 0 Graph:  GetText_0 Node:  Return Node
[2025.07.20-22.23.53:903][245]PIE: Error: Blueprint Runtime Error: "Accessed None trying to read property K2Node_DynamicCast_AsPeoncito". Blueprint:  BarraVIda Function:  Get Text 0 Graph:  GetText_0 Node:  Return Node
[2025.07.20-22.23.53:931][246]PIE: Error: Blueprint Runtime Error: "Accessed None trying to read property K2Node_DynamicCast_AsPeoncito". Blueprint:  BarraVIda Function:  Get Text 0 Graph:  GetText_0 Node:  Return Node
[2025.07.20-22.23.53:960][247]PIE: Error: Blueprint Runtime Error: "Accessed None trying to read property K2Node_DynamicCast_AsPeoncito". Blueprint:  BarraVIda Function:  Get Text 0 Graph:  GetText_0 Node:  Return Node
[2025.07.20-22.23.53:992][248]PIE: Error: Blueprint Runtime Error: "Accessed None trying to read property K2Node_DynamicCast_AsPeoncito". Blueprint:  BarraVIda Function:  Get Text 0 Graph:  GetText_0 Node:  Return Node
[2025.07.20-22.23.54:016][249]PIE: Error: Blueprint Runtime Error: "Accessed None trying to read property K2Node_DynamicCast_AsPeoncito". Blueprint:  BarraVIda Function:  Get Text 0 Graph:  GetText_0 Node:  Return Node
[2025.07.20-22.23.54:040][250]PIE: Error: Blueprint Runtime Error: "Accessed None trying to read property K2Node_DynamicCast_AsPeoncito". Blueprint:  BarraVIda Function:  Get Text 0 Graph:  GetText_0 Node:  Return Node
[2025.07.20-22.23.54:061][251]PIE: Error: Blueprint Runtime Error: "Accessed None trying to read property K2Node_DynamicCast_AsPeoncito". Blueprint:  BarraVIda Function:  Get Text 0 Graph:  GetText_0 Node:  Return Node
[2025.07.20-22.23.54:080][252]PIE: Error: Blueprint Runtime Error: "Accessed None trying to read property K2Node_DynamicCast_AsPeoncito". Blueprint:  BarraVIda Function:  Get Text 0 Graph:  GetText_0 Node:  Return Node
[2025.07.20-22.23.54:103][253]PIE: Error: Blueprint Runtime Error: "Accessed None trying to read property K2Node_DynamicCast_AsPeoncito". Blueprint:  BarraVIda Function:  Get Text 0 Graph:  GetText_0 Node:  Return Node
[2025.07.20-22.23.54:127][254]PIE: Error: Blueprint Runtime Error: "Accessed None trying to read property K2Node_DynamicCast_AsPeoncito". Blueprint:  BarraVIda Function:  Get Text 0 Graph:  GetText_0 Node:  Return Node
[2025.07.20-22.23.54:148][255]PIE: Error: Blueprint Runtime Error: "Accessed None trying to read property K2Node_DynamicCast_AsPeoncito". Blueprint:  BarraVIda Function:  Get Text 0 Graph:  GetText_0 Node:  Return Node
[2025.07.20-22.23.54:170][256]PIE: Error: Blueprint Runtime Error: "Accessed None trying to read property K2Node_DynamicCast_AsPeoncito". Blueprint:  BarraVIda Function:  Get Text 0 Graph:  GetText_0 Node:  Return Node
[2025.07.20-22.23.54:191][257]PIE: Error: Blueprint Runtime Error: "Accessed None trying to read property K2Node_DynamicCast_AsPeoncito". Blueprint:  BarraVIda Function:  Get Text 0 Graph:  GetText_0 Node:  Return Node
[2025.07.20-22.23.54:211][258]PIE: Error: Blueprint Runtime Error: "Accessed None trying to read property K2Node_DynamicCast_AsPeoncito". Blueprint:  BarraVIda Function:  Get Text 0 Graph:  GetText_0 Node:  Return Node
[2025.07.20-22.23.54:232][259]PIE: Error: Blueprint Runtime Error: "Accessed None trying to read property K2Node_DynamicCast_AsPeoncito". Blueprint:  BarraVIda Function:  Get Text 0 Graph:  GetText_0 Node:  Return Node
[2025.07.20-22.23.54:256][260]PIE: Error: Blueprint Runtime Error: "Accessed None trying to read property K2Node_DynamicCast_AsPeoncito". Blueprint:  BarraVIda Function:  Get Text 0 Graph:  GetText_0 Node:  Return Node
[2025.07.20-22.23.54:276][261]PIE: Error: Blueprint Runtime Error: "Accessed None trying to read property K2Node_DynamicCast_AsPeoncito". Blueprint:  BarraVIda Function:  Get Text 0 Graph:  GetText_0 Node:  Return Node
[2025.07.20-22.23.54:297][262]PIE: Error: Blueprint Runtime Error: "Accessed None trying to read property K2Node_DynamicCast_AsPeoncito". Blueprint:  BarraVIda Function:  Get Text 0 Graph:  GetText_0 Node:  Return Node
[2025.07.20-22.23.54:314][263]PIE: Error: Blueprint Runtime Error: "Accessed None trying to read property K2Node_DynamicCast_AsPeoncito". Blueprint:  BarraVIda Function:  Get Text 0 Graph:  GetText_0 Node:  Return Node
[2025.07.20-22.23.54:330][264]PIE: Error: Blueprint Runtime Error: "Accessed None trying to read property K2Node_DynamicCast_AsPeoncito". Blueprint:  BarraVIda Function:  Get Text 0 Graph:  GetText_0 Node:  Return Node
[2025.07.20-22.23.54:348][265]PIE: Error: Blueprint Runtime Error: "Accessed None trying to read property K2Node_DynamicCast_AsPeoncito". Blueprint:  BarraVIda Function:  Get Text 0 Graph:  GetText_0 Node:  Return Node
[2025.07.20-22.23.54:364][266]PIE: Error: Blueprint Runtime Error: "Accessed None trying to read property K2Node_DynamicCast_AsPeoncito". Blueprint:  BarraVIda Function:  Get Text 0 Graph:  GetText_0 Node:  Return Node
[2025.07.20-22.23.54:385][267]PIE: Error: Blueprint Runtime Error: "Accessed None trying to read property K2Node_DynamicCast_AsPeoncito". Blueprint:  BarraVIda Function:  Get Text 0 Graph:  GetText_0 Node:  Return Node
[2025.07.20-22.23.54:406][268]PIE: Error: Blueprint Runtime Error: "Accessed None trying to read property K2Node_DynamicCast_AsPeoncito". Blueprint:  BarraVIda Function:  Get Text 0 Graph:  GetText_0 Node:  Return Node
[2025.07.20-22.23.54:424][269]PIE: Error: Blueprint Runtime Error: "Accessed None trying to read property K2Node_DynamicCast_AsPeoncito". Blueprint:  BarraVIda Function:  Get Text 0 Graph:  GetText_0 Node:  Return Node
[2025.07.20-22.23.54:443][270]PIE: Error: Blueprint Runtime Error: "Accessed None trying to read property K2Node_DynamicCast_AsPeoncito". Blueprint:  BarraVIda Function:  Get Text 0 Graph:  GetText_0 Node:  Return Node
[2025.07.20-22.23.54:461][271]PIE: Error: Blueprint Runtime Error: "Accessed None trying to read property K2Node_DynamicCast_AsPeoncito". Blueprint:  BarraVIda Function:  Get Text 0 Graph:  GetText_0 Node:  Return Node
[2025.07.20-22.23.54:478][272]PIE: Error: Blueprint Runtime Error: "Accessed None trying to read property K2Node_DynamicCast_AsPeoncito". Blueprint:  BarraVIda Function:  Get Text 0 Graph:  GetText_0 Node:  Return Node
[2025.07.20-22.23.54:496][273]PIE: Error: Blueprint Runtime Error: "Accessed None trying to read property K2Node_DynamicCast_AsPeoncito". Blueprint:  BarraVIda Function:  Get Text 0 Graph:  GetText_0 Node:  Return Node
[2025.07.20-22.23.54:513][274]PIE: Error: Blueprint Runtime Error: "Accessed None trying to read property K2Node_DynamicCast_AsPeoncito". Blueprint:  BarraVIda Function:  Get Text 0 Graph:  GetText_0 Node:  Return Node
[2025.07.20-22.23.54:529][275]PIE: Error: Blueprint Runtime Error: "Accessed None trying to read property K2Node_DynamicCast_AsPeoncito". Blueprint:  BarraVIda Function:  Get Text 0 Graph:  GetText_0 Node:  Return Node
[2025.07.20-22.23.54:547][276]PIE: Error: Blueprint Runtime Error: "Accessed None trying to read property K2Node_DynamicCast_AsPeoncito". Blueprint:  BarraVIda Function:  Get Text 0 Graph:  GetText_0 Node:  Return Node
[2025.07.20-22.23.54:567][277]PIE: Error: Blueprint Runtime Error: "Accessed None trying to read property K2Node_DynamicCast_AsPeoncito". Blueprint:  BarraVIda Function:  Get Text 0 Graph:  GetText_0 Node:  Return Node
[2025.07.20-22.23.54:585][278]PIE: Error: Blueprint Runtime Error: "Accessed None trying to read property K2Node_DynamicCast_AsPeoncito". Blueprint:  BarraVIda Function:  Get Text 0 Graph:  GetText_0 Node:  Return Node
[2025.07.20-22.23.54:606][279]PIE: Error: Blueprint Runtime Error: "Accessed None trying to read property K2Node_DynamicCast_AsPeoncito". Blueprint:  BarraVIda Function:  Get Text 0 Graph:  GetText_0 Node:  Return Node
[2025.07.20-22.23.54:622][280]PIE: Error: Blueprint Runtime Error: "Accessed None trying to read property K2Node_DynamicCast_AsPeoncito". Blueprint:  BarraVIda Function:  Get Text 0 Graph:  GetText_0 Node:  Return Node
[2025.07.20-22.23.54:639][281]PIE: Error: Blueprint Runtime Error: "Accessed None trying to read property K2Node_DynamicCast_AsPeoncito". Blueprint:  BarraVIda Function:  Get Text 0 Graph:  GetText_0 Node:  Return Node
[2025.07.20-22.23.54:655][282]PIE: Error: Blueprint Runtime Error: "Accessed None trying to read property K2Node_DynamicCast_AsPeoncito". Blueprint:  BarraVIda Function:  Get Text 0 Graph:  GetText_0 Node:  Return Node
[2025.07.20-22.23.54:672][283]PIE: Error: Blueprint Runtime Error: "Accessed None trying to read property K2Node_DynamicCast_AsPeoncito". Blueprint:  BarraVIda Function:  Get Text 0 Graph:  GetText_0 Node:  Return Node
[2025.07.20-22.23.54:689][284]PIE: Error: Blueprint Runtime Error: "Accessed None trying to read property K2Node_DynamicCast_AsPeoncito". Blueprint:  BarraVIda Function:  Get Text 0 Graph:  GetText_0 Node:  Return Node
[2025.07.20-22.23.54:709][285]PIE: Error: Blueprint Runtime Error: "Accessed None trying to read property K2Node_DynamicCast_AsPeoncito". Blueprint:  BarraVIda Function:  Get Text 0 Graph:  GetText_0 Node:  Return Node
[2025.07.20-22.23.54:728][286]PIE: Error: Blueprint Runtime Error: "Accessed None trying to read property K2Node_DynamicCast_AsPeoncito". Blueprint:  BarraVIda Function:  Get Text 0 Graph:  GetText_0 Node:  Return Node
[2025.07.20-22.23.54:748][287]PIE: Error: Blueprint Runtime Error: "Accessed None trying to read property K2Node_DynamicCast_AsPeoncito". Blueprint:  BarraVIda Function:  Get Text 0 Graph:  GetText_0 Node:  Return Node
[2025.07.20-22.23.54:767][288]PIE: Error: Blueprint Runtime Error: "Accessed None trying to read property K2Node_DynamicCast_AsPeoncito". Blueprint:  BarraVIda Function:  Get Text 0 Graph:  GetText_0 Node:  Return Node
[2025.07.20-22.23.54:789][289]PIE: Error: Blueprint Runtime Error: "Accessed None trying to read property K2Node_DynamicCast_AsPeoncito". Blueprint:  BarraVIda Function:  Get Text 0 Graph:  GetText_0 Node:  Return Node
[2025.07.20-22.23.54:811][290]PIE: Error: Blueprint Runtime Error: "Accessed None trying to read property K2Node_DynamicCast_AsPeoncito". Blueprint:  BarraVIda Function:  Get Text 0 Graph:  GetText_0 Node:  Return Node
[2025.07.20-22.23.54:834][291]PIE: Error: Blueprint Runtime Error: "Accessed None trying to read property K2Node_DynamicCast_AsPeoncito". Blueprint:  BarraVIda Function:  Get Text 0 Graph:  GetText_0 Node:  Return Node
[2025.07.20-22.23.54:854][292]PIE: Error: Blueprint Runtime Error: "Accessed None trying to read property K2Node_DynamicCast_AsPeoncito". Blueprint:  BarraVIda Function:  Get Text 0 Graph:  GetText_0 Node:  Return Node
[2025.07.20-22.23.54:872][293]PIE: Error: Blueprint Runtime Error: "Accessed None trying to read property K2Node_DynamicCast_AsPeoncito". Blueprint:  BarraVIda Function:  Get Text 0 Graph:  GetText_0 Node:  Return Node
[2025.07.20-22.23.54:889][294]PIE: Error: Blueprint Runtime Error: "Accessed None trying to read property K2Node_DynamicCast_AsPeoncito". Blueprint:  BarraVIda Function:  Get Text 0 Graph:  GetText_0 Node:  Return Node
[2025.07.20-22.23.54:905][295]PIE: Error: Blueprint Runtime Error: "Accessed None trying to read property K2Node_DynamicCast_AsPeoncito". Blueprint:  BarraVIda Function:  Get Text 0 Graph:  GetText_0 Node:  Return Node
[2025.07.20-22.23.54:923][296]PIE: Error: Blueprint Runtime Error: "Accessed None trying to read property K2Node_DynamicCast_AsPeoncito". Blueprint:  BarraVIda Function:  Get Text 0 Graph:  GetText_0 Node:  Return Node
[2025.07.20-22.23.54:939][297]PIE: Error: Blueprint Runtime Error: "Accessed None trying to read property K2Node_DynamicCast_AsPeoncito". Blueprint:  BarraVIda Function:  Get Text 0 Graph:  GetText_0 Node:  Return Node
[2025.07.20-22.23.54:956][298]PIE: Error: Blueprint Runtime Error: "Accessed None trying to read property K2Node_DynamicCast_AsPeoncito". Blueprint:  BarraVIda Function:  Get Text 0 Graph:  GetText_0 Node:  Return Node
[2025.07.20-22.23.54:977][299]PIE: Error: Blueprint Runtime Error: "Accessed None trying to read property K2Node_DynamicCast_AsPeoncito". Blueprint:  BarraVIda Function:  Get Text 0 Graph:  GetText_0 Node:  Return Node
[2025.07.20-22.23.54:997][300]PIE: Error: Blueprint Runtime Error: "Accessed None trying to read property K2Node_DynamicCast_AsPeoncito". Blueprint:  BarraVIda Function:  Get Text 0 Graph:  GetText_0 Node:  Return Node
[2025.07.20-22.23.55:016][301]PIE: Error: Blueprint Runtime Error: "Accessed None trying to read property K2Node_DynamicCast_AsPeoncito". Blueprint:  BarraVIda Function:  Get Text 0 Graph:  GetText_0 Node:  Return Node
[2025.07.20-22.23.55:035][302]PIE: Error: Blueprint Runtime Error: "Accessed None trying to read property K2Node_DynamicCast_AsPeoncito". Blueprint:  BarraVIda Function:  Get Text 0 Graph:  GetText_0 Node:  Return Node
[2025.07.20-22.23.55:058][303]PIE: Error: Blueprint Runtime Error: "Accessed None trying to read property K2Node_DynamicCast_AsPeoncito". Blueprint:  BarraVIda Function:  Get Text 0 Graph:  GetText_0 Node:  Return Node
[2025.07.20-22.23.55:076][304]PIE: Error: Blueprint Runtime Error: "Accessed None trying to read property K2Node_DynamicCast_AsPeoncito". Blueprint:  BarraVIda Function:  Get Text 0 Graph:  GetText_0 Node:  Return Node
[2025.07.20-22.23.55:097][305]PIE: Error: Blueprint Runtime Error: "Accessed None trying to read property K2Node_DynamicCast_AsPeoncito". Blueprint:  BarraVIda Function:  Get Text 0 Graph:  GetText_0 Node:  Return Node
[2025.07.20-22.23.55:117][306]PIE: Error: Blueprint Runtime Error: "Accessed None trying to read property K2Node_DynamicCast_AsPeoncito". Blueprint:  BarraVIda Function:  Get Text 0 Graph:  GetText_0 Node:  Return Node
[2025.07.20-22.23.55:137][307]PIE: Error: Blueprint Runtime Error: "Accessed None trying to read property K2Node_DynamicCast_AsPeoncito". Blueprint:  BarraVIda Function:  Get Text 0 Graph:  GetText_0 Node:  Return Node
[2025.07.20-22.23.55:157][308]PIE: Error: Blueprint Runtime Error: "Accessed None trying to read property K2Node_DynamicCast_AsPeoncito". Blueprint:  BarraVIda Function:  Get Text 0 Graph:  GetText_0 Node:  Return Node
[2025.07.20-22.23.55:176][309]PIE: Error: Blueprint Runtime Error: "Accessed None trying to read property K2Node_DynamicCast_AsPeoncito". Blueprint:  BarraVIda Function:  Get Text 0 Graph:  GetText_0 Node:  Return Node
[2025.07.20-22.23.55:196][310]PIE: Error: Blueprint Runtime Error: "Accessed None trying to read property K2Node_DynamicCast_AsPeoncito". Blueprint:  BarraVIda Function:  Get Text 0 Graph:  GetText_0 Node:  Return Node
[2025.07.20-22.23.55:213][311]PIE: Error: Blueprint Runtime Error: "Accessed None trying to read property K2Node_DynamicCast_AsPeoncito". Blueprint:  BarraVIda Function:  Get Text 0 Graph:  GetText_0 Node:  Return Node
[2025.07.20-22.23.55:232][312]PIE: Error: Blueprint Runtime Error: "Accessed None trying to read property K2Node_DynamicCast_AsPeoncito". Blueprint:  BarraVIda Function:  Get Text 0 Graph:  GetText_0 Node:  Return Node
[2025.07.20-22.23.55:252][313]PIE: Error: Blueprint Runtime Error: "Accessed None trying to read property K2Node_DynamicCast_AsPeoncito". Blueprint:  BarraVIda Function:  Get Text 0 Graph:  GetText_0 Node:  Return Node
[2025.07.20-22.23.55:272][314]PIE: Error: Blueprint Runtime Error: "Accessed None trying to read property K2Node_DynamicCast_AsPeoncito". Blueprint:  BarraVIda Function:  Get Text 0 Graph:  GetText_0 Node:  Return Node
[2025.07.20-22.23.55:292][315]PIE: Error: Blueprint Runtime Error: "Accessed None trying to read property K2Node_DynamicCast_AsPeoncito". Blueprint:  BarraVIda Function:  Get Text 0 Graph:  GetText_0 Node:  Return Node
[2025.07.20-22.23.55:309][316]PIE: Error: Blueprint Runtime Error: "Accessed None trying to read property K2Node_DynamicCast_AsPeoncito". Blueprint:  BarraVIda Function:  Get Text 0 Graph:  GetText_0 Node:  Return Node
[2025.07.20-22.23.55:325][317]PIE: Error: Blueprint Runtime Error: "Accessed None trying to read property K2Node_DynamicCast_AsPeoncito". Blueprint:  BarraVIda Function:  Get Text 0 Graph:  GetText_0 Node:  Return Node
[2025.07.20-22.23.55:342][318]PIE: Error: Blueprint Runtime Error: "Accessed None trying to read property K2Node_DynamicCast_AsPeoncito". Blueprint:  BarraVIda Function:  Get Text 0 Graph:  GetText_0 Node:  Return Node
[2025.07.20-22.23.55:358][319]PIE: Error: Blueprint Runtime Error: "Accessed None trying to read property K2Node_DynamicCast_AsPeoncito". Blueprint:  BarraVIda Function:  Get Text 0 Graph:  GetText_0 Node:  Return Node
[2025.07.20-22.23.55:375][320]PIE: Error: Blueprint Runtime Error: "Accessed None trying to read property K2Node_DynamicCast_AsPeoncito". Blueprint:  BarraVIda Function:  Get Text 0 Graph:  GetText_0 Node:  Return Node
[2025.07.20-22.23.55:392][321]PIE: Error: Blueprint Runtime Error: "Accessed None trying to read property K2Node_DynamicCast_AsPeoncito". Blueprint:  BarraVIda Function:  Get Text 0 Graph:  GetText_0 Node:  Return Node
[2025.07.20-22.23.55:410][322]PIE: Error: Blueprint Runtime Error: "Accessed None trying to read property K2Node_DynamicCast_AsPeoncito". Blueprint:  BarraVIda Function:  Get Text 0 Graph:  GetText_0 Node:  Return Node
[2025.07.20-22.23.55:430][323]PIE: Error: Blueprint Runtime Error: "Accessed None trying to read property K2Node_DynamicCast_AsPeoncito". Blueprint:  BarraVIda Function:  Get Text 0 Graph:  GetText_0 Node:  Return Node
[2025.07.20-22.23.55:449][324]PIE: Error: Blueprint Runtime Error: "Accessed None trying to read property K2Node_DynamicCast_AsPeoncito". Blueprint:  BarraVIda Function:  Get Text 0 Graph:  GetText_0 Node:  Return Node
[2025.07.20-22.23.55:471][325]PIE: Error: Blueprint Runtime Error: "Accessed None trying to read property K2Node_DynamicCast_AsPeoncito". Blueprint:  BarraVIda Function:  Get Text 0 Graph:  GetText_0 Node:  Return Node
[2025.07.20-22.23.55:494][326]PIE: Error: Blueprint Runtime Error: "Accessed None trying to read property K2Node_DynamicCast_AsPeoncito". Blueprint:  BarraVIda Function:  Get Text 0 Graph:  GetText_0 Node:  Return Node
[2025.07.20-22.23.55:513][327]PIE: Error: Blueprint Runtime Error: "Accessed None trying to read property K2Node_DynamicCast_AsPeoncito". Blueprint:  BarraVIda Function:  Get Text 0 Graph:  GetText_0 Node:  Return Node
[2025.07.20-22.23.55:533][328]PIE: Error: Blueprint Runtime Error: "Accessed None trying to read property K2Node_DynamicCast_AsPeoncito". Blueprint:  BarraVIda Function:  Get Text 0 Graph:  GetText_0 Node:  Return Node
[2025.07.20-22.23.55:554][329]PIE: Error: Blueprint Runtime Error: "Accessed None trying to read property K2Node_DynamicCast_AsPeoncito". Blueprint:  BarraVIda Function:  Get Text 0 Graph:  GetText_0 Node:  Return Node
[2025.07.20-22.23.55:574][330]PIE: Error: Blueprint Runtime Error: "Accessed None trying to read property K2Node_DynamicCast_AsPeoncito". Blueprint:  BarraVIda Function:  Get Text 0 Graph:  GetText_0 Node:  Return Node
[2025.07.20-22.23.55:593][331]PIE: Error: Blueprint Runtime Error: "Accessed None trying to read property K2Node_DynamicCast_AsPeoncito". Blueprint:  BarraVIda Function:  Get Text 0 Graph:  GetText_0 Node:  Return Node
[2025.07.20-22.23.55:611][332]PIE: Error: Blueprint Runtime Error: "Accessed None trying to read property K2Node_DynamicCast_AsPeoncito". Blueprint:  BarraVIda Function:  Get Text 0 Graph:  GetText_0 Node:  Return Node
[2025.07.20-22.23.55:626][333]PIE: Error: Blueprint Runtime Error: "Accessed None trying to read property K2Node_DynamicCast_AsPeoncito". Blueprint:  BarraVIda Function:  Get Text 0 Graph:  GetText_0 Node:  Return Node
[2025.07.20-22.23.55:643][334]PIE: Error: Blueprint Runtime Error: "Accessed None trying to read property K2Node_DynamicCast_AsPeoncito". Blueprint:  BarraVIda Function:  Get Text 0 Graph:  GetText_0 Node:  Return Node
[2025.07.20-22.23.55:661][335]PIE: Error: Blueprint Runtime Error: "Accessed None trying to read property K2Node_DynamicCast_AsPeoncito". Blueprint:  BarraVIda Function:  Get Text 0 Graph:  GetText_0 Node:  Return Node
[2025.07.20-22.23.55:680][336]PIE: Error: Blueprint Runtime Error: "Accessed None trying to read property K2Node_DynamicCast_AsPeoncito". Blueprint:  BarraVIda Function:  Get Text 0 Graph:  GetText_0 Node:  Return Node
[2025.07.20-22.23.55:699][337]PIE: Error: Blueprint Runtime Error: "Accessed None trying to read property K2Node_DynamicCast_AsPeoncito". Blueprint:  BarraVIda Function:  Get Text 0 Graph:  GetText_0 Node:  Return Node
[2025.07.20-22.23.55:721][338]PIE: Error: Blueprint Runtime Error: "Accessed None trying to read property K2Node_DynamicCast_AsPeoncito". Blueprint:  BarraVIda Function:  Get Text 0 Graph:  GetText_0 Node:  Return Node
[2025.07.20-22.23.55:744][339]PIE: Error: Blueprint Runtime Error: "Accessed None trying to read property K2Node_DynamicCast_AsPeoncito". Blueprint:  BarraVIda Function:  Get Text 0 Graph:  GetText_0 Node:  Return Node
[2025.07.20-22.23.55:767][340]PIE: Error: Blueprint Runtime Error: "Accessed None trying to read property K2Node_DynamicCast_AsPeoncito". Blueprint:  BarraVIda Function:  Get Text 0 Graph:  GetText_0 Node:  Return Node
[2025.07.20-22.23.55:789][341]PIE: Error: Blueprint Runtime Error: "Accessed None trying to read property K2Node_DynamicCast_AsPeoncito". Blueprint:  BarraVIda Function:  Get Text 0 Graph:  GetText_0 Node:  Return Node
[2025.07.20-22.23.55:810][342]PIE: Error: Blueprint Runtime Error: "Accessed None trying to read property K2Node_DynamicCast_AsPeoncito". Blueprint:  BarraVIda Function:  Get Text 0 Graph:  GetText_0 Node:  Return Node
[2025.07.20-22.23.55:830][343]PIE: Error: Blueprint Runtime Error: "Accessed None trying to read property K2Node_DynamicCast_AsPeoncito". Blueprint:  BarraVIda Function:  Get Text 0 Graph:  GetText_0 Node:  Return Node
[2025.07.20-22.23.55:851][344]PIE: Error: Blueprint Runtime Error: "Accessed None trying to read property K2Node_DynamicCast_AsPeoncito". Blueprint:  BarraVIda Function:  Get Text 0 Graph:  GetText_0 Node:  Return Node
[2025.07.20-22.23.55:869][345]PIE: Error: Blueprint Runtime Error: "Accessed None trying to read property K2Node_DynamicCast_AsPeoncito". Blueprint:  BarraVIda Function:  Get Text 0 Graph:  GetText_0 Node:  Return Node
[2025.07.20-22.23.55:884][346]PIE: Error: Blueprint Runtime Error: "Accessed None trying to read property K2Node_DynamicCast_AsPeoncito". Blueprint:  BarraVIda Function:  Get Text 0 Graph:  GetText_0 Node:  Return Node
[2025.07.20-22.23.55:901][347]PIE: Error: Blueprint Runtime Error: "Accessed None trying to read property K2Node_DynamicCast_AsPeoncito". Blueprint:  BarraVIda Function:  Get Text 0 Graph:  GetText_0 Node:  Return Node
[2025.07.20-22.23.55:918][348]PIE: Error: Blueprint Runtime Error: "Accessed None trying to read property K2Node_DynamicCast_AsPeoncito". Blueprint:  BarraVIda Function:  Get Text 0 Graph:  GetText_0 Node:  Return Node
[2025.07.20-22.23.55:935][349]PIE: Error: Blueprint Runtime Error: "Accessed None trying to read property K2Node_DynamicCast_AsPeoncito". Blueprint:  BarraVIda Function:  Get Text 0 Graph:  GetText_0 Node:  Return Node
[2025.07.20-22.23.55:953][350]PIE: Error: Blueprint Runtime Error: "Accessed None trying to read property K2Node_DynamicCast_AsPeoncito". Blueprint:  BarraVIda Function:  Get Text 0 Graph:  GetText_0 Node:  Return Node
[2025.07.20-22.23.55:970][351]PIE: Error: Blueprint Runtime Error: "Accessed None trying to read property K2Node_DynamicCast_AsPeoncito". Blueprint:  BarraVIda Function:  Get Text 0 Graph:  GetText_0 Node:  Return Node
[2025.07.20-22.23.55:988][352]PIE: Error: Blueprint Runtime Error: "Accessed None trying to read property K2Node_DynamicCast_AsPeoncito". Blueprint:  BarraVIda Function:  Get Text 0 Graph:  GetText_0 Node:  Return Node
[2025.07.20-22.23.56:005][353]PIE: Error: Blueprint Runtime Error: "Accessed None trying to read property K2Node_DynamicCast_AsPeoncito". Blueprint:  BarraVIda Function:  Get Text 0 Graph:  GetText_0 Node:  Return Node
[2025.07.20-22.23.56:026][354]PIE: Error: Blueprint Runtime Error: "Accessed None trying to read property K2Node_DynamicCast_AsPeoncito". Blueprint:  BarraVIda Function:  Get Text 0 Graph:  GetText_0 Node:  Return Node
[2025.07.20-22.23.56:047][355]PIE: Error: Blueprint Runtime Error: "Accessed None trying to read property K2Node_DynamicCast_AsPeoncito". Blueprint:  BarraVIda Function:  Get Text 0 Graph:  GetText_0 Node:  Return Node
[2025.07.20-22.23.56:067][356]PIE: Error: Blueprint Runtime Error: "Accessed None trying to read property K2Node_DynamicCast_AsPeoncito". Blueprint:  BarraVIda Function:  Get Text 0 Graph:  GetText_0 Node:  Return Node
[2025.07.20-22.23.56:088][357]PIE: Error: Blueprint Runtime Error: "Accessed None trying to read property K2Node_DynamicCast_AsPeoncito". Blueprint:  BarraVIda Function:  Get Text 0 Graph:  GetText_0 Node:  Return Node
[2025.07.20-22.23.56:108][358]PIE: Error: Blueprint Runtime Error: "Accessed None trying to read property K2Node_DynamicCast_AsPeoncito". Blueprint:  BarraVIda Function:  Get Text 0 Graph:  GetText_0 Node:  Return Node
[2025.07.20-22.23.56:127][359]PIE: Error: Blueprint Runtime Error: "Accessed None trying to read property K2Node_DynamicCast_AsPeoncito". Blueprint:  BarraVIda Function:  Get Text 0 Graph:  GetText_0 Node:  Return Node
[2025.07.20-22.23.56:148][360]PIE: Error: Blueprint Runtime Error: "Accessed None trying to read property K2Node_DynamicCast_AsPeoncito". Blueprint:  BarraVIda Function:  Get Text 0 Graph:  GetText_0 Node:  Return Node
[2025.07.20-22.23.56:168][361]PIE: Error: Blueprint Runtime Error: "Accessed None trying to read property K2Node_DynamicCast_AsPeoncito". Blueprint:  BarraVIda Function:  Get Text 0 Graph:  GetText_0 Node:  Return Node
[2025.07.20-22.23.56:183][362]PIE: Error: Blueprint Runtime Error: "Accessed None trying to read property K2Node_DynamicCast_AsPeoncito". Blueprint:  BarraVIda Function:  Get Text 0 Graph:  GetText_0 Node:  Return Node
[2025.07.20-22.23.56:200][363]PIE: Error: Blueprint Runtime Error: "Accessed None trying to read property K2Node_DynamicCast_AsPeoncito". Blueprint:  BarraVIda Function:  Get Text 0 Graph:  GetText_0 Node:  Return Node
[2025.07.20-22.23.56:217][364]PIE: Error: Blueprint Runtime Error: "Accessed None trying to read property K2Node_DynamicCast_AsPeoncito". Blueprint:  BarraVIda Function:  Get Text 0 Graph:  GetText_0 Node:  Return Node
[2025.07.20-22.23.56:234][365]PIE: Error: Blueprint Runtime Error: "Accessed None trying to read property K2Node_DynamicCast_AsPeoncito". Blueprint:  BarraVIda Function:  Get Text 0 Graph:  GetText_0 Node:  Return Node
[2025.07.20-22.23.56:250][366]PIE: Error: Blueprint Runtime Error: "Accessed None trying to read property K2Node_DynamicCast_AsPeoncito". Blueprint:  BarraVIda Function:  Get Text 0 Graph:  GetText_0 Node:  Return Node
[2025.07.20-22.23.56:267][367]PIE: Error: Blueprint Runtime Error: "Accessed None trying to read property K2Node_DynamicCast_AsPeoncito". Blueprint:  BarraVIda Function:  Get Text 0 Graph:  GetText_0 Node:  Return Node
[2025.07.20-22.23.56:284][368]PIE: Error: Blueprint Runtime Error: "Accessed None trying to read property K2Node_DynamicCast_AsPeoncito". Blueprint:  BarraVIda Function:  Get Text 0 Graph:  GetText_0 Node:  Return Node
[2025.07.20-22.23.56:301][369]PIE: Error: Blueprint Runtime Error: "Accessed None trying to read property K2Node_DynamicCast_AsPeoncito". Blueprint:  BarraVIda Function:  Get Text 0 Graph:  GetText_0 Node:  Return Node
[2025.07.20-22.23.56:319][370]PIE: Error: Blueprint Runtime Error: "Accessed None trying to read property K2Node_DynamicCast_AsPeoncito". Blueprint:  BarraVIda Function:  Get Text 0 Graph:  GetText_0 Node:  Return Node
[2025.07.20-22.23.56:337][371]PIE: Error: Blueprint Runtime Error: "Accessed None trying to read property K2Node_DynamicCast_AsPeoncito". Blueprint:  BarraVIda Function:  Get Text 0 Graph:  GetText_0 Node:  Return Node
[2025.07.20-22.23.56:355][372]PIE: Error: Blueprint Runtime Error: "Accessed None trying to read property K2Node_DynamicCast_AsPeoncito". Blueprint:  BarraVIda Function:  Get Text 0 Graph:  GetText_0 Node:  Return Node
[2025.07.20-22.23.56:374][373]PIE: Error: Blueprint Runtime Error: "Accessed None trying to read property K2Node_DynamicCast_AsPeoncito". Blueprint:  BarraVIda Function:  Get Text 0 Graph:  GetText_0 Node:  Return Node
[2025.07.20-22.23.56:394][374]PIE: Error: Blueprint Runtime Error: "Accessed None trying to read property K2Node_DynamicCast_AsPeoncito". Blueprint:  BarraVIda Function:  Get Text 0 Graph:  GetText_0 Node:  Return Node
[2025.07.20-22.23.56:415][375]PIE: Error: Blueprint Runtime Error: "Accessed None trying to read property K2Node_DynamicCast_AsPeoncito". Blueprint:  BarraVIda Function:  Get Text 0 Graph:  GetText_0 Node:  Return Node
[2025.07.20-22.23.56:436][376]PIE: Error: Blueprint Runtime Error: "Accessed None trying to read property K2Node_DynamicCast_AsPeoncito". Blueprint:  BarraVIda Function:  Get Text 0 Graph:  GetText_0 Node:  Return Node
[2025.07.20-22.23.56:459][377]PIE: Error: Blueprint Runtime Error: "Accessed None trying to read property K2Node_DynamicCast_AsPeoncito". Blueprint:  BarraVIda Function:  Get Text 0 Graph:  GetText_0 Node:  Return Node
[2025.07.20-22.23.56:479][378]PIE: Error: Blueprint Runtime Error: "Accessed None trying to read property K2Node_DynamicCast_AsPeoncito". Blueprint:  BarraVIda Function:  Get Text 0 Graph:  GetText_0 Node:  Return Node
[2025.07.20-22.23.56:495][379]PIE: Error: Blueprint Runtime Error: "Accessed None trying to read property K2Node_DynamicCast_AsPeoncito". Blueprint:  BarraVIda Function:  Get Text 0 Graph:  GetText_0 Node:  Return Node
[2025.07.20-22.23.56:512][380]PIE: Error: Blueprint Runtime Error: "Accessed None trying to read property K2Node_DynamicCast_AsPeoncito". Blueprint:  BarraVIda Function:  Get Text 0 Graph:  GetText_0 Node:  Return Node
[2025.07.20-22.23.56:528][381]PIE: Error: Blueprint Runtime Error: "Accessed None trying to read property K2Node_DynamicCast_AsPeoncito". Blueprint:  BarraVIda Function:  Get Text 0 Graph:  GetText_0 Node:  Return Node
[2025.07.20-22.23.56:545][382]PIE: Error: Blueprint Runtime Error: "Accessed None trying to read property K2Node_DynamicCast_AsPeoncito". Blueprint:  BarraVIda Function:  Get Text 0 Graph:  GetText_0 Node:  Return Node
[2025.07.20-22.23.56:562][383]PIE: Error: Blueprint Runtime Error: "Accessed None trying to read property K2Node_DynamicCast_AsPeoncito". Blueprint:  BarraVIda Function:  Get Text 0 Graph:  GetText_0 Node:  Return Node
[2025.07.20-22.23.56:579][384]PIE: Error: Blueprint Runtime Error: "Accessed None trying to read property K2Node_DynamicCast_AsPeoncito". Blueprint:  BarraVIda Function:  Get Text 0 Graph:  GetText_0 Node:  Return Node
[2025.07.20-22.23.56:597][385]PIE: Error: Blueprint Runtime Error: "Accessed None trying to read property K2Node_DynamicCast_AsPeoncito". Blueprint:  BarraVIda Function:  Get Text 0 Graph:  GetText_0 Node:  Return Node
[2025.07.20-22.23.56:616][386]PIE: Error: Blueprint Runtime Error: "Accessed None trying to read property K2Node_DynamicCast_AsPeoncito". Blueprint:  BarraVIda Function:  Get Text 0 Graph:  GetText_0 Node:  Return Node
[2025.07.20-22.23.56:637][387]PIE: Error: Blueprint Runtime Error: "Accessed None trying to read property K2Node_DynamicCast_AsPeoncito". Blueprint:  BarraVIda Function:  Get Text 0 Graph:  GetText_0 Node:  Return Node
[2025.07.20-22.23.56:658][388]PIE: Error: Blueprint Runtime Error: "Accessed None trying to read property K2Node_DynamicCast_AsPeoncito". Blueprint:  BarraVIda Function:  Get Text 0 Graph:  GetText_0 Node:  Return Node
[2025.07.20-22.23.56:679][389]PIE: Error: Blueprint Runtime Error: "Accessed None trying to read property K2Node_DynamicCast_AsPeoncito". Blueprint:  BarraVIda Function:  Get Text 0 Graph:  GetText_0 Node:  Return Node
[2025.07.20-22.23.56:697][390]PIE: Error: Blueprint Runtime Error: "Accessed None trying to read property K2Node_DynamicCast_AsPeoncito". Blueprint:  BarraVIda Function:  Get Text 0 Graph:  GetText_0 Node:  Return Node
[2025.07.20-22.23.56:712][391]PIE: Error: Blueprint Runtime Error: "Accessed None trying to read property K2Node_DynamicCast_AsPeoncito". Blueprint:  BarraVIda Function:  Get Text 0 Graph:  GetText_0 Node:  Return Node
[2025.07.20-22.23.56:730][392]PIE: Error: Blueprint Runtime Error: "Accessed None trying to read property K2Node_DynamicCast_AsPeoncito". Blueprint:  BarraVIda Function:  Get Text 0 Graph:  GetText_0 Node:  Return Node
[2025.07.20-22.23.56:746][393]PIE: Error: Blueprint Runtime Error: "Accessed None trying to read property K2Node_DynamicCast_AsPeoncito". Blueprint:  BarraVIda Function:  Get Text 0 Graph:  GetText_0 Node:  Return Node
[2025.07.20-22.23.56:762][394]PIE: Error: Blueprint Runtime Error: "Accessed None trying to read property K2Node_DynamicCast_AsPeoncito". Blueprint:  BarraVIda Function:  Get Text 0 Graph:  GetText_0 Node:  Return Node
[2025.07.20-22.23.56:779][395]PIE: Error: Blueprint Runtime Error: "Accessed None trying to read property K2Node_DynamicCast_AsPeoncito". Blueprint:  BarraVIda Function:  Get Text 0 Graph:  GetText_0 Node:  Return Node
[2025.07.20-22.23.56:798][396]PIE: Error: Blueprint Runtime Error: "Accessed None trying to read property K2Node_DynamicCast_AsPeoncito". Blueprint:  BarraVIda Function:  Get Text 0 Graph:  GetText_0 Node:  Return Node
[2025.07.20-22.23.56:817][397]PIE: Error: Blueprint Runtime Error: "Accessed None trying to read property K2Node_DynamicCast_AsPeoncito". Blueprint:  BarraVIda Function:  Get Text 0 Graph:  GetText_0 Node:  Return Node
[2025.07.20-22.23.56:839][398]PIE: Error: Blueprint Runtime Error: "Accessed None trying to read property K2Node_DynamicCast_AsPeoncito". Blueprint:  BarraVIda Function:  Get Text 0 Graph:  GetText_0 Node:  Return Node
[2025.07.20-22.23.56:861][399]PIE: Error: Blueprint Runtime Error: "Accessed None trying to read property K2Node_DynamicCast_AsPeoncito". Blueprint:  BarraVIda Function:  Get Text 0 Graph:  GetText_0 Node:  Return Node
[2025.07.20-22.23.56:883][400]PIE: Error: Blueprint Runtime Error: "Accessed None trying to read property K2Node_DynamicCast_AsPeoncito". Blueprint:  BarraVIda Function:  Get Text 0 Graph:  GetText_0 Node:  Return Node
[2025.07.20-22.23.56:903][401]PIE: Error: Blueprint Runtime Error: "Accessed None trying to read property K2Node_DynamicCast_AsPeoncito". Blueprint:  BarraVIda Function:  Get Text 0 Graph:  GetText_0 Node:  Return Node
[2025.07.20-22.23.56:923][402]PIE: Error: Blueprint Runtime Error: "Accessed None trying to read property K2Node_DynamicCast_AsPeoncito". Blueprint:  BarraVIda Function:  Get Text 0 Graph:  GetText_0 Node:  Return Node
[2025.07.20-22.23.56:942][403]PIE: Error: Blueprint Runtime Error: "Accessed None trying to read property K2Node_DynamicCast_AsPeoncito". Blueprint:  BarraVIda Function:  Get Text 0 Graph:  GetText_0 Node:  Return Node
[2025.07.20-22.23.56:963][404]PIE: Error: Blueprint Runtime Error: "Accessed None trying to read property K2Node_DynamicCast_AsPeoncito". Blueprint:  BarraVIda Function:  Get Text 0 Graph:  GetText_0 Node:  Return Node
[2025.07.20-22.23.56:985][405]PIE: Error: Blueprint Runtime Error: "Accessed None trying to read property K2Node_DynamicCast_AsPeoncito". Blueprint:  BarraVIda Function:  Get Text 0 Graph:  GetText_0 Node:  Return Node
[2025.07.20-22.23.57:006][406]PIE: Error: Blueprint Runtime Error: "Accessed None trying to read property K2Node_DynamicCast_AsPeoncito". Blueprint:  BarraVIda Function:  Get Text 0 Graph:  GetText_0 Node:  Return Node
[2025.07.20-22.23.57:028][407]PIE: Error: Blueprint Runtime Error: "Accessed None trying to read property K2Node_DynamicCast_AsPeoncito". Blueprint:  BarraVIda Function:  Get Text 0 Graph:  GetText_0 Node:  Return Node
[2025.07.20-22.23.57:049][408]PIE: Error: Blueprint Runtime Error: "Accessed None trying to read property K2Node_DynamicCast_AsPeoncito". Blueprint:  BarraVIda Function:  Get Text 0 Graph:  GetText_0 Node:  Return Node
[2025.07.20-22.23.57:073][409]PIE: Error: Blueprint Runtime Error: "Accessed None trying to read property K2Node_DynamicCast_AsPeoncito". Blueprint:  BarraVIda Function:  Get Text 0 Graph:  GetText_0 Node:  Return Node
[2025.07.20-22.23.57:094][410]PIE: Error: Blueprint Runtime Error: "Accessed None trying to read property K2Node_DynamicCast_AsPeoncito". Blueprint:  BarraVIda Function:  Get Text 0 Graph:  GetText_0 Node:  Return Node
[2025.07.20-22.23.57:115][411]PIE: Error: Blueprint Runtime Error: "Accessed None trying to read property K2Node_DynamicCast_AsPeoncito". Blueprint:  BarraVIda Function:  Get Text 0 Graph:  GetText_0 Node:  Return Node
[2025.07.20-22.23.57:133][412]PIE: Error: Blueprint Runtime Error: "Accessed None trying to read property K2Node_DynamicCast_AsPeoncito". Blueprint:  BarraVIda Function:  Get Text 0 Graph:  GetText_0 Node:  Return Node
[2025.07.20-22.23.57:152][413]PIE: Error: Blueprint Runtime Error: "Accessed None trying to read property K2Node_DynamicCast_AsPeoncito". Blueprint:  BarraVIda Function:  Get Text 0 Graph:  GetText_0 Node:  Return Node
[2025.07.20-22.23.57:170][414]PIE: Error: Blueprint Runtime Error: "Accessed None trying to read property K2Node_DynamicCast_AsPeoncito". Blueprint:  BarraVIda Function:  Get Text 0 Graph:  GetText_0 Node:  Return Node
[2025.07.20-22.23.57:190][415]PIE: Error: Blueprint Runtime Error: "Accessed None trying to read property K2Node_DynamicCast_AsPeoncito". Blueprint:  BarraVIda Function:  Get Text 0 Graph:  GetText_0 Node:  Return Node
[2025.07.20-22.23.57:207][416]PIE: Error: Blueprint Runtime Error: "Accessed None trying to read property K2Node_DynamicCast_AsPeoncito". Blueprint:  BarraVIda Function:  Get Text 0 Graph:  GetText_0 Node:  Return Node
[2025.07.20-22.23.57:224][417]PIE: Error: Blueprint Runtime Error: "Accessed None trying to read property K2Node_DynamicCast_AsPeoncito". Blueprint:  BarraVIda Function:  Get Text 0 Graph:  GetText_0 Node:  Return Node
[2025.07.20-22.23.57:242][418]PIE: Error: Blueprint Runtime Error: "Accessed None trying to read property K2Node_DynamicCast_AsPeoncito". Blueprint:  BarraVIda Function:  Get Text 0 Graph:  GetText_0 Node:  Return Node
[2025.07.20-22.23.57:257][419]PIE: Error: Blueprint Runtime Error: "Accessed None trying to read property K2Node_DynamicCast_AsPeoncito". Blueprint:  BarraVIda Function:  Get Text 0 Graph:  GetText_0 Node:  Return Node
[2025.07.20-22.23.57:274][420]PIE: Error: Blueprint Runtime Error: "Accessed None trying to read property K2Node_DynamicCast_AsPeoncito". Blueprint:  BarraVIda Function:  Get Text 0 Graph:  GetText_0 Node:  Return Node
[2025.07.20-22.23.57:292][421]PIE: Error: Blueprint Runtime Error: "Accessed None trying to read property K2Node_DynamicCast_AsPeoncito". Blueprint:  BarraVIda Function:  Get Text 0 Graph:  GetText_0 Node:  Return Node
[2025.07.20-22.23.57:310][422]PIE: Error: Blueprint Runtime Error: "Accessed None trying to read property K2Node_DynamicCast_AsPeoncito". Blueprint:  BarraVIda Function:  Get Text 0 Graph:  GetText_0 Node:  Return Node
[2025.07.20-22.23.57:326][423]PIE: Error: Blueprint Runtime Error: "Accessed None trying to read property K2Node_DynamicCast_AsPeoncito". Blueprint:  BarraVIda Function:  Get Text 0 Graph:  GetText_0 Node:  Return Node
[2025.07.20-22.23.57:344][424]PIE: Error: Blueprint Runtime Error: "Accessed None trying to read property K2Node_DynamicCast_AsPeoncito". Blueprint:  BarraVIda Function:  Get Text 0 Graph:  GetText_0 Node:  Return Node
[2025.07.20-22.23.57:360][425]PIE: Error: Blueprint Runtime Error: "Accessed None trying to read property K2Node_DynamicCast_AsPeoncito". Blueprint:  BarraVIda Function:  Get Text 0 Graph:  GetText_0 Node:  Return Node
[2025.07.20-22.23.57:378][426]PIE: Error: Blueprint Runtime Error: "Accessed None trying to read property K2Node_DynamicCast_AsPeoncito". Blueprint:  BarraVIda Function:  Get Text 0 Graph:  GetText_0 Node:  Return Node
[2025.07.20-22.23.57:395][427]PIE: Error: Blueprint Runtime Error: "Accessed None trying to read property K2Node_DynamicCast_AsPeoncito". Blueprint:  BarraVIda Function:  Get Text 0 Graph:  GetText_0 Node:  Return Node
[2025.07.20-22.23.57:412][428]PIE: Error: Blueprint Runtime Error: "Accessed None trying to read property K2Node_DynamicCast_AsPeoncito". Blueprint:  BarraVIda Function:  Get Text 0 Graph:  GetText_0 Node:  Return Node
[2025.07.20-22.23.57:429][429]PIE: Error: Blueprint Runtime Error: "Accessed None trying to read property K2Node_DynamicCast_AsPeoncito". Blueprint:  BarraVIda Function:  Get Text 0 Graph:  GetText_0 Node:  Return Node
[2025.07.20-22.23.57:445][430]PIE: Error: Blueprint Runtime Error: "Accessed None trying to read property K2Node_DynamicCast_AsPeoncito". Blueprint:  BarraVIda Function:  Get Text 0 Graph:  GetText_0 Node:  Return Node
[2025.07.20-22.23.57:463][431]PIE: Error: Blueprint Runtime Error: "Accessed None trying to read property K2Node_DynamicCast_AsPeoncito". Blueprint:  BarraVIda Function:  Get Text 0 Graph:  GetText_0 Node:  Return Node
[2025.07.20-22.23.57:481][432]PIE: Error: Blueprint Runtime Error: "Accessed None trying to read property K2Node_DynamicCast_AsPeoncito". Blueprint:  BarraVIda Function:  Get Text 0 Graph:  GetText_0 Node:  Return Node
[2025.07.20-22.23.57:501][433]PIE: Error: Blueprint Runtime Error: "Accessed None trying to read property K2Node_DynamicCast_AsPeoncito". Blueprint:  BarraVIda Function:  Get Text 0 Graph:  GetText_0 Node:  Return Node
[2025.07.20-22.23.57:519][434]PIE: Error: Blueprint Runtime Error: "Accessed None trying to read property K2Node_DynamicCast_AsPeoncito". Blueprint:  BarraVIda Function:  Get Text 0 Graph:  GetText_0 Node:  Return Node
[2025.07.20-22.23.57:539][435]PIE: Error: Blueprint Runtime Error: "Accessed None trying to read property K2Node_DynamicCast_AsPeoncito". Blueprint:  BarraVIda Function:  Get Text 0 Graph:  GetText_0 Node:  Return Node
[2025.07.20-22.23.57:556][436]PIE: Error: Blueprint Runtime Error: "Accessed None trying to read property K2Node_DynamicCast_AsPeoncito". Blueprint:  BarraVIda Function:  Get Text 0 Graph:  GetText_0 Node:  Return Node
[2025.07.20-22.23.57:572][437]PIE: Error: Blueprint Runtime Error: "Accessed None trying to read property K2Node_DynamicCast_AsPeoncito". Blueprint:  BarraVIda Function:  Get Text 0 Graph:  GetText_0 Node:  Return Node
[2025.07.20-22.23.57:589][438]PIE: Error: Blueprint Runtime Error: "Accessed None trying to read property K2Node_DynamicCast_AsPeoncito". Blueprint:  BarraVIda Function:  Get Text 0 Graph:  GetText_0 Node:  Return Node
[2025.07.20-22.23.57:607][439]PIE: Error: Blueprint Runtime Error: "Accessed None trying to read property K2Node_DynamicCast_AsPeoncito". Blueprint:  BarraVIda Function:  Get Text 0 Graph:  GetText_0 Node:  Return Node
[2025.07.20-22.23.57:624][440]PIE: Error: Blueprint Runtime Error: "Accessed None trying to read property K2Node_DynamicCast_AsPeoncito". Blueprint:  BarraVIda Function:  Get Text 0 Graph:  GetText_0 Node:  Return Node
[2025.07.20-22.23.57:643][441]PIE: Error: Blueprint Runtime Error: "Accessed None trying to read property K2Node_DynamicCast_AsPeoncito". Blueprint:  BarraVIda Function:  Get Text 0 Graph:  GetText_0 Node:  Return Node
[2025.07.20-22.23.57:664][442]PIE: Error: Blueprint Runtime Error: "Accessed None trying to read property K2Node_DynamicCast_AsPeoncito". Blueprint:  BarraVIda Function:  Get Text 0 Graph:  GetText_0 Node:  Return Node
[2025.07.20-22.23.57:684][443]PIE: Error: Blueprint Runtime Error: "Accessed None trying to read property K2Node_DynamicCast_AsPeoncito". Blueprint:  BarraVIda Function:  Get Text 0 Graph:  GetText_0 Node:  Return Node
[2025.07.20-22.23.57:705][444]PIE: Error: Blueprint Runtime Error: "Accessed None trying to read property K2Node_DynamicCast_AsPeoncito". Blueprint:  BarraVIda Function:  Get Text 0 Graph:  GetText_0 Node:  Return Node
[2025.07.20-22.23.57:728][445]PIE: Error: Blueprint Runtime Error: "Accessed None trying to read property K2Node_DynamicCast_AsPeoncito". Blueprint:  BarraVIda Function:  Get Text 0 Graph:  GetText_0 Node:  Return Node
[2025.07.20-22.23.57:750][446]PIE: Error: Blueprint Runtime Error: "Accessed None trying to read property K2Node_DynamicCast_AsPeoncito". Blueprint:  BarraVIda Function:  Get Text 0 Graph:  GetText_0 Node:  Return Node
[2025.07.20-22.23.57:837][447]LogSlate: Updating window title bar state: overlay mode, drag disabled, window buttons hidden, title bar hidden
[2025.07.20-22.23.57:837][447]LogWorld: BeginTearingDown for /Game/ThirdPersonBP/Maps/UEDPIE_0_Perdiste_Level
[2025.07.20-22.23.57:837][447]LogWorld: UWorld::CleanupWorld for Perdiste_Level, bSessionEnded=true, bCleanupResources=true
[2025.07.20-22.23.57:838][447]LogSlate: InvalidateAllWidgets triggered.  All widgets were invalidated
[2025.07.20-22.23.57:847][447]LogPlayLevel: Display: Shutting down PIE online subsystems
[2025.07.20-22.23.57:852][447]LogSlate: InvalidateAllWidgets triggered.  All widgets were invalidated
[2025.07.20-22.23.57:895][447]LogAudio: Display: Audio Device unregistered from world 'None'.
[2025.07.20-22.23.57:895][447]LogAudioMixer: FMixerPlatformXAudio2::StopAudioStream() called
[2025.07.20-22.23.57:898][447]LogAudioMixer: FMixerPlatformXAudio2::StopAudioStream() called
[2025.07.20-22.23.57:898][447]LogSlate: Updating window title bar state: overlay mode, drag disabled, window buttons hidden, title bar hidden
[2025.07.20-22.23.57:904][447]LogUObjectHash: Compacting FUObjectHashTables data took   3.67ms
[2025.07.20-22.23.58:139][448]LogPlayLevel: Display: Destroying online subsystem :Context_52
[2025.07.20-22.23.59:332][488]LogSlate: Window 'Message Log' being destroyed
[2025.07.20-22.23.59:352][488]LogSlate: Window 'Message Log' being destroyed
[2025.07.20-22.24.01:126][558]LogUObjectHash: Compacting FUObjectHashTables data took   4.69ms
[2025.07.20-22.24.01:206][558]LogSavePackage: Moving '../../../../../UTN-e-learning/Unreal-Engine/Unreal-Projects/TP_PreEntrega/Saved/ThirdPersonExampleMapCADDDEE444B70C95CF38BCBA07E795C2.tmp' to '../../../../../UTN-e-learning/Unreal-Engine/Unreal-Projects/TP_PreEntrega/Content/ThirdPersonBP/Maps/ThirdPersonExampleMap.umap'
[2025.07.20-22.24.01:388][558]LogSavePackage: Moving '../../../../../UTN-e-learning/Unreal-Engine/Unreal-Projects/TP_PreEntrega/Saved/ThirdPersonExampleMap_BuiltData90E0B84E49C460E163D711987F0D4F5A.tmp' to '../../../../../UTN-e-learning/Unreal-Engine/Unreal-Projects/TP_PreEntrega/Content/ThirdPersonBP/Maps/ThirdPersonExampleMap_BuiltData.uasset'
[2025.07.20-22.24.01:413][558]AssetCheck: New page: Asset Save: multiple assets
[2025.07.20-22.24.01:413][558]LogContentValidation: Display: Validating MapBuildDataRegistry /Game/ThirdPersonBP/Maps/ThirdPersonExampleMap_BuiltData.ThirdPersonExampleMap_BuiltData
[2025.07.20-22.24.01:413][558]LogContentValidation: Display: Validating World /Game/ThirdPersonBP/Maps/ThirdPersonExampleMap.ThirdPersonExampleMap
[2025.07.20-22.24.11:549][942]LogUObjectHash: Compacting FUObjectHashTables data took   4.51ms
[2025.07.20-22.24.11:621][942]LogSavePackage: Moving '../../../../../UTN-e-learning/Unreal-Engine/Unreal-Projects/TP_PreEntrega/Saved/ThirdPersonExampleMap438B70A24F09BF81AD2605A19D8CDAA4.tmp' to '../../../../../UTN-e-learning/Unreal-Engine/Unreal-Projects/TP_PreEntrega/Content/ThirdPersonBP/Maps/ThirdPersonExampleMap.umap'
[2025.07.20-22.24.11:835][942]LogSavePackage: Moving '../../../../../UTN-e-learning/Unreal-Engine/Unreal-Projects/TP_PreEntrega/Saved/ThirdPersonExampleMap_BuiltData8EC752D24A217A23E69148A221E2EA80.tmp' to '../../../../../UTN-e-learning/Unreal-Engine/Unreal-Projects/TP_PreEntrega/Content/ThirdPersonBP/Maps/ThirdPersonExampleMap_BuiltData.uasset'
[2025.07.20-22.24.11:856][942]AssetCheck: New page: Asset Save: multiple assets
[2025.07.20-22.24.11:856][942]LogContentValidation: Display: Validating MapBuildDataRegistry /Game/ThirdPersonBP/Maps/ThirdPersonExampleMap_BuiltData.ThirdPersonExampleMap_BuiltData
[2025.07.20-22.24.11:856][942]LogContentValidation: Display: Validating World /Game/ThirdPersonBP/Maps/ThirdPersonExampleMap.ThirdPersonExampleMap
[2025.07.20-22.24.23:942][404]LogEditorViewport: Clicking on Actor (LMB): StaticMeshActor (LeftArm_StaticMesh)
[2025.07.20-22.24.33:104][718]LogTemp: Repeating last play command: Selected Viewport
[2025.07.20-22.24.33:145][718]LogPlayLevel: PlayLevel: No blueprints needed recompiling
[2025.07.20-22.24.33:145][718]PIE: New page: PIE session: ThirdPersonExampleMap (Jul 20, 2025, 4:24:33 PM)
[2025.07.20-22.24.33:147][718]LogPlayLevel: Creating play world package: /Game/ThirdPersonBP/Maps/UEDPIE_0_ThirdPersonExampleMap
[2025.07.20-22.24.33:185][718]LogPlayLevel: PIE: StaticDuplicateObject took: (0.038795s)
[2025.07.20-22.24.33:187][718]LogAIModule: Creating AISystem for world ThirdPersonExampleMap
[2025.07.20-22.24.33:188][718]LogPlayLevel: PIE: World Init took: (0.002083s)
[2025.07.20-22.24.33:188][718]LogPlayLevel: PIE: Created PIE world by copying editor world from /Game/ThirdPersonBP/Maps/ThirdPersonExampleMap.ThirdPersonExampleMap to /Game/ThirdPersonBP/Maps/UEDPIE_0_ThirdPersonExampleMap.ThirdPersonExampleMap (0.041161s)
[2025.07.20-22.24.33:286][718]LogUObjectHash: Compacting FUObjectHashTables data took   7.72ms
[2025.07.20-22.24.33:292][718]LogAudio: Display: Creating Audio Device:                 Id: 14, Scope: Unique, Realtime: True
[2025.07.20-22.24.33:292][718]LogAudioMixer: Display: Audio Mixer Platform Settings:
[2025.07.20-22.24.33:292][718]LogAudioMixer: Display: 	Sample Rate:						  48000
[2025.07.20-22.24.33:292][718]LogAudioMixer: Display: 	Callback Buffer Frame Size Requested: 1024
[2025.07.20-22.24.33:293][718]LogAudioMixer: Display: 	Callback Buffer Frame Size To Use:	  1024
[2025.07.20-22.24.33:293][718]LogAudioMixer: Display: 	Number of buffers to queue:			  2
[2025.07.20-22.24.33:293][718]LogAudioMixer: Display: 	Max Channels (voices):				  32
[2025.07.20-22.24.33:293][718]LogAudioMixer: Display: 	Number of Async Source Workers:		  0
[2025.07.20-22.24.33:293][718]LogAudio: Display: AudioDevice MaxSources: 32
[2025.07.20-22.24.33:294][718]LogAudio: Display: Audio Spatialization Plugin: None (built-in).
[2025.07.20-22.24.33:294][718]LogAudio: Display: Audio Reverb Plugin: None (built-in).
[2025.07.20-22.24.33:294][718]LogAudio: Display: Audio Occlusion Plugin: None (built-in).
[2025.07.20-22.24.33:294][718]LogAudioMixer: Display: Initializing audio mixer.
[2025.07.20-22.24.33:305][718]LogAudioMixer: Display: 0: FrontLeft
[2025.07.20-22.24.33:305][718]LogAudioMixer: Display: 1: FrontRight
[2025.07.20-22.24.33:346][718]LogAudioMixer: Display: Using Audio Device Headphones (SOUNDPEATS Opera05)
[2025.07.20-22.24.33:347][718]LogAudioMixer: Display: Initializing Sound Submixes...
[2025.07.20-22.24.33:347][718]LogAudioMixer: Display: Creating Master Submix 'MasterSubmixDefault'
[2025.07.20-22.24.33:347][718]LogAudioMixer: Display: Creating Master Submix 'MasterReverbSubmixDefault'
[2025.07.20-22.24.33:348][718]LogAudioMixer: Display: Creating Master Submix 'MasterEQSubmixDefault'
[2025.07.20-22.24.33:348][718]LogAudioMixer: FMixerPlatformXAudio2::StartAudioStream() called
[2025.07.20-22.24.33:348][718]LogAudioMixer: Display: Output buffers initialized: Frames=1024, Channels=2, Samples=2048
[2025.07.20-22.24.33:351][718]LogAudioMixer: Display: Starting AudioMixerPlatformInterface::RunInternal()
[2025.07.20-22.24.33:351][718]LogAudioMixer: Display: FMixerPlatformXAudio2::SubmitBuffer() called for the first time
[2025.07.20-22.24.33:351][718]LogInit: FAudioDevice initialized.
[2025.07.20-22.24.33:351][718]LogAudio: Display: Audio Device (ID: 14) registered with world 'ThirdPersonExampleMap'.
[2025.07.20-22.24.33:369][718]LogLoad: Game class is 'ReglasJuego_C'
[2025.07.20-22.24.33:387][718]LogWorld: Bringing World /Game/ThirdPersonBP/Maps/UEDPIE_0_ThirdPersonExampleMap.ThirdPersonExampleMap up for play (max tick rate 60) at 2025.07.20-19.24.33
[2025.07.20-22.24.33:389][718]LogWorld: Bringing up level for play took: 0.017564
[2025.07.20-22.24.33:390][718]LogOnline: OSS: Creating online subsystem instance for: :Context_53
[2025.07.20-22.24.33:394][718]LogBlueprintUserMessages: [plataforma_2] Buenas buenas!
[2025.07.20-22.24.33:401][718]PIE: Server logged in
[2025.07.20-22.24.33:403][718]PIE: Play in editor total start time 0.282 seconds.
[2025.07.20-22.24.36:138][812]LogBlueprintUserMessages: [enemy_bullet_C_1] El peoncito perdio 10 de vida!!!!
[2025.07.20-22.24.37:884][871]LogSlate: Updating window title bar state: overlay mode, drag disabled, window buttons hidden, title bar hidden
[2025.07.20-22.24.37:884][871]LogWorld: BeginTearingDown for /Game/ThirdPersonBP/Maps/UEDPIE_0_ThirdPersonExampleMap
[2025.07.20-22.24.37:885][871]LogWorld: UWorld::CleanupWorld for ThirdPersonExampleMap, bSessionEnded=true, bCleanupResources=true
[2025.07.20-22.24.37:888][871]LogSlate: InvalidateAllWidgets triggered.  All widgets were invalidated
[2025.07.20-22.24.37:907][871]LogPlayLevel: Display: Shutting down PIE online subsystems
[2025.07.20-22.24.37:944][871]LogSlate: InvalidateAllWidgets triggered.  All widgets were invalidated
[2025.07.20-22.24.37:989][871]LogAudio: Display: Audio Device unregistered from world 'None'.
[2025.07.20-22.24.37:990][871]LogAudioMixer: FMixerPlatformXAudio2::StopAudioStream() called
[2025.07.20-22.24.37:991][871]LogAudioMixer: FMixerPlatformXAudio2::StopAudioStream() called
[2025.07.20-22.24.37:995][871]LogSlate: Updating window title bar state: overlay mode, drag disabled, window buttons hidden, title bar hidden
[2025.07.20-22.24.38:002][871]LogUObjectHash: Compacting FUObjectHashTables data took   4.14ms
[2025.07.20-22.24.38:080][872]LogPlayLevel: Display: Destroying online subsystem :Context_53
[2025.07.20-22.24.39:398][898]LogUObjectHash: Compacting FUObjectHashTables data took   1.99ms
[2025.07.20-22.24.39:530][898]LogSavePackage: Moving '../../../../../UTN-e-learning/Unreal-Engine/Unreal-Projects/TP_PreEntrega/Saved/ThirdPersonExampleMapEC887DED4B2D4020D341D49862FC8987.tmp' to '../../../../../UTN-e-learning/Unreal-Engine/Unreal-Projects/TP_PreEntrega/Content/ThirdPersonBP/Maps/ThirdPersonExampleMap.umap'
[2025.07.20-22.24.39:712][898]LogSavePackage: Moving '../../../../../UTN-e-learning/Unreal-Engine/Unreal-Projects/TP_PreEntrega/Saved/ThirdPersonExampleMap_BuiltDataCF79D00246AEE1E05E3D91BB53D5653A.tmp' to '../../../../../UTN-e-learning/Unreal-Engine/Unreal-Projects/TP_PreEntrega/Content/ThirdPersonBP/Maps/ThirdPersonExampleMap_BuiltData.uasset'
[2025.07.20-22.24.39:734][898]AssetCheck: New page: Asset Save: multiple assets
[2025.07.20-22.24.39:734][898]LogContentValidation: Display: Validating MapBuildDataRegistry /Game/ThirdPersonBP/Maps/ThirdPersonExampleMap_BuiltData.ThirdPersonExampleMap_BuiltData
[2025.07.20-22.24.39:734][898]LogContentValidation: Display: Validating World /Game/ThirdPersonBP/Maps/ThirdPersonExampleMap.ThirdPersonExampleMap
[2025.07.20-22.24.44:947][985]LogSlate: Window 'EnemyCharacter' being destroyed
[2025.07.20-22.24.44:950][985]LogSlate: Window 'EnemyCharacter' being destroyed
[2025.07.20-22.24.44:965][985]LogWorld: UWorld::CleanupWorld for World_19, bSessionEnded=true, bCleanupResources=true
[2025.07.20-22.24.44:965][985]LogSlate: InvalidateAllWidgets triggered.  All widgets were invalidated
[2025.07.20-22.24.45:151][985]LogActorComponent: UnregisterComponent: (/Engine/Transient.EditorFloorComp) Not registered. Aborting.
[2025.07.20-22.24.45:151][985]LogWorld: UWorld::CleanupWorld for World_20, bSessionEnded=true, bCleanupResources=true
[2025.07.20-22.24.45:151][985]LogSlate: InvalidateAllWidgets triggered.  All widgets were invalidated
[2025.07.20-22.24.45:284][985]LogActorComponent: UnregisterComponent: (/Engine/Transient.EditorFloorComp) Not registered. Aborting.
[2025.07.20-22.24.45:284][985]LogWorld: UWorld::CleanupWorld for World_21, bSessionEnded=true, bCleanupResources=true
[2025.07.20-22.24.45:284][985]LogSlate: InvalidateAllWidgets triggered.  All widgets were invalidated
[2025.07.20-22.24.45:408][985]LogActorComponent: UnregisterComponent: (/Engine/Transient.EditorFloorComp) Not registered. Aborting.
[2025.07.20-22.24.45:408][985]LogWorld: UWorld::CleanupWorld for World_22, bSessionEnded=true, bCleanupResources=true
[2025.07.20-22.24.45:408][985]LogSlate: InvalidateAllWidgets triggered.  All widgets were invalidated
[2025.07.20-22.24.45:578][985]LogActorComponent: UnregisterComponent: (/Engine/Transient.EditorFloorComp) Not registered. Aborting.
[2025.07.20-22.24.45:578][985]LogWorld: UWorld::CleanupWorld for World_23, bSessionEnded=true, bCleanupResources=true
[2025.07.20-22.24.45:578][985]LogSlate: InvalidateAllWidgets triggered.  All widgets were invalidated
[2025.07.20-22.24.45:705][985]LogActorComponent: UnregisterComponent: (/Engine/Transient.EditorFloorComp) Not registered. Aborting.
[2025.07.20-22.24.45:705][985]LogWorld: UWorld::CleanupWorld for World_24, bSessionEnded=true, bCleanupResources=true
[2025.07.20-22.24.45:705][985]LogSlate: InvalidateAllWidgets triggered.  All widgets were invalidated
[2025.07.20-22.24.45:883][985]LogActorComponent: UnregisterComponent: (/Engine/Transient.EditorFloorComp) Not registered. Aborting.
[2025.07.20-22.24.45:884][985]LogWorld: UWorld::CleanupWorld for World_25, bSessionEnded=true, bCleanupResources=true
[2025.07.20-22.24.45:884][985]LogSlate: InvalidateAllWidgets triggered.  All widgets were invalidated
[2025.07.20-22.24.46:039][985]LogActorComponent: UnregisterComponent: (/Engine/Transient.EditorFloorComp) Not registered. Aborting.
[2025.07.20-22.24.46:039][985]LogWorld: UWorld::CleanupWorld for World_26, bSessionEnded=true, bCleanupResources=true
[2025.07.20-22.24.46:039][985]LogSlate: InvalidateAllWidgets triggered.  All widgets were invalidated
[2025.07.20-22.24.47:693][994]LogUObjectHash: Compacting FUObjectHashTables data took   9.95ms
[2025.07.20-22.24.51:331][994]LogSlate: Window 'Save Content' being destroyed
[2025.07.20-22.24.53:003][994]LogSavePackage: Moving '../../../../../UTN-e-learning/Unreal-Engine/Unreal-Projects/TP_PreEntrega/Saved/GolemTexture9D5563744F7D2A2B0637778149455BB1.tmp' to '../../../../../UTN-e-learning/Unreal-Engine/Unreal-Projects/TP_PreEntrega/Content/ThirdPersonBP/Blueprints/blueprints/Textures/golem/GolemTexture.uasset'
[2025.07.20-22.24.53:020][994]LogSavePackage: Moving '../../../../../UTN-e-learning/Unreal-Engine/Unreal-Projects/TP_PreEntrega/Saved/lambert29590B0C54108B9449EB7D3A08C0F9716.tmp' to '../../../../../UTN-e-learning/Unreal-Engine/Unreal-Projects/TP_PreEntrega/Content/ThirdPersonBP/Blueprints/blueprints/Textures/lambert2.uasset'
[2025.07.20-22.24.53:038][994]LogSavePackage: Moving '../../../../../UTN-e-learning/Unreal-Engine/Unreal-Projects/TP_PreEntrega/Saved/lambert2SG5328F3434A43FCF078832AA9F0CCBC60.tmp' to '../../../../../UTN-e-learning/Unreal-Engine/Unreal-Projects/TP_PreEntrega/Content/ThirdPersonBP/Blueprints/blueprints/Textures/lambert2SG.uasset'
[2025.07.20-22.24.53:058][994]LogSavePackage: Moving '../../../../../UTN-e-learning/Unreal-Engine/Unreal-Projects/TP_PreEntrega/Saved/lambert382E86AA34FF4BA4B63C243BC31D4876A.tmp' to '../../../../../UTN-e-learning/Unreal-Engine/Unreal-Projects/TP_PreEntrega/Content/ThirdPersonBP/Blueprints/blueprints/Textures/lambert3.uasset'
[2025.07.20-22.24.53:075][994]LogSavePackage: Moving '../../../../../UTN-e-learning/Unreal-Engine/Unreal-Projects/TP_PreEntrega/Saved/Lowpoly_rockWall2Mat98A2C389417B7897CB7AB5B06A5CBD02.tmp' to '../../../../../UTN-e-learning/Unreal-Engine/Unreal-Projects/TP_PreEntrega/Content/ThirdPersonBP/Blueprints/blueprints/Textures/Lowpoly_rockWall2Mat.uasset'
[2025.07.20-22.24.53:143][994]LogSavePackage: Moving '../../../../../UTN-e-learning/Unreal-Engine/Unreal-Projects/TP_PreEntrega/Saved/M_Rock_Basalt4F55048842D9C41ED02127BB49DFF5AF.tmp' to '../../../../../UTN-e-learning/Unreal-Engine/Unreal-Projects/TP_PreEntrega/Content/StarterContent/Materials/M_Rock_Basalt.uasset'
[2025.07.20-22.24.57:146][994]LogSlate: Window 'Message' being destroyed
[2025.07.20-22.24.57:155][994]Message dialog closed, result: Ok, title: Message, text: A file/folder may not match any of the following : 
CON, PRN, AUX, CLOCK$, NUL, NONE, 
COM1, COM2, COM3, COM4, COM5, COM6, COM7, COM8, COM9, 
LPT1, LPT2, LPT3, LPT4, LPT5, LPT6, LPT7, LPT8, or LPT9.
[2025.07.20-22.24.57:184][994]LogSavePackage: Moving '../../../../../UTN-e-learning/Unreal-Engine/Unreal-Projects/TP_PreEntrega/Saved/None__untitled7E94449048D391B324E6FFB83AC1A738.tmp' to '../../../../../UTN-e-learning/Unreal-Engine/Unreal-Projects/TP_PreEntrega/Content/ThirdPersonBP/Blueprints/blueprints/Textures/golem/None__untitled.uasset'
[2025.07.20-22.24.57:201][994]LogSavePackage: Moving '../../../../../UTN-e-learning/Unreal-Engine/Unreal-Projects/TP_PreEntrega/Saved/StoneGolem_anim_fbx82EB731A4EF02E8E5693B5B717CBC664.tmp' to '../../../../../UTN-e-learning/Unreal-Engine/Unreal-Projects/TP_PreEntrega/Content/ThirdPersonBP/Blueprints/blueprints/Textures/golem/StoneGolem_anim_fbx.uasset'
[2025.07.20-22.24.57:209][994]LogSavePackage: Moving '../../../../../UTN-e-learning/Unreal-Engine/Unreal-Projects/TP_PreEntrega/Saved/StoneGolem_anim_fbx_PhysicsAsset15576A724805CE9B20627083D1E30937.tmp' to '../../../../../UTN-e-learning/Unreal-Engine/Unreal-Projects/TP_PreEntrega/Content/ThirdPersonBP/Blueprints/blueprints/Textures/golem/StoneGolem_anim_fbx_PhysicsAsset.uasset'
[2025.07.20-22.24.57:212][994]LogSavePackage: Moving '../../../../../UTN-e-learning/Unreal-Engine/Unreal-Projects/TP_PreEntrega/Saved/StoneGolem_anim_fbx_SkeletonC33A8C5B49CFD98DA991D7ABC19CBFBC.tmp' to '../../../../../UTN-e-learning/Unreal-Engine/Unreal-Projects/TP_PreEntrega/Content/ThirdPersonBP/Blueprints/blueprints/Textures/golem/StoneGolem_anim_fbx_Skeleton.uasset'
[2025.07.20-22.24.57:234][994]LogSavePackage: Moving '../../../../../UTN-e-learning/Unreal-Engine/Unreal-Projects/TP_PreEntrega/Saved/StoneGolem_anim_objE62CE8F24069D164F2A7949464182A2A.tmp' to '../../../../../UTN-e-learning/Unreal-Engine/Unreal-Projects/TP_PreEntrega/Content/ThirdPersonBP/Blueprints/blueprints/Textures/golem/StoneGolem_anim_obj.uasset'
[2025.07.20-22.24.57:255][994]LogFileHelpers: Warning: The following assets are writable on disk but not checked out from source control:
/Game/ThirdPersonBP/Blueprints/blueprints/Textures/golem/None
[2025.07.20-22.25.05:292][994]LogSlate: Window 'Writable Assets Not Checked Out' being destroyed
[2025.07.20-22.25.06:620][994]LogSlate: Window 'Packages Failed To Save' being destroyed
[2025.07.20-22.25.06:631][994]Message dialog closed, result: Ok, title: Packages Failed To Save, text: The following assets failed to save correctly:
/Game/ThirdPersonBP/Blueprints/blueprints/Textures/golem/None
[2025.07.20-22.25.06:670][994]LogSlate: Window 'TP_PreEntrega - Unreal Editor' being destroyed
[2025.07.20-22.25.06:670][994]LogWindowsTextInputMethodSystem: Display: IME system deactivated.
[2025.07.20-22.25.07:013][994]AssetCheck: New page: Asset Save: multiple assets
[2025.07.20-22.25.07:013][994]LogContentValidation: Display: Validating Texture2D /Game/ThirdPersonBP/Blueprints/blueprints/Textures/golem/GolemTexture.GolemTexture
[2025.07.20-22.25.07:014][994]LogContentValidation: Display: Validating Material /Game/ThirdPersonBP/Blueprints/blueprints/Textures/lambert2.lambert2
[2025.07.20-22.25.07:014][994]LogContentValidation: Display: Validating Material /Game/ThirdPersonBP/Blueprints/blueprints/Textures/lambert3.lambert3
[2025.07.20-22.25.07:014][994]LogContentValidation: Display: Validating Material /Game/ThirdPersonBP/Blueprints/blueprints/Textures/lambert2SG.lambert2SG
[2025.07.20-22.25.07:014][994]LogContentValidation: Display: Validating StaticMesh /Game/ThirdPersonBP/Blueprints/blueprints/Textures/golem/StoneGolem_anim_obj.StoneGolem_anim_obj
[2025.07.20-22.25.07:014][994]LogContentValidation: Display: Validating PhysicsAsset /Game/ThirdPersonBP/Blueprints/blueprints/Textures/golem/StoneGolem_anim_fbx_PhysicsAsset.StoneGolem_anim_fbx_PhysicsAsset
[2025.07.20-22.25.07:014][994]LogContentValidation: Display: Validating Skeleton /Game/ThirdPersonBP/Blueprints/blueprints/Textures/golem/StoneGolem_anim_fbx_Skeleton.StoneGolem_anim_fbx_Skeleton
[2025.07.20-22.25.07:015][994]LogContentValidation: Display: Validating Material /Game/ThirdPersonBP/Blueprints/blueprints/Textures/golem/None__untitled.None__untitled
[2025.07.20-22.25.07:015][994]LogContentValidation: Display: Validating SkeletalMesh /Game/ThirdPersonBP/Blueprints/blueprints/Textures/golem/StoneGolem_anim_fbx.StoneGolem_anim_fbx
[2025.07.20-22.25.07:015][994]LogContentValidation: Display: Validating Material /Game/StarterContent/Materials/M_Rock_Basalt.M_Rock_Basalt
[2025.07.20-22.25.07:015][994]LogContentValidation: Display: Validating Material /Game/ThirdPersonBP/Blueprints/blueprints/Textures/Lowpoly_rockWall2Mat.Lowpoly_rockWall2Mat
[2025.07.20-22.25.07:024][995]Cmd: QUIT_EDITOR
[2025.07.20-22.25.07:024][995]LogCore: Engine exit requested (reason: UUnrealEdEngine::CloseEditor())
[2025.07.20-22.25.07:083][995]LogCore: Engine exit requested (reason: EngineExit() was called; note: exit was already requested)
[2025.07.20-22.25.07:407][995]LogAudio: Display: Beginning Audio Device Manager Shutdown (Module: AudioMixerXAudio2)...
[2025.07.20-22.25.07:407][995]LogAudio: Display: Destroying 1 Remaining Audio Device(s)...
[2025.07.20-22.25.07:407][995]LogAudio: Display: Audio Device unregistered from world 'ThirdPersonExampleMap'.
[2025.07.20-22.25.07:407][995]LogAudioMixer: FMixerPlatformXAudio2::StopAudioStream() called
[2025.07.20-22.25.07:411][995]LogAudioMixer: FMixerPlatformXAudio2::StopAudioStream() called
[2025.07.20-22.25.07:428][995]LogAudio: Display: Audio Device Manager Shutdown
[2025.07.20-22.25.07:437][995]LogExit: Preparing to exit.
[2025.07.20-22.25.07:498][995]LogUObjectHash: Compacting FUObjectHashTables data took   3.17ms
[2025.07.20-22.25.08:753][995]LogActorComponent: UnregisterComponent: (None.None) Not registered. Aborting.
[2025.07.20-22.25.08:753][995]LogActorComponent: UnregisterComponent: (None.None) Not registered. Aborting.
[2025.07.20-22.25.08:753][995]LogActorComponent: UnregisterComponent: (None.None) Not registered. Aborting.
[2025.07.20-22.25.08:753][995]LogActorComponent: UnregisterComponent: (None.None) Not registered. Aborting.
[2025.07.20-22.25.08:753][995]LogActorComponent: UnregisterComponent: (None.None) Not registered. Aborting.
[2025.07.20-22.25.08:753][995]LogActorComponent: UnregisterComponent: (None.None) Not registered. Aborting.
[2025.07.20-22.25.08:753][995]LogActorComponent: UnregisterComponent: (None.None) Not registered. Aborting.
[2025.07.20-22.25.08:753][995]LogWorld: UWorld::CleanupWorld for None, bSessionEnded=true, bCleanupResources=true
[2025.07.20-22.25.08:754][995]LogActorComponent: UnregisterComponent: (None.None) Not registered. Aborting.
[2025.07.20-22.25.08:754][995]LogActorComponent: UnregisterComponent: (None.None) Not registered. Aborting.
[2025.07.20-22.25.08:754][995]LogActorComponent: UnregisterComponent: (None.None) Not registered. Aborting.
[2025.07.20-22.25.08:754][995]LogActorComponent: UnregisterComponent: (None.None) Not registered. Aborting.
[2025.07.20-22.25.08:754][995]LogActorComponent: UnregisterComponent: (None.None) Not registered. Aborting.
[2025.07.20-22.25.08:754][995]LogActorComponent: UnregisterComponent: (None.None) Not registered. Aborting.
[2025.07.20-22.25.08:754][995]LogActorComponent: UnregisterComponent: (None.None) Not registered. Aborting.
[2025.07.20-22.25.08:754][995]LogWorld: UWorld::CleanupWorld for None, bSessionEnded=true, bCleanupResources=true
[2025.07.20-22.25.08:754][995]LogActorComponent: UnregisterComponent: (None.None) Not registered. Aborting.
[2025.07.20-22.25.08:754][995]LogActorComponent: UnregisterComponent: (None.None) Not registered. Aborting.
[2025.07.20-22.25.08:754][995]LogActorComponent: UnregisterComponent: (None.None) Not registered. Aborting.
[2025.07.20-22.25.08:754][995]LogActorComponent: UnregisterComponent: (None.None) Not registered. Aborting.
[2025.07.20-22.25.08:754][995]LogActorComponent: UnregisterComponent: (None.None) Not registered. Aborting.
[2025.07.20-22.25.08:754][995]LogActorComponent: UnregisterComponent: (None.None) Not registered. Aborting.
[2025.07.20-22.25.08:754][995]LogActorComponent: UnregisterComponent: (None.None) Not registered. Aborting.
[2025.07.20-22.25.08:754][995]LogWorld: UWorld::CleanupWorld for None, bSessionEnded=true, bCleanupResources=true
[2025.07.20-22.25.08:754][995]LogActorComponent: UnregisterComponent: (None.None) Not registered. Aborting.
[2025.07.20-22.25.08:754][995]LogActorComponent: UnregisterComponent: (None.None) Not registered. Aborting.
[2025.07.20-22.25.08:754][995]LogActorComponent: UnregisterComponent: (None.None) Not registered. Aborting.
[2025.07.20-22.25.08:754][995]LogActorComponent: UnregisterComponent: (None.None) Not registered. Aborting.
[2025.07.20-22.25.08:755][995]LogActorComponent: UnregisterComponent: (None.None) Not registered. Aborting.
[2025.07.20-22.25.08:755][995]LogActorComponent: UnregisterComponent: (None.None) Not registered. Aborting.
[2025.07.20-22.25.08:755][995]LogActorComponent: UnregisterComponent: (None.None) Not registered. Aborting.
[2025.07.20-22.25.08:755][995]LogWorld: UWorld::CleanupWorld for None, bSessionEnded=true, bCleanupResources=true
[2025.07.20-22.25.08:755][995]LogActorComponent: UnregisterComponent: (None.None) Not registered. Aborting.
[2025.07.20-22.25.08:755][995]LogActorComponent: UnregisterComponent: (None.None) Not registered. Aborting.
[2025.07.20-22.25.08:755][995]LogActorComponent: UnregisterComponent: (None.None) Not registered. Aborting.
[2025.07.20-22.25.08:755][995]LogActorComponent: UnregisterComponent: (None.None) Not registered. Aborting.
[2025.07.20-22.25.08:755][995]LogActorComponent: UnregisterComponent: (None.None) Not registered. Aborting.
[2025.07.20-22.25.08:755][995]LogActorComponent: UnregisterComponent: (None.None) Not registered. Aborting.
[2025.07.20-22.25.08:755][995]LogActorComponent: UnregisterComponent: (None.None) Not registered. Aborting.
[2025.07.20-22.25.08:755][995]LogWorld: UWorld::CleanupWorld for None, bSessionEnded=true, bCleanupResources=true
[2025.07.20-22.25.08:755][995]LogActorComponent: UnregisterComponent: (None.None) Not registered. Aborting.
[2025.07.20-22.25.08:755][995]LogActorComponent: UnregisterComponent: (None.None) Not registered. Aborting.
[2025.07.20-22.25.08:755][995]LogActorComponent: UnregisterComponent: (None.None) Not registered. Aborting.
[2025.07.20-22.25.08:755][995]LogActorComponent: UnregisterComponent: (None.None) Not registered. Aborting.
[2025.07.20-22.25.08:755][995]LogActorComponent: UnregisterComponent: (None.None) Not registered. Aborting.
[2025.07.20-22.25.08:755][995]LogActorComponent: UnregisterComponent: (None.None) Not registered. Aborting.
[2025.07.20-22.25.08:755][995]LogActorComponent: UnregisterComponent: (None.None) Not registered. Aborting.
[2025.07.20-22.25.08:755][995]LogWorld: UWorld::CleanupWorld for None, bSessionEnded=true, bCleanupResources=true
[2025.07.20-22.25.08:755][995]LogActorComponent: UnregisterComponent: (None.None) Not registered. Aborting.
[2025.07.20-22.25.08:755][995]LogActorComponent: UnregisterComponent: (None.None) Not registered. Aborting.
[2025.07.20-22.25.08:755][995]LogActorComponent: UnregisterComponent: (None.None) Not registered. Aborting.
[2025.07.20-22.25.08:756][995]LogActorComponent: UnregisterComponent: (None.None) Not registered. Aborting.
[2025.07.20-22.25.08:756][995]LogActorComponent: UnregisterComponent: (None.None) Not registered. Aborting.
[2025.07.20-22.25.08:756][995]LogActorComponent: UnregisterComponent: (None.None) Not registered. Aborting.
[2025.07.20-22.25.08:756][995]LogActorComponent: UnregisterComponent: (None.None) Not registered. Aborting.
[2025.07.20-22.25.08:756][995]LogWorld: UWorld::CleanupWorld for None, bSessionEnded=true, bCleanupResources=true
[2025.07.20-22.25.08:756][995]LogActorComponent: UnregisterComponent: (None.None) Not registered. Aborting.
[2025.07.20-22.25.08:756][995]LogActorComponent: UnregisterComponent: (None.None) Not registered. Aborting.
[2025.07.20-22.25.08:756][995]LogActorComponent: UnregisterComponent: (None.None) Not registered. Aborting.
[2025.07.20-22.25.08:756][995]LogActorComponent: UnregisterComponent: (None.None) Not registered. Aborting.
[2025.07.20-22.25.08:756][995]LogActorComponent: UnregisterComponent: (None.None) Not registered. Aborting.
[2025.07.20-22.25.08:756][995]LogActorComponent: UnregisterComponent: (None.None) Not registered. Aborting.
[2025.07.20-22.25.08:756][995]LogActorComponent: UnregisterComponent: (None.None) Not registered. Aborting.
[2025.07.20-22.25.08:756][995]LogWorld: UWorld::CleanupWorld for None, bSessionEnded=true, bCleanupResources=true
[2025.07.20-22.25.08:756][995]LogActorComponent: UnregisterComponent: (None.None) Not registered. Aborting.
[2025.07.20-22.25.08:756][995]LogActorComponent: UnregisterComponent: (None.None) Not registered. Aborting.
[2025.07.20-22.25.08:756][995]LogActorComponent: UnregisterComponent: (None.None) Not registered. Aborting.
[2025.07.20-22.25.08:756][995]LogActorComponent: UnregisterComponent: (None.None) Not registered. Aborting.
[2025.07.20-22.25.08:756][995]LogActorComponent: UnregisterComponent: (None.None) Not registered. Aborting.
[2025.07.20-22.25.08:756][995]LogActorComponent: UnregisterComponent: (None.None) Not registered. Aborting.
[2025.07.20-22.25.08:756][995]LogActorComponent: UnregisterComponent: (None.None) Not registered. Aborting.
[2025.07.20-22.25.08:756][995]LogWorld: UWorld::CleanupWorld for None, bSessionEnded=true, bCleanupResources=true
[2025.07.20-22.25.08:756][995]LogActorComponent: UnregisterComponent: (None.None) Not registered. Aborting.
[2025.07.20-22.25.08:756][995]LogActorComponent: UnregisterComponent: (None.None) Not registered. Aborting.
[2025.07.20-22.25.08:757][995]LogActorComponent: UnregisterComponent: (None.None) Not registered. Aborting.
[2025.07.20-22.25.08:757][995]LogActorComponent: UnregisterComponent: (None.None) Not registered. Aborting.
[2025.07.20-22.25.08:757][995]LogActorComponent: UnregisterComponent: (None.None) Not registered. Aborting.
[2025.07.20-22.25.08:757][995]LogActorComponent: UnregisterComponent: (None.None) Not registered. Aborting.
[2025.07.20-22.25.08:757][995]LogActorComponent: UnregisterComponent: (None.None) Not registered. Aborting.
[2025.07.20-22.25.08:757][995]LogWorld: UWorld::CleanupWorld for None, bSessionEnded=true, bCleanupResources=true
[2025.07.20-22.25.08:757][995]LogActorComponent: UnregisterComponent: (None.None) Not registered. Aborting.
[2025.07.20-22.25.08:757][995]LogActorComponent: UnregisterComponent: (None.None) Not registered. Aborting.
[2025.07.20-22.25.08:757][995]LogActorComponent: UnregisterComponent: (None.None) Not registered. Aborting.
[2025.07.20-22.25.08:757][995]LogActorComponent: UnregisterComponent: (None.None) Not registered. Aborting.
[2025.07.20-22.25.08:757][995]LogActorComponent: UnregisterComponent: (None.None) Not registered. Aborting.
[2025.07.20-22.25.08:757][995]LogActorComponent: UnregisterComponent: (None.None) Not registered. Aborting.
[2025.07.20-22.25.08:757][995]LogActorComponent: UnregisterComponent: (None.None) Not registered. Aborting.
[2025.07.20-22.25.08:757][995]LogWorld: UWorld::CleanupWorld for None, bSessionEnded=true, bCleanupResources=true
[2025.07.20-22.25.08:757][995]LogActorComponent: UnregisterComponent: (None.None) Not registered. Aborting.
[2025.07.20-22.25.08:757][995]LogActorComponent: UnregisterComponent: (None.None) Not registered. Aborting.
[2025.07.20-22.25.08:757][995]LogActorComponent: UnregisterComponent: (None.None) Not registered. Aborting.
[2025.07.20-22.25.08:757][995]LogActorComponent: UnregisterComponent: (None.None) Not registered. Aborting.
[2025.07.20-22.25.08:757][995]LogActorComponent: UnregisterComponent: (None.None) Not registered. Aborting.
[2025.07.20-22.25.08:757][995]LogActorComponent: UnregisterComponent: (None.None) Not registered. Aborting.
[2025.07.20-22.25.08:757][995]LogActorComponent: UnregisterComponent: (None.None) Not registered. Aborting.
[2025.07.20-22.25.08:757][995]LogWorld: UWorld::CleanupWorld for None, bSessionEnded=true, bCleanupResources=true
[2025.07.20-22.25.08:757][995]LogActorComponent: UnregisterComponent: (None.None) Not registered. Aborting.
[2025.07.20-22.25.08:758][995]LogActorComponent: UnregisterComponent: (None.None) Not registered. Aborting.
[2025.07.20-22.25.08:758][995]LogActorComponent: UnregisterComponent: (None.None) Not registered. Aborting.
[2025.07.20-22.25.08:758][995]LogActorComponent: UnregisterComponent: (None.None) Not registered. Aborting.
[2025.07.20-22.25.08:758][995]LogActorComponent: UnregisterComponent: (None.None) Not registered. Aborting.
[2025.07.20-22.25.08:758][995]LogActorComponent: UnregisterComponent: (None.None) Not registered. Aborting.
[2025.07.20-22.25.08:758][995]LogActorComponent: UnregisterComponent: (None.None) Not registered. Aborting.
[2025.07.20-22.25.08:758][995]LogWorld: UWorld::CleanupWorld for None, bSessionEnded=true, bCleanupResources=true
[2025.07.20-22.25.08:758][995]LogActorComponent: UnregisterComponent: (None.None) Not registered. Aborting.
[2025.07.20-22.25.08:758][995]LogActorComponent: UnregisterComponent: (None.None) Not registered. Aborting.
[2025.07.20-22.25.08:758][995]LogActorComponent: UnregisterComponent: (None.None) Not registered. Aborting.
[2025.07.20-22.25.08:758][995]LogActorComponent: UnregisterComponent: (None.None) Not registered. Aborting.
[2025.07.20-22.25.08:758][995]LogActorComponent: UnregisterComponent: (None.None) Not registered. Aborting.
[2025.07.20-22.25.08:758][995]LogActorComponent: UnregisterComponent: (None.None) Not registered. Aborting.
[2025.07.20-22.25.08:758][995]LogActorComponent: UnregisterComponent: (None.None) Not registered. Aborting.
[2025.07.20-22.25.08:758][995]LogWorld: UWorld::CleanupWorld for None, bSessionEnded=true, bCleanupResources=true
[2025.07.20-22.25.08:758][995]LogActorComponent: UnregisterComponent: (None.None) Not registered. Aborting.
[2025.07.20-22.25.08:758][995]LogActorComponent: UnregisterComponent: (None.None) Not registered. Aborting.
[2025.07.20-22.25.08:758][995]LogActorComponent: UnregisterComponent: (None.None) Not registered. Aborting.
[2025.07.20-22.25.08:758][995]LogActorComponent: UnregisterComponent: (None.None) Not registered. Aborting.
[2025.07.20-22.25.08:758][995]LogActorComponent: UnregisterComponent: (None.None) Not registered. Aborting.
[2025.07.20-22.25.08:759][995]LogActorComponent: UnregisterComponent: (None.None) Not registered. Aborting.
[2025.07.20-22.25.08:759][995]LogActorComponent: UnregisterComponent: (None.None) Not registered. Aborting.
[2025.07.20-22.25.08:759][995]LogWorld: UWorld::CleanupWorld for None, bSessionEnded=true, bCleanupResources=true
[2025.07.20-22.25.08:759][995]LogActorComponent: UnregisterComponent: (None.None) Not registered. Aborting.
[2025.07.20-22.25.08:759][995]LogActorComponent: UnregisterComponent: (None.None) Not registered. Aborting.
[2025.07.20-22.25.08:759][995]LogActorComponent: UnregisterComponent: (None.None) Not registered. Aborting.
[2025.07.20-22.25.08:759][995]LogActorComponent: UnregisterComponent: (None.None) Not registered. Aborting.
[2025.07.20-22.25.08:759][995]LogActorComponent: UnregisterComponent: (None.None) Not registered. Aborting.
[2025.07.20-22.25.08:759][995]LogActorComponent: UnregisterComponent: (None.None) Not registered. Aborting.
[2025.07.20-22.25.08:759][995]LogActorComponent: UnregisterComponent: (None.None) Not registered. Aborting.
[2025.07.20-22.25.08:759][995]LogWorld: UWorld::CleanupWorld for None, bSessionEnded=true, bCleanupResources=true
[2025.07.20-22.25.08:759][995]LogActorComponent: UnregisterComponent: (None.None) Not registered. Aborting.
[2025.07.20-22.25.08:759][995]LogActorComponent: UnregisterComponent: (None.None) Not registered. Aborting.
[2025.07.20-22.25.08:759][995]LogActorComponent: UnregisterComponent: (None.None) Not registered. Aborting.
[2025.07.20-22.25.08:759][995]LogActorComponent: UnregisterComponent: (None.None) Not registered. Aborting.
[2025.07.20-22.25.08:759][995]LogActorComponent: UnregisterComponent: (None.None) Not registered. Aborting.
[2025.07.20-22.25.08:759][995]LogActorComponent: UnregisterComponent: (None.None) Not registered. Aborting.
[2025.07.20-22.25.08:759][995]LogActorComponent: UnregisterComponent: (None.None) Not registered. Aborting.
[2025.07.20-22.25.08:759][995]LogWorld: UWorld::CleanupWorld for None, bSessionEnded=true, bCleanupResources=true
[2025.07.20-22.25.08:759][995]LogActorComponent: UnregisterComponent: (None.None) Not registered. Aborting.
[2025.07.20-22.25.08:760][995]LogActorComponent: UnregisterComponent: (None.None) Not registered. Aborting.
[2025.07.20-22.25.08:760][995]LogActorComponent: UnregisterComponent: (None.None) Not registered. Aborting.
[2025.07.20-22.25.08:760][995]LogActorComponent: UnregisterComponent: (None.None) Not registered. Aborting.
[2025.07.20-22.25.08:760][995]LogActorComponent: UnregisterComponent: (None.None) Not registered. Aborting.
[2025.07.20-22.25.08:760][995]LogActorComponent: UnregisterComponent: (None.None) Not registered. Aborting.
[2025.07.20-22.25.08:760][995]LogActorComponent: UnregisterComponent: (None.None) Not registered. Aborting.
[2025.07.20-22.25.08:760][995]LogWorld: UWorld::CleanupWorld for None, bSessionEnded=true, bCleanupResources=true
[2025.07.20-22.25.08:760][995]LogActorComponent: UnregisterComponent: (None.None) Not registered. Aborting.
[2025.07.20-22.25.08:760][995]LogActorComponent: UnregisterComponent: (None.None) Not registered. Aborting.
[2025.07.20-22.25.08:760][995]LogActorComponent: UnregisterComponent: (None.None) Not registered. Aborting.
[2025.07.20-22.25.08:760][995]LogActorComponent: UnregisterComponent: (None.None) Not registered. Aborting.
[2025.07.20-22.25.08:760][995]LogActorComponent: UnregisterComponent: (None.None) Not registered. Aborting.
[2025.07.20-22.25.08:760][995]LogActorComponent: UnregisterComponent: (None.None) Not registered. Aborting.
[2025.07.20-22.25.08:760][995]LogActorComponent: UnregisterComponent: (None.None) Not registered. Aborting.
[2025.07.20-22.25.08:760][995]LogWorld: UWorld::CleanupWorld for None, bSessionEnded=true, bCleanupResources=true
[2025.07.20-22.25.08:760][995]LogActorComponent: UnregisterComponent: (None.None) Not registered. Aborting.
[2025.07.20-22.25.08:760][995]LogActorComponent: UnregisterComponent: (None.None) Not registered. Aborting.
[2025.07.20-22.25.08:760][995]LogActorComponent: UnregisterComponent: (None.None) Not registered. Aborting.
[2025.07.20-22.25.08:760][995]LogActorComponent: UnregisterComponent: (None.None) Not registered. Aborting.
[2025.07.20-22.25.08:760][995]LogActorComponent: UnregisterComponent: (None.None) Not registered. Aborting.
[2025.07.20-22.25.08:761][995]LogActorComponent: UnregisterComponent: (None.None) Not registered. Aborting.
[2025.07.20-22.25.08:761][995]LogActorComponent: UnregisterComponent: (None.None) Not registered. Aborting.
[2025.07.20-22.25.08:761][995]LogWorld: UWorld::CleanupWorld for None, bSessionEnded=true, bCleanupResources=true
[2025.07.20-22.25.08:761][995]LogActorComponent: UnregisterComponent: (None.None) Not registered. Aborting.
[2025.07.20-22.25.08:761][995]LogActorComponent: UnregisterComponent: (None.None) Not registered. Aborting.
[2025.07.20-22.25.08:761][995]LogActorComponent: UnregisterComponent: (None.None) Not registered. Aborting.
[2025.07.20-22.25.08:761][995]LogActorComponent: UnregisterComponent: (None.None) Not registered. Aborting.
[2025.07.20-22.25.08:761][995]LogActorComponent: UnregisterComponent: (None.None) Not registered. Aborting.
[2025.07.20-22.25.08:761][995]LogActorComponent: UnregisterComponent: (None.None) Not registered. Aborting.
[2025.07.20-22.25.08:761][995]LogActorComponent: UnregisterComponent: (None.None) Not registered. Aborting.
[2025.07.20-22.25.08:761][995]LogWorld: UWorld::CleanupWorld for None, bSessionEnded=true, bCleanupResources=true
[2025.07.20-22.25.08:761][995]LogActorComponent: UnregisterComponent: (None.None) Not registered. Aborting.
[2025.07.20-22.25.08:761][995]LogActorComponent: UnregisterComponent: (None.None) Not registered. Aborting.
[2025.07.20-22.25.08:761][995]LogActorComponent: UnregisterComponent: (None.None) Not registered. Aborting.
[2025.07.20-22.25.08:761][995]LogActorComponent: UnregisterComponent: (None.None) Not registered. Aborting.
[2025.07.20-22.25.08:761][995]LogActorComponent: UnregisterComponent: (None.None) Not registered. Aborting.
[2025.07.20-22.25.08:761][995]LogActorComponent: UnregisterComponent: (None.None) Not registered. Aborting.
[2025.07.20-22.25.08:761][995]LogActorComponent: UnregisterComponent: (None.None) Not registered. Aborting.
[2025.07.20-22.25.08:761][995]LogWorld: UWorld::CleanupWorld for None, bSessionEnded=true, bCleanupResources=true
[2025.07.20-22.25.08:761][995]LogActorComponent: UnregisterComponent: (None.None) Not registered. Aborting.
[2025.07.20-22.25.08:761][995]LogActorComponent: UnregisterComponent: (None.None) Not registered. Aborting.
[2025.07.20-22.25.08:762][995]LogActorComponent: UnregisterComponent: (None.None) Not registered. Aborting.
[2025.07.20-22.25.08:762][995]LogActorComponent: UnregisterComponent: (None.None) Not registered. Aborting.
[2025.07.20-22.25.08:762][995]LogActorComponent: UnregisterComponent: (None.None) Not registered. Aborting.
[2025.07.20-22.25.08:762][995]LogActorComponent: UnregisterComponent: (None.None) Not registered. Aborting.
[2025.07.20-22.25.08:762][995]LogActorComponent: UnregisterComponent: (None.None) Not registered. Aborting.
[2025.07.20-22.25.08:762][995]LogWorld: UWorld::CleanupWorld for None, bSessionEnded=true, bCleanupResources=true
[2025.07.20-22.25.08:762][995]LogActorComponent: UnregisterComponent: (None.None) Not registered. Aborting.
[2025.07.20-22.25.08:762][995]LogActorComponent: UnregisterComponent: (None.None) Not registered. Aborting.
[2025.07.20-22.25.08:762][995]LogActorComponent: UnregisterComponent: (None.None) Not registered. Aborting.
[2025.07.20-22.25.08:762][995]LogActorComponent: UnregisterComponent: (None.None) Not registered. Aborting.
[2025.07.20-22.25.08:762][995]LogActorComponent: UnregisterComponent: (None.None) Not registered. Aborting.
[2025.07.20-22.25.08:762][995]LogActorComponent: UnregisterComponent: (None.None) Not registered. Aborting.
[2025.07.20-22.25.08:762][995]LogActorComponent: UnregisterComponent: (None.None) Not registered. Aborting.
[2025.07.20-22.25.08:762][995]LogWorld: UWorld::CleanupWorld for None, bSessionEnded=true, bCleanupResources=true
[2025.07.20-22.25.08:762][995]LogActorComponent: UnregisterComponent: (None.None) Not registered. Aborting.
[2025.07.20-22.25.08:762][995]LogActorComponent: UnregisterComponent: (None.None) Not registered. Aborting.
[2025.07.20-22.25.08:762][995]LogActorComponent: UnregisterComponent: (None.None) Not registered. Aborting.
[2025.07.20-22.25.08:762][995]LogActorComponent: UnregisterComponent: (None.None) Not registered. Aborting.
[2025.07.20-22.25.08:762][995]LogActorComponent: UnregisterComponent: (None.None) Not registered. Aborting.
[2025.07.20-22.25.08:762][995]LogActorComponent: UnregisterComponent: (None.None) Not registered. Aborting.
[2025.07.20-22.25.08:762][995]LogActorComponent: UnregisterComponent: (None.None) Not registered. Aborting.
[2025.07.20-22.25.08:762][995]LogWorld: UWorld::CleanupWorld for None, bSessionEnded=true, bCleanupResources=true
[2025.07.20-22.25.08:785][995]LogStylusInput: Shutting down StylusInput subsystem.
[2025.07.20-22.25.08:785][995]LogWorld: UWorld::CleanupWorld for None, bSessionEnded=true, bCleanupResources=true
[2025.07.20-22.25.08:786][995]LogExit: Editor shut down
[2025.07.20-22.25.08:787][995]LogExit: Transaction tracking system shut down
[2025.07.20-22.25.08:827][995]LogDemo: Cleaned up 0 splitscreen connections with owner deletion
[2025.07.20-22.25.09:350][995]LogExit: Object subsystem successfully closed.
[2025.07.20-22.25.09:389][995]LogShaderCompilers: Display: === FShaderJobCache stats ===
[2025.07.20-22.25.09:389][995]LogShaderCompilers: Display: Total job queries 458, among them cache hits 100 (21.83%)
[2025.07.20-22.25.09:389][995]LogShaderCompilers: Display: Tracking 244 distinct input hashes that result in 110 distinct outputs (45.08%)
[2025.07.20-22.25.09:389][995]LogShaderCompilers: Display: RAM used: 0.75 MB (0.00 GB) of 1638.40 MB (1.60 GB) budget. Usage: 0.05%
[2025.07.20-22.25.09:389][995]LogShaderCompilers: Display: ================================================
[2025.07.20-22.25.09:416][995]LogShaderCompilers: Display: Shaders left to compile 0
[2025.07.20-22.25.09:458][995]LogModuleManager: Shutting down and abandoning module TextureEditor (904)
[2025.07.20-22.25.09:458][995]LogModuleManager: Shutting down and abandoning module PinnedCommandList (902)
[2025.07.20-22.25.09:458][995]LogModuleManager: Shutting down and abandoning module SkeletonEditor (900)
[2025.07.20-22.25.09:458][995]LogModuleManager: Shutting down and abandoning module StaticMeshEditor (898)
[2025.07.20-22.25.09:458][995]LogModuleManager: Shutting down and abandoning module BlueprintGraph (896)
[2025.07.20-22.25.09:458][995]LogModuleManager: Shutting down and abandoning module MovieSceneCapture (894)
[2025.07.20-22.25.09:458][995]LogModuleManager: Shutting down and abandoning module Voice (892)
[2025.07.20-22.25.09:458][995]LogModuleManager: Shutting down and abandoning module HierarchicalLODOutliner (890)
[2025.07.20-22.25.09:458][995]LogModuleManager: Shutting down and abandoning module SceneOutliner (888)
[2025.07.20-22.25.09:458][995]LogModuleManager: Shutting down and abandoning module AddContentDialog (886)
[2025.07.20-22.25.09:461][995]LogModuleManager: Shutting down and abandoning module WidgetCarousel (885)
[2025.07.20-22.25.09:461][995]LogModuleManager: Shutting down and abandoning module EditorWidgets (882)
[2025.07.20-22.25.09:461][995]LogModuleManager: Shutting down and abandoning module StatsViewer (880)
[2025.07.20-22.25.09:461][995]LogModuleManager: Shutting down and abandoning module PIEPreviewDeviceProfileSelector (878)
[2025.07.20-22.25.09:461][995]LogModuleManager: Shutting down and abandoning module SequenceRecorderSections (876)
[2025.07.20-22.25.09:461][995]LogModuleManager: Shutting down and abandoning module AutomationWorker (874)
[2025.07.20-22.25.09:461][995]LogModuleManager: Shutting down and abandoning module SteamVREditor (872)
[2025.07.20-22.25.09:461][995]LogModuleManager: Shutting down and abandoning module OculusMR (870)
[2025.07.20-22.25.09:461][995]LogModuleManager: Shutting down and abandoning module OpenXRInput (868)
[2025.07.20-22.25.09:461][995]LogModuleManager: Shutting down and abandoning module GooglePADEditor (866)
[2025.07.20-22.25.09:461][995]LogModuleManager: Shutting down and abandoning module AudioCaptureEditor (864)
[2025.07.20-22.25.09:461][995]LogModuleManager: Shutting down and abandoning module TakeRecorderSources (862)
[2025.07.20-22.25.09:463][995]LogModuleManager: Shutting down and abandoning module TakeRecorder (861)
[2025.07.20-22.25.09:463][995]LogModuleManager: Shutting down and abandoning module TakeTrackRecorders (858)
[2025.07.20-22.25.09:463][995]LogModuleManager: Shutting down and abandoning module TakesCore (856)
[2025.07.20-22.25.09:463][995]LogModuleManager: Shutting down and abandoning module PlanarCut (854)
[2025.07.20-22.25.09:463][995]LogModuleManager: Shutting down and abandoning module TemplateSequenceEditor (852)
[2025.07.20-22.25.09:464][995]LogModuleManager: Shutting down and abandoning module MatineeToLevelSequence (850)
[2025.07.20-22.25.09:464][995]LogModuleManager: Shutting down and abandoning module LevelSequenceEditor (848)
[2025.07.20-22.25.09:464][995]LogModuleManager: Shutting down and abandoning module WebMMediaFactory (846)
[2025.07.20-22.25.09:464][995]LogModuleManager: Shutting down and abandoning module WebMMediaEditor (844)
[2025.07.20-22.25.09:464][995]LogModuleManager: Shutting down and abandoning module WebMMedia (842)
[2025.07.20-22.25.09:464][995]LogModuleManager: Shutting down and abandoning module WmfMediaFactory (840)
[2025.07.20-22.25.09:464][995]LogModuleManager: Shutting down and abandoning module WmfMediaEditor (838)
[2025.07.20-22.25.09:464][995]LogModuleManager: Shutting down and abandoning module ActorSequenceEditor (836)
[2025.07.20-22.25.09:464][995]LogModuleManager: Shutting down and abandoning module MediaPlayerEditor (834)
[2025.07.20-22.25.09:464][995]LogModuleManager: Shutting down and abandoning module MediaCompositingEditor (832)
[2025.07.20-22.25.09:464][995]LogModuleManager: Shutting down and abandoning module SequenceRecorder (831)
[2025.07.20-22.25.09:464][995]LogModuleManager: Shutting down and abandoning module OpenExrWrapper (828)
[2025.07.20-22.25.09:464][995]LogModuleManager: Shutting down and abandoning module ImgMediaFactory (826)
[2025.07.20-22.25.09:465][995]LogModuleManager: Shutting down and abandoning module ImgMediaEditor (824)
[2025.07.20-22.25.09:465][995]LogModuleManager: Shutting down and abandoning module AvfMediaFactory (822)
[2025.07.20-22.25.09:465][995]LogModuleManager: Shutting down and abandoning module AvfMediaEditor (820)
[2025.07.20-22.25.09:465][995]LogModuleManager: Shutting down and abandoning module CharacterAI (818)
[2025.07.20-22.25.09:465][995]LogModuleManager: Shutting down and abandoning module AndroidMediaFactory (816)
[2025.07.20-22.25.09:465][995]LogModuleManager: Shutting down and abandoning module AndroidMediaEditor (814)
[2025.07.20-22.25.09:465][995]LogModuleManager: Shutting down and abandoning module MagicLeapMediaCodecFactory (812)
[2025.07.20-22.25.09:465][995]LogModuleManager: Shutting down and abandoning module MagicLeapMediaFactory (810)
[2025.07.20-22.25.09:465][995]LogModuleManager: Shutting down and abandoning module MagicLeapMediaEditor (808)
[2025.07.20-22.25.09:465][995]LogModuleManager: Shutting down and abandoning module TextureAlignMode (806)
[2025.07.20-22.25.09:465][995]LogModuleManager: Shutting down and abandoning module BspMode (804)
[2025.07.20-22.25.09:465][995]LogModuleManager: Shutting down and abandoning module GeometryMode (802)
[2025.07.20-22.25.09:465][995]LogModuleManager: Shutting down and abandoning module CameraShakePreviewer (800)
[2025.07.20-22.25.09:465][995]LogModuleManager: Shutting down and abandoning module SmartSnapping (798)
[2025.07.20-22.25.09:465][995]LogModuleManager: Shutting down and abandoning module SessionServices (796)
[2025.07.20-22.25.09:465][995]LogModuleManager: Shutting down and abandoning module MeshPaint (794)
[2025.07.20-22.25.09:465][995]LogModuleManager: Shutting down and abandoning module VirtualTexturingEditor (792)
[2025.07.20-22.25.09:466][995]LogModuleManager: Shutting down and abandoning module FoliageEdit (790)
[2025.07.20-22.25.09:466][995]LogModuleManager: Shutting down and abandoning module LandscapeEditor (788)
[2025.07.20-22.25.09:466][995]LogModuleManager: Shutting down and abandoning module MeshPaintMode (786)
[2025.07.20-22.25.09:466][995]LogModuleManager: Shutting down and abandoning module SceneDepthPickerMode (784)
[2025.07.20-22.25.09:466][995]LogModuleManager: Shutting down and abandoning module ActorPickerMode (782)
[2025.07.20-22.25.09:466][995]LogModuleManager: Shutting down and abandoning module PlacementMode (780)
[2025.07.20-22.25.09:467][995]LogModuleManager: Shutting down and abandoning module ViewportSnapping (778)
[2025.07.20-22.25.09:467][995]LogModuleManager: Shutting down and abandoning module ViewportInteraction (776)
[2025.07.20-22.25.09:467][995]LogModuleManager: Shutting down and abandoning module ClothPainter (774)
[2025.07.20-22.25.09:467][995]LogModuleManager: Shutting down and abandoning module SkeletalMeshEditor (773)
[2025.07.20-22.25.09:467][995]LogModuleManager: Shutting down and abandoning module LogVisualizer (770)
[2025.07.20-22.25.09:467][995]LogModuleManager: Shutting down and abandoning module IntroTutorials (768)
[2025.07.20-22.25.09:467][995]LogModuleManager: Shutting down and abandoning module GameProjectGeneration (767)
[2025.07.20-22.25.09:467][995]LogModuleManager: Shutting down and abandoning module LuminPlatformEditor (764)
[2025.07.20-22.25.09:467][995]LogModuleManager: Shutting down and abandoning module IOSPlatformEditor (762)
[2025.07.20-22.25.09:467][995]LogModuleManager: Shutting down and abandoning module AndroidPlatformEditor (760)
[2025.07.20-22.25.09:467][995]LogModuleManager: Shutting down and abandoning module AndroidDeviceDetection (759)
[2025.07.20-22.25.10:313][995]LogModuleManager: Shutting down and abandoning module WindowsPlatformEditor (756)
[2025.07.20-22.25.10:313][995]LogModuleManager: Shutting down and abandoning module LuminRuntimeSettings (754)
[2025.07.20-22.25.10:313][995]LogModuleManager: Shutting down and abandoning module IOSRuntimeSettings (752)
[2025.07.20-22.25.10:313][995]LogModuleManager: Shutting down and abandoning module AndroidRuntimeSettings (750)
[2025.07.20-22.25.10:313][995]LogModuleManager: Shutting down and abandoning module TraceInsights (748)
[2025.07.20-22.25.10:320][995]MemoryProfiler: Shutdown
[2025.07.20-22.25.10:320][995]NetworkingProfiler: Shutdown
[2025.07.20-22.25.10:320][995]LoadingProfiler: Shutdown
[2025.07.20-22.25.10:320][995]TimingProfiler: Shutdown
[2025.07.20-22.25.10:320][995]LogModuleManager: Shutting down and abandoning module TraceServices (747)
[2025.07.20-22.25.10:321][995]LogModuleManager: Shutting down and abandoning module EditorInteractiveToolsFramework (744)
[2025.07.20-22.25.10:321][995]LogModuleManager: Shutting down and abandoning module TimeManagementEditor (742)
[2025.07.20-22.25.10:321][995]LogModuleManager: Shutting down and abandoning module InputBindingEditor (740)
[2025.07.20-22.25.10:321][995]LogModuleManager: Shutting down and abandoning module MergeActors (738)
[2025.07.20-22.25.10:321][995]LogModuleManager: Shutting down and abandoning module LocalizationDashboard (736)
[2025.07.20-22.25.10:321][995]LogModuleManager: Shutting down and abandoning module LocalizationService (735)
[2025.07.20-22.25.10:321][995]LogModuleManager: Shutting down and abandoning module HardwareTargeting (732)
[2025.07.20-22.25.10:321][995]LogModuleManager: Shutting down and abandoning module DeviceProfileEditor (730)
[2025.07.20-22.25.10:321][995]LogModuleManager: Shutting down and abandoning module UndoHistory (728)
[2025.07.20-22.25.10:321][995]LogModuleManager: Shutting down and abandoning module XmlParser (726)
[2025.07.20-22.25.10:321][995]LogModuleManager: Shutting down and abandoning module Blutility (724)
[2025.07.20-22.25.10:321][995]LogModuleManager: Shutting down and abandoning module ProjectSettingsViewer (722)
[2025.07.20-22.25.10:321][995]LogModuleManager: Shutting down and abandoning module ProjectTargetPlatformEditor (721)
[2025.07.20-22.25.10:322][995]LogModuleManager: Shutting down and abandoning module EditorSettingsViewer (718)
[2025.07.20-22.25.10:322][995]LogModuleManager: Shutting down and abandoning module InternationalizationSettings (717)
[2025.07.20-22.25.10:322][995]LogModuleManager: Shutting down and abandoning module SettingsEditor (714)
[2025.07.20-22.25.10:322][995]LogModuleManager: Shutting down and abandoning module ProjectLauncher (712)
[2025.07.20-22.25.10:322][995]LogModuleManager: Shutting down and abandoning module SessionFrontend (710)
[2025.07.20-22.25.10:322][995]LogModuleManager: Shutting down and abandoning module ProfilerClient (708)
[2025.07.20-22.25.10:322][995]LogModuleManager: Shutting down and abandoning module DeviceManager (706)
[2025.07.20-22.25.10:322][995]LogModuleManager: Shutting down and abandoning module TargetDeviceServices (705)
[2025.07.20-22.25.10:354][995]LogModuleManager: Shutting down and abandoning module AutomationController (702)
[2025.07.20-22.25.10:354][995]LogModuleManager: Shutting down and abandoning module AutomationWindow (700)
[2025.07.20-22.25.10:354][995]LogModuleManager: Shutting down and abandoning module Layers (698)
[2025.07.20-22.25.10:354][995]LogModuleManager: Shutting down and abandoning module ComponentVisualizers (696)
[2025.07.20-22.25.10:354][995]LogModuleManager: Shutting down and abandoning module DetailCustomizations (694)
[2025.07.20-22.25.10:354][995]LogModuleManager: Shutting down and abandoning module PackagesDialog (692)
[2025.07.20-22.25.10:354][995]LogModuleManager: Shutting down and abandoning module AnimationBlueprintEditor (690)
[2025.07.20-22.25.10:354][995]LogModuleManager: Shutting down and abandoning module Persona (688)
[2025.07.20-22.25.10:354][995]LogModuleManager: Shutting down and abandoning module AdvancedPreviewScene (687)
[2025.07.20-22.25.10:354][995]LogModuleManager: Shutting down and abandoning module AnimGraph (685)
[2025.07.20-22.25.10:354][995]LogModuleManager: Shutting down and abandoning module Kismet (682)
[2025.07.20-22.25.10:375][995]LogModuleManager: Shutting down and abandoning module KismetWidgets (681)
[2025.07.20-22.25.10:375][995]LogModuleManager: Shutting down and abandoning module GraphEditor (678)
[2025.07.20-22.25.10:376][995]LogModuleManager: Shutting down and abandoning module StructViewer (676)
[2025.07.20-22.25.10:376][995]LogModuleManager: Shutting down and abandoning module ClassViewer (674)
[2025.07.20-22.25.10:378][995]LogModuleManager: Shutting down and abandoning module Toolbox (672)
[2025.07.20-22.25.10:378][995]LogModuleManager: Shutting down and abandoning module ModuleUI (670)
[2025.07.20-22.25.10:378][995]LogModuleManager: Shutting down and abandoning module OutputLog (668)
[2025.07.20-22.25.10:380][995]LogModuleManager: Shutting down and abandoning module GammaUI (666)
[2025.07.20-22.25.10:380][995]LogModuleManager: Shutting down and abandoning module Documentation (664)
[2025.07.20-22.25.10:380][995]LogModuleManager: Shutting down and abandoning module LiveCoding (662)
[2025.07.20-22.25.10:381][995]LogModuleManager: Shutting down and abandoning module LevelSequence (660)
[2025.07.20-22.25.10:381][995]LogModuleManager: Shutting down and abandoning module MovieSceneTracks (658)
[2025.07.20-22.25.10:381][995]LogModuleManager: Shutting down and abandoning module MovieScene (656)
[2025.07.20-22.25.10:381][995]LogModuleManager: Shutting down and abandoning module StreamingPauseRendering (654)
[2025.07.20-22.25.10:381][995]LogModuleManager: Shutting down and abandoning module LauncherPlatform (652)
[2025.07.20-22.25.10:381][995]LogModuleManager: Shutting down and abandoning module AnalyticsET (650)
[2025.07.20-22.25.10:381][995]LogModuleManager: Shutting down and abandoning module PortalServices (648)
[2025.07.20-22.25.10:381][995]LogModuleManager: Shutting down and abandoning module PortalRpc (646)
[2025.07.20-22.25.10:381][995]LogModuleManager: Shutting down and abandoning module MessagingRpc (644)
[2025.07.20-22.25.10:382][995]LogModuleManager: Shutting down and abandoning module AudioMixerXAudio2 (642)
[2025.07.20-22.25.10:382][995]LogModuleManager: Shutting down and abandoning module AudioMixerCore (641)
[2025.07.20-22.25.10:382][995]LogModuleManager: Shutting down and abandoning module AIModule (638)
[2025.07.20-22.25.10:382][995]LogModuleManager: Shutting down and abandoning module GameplayDebugger (637)
[2025.07.20-22.25.10:382][995]LogModuleManager: Shutting down and abandoning module AITestSuite (635)
[2025.07.20-22.25.10:382][995]LogModuleManager: Shutting down and abandoning module NavigationSystem (633)
[2025.07.20-22.25.10:382][995]LogModuleManager: Shutting down and abandoning module ImageWriteQueue (630)
[2025.07.20-22.25.10:382][995]LogModuleManager: Shutting down and abandoning module ProfilerService (628)
[2025.07.20-22.25.10:412][995]LogModuleManager: Shutting down and abandoning module TaskGraph (626)
[2025.07.20-22.25.10:412][995]LogModuleManager: Shutting down and abandoning module AudioSynesthesiaEditor (624)
[2025.07.20-22.25.10:412][995]LogModuleManager: Shutting down and abandoning module OculusEditor (622)
[2025.07.20-22.25.10:412][995]LogModuleManager: Shutting down and abandoning module OculusInput (620)
[2025.07.20-22.25.10:412][995]LogModuleManager: Shutting down and abandoning module ContentBrowserFileDataSource (618)
[2025.07.20-22.25.10:412][995]LogModuleManager: Shutting down and abandoning module ContentBrowserClassDataSource (616)
[2025.07.20-22.25.10:412][995]LogModuleManager: Shutting down and abandoning module ContentBrowserAssetDataSource (614)
[2025.07.20-22.25.10:412][995]LogModuleManager: Shutting down and abandoning module CollectionManager (613)
[2025.07.20-22.25.10:413][995]LogModuleManager: Shutting down and abandoning module SynthesisEditor (610)
[2025.07.20-22.25.10:413][995]LogModuleManager: Shutting down and abandoning module Synthesis (608)
[2025.07.20-22.25.10:413][995]LogModuleManager: Shutting down and abandoning module ProceduralMeshComponentEditor (606)
[2025.07.20-22.25.10:413][995]LogModuleManager: Shutting down and abandoning module ProceduralMeshComponent (604)
[2025.07.20-22.25.10:413][995]LogModuleManager: Shutting down and abandoning module OpenXREditor (602)
[2025.07.20-22.25.10:413][995]LogModuleManager: Shutting down and abandoning module MobilePatchingUtils (600)
[2025.07.20-22.25.10:413][995]LogModuleManager: Shutting down and abandoning module HairStrandsEditor (598)
[2025.07.20-22.25.10:414][995]LogModuleManager: Shutting down and abandoning module GooglePAD (596)
[2025.07.20-22.25.10:414][995]LogModuleManager: Shutting down and abandoning module CustomMeshComponent (594)
[2025.07.20-22.25.10:414][995]LogModuleManager: Shutting down and abandoning module EditableMesh (592)
[2025.07.20-22.25.10:414][995]LogModuleManager: Shutting down and abandoning module CableComponent (590)
[2025.07.20-22.25.10:414][995]LogModuleManager: Shutting down and abandoning module AssetTags (588)
[2025.07.20-22.25.10:414][995]LogModuleManager: Shutting down and abandoning module AppleImageUtilsBlueprintSupport (586)
[2025.07.20-22.25.10:414][995]LogModuleManager: Shutting down and abandoning module AppleImageUtils (584)
[2025.07.20-22.25.10:414][995]LogModuleManager: Shutting down and abandoning module AudioCapture (582)
[2025.07.20-22.25.10:414][995]LogModuleManager: Shutting down and abandoning module AudioCaptureRtAudio (581)
[2025.07.20-22.25.10:414][995]LogModuleManager: Shutting down and abandoning module ArchVisCharacter (578)
[2025.07.20-22.25.10:414][995]LogModuleManager: Shutting down and abandoning module AndroidPermission (576)
[2025.07.20-22.25.10:414][995]LogModuleManager: Shutting down and abandoning module TakeSequencer (574)
[2025.07.20-22.25.10:414][995]LogModuleManager: Shutting down and abandoning module TakeMovieScene (572)
[2025.07.20-22.25.10:414][995]LogModuleManager: Shutting down and abandoning module ActorLayerUtilitiesEditor (570)
[2025.07.20-22.25.10:414][995]LogModuleManager: Shutting down and abandoning module ActorLayerUtilities (568)
[2025.07.20-22.25.10:414][995]LogModuleManager: Shutting down and abandoning module ScreenshotTools (566)
[2025.07.20-22.25.10:414][995]LogModuleManager: Shutting down and abandoning module OpenImageDenoise (564)
[2025.07.20-22.25.10:414][995]LogOpenImageDenoise: OIDN shutting down
[2025.07.20-22.25.10:414][995]LogModuleManager: Shutting down and abandoning module MotoSynthEditor (562)
[2025.07.20-22.25.10:414][995]LogModuleManager: Shutting down and abandoning module MotoSynth (560)
[2025.07.20-22.25.10:414][995]LogModuleManager: Shutting down and abandoning module ModelingToolsEditorMode (558)
[2025.07.20-22.25.10:415][995]LogModuleManager: Shutting down and abandoning module MeshModelingToolsEditorOnly (556)
[2025.07.20-22.25.10:415][995]LogModuleManager: Shutting down and abandoning module MeshModelingTools (554)
[2025.07.20-22.25.10:415][995]LogModuleManager: Shutting down and abandoning module ModelingOperatorsEditorOnly (552)
[2025.07.20-22.25.10:415][995]LogModuleManager: Shutting down and abandoning module ModelingOperators (550)
[2025.07.20-22.25.10:415][995]LogModuleManager: Shutting down and abandoning module ModelingComponents (548)
[2025.07.20-22.25.10:415][995]LogModuleManager: Shutting down and abandoning module MeshConversion (546)
[2025.07.20-22.25.10:415][995]LogModuleManager: Shutting down and abandoning module DynamicMesh (544)
[2025.07.20-22.25.10:416][995]LogModuleManager: Shutting down and abandoning module GeometryAlgorithms (542)
[2025.07.20-22.25.10:416][995]LogModuleManager: Shutting down and abandoning module GeometricObjects (540)
[2025.07.20-22.25.10:416][995]LogModuleManager: Shutting down and abandoning module TemplateSequence (538)
[2025.07.20-22.25.10:416][995]LogModuleManager: Shutting down and abandoning module MediaCompositing (536)
[2025.07.20-22.25.10:416][995]LogModuleManager: Shutting down and abandoning module ImgMedia (534)
[2025.07.20-22.25.10:416][995]LogModuleManager: Shutting down and abandoning module GeometryCacheTracks (532)
[2025.07.20-22.25.10:416][995]LogModuleManager: Shutting down and abandoning module GeometryCacheStreamer (530)
[2025.07.20-22.25.10:416][995]LogModuleManager: Shutting down and abandoning module GeometryCacheSequencer (528)
[2025.07.20-22.25.10:416][995]LogModuleManager: Shutting down and abandoning module GeometryCollectionTracks (526)
[2025.07.20-22.25.10:416][995]LogModuleManager: Shutting down and abandoning module GeometryCollectionSequencer (525)
[2025.07.20-22.25.10:416][995]LogModuleManager: Shutting down and abandoning module GeometryCollectionEditor (522)
[2025.07.20-22.25.10:416][995]LogModuleManager: Shutting down and abandoning module ChaosSolverEditor (520)
[2025.07.20-22.25.10:418][995]LogModuleManager: Shutting down and abandoning module ChaosNiagara (518)
[2025.07.20-22.25.10:418][995]LogModuleManager: Shutting down and abandoning module ChaosClothEditor (516)
[2025.07.20-22.25.10:418][995]LogModuleManager: Shutting down and abandoning module FractureEditor (514)
[2025.07.20-22.25.10:418][995]LogModuleManager: Shutting down and abandoning module FieldSystemEngine (513)
[2025.07.20-22.25.10:418][995]LogModuleManager: Shutting down and abandoning module BackChannel (510)
[2025.07.20-22.25.10:418][995]LogModuleManager: Shutting down and abandoning module AutomationUtilsEditor (508)
[2025.07.20-22.25.10:418][995]LogModuleManager: Shutting down and abandoning module AutomationUtils (506)
[2025.07.20-22.25.10:418][995]LogModuleManager: Shutting down and abandoning module AlembicImporter (504)
[2025.07.20-22.25.10:418][995]LogModuleManager: Shutting down and abandoning module AlembicLibrary (503)
[2025.07.20-22.25.10:418][995]LogModuleManager: Shutting down and abandoning module GeometryCache (502)
[2025.07.20-22.25.10:418][995]LogModuleManager: Shutting down and abandoning module GeometryCacheEd (501)
[2025.07.20-22.25.10:418][995]LogModuleManager: Shutting down and abandoning module MagicLeapSharedWorld (496)
[2025.07.20-22.25.10:418][995]LogModuleManager: Shutting down and abandoning module MagicLeapLightEstimation (494)
[2025.07.20-22.25.10:418][995]LogModuleManager: Shutting down and abandoning module MagicLeapHelperVulkan (492)
[2025.07.20-22.25.10:419][995]LogModuleManager: Shutting down and abandoning module MagicLeapHelperOpenGL (490)
[2025.07.20-22.25.10:419][995]LogModuleManager: Shutting down and abandoning module MagicLeapAudio (488)
[2025.07.20-22.25.10:419][995]LogModuleManager: Shutting down and abandoning module VariantManagerContentEditor (486)
[2025.07.20-22.25.10:419][995]LogModuleManager: Shutting down and abandoning module DatasmithContentEditor (484)
[2025.07.20-22.25.10:419][995]LogModuleManager: Shutting down and abandoning module StylusInput (482)
[2025.07.20-22.25.10:419][995]LogModuleManager: Shutting down and abandoning module SpeedTreeImporter (480)
[2025.07.20-22.25.10:419][995]LogModuleManager: Shutting down and abandoning module PluginBrowser (478)
[2025.07.20-22.25.10:419][995]LogModuleManager: Shutting down and abandoning module MobileLauncherProfileWizard (476)
[2025.07.20-22.25.10:419][995]LogModuleManager: Shutting down and abandoning module MaterialAnalyzer (474)
[2025.07.20-22.25.10:419][995]LogModuleManager: Shutting down and abandoning module CurveEditorTools (472)
[2025.07.20-22.25.10:419][995]LogModuleManager: Shutting down and abandoning module CryptoKeysOpenSSL (470)
[2025.07.20-22.25.10:419][995]LogModuleManager: Shutting down and abandoning module CryptoKeys (468)
[2025.07.20-22.25.10:419][995]LogModuleManager: Shutting down and abandoning module VisualStudioSourceCodeAccess (466)
[2025.07.20-22.25.10:419][995]LogModuleManager: Shutting down and abandoning module VisualStudioCodeSourceCodeAccess (464)
[2025.07.20-22.25.10:419][995]LogModuleManager: Shutting down and abandoning module UObjectPlugin (462)
[2025.07.20-22.25.10:419][995]LogModuleManager: Shutting down and abandoning module RiderSourceCodeAccess (460)
[2025.07.20-22.25.10:419][995]LogModuleManager: Shutting down and abandoning module SubversionSourceControl (458)
[2025.07.20-22.25.10:420][995]LogModuleManager: Shutting down and abandoning module PluginUtils (456)
[2025.07.20-22.25.10:420][995]LogModuleManager: Shutting down and abandoning module PlasticSourceControl (454)
[2025.07.20-22.25.10:420][995]LogModuleManager: Shutting down and abandoning module PerforceSourceControl (452)
[2025.07.20-22.25.10:420][995]LogModuleManager: Shutting down and abandoning module CLionSourceCodeAccess (450)
[2025.07.20-22.25.10:420][995]LogModuleManager: Shutting down and abandoning module GitSourceControl (448)
[2025.07.20-22.25.10:420][995]LogModuleManager: Shutting down and abandoning module SourceControl (447)
[2025.07.20-22.25.10:421][995]LogModuleManager: Shutting down and abandoning module AnimationSharingEd (444)
[2025.07.20-22.25.10:421][995]LogModuleManager: Shutting down and abandoning module NiagaraEditorWidgets (442)
[2025.07.20-22.25.10:422][995]LogModuleManager: Shutting down and abandoning module OodleNetworkHandlerComponent (440)
[2025.07.20-22.25.10:422][995]LogModuleManager: Shutting down and abandoning module LiveLinkSequencer (438)
[2025.07.20-22.25.10:422][995]LogModuleManager: Shutting down and abandoning module LiveLinkMovieScene (436)
[2025.07.20-22.25.10:422][995]LogModuleManager: Shutting down and abandoning module LiveLinkGraphNode (434)
[2025.07.20-22.25.10:422][995]LogModuleManager: Shutting down and abandoning module LiveLinkEditor (432)
[2025.07.20-22.25.10:422][995]LogModuleManager: Shutting down and abandoning module LiveLinkComponents (430)
[2025.07.20-22.25.10:422][995]LogModuleManager: Shutting down and abandoning module LiveLink (428)
[2025.07.20-22.25.11:190][995]LogModuleManager: Shutting down and abandoning module LightPropagationVolumeEditor (426)
[2025.07.20-22.25.11:190][995]LogModuleManager: Shutting down and abandoning module PaperTiledImporter (424)
[2025.07.20-22.25.11:190][995]LogModuleManager: Shutting down and abandoning module PaperSpriteSheetImporter (422)
[2025.07.20-22.25.11:190][995]LogModuleManager: Shutting down and abandoning module Paper2DEditor (420)
[2025.07.20-22.25.11:190][995]LogModuleManager: Shutting down and abandoning module MeshPaintingToolset (418)
[2025.07.20-22.25.11:190][995]LogModuleManager: Shutting down and abandoning module MeshPaintEditorMode (416)
[2025.07.20-22.25.11:190][995]LogModuleManager: Shutting down and abandoning module TP_PreEntrega (414)
[2025.07.20-22.25.11:190][995]LogModuleManager: Shutting down and abandoning module SoundFields (412)
[2025.07.20-22.25.11:190][995]LogModuleManager: Shutting down and abandoning module SignificanceManager (410)
[2025.07.20-22.25.11:190][995]LogModuleManager: Shutting down and abandoning module RuntimePhysXCooking (408)
[2025.07.20-22.25.11:190][995]LogModuleManager: Shutting down and abandoning module PropertyAccessEditor (406)
[2025.07.20-22.25.11:190][995]LogModuleManager: Shutting down and abandoning module PhysXVehiclesEditor (404)
[2025.07.20-22.25.11:190][995]LogModuleManager: Shutting down and abandoning module LocationServicesBPLibrary (400)
[2025.07.20-22.25.11:190][995]LogModuleManager: Shutting down and abandoning module AudioSynesthesia (398)
[2025.07.20-22.25.11:190][995]LogModuleManager: Shutting down and abandoning module AudioSynesthesiaCore (396)
[2025.07.20-22.25.11:190][995]LogModuleManager: Shutting down and abandoning module PythonScriptPlugin (394)
[2025.07.20-22.25.11:190][995]LogModuleManager: Shutting down and abandoning module ActorSequence (392)
[2025.07.20-22.25.11:190][995]LogModuleManager: Shutting down and abandoning module ImgMediaEngine (390)
[2025.07.20-22.25.11:190][995]LogModuleManager: Shutting down and abandoning module UdpMessaging (388)
[2025.07.20-22.25.11:292][995]LogModuleManager: Shutting down and abandoning module TcpMessaging (386)
[2025.07.20-22.25.11:393][995]LogModuleManager: Shutting down and abandoning module MagicLeapARPin (384)
[2025.07.20-22.25.11:393][995]LogModuleManager: Shutting down and abandoning module MagicLeapHandMeshing (382)
[2025.07.20-22.25.11:393][995]LogModuleManager: Shutting down and abandoning module MagicLeapSecureStorage (380)
[2025.07.20-22.25.11:393][995]LogModuleManager: Shutting down and abandoning module MagicLeapPrivileges (378)
[2025.07.20-22.25.11:393][995]LogModuleManager: Shutting down and abandoning module MagicLeapPlanes (376)
[2025.07.20-22.25.11:393][995]LogMagicLeapPlanes: Planes tracker already destroyed.
[2025.07.20-22.25.11:393][995]LogModuleManager: Shutting down and abandoning module MagicLeapImageTracker (374)
[2025.07.20-22.25.11:393][995]LogModuleManager: Shutting down and abandoning module MagicLeapIdentity (372)
[2025.07.20-22.25.11:393][995]LogModuleManager: Shutting down and abandoning module MagicLeapHandTracking (370)
[2025.07.20-22.25.11:393][995]LogModuleManager: Shutting down and abandoning module MagicLeapEyeTracker (368)
[2025.07.20-22.25.11:393][995]LogModuleManager: Shutting down and abandoning module MagicLeapController (366)
[2025.07.20-22.25.11:393][995]LogModuleManager: Shutting down and abandoning module MagicLeapARPinImpl (364)
[2025.07.20-22.25.11:393][995]LogModuleManager: Shutting down and abandoning module MagicLeapAR (362)
[2025.07.20-22.25.11:393][995]LogModuleManager: Shutting down and abandoning module GameplayTagsEditor (360)
[2025.07.20-22.25.11:393][995]LogModuleManager: Shutting down and abandoning module FacialAnimationEditor (358)
[2025.07.20-22.25.11:393][995]LogModuleManager: Shutting down and abandoning module FacialAnimation (356)
[2025.07.20-22.25.11:393][995]LogModuleManager: Shutting down and abandoning module DataValidation (354)
[2025.07.20-22.25.11:393][995]LogModuleManager: Shutting down and abandoning module AssetManagerEditor (352)
[2025.07.20-22.25.11:393][995]LogModuleManager: Shutting down and abandoning module LevelEditor (351)
[2025.07.20-22.25.11:395][995]LogModuleManager: Shutting down and abandoning module PixelInspectorModule (350)
[2025.07.20-22.25.11:395][995]LogModuleManager: Shutting down and abandoning module CommonMenuExtensions (348)
[2025.07.20-22.25.11:395][995]LogModuleManager: Shutting down and abandoning module MainFrame (346)
[2025.07.20-22.25.11:395][995]LogModuleManager: Shutting down and abandoning module HotReload (345)
[2025.07.20-22.25.11:396][995]LogModuleManager: Shutting down and abandoning module ToolMenus (341)
[2025.07.20-22.25.11:396][995]LogModuleManager: Shutting down and abandoning module TreeMap (339)
[2025.07.20-22.25.11:396][995]LogModuleManager: Shutting down and abandoning module PropertyAccessNode (336)
[2025.07.20-22.25.11:396][995]LogModuleManager: Shutting down and abandoning module AnimationSharing (334)
[2025.07.20-22.25.11:396][995]LogModuleManager: Shutting down and abandoning module NiagaraAnimNotifies (332)
[2025.07.20-22.25.11:396][995]LogModuleManager: Shutting down and abandoning module Niagara (330)
[2025.07.20-22.25.11:397][995]LogModuleManager: Shutting down and abandoning module SignalProcessing (329)
[2025.07.20-22.25.11:397][995]LogModuleManager: Shutting down and abandoning module NiagaraEditor (327)
[2025.07.20-22.25.11:397][995]LogModuleManager: Shutting down and abandoning module ContentBrowser (326)
[2025.07.20-22.25.11:397][995]LogModuleManager: Shutting down and abandoning module ContentBrowserData (325)
[2025.07.20-22.25.11:397][995]LogModuleManager: Shutting down and abandoning module NiagaraCore (320)
[2025.07.20-22.25.11:397][995]LogModuleManager: Shutting down and abandoning module EnvironmentQueryEditor (318)
[2025.07.20-22.25.11:397][995]LogModuleManager: Shutting down and abandoning module GameplayCameras (316)
[2025.07.20-22.25.11:397][995]LogModuleManager: Shutting down and abandoning module LightPropagationVolumeRuntime (314)
[2025.07.20-22.25.11:397][995]LogModuleManager: Shutting down and abandoning module Paper2D (312)
[2025.07.20-22.25.11:397][995]LogModuleManager: Shutting down and abandoning module WindowsMoviePlayer (310)
[2025.07.20-22.25.11:400][995]LogModuleManager: Shutting down and abandoning module WebMMoviePlayer (308)
[2025.07.20-22.25.11:400][995]LogModuleManager: Shutting down and abandoning module NetworkReplayStreaming (306)
[2025.07.20-22.25.11:401][995]LogModuleManager: Shutting down and abandoning module PacketHandler (304)
[2025.07.20-22.25.11:401][995]LogModuleManager: Shutting down and abandoning module ClothingSystemEditor (302)
[2025.07.20-22.25.11:401][995]LogModuleManager: Shutting down and abandoning module ClothingSystemRuntimeNv (300)
[2025.07.20-22.25.11:401][995]LogModuleManager: Shutting down and abandoning module MediaAssets (298)
[2025.07.20-22.25.11:401][995]LogModuleManager: Shutting down and abandoning module Overlay (296)
[2025.07.20-22.25.11:401][995]LogModuleManager: Shutting down and abandoning module OverlayEditor (295)
[2025.07.20-22.25.11:401][995]LogModuleManager: Shutting down and abandoning module VREditor (292)
[2025.07.20-22.25.11:401][995]LogModuleManager: Shutting down and abandoning module StringTableEditor (290)
[2025.07.20-22.25.11:401][995]LogModuleManager: Shutting down and abandoning module GameplayTasksEditor (288)
[2025.07.20-22.25.11:401][995]LogModuleManager: Shutting down and abandoning module BehaviorTreeEditor (286)
[2025.07.20-22.25.11:401][995]LogModuleManager: Shutting down and abandoning module FunctionalTesting (284)
[2025.07.20-22.25.11:401][995]LogModuleManager: Shutting down and abandoning module CollisionAnalyzer (282)
[2025.07.20-22.25.11:401][995]LogModuleManager: Shutting down and abandoning module WorkspaceMenuStructure (281)
[2025.07.20-22.25.11:401][995]LogModuleManager: Shutting down and abandoning module UMG (278)
[2025.07.20-22.25.11:401][995]LogModuleManager: Shutting down and abandoning module UMGEditor (277)
[2025.07.20-22.25.11:401][995]LogModuleManager: Shutting down and abandoning module MessageLog (275)
[2025.07.20-22.25.11:401][995]LogModuleManager: Shutting down and abandoning module SlateReflector (270)
[2025.07.20-22.25.11:401][995]LogModuleManager: Shutting down and abandoning module Slate (268)
[2025.07.20-22.25.11:401][995]LogModuleManager: Shutting down and abandoning module SlateCore (266)
[2025.07.20-22.25.11:403][995]LogModuleManager: Shutting down and abandoning module LandscapeEditorUtilities (264)
[2025.07.20-22.25.11:403][995]LogModuleManager: Shutting down and abandoning module UnrealEd (262)
[2025.07.20-22.25.11:403][995]LogModuleManager: Shutting down and abandoning module MRMesh (260)
[2025.07.20-22.25.11:403][995]LogModuleManager: Shutting down and abandoning module SourceCodeAccess (258)
[2025.07.20-22.25.11:403][995]LogModuleManager: Shutting down and abandoning module HeadMountedDisplay (256)
[2025.07.20-22.25.11:403][995]LogModuleManager: Shutting down and abandoning module XAudio2 (254)
[2025.07.20-22.25.11:403][995]LogModuleManager: Shutting down and abandoning module Networking (252)
[2025.07.20-22.25.11:403][995]LogModuleManager: Shutting down and abandoning module Core (250)
[2025.07.20-22.25.11:403][995]LogModuleManager: Shutting down and abandoning module MaterialEditor (248)
[2025.07.20-22.25.11:403][995]LogModuleManager: Shutting down and abandoning module MovieSceneTools (246)
[2025.07.20-22.25.11:403][995]LogModuleManager: Shutting down and abandoning module CurveEditor (245)
[2025.07.20-22.25.11:403][995]LogModuleManager: Shutting down and abandoning module Sequencer (243)
[2025.07.20-22.25.11:404][995]LogModuleManager: Shutting down and abandoning module EditorStyle (242)
[2025.07.20-22.25.11:405][995]LogModuleManager: Shutting down and abandoning module KismetCompiler (238)
[2025.07.20-22.25.11:406][995]LogModuleManager: Shutting down and abandoning module MeshBuilder (236)
[2025.07.20-22.25.11:406][995]LogModuleManager: Shutting down and abandoning module MeshUtilities (234)
[2025.07.20-22.25.11:406][995]LogModuleManager: Shutting down and abandoning module MeshMergeUtilities (233)
[2025.07.20-22.25.11:406][995]LogModuleManager: Shutting down and abandoning module MeshReductionInterface (232)
[2025.07.20-22.25.11:406][995]LogModuleManager: Shutting down and abandoning module MeshBoneReduction (231)
[2025.07.20-22.25.11:406][995]LogModuleManager: Shutting down and abandoning module SkeletalMeshReduction (229)
[2025.07.20-22.25.11:406][995]LogModuleManager: Shutting down and abandoning module ProxyLODMeshReduction (227)
[2025.07.20-22.25.11:406][995]LogModuleManager: Shutting down and abandoning module QuadricMeshReduction (225)
[2025.07.20-22.25.11:406][995]LogModuleManager: Shutting down and abandoning module MaterialBaking (221)
[2025.07.20-22.25.11:406][995]LogModuleManager: Shutting down and abandoning module NullInstallBundleManager (216)
[2025.07.20-22.25.11:406][995]LogModuleManager: Shutting down and abandoning module DerivedDataCache (214)
[2025.07.20-22.25.11:406][995]LogModuleManager: Shutting down and abandoning module TargetPlatform (212)
[2025.07.20-22.25.11:406][995]LogModuleManager: Shutting down and abandoning module VulkanShaderFormat (211)
[2025.07.20-22.25.11:406][995]LogModuleManager: Shutting down and abandoning module ShaderFormatVectorVM (209)
[2025.07.20-22.25.11:406][995]LogModuleManager: Shutting down and abandoning module ShaderFormatOpenGL (207)
[2025.07.20-22.25.11:406][995]LogModuleManager: Shutting down and abandoning module ShaderFormatD3D (205)
[2025.07.20-22.25.11:406][995]LogModuleManager: Shutting down and abandoning module MetalShaderFormat (203)
[2025.07.20-22.25.11:407][995]LogModuleManager: Shutting down and abandoning module TextureFormatOodle (201)
[2025.07.20-22.25.11:407][995]LogModuleManager: Shutting down and abandoning module TextureFormatUncompressed (199)
[2025.07.20-22.25.11:407][995]LogModuleManager: Shutting down and abandoning module TextureFormatPVR (197)
[2025.07.20-22.25.11:407][995]LogModuleManager: Shutting down and abandoning module TextureFormatETC2 (195)
[2025.07.20-22.25.11:407][995]LogModuleManager: Shutting down and abandoning module TextureFormatDXT (193)
[2025.07.20-22.25.11:407][995]LogModuleManager: Shutting down and abandoning module TextureFormatIntelISPCTexComp (191)
[2025.07.20-22.25.11:407][995]LogModuleManager: Shutting down and abandoning module TextureFormatASTC (189)
[2025.07.20-22.25.11:407][995]LogModuleManager: Shutting down and abandoning module ImageWrapper (188)
[2025.07.20-22.25.11:407][995]LogModuleManager: Shutting down and abandoning module AudioFormatOpus (185)
[2025.07.20-22.25.11:407][995]LogModuleManager: Shutting down and abandoning module AudioFormatOgg (183)
[2025.07.20-22.25.11:407][995]LogModuleManager: Shutting down and abandoning module AudioFormatADPCM (181)
[2025.07.20-22.25.11:407][995]LogModuleManager: Shutting down and abandoning module WindowsServerTargetPlatform (179)
[2025.07.20-22.25.11:407][995]LogModuleManager: Shutting down and abandoning module WindowsClientTargetPlatform (177)
[2025.07.20-22.25.11:407][995]LogModuleManager: Shutting down and abandoning module WindowsTargetPlatform (175)
[2025.07.20-22.25.11:407][995]LogModuleManager: Shutting down and abandoning module WindowsNoEditorTargetPlatform (173)
[2025.07.20-22.25.11:407][995]LogModuleManager: Shutting down and abandoning module TVOSTargetPlatform (171)
[2025.07.20-22.25.11:410][995]LogModuleManager: Shutting down and abandoning module MacServerTargetPlatform (169)
[2025.07.20-22.25.11:410][995]LogModuleManager: Shutting down and abandoning module MacClientTargetPlatform (167)
[2025.07.20-22.25.11:410][995]LogModuleManager: Shutting down and abandoning module MacTargetPlatform (165)
[2025.07.20-22.25.11:410][995]LogModuleManager: Shutting down and abandoning module MacNoEditorTargetPlatform (163)
[2025.07.20-22.25.11:410][995]LogModuleManager: Shutting down and abandoning module LuminTargetPlatform (161)
[2025.07.20-22.25.11:413][995]LogModuleManager: Shutting down and abandoning module LinuxAArch64ServerTargetPlatform (159)
[2025.07.20-22.25.11:414][995]LogModuleManager: Shutting down and abandoning module LinuxAArch64ClientTargetPlatform (157)
[2025.07.20-22.25.11:414][995]LogModuleManager: Shutting down and abandoning module LinuxAArch64NoEditorTargetPlatform (155)
[2025.07.20-22.25.11:414][995]LogModuleManager: Shutting down and abandoning module LinuxServerTargetPlatform (153)
[2025.07.20-22.25.11:414][995]LogModuleManager: Shutting down and abandoning module LinuxClientTargetPlatform (151)
[2025.07.20-22.25.11:414][995]LogModuleManager: Shutting down and abandoning module LinuxNoEditorTargetPlatform (149)
[2025.07.20-22.25.11:414][995]LogModuleManager: Shutting down and abandoning module LinuxTargetPlatform (147)
[2025.07.20-22.25.11:414][995]LogModuleManager: Shutting down and abandoning module Messaging (145)
[2025.07.20-22.25.11:414][995]LogModuleManager: Shutting down and abandoning module IOSTargetPlatform (143)
[2025.07.20-22.25.11:416][995]LogModuleManager: Shutting down and abandoning module AndroidTargetPlatform (141)
[2025.07.20-22.25.11:432][995]LogModuleManager: Shutting down and abandoning module AllDesktopTargetPlatform (139)
[2025.07.20-22.25.11:432][995]LogModuleManager: Shutting down and abandoning module D3D11RHI (136)
[2025.07.20-22.25.11:432][995]LogModuleManager: Shutting down and abandoning module InputCore (134)
[2025.07.20-22.25.11:432][995]LogModuleManager: Shutting down and abandoning module Settings (132)
[2025.07.20-22.25.11:432][995]LogModuleManager: Shutting down and abandoning module DirectoryWatcher (130)
[2025.07.20-22.25.11:433][995]LogModuleManager: Shutting down and abandoning module PhysXCooking (128)
[2025.07.20-22.25.11:433][995]LogModuleManager: Shutting down and abandoning module Chaos (126)
[2025.07.20-22.25.11:433][995]LogModuleManager: Shutting down and abandoning module WindowsPlatformFeatures (124)
[2025.07.20-22.25.11:433][995]LogModuleManager: Shutting down and abandoning module GameplayMediaEncoder (123)
[2025.07.20-22.25.11:433][995]LogModuleManager: Shutting down and abandoning module AVEncoder (122)
[2025.07.20-22.25.11:433][995]LogModuleManager: Shutting down and abandoning module SteamVRInputDevice (118)
[2025.07.20-22.25.11:434][995]LogModuleManager: Shutting down and abandoning module SteamVRInput (116)
[2025.07.20-22.25.11:434][995]LogModuleManager: Shutting down and abandoning module SteamVR (114)
[2025.07.20-22.25.11:434][995]LogHMD: Freeing OpenVRDLLHandle.
[2025.07.20-22.25.11:434][995]LogModuleManager: Shutting down and abandoning module OculusHMD (112)
[2025.07.20-22.25.11:434][995]LogModuleManager: Shutting down and abandoning module OpenXREyeTracker (110)
[2025.07.20-22.25.11:434][995]LogModuleManager: Shutting down and abandoning module OpenXRHandTracking (108)
[2025.07.20-22.25.11:434][995]LogSlate: Slate User Destroyed.  User Index 0, Is Virtual User: 0
[2025.07.20-22.25.11:435][995]LogModuleManager: Shutting down and abandoning module OpenXRAR (106)
[2025.07.20-22.25.11:435][995]LogModuleManager: Shutting down and abandoning module AugmentedReality (105)
[2025.07.20-22.25.11:435][995]LogModuleManager: Shutting down and abandoning module OpenXRHMD (102)
[2025.07.20-22.25.11:435][995]LogModuleManager: Shutting down and abandoning module HairStrandsCore (100)
[2025.07.20-22.25.11:435][995]LogModuleManager: Shutting down and abandoning module ExampleDeviceProfileSelector (98)
[2025.07.20-22.25.11:435][995]LogModuleManager: Shutting down and abandoning module ChunkDownloader (96)
[2025.07.20-22.25.11:435][995]LogModuleManager: Shutting down and abandoning module OnlineBlueprintSupport (94)
[2025.07.20-22.25.11:435][995]LogModuleManager: Shutting down and abandoning module OnlineSubsystem (90)
[2025.07.20-22.25.11:437][995]LogModuleManager: Shutting down and abandoning module XMPP (85)
[2025.07.20-22.25.11:438][995]LogModuleManager: Shutting down and abandoning module WebSockets (84)
[2025.07.20-22.25.11:469][995]LogModuleManager: Shutting down and abandoning module HTTP (81)
[2025.07.20-22.25.11:469][995]LogHttp: Display: Http module shutting down, but needs to wait on 1 outstanding Http requests:
[2025.07.20-22.25.11:469][995]LogHttp: Display: 	verb=[POST] url=[https://datarouter.ol.epicgames.com/datarouter/api/v1/public/data?SessionID=%7B2A51FFB7-4514-AED8-15DD-D287AEF0B4A1%7D&AppID=UEEditor.Rocket.Release&AppVersion=4.27.2-18319896%2B%2B%2BUE4%2BRelease-4.27&UserID=3b54413e42d43c35aff2659f95a6b4ca%7C86015509ccb24ed3b48fef845d1c22c9%7Cc297efcb-616a-48e2-89ec-b825ac25b5a4&AppEnvironment=datacollector-binary&UploadType=eteventstream] refs=[1] status=Processing
[2025.07.20-22.25.11:469][995]LogHttp: Display: cleaning up 1 outstanding Http requests.
[2025.07.20-22.25.11:490][995]LogModuleManager: Shutting down and abandoning module SSL (80)
[2025.07.20-22.25.11:492][995]LogModuleManager: Shutting down and abandoning module WmfMedia (76)
[2025.07.20-22.25.11:495][995]LogModuleManager: Shutting down and abandoning module Media (75)
[2025.07.20-22.25.11:498][995]LogModuleManager: Shutting down and abandoning module MediaInfo (74)
[2025.07.20-22.25.11:498][995]LogModuleManager: Shutting down and abandoning module ExrReaderGpu (70)
[2025.07.20-22.25.11:498][995]LogModuleManager: Shutting down and abandoning module LauncherChunkInstaller (68)
[2025.07.20-22.25.11:498][995]LogModuleManager: Shutting down and abandoning module ChaosCloth (66)
[2025.07.20-22.25.11:498][995]LogModuleManager: Shutting down and abandoning module MLSDK (64)
[2025.07.20-22.25.11:498][995]LogModuleManager: Shutting down and abandoning module MagicLeap (62)
[2025.07.20-22.25.11:498][995]LogModuleManager: Shutting down and abandoning module VariantManagerContent (60)
[2025.07.20-22.25.11:498][995]LogModuleManager: Shutting down and abandoning module DatasmithContent (58)
[2025.07.20-22.25.11:499][995]LogModuleManager: Shutting down and abandoning module PixWinPlugin (56)
[2025.07.20-22.25.11:499][995]LogModuleManager: Shutting down and abandoning module NiagaraVertexFactories (54)
[2025.07.20-22.25.11:499][995]LogModuleManager: Shutting down and abandoning module NiagaraShader (52)
[2025.07.20-22.25.11:499][995]LogModuleManager: Shutting down and abandoning module AISupportModule (50)
[2025.07.20-22.25.11:499][995]LogModuleManager: Shutting down and abandoning module DesktopPlatform (48)
[2025.07.20-22.25.11:499][995]LogModuleManager: Shutting down and abandoning module PythonScriptPluginPreload (46)
[2025.07.20-22.25.11:499][995]LogModuleManager: Shutting down and abandoning module PlatformCryptoOpenSSL (44)
[2025.07.20-22.25.11:499][995]LogModuleManager: Shutting down and abandoning module PlatformCryptoTypes (42)
[2025.07.20-22.25.11:499][995]LogModuleManager: Shutting down and abandoning module PlatformCrypto (40)
[2025.07.20-22.25.11:499][995]LogModuleManager: Shutting down and abandoning module OodleDataCompressionFormat (38)
[2025.07.20-22.25.11:499][995]LogModuleManager: Shutting down and abandoning module XGEController (36)
[2025.07.20-22.25.11:500][995]LogXGEController: Cleaning working directory: C:/Users/ezequ/AppData/Local/Temp/UnrealXGEWorkingDir/
[2025.07.20-22.25.11:500][995]LogModuleManager: Shutting down and abandoning module AnimationModifiers (34)
[2025.07.20-22.25.11:500][995]LogModuleManager: Shutting down and abandoning module AudioEditor (32)
[2025.07.20-22.25.11:500][995]LogModuleManager: Shutting down and abandoning module PropertyEditor (31)
[2025.07.20-22.25.11:501][995]LogModuleManager: Shutting down and abandoning module TextureCompressor (28)
[2025.07.20-22.25.11:501][995]LogModuleManager: Shutting down and abandoning module RenderCore (26)
[2025.07.20-22.25.11:501][995]LogModuleManager: Shutting down and abandoning module Landscape (24)
[2025.07.20-22.25.11:501][995]LogModuleManager: Shutting down and abandoning module SlateRHIRenderer (22)
[2025.07.20-22.25.11:503][995]LogModuleManager: Shutting down and abandoning module AnimGraphRuntime (20)
[2025.07.20-22.25.11:503][995]LogModuleManager: Shutting down and abandoning module Renderer (18)
[2025.07.20-22.25.11:503][995]LogModuleManager: Shutting down and abandoning module Engine (16)
[2025.07.20-22.25.11:503][995]LogModuleManager: Shutting down and abandoning module CoreUObject (14)
[2025.07.20-22.25.11:503][995]LogModuleManager: Shutting down and abandoning module NetworkFile (12)
[2025.07.20-22.25.11:503][995]LogModuleManager: Shutting down and abandoning module CookedIterativeFile (10)
[2025.07.20-22.25.11:503][995]LogModuleManager: Shutting down and abandoning module StreamingFile (8)
[2025.07.20-22.25.11:503][995]LogModuleManager: Shutting down and abandoning module SandboxFile (6)
[2025.07.20-22.25.11:503][995]LogModuleManager: Shutting down and abandoning module PakFile (4)
[2025.07.20-22.25.11:503][995]LogModuleManager: Shutting down and abandoning module RSA (3)
[2025.07.20-22.25.11:503][995]LogContentStreaming: Display: There are 1 unreleased StreamingManagers
[2025.07.20-22.25.11:552][995]LogD3D11RHI: Shutdown
[2025.07.20-22.25.11:552][995]LogD3D11RHI: CleanupD3DDevice
[2025.07.20-22.25.11:565][995]LogExit: Exiting.
[2025.07.20-22.25.11:589][995]Log file closed, 07/20/25 19:25:11
