Log file open, 07/16/25 11:21:56
LogWindows: Failed to load 'aqProf.dll' (GetLastError=126)
LogWindows: File 'aqProf.dll' does not exist
LogWindows: Failed to load 'VtuneApi.dll' (GetLastError=126)
LogWindows: File 'VtuneApi.dll' does not exist
LogWindows: Failed to load 'VtuneApi32e.dll' (GetLastError=126)
LogWindows: File 'VtuneApi32e.dll' does not exist
LogConsoleResponse: Display: Failed to find resolution value strings in scalability ini. Falling back to default.
LogConsoleResponse: Display: Failed to find resolution value strings in scalability ini. Falling back to default.
LogInit: Display: Running engine for game: TP_PreEntrega
LogPlatformFile: Not using cached read wrapper
LogTaskGraph: Started task graph with 5 named threads and 23 total threads with 3 sets of task threads.
LogStats: Stats thread started at 0.348575
LogICUInternationalization: ICU TimeZone Detection - Raw Offset: -3:00, Platform Override: ''
LogInit: Display: Loading text-based GConfig....
LogPluginManager: Mounting plugin MeshPainting
LogPluginManager: Mounting plugin XGEController
LogPluginManager: Mounting plugin Paper2D
LogPluginManager: Mounting plugin AISupport
LogPluginManager: Mounting plugin EnvironmentQueryEditor
LogPluginManager: Mounting plugin LightPropagationVolume
LogPluginManager: Mounting plugin LiveLink
LogPluginManager: Mounting plugin OodleNetwork
LogPluginManager: Mounting plugin OodleData
LogPluginManager: Mounting plugin AnimationSharing
LogPluginManager: Mounting plugin CLionSourceCodeAccess
LogPluginManager: Mounting plugin DatasmithContent
LogPluginManager: Mounting plugin AssetManagerEditor
LogPluginManager: Mounting plugin VariantManagerContent
LogPluginManager: Mounting plugin CurveEditorTools
LogPluginManager: Mounting plugin CryptoKeys
LogPluginManager: Mounting plugin DataValidation
LogPluginManager: Mounting plugin FacialAnimation
LogPluginManager: Mounting plugin GameplayTagsEditor
LogPluginManager: Mounting plugin GeometryMode
LogPluginManager: Mounting plugin MacGraphicsSwitching
LogPluginManager: Mounting plugin CodeLiteSourceCodeAccess
LogPluginManager: Mounting plugin MaterialAnalyzer
LogPluginManager: Mounting plugin MobileLauncherProfileWizard
LogPluginManager: Mounting plugin GitSourceControl
LogPluginManager: Mounting plugin PluginBrowser
LogPluginManager: Mounting plugin KDevelopSourceCodeAccess
LogPluginManager: Mounting plugin SpeedTreeImporter
LogPluginManager: Mounting plugin StylusInput
LogPluginManager: Mounting plugin NullSourceCodeAccess
LogPluginManager: Mounting plugin PerforceSourceControl
LogPluginManager: Mounting plugin PixWinPlugin
LogPluginManager: Mounting plugin PropertyAccessNode
LogPluginManager: Mounting plugin PlasticSourceControl
LogPluginManager: Mounting plugin PluginUtils
LogPluginManager: Mounting plugin RiderSourceCodeAccess
LogPluginManager: Mounting plugin SubversionSourceControl
LogPluginManager: Mounting plugin Niagara
LogPluginManager: Mounting plugin TextureFormatOodle
LogPluginManager: Mounting plugin UObjectPlugin
LogPluginManager: Mounting plugin VisualStudioCodeSourceCodeAccess
LogPluginManager: Mounting plugin VisualStudioSourceCodeAccess
LogPluginManager: Mounting plugin XCodeSourceCodeAccess
LogPluginManager: Mounting plugin AlembicImporter
LogPluginManager: Mounting plugin AutomationUtils
LogPluginManager: Mounting plugin BackChannel
LogPluginManager: Mounting plugin CameraShakePreviewer
LogPluginManager: Mounting plugin ChaosCloth
LogPluginManager: Mounting plugin GameplayCameras
LogPluginManager: Mounting plugin ChaosClothEditor
LogPluginManager: Mounting plugin ChaosEditor
LogPluginManager: Mounting plugin ChaosNiagara
LogPluginManager: Mounting plugin ChaosSolverPlugin
LogPluginManager: Mounting plugin CharacterAI
LogPluginManager: Mounting plugin GeometryCache
LogPluginManager: Mounting plugin GeometryCollectionPlugin
LogPluginManager: Mounting plugin GeometryProcessing
LogPluginManager: Mounting plugin MeshModelingToolset
LogPluginManager: Mounting plugin ModelingToolsEditorMode
LogPluginManager: Mounting plugin OpenImageDenoise
LogPluginManager: Mounting plugin MotoSynth
LogPluginManager: Mounting plugin PlanarCut
LogPluginManager: Mounting plugin PlatformCrypto
LogPluginManager: Mounting plugin ProxyLODPlugin
LogPluginManager: Mounting plugin PythonScriptPlugin
LogPluginManager: Mounting plugin SkeletalReduction
LogPluginManager: Mounting plugin AndroidMedia
LogPluginManager: Mounting plugin AvfMedia
LogPluginManager: Mounting plugin ImgMedia
LogPluginManager: Mounting plugin MediaCompositing
LogPluginManager: Mounting plugin MediaPlayerEditor
LogPluginManager: Mounting plugin WebMMedia
LogPluginManager: Mounting plugin WmfMedia
LogPluginManager: Mounting plugin ActorSequence
LogPluginManager: Mounting plugin LevelSequenceEditor
LogPluginManager: Mounting plugin MatineeToLevelSequence
LogPluginManager: Mounting plugin TemplateSequence
LogPluginManager: Mounting plugin LuminPlatformFeatures
LogPluginManager: Mounting plugin MagicLeap
LogPluginManager: Mounting plugin MagicLeapLightEstimation
LogPluginManager: Mounting plugin MagicLeapMedia
LogPluginManager: Mounting plugin MagicLeapPassableWorld
LogPluginManager: Mounting plugin MLSDK
LogPluginManager: Mounting plugin LauncherChunkInstaller
LogPluginManager: Mounting plugin OnlineSubsystem
LogPluginManager: Mounting plugin OnlineSubsystemNull
LogPluginManager: Mounting plugin OnlineSubsystemUtils
LogPluginManager: Mounting plugin TcpMessaging
LogPluginManager: Mounting plugin ActorLayerUtilities
LogPluginManager: Mounting plugin UdpMessaging
LogPluginManager: Mounting plugin AndroidDeviceProfileSelector
LogPluginManager: Mounting plugin AndroidMoviePlayer
LogPluginManager: Mounting plugin AppleMoviePlayer
LogPluginManager: Mounting plugin AppleImageUtils
LogPluginManager: Mounting plugin AndroidPermission
LogPluginManager: Mounting plugin ArchVisCharacter
LogPluginManager: Mounting plugin AssetTags
LogPluginManager: Mounting plugin AudioSynesthesia
LogPluginManager: Mounting plugin CableComponent
LogPluginManager: Mounting plugin AudioCapture
LogPluginManager: Mounting plugin ChunkDownloader
LogPluginManager: Mounting plugin CustomMeshComponent
LogPluginManager: Mounting plugin EditableMesh
LogPluginManager: Mounting plugin ExampleDeviceProfileSelector
LogPluginManager: Mounting plugin GoogleCloudMessaging
LogPluginManager: Mounting plugin GooglePAD
LogPluginManager: Mounting plugin HairStrands
LogPluginManager: Mounting plugin ScreenshotTools
LogPluginManager: Mounting plugin IOSDeviceProfileSelector
LogPluginManager: Mounting plugin LinuxDeviceProfileSelector
LogPluginManager: Mounting plugin LocationServicesBPLibrary
LogPluginManager: Mounting plugin MobilePatchingUtils
LogPluginManager: Mounting plugin OpenXR
LogPluginManager: Mounting plugin OpenXREyeTracker
LogPluginManager: Mounting plugin OpenXRHandTracking
LogPluginManager: Mounting plugin Takes
LogPluginManager: Mounting plugin PhysXVehicles
LogPluginManager: Mounting plugin PostSplashScreen
LogPluginManager: Mounting plugin ProceduralMeshComponent
LogPluginManager: Mounting plugin PropertyAccessEditor
LogPluginManager: Mounting plugin SignificanceManager
LogPluginManager: Mounting plugin RuntimePhysXCooking
LogPluginManager: Mounting plugin SoundFields
LogPluginManager: Mounting plugin Synthesis
LogPluginManager: Mounting plugin WebMMoviePlayer
LogPluginManager: Mounting plugin WindowsMoviePlayer
LogPluginManager: Mounting plugin ContentBrowserAssetDataSource
LogPluginManager: Mounting plugin ContentBrowserClassDataSource
LogPluginManager: Mounting plugin ContentBrowserFileDataSource
LogPluginManager: Mounting plugin OnlineSubsystemGooglePlay
LogPluginManager: Mounting plugin OnlineSubsystemIOS
LogPluginManager: Mounting plugin OculusVR
LogPluginManager: Mounting plugin SteamVR
PixWinPlugin: PIX capture plugin failed to initialize! Check that the process is launched from PIX.
LogInit: Using libcurl 7.55.1-DEV
LogInit:  - built for x86_64-pc-win32
LogInit:  - supports SSL with OpenSSL/1.1.1
LogInit:  - supports HTTP deflate (compression) using libz 1.2.8
LogInit:  - other features:
LogInit:      CURL_VERSION_SSL
LogInit:      CURL_VERSION_LIBZ
LogInit:      CURL_VERSION_IPV6
LogInit:      CURL_VERSION_ASYNCHDNS
LogInit:      CURL_VERSION_LARGEFILE
LogInit:      CURL_VERSION_IDN
LogInit:  CurlRequestOptions (configurable via config and command line):
LogInit:  - bVerifyPeer = true  - Libcurl will verify peer certificate
LogInit:  - bUseHttpProxy = false  - Libcurl will NOT use HTTP proxy
LogInit:  - bDontReuseConnections = false  - Libcurl will reuse connections
LogInit:  - MaxHostConnections = 16  - Libcurl will limit the number of connections to a host
LogInit:  - LocalHostAddr = Default
LogInit:  - BufferSize = 65536
LogOnline: OSS: Creating online subsystem instance for: NULL
LogInit: WinSock: version 1.1 (2.2), MaxSocks=32767, MaxUdp=65467
LogOnline: OSS: TryLoadSubsystemAndSetDefault: Loaded subsystem for module [NULL]
LogOculusPluginWrapper: OculusPlugin initialized successfully
LogHMD: Failed initializing OVRPlugin 1.59.0
LogInit: Build: ++UE4+Release-4.27-CL-18319896
LogInit: Engine Version: 4.27.2-18319896+++UE4+Release-4.27
LogInit: Compatible Engine Version: 4.27.0-17155196+++UE4+Release-4.27
LogInit: Net CL: 17155196
LogInit: OS: Windows 10 (Release 2009) (), CPU: Intel(R) Core(TM) i5-9300H CPU @ 2.40GHz, GPU: Intel(R) UHD Graphics 630
LogInit: Compiled (64-bit): Nov 30 2021 07:12:08
LogInit: Compiled with Visual C++: 19.24.28315.00
LogInit: Build Configuration: Development
LogInit: Branch Name: ++UE4+Release-4.27
LogInit: Command Line: 
LogInit: Base Directory: D:/UE4-Windows/UE_4.27/Engine/Binaries/Win64/
LogInit: Allocator: TBB
LogInit: Installed Engine Build: 1
LogDevObjectVersion: Number of dev versions registered: 29
LogDevObjectVersion:   Dev-Blueprints (B0D832E4-1F89-4F0D-ACCF-7EB736FD4AA2): 10
LogDevObjectVersion:   Dev-Build (E1C64328-A22C-4D53-A36C-8E866417BD8C): 0
LogDevObjectVersion:   Dev-Core (375EC13C-06E4-48FB-B500-84F0262A717E): 4
LogDevObjectVersion:   Dev-Editor (E4B068ED-F494-42E9-A231-DA0B2E46BB41): 40
LogDevObjectVersion:   Dev-Framework (CFFC743F-43B0-4480-9391-14DF171D2073): 37
LogDevObjectVersion:   Dev-Mobile (B02B49B5-BB20-44E9-A304-32B752E40360): 3
LogDevObjectVersion:   Dev-Networking (A4E4105C-59A1-49B5-A7C5-40C4547EDFEE): 0
LogDevObjectVersion:   Dev-Online (39C831C9-5AE6-47DC-9A44-9C173E1C8E7C): 0
LogDevObjectVersion:   Dev-Physics (78F01B33-EBEA-4F98-B9B4-84EACCB95AA2): 14
LogDevObjectVersion:   Dev-Platform (6631380F-2D4D-43E0-8009-CF276956A95A): 0
LogDevObjectVersion:   Dev-Rendering (12F88B9F-8875-4AFC-A67C-D90C383ABD29): 45
LogDevObjectVersion:   Dev-Sequencer (7B5AE74C-D270-4C10-A958-57980B212A5A): 13
LogDevObjectVersion:   Dev-VR (D7296918-1DD6-4BDD-9DE2-64A83CC13884): 3
LogDevObjectVersion:   Dev-LoadTimes (C2A15278-BFE7-4AFE-6C17-90FF531DF755): 1
LogDevObjectVersion:   Private-Geometry (6EACA3D4-40EC-4CC1-B786-8BED09428FC5): 3
LogDevObjectVersion:   Dev-AnimPhys (29E575DD-E0A3-4627-9D10-D276232CDCEA): 17
LogDevObjectVersion:   Dev-Anim (AF43A65D-7FD3-4947-9873-3E8ED9C1BB05): 15
LogDevObjectVersion:   Dev-ReflectionCapture (6B266CEC-1EC7-4B8F-A30B-E4D90942FC07): 1
LogDevObjectVersion:   Dev-Automation (0DF73D61-A23F-47EA-B727-89E90C41499A): 1
LogDevObjectVersion:   FortniteMain (601D1886-AC64-4F84-AA16-D3DE0DEAC7D6): 47
LogDevObjectVersion:   FortniteRelease (E7086368-6B23-4C58-8439-1B7016265E91): 1
LogDevObjectVersion:   Dev-Enterprise (9DFFBCD6-494F-0158-E221-12823C92A888): 10
LogDevObjectVersion:   Dev-Niagara (F2AED0AC-9AFE-416F-8664-AA7FFA26D6FC): 1
LogDevObjectVersion:   Dev-Destruction (174F1F0B-B4C6-45A5-B13F-2EE8D0FB917D): 10
LogDevObjectVersion:   Dev-Physics-Ext (35F94A83-E258-406C-A318-09F59610247C): 41
LogDevObjectVersion:   Dev-PhysicsMaterial-Chaos (B68FC16E-8B1B-42E2-B453-215C058844FE): 1
LogDevObjectVersion:   Dev-CineCamera (B2E18506-4273-CFC2-A54E-F4BB758BBA07): 1
LogDevObjectVersion:   Dev-VirtualProduction (64F58936-FD1B-42BA-BA96-7289D5D0FA4E): 1
LogDevObjectVersion:   Dev-MediaFramework (6F0ED827-A609-4895-9C91-998D90180EA4): 2
LogInit: Presizing for max 25165824 objects, including 0 objects not considered by GC, pre-allocating 0 bytes for permanent pool.
LogConfig: Applying CVar settings from Section [/Script/Engine.StreamingSettings] File [D:/UTN-e-learning/Unreal-Engine/Unreal-Projects/TP_PreEntrega/Saved/Config/Windows/Engine.ini]
LogConfig: Setting CVar [[s.MinBulkDataSizeForAsyncLoading:131072]]
LogConfig: Setting CVar [[s.AsyncLoadingThreadEnabled:0]]
LogConfig: Setting CVar [[s.EventDrivenLoaderEnabled:1]]
LogConfig: Setting CVar [[s.WarnIfTimeLimitExceeded:0]]
LogConfig: Setting CVar [[s.TimeLimitExceededMultiplier:1.5]]
LogConfig: Setting CVar [[s.TimeLimitExceededMinTime:0.005]]
LogConfig: Setting CVar [[s.UseBackgroundLevelStreaming:1]]
LogConfig: Setting CVar [[s.PriorityAsyncLoadingExtraTime:15.0]]
LogConfig: Setting CVar [[s.LevelStreamingActorsUpdateTimeLimit:5.0]]
LogConfig: Setting CVar [[s.PriorityLevelStreamingActorsUpdateExtraTime:5.0]]
LogConfig: Setting CVar [[s.LevelStreamingComponentsRegistrationGranularity:10]]
LogConfig: Setting CVar [[s.UnregisterComponentsTimeLimit:1.0]]
LogConfig: Setting CVar [[s.LevelStreamingComponentsUnregistrationGranularity:5]]
LogConfig: Setting CVar [[s.FlushStreamingOnExit:1]]
LogInit: Object subsystem initialized
LogConfig: Setting CVar [[con.DebugEarlyDefault:1]]
LogConfig: Setting CVar [[r.setres:1280x720]]
LogConfig: Setting CVar [[fx.NiagaraAllowRuntimeScalabilityChanges:1]]
[2025.07.16-14.21.57:526][  0]LogConfig: Setting CVar [[r.VSync:0]]
[2025.07.16-14.21.57:526][  0]LogConfig: Setting CVar [[r.RHICmdBypass:0]]
[2025.07.16-14.21.57:526][  0]LogConfig: Applying CVar settings from Section [/Script/Engine.RendererSettings] File [D:/UTN-e-learning/Unreal-Engine/Unreal-Projects/TP_PreEntrega/Saved/Config/Windows/Engine.ini]
[2025.07.16-14.21.57:526][  0]LogConfig: Setting CVar [[r.GPUCrashDebugging:0]]
[2025.07.16-14.21.57:526][  0]LogConfig: Applying CVar settings from Section [/Script/Engine.RendererOverrideSettings] File [D:/UTN-e-learning/Unreal-Engine/Unreal-Projects/TP_PreEntrega/Saved/Config/Windows/Engine.ini]
[2025.07.16-14.21.57:526][  0]LogConfig: Applying CVar settings from Section [/Script/Engine.StreamingSettings] File [D:/UTN-e-learning/Unreal-Engine/Unreal-Projects/TP_PreEntrega/Saved/Config/Windows/Engine.ini]
[2025.07.16-14.21.57:526][  0]LogConfig: Setting CVar [[s.MinBulkDataSizeForAsyncLoading:131072]]
[2025.07.16-14.21.57:526][  0]LogConfig: Setting CVar [[s.AsyncLoadingThreadEnabled:0]]
[2025.07.16-14.21.57:526][  0]LogConfig: Setting CVar [[s.EventDrivenLoaderEnabled:1]]
[2025.07.16-14.21.57:526][  0]LogConfig: Setting CVar [[s.WarnIfTimeLimitExceeded:0]]
[2025.07.16-14.21.57:526][  0]LogConfig: Setting CVar [[s.TimeLimitExceededMultiplier:1.5]]
[2025.07.16-14.21.57:526][  0]LogConfig: Setting CVar [[s.TimeLimitExceededMinTime:0.005]]
[2025.07.16-14.21.57:526][  0]LogConfig: Setting CVar [[s.UseBackgroundLevelStreaming:1]]
[2025.07.16-14.21.57:526][  0]LogConfig: Setting CVar [[s.PriorityAsyncLoadingExtraTime:15.0]]
[2025.07.16-14.21.57:526][  0]LogConfig: Setting CVar [[s.LevelStreamingActorsUpdateTimeLimit:5.0]]
[2025.07.16-14.21.57:526][  0]LogConfig: Setting CVar [[s.PriorityLevelStreamingActorsUpdateExtraTime:5.0]]
[2025.07.16-14.21.57:526][  0]LogConfig: Setting CVar [[s.LevelStreamingComponentsRegistrationGranularity:10]]
[2025.07.16-14.21.57:526][  0]LogConfig: Setting CVar [[s.UnregisterComponentsTimeLimit:1.0]]
[2025.07.16-14.21.57:526][  0]LogConfig: Setting CVar [[s.LevelStreamingComponentsUnregistrationGranularity:5]]
[2025.07.16-14.21.57:526][  0]LogConfig: Setting CVar [[s.FlushStreamingOnExit:1]]
[2025.07.16-14.21.57:526][  0]LogConfig: Applying CVar settings from Section [/Script/Engine.GarbageCollectionSettings] File [D:/UTN-e-learning/Unreal-Engine/Unreal-Projects/TP_PreEntrega/Saved/Config/Windows/Engine.ini]
[2025.07.16-14.21.57:526][  0]LogConfig: Setting CVar [[gc.MaxObjectsNotConsideredByGC:1]]
[2025.07.16-14.21.57:526][  0]LogConfig: Setting CVar [[gc.SizeOfPermanentObjectPool:0]]
[2025.07.16-14.21.57:526][  0]LogConfig: Setting CVar [[gc.FlushStreamingOnGC:0]]
[2025.07.16-14.21.57:526][  0]LogConfig: Setting CVar [[gc.NumRetriesBeforeForcingGC:10]]
[2025.07.16-14.21.57:526][  0]LogConfig: Setting CVar [[gc.AllowParallelGC:1]]
[2025.07.16-14.21.57:526][  0]LogConfig: Setting CVar [[gc.TimeBetweenPurgingPendingKillObjects:61.1]]
[2025.07.16-14.21.57:526][  0]LogConfig: Setting CVar [[gc.MaxObjectsInEditor:25165824]]
[2025.07.16-14.21.57:526][  0]LogConfig: Setting CVar [[gc.IncrementalBeginDestroyEnabled:1]]
[2025.07.16-14.21.57:526][  0]LogConfig: Setting CVar [[gc.CreateGCClusters:1]]
[2025.07.16-14.21.57:526][  0]LogConfig: Setting CVar [[gc.MinGCClusterSize:5]]
[2025.07.16-14.21.57:526][  0]LogConfig: Setting CVar [[gc.ActorClusteringEnabled:0]]
[2025.07.16-14.21.57:526][  0]LogConfig: Setting CVar [[gc.BlueprintClusteringEnabled:0]]
[2025.07.16-14.21.57:526][  0]LogConfig: Setting CVar [[gc.UseDisregardForGCOnDedicatedServers:0]]
[2025.07.16-14.21.57:526][  0]LogConfig: Setting CVar [[gc.MultithreadedDestructionEnabled:1]]
[2025.07.16-14.21.57:526][  0]LogConfig: Applying CVar settings from Section [/Script/Engine.NetworkSettings] File [D:/UTN-e-learning/Unreal-Engine/Unreal-Projects/TP_PreEntrega/Saved/Config/Windows/Engine.ini]
[2025.07.16-14.21.57:526][  0]LogConfig: Applying CVar settings from Section [/Script/UnrealEd.CookerSettings] File [D:/UTN-e-learning/Unreal-Engine/Unreal-Projects/TP_PreEntrega/Saved/Config/Windows/Engine.ini]
[2025.07.16-14.21.57:544][  0]LogConfig: Applying CVar settings from Section [ViewDistanceQuality@3] File [D:/UTN-e-learning/Unreal-Engine/Unreal-Projects/TP_PreEntrega/Saved/Config/Windows/Scalability.ini]
[2025.07.16-14.21.57:545][  0]LogConfig: Setting CVar [[r.SkeletalMeshLODBias:0]]
[2025.07.16-14.21.57:545][  0]LogConfig: Setting CVar [[r.ViewDistanceScale:1.0]]
[2025.07.16-14.21.57:545][  0]LogConfig: Applying CVar settings from Section [AntiAliasingQuality@3] File [D:/UTN-e-learning/Unreal-Engine/Unreal-Projects/TP_PreEntrega/Saved/Config/Windows/Scalability.ini]
[2025.07.16-14.21.57:545][  0]LogConfig: Setting CVar [[r.PostProcessAAQuality:4]]
[2025.07.16-14.21.57:545][  0]LogConfig: Applying CVar settings from Section [ShadowQuality@3] File [D:/UTN-e-learning/Unreal-Engine/Unreal-Projects/TP_PreEntrega/Saved/Config/Windows/Scalability.ini]
[2025.07.16-14.21.57:545][  0]LogConfig: Setting CVar [[r.LightFunctionQuality:1]]
[2025.07.16-14.21.57:545][  0]LogConfig: Setting CVar [[r.ShadowQuality:5]]
[2025.07.16-14.21.57:545][  0]LogConfig: Setting CVar [[r.Shadow.CSM.MaxCascades:10]]
[2025.07.16-14.21.57:545][  0]LogConfig: Setting CVar [[r.Shadow.MaxResolution:2048]]
[2025.07.16-14.21.57:545][  0]LogConfig: Setting CVar [[r.Shadow.MaxCSMResolution:2048]]
[2025.07.16-14.21.57:545][  0]LogConfig: Setting CVar [[r.Shadow.RadiusThreshold:0.01]]
[2025.07.16-14.21.57:545][  0]LogConfig: Setting CVar [[r.Shadow.DistanceScale:1.0]]
[2025.07.16-14.21.57:545][  0]LogConfig: Setting CVar [[r.Shadow.CSM.TransitionScale:1.0]]
[2025.07.16-14.21.57:545][  0]LogConfig: Setting CVar [[r.Shadow.PreShadowResolutionFactor:1.0]]
[2025.07.16-14.21.57:545][  0]LogConfig: Setting CVar [[r.DistanceFieldShadowing:1]]
[2025.07.16-14.21.57:545][  0]LogConfig: Setting CVar [[r.DistanceFieldAO:1]]
[2025.07.16-14.21.57:545][  0]LogConfig: Setting CVar [[r.AOQuality:2]]
[2025.07.16-14.21.57:545][  0]LogConfig: Setting CVar [[r.VolumetricFog:1]]
[2025.07.16-14.21.57:545][  0]LogConfig: Setting CVar [[r.VolumetricFog.GridPixelSize:8]]
[2025.07.16-14.21.57:545][  0]LogConfig: Setting CVar [[r.VolumetricFog.GridSizeZ:128]]
[2025.07.16-14.21.57:545][  0]LogConfig: Setting CVar [[r.VolumetricFog.HistoryMissSupersampleCount:4]]
[2025.07.16-14.21.57:545][  0]LogConfig: Setting CVar [[r.LightMaxDrawDistanceScale:1]]
[2025.07.16-14.21.57:545][  0]LogConfig: Setting CVar [[r.CapsuleShadows:1]]
[2025.07.16-14.21.57:545][  0]LogConfig: Applying CVar settings from Section [PostProcessQuality@3] File [D:/UTN-e-learning/Unreal-Engine/Unreal-Projects/TP_PreEntrega/Saved/Config/Windows/Scalability.ini]
[2025.07.16-14.21.57:545][  0]LogConfig: Setting CVar [[r.MotionBlurQuality:4]]
[2025.07.16-14.21.57:545][  0]LogConfig: Setting CVar [[r.AmbientOcclusionMipLevelFactor:0.4]]
[2025.07.16-14.21.57:545][  0]LogConfig: Setting CVar [[r.AmbientOcclusionMaxQuality:100]]
[2025.07.16-14.21.57:545][  0]LogConfig: Setting CVar [[r.AmbientOcclusionLevels:-1]]
[2025.07.16-14.21.57:545][  0]LogConfig: Setting CVar [[r.AmbientOcclusionRadiusScale:1.0]]
[2025.07.16-14.21.57:545][  0]LogConfig: Setting CVar [[r.DepthOfFieldQuality:2]]
[2025.07.16-14.21.57:545][  0]LogConfig: Setting CVar [[r.RenderTargetPoolMin:400]]
[2025.07.16-14.21.57:545][  0]LogConfig: Setting CVar [[r.LensFlareQuality:2]]
[2025.07.16-14.21.57:545][  0]LogConfig: Setting CVar [[r.SceneColorFringeQuality:1]]
[2025.07.16-14.21.57:545][  0]LogConfig: Setting CVar [[r.EyeAdaptationQuality:2]]
[2025.07.16-14.21.57:545][  0]LogConfig: Setting CVar [[r.BloomQuality:5]]
[2025.07.16-14.21.57:545][  0]LogConfig: Setting CVar [[r.FastBlurThreshold:100]]
[2025.07.16-14.21.57:545][  0]LogConfig: Setting CVar [[r.Upscale.Quality:3]]
[2025.07.16-14.21.57:545][  0]LogConfig: Setting CVar [[r.Tonemapper.GrainQuantization:1]]
[2025.07.16-14.21.57:545][  0]LogConfig: Setting CVar [[r.LightShaftQuality:1]]
[2025.07.16-14.21.57:545][  0]LogConfig: Setting CVar [[r.Filter.SizeScale:1]]
[2025.07.16-14.21.57:545][  0]LogConfig: Setting CVar [[r.Tonemapper.Quality:5]]
[2025.07.16-14.21.57:545][  0]LogConfig: Setting CVar [[r.DOF.Gather.AccumulatorQuality:1        ; higher gathering accumulator quality]]
[2025.07.16-14.21.57:545][  0]LogConfig: Setting CVar [[r.DOF.Gather.PostfilterMethod:1          ; Median3x3 postfilering method]]
[2025.07.16-14.21.57:545][  0]LogConfig: Setting CVar [[r.DOF.Gather.EnableBokehSettings:0       ; no bokeh simulation when gathering]]
[2025.07.16-14.21.57:545][  0]LogConfig: Setting CVar [[r.DOF.Gather.RingCount:4                 ; medium number of samples when gathering]]
[2025.07.16-14.21.57:545][  0]LogConfig: Setting CVar [[r.DOF.Scatter.ForegroundCompositing:1    ; additive foreground scattering]]
[2025.07.16-14.21.57:545][  0]LogConfig: Setting CVar [[r.DOF.Scatter.BackgroundCompositing:2    ; additive background scattering]]
[2025.07.16-14.21.57:546][  0]LogConfig: Setting CVar [[r.DOF.Scatter.EnableBokehSettings:1      ; bokeh simulation when scattering]]
[2025.07.16-14.21.57:546][  0]LogConfig: Setting CVar [[r.DOF.Scatter.MaxSpriteRatio:0.1         ; only a maximum of 10% of scattered bokeh]]
[2025.07.16-14.21.57:546][  0]LogConfig: Setting CVar [[r.DOF.Recombine.Quality:1                ; cheap slight out of focus]]
[2025.07.16-14.21.57:546][  0]LogConfig: Setting CVar [[r.DOF.Recombine.EnableBokehSettings:0    ; no bokeh simulation on slight out of focus]]
[2025.07.16-14.21.57:546][  0]LogConfig: Setting CVar [[r.DOF.TemporalAAQuality:1                ; more stable temporal accumulation]]
[2025.07.16-14.21.57:546][  0]LogConfig: Setting CVar [[r.DOF.Kernel.MaxForegroundRadius:0.025]]
[2025.07.16-14.21.57:546][  0]LogConfig: Setting CVar [[r.DOF.Kernel.MaxBackgroundRadius:0.025]]
[2025.07.16-14.21.57:546][  0]LogConfig: Applying CVar settings from Section [TextureQuality@3] File [D:/UTN-e-learning/Unreal-Engine/Unreal-Projects/TP_PreEntrega/Saved/Config/Windows/Scalability.ini]
[2025.07.16-14.21.57:546][  0]LogConfig: Setting CVar [[r.Streaming.MipBias:0]]
[2025.07.16-14.21.57:546][  0]LogConfig: Setting CVar [[r.Streaming.AmortizeCPUToGPUCopy:0]]
[2025.07.16-14.21.57:546][  0]LogConfig: Setting CVar [[r.Streaming.MaxNumTexturesToStreamPerFrame:0]]
[2025.07.16-14.21.57:546][  0]LogConfig: Setting CVar [[r.Streaming.Boost:1]]
[2025.07.16-14.21.57:546][  0]LogConfig: Setting CVar [[r.MaxAnisotropy:8]]
[2025.07.16-14.21.57:546][  0]LogConfig: Setting CVar [[r.VT.MaxAnisotropy:8]]
[2025.07.16-14.21.57:546][  0]LogConfig: Setting CVar [[r.Streaming.LimitPoolSizeToVRAM:0]]
[2025.07.16-14.21.57:546][  0]LogConfig: Setting CVar [[r.Streaming.PoolSize:1000]]
[2025.07.16-14.21.57:546][  0]LogConfig: Setting CVar [[r.Streaming.MaxEffectiveScreenSize:0]]
[2025.07.16-14.21.57:546][  0]LogConfig: Applying CVar settings from Section [EffectsQuality@3] File [D:/UTN-e-learning/Unreal-Engine/Unreal-Projects/TP_PreEntrega/Saved/Config/Windows/Scalability.ini]
[2025.07.16-14.21.57:546][  0]LogConfig: Setting CVar [[r.TranslucencyLightingVolumeDim:64]]
[2025.07.16-14.21.57:546][  0]LogConfig: Setting CVar [[r.RefractionQuality:2]]
[2025.07.16-14.21.57:546][  0]LogConfig: Setting CVar [[r.SSR.Quality:3]]
[2025.07.16-14.21.57:546][  0]LogConfig: Setting CVar [[r.SSR.HalfResSceneColor:0]]
[2025.07.16-14.21.57:546][  0]LogConfig: Setting CVar [[r.SceneColorFormat:4]]
[2025.07.16-14.21.57:546][  0]LogConfig: Setting CVar [[r.DetailMode:2]]
[2025.07.16-14.21.57:546][  0]LogConfig: Setting CVar [[r.TranslucencyVolumeBlur:1]]
[2025.07.16-14.21.57:546][  0]LogConfig: Setting CVar [[r.MaterialQualityLevel:1 ; High quality]]
[2025.07.16-14.21.57:546][  0]LogConfig: Setting CVar [[r.AnisotropicMaterials:1]]
[2025.07.16-14.21.57:546][  0]LogConfig: Setting CVar [[r.SSS.Scale:1]]
[2025.07.16-14.21.57:546][  0]LogConfig: Setting CVar [[r.SSS.SampleSet:2]]
[2025.07.16-14.21.57:546][  0]LogConfig: Setting CVar [[r.SSS.Quality:1]]
[2025.07.16-14.21.57:546][  0]LogConfig: Setting CVar [[r.SSS.HalfRes:0]]
[2025.07.16-14.21.57:546][  0]LogConfig: Setting CVar [[r.SSGI.Quality:3]]
[2025.07.16-14.21.57:546][  0]LogConfig: Setting CVar [[r.EmitterSpawnRateScale:1.0]]
[2025.07.16-14.21.57:546][  0]LogConfig: Setting CVar [[r.ParticleLightQuality:2]]
[2025.07.16-14.21.57:546][  0]LogConfig: Setting CVar [[r.SkyAtmosphere.AerialPerspectiveLUT.FastApplyOnOpaque:1 ; Always have FastSkyLUT 1 in this case to avoid wrong sky]]
[2025.07.16-14.21.57:546][  0]LogConfig: Setting CVar [[r.SkyAtmosphere.AerialPerspectiveLUT.SampleCountMaxPerSlice:4]]
[2025.07.16-14.21.57:546][  0]LogConfig: Setting CVar [[r.SkyAtmosphere.AerialPerspectiveLUT.DepthResolution:16.0]]
[2025.07.16-14.21.57:546][  0]LogConfig: Setting CVar [[r.SkyAtmosphere.FastSkyLUT:1]]
[2025.07.16-14.21.57:546][  0]LogConfig: Setting CVar [[r.SkyAtmosphere.FastSkyLUT.SampleCountMin:4.0]]
[2025.07.16-14.21.57:546][  0]LogConfig: Setting CVar [[r.SkyAtmosphere.FastSkyLUT.SampleCountMax:128.0]]
[2025.07.16-14.21.57:546][  0]LogConfig: Setting CVar [[r.SkyAtmosphere.SampleCountMin:4.0]]
[2025.07.16-14.21.57:546][  0]LogConfig: Setting CVar [[r.SkyAtmosphere.SampleCountMax:128.0]]
[2025.07.16-14.21.57:546][  0]LogConfig: Setting CVar [[r.SkyAtmosphere.TransmittanceLUT.UseSmallFormat:0]]
[2025.07.16-14.21.57:546][  0]LogConfig: Setting CVar [[r.SkyAtmosphere.TransmittanceLUT.SampleCount:10.0]]
[2025.07.16-14.21.57:546][  0]LogConfig: Setting CVar [[r.SkyAtmosphere.MultiScatteringLUT.SampleCount:15.0]]
[2025.07.16-14.21.57:546][  0]LogConfig: Setting CVar [[r.SkyLight.RealTimeReflectionCapture:1]]
[2025.07.16-14.21.57:546][  0]LogConfig: Setting CVar [[fx.Niagara.QualityLevel:3]]
[2025.07.16-14.21.57:546][  0]LogConfig: Applying CVar settings from Section [FoliageQuality@3] File [D:/UTN-e-learning/Unreal-Engine/Unreal-Projects/TP_PreEntrega/Saved/Config/Windows/Scalability.ini]
[2025.07.16-14.21.57:546][  0]LogConfig: Setting CVar [[foliage.DensityScale:1.0]]
[2025.07.16-14.21.57:546][  0]LogConfig: Setting CVar [[grass.DensityScale:1.0]]
[2025.07.16-14.21.57:546][  0]LogConfig: Applying CVar settings from Section [ShadingQuality@3] File [D:/UTN-e-learning/Unreal-Engine/Unreal-Projects/TP_PreEntrega/Saved/Config/Windows/Scalability.ini]
[2025.07.16-14.21.57:547][  0]LogConfig: Setting CVar [[r.HairStrands.SkyLighting.IntegrationType:2]]
[2025.07.16-14.21.57:547][  0]LogConfig: Setting CVar [[r.HairStrands.SkyAO.SampleCount:4]]
[2025.07.16-14.21.57:547][  0]LogConfig: Setting CVar [[r.HairStrands.Visibility.MSAA.SamplePerPixel:4]]
[2025.07.16-14.21.57:547][  0]LogConfig: Setting CVar [[r.HairStrands.Interpolation.UseSingleGuide:0]]
[2025.07.16-14.21.57:547][  0]LogInit: Selected Device Profile: [Windows]
[2025.07.16-14.21.57:547][  0]LogInit: Applying CVar settings loaded from the selected device profile: [Windows]
[2025.07.16-14.21.57:547][  0]LogHAL: Display: Platform has ~ 32 GB [34200604672 / 34359738368 / 32], which maps to Largest [LargestMinGB=32, LargerMinGB=12, DefaultMinGB=8, SmallerMinGB=6, SmallestMinGB=0)
[2025.07.16-14.21.57:547][  0]LogInit: Going up to parent DeviceProfile []
[2025.07.16-14.21.57:547][  0]LogConfig: Applying CVar settings from Section [ViewDistanceQuality@3] File [D:/UTN-e-learning/Unreal-Engine/Unreal-Projects/TP_PreEntrega/Saved/Config/Windows/Scalability.ini]
[2025.07.16-14.21.57:547][  0]LogConfig: Setting CVar [[r.SkeletalMeshLODBias:0]]
[2025.07.16-14.21.57:547][  0]LogConfig: Setting CVar [[r.ViewDistanceScale:1.0]]
[2025.07.16-14.21.57:547][  0]LogConfig: Applying CVar settings from Section [AntiAliasingQuality@3] File [D:/UTN-e-learning/Unreal-Engine/Unreal-Projects/TP_PreEntrega/Saved/Config/Windows/Scalability.ini]
[2025.07.16-14.21.57:547][  0]LogConfig: Setting CVar [[r.PostProcessAAQuality:4]]
[2025.07.16-14.21.57:547][  0]LogConfig: Applying CVar settings from Section [ShadowQuality@3] File [D:/UTN-e-learning/Unreal-Engine/Unreal-Projects/TP_PreEntrega/Saved/Config/Windows/Scalability.ini]
[2025.07.16-14.21.57:547][  0]LogConfig: Setting CVar [[r.LightFunctionQuality:1]]
[2025.07.16-14.21.57:547][  0]LogConfig: Setting CVar [[r.ShadowQuality:5]]
[2025.07.16-14.21.57:547][  0]LogConfig: Setting CVar [[r.Shadow.CSM.MaxCascades:10]]
[2025.07.16-14.21.57:547][  0]LogConfig: Setting CVar [[r.Shadow.MaxResolution:2048]]
[2025.07.16-14.21.57:547][  0]LogConfig: Setting CVar [[r.Shadow.MaxCSMResolution:2048]]
[2025.07.16-14.21.57:547][  0]LogConfig: Setting CVar [[r.Shadow.RadiusThreshold:0.01]]
[2025.07.16-14.21.57:547][  0]LogConfig: Setting CVar [[r.Shadow.DistanceScale:1.0]]
[2025.07.16-14.21.57:547][  0]LogConfig: Setting CVar [[r.Shadow.CSM.TransitionScale:1.0]]
[2025.07.16-14.21.57:547][  0]LogConfig: Setting CVar [[r.Shadow.PreShadowResolutionFactor:1.0]]
[2025.07.16-14.21.57:547][  0]LogConfig: Setting CVar [[r.DistanceFieldShadowing:1]]
[2025.07.16-14.21.57:547][  0]LogConfig: Setting CVar [[r.DistanceFieldAO:1]]
[2025.07.16-14.21.57:547][  0]LogConfig: Setting CVar [[r.AOQuality:2]]
[2025.07.16-14.21.57:547][  0]LogConfig: Setting CVar [[r.VolumetricFog:1]]
[2025.07.16-14.21.57:547][  0]LogConfig: Setting CVar [[r.VolumetricFog.GridPixelSize:8]]
[2025.07.16-14.21.57:547][  0]LogConfig: Setting CVar [[r.VolumetricFog.GridSizeZ:128]]
[2025.07.16-14.21.57:547][  0]LogConfig: Setting CVar [[r.VolumetricFog.HistoryMissSupersampleCount:4]]
[2025.07.16-14.21.57:547][  0]LogConfig: Setting CVar [[r.LightMaxDrawDistanceScale:1]]
[2025.07.16-14.21.57:547][  0]LogConfig: Setting CVar [[r.CapsuleShadows:1]]
[2025.07.16-14.21.57:547][  0]LogConfig: Applying CVar settings from Section [PostProcessQuality@3] File [D:/UTN-e-learning/Unreal-Engine/Unreal-Projects/TP_PreEntrega/Saved/Config/Windows/Scalability.ini]
[2025.07.16-14.21.57:547][  0]LogConfig: Setting CVar [[r.MotionBlurQuality:4]]
[2025.07.16-14.21.57:547][  0]LogConfig: Setting CVar [[r.AmbientOcclusionMipLevelFactor:0.4]]
[2025.07.16-14.21.57:547][  0]LogConfig: Setting CVar [[r.AmbientOcclusionMaxQuality:100]]
[2025.07.16-14.21.57:547][  0]LogConfig: Setting CVar [[r.AmbientOcclusionLevels:-1]]
[2025.07.16-14.21.57:547][  0]LogConfig: Setting CVar [[r.AmbientOcclusionRadiusScale:1.0]]
[2025.07.16-14.21.57:547][  0]LogConfig: Setting CVar [[r.DepthOfFieldQuality:2]]
[2025.07.16-14.21.57:547][  0]LogConfig: Setting CVar [[r.RenderTargetPoolMin:400]]
[2025.07.16-14.21.57:547][  0]LogConfig: Setting CVar [[r.LensFlareQuality:2]]
[2025.07.16-14.21.57:547][  0]LogConfig: Setting CVar [[r.SceneColorFringeQuality:1]]
[2025.07.16-14.21.57:547][  0]LogConfig: Setting CVar [[r.EyeAdaptationQuality:2]]
[2025.07.16-14.21.57:548][  0]LogConfig: Setting CVar [[r.BloomQuality:5]]
[2025.07.16-14.21.57:548][  0]LogConfig: Setting CVar [[r.FastBlurThreshold:100]]
[2025.07.16-14.21.57:548][  0]LogConfig: Setting CVar [[r.Upscale.Quality:3]]
[2025.07.16-14.21.57:548][  0]LogConfig: Setting CVar [[r.Tonemapper.GrainQuantization:1]]
[2025.07.16-14.21.57:548][  0]LogConfig: Setting CVar [[r.LightShaftQuality:1]]
[2025.07.16-14.21.57:548][  0]LogConfig: Setting CVar [[r.Filter.SizeScale:1]]
[2025.07.16-14.21.57:548][  0]LogConfig: Setting CVar [[r.Tonemapper.Quality:5]]
[2025.07.16-14.21.57:548][  0]LogConfig: Setting CVar [[r.DOF.Gather.AccumulatorQuality:1        ; higher gathering accumulator quality]]
[2025.07.16-14.21.57:548][  0]LogConfig: Setting CVar [[r.DOF.Gather.PostfilterMethod:1          ; Median3x3 postfilering method]]
[2025.07.16-14.21.57:548][  0]LogConfig: Setting CVar [[r.DOF.Gather.EnableBokehSettings:0       ; no bokeh simulation when gathering]]
[2025.07.16-14.21.57:548][  0]LogConfig: Setting CVar [[r.DOF.Gather.RingCount:4                 ; medium number of samples when gathering]]
[2025.07.16-14.21.57:548][  0]LogConfig: Setting CVar [[r.DOF.Scatter.ForegroundCompositing:1    ; additive foreground scattering]]
[2025.07.16-14.21.57:548][  0]LogConfig: Setting CVar [[r.DOF.Scatter.BackgroundCompositing:2    ; additive background scattering]]
[2025.07.16-14.21.57:548][  0]LogConfig: Setting CVar [[r.DOF.Scatter.EnableBokehSettings:1      ; bokeh simulation when scattering]]
[2025.07.16-14.21.57:548][  0]LogConfig: Setting CVar [[r.DOF.Scatter.MaxSpriteRatio:0.1         ; only a maximum of 10% of scattered bokeh]]
[2025.07.16-14.21.57:548][  0]LogConfig: Setting CVar [[r.DOF.Recombine.Quality:1                ; cheap slight out of focus]]
[2025.07.16-14.21.57:548][  0]LogConfig: Setting CVar [[r.DOF.Recombine.EnableBokehSettings:0    ; no bokeh simulation on slight out of focus]]
[2025.07.16-14.21.57:548][  0]LogConfig: Setting CVar [[r.DOF.TemporalAAQuality:1                ; more stable temporal accumulation]]
[2025.07.16-14.21.57:548][  0]LogConfig: Setting CVar [[r.DOF.Kernel.MaxForegroundRadius:0.025]]
[2025.07.16-14.21.57:548][  0]LogConfig: Setting CVar [[r.DOF.Kernel.MaxBackgroundRadius:0.025]]
[2025.07.16-14.21.57:548][  0]LogConfig: Applying CVar settings from Section [TextureQuality@3] File [D:/UTN-e-learning/Unreal-Engine/Unreal-Projects/TP_PreEntrega/Saved/Config/Windows/Scalability.ini]
[2025.07.16-14.21.57:548][  0]LogConfig: Setting CVar [[r.Streaming.MipBias:0]]
[2025.07.16-14.21.57:548][  0]LogConfig: Setting CVar [[r.Streaming.AmortizeCPUToGPUCopy:0]]
[2025.07.16-14.21.57:548][  0]LogConfig: Setting CVar [[r.Streaming.MaxNumTexturesToStreamPerFrame:0]]
[2025.07.16-14.21.57:548][  0]LogConfig: Setting CVar [[r.Streaming.Boost:1]]
[2025.07.16-14.21.57:548][  0]LogConfig: Setting CVar [[r.MaxAnisotropy:8]]
[2025.07.16-14.21.57:548][  0]LogConfig: Setting CVar [[r.VT.MaxAnisotropy:8]]
[2025.07.16-14.21.57:548][  0]LogConfig: Setting CVar [[r.Streaming.LimitPoolSizeToVRAM:0]]
[2025.07.16-14.21.57:548][  0]LogConfig: Setting CVar [[r.Streaming.PoolSize:1000]]
[2025.07.16-14.21.57:548][  0]LogConfig: Setting CVar [[r.Streaming.MaxEffectiveScreenSize:0]]
[2025.07.16-14.21.57:548][  0]LogConfig: Applying CVar settings from Section [EffectsQuality@3] File [D:/UTN-e-learning/Unreal-Engine/Unreal-Projects/TP_PreEntrega/Saved/Config/Windows/Scalability.ini]
[2025.07.16-14.21.57:548][  0]LogConfig: Setting CVar [[r.TranslucencyLightingVolumeDim:64]]
[2025.07.16-14.21.57:548][  0]LogConfig: Setting CVar [[r.RefractionQuality:2]]
[2025.07.16-14.21.57:548][  0]LogConfig: Setting CVar [[r.SSR.Quality:3]]
[2025.07.16-14.21.57:548][  0]LogConfig: Setting CVar [[r.SSR.HalfResSceneColor:0]]
[2025.07.16-14.21.57:548][  0]LogConfig: Setting CVar [[r.SceneColorFormat:4]]
[2025.07.16-14.21.57:548][  0]LogConfig: Setting CVar [[r.DetailMode:2]]
[2025.07.16-14.21.57:548][  0]LogConfig: Setting CVar [[r.TranslucencyVolumeBlur:1]]
[2025.07.16-14.21.57:548][  0]LogConfig: Setting CVar [[r.MaterialQualityLevel:1 ; High quality]]
[2025.07.16-14.21.57:548][  0]LogConfig: Setting CVar [[r.AnisotropicMaterials:1]]
[2025.07.16-14.21.57:548][  0]LogConfig: Setting CVar [[r.SSS.Scale:1]]
[2025.07.16-14.21.57:548][  0]LogConfig: Setting CVar [[r.SSS.SampleSet:2]]
[2025.07.16-14.21.57:548][  0]LogConfig: Setting CVar [[r.SSS.Quality:1]]
[2025.07.16-14.21.57:548][  0]LogConfig: Setting CVar [[r.SSS.HalfRes:0]]
[2025.07.16-14.21.57:548][  0]LogConfig: Setting CVar [[r.SSGI.Quality:3]]
[2025.07.16-14.21.57:548][  0]LogConfig: Setting CVar [[r.EmitterSpawnRateScale:1.0]]
[2025.07.16-14.21.57:548][  0]LogConfig: Setting CVar [[r.ParticleLightQuality:2]]
[2025.07.16-14.21.57:548][  0]LogConfig: Setting CVar [[r.SkyAtmosphere.AerialPerspectiveLUT.FastApplyOnOpaque:1 ; Always have FastSkyLUT 1 in this case to avoid wrong sky]]
[2025.07.16-14.21.57:548][  0]LogConfig: Setting CVar [[r.SkyAtmosphere.AerialPerspectiveLUT.SampleCountMaxPerSlice:4]]
[2025.07.16-14.21.57:548][  0]LogConfig: Setting CVar [[r.SkyAtmosphere.AerialPerspectiveLUT.DepthResolution:16.0]]
[2025.07.16-14.21.57:549][  0]LogConfig: Setting CVar [[r.SkyAtmosphere.FastSkyLUT:1]]
[2025.07.16-14.21.57:549][  0]LogConfig: Setting CVar [[r.SkyAtmosphere.FastSkyLUT.SampleCountMin:4.0]]
[2025.07.16-14.21.57:549][  0]LogConfig: Setting CVar [[r.SkyAtmosphere.FastSkyLUT.SampleCountMax:128.0]]
[2025.07.16-14.21.57:549][  0]LogConfig: Setting CVar [[r.SkyAtmosphere.SampleCountMin:4.0]]
[2025.07.16-14.21.57:549][  0]LogConfig: Setting CVar [[r.SkyAtmosphere.SampleCountMax:128.0]]
[2025.07.16-14.21.57:549][  0]LogConfig: Setting CVar [[r.SkyAtmosphere.TransmittanceLUT.UseSmallFormat:0]]
[2025.07.16-14.21.57:549][  0]LogConfig: Setting CVar [[r.SkyAtmosphere.TransmittanceLUT.SampleCount:10.0]]
[2025.07.16-14.21.57:549][  0]LogConfig: Setting CVar [[r.SkyAtmosphere.MultiScatteringLUT.SampleCount:15.0]]
[2025.07.16-14.21.57:549][  0]LogConfig: Setting CVar [[r.SkyLight.RealTimeReflectionCapture:1]]
[2025.07.16-14.21.57:549][  0]LogConfig: Setting CVar [[fx.Niagara.QualityLevel:3]]
[2025.07.16-14.21.57:549][  0]LogConfig: Applying CVar settings from Section [FoliageQuality@3] File [D:/UTN-e-learning/Unreal-Engine/Unreal-Projects/TP_PreEntrega/Saved/Config/Windows/Scalability.ini]
[2025.07.16-14.21.57:549][  0]LogConfig: Setting CVar [[foliage.DensityScale:1.0]]
[2025.07.16-14.21.57:549][  0]LogConfig: Setting CVar [[grass.DensityScale:1.0]]
[2025.07.16-14.21.57:549][  0]LogConfig: Applying CVar settings from Section [ShadingQuality@3] File [D:/UTN-e-learning/Unreal-Engine/Unreal-Projects/TP_PreEntrega/Saved/Config/Windows/Scalability.ini]
[2025.07.16-14.21.57:549][  0]LogConfig: Setting CVar [[r.HairStrands.SkyLighting.IntegrationType:2]]
[2025.07.16-14.21.57:549][  0]LogConfig: Setting CVar [[r.HairStrands.SkyAO.SampleCount:4]]
[2025.07.16-14.21.57:549][  0]LogConfig: Setting CVar [[r.HairStrands.Visibility.MSAA.SamplePerPixel:4]]
[2025.07.16-14.21.57:549][  0]LogConfig: Setting CVar [[r.HairStrands.Interpolation.UseSingleGuide:0]]
[2025.07.16-14.21.57:549][  0]LogConfig: Applying CVar settings from Section [Startup] File [../../../Engine/Config/ConsoleVariables.ini]
[2025.07.16-14.21.57:549][  0]LogConfig: Setting CVar [[net.UseAdaptiveNetUpdateFrequency:0]]
[2025.07.16-14.21.57:549][  0]LogConfig: Setting CVar [[p.chaos.AllowCreatePhysxBodies:1]]
[2025.07.16-14.21.57:549][  0]LogConfig: Setting CVar [[fx.SkipVectorVMBackendOptimizations:1]]
[2025.07.16-14.21.57:549][  0]LogConfig: Applying CVar settings from Section [ConsoleVariables] File [D:/UTN-e-learning/Unreal-Engine/Unreal-Projects/TP_PreEntrega/Saved/Config/Windows/Engine.ini]
[2025.07.16-14.21.57:549][  0]LogConfig: Applying CVar settings from Section [ConsoleVariables] File [D:/UTN-e-learning/Unreal-Engine/Unreal-Projects/TP_PreEntrega/Saved/Config/Windows/Editor.ini]
[2025.07.16-14.21.57:549][  0]LogInit: Computer: LAPTOP-AHL2VAE2
[2025.07.16-14.21.57:549][  0]LogInit: User: ezequ
[2025.07.16-14.21.57:549][  0]LogInit: CPU Page size=4096, Cores=4
[2025.07.16-14.21.57:549][  0]LogInit: High frequency timer resolution =10.000000 MHz
[2025.07.16-14.21.57:549][  0]LogMemory: Memory total: Physical=31.9GB (32GB approx)
[2025.07.16-14.21.57:549][  0]LogMemory: Platform Memory Stats for Windows
[2025.07.16-14.21.57:549][  0]LogMemory: Process Physical Memory: 143.83 MB used, 143.83 MB peak
[2025.07.16-14.21.57:549][  0]LogMemory: Process Virtual Memory: 111.09 MB used, 111.09 MB peak
[2025.07.16-14.21.57:549][  0]LogMemory: Physical Memory: 14590.77 MB used,  18025.47 MB free, 32616.24 MB total
[2025.07.16-14.21.57:549][  0]LogMemory: Virtual Memory: 134189128.00 MB used,  28601.24 MB free, 134217728.00 MB total
[2025.07.16-14.21.57:564][  0]LogWindows: WindowsPlatformFeatures enabled
[2025.07.16-14.21.57:752][  0]LogInit: Physics initialised using underlying interface: PhysX
[2025.07.16-14.21.57:755][  0]LogInit: Overriding language with editor language configuration option (en).
[2025.07.16-14.21.57:756][  0]LogInit: Overriding language with editor locale configuration option (en).
[2025.07.16-14.21.57:963][  0]LogInit: Setting process to per monitor DPI aware
[2025.07.16-14.21.57:984][  0]LogWindowsTextInputMethodSystem: Display: IME system deactivated.
[2025.07.16-14.21.58:017][  0]LogSlate: New Slate User Created.  User Index 0, Is Virtual User: 0
[2025.07.16-14.21.58:017][  0]LogSlate: Slate User Registered.  User Index 0, Is Virtual User: 0
[2025.07.16-14.21.58:254][  0]LogD3D11RHI: Loaded GFSDK_Aftermath_Lib.x64.dll
[2025.07.16-14.21.58:257][  0]LogHMD: Failed to initialize OpenVR with code 110
[2025.07.16-14.21.58:257][  0]LogD3D11RHI: D3D11 min allowed feature level: 11_0
[2025.07.16-14.21.58:257][  0]LogD3D11RHI: D3D11 max allowed feature level: 11_0
[2025.07.16-14.21.58:257][  0]LogD3D11RHI: D3D11 adapters:
[2025.07.16-14.21.58:358][  0]LogD3D11RHI:    0. 'NVIDIA GeForce GTX 1050' (Feature Level 11_0)
[2025.07.16-14.21.58:358][  0]LogD3D11RHI:       2996/0/16308 MB DedicatedVideo/DedicatedSystem/SharedSystem, Outputs:1, VendorId:0x10de
[2025.07.16-14.21.58:395][  0]LogD3D11RHI:    1. 'Intel(R) UHD Graphics 630' (Feature Level 11_0)
[2025.07.16-14.21.58:395][  0]LogD3D11RHI:       128/0/16308 MB DedicatedVideo/DedicatedSystem/SharedSystem, Outputs:1, VendorId:0x8086
[2025.07.16-14.21.58:398][  0]LogD3D11RHI:    2. 'Microsoft Basic Render Driver' (Feature Level 11_0)
[2025.07.16-14.21.58:398][  0]LogD3D11RHI:       0/0/16308 MB DedicatedVideo/DedicatedSystem/SharedSystem, Outputs:0, VendorId:0x1414
[2025.07.16-14.21.58:398][  0]LogD3D11RHI: Chosen D3D11 Adapter:
[2025.07.16-14.21.58:398][  0]LogD3D11RHI:     Description : NVIDIA GeForce GTX 1050
[2025.07.16-14.21.58:398][  0]LogD3D11RHI:     VendorId    : 10de
[2025.07.16-14.21.58:398][  0]LogD3D11RHI:     DeviceId    : 1c91
[2025.07.16-14.21.58:398][  0]LogD3D11RHI:     SubSysId    : 13321025
[2025.07.16-14.21.58:398][  0]LogD3D11RHI:     Revision    : 00a1
[2025.07.16-14.21.58:398][  0]LogD3D11RHI:     DedicatedVideoMemory : 3141533696 bytes
[2025.07.16-14.21.58:398][  0]LogD3D11RHI:     DedicatedSystemMemory : 0 bytes
[2025.07.16-14.21.58:398][  0]LogD3D11RHI:     SharedSystemMemory : 17100302336 bytes
[2025.07.16-14.21.58:398][  0]LogD3D11RHI:     AdapterLuid : 0 100829
[2025.07.16-14.21.58:409][  0]LogD3D11RHI: Creating new Direct3DDevice
[2025.07.16-14.21.58:409][  0]LogD3D11RHI:     GPU DeviceId: 0x1c91 (for the marketing name, search the web for "GPU Device Id")
[2025.07.16-14.21.58:409][  0]LogWindows: EnumDisplayDevices:
[2025.07.16-14.21.58:409][  0]LogWindows:    0. 'Intel(R) UHD Graphics 630' (P:0 D:1)
[2025.07.16-14.21.58:409][  0]LogWindows:    1. 'Intel(R) UHD Graphics 630' (P:0 D:0)
[2025.07.16-14.21.58:410][  0]LogWindows:    2. 'Intel(R) UHD Graphics 630' (P:0 D:0)
[2025.07.16-14.21.58:410][  0]LogWindows:    3. 'NVIDIA GeForce GTX 1050' (P:1 D:1)
[2025.07.16-14.21.58:411][  0]LogWindows: DebugString: PrimaryIsNotTheChoosenAdapter PrimaryIsNotTheChoosenAdapter PrimaryIsNotTheChoosenAdapter 
[2025.07.16-14.21.58:411][  0]LogD3D11RHI:     Adapter Name: NVIDIA GeForce GTX 1050
[2025.07.16-14.21.58:411][  0]LogD3D11RHI:   Driver Version: 451.67 (internal:27.21.14.5167, unified:451.67)
[2025.07.16-14.21.58:411][  0]LogD3D11RHI:      Driver Date: 7-5-2020
[2025.07.16-14.21.58:411][  0]LogRHI: Texture pool is 2097 MB (70% of 2996 MB)
[2025.07.16-14.21.58:411][  0]LogD3D11RHI: Creating D3DDevice using adapter:
[2025.07.16-14.21.58:411][  0]LogD3D11RHI:     Description : NVIDIA GeForce GTX 1050
[2025.07.16-14.21.58:411][  0]LogD3D11RHI:     VendorId    : 10de
[2025.07.16-14.21.58:411][  0]LogD3D11RHI:     DeviceId    : 1c91
[2025.07.16-14.21.58:411][  0]LogD3D11RHI:     SubSysId    : 13321025
[2025.07.16-14.21.58:411][  0]LogD3D11RHI:     Revision    : 00a1
[2025.07.16-14.21.58:411][  0]LogD3D11RHI:     DedicatedVideoMemory : 3141533696 bytes
[2025.07.16-14.21.58:411][  0]LogD3D11RHI:     DedicatedSystemMemory : 0 bytes
[2025.07.16-14.21.58:411][  0]LogD3D11RHI:     SharedSystemMemory : 17100302336 bytes
[2025.07.16-14.21.58:411][  0]LogD3D11RHI:     AdapterLuid : 0 100829
[2025.07.16-14.21.58:496][  0]LogD3D11RHI: RHI has support for 64 bit atomics
[2025.07.16-14.21.58:496][  0]LogD3D11RHI: Async texture creation enabled
[2025.07.16-14.21.58:497][  0]LogD3D11RHI: Array index from any shader is supported
[2025.07.16-14.21.58:517][  0]LogD3D11RHI: GPU Timing Frequency: 1000.000000 (Debug: 2 1)
[2025.07.16-14.21.58:611][  0]LogRHI: GeForceNow SDK initialized: 1
[2025.07.16-14.21.59:108][  0]LogTargetPlatformManager: Display: Loaded TargetPlatform 'AllDesktop'
[2025.07.16-14.21.59:141][  0]LogTargetPlatformManager: Display: Loaded TargetPlatform 'Android'
[2025.07.16-14.21.59:141][  0]LogTargetPlatformManager: Display: Loaded TargetPlatform 'Android_ASTC'
[2025.07.16-14.21.59:141][  0]LogTargetPlatformManager: Display: Loaded TargetPlatform 'Android_DXT'
[2025.07.16-14.21.59:141][  0]LogTargetPlatformManager: Display: Loaded TargetPlatform 'Android_ETC2'
[2025.07.16-14.21.59:141][  0]LogTargetPlatformManager: Display: Loaded TargetPlatform 'AndroidClient'
[2025.07.16-14.21.59:141][  0]LogTargetPlatformManager: Display: Loaded TargetPlatform 'Android_ASTCClient'
[2025.07.16-14.21.59:141][  0]LogTargetPlatformManager: Display: Loaded TargetPlatform 'Android_DXTClient'
[2025.07.16-14.21.59:142][  0]LogTargetPlatformManager: Display: Loaded TargetPlatform 'Android_ETC2Client'
[2025.07.16-14.21.59:142][  0]LogTargetPlatformManager: Display: Loaded TargetPlatform 'Android_Multi'
[2025.07.16-14.21.59:142][  0]LogTargetPlatformManager: Display: Loaded TargetPlatform 'Android_MultiClient'
[2025.07.16-14.21.59:183][  0]LogTargetPlatformManager: Display: Loaded TargetPlatform 'IOSClient'
[2025.07.16-14.21.59:183][  0]LogTargetPlatformManager: Display: Loaded TargetPlatform 'IOS'
[2025.07.16-14.21.59:199][  0]LogTargetPlatformManager: Display: Loaded TargetPlatform 'Linux'
[2025.07.16-14.21.59:211][  0]LogTargetPlatformManager: Display: Loaded TargetPlatform 'LinuxNoEditor'
[2025.07.16-14.21.59:222][  0]LogTargetPlatformManager: Display: Loaded TargetPlatform 'LinuxClient'
[2025.07.16-14.21.59:233][  0]LogTargetPlatformManager: Display: Loaded TargetPlatform 'LinuxServer'
[2025.07.16-14.21.59:251][  0]LogTargetPlatformManager: Display: Loaded TargetPlatform 'LinuxAArch64NoEditor'
[2025.07.16-14.21.59:263][  0]LogTargetPlatformManager: Display: Loaded TargetPlatform 'LinuxAArch64Client'
[2025.07.16-14.21.59:272][  0]LogTargetPlatformManager: Display: Loaded TargetPlatform 'LinuxAArch64Server'
[2025.07.16-14.21.59:307][  0]LogTargetPlatformManager: Display: Loaded TargetPlatform 'Lumin'
[2025.07.16-14.21.59:307][  0]LogTargetPlatformManager: Display: Loaded TargetPlatform 'LuminClient'
[2025.07.16-14.21.59:324][  0]LogTargetPlatformManager: Display: Loaded TargetPlatform 'MacNoEditor'
[2025.07.16-14.21.59:335][  0]LogTargetPlatformManager: Display: Loaded TargetPlatform 'Mac'
[2025.07.16-14.21.59:345][  0]LogTargetPlatformManager: Display: Loaded TargetPlatform 'MacClient'
[2025.07.16-14.21.59:355][  0]LogTargetPlatformManager: Display: Loaded TargetPlatform 'MacServer'
[2025.07.16-14.21.59:371][  0]LogTargetPlatformManager: Display: Loaded TargetPlatform 'TVOSClient'
[2025.07.16-14.21.59:371][  0]LogTargetPlatformManager: Display: Loaded TargetPlatform 'TVOS'
[2025.07.16-14.21.59:388][  0]LogTargetPlatformManager: Display: Loaded TargetPlatform 'WindowsNoEditor'
[2025.07.16-14.21.59:400][  0]LogTargetPlatformManager: Display: Loaded TargetPlatform 'Windows'
[2025.07.16-14.21.59:411][  0]LogTargetPlatformManager: Display: Loaded TargetPlatform 'WindowsClient'
[2025.07.16-14.21.59:423][  0]LogTargetPlatformManager: Display: Loaded TargetPlatform 'WindowsServer'
[2025.07.16-14.21.59:424][  0]LogTargetPlatformManager: Display: Building Assets For Windows
[2025.07.16-14.21.59:480][  0]LogAudioDebug: Display: Lib vorbis DLL was dynamically loaded.
[2025.07.16-14.21.59:596][  0]LogTextureFormatOodle: Display: Oodle Texture 2.9.0 init RDO Off
[2025.07.16-14.21.59:750][  0]LogRendererCore: Ray tracing is disabled. Reason: r.RayTracing=0.
[2025.07.16-14.21.59:750][  0]LogShaderCompilers: Guid format shader working directory is -28 characters bigger than the processId version (../../../../../UTN-e-learning/Unreal-Engine/Unreal-Projects/TP_PreEntrega/Intermediate/Shaders/WorkingDirectory/25924/).
[2025.07.16-14.21.59:751][  0]LogShaderCompilers: Cleaned the shader compiler working directory 'C:/Users/ezequ/AppData/Local/Temp/UnrealShaderWorkingDir/6AE724814DBC4DC1F97AE38FA5743227/'.
[2025.07.16-14.21.59:751][  0]LogXGEController: Cannot use XGE Controller as Incredibuild is not installed on this machine.
[2025.07.16-14.21.59:751][  0]LogShaderCompilers: Cannot use XGE Shader Compiler as Incredibuild is not installed on this machine.
[2025.07.16-14.21.59:751][  0]LogShaderCompilers: Display: Using Local Shader Compiler.
[2025.07.16-14.22.00:717][  0]LogDerivedDataCache: Display: Max Cache Size: 512 MB
[2025.07.16-14.22.00:784][  0]LogDerivedDataCache: Loaded boot cache 0.07s 97MB C:/Users/ezequ/AppData/Local/UnrealEngine/4.27/DerivedDataCache/Boot.ddc.
[2025.07.16-14.22.00:784][  0]LogDerivedDataCache: Display: Loaded Boot cache: C:/Users/ezequ/AppData/Local/UnrealEngine/4.27/DerivedDataCache/Boot.ddc
[2025.07.16-14.22.00:785][  0]LogDerivedDataCache: FDerivedDataBackendGraph:  Pak pak cache file ../../../../../UTN-e-learning/Unreal-Engine/Unreal-Projects/TP_PreEntrega/DerivedDataCache/DDC.ddp not found, will not use a pak cache.
[2025.07.16-14.22.00:785][  0]LogDerivedDataCache: Unable to find inner node Pak for hierarchical cache Hierarchy.
[2025.07.16-14.22.00:785][  0]LogDerivedDataCache: FDerivedDataBackendGraph:  CompressedPak pak cache file ../../../../../UTN-e-learning/Unreal-Engine/Unreal-Projects/TP_PreEntrega/DerivedDataCache/Compressed.ddp not found, will not use a pak cache.
[2025.07.16-14.22.00:785][  0]LogDerivedDataCache: Unable to find inner node CompressedPak for hierarchical cache Hierarchy.
[2025.07.16-14.22.00:802][  0]LogDerivedDataCache: Display: Pak cache opened for reading ../../../Engine/DerivedDataCache/Compressed.ddp.
[2025.07.16-14.22.00:802][  0]LogDerivedDataCache: FDerivedDataBackendGraph:  EnterprisePak pak cache file ../../../Enterprise/DerivedDataCache/Compressed.ddp not found, will not use a pak cache.
[2025.07.16-14.22.00:802][  0]LogDerivedDataCache: Unable to find inner node EnterprisePak for hierarchical cache Hierarchy.
[2025.07.16-14.22.00:824][  0]LogDerivedDataCache: Speed tests for C:/Users/ezequ/AppData/Local/UnrealEngine/Common/DerivedDataCache took 0.02 seconds
[2025.07.16-14.22.00:824][  0]LogDerivedDataCache: Display: Performance to C:/Users/ezequ/AppData/Local/UnrealEngine/Common/DerivedDataCache: Latency=0.04ms. RandomReadSpeed=698.38MBs, RandomWriteSpeed=49.13MBs. Assigned SpeedClass 'Local'
[2025.07.16-14.22.00:825][  0]LogDerivedDataCache: Using Local data cache path C:/Users/ezequ/AppData/Local/UnrealEngine/Common/DerivedDataCache: Writable
[2025.07.16-14.22.00:825][  0]LogDerivedDataCache: Shared data cache path not found in *engine.ini, will not use an Shared cache.
[2025.07.16-14.22.00:825][  0]LogDerivedDataCache: Unable to find inner node Shared for hierarchical cache Hierarchy.
[2025.07.16-14.22.00:901][  0]LogSlate: Using FreeType 2.10.0
[2025.07.16-14.22.00:901][  0]LogSlate: SlateFontServices - WITH_FREETYPE: 1, WITH_HARFBUZZ: 1
[2025.07.16-14.22.00:942][  0]LogAssetRegistry: FAssetRegistry took 0.0034 seconds to start up
[2025.07.16-14.22.01:285][  0]LogInit: Selected Device Profile: [Windows]
[2025.07.16-14.22.01:285][  0]LogInit: Active device profile: [000002726341BB00][000002726045C780 49] Windows
[2025.07.16-14.22.01:285][  0]LogInit: Profiles: [000002726341BB00][000002726045C780 49] Windows, [0000027263388600][00000272612168C0 49] WindowsNoEditor, [0000027263418600][000002726121AA00 49] WindowsServer, [000002726338B300][0000027261222B80 49] WindowsClient, [000002726341B200][000002726122AD00 49] IOS, [0000027263389000][0000027261242E80 49] iPadAir, [0000027263418F00][0000027261253000 49] iPadAir2, [000002726410C300][000002726125B2C0 49] IPadPro, [0000027264103F00][0000027261257300 49] iPadAir3, [000002726341AD00][0000027260FC1480 49] iPadAir4, [0000027264100C00][0000027260295600 49] iPadMini2, [0000027263419300][00000272602A9780 49] iPadMini3, [0000027264102E00][0000027260FBD900 49] iPadMini4, [000002726341A500][00000272602ADA80 49] iPadMini5, [000002726338AB00][000002726033A1C0 49] iPhone6, [000002726338AC00][00000272602B0200 49] iPodTouch6, [0000027264101000][00000272603424C0 49] iPhone7, [0000027264101100][000002726033E500 49] iPodTouch7, [0000027263388700][0000027260346680 49] iPhone5S, [0000027264103500][000002726121E7C0 49] iPhone6Plus, [0000027263389400][000002726034A900 49] iPhone6S, [0000027264102100][000002726034EA40 49] iPhone6SPlus, [0000027263388B00][0000027260E4CB80 49] iPhone7Plus, [0000027264100400][0000027257BF0D00 49] iPhoneSE, [0000027263389B00][0000027257C30E80 49] iPhone8, [0000027264102600][0000027257C35000 49] iPhone8Plus, [0000027263388200][00000272611CD180 49] iPhoneX, [0000027264100200][00000272611D1300 49] iPhoneXS, [000002726338BA00][00000272611EF480 49] iPhoneXSMax, [0000027264102400][000002726120F600 49] iPhoneXR, [000002726338AA00][0000027260B93780 49] iPhone11, [0000027264102B00][0000027260B9B900 49] iPhone11Pro, [0000027263388D00][0000027260BA9A80 49] iPhone11ProMax, [0000027264100F00][0000027260BFBC00 49] iPhoneSE2, [0000027263388400][0000027260C16200 49] iPhone12Mini, [0000027264100100][0000027260C24380 49] iPhone12, [000002726338B800][0000027260C28500 49] iPhone12Pro, [0000027264103100][0000027260C2C680 49] iPhone12ProMax, [000002726338B400][0000027260C30800 49] iPadPro105, [0000027264102D00][0000027260C34980 49] iPadPro129, [0000027263389900][0000027260352AC0 49] iPadPro97, [0000027264102000][0000027257A4CC00 49] iPadPro2_129, [0000027263389600][0000027260CA8D40 49] iPad5, [0000027264100500][0000027260CB6EC0 49] iPad6, [000002726338A000][0000027257A51040 49] iPad7, [0000027264100D00][0000027257A551C0 49] iPad8, [0000027263389300][0000027257A5F340 49] iPadPro11, [0000027264102C00][0000027257A774C0 49] iPadPro2_11, [000002726338B500][0000027257A7B640 49] iPadPro3_129, [0000027264103E00][0000027257A877C0 49] iPadPro4_129, [000002726338A500][0000027257A8B940 49] AppleTV, [0000027264102500][0000027257A8FAC0 49] AppleTV4K, [0000027263389F00][0000027257A920C0 49] TVOS, [0000027264101A00][0000027257A96240 49] Mac, [0000027263388F00][00000272602F63C0 49] MacClient, [0000027264101700][00000272602FA540 49] MacNoEditor, [0000027263389A00][0000027257AA06C0 49] MacServer, [0000027264102900][0000027257AA4840 49] Linux, [0000027263389C00][0000027257AA89C0 49] LinuxAArch64, [0000027264103000][0000027257AACB40 49] LinuxNoEditor, [0000027263389100][0000027260CB2C80 49] LinuxAArch64NoEditor, [0000027264102700][00000272602FEDC0 49] LinuxClient, [0000027263389700][0000027260FC4F00 49] LinuxAArch64Client, [0000027263608800][0000027257AB1040 49] LinuxServer, [000002726410C500][0000027257BE11C0 49] LinuxAArch64Server, [0000027263608700][0000027257BE5340 49] Android, [000002726410C600][0000027257BE94C0 49] Android_Low, [0000027263608100][0000027257BED640 49] Android_Mid, [000002726410D000][00000272611457C0 49] Android_High, [000002726360A200][0000027261149940 49] Android_Default, [000002726410EB00][000002726114DAC0 49] Android_Adreno4xx, [0000027263608A00][00000272611500C0 49] Android_Adreno5xx_Low, [000002726410D600][0000027261154240 49] Android_Adreno5xx, [0000027263609E00][00000272611583C0 49] Android_Adreno6xx, [000002726410EC00][000002726115C540 49] Android_Adreno6xx_Vulkan, [0000027263608D00][00000272611606C0 49] Android_Mali_T6xx, [000002726410E900][00000272609F4840 49] Android_Mali_T7xx, [0000027263608E00][0000027260B829C0 49] Android_Mali_T8xx, [000002726410F200][0000027260B72B40 49] Android_Mali_G71, [0000027263609600][0000027260B6ECC0 49] Android_Mali_G72, [000002726410E000][0000027257BDCE00 49] Android_Mali_G72_Vulkan, [0000027263609700][0000027260B6AF40 49] Android_Mali_G76, [000002726410C900][0000027260B67080 49] Android_Mali_G76_Vulkan, [0000027263609300][0000027260B5D1C0 49] Android_Mali_G77, [000002726410CA00][0000027260B2D340 49] Android_Mali_G77_Vulkan, [0000027263608600][0000027260B234C0 49] Android_Mali_G78, [000002726410EE00][0000027260B1F640 49] Android_Mali_G78_Vulkan, [0000027263388A00][00000272612137C0 49] Android_Mali_G710, [0000027264100600][0000027261201940 49] Android_Mali_G710_Vulkan, [000002726410DD00][00000272611FDAC0 49] Android_Vulkan_SM5, [0000027264103600][00000272611F80C0 49] Android_PowerVR_G6xxx, [0000027263388500][00000272611C8240 49] Android_PowerVR_GT7xxx, [000002726360AA00][0000027260FC83C0 49] Android_PowerVR_GE8xxx, [0000027263389E00][0000027260B96540 49] Android_PowerVR_GM9xxx, [0000027263609B00][000002726026C6C0 49] Android_PowerVR_GM9xxx_Vulkan, [000002726338A600][0000027260270840 49] Android_TegraK1, [000002726360A000][00000272602749C0 49] Android_Unknown_Vulkan, [0000027263388300][0000027260278B40 49] Lumin, [0000027263609800][000002726027CCC0 49] Lumin_Desktop, [000002726338BE00][0000027260280E40 49] HoloLens, 
[2025.07.16-14.22.01:411][  0]LogMeshReduction: Using QuadricMeshReduction for automatic static mesh reduction
[2025.07.16-14.22.01:411][  0]LogMeshReduction: Using SimplygonMeshReduction for automatic skeletal mesh reduction
[2025.07.16-14.22.01:411][  0]LogMeshReduction: Using ProxyLODMeshReduction for automatic mesh merging
[2025.07.16-14.22.01:411][  0]LogMeshReduction: No distributed automatic mesh merging module available
[2025.07.16-14.22.01:411][  0]LogMeshMerging: No distributed automatic mesh merging module available
[2025.07.16-14.22.01:576][  0]LogNetVersion: TP_PreEntrega 1.0.0, NetCL: 17155196, EngineNetVer: 17, GameNetVer: 0 (Checksum: 2958971551)
[2025.07.16-14.22.02:122][  0]LogTexture: Default maximum texture size for cubemaps generated from long-lat sources has been changed from 512 to unlimited. In order to preserve old behaiour for '/Engine/MapTemplates/Sky/DaylightAmbientCubemap.DaylightAmbientCubemap', its maximum texture size has been explicitly set to 512.
[2025.07.16-14.22.02:248][  0]LogHMD: PokeAHoleMaterial loaded successfully
[2025.07.16-14.22.02:257][  0]LogUObjectArray: 18053 objects as part of root set at end of initial load.
[2025.07.16-14.22.02:258][  0]LogUObjectAllocator: 4611920 out of 0 bytes used by permanent object pool.
[2025.07.16-14.22.02:258][  0]LogUObjectArray: CloseDisregardForGC: 0/0 objects in disregard for GC pool
[2025.07.16-14.22.02:891][  0]LogNiagaraDebuggerClient: Niagara Debugger Client Initialized | Session: 98A550E74DD2C9386A22B38D682D8901 | Instance: 5AEE44F54BCD290A53EC859B4C25367D (LAPTOP-AHL2VAE2-25924).
[2025.07.16-14.22.02:988][  0]LogPython: Using Python 3.7.7
[2025.07.16-14.22.03:699][  0]LogTcpMessaging: Initializing TcpMessaging bridge
[2025.07.16-14.22.03:711][  0]LogUdpMessaging: Initializing bridge on interface 0.0.0.0:0 to multicast group 230.0.0.1:6666.
[2025.07.16-14.22.04:173][  0]SourceControl: Source control is disabled
[2025.07.16-14.22.04:173][  0]SourceControl: Source control is disabled
[2025.07.16-14.22.04:296][  0]SourceControl: Source control is disabled
[2025.07.16-14.22.04:309][  0]SourceControl: Source control is disabled
[2025.07.16-14.22.04:339][  0]SourceControl: Source control is disabled
[2025.07.16-14.22.04:375][  0]LogUProjectInfo: Found projects:
[2025.07.16-14.22.04:780][  0]LogOpenImageDenoise: OIDN starting up
[2025.07.16-14.22.04:931][  0]LogAndroidPermission: UAndroidPermissionCallbackProxy::GetInstance
[2025.07.16-14.22.04:975][  0]LogAudioCaptureCore: Display: No Audio Capture implementations found. Audio input will be silent.
[2025.07.16-14.22.04:975][  0]LogAudioCaptureCore: Display: No Audio Capture implementations found. Audio input will be silent.
[2025.07.16-14.22.05:197][  0]LogCollectionManager: Loaded 0 collections in 0.001622 seconds
[2025.07.16-14.22.05:239][  0]LogFileCache: Scanning file cache for directory 'D:/UTN-e-learning/Unreal-Engine/Unreal-Projects/TP_PreEntrega/Saved/Collections/' took 0.00s
[2025.07.16-14.22.05:239][  0]LogFileCache: Scanning file cache for directory 'D:/UTN-e-learning/Unreal-Engine/Unreal-Projects/TP_PreEntrega/Content/Developers/ezequ/Collections/' took 0.00s
[2025.07.16-14.22.05:239][  0]LogFileCache: Scanning file cache for directory 'D:/UTN-e-learning/Unreal-Engine/Unreal-Projects/TP_PreEntrega/Content/Collections/' took 0.00s
[2025.07.16-14.22.05:239][  0]LogOcInput: OculusInput pre-init called
[2025.07.16-14.22.05:641][  0]LogClass: Display: IntProperty FPhysicsConvexData::NumVertices is not initialized properly. Module:MeshModelingTools File:Public/Physics/CollisionPropertySets.h
[2025.07.16-14.22.05:641][  0]LogClass: Display: IntProperty FPhysicsConvexData::NumFaces is not initialized properly. Module:MeshModelingTools File:Public/Physics/CollisionPropertySets.h
[2025.07.16-14.22.05:641][  0]LogClass: Display: FloatProperty FPhysicsCapsuleData::Radius is not initialized properly. Module:MeshModelingTools File:Public/Physics/CollisionPropertySets.h
[2025.07.16-14.22.05:641][  0]LogClass: Display: FloatProperty FPhysicsCapsuleData::Length is not initialized properly. Module:MeshModelingTools File:Public/Physics/CollisionPropertySets.h
[2025.07.16-14.22.05:641][  0]LogClass: Display: StructProperty FPhysicsBoxData::Dimensions is not initialized properly. Module:MeshModelingTools File:Public/Physics/CollisionPropertySets.h
[2025.07.16-14.22.05:641][  0]LogClass: Display: FloatProperty FPhysicsSphereData::Radius is not initialized properly. Module:MeshModelingTools File:Public/Physics/CollisionPropertySets.h
[2025.07.16-14.22.05:641][  0]LogClass: Display: EnumProperty FLODLevelGenerateSettings::TargetMode is not initialized properly. Module:MeshModelingToolsEditorOnly File:Public/GenerateLODMeshesTool.h
[2025.07.16-14.22.05:641][  0]LogClass: Display: IntProperty FLODLevelGenerateSettings::TargetPercentage is not initialized properly. Module:MeshModelingToolsEditorOnly File:Public/GenerateLODMeshesTool.h
[2025.07.16-14.22.05:641][  0]LogClass: Display: IntProperty FLODLevelGenerateSettings::TargetCount is not initialized properly. Module:MeshModelingToolsEditorOnly File:Public/GenerateLODMeshesTool.h
[2025.07.16-14.22.05:641][  0]LogClass: Display: 9 Uninitialized script struct members found including 0 object properties
[2025.07.16-14.22.05:642][  0]LogEngine: Initializing Engine...
[2025.07.16-14.22.05:655][  0]LogHMD: Failed to enumerate extensions. Please check that you have a valid OpenXR runtime installed.
[2025.07.16-14.22.05:656][  0]LogHMD: Failed to initialize OpenVR with code 110
[2025.07.16-14.22.05:656][  0]LogMagicLeap: Warning: VR disabled because ZI is not enabled.  To enable, in the editor, Edit -> Project Settings -> Plugins -> Magic Leap Plugin -> Enable Zero Iteration
[2025.07.16-14.22.05:656][  0]LogStylusInput: Initializing StylusInput subsystem.
[2025.07.16-14.22.05:663][  0]LogStats: UGameplayTagsManager::InitializeManager -  0.000 s
[2025.07.16-14.22.05:780][  0]LogInit: Initializing FReadOnlyCVARCache
[2025.07.16-14.22.05:797][  0]LogAIModule: Creating AISystem for world Untitled
[2025.07.16-14.22.05:808][  0]LogAudio: Display: Initializing Audio Device Manager...
[2025.07.16-14.22.05:817][  0]LogAudio: Display: Loading Default Audio Settings Objects...
[2025.07.16-14.22.05:817][  0]LogAudio: Display: No default SoundConcurrencyObject specified (or failed to load).
[2025.07.16-14.22.05:818][  0]LogAudio: Display: Audio Device Manager Initialized
[2025.07.16-14.22.05:818][  0]LogAudio: Display: Creating Audio Device:                 Id: 1, Scope: Shared, Realtime: True
[2025.07.16-14.22.05:818][  0]LogAudioMixer: Display: Audio Mixer Platform Settings:
[2025.07.16-14.22.05:818][  0]LogAudioMixer: Display: 	Sample Rate:						  48000
[2025.07.16-14.22.05:818][  0]LogAudioMixer: Display: 	Callback Buffer Frame Size Requested: 1024
[2025.07.16-14.22.05:818][  0]LogAudioMixer: Display: 	Callback Buffer Frame Size To Use:	  1024
[2025.07.16-14.22.05:818][  0]LogAudioMixer: Display: 	Number of buffers to queue:			  2
[2025.07.16-14.22.05:818][  0]LogAudioMixer: Display: 	Max Channels (voices):				  32
[2025.07.16-14.22.05:818][  0]LogAudioMixer: Display: 	Number of Async Source Workers:		  0
[2025.07.16-14.22.05:818][  0]LogAudio: Display: AudioDevice MaxSources: 32
[2025.07.16-14.22.05:818][  0]LogAudio: Display: Audio Spatialization Plugin: None (built-in).
[2025.07.16-14.22.05:818][  0]LogAudio: Display: Audio Reverb Plugin: None (built-in).
[2025.07.16-14.22.05:818][  0]LogAudio: Display: Audio Occlusion Plugin: None (built-in).
[2025.07.16-14.22.05:818][  0]LogAudioMixer: Display: Initializing audio mixer.
[2025.07.16-14.22.05:839][  0]LogAudioMixer: Display: 0: FrontLeft
[2025.07.16-14.22.05:839][  0]LogAudioMixer: Display: 1: FrontRight
[2025.07.16-14.22.06:196][  0]LogAudioMixer: Display: Using Audio Device Headphones (SOUNDPEATS Opera05 Stereo)
[2025.07.16-14.22.06:199][  0]LogAudioMixer: Display: Initializing Sound Submixes...
[2025.07.16-14.22.06:202][  0]LogAudioMixer: Display: Creating Master Submix 'MasterSubmixDefault'
[2025.07.16-14.22.06:202][  0]LogAudioMixer: Display: Creating Master Submix 'MasterReverbSubmixDefault'
[2025.07.16-14.22.06:203][  0]LogAudioMixer: Display: Creating Master Submix 'MasterEQSubmixDefault'
[2025.07.16-14.22.06:203][  0]LogAudioMixer: FMixerPlatformXAudio2::StartAudioStream() called
[2025.07.16-14.22.06:203][  0]LogAudioMixer: Display: Output buffers initialized: Frames=1024, Channels=2, Samples=2048
[2025.07.16-14.22.06:204][  0]LogAudioMixer: Display: Starting AudioMixerPlatformInterface::RunInternal()
[2025.07.16-14.22.06:204][  0]LogAudioMixer: Display: FMixerPlatformXAudio2::SubmitBuffer() called for the first time
[2025.07.16-14.22.06:204][  0]LogInit: FAudioDevice initialized.
[2025.07.16-14.22.06:204][  0]LogAudio: Display: Audio Device (ID: 1) registered with world 'Untitled'.
[2025.07.16-14.22.06:204][  0]LogNetVersion: Set ProjectVersion to 1.0.0.0. Version Checksum will be recalculated on next use.
[2025.07.16-14.22.06:296][  0]LogDerivedDataCache: Saved boot cache 0.09s 97MB C:/Users/ezequ/AppData/Local/UnrealEngine/4.27/DerivedDataCache/Boot.ddc.
[2025.07.16-14.22.06:299][  0]LogInit: Texture streaming: Enabled
[2025.07.16-14.22.06:326][  0]LogAnalytics: Display: [UEEditor.Rocket.Release] APIServer = https://datarouter.ol.epicgames.com/. AppVersion = 4.27.2-18319896+++UE4+Release-4.27
[2025.07.16-14.22.06:338][  0]LogEngineSessionManager: EngineSessionManager initialized
[2025.07.16-14.22.06:339][  0]LogEditorSessionSummary: Verbose: Initializing EditorSessionSummaryWriter for editor session tracking
[2025.07.16-14.22.06:357][  0]LogEditorSessionSummary: EditorSessionSummaryWriter initialized
[2025.07.16-14.22.06:410][  0]LogInit: Transaction tracking system initialized
[2025.07.16-14.22.06:461][  0]BlueprintLog: New page: Editor Load
[2025.07.16-14.22.06:613][  0]LocalizationService: Localization service is disabled
[2025.07.16-14.22.06:674][  0]TimingProfiler: Initialize
[2025.07.16-14.22.06:675][  0]TimingProfiler: OnSessionChanged
[2025.07.16-14.22.06:675][  0]LoadingProfiler: Initialize
[2025.07.16-14.22.06:675][  0]LoadingProfiler: OnSessionChanged
[2025.07.16-14.22.06:675][  0]NetworkingProfiler: Initialize
[2025.07.16-14.22.06:675][  0]NetworkingProfiler: OnSessionChanged
[2025.07.16-14.22.06:675][  0]MemoryProfiler: Initialize
[2025.07.16-14.22.06:675][  0]MemoryProfiler: OnSessionChanged
[2025.07.16-14.22.06:965][  0]LogCook: Display: CookSettings for Memory: MemoryMaxUsedVirtual 0MiB, MemoryMaxUsedPhysical 16384MiB, MemoryMinFreeVirtual 0MiB, MemoryMinFreePhysical 1024MiB
[2025.07.16-14.22.06:965][  0]LogCook: Display: Mobile HDR setting 1
[2025.07.16-14.22.07:298][  0]LogFileCache: Scanning file cache for directory 'D:/UTN-e-learning/Unreal-Engine/Unreal-Projects/TP_PreEntrega/Content/' took 0.01s
[2025.07.16-14.22.07:769][  0]LogInit: Display: Engine is initialized. Leaving FEngineLoop::Init()
[2025.07.16-14.22.07:783][  0]SourceControl: Source control is disabled
[2025.07.16-14.22.07:784][  0]LogUnrealEdMisc: Loading editor; pre map load, took 12.750
[2025.07.16-14.22.07:784][  0]Cmd: MAP LOAD FILE="../../../../../UTN-e-learning/Unreal-Engine/Unreal-Projects/TP_PreEntrega/Content/ThirdPersonBP/Maps/ThirdPersonExampleMap.umap" TEMPLATE=0 SHOWPROGRESS=1 FEATURELEVEL=3
[2025.07.16-14.22.07:784][  0]LightingResults: New page: Lighting Build
[2025.07.16-14.22.07:786][  0]LogWorld: UWorld::CleanupWorld for Untitled, bSessionEnded=true, bCleanupResources=true
[2025.07.16-14.22.07:786][  0]LogSlate: InvalidateAllWidgets triggered.  All widgets were invalidated
[2025.07.16-14.22.07:786][  0]MapCheck: New page: Map Check
[2025.07.16-14.22.07:786][  0]LightingResults: New page: Lighting Build
[2025.07.16-14.22.07:791][  0]LogAudio: Display: Audio Device unregistered from world 'None'.
[2025.07.16-14.22.07:794][  0]LogUObjectHash: Compacting FUObjectHashTables data took   0.94ms
[2025.07.16-14.22.08:317][  0]LogMaterial: Display: Missing cached shadermap for lambert3 in PCD3D_SM5, Default, SM5 (DDC key hash: 413A473F6C1F033E4C91DB0C697F95E9D6B983AF), compiling. 
[2025.07.16-14.22.08:319][  0]LogMaterial: Warning: [AssetLog] D:\UTN-e-learning\Unreal-Engine\Unreal-Projects\TP_PreEntrega\Content\ThirdPersonBP\Blueprints\blueprints\Textures\lambert3.uasset: Failed to compile Material for platform PCD3D_SM5, Default Material will be used in game.
[2025.07.16-14.22.08:319][  0]LogMaterial: Display: 	(Node TextureSample) TextureSample> Sampler type is Normal, should be Color for /Game/ThirdPersonBP/Blueprints/blueprints/Textures/ROCK04LB.ROCK04LB
[2025.07.16-14.22.08:371][  0]LogAudio: Display: Audio Device (ID: 1) registered with world 'ThirdPersonExampleMap'.
[2025.07.16-14.22.08:372][  0]LogAIModule: Creating AISystem for world ThirdPersonExampleMap
[2025.07.16-14.22.08:383][  0]LogMaterial: Display: Material /Game/StarterContent/Materials/M_Wood_Floor_Walnut_Polished.M_Wood_Floor_Walnut_Polished needed to have new flag set bUsedWithSkeletalMesh !
[2025.07.16-14.22.08:384][  0]LogMaterial: Display: Missing cached shadermap for M_Wood_Floor_Walnut_Polished in PCD3D_SM5, Default, SM5 (DDC key hash: 23DE0887B22880616784A4A192AA349FEA535EFB), compiling. 
[2025.07.16-14.22.08:502][  0]LogShaderCompilers: Display: Submitted 41 shader compile jobs with 'Low' priority
[2025.07.16-14.22.08:503][  0]MapCheck: Warning: M_Wood_Floor_Walnut_Polished Material /Game/StarterContent/Materials/M_Wood_Floor_Walnut_Polished.M_Wood_Floor_Walnut_Polished was missing the usage flag bUsedWithSkeletalMesh. If the material asset is not re-saved, it may not render correctly when run outside the editor. Fix
[2025.07.16-14.22.08:563][  0]LogShaderCompilers: Display: Worker (1/5): shaders left to compile 41
[2025.07.16-14.22.08:563][  0]LogShaderCompilers: Display: Worker (2/5): shaders left to compile 32
[2025.07.16-14.22.08:563][  0]LogShaderCompilers: Display: Worker (3/5): shaders left to compile 23
[2025.07.16-14.22.08:563][  0]LogShaderCompilers: Display: Worker (4/5): shaders left to compile 14
[2025.07.16-14.22.08:563][  0]LogShaderCompilers: Display: Worker (5/5): shaders left to compile 5
[2025.07.16-14.22.08:563][  0]LogShaderCompilers: Display: Started 41 'Local' shader compile jobs with 'Low' priority
[2025.07.16-14.22.08:563][  0]LogEditorServer: Finished looking for orphan Actors (0.000 secs)
[2025.07.16-14.22.08:580][  0]LogUObjectHash: Compacting FUObjectHashTables data took   1.86ms
[2025.07.16-14.22.08:581][  0]Cmd: MAP CHECKDEP NOCLEARLOG
[2025.07.16-14.22.08:581][  0]MapCheck: Map check complete: 0 Error(s), 1 Warning(s), took 0.127ms to complete.
[2025.07.16-14.22.08:599][  0]LogFileHelpers: Loading map 'ThirdPersonExampleMap' took 0.815
[2025.07.16-14.22.08:604][  0]LogUnrealEdMisc: Total Editor Startup Time, took 13.570
[2025.07.16-14.22.08:855][  0]LogSlate: Updating window title bar state: overlay mode, drag disabled, window buttons hidden, title bar hidden
[2025.07.16-14.22.08:876][  0]LogSlate: Updating window title bar state: overlay mode, drag disabled, window buttons hidden, title bar hidden
[2025.07.16-14.22.08:899][  0]LogSlate: Updating window title bar state: overlay mode, drag disabled, window buttons hidden, title bar hidden
[2025.07.16-14.22.08:920][  0]LogSlate: Updating window title bar state: overlay mode, drag disabled, window buttons hidden, title bar hidden
[2025.07.16-14.22.08:987][  0]LogNativeClassHierarchy: Verbose: Native class hierarchy populated in 0.0351 seconds. Added 4208 classes and 963 folders.
[2025.07.16-14.22.08:993][  0]LogNativeClassHierarchy: Verbose: Native class hierarchy updated for 'WidgetCarousel' in 0.0006 seconds. Added 0 classes and 0 folders.
[2025.07.16-14.22.08:996][  0]LogPakFile: PakFile PrimaryIndexSize=187
[2025.07.16-14.22.08:996][  0]LogPakFile: PakFile PathHashIndexSize=101
[2025.07.16-14.22.08:996][  0]LogPakFile: PakFile FullDirectoryIndexSize=148
[2025.07.16-14.22.08:996][  0]LogShaderLibrary: Display: ShaderCodeLibraryPakFileMountedCallback: PakFile 'D:/UE4-Windows/UE_4.27/FeaturePacks/FP_FirstPerson.upack' (chunk index -1, root 'root:/') mounted
[2025.07.16-14.22.08:996][  0]LogShaderLibrary: Display: ShaderCodeLibraryPakFileMountedCallback: pending pak file info (ChunkID:-1 Root:root:/ File:D:/UE4-Windows/UE_4.27/FeaturePacks/FP_FirstPerson.upack)
[2025.07.16-14.22.08:996][  0]LogPakFile: OnPakFileMounted2Time == 0.000169
[2025.07.16-14.22.08:998][  0]LogPakFile: PakFile PrimaryIndexSize=189
[2025.07.16-14.22.08:998][  0]LogPakFile: PakFile PathHashIndexSize=101
[2025.07.16-14.22.08:998][  0]LogPakFile: PakFile FullDirectoryIndexSize=152
[2025.07.16-14.22.08:998][  0]LogShaderLibrary: Display: ShaderCodeLibraryPakFileMountedCallback: PakFile 'D:/UE4-Windows/UE_4.27/FeaturePacks/FP_FirstPersonBP.upack' (chunk index -1, root 'root:/') mounted
[2025.07.16-14.22.08:998][  0]LogShaderLibrary: Display: ShaderCodeLibraryPakFileMountedCallback: pending pak file info (ChunkID:-1 Root:root:/ File:D:/UE4-Windows/UE_4.27/FeaturePacks/FP_FirstPersonBP.upack)
[2025.07.16-14.22.08:998][  0]LogPakFile: OnPakFileMounted2Time == 0.000141
[2025.07.16-14.22.09:000][  0]LogPakFile: PakFile PrimaryIndexSize=191
[2025.07.16-14.22.09:000][  0]LogPakFile: PakFile PathHashIndexSize=101
[2025.07.16-14.22.09:000][  0]LogPakFile: PakFile FullDirectoryIndexSize=160
[2025.07.16-14.22.09:000][  0]LogShaderLibrary: Display: ShaderCodeLibraryPakFileMountedCallback: PakFile 'D:/UE4-Windows/UE_4.27/FeaturePacks/MobileStarterContent.upack' (chunk index -1, root 'root:/') mounted
[2025.07.16-14.22.09:000][  0]LogShaderLibrary: Display: ShaderCodeLibraryPakFileMountedCallback: pending pak file info (ChunkID:-1 Root:root:/ File:D:/UE4-Windows/UE_4.27/FeaturePacks/MobileStarterContent.upack)
[2025.07.16-14.22.09:000][  0]LogPakFile: OnPakFileMounted2Time == 0.000154
[2025.07.16-14.22.09:002][  0]LogPakFile: PakFile PrimaryIndexSize=185
[2025.07.16-14.22.09:003][  0]LogPakFile: PakFile PathHashIndexSize=101
[2025.07.16-14.22.09:003][  0]LogPakFile: PakFile FullDirectoryIndexSize=148
[2025.07.16-14.22.09:003][  0]LogShaderLibrary: Display: ShaderCodeLibraryPakFileMountedCallback: PakFile 'D:/UE4-Windows/UE_4.27/FeaturePacks/StarterContent.upack' (chunk index -1, root 'root:/') mounted
[2025.07.16-14.22.09:003][  0]LogShaderLibrary: Display: ShaderCodeLibraryPakFileMountedCallback: pending pak file info (ChunkID:-1 Root:root:/ File:D:/UE4-Windows/UE_4.27/FeaturePacks/StarterContent.upack)
[2025.07.16-14.22.09:003][  0]LogPakFile: OnPakFileMounted2Time == 0.000283
[2025.07.16-14.22.09:006][  0]LogPakFile: PakFile PrimaryIndexSize=190
[2025.07.16-14.22.09:006][  0]LogPakFile: PakFile PathHashIndexSize=101
[2025.07.16-14.22.09:006][  0]LogPakFile: PakFile FullDirectoryIndexSize=154
[2025.07.16-14.22.09:006][  0]LogShaderLibrary: Display: ShaderCodeLibraryPakFileMountedCallback: PakFile 'D:/UE4-Windows/UE_4.27/FeaturePacks/TP_2DSideScroller.upack' (chunk index -1, root 'root:/') mounted
[2025.07.16-14.22.09:006][  0]LogShaderLibrary: Display: ShaderCodeLibraryPakFileMountedCallback: pending pak file info (ChunkID:-1 Root:root:/ File:D:/UE4-Windows/UE_4.27/FeaturePacks/TP_2DSideScroller.upack)
[2025.07.16-14.22.09:006][  0]LogPakFile: OnPakFileMounted2Time == 0.000167
[2025.07.16-14.22.09:008][  0]LogPakFile: PakFile PrimaryIndexSize=192
[2025.07.16-14.22.09:008][  0]LogPakFile: PakFile PathHashIndexSize=101
[2025.07.16-14.22.09:008][  0]LogPakFile: PakFile FullDirectoryIndexSize=158
[2025.07.16-14.22.09:008][  0]LogShaderLibrary: Display: ShaderCodeLibraryPakFileMountedCallback: PakFile 'D:/UE4-Windows/UE_4.27/FeaturePacks/TP_2DSideScrollerBP.upack' (chunk index -1, root 'root:/') mounted
[2025.07.16-14.22.09:008][  0]LogShaderLibrary: Display: ShaderCodeLibraryPakFileMountedCallback: pending pak file info (ChunkID:-1 Root:root:/ File:D:/UE4-Windows/UE_4.27/FeaturePacks/TP_2DSideScrollerBP.upack)
[2025.07.16-14.22.09:008][  0]LogPakFile: OnPakFileMounted2Time == 0.000139
[2025.07.16-14.22.09:010][  0]LogPakFile: PakFile PrimaryIndexSize=182
[2025.07.16-14.22.09:010][  0]LogPakFile: PakFile PathHashIndexSize=101
[2025.07.16-14.22.09:010][  0]LogPakFile: PakFile FullDirectoryIndexSize=138
[2025.07.16-14.22.09:010][  0]LogShaderLibrary: Display: ShaderCodeLibraryPakFileMountedCallback: PakFile 'D:/UE4-Windows/UE_4.27/FeaturePacks/TP_Flying.upack' (chunk index -1, root 'root:/') mounted
[2025.07.16-14.22.09:010][  0]LogShaderLibrary: Display: ShaderCodeLibraryPakFileMountedCallback: pending pak file info (ChunkID:-1 Root:root:/ File:D:/UE4-Windows/UE_4.27/FeaturePacks/TP_Flying.upack)
[2025.07.16-14.22.09:010][  0]LogPakFile: OnPakFileMounted2Time == 0.000165
[2025.07.16-14.22.09:011][  0]LogPakFile: PakFile PrimaryIndexSize=184
[2025.07.16-14.22.09:012][  0]LogPakFile: PakFile PathHashIndexSize=101
[2025.07.16-14.22.09:012][  0]LogPakFile: PakFile FullDirectoryIndexSize=142
[2025.07.16-14.22.09:012][  0]LogShaderLibrary: Display: ShaderCodeLibraryPakFileMountedCallback: PakFile 'D:/UE4-Windows/UE_4.27/FeaturePacks/TP_FlyingBP.upack' (chunk index -1, root 'root:/') mounted
[2025.07.16-14.22.09:012][  0]LogShaderLibrary: Display: ShaderCodeLibraryPakFileMountedCallback: pending pak file info (ChunkID:-1 Root:root:/ File:D:/UE4-Windows/UE_4.27/FeaturePacks/TP_FlyingBP.upack)
[2025.07.16-14.22.09:012][  0]LogPakFile: OnPakFileMounted2Time == 0.000103
[2025.07.16-14.22.09:013][  0]LogPakFile: PakFile PrimaryIndexSize=188
[2025.07.16-14.22.09:013][  0]LogPakFile: PakFile PathHashIndexSize=101
[2025.07.16-14.22.09:013][  0]LogPakFile: PakFile FullDirectoryIndexSize=150
[2025.07.16-14.22.09:014][  0]LogShaderLibrary: Display: ShaderCodeLibraryPakFileMountedCallback: PakFile 'D:/UE4-Windows/UE_4.27/FeaturePacks/TP_HandheldARBP.upack' (chunk index -1, root 'root:/') mounted
[2025.07.16-14.22.09:014][  0]LogShaderLibrary: Display: ShaderCodeLibraryPakFileMountedCallback: pending pak file info (ChunkID:-1 Root:root:/ File:D:/UE4-Windows/UE_4.27/FeaturePacks/TP_HandheldARBP.upack)
[2025.07.16-14.22.09:014][  0]LogPakFile: OnPakFileMounted2Time == 0.000179
[2025.07.16-14.22.09:016][  0]LogPakFile: PakFile PrimaryIndexSize=182
[2025.07.16-14.22.09:016][  0]LogPakFile: PakFile PathHashIndexSize=101
[2025.07.16-14.22.09:016][  0]LogPakFile: PakFile FullDirectoryIndexSize=138
[2025.07.16-14.22.09:016][  0]LogShaderLibrary: Display: ShaderCodeLibraryPakFileMountedCallback: PakFile 'D:/UE4-Windows/UE_4.27/FeaturePacks/TP_Puzzle.upack' (chunk index -1, root 'root:/') mounted
[2025.07.16-14.22.09:016][  0]LogShaderLibrary: Display: ShaderCodeLibraryPakFileMountedCallback: pending pak file info (ChunkID:-1 Root:root:/ File:D:/UE4-Windows/UE_4.27/FeaturePacks/TP_Puzzle.upack)
[2025.07.16-14.22.09:016][  0]LogPakFile: OnPakFileMounted2Time == 0.000226
[2025.07.16-14.22.09:018][  0]LogPakFile: PakFile PrimaryIndexSize=184
[2025.07.16-14.22.09:018][  0]LogPakFile: PakFile PathHashIndexSize=101
[2025.07.16-14.22.09:018][  0]LogPakFile: PakFile FullDirectoryIndexSize=142
[2025.07.16-14.22.09:018][  0]LogShaderLibrary: Display: ShaderCodeLibraryPakFileMountedCallback: PakFile 'D:/UE4-Windows/UE_4.27/FeaturePacks/TP_PuzzleBP.upack' (chunk index -1, root 'root:/') mounted
[2025.07.16-14.22.09:018][  0]LogShaderLibrary: Display: ShaderCodeLibraryPakFileMountedCallback: pending pak file info (ChunkID:-1 Root:root:/ File:D:/UE4-Windows/UE_4.27/FeaturePacks/TP_PuzzleBP.upack)
[2025.07.16-14.22.09:018][  0]LogPakFile: OnPakFileMounted2Time == 0.000166
[2025.07.16-14.22.09:020][  0]LogPakFile: PakFile PrimaryIndexSize=183
[2025.07.16-14.22.09:020][  0]LogPakFile: PakFile PathHashIndexSize=101
[2025.07.16-14.22.09:020][  0]LogPakFile: PakFile FullDirectoryIndexSize=140
[2025.07.16-14.22.09:020][  0]LogShaderLibrary: Display: ShaderCodeLibraryPakFileMountedCallback: PakFile 'D:/UE4-Windows/UE_4.27/FeaturePacks/TP_Rolling.upack' (chunk index -1, root 'root:/') mounted
[2025.07.16-14.22.09:020][  0]LogShaderLibrary: Display: ShaderCodeLibraryPakFileMountedCallback: pending pak file info (ChunkID:-1 Root:root:/ File:D:/UE4-Windows/UE_4.27/FeaturePacks/TP_Rolling.upack)
[2025.07.16-14.22.09:020][  0]LogPakFile: OnPakFileMounted2Time == 0.000141
[2025.07.16-14.22.09:022][  0]LogPakFile: PakFile PrimaryIndexSize=185
[2025.07.16-14.22.09:022][  0]LogPakFile: PakFile PathHashIndexSize=101
[2025.07.16-14.22.09:022][  0]LogPakFile: PakFile FullDirectoryIndexSize=144
[2025.07.16-14.22.09:022][  0]LogShaderLibrary: Display: ShaderCodeLibraryPakFileMountedCallback: PakFile 'D:/UE4-Windows/UE_4.27/FeaturePacks/TP_RollingBP.upack' (chunk index -1, root 'root:/') mounted
[2025.07.16-14.22.09:022][  0]LogShaderLibrary: Display: ShaderCodeLibraryPakFileMountedCallback: pending pak file info (ChunkID:-1 Root:root:/ File:D:/UE4-Windows/UE_4.27/FeaturePacks/TP_RollingBP.upack)
[2025.07.16-14.22.09:022][  0]LogPakFile: OnPakFileMounted2Time == 0.000130
[2025.07.16-14.22.09:024][  0]LogPakFile: PakFile PrimaryIndexSize=188
[2025.07.16-14.22.09:024][  0]LogPakFile: PakFile PathHashIndexSize=101
[2025.07.16-14.22.09:024][  0]LogPakFile: PakFile FullDirectoryIndexSize=150
[2025.07.16-14.22.09:024][  0]LogShaderLibrary: Display: ShaderCodeLibraryPakFileMountedCallback: PakFile 'D:/UE4-Windows/UE_4.27/FeaturePacks/TP_SideScroller.upack' (chunk index -1, root 'root:/') mounted
[2025.07.16-14.22.09:024][  0]LogShaderLibrary: Display: ShaderCodeLibraryPakFileMountedCallback: pending pak file info (ChunkID:-1 Root:root:/ File:D:/UE4-Windows/UE_4.27/FeaturePacks/TP_SideScroller.upack)
[2025.07.16-14.22.09:024][  0]LogPakFile: OnPakFileMounted2Time == 0.000135
[2025.07.16-14.22.09:025][  0]LogPakFile: PakFile PrimaryIndexSize=190
[2025.07.16-14.22.09:026][  0]LogPakFile: PakFile PathHashIndexSize=101
[2025.07.16-14.22.09:026][  0]LogPakFile: PakFile FullDirectoryIndexSize=154
[2025.07.16-14.22.09:026][  0]LogShaderLibrary: Display: ShaderCodeLibraryPakFileMountedCallback: PakFile 'D:/UE4-Windows/UE_4.27/FeaturePacks/TP_SideScrollerBP.upack' (chunk index -1, root 'root:/') mounted
[2025.07.16-14.22.09:026][  0]LogShaderLibrary: Display: ShaderCodeLibraryPakFileMountedCallback: pending pak file info (ChunkID:-1 Root:root:/ File:D:/UE4-Windows/UE_4.27/FeaturePacks/TP_SideScrollerBP.upack)
[2025.07.16-14.22.09:026][  0]LogPakFile: OnPakFileMounted2Time == 0.000159
[2025.07.16-14.22.09:028][  0]LogPakFile: PakFile PrimaryIndexSize=187
[2025.07.16-14.22.09:028][  0]LogPakFile: PakFile PathHashIndexSize=101
[2025.07.16-14.22.09:028][  0]LogPakFile: PakFile FullDirectoryIndexSize=148
[2025.07.16-14.22.09:028][  0]LogShaderLibrary: Display: ShaderCodeLibraryPakFileMountedCallback: PakFile 'D:/UE4-Windows/UE_4.27/FeaturePacks/TP_ThirdPerson.upack' (chunk index -1, root 'root:/') mounted
[2025.07.16-14.22.09:028][  0]LogShaderLibrary: Display: ShaderCodeLibraryPakFileMountedCallback: pending pak file info (ChunkID:-1 Root:root:/ File:D:/UE4-Windows/UE_4.27/FeaturePacks/TP_ThirdPerson.upack)
[2025.07.16-14.22.09:028][  0]LogPakFile: OnPakFileMounted2Time == 0.000148
[2025.07.16-14.22.09:029][  0]LogPakFile: PakFile PrimaryIndexSize=189
[2025.07.16-14.22.09:030][  0]LogPakFile: PakFile PathHashIndexSize=101
[2025.07.16-14.22.09:030][  0]LogPakFile: PakFile FullDirectoryIndexSize=152
[2025.07.16-14.22.09:030][  0]LogShaderLibrary: Display: ShaderCodeLibraryPakFileMountedCallback: PakFile 'D:/UE4-Windows/UE_4.27/FeaturePacks/TP_ThirdPersonBP.upack' (chunk index -1, root 'root:/') mounted
[2025.07.16-14.22.09:030][  0]LogShaderLibrary: Display: ShaderCodeLibraryPakFileMountedCallback: pending pak file info (ChunkID:-1 Root:root:/ File:D:/UE4-Windows/UE_4.27/FeaturePacks/TP_ThirdPersonBP.upack)
[2025.07.16-14.22.09:030][  0]LogPakFile: OnPakFileMounted2Time == 0.000137
[2025.07.16-14.22.09:031][  0]LogPakFile: PakFile PrimaryIndexSize=183
[2025.07.16-14.22.09:031][  0]LogPakFile: PakFile PathHashIndexSize=101
[2025.07.16-14.22.09:031][  0]LogPakFile: PakFile FullDirectoryIndexSize=140
[2025.07.16-14.22.09:032][  0]LogShaderLibrary: Display: ShaderCodeLibraryPakFileMountedCallback: PakFile 'D:/UE4-Windows/UE_4.27/FeaturePacks/TP_TopDown.upack' (chunk index -1, root 'root:/') mounted
[2025.07.16-14.22.09:032][  0]LogShaderLibrary: Display: ShaderCodeLibraryPakFileMountedCallback: pending pak file info (ChunkID:-1 Root:root:/ File:D:/UE4-Windows/UE_4.27/FeaturePacks/TP_TopDown.upack)
[2025.07.16-14.22.09:032][  0]LogPakFile: OnPakFileMounted2Time == 0.000154
[2025.07.16-14.22.09:033][  0]LogPakFile: PakFile PrimaryIndexSize=185
[2025.07.16-14.22.09:033][  0]LogPakFile: PakFile PathHashIndexSize=101
[2025.07.16-14.22.09:033][  0]LogPakFile: PakFile FullDirectoryIndexSize=144
[2025.07.16-14.22.09:034][  0]LogShaderLibrary: Display: ShaderCodeLibraryPakFileMountedCallback: PakFile 'D:/UE4-Windows/UE_4.27/FeaturePacks/TP_TopDownBP.upack' (chunk index -1, root 'root:/') mounted
[2025.07.16-14.22.09:034][  0]LogShaderLibrary: Display: ShaderCodeLibraryPakFileMountedCallback: pending pak file info (ChunkID:-1 Root:root:/ File:D:/UE4-Windows/UE_4.27/FeaturePacks/TP_TopDownBP.upack)
[2025.07.16-14.22.09:034][  0]LogPakFile: OnPakFileMounted2Time == 0.000156
[2025.07.16-14.22.09:036][  0]LogPakFile: PakFile PrimaryIndexSize=185
[2025.07.16-14.22.09:036][  0]LogPakFile: PakFile PathHashIndexSize=101
[2025.07.16-14.22.09:036][  0]LogPakFile: PakFile FullDirectoryIndexSize=144
[2025.07.16-14.22.09:036][  0]LogShaderLibrary: Display: ShaderCodeLibraryPakFileMountedCallback: PakFile 'D:/UE4-Windows/UE_4.27/FeaturePacks/TP_TwinStick.upack' (chunk index -1, root 'root:/') mounted
[2025.07.16-14.22.09:036][  0]LogShaderLibrary: Display: ShaderCodeLibraryPakFileMountedCallback: pending pak file info (ChunkID:-1 Root:root:/ File:D:/UE4-Windows/UE_4.27/FeaturePacks/TP_TwinStick.upack)
[2025.07.16-14.22.09:037][  0]LogPakFile: OnPakFileMounted2Time == 0.000558
[2025.07.16-14.22.09:040][  0]LogPakFile: PakFile PrimaryIndexSize=187
[2025.07.16-14.22.09:040][  0]LogPakFile: PakFile PathHashIndexSize=101
[2025.07.16-14.22.09:040][  0]LogPakFile: PakFile FullDirectoryIndexSize=148
[2025.07.16-14.22.09:040][  0]LogShaderLibrary: Display: ShaderCodeLibraryPakFileMountedCallback: PakFile 'D:/UE4-Windows/UE_4.27/FeaturePacks/TP_TwinStickBP.upack' (chunk index -1, root 'root:/') mounted
[2025.07.16-14.22.09:040][  0]LogShaderLibrary: Display: ShaderCodeLibraryPakFileMountedCallback: pending pak file info (ChunkID:-1 Root:root:/ File:D:/UE4-Windows/UE_4.27/FeaturePacks/TP_TwinStickBP.upack)
[2025.07.16-14.22.09:040][  0]LogPakFile: OnPakFileMounted2Time == 0.000156
[2025.07.16-14.22.09:042][  0]LogPakFile: PakFile PrimaryIndexSize=183
[2025.07.16-14.22.09:042][  0]LogPakFile: PakFile PathHashIndexSize=101
[2025.07.16-14.22.09:042][  0]LogPakFile: PakFile FullDirectoryIndexSize=140
[2025.07.16-14.22.09:042][  0]LogShaderLibrary: Display: ShaderCodeLibraryPakFileMountedCallback: PakFile 'D:/UE4-Windows/UE_4.27/FeaturePacks/TP_Vehicle.upack' (chunk index -1, root 'root:/') mounted
[2025.07.16-14.22.09:042][  0]LogShaderLibrary: Display: ShaderCodeLibraryPakFileMountedCallback: pending pak file info (ChunkID:-1 Root:root:/ File:D:/UE4-Windows/UE_4.27/FeaturePacks/TP_Vehicle.upack)
[2025.07.16-14.22.09:042][  0]LogPakFile: OnPakFileMounted2Time == 0.000177
[2025.07.16-14.22.09:044][  0]LogPakFile: PakFile PrimaryIndexSize=186
[2025.07.16-14.22.09:044][  0]LogPakFile: PakFile PathHashIndexSize=101
[2025.07.16-14.22.09:044][  0]LogPakFile: PakFile FullDirectoryIndexSize=146
[2025.07.16-14.22.09:044][  0]LogShaderLibrary: Display: ShaderCodeLibraryPakFileMountedCallback: PakFile 'D:/UE4-Windows/UE_4.27/FeaturePacks/TP_VehicleAdv.upack' (chunk index -1, root 'root:/') mounted
[2025.07.16-14.22.09:045][  0]LogShaderLibrary: Display: ShaderCodeLibraryPakFileMountedCallback: pending pak file info (ChunkID:-1 Root:root:/ File:D:/UE4-Windows/UE_4.27/FeaturePacks/TP_VehicleAdv.upack)
[2025.07.16-14.22.09:045][  0]LogPakFile: OnPakFileMounted2Time == 0.000174
[2025.07.16-14.22.09:046][  0]LogPakFile: PakFile PrimaryIndexSize=188
[2025.07.16-14.22.09:047][  0]LogPakFile: PakFile PathHashIndexSize=101
[2025.07.16-14.22.09:047][  0]LogPakFile: PakFile FullDirectoryIndexSize=150
[2025.07.16-14.22.09:047][  0]LogShaderLibrary: Display: ShaderCodeLibraryPakFileMountedCallback: PakFile 'D:/UE4-Windows/UE_4.27/FeaturePacks/TP_VehicleAdvBP.upack' (chunk index -1, root 'root:/') mounted
[2025.07.16-14.22.09:047][  0]LogShaderLibrary: Display: ShaderCodeLibraryPakFileMountedCallback: pending pak file info (ChunkID:-1 Root:root:/ File:D:/UE4-Windows/UE_4.27/FeaturePacks/TP_VehicleAdvBP.upack)
[2025.07.16-14.22.09:047][  0]LogPakFile: OnPakFileMounted2Time == 0.000167
[2025.07.16-14.22.09:049][  0]LogPakFile: PakFile PrimaryIndexSize=185
[2025.07.16-14.22.09:049][  0]LogPakFile: PakFile PathHashIndexSize=101
[2025.07.16-14.22.09:049][  0]LogPakFile: PakFile FullDirectoryIndexSize=144
[2025.07.16-14.22.09:049][  0]LogShaderLibrary: Display: ShaderCodeLibraryPakFileMountedCallback: PakFile 'D:/UE4-Windows/UE_4.27/FeaturePacks/TP_VehicleBP.upack' (chunk index -1, root 'root:/') mounted
[2025.07.16-14.22.09:049][  0]LogShaderLibrary: Display: ShaderCodeLibraryPakFileMountedCallback: pending pak file info (ChunkID:-1 Root:root:/ File:D:/UE4-Windows/UE_4.27/FeaturePacks/TP_VehicleBP.upack)
[2025.07.16-14.22.09:049][  0]LogPakFile: OnPakFileMounted2Time == 0.000151
[2025.07.16-14.22.09:051][  0]LogPakFile: PakFile PrimaryIndexSize=192
[2025.07.16-14.22.09:051][  0]LogPakFile: PakFile PathHashIndexSize=101
[2025.07.16-14.22.09:051][  0]LogPakFile: PakFile FullDirectoryIndexSize=158
[2025.07.16-14.22.09:051][  0]LogShaderLibrary: Display: ShaderCodeLibraryPakFileMountedCallback: PakFile 'D:/UE4-Windows/UE_4.27/FeaturePacks/TP_VirtualRealityBP.upack' (chunk index -1, root 'root:/') mounted
[2025.07.16-14.22.09:051][  0]LogShaderLibrary: Display: ShaderCodeLibraryPakFileMountedCallback: pending pak file info (ChunkID:-1 Root:root:/ File:D:/UE4-Windows/UE_4.27/FeaturePacks/TP_VirtualRealityBP.upack)
[2025.07.16-14.22.09:051][  0]LogPakFile: OnPakFileMounted2Time == 0.000180
[2025.07.16-14.22.09:206][  0]LogNativeClassHierarchy: Verbose: Native class hierarchy updated for 'AddContentDialog' in 0.0005 seconds. Added 0 classes and 0 folders.
[2025.07.16-14.22.09:208][  0]LogNativeClassHierarchy: Verbose: Native class hierarchy updated for 'SceneOutliner' in 0.0005 seconds. Added 2 classes and 0 folders.
[2025.07.16-14.22.09:570][  0]LogSlate: Took 0.000493 seconds to synchronously load lazily loaded font '../../../Engine/Content/Slate/Fonts/Roboto-Regular.ttf' (155K)
[2025.07.16-14.22.09:574][  0]LogSlate: Took 0.000420 seconds to synchronously load lazily loaded font '../../../Engine/Content/Editor/Slate/Fonts/FontAwesome.ttf' (139K)
[2025.07.16-14.22.09:576][  0]LogSlate: Took 0.000414 seconds to synchronously load lazily loaded font '../../../Engine/Content/Slate/Fonts/Roboto-Bold.ttf' (160K)
[2025.07.16-14.22.09:839][  0]LogRenderer: Reallocating scene render targets to support 1208x572 Format 10 NumSamples 1 (Frame:1).
[2025.07.16-14.22.09:989][  0]LogSlate: Took 0.000496 seconds to synchronously load lazily loaded font '../../../Engine/Content/Slate/Fonts/Roboto-Light.ttf' (167K)
[2025.07.16-14.22.10:545][  0]LogNativeClassHierarchy: Verbose: Native class hierarchy updated for 'HierarchicalLODOutliner' in 0.0006 seconds. Added 0 classes and 0 folders.
[2025.07.16-14.22.10:545][  0]LogInput: Warning: Action Jump uses invalid key OculusGo_Left_Trigger_Click.
[2025.07.16-14.22.10:545][  0]LogInput: Warning: Action ResetVR uses invalid key OculusGo_Left_Trackpad_Click.
[2025.07.16-14.22.10:545][  0]LogInput: Warning: Use -RemoveInvalidKeys to remove instances of these keys from the action mapping.
[2025.07.16-14.22.10:545][  0]LogLoad: (Engine Initialization) Total time: 15.51 seconds
[2025.07.16-14.22.10:545][  0]LogLoad: (Engine Initialization) Total Blueprint compile time: 0.00 seconds
[2025.07.16-14.22.10:850][  0]LogContentStreaming: Texture pool size now 1000 MB
[2025.07.16-14.22.11:313][  1]LogAssetRegistry: Asset discovery search completed in 10.3727 seconds
[2025.07.16-14.22.11:330][  1]LogCollectionManager: Fixed up redirectors for 0 collections in 0.000008 seconds (updated 0 objects)
[2025.07.16-14.22.11:670][  4]LogSlate: Took 0.000394 seconds to synchronously load lazily loaded font '../../../Engine/Content/Slate/Fonts/Roboto-Light.ttf' (167K)
[2025.07.16-14.22.14:353][ 99]LogEditorViewport: Clicking on Actor (LMB): StaticMeshActor (Wall7)
[2025.07.16-14.22.15:748][166]LogEditorViewport: Clicking on Actor (LMB): BP_Sky_Sphere_C (SkySphereBlueprint)
[2025.07.16-14.22.22:564][540]LogTemp: Repeating last play command: Selected Viewport
[2025.07.16-14.22.22:584][540]LogPlayLevel: PlayLevel: No blueprints needed recompiling
[2025.07.16-14.22.22:585][540]PIE: New page: PIE session: ThirdPersonExampleMap (Jul 16, 2025, 8:22:22 AM)
[2025.07.16-14.22.22:587][540]LogOnline: OSS: Creating online subsystem instance for: NULL
[2025.07.16-14.22.22:588][540]LogOnline: OSS: TryLoadSubsystemAndSetDefault: Loaded subsystem for module [NULL]
[2025.07.16-14.22.22:588][540]LogPlayLevel: Creating play world package: /Game/ThirdPersonBP/Maps/UEDPIE_0_ThirdPersonExampleMap
[2025.07.16-14.22.22:614][540]LogPlayLevel: PIE: StaticDuplicateObject took: (0.025789s)
[2025.07.16-14.22.22:616][540]LogAIModule: Creating AISystem for world ThirdPersonExampleMap
[2025.07.16-14.22.22:616][540]LogPlayLevel: PIE: World Init took: (0.001864s)
[2025.07.16-14.22.22:616][540]LogPlayLevel: PIE: Created PIE world by copying editor world from /Game/ThirdPersonBP/Maps/ThirdPersonExampleMap.ThirdPersonExampleMap to /Game/ThirdPersonBP/Maps/UEDPIE_0_ThirdPersonExampleMap.ThirdPersonExampleMap (0.027941s)
[2025.07.16-14.22.22:629][540]LogUObjectHash: Compacting FUObjectHashTables data took   1.24ms
[2025.07.16-14.22.22:632][540]LogAudio: Display: Creating Audio Device:                 Id: 2, Scope: Unique, Realtime: True
[2025.07.16-14.22.22:632][540]LogAudioMixer: Display: Audio Mixer Platform Settings:
[2025.07.16-14.22.22:632][540]LogAudioMixer: Display: 	Sample Rate:						  48000
[2025.07.16-14.22.22:632][540]LogAudioMixer: Display: 	Callback Buffer Frame Size Requested: 1024
[2025.07.16-14.22.22:632][540]LogAudioMixer: Display: 	Callback Buffer Frame Size To Use:	  1024
[2025.07.16-14.22.22:632][540]LogAudioMixer: Display: 	Number of buffers to queue:			  2
[2025.07.16-14.22.22:632][540]LogAudioMixer: Display: 	Max Channels (voices):				  32
[2025.07.16-14.22.22:632][540]LogAudioMixer: Display: 	Number of Async Source Workers:		  0
[2025.07.16-14.22.22:632][540]LogAudio: Display: AudioDevice MaxSources: 32
[2025.07.16-14.22.22:633][540]LogAudio: Display: Audio Spatialization Plugin: None (built-in).
[2025.07.16-14.22.22:633][540]LogAudio: Display: Audio Reverb Plugin: None (built-in).
[2025.07.16-14.22.22:633][540]LogAudio: Display: Audio Occlusion Plugin: None (built-in).
[2025.07.16-14.22.22:633][540]LogAudioMixer: Display: Initializing audio mixer.
[2025.07.16-14.22.22:643][540]LogAudioMixer: Display: 0: FrontLeft
[2025.07.16-14.22.22:643][540]LogAudioMixer: Display: 1: FrontRight
[2025.07.16-14.22.22:661][540]LogAudioMixer: Display: Using Audio Device Headphones (SOUNDPEATS Opera05 Stereo)
[2025.07.16-14.22.22:661][540]LogAudioMixer: Display: Initializing Sound Submixes...
[2025.07.16-14.22.22:661][540]LogAudioMixer: Display: Creating Master Submix 'MasterSubmixDefault'
[2025.07.16-14.22.22:661][540]LogAudioMixer: Display: Creating Master Submix 'MasterReverbSubmixDefault'
[2025.07.16-14.22.22:662][540]LogAudioMixer: Display: Creating Master Submix 'MasterEQSubmixDefault'
[2025.07.16-14.22.22:662][540]LogAudioMixer: FMixerPlatformXAudio2::StartAudioStream() called
[2025.07.16-14.22.22:662][540]LogAudioMixer: Display: Output buffers initialized: Frames=1024, Channels=2, Samples=2048
[2025.07.16-14.22.22:663][540]LogAudioMixer: Display: Starting AudioMixerPlatformInterface::RunInternal()
[2025.07.16-14.22.22:663][540]LogAudioMixer: Display: FMixerPlatformXAudio2::SubmitBuffer() called for the first time
[2025.07.16-14.22.22:663][540]LogInit: FAudioDevice initialized.
[2025.07.16-14.22.22:663][540]LogAudio: Display: Audio Device (ID: 2) registered with world 'ThirdPersonExampleMap'.
[2025.07.16-14.22.22:671][540]LogLoad: Game class is 'ReglasJuego_C'
[2025.07.16-14.22.22:679][540]LogWorld: Bringing World /Game/ThirdPersonBP/Maps/UEDPIE_0_ThirdPersonExampleMap.ThirdPersonExampleMap up for play (max tick rate 60) at 2025.07.16-11.22.22
[2025.07.16-14.22.22:679][540]LogWorld: Bringing up level for play took: 0.006553
[2025.07.16-14.22.22:679][540]LogOnline: OSS: Creating online subsystem instance for: :Context_18
[2025.07.16-14.22.22:683][540]LogNativeClassHierarchy: Verbose: Native class hierarchy updated for 'MovieSceneCapture' in 0.0004 seconds. Added 20 classes and 0 folders.
[2025.07.16-14.22.22:683][540]LogBlueprintUserMessages: [plataforma_2] Buenas buenas!
[2025.07.16-14.22.22:687][540]PIE: Server logged in
[2025.07.16-14.22.22:689][540]PIE: Play in editor total start time 0.116 seconds.
[2025.07.16-14.22.25:290][680]LogBlueprintUserMessages: [ReglasJuego_C_0] El puntaje subio!
[2025.07.16-14.22.25:290][680]LogBlueprintUserMessages: [ReglasJuego_C_0] 2
[2025.07.16-14.22.25:558][696]LogBlueprintUserMessages: [bala_C_6] Le reste 25 al bad fella
[2025.07.16-14.22.25:723][706]LogBlueprintUserMessages: [ReglasJuego_C_0] El puntaje subio!
[2025.07.16-14.22.25:723][706]LogBlueprintUserMessages: [ReglasJuego_C_0] 4
[2025.07.16-14.22.27:065][786]LogBlueprintUserMessages: [bala_C_9] El peoncito perdio 10 de vida!!!!
[2025.07.16-14.22.29:665][940]LogBlueprintUserMessages: [bala_C_19] Le reste 50 al bad guy
[2025.07.16-14.22.31:459][ 47]LogBlueprintUserMessages: [bala_C_22] Le reste 50 al bad guy
[2025.07.16-14.22.31:474][ 48]LogBlueprintUserMessages: [bad_guy2_2] Bad guy  Destruido!
[2025.07.16-14.22.33:940][195]LogBlueprintUserMessages: [ReglasJuego_C_0] El puntaje subio!
[2025.07.16-14.22.33:940][195]LogBlueprintUserMessages: [ReglasJuego_C_0] 6
[2025.07.16-14.22.34:465][226]LogBlueprintUserMessages: [ReglasJuego_C_0] El puntaje subio!
[2025.07.16-14.22.34:465][226]LogBlueprintUserMessages: [ReglasJuego_C_0] 8
[2025.07.16-14.22.34:583][233]LogBlueprintUserMessages: [bala_C_28] Le reste 25 al bad fella
[2025.07.16-14.22.34:584][233]LogBlueprintUserMessages: [bala_C_29] Le reste 25 al bad fella
[2025.07.16-14.22.36:272][334]LogBlueprintUserMessages: [ReglasJuego_C_0] El puntaje subio!
[2025.07.16-14.22.36:273][334]LogBlueprintUserMessages: [ReglasJuego_C_0] 10
[2025.07.16-14.22.37:146][383]LogBlueprintUserMessages: [bala_C_33] Le reste 25 a la torreta
[2025.07.16-14.22.37:146][383]LogBlueprintUserMessages: [Torreta_2] algo me ataveso!
[2025.07.16-14.22.37:543][406]LogBlueprintUserMessages: [bala_C_34] Le reste 25 a la torreta
[2025.07.16-14.22.37:543][406]LogBlueprintUserMessages: [Torreta_2] algo me ataveso!
[2025.07.16-14.22.37:559][407]LogBlueprintUserMessages: [Torreta_2] Torreta Destruida!
[2025.07.16-14.22.40:608][586]LogBlueprintUserMessages: [bala_C_39] Le reste 25 al bad fella
[2025.07.16-14.22.40:608][586]LogBlueprintUserMessages: [bala_C_40] Le reste 25 al bad fella
[2025.07.16-14.22.41:892][662]LogBlueprintUserMessages: [bala_C_42] Le reste 25 a la torreta
[2025.07.16-14.22.41:893][662]LogBlueprintUserMessages: [Torreta2_5] algo me ataveso!
[2025.07.16-14.22.42:060][672]LogBlueprintUserMessages: [bala_C_43] Le reste 25 a la torreta
[2025.07.16-14.22.42:060][672]LogBlueprintUserMessages: [Torreta2_5] algo me ataveso!
[2025.07.16-14.22.42:075][673]LogBlueprintUserMessages: [Torreta2_5] Torreta Destruida!
[2025.07.16-14.22.43:625][764]LogBlueprintUserMessages: [bala_C_49] Le reste 25 al bad fella
[2025.07.16-14.22.43:641][765]LogBlueprintUserMessages: [bad_fella_2] Bad fella  Destruido!
[2025.07.16-14.22.44:374][809]LogBlueprintUserMessages: [bala_C_48] El peoncito perdio 10 de vida!!!!
[2025.07.16-14.22.45:875][899]LogBlueprintUserMessages: [peoncito_2] Te queda de vida:
[2025.07.16-14.22.45:875][899]LogBlueprintUserMessages: [peoncito_2] 78.0
[2025.07.16-14.22.45:892][900]LogBlueprintUserMessages: [peoncito_2] Te queda de vida:
[2025.07.16-14.22.45:892][900]LogBlueprintUserMessages: [peoncito_2] 76.0
[2025.07.16-14.22.45:908][901]LogBlueprintUserMessages: [peoncito_2] Te queda de vida:
[2025.07.16-14.22.45:908][901]LogBlueprintUserMessages: [peoncito_2] 74.0
[2025.07.16-14.22.45:925][902]LogBlueprintUserMessages: [peoncito_2] Te queda de vida:
[2025.07.16-14.22.45:925][902]LogBlueprintUserMessages: [peoncito_2] 72.0
[2025.07.16-14.22.45:941][903]LogBlueprintUserMessages: [peoncito_2] Te queda de vida:
[2025.07.16-14.22.45:941][903]LogBlueprintUserMessages: [peoncito_2] 70.0
[2025.07.16-14.22.45:958][904]LogBlueprintUserMessages: [peoncito_2] Te queda de vida:
[2025.07.16-14.22.45:958][904]LogBlueprintUserMessages: [peoncito_2] 68.0
[2025.07.16-14.22.45:975][905]LogBlueprintUserMessages: [peoncito_2] Te queda de vida:
[2025.07.16-14.22.45:976][905]LogBlueprintUserMessages: [peoncito_2] 66.0
[2025.07.16-14.22.45:991][906]LogBlueprintUserMessages: [peoncito_2] Te queda de vida:
[2025.07.16-14.22.45:992][906]LogBlueprintUserMessages: [peoncito_2] 64.0
[2025.07.16-14.22.46:009][907]LogBlueprintUserMessages: [peoncito_2] Te queda de vida:
[2025.07.16-14.22.46:009][907]LogBlueprintUserMessages: [peoncito_2] 62.0
[2025.07.16-14.22.46:025][908]LogBlueprintUserMessages: [ReglasJuego_C_0] El puntaje subio!
[2025.07.16-14.22.46:025][908]LogBlueprintUserMessages: [ReglasJuego_C_0] 12
[2025.07.16-14.22.46:026][908]LogBlueprintUserMessages: [peoncito_2] Te queda de vida:
[2025.07.16-14.22.46:026][908]LogBlueprintUserMessages: [peoncito_2] 60.0
[2025.07.16-14.22.46:191][918]LogBlueprintUserMessages: [ReglasJuego_C_0] El puntaje subio!
[2025.07.16-14.22.46:191][918]LogBlueprintUserMessages: [ReglasJuego_C_0] 14
[2025.07.16-14.22.46:758][952]LogBlueprintUserMessages: [ReglasJuego_C_0] El puntaje subio!
[2025.07.16-14.22.46:758][952]LogBlueprintUserMessages: [ReglasJuego_C_0] 16
[2025.07.16-14.22.47:857][ 18]LogBlueprintUserMessages: [ReglasJuego_C_0] El puntaje subio!
[2025.07.16-14.22.47:857][ 18]LogBlueprintUserMessages: [ReglasJuego_C_0] 18
[2025.07.16-14.22.51:559][240]LogBlueprintUserMessages: [bala_C_60] Le reste 25 a la torreta
[2025.07.16-14.22.51:559][240]LogBlueprintUserMessages: [Torreta3_2] algo me ataveso!
[2025.07.16-14.22.51:959][264]LogBlueprintUserMessages: [bala_C_61] Le reste 25 a la torreta
[2025.07.16-14.22.51:959][264]LogBlueprintUserMessages: [Torreta3_2] algo me ataveso!
[2025.07.16-14.22.51:974][265]LogBlueprintUserMessages: [Torreta3_2] Torreta Destruida!
[2025.07.16-14.22.52:141][275]LogBlueprintUserMessages: [bala_C_59] El peoncito perdio 10 de vida!!!!
[2025.07.16-14.22.52:158][276]LogBlueprintUserMessages: [bala_C_59] El peoncito perdio 10 de vida!!!!
[2025.07.16-14.22.52:625][304]LogBlueprintUserMessages: [bala_C_66] Le reste 25 al bad fella
[2025.07.16-14.22.55:625][484]LogBlueprintUserMessages: [bala_C_70] Le reste 25 al bad fella
[2025.07.16-14.22.55:642][485]LogBlueprintUserMessages: [bad_fella2_2] Bad fella  Destruido!
[2025.07.16-14.22.59:796][734]LogBlueprintUserMessages: [bala_C_76] Le reste 50 al bad guy
[2025.07.16-14.23.00:159][755]LogBlueprintUserMessages: [bala_C_77] Le reste 50 al bad guy
[2025.07.16-14.23.00:174][756]LogBlueprintUserMessages: [bad_guy_5] Bad guy  Destruido!
[2025.07.16-14.23.00:642][784]LogBlueprintUserMessages: [bala_C_79] El peoncito perdio 10 de vida!!!!
[2025.07.16-14.23.02:759][911]LogBlueprintUserMessages: [ReglasJuego_C_0] El puntaje subio!
[2025.07.16-14.23.02:759][911]LogBlueprintUserMessages: [ReglasJuego_C_0] 20
[2025.07.16-14.23.03:625][963]LogBlueprintUserMessages: [ReglasJuego_C_0] El puntaje subio!
[2025.07.16-14.23.03:625][963]LogBlueprintUserMessages: [ReglasJuego_C_0] 22
[2025.07.16-14.23.05:309][ 64]LogBlueprintUserMessages: [peoncito_2] Te queda de vida:
[2025.07.16-14.23.05:309][ 64]LogBlueprintUserMessages: [peoncito_2] 28.0
[2025.07.16-14.23.05:325][ 65]LogBlueprintUserMessages: [peoncito_2] Te queda de vida:
[2025.07.16-14.23.05:325][ 65]LogBlueprintUserMessages: [peoncito_2] 26.0
[2025.07.16-14.23.05:341][ 66]LogBlueprintUserMessages: [peoncito_2] Te queda de vida:
[2025.07.16-14.23.05:341][ 66]LogBlueprintUserMessages: [peoncito_2] 24.0
[2025.07.16-14.23.05:358][ 67]LogBlueprintUserMessages: [peoncito_2] Te queda de vida:
[2025.07.16-14.23.05:358][ 67]LogBlueprintUserMessages: [peoncito_2] 22.0
[2025.07.16-14.23.05:376][ 68]LogBlueprintUserMessages: [peoncito_2] Te queda de vida:
[2025.07.16-14.23.05:376][ 68]LogBlueprintUserMessages: [peoncito_2] 20.0
[2025.07.16-14.23.05:392][ 69]LogBlueprintUserMessages: [peoncito_2] Te queda de vida:
[2025.07.16-14.23.05:392][ 69]LogBlueprintUserMessages: [peoncito_2] 18.0
[2025.07.16-14.23.05:408][ 70]LogBlueprintUserMessages: [peoncito_2] Te queda de vida:
[2025.07.16-14.23.05:408][ 70]LogBlueprintUserMessages: [peoncito_2] 16.0
[2025.07.16-14.23.05:427][ 71]LogBlueprintUserMessages: [peoncito_2] Te queda de vida:
[2025.07.16-14.23.05:427][ 71]LogBlueprintUserMessages: [peoncito_2] 14.0
[2025.07.16-14.23.05:443][ 72]LogBlueprintUserMessages: [peoncito_2] Te queda de vida:
[2025.07.16-14.23.05:443][ 72]LogBlueprintUserMessages: [peoncito_2] 12.0
[2025.07.16-14.23.08:185][236]LogBlueprintUserMessages: [ReglasJuego_C_0] El puntaje subio!
[2025.07.16-14.23.08:185][236]LogBlueprintUserMessages: [ReglasJuego_C_0] 24
[2025.07.16-14.23.09:935][341]LogBlueprintUserMessages: [ReglasJuego_C_0] El puntaje subio!
[2025.07.16-14.23.09:935][341]LogBlueprintUserMessages: [ReglasJuego_C_0] 26
[2025.07.16-14.23.10:585][380]LogBlueprintUserMessages: [Curador_2] Le di vida al peoncito! ahora tiene:
[2025.07.16-14.23.10:586][380]LogBlueprintUserMessages: [Curador_2] 12.0
[2025.07.16-14.23.10:586][380]LogBlueprintUserMessages: [Curador_2] El curador ya curo las siguientes veces:
[2025.07.16-14.23.10:586][380]LogBlueprintUserMessages: [Curador_2] 1.0
[2025.07.16-14.23.11:151][413]LogBlueprintUserMessages: [Curador_2] Le di vida al peoncito! ahora tiene:
[2025.07.16-14.23.11:151][413]LogBlueprintUserMessages: [Curador_2] 32.0
[2025.07.16-14.23.11:151][413]LogBlueprintUserMessages: [Curador_2] El curador ya curo las siguientes veces:
[2025.07.16-14.23.11:151][413]LogBlueprintUserMessages: [Curador_2] 2.0
[2025.07.16-14.23.12:121][471]LogBlueprintUserMessages: [Curador_2] Le di vida al peoncito! ahora tiene:
[2025.07.16-14.23.12:121][471]LogBlueprintUserMessages: [Curador_2] 52.0
[2025.07.16-14.23.12:121][471]LogBlueprintUserMessages: [Curador_2] El curador ya curo las siguientes veces:
[2025.07.16-14.23.12:121][471]LogBlueprintUserMessages: [Curador_2] 3.0
[2025.07.16-14.23.12:787][511]LogBlueprintUserMessages: [Curador_2] Le di vida al peoncito! ahora tiene:
[2025.07.16-14.23.12:788][511]LogBlueprintUserMessages: [Curador_2] 72.0
[2025.07.16-14.23.12:788][511]LogBlueprintUserMessages: [Curador_2] El curador ya curo las siguientes veces:
[2025.07.16-14.23.12:788][511]LogBlueprintUserMessages: [Curador_2] 4.0
[2025.07.16-14.23.16:905][758]LogBlueprintUserMessages: [ReglasJuego_C_0] El puntaje subio!
[2025.07.16-14.23.16:905][758]LogBlueprintUserMessages: [ReglasJuego_C_0] 28
[2025.07.16-14.23.18:905][878]LogBlueprintUserMessages: [ReglasJuego_C_0] El puntaje subio!
[2025.07.16-14.23.18:906][878]LogBlueprintUserMessages: [ReglasJuego_C_0] 30
[2025.07.16-14.23.30:955][599]LogBlueprintUserMessages: [ReglasJuego_C_0] El puntaje subio!
[2025.07.16-14.23.30:955][599]LogBlueprintUserMessages: [ReglasJuego_C_0] 32
[2025.07.16-14.23.45:658][481]LogBlueprintUserMessages: [ReglasJuego_C_0] El puntaje subio!
[2025.07.16-14.23.45:658][481]LogBlueprintUserMessages: [ReglasJuego_C_0] 34
[2025.07.16-14.23.45:658][481]LogBlueprintUserMessages: [ReglasJuego_C_0] Ganaste!
[2025.07.16-14.23.45:674][482]LogNet: Browse: /Game/ThirdPersonBP/Maps/GanasteLevel
[2025.07.16-14.23.45:674][482]LogLoad: LoadMap: /Game/ThirdPersonBP/Maps/GanasteLevel
[2025.07.16-14.23.45:674][482]LogWorld: BeginTearingDown for /Game/ThirdPersonBP/Maps/UEDPIE_0_ThirdPersonExampleMap
[2025.07.16-14.23.45:675][482]LogWorld: UWorld::CleanupWorld for ThirdPersonExampleMap, bSessionEnded=true, bCleanupResources=true
[2025.07.16-14.23.45:676][482]LogSlate: InvalidateAllWidgets triggered.  All widgets were invalidated
[2025.07.16-14.23.45:723][482]LogAudio: Display: Audio Device unregistered from world 'None'.
[2025.07.16-14.23.45:725][482]LogUObjectHash: Compacting FUObjectHashTables data took   0.86ms
[2025.07.16-14.23.45:743][482]LogAudio: Display: Audio Device (ID: 2) registered with world 'GanasteLevel'.
[2025.07.16-14.23.45:744][482]LogAIModule: Creating AISystem for world GanasteLevel
[2025.07.16-14.23.45:745][482]LogLoad: Game class is 'ReglasJuego_C'
[2025.07.16-14.23.45:793][482]LogWorld: Bringing World /Game/ThirdPersonBP/Maps/UEDPIE_0_GanasteLevel.GanasteLevel up for play (max tick rate 60) at 2025.07.16-11.23.45
[2025.07.16-14.23.45:793][482]LogWorld: Bringing up level for play took: 0.047601
[2025.07.16-14.23.45:794][482]LogGameMode: FindPlayerStart: PATHS NOT DEFINED or NO PLAYERSTART with positive rating
[2025.07.16-14.23.45:796][482]LogBlueprintUserMessages: [plataforma_2] Buenas buenas!
[2025.07.16-14.23.45:797][482]LogLoad: Took 0.122143 seconds to LoadMap(/Game/ThirdPersonBP/Maps/GanasteLevel)
[2025.07.16-14.23.45:862][482]LogScript: Warning: Accessed None trying to read property K2Node_DynamicCast_AsPeoncito
	BarraVIda_C /Engine/Transient.UnrealEdEngine_0:GameInstance_0.BarraVIda_C_1
	Function /Game/ThirdPersonBP/Blueprints/blueprints/BarraVIda.BarraVIda_C:GetText_0:0099
[2025.07.16-14.23.45:862][482]PIE: Error: Blueprint Runtime Error: "Accessed None trying to read property K2Node_DynamicCast_AsPeoncito". Blueprint:  BarraVIda Function:  Get Text 0 Graph:  GetText_0 Node:  Return Node
[2025.07.16-14.23.45:881][483]LogScript: Warning: Accessed None trying to read property K2Node_DynamicCast_AsPeoncito
	BarraVIda_C /Engine/Transient.UnrealEdEngine_0:GameInstance_0.BarraVIda_C_1
	Function /Game/ThirdPersonBP/Blueprints/blueprints/BarraVIda.BarraVIda_C:GetText_0:0099
[2025.07.16-14.23.45:881][483]PIE: Error: Blueprint Runtime Error: "Accessed None trying to read property K2Node_DynamicCast_AsPeoncito". Blueprint:  BarraVIda Function:  Get Text 0 Graph:  GetText_0 Node:  Return Node
[2025.07.16-14.23.45:899][484]LogScript: Warning: Accessed None trying to read property K2Node_DynamicCast_AsPeoncito
	BarraVIda_C /Engine/Transient.UnrealEdEngine_0:GameInstance_0.BarraVIda_C_1
	Function /Game/ThirdPersonBP/Blueprints/blueprints/BarraVIda.BarraVIda_C:GetText_0:0099
[2025.07.16-14.23.45:899][484]PIE: Error: Blueprint Runtime Error: "Accessed None trying to read property K2Node_DynamicCast_AsPeoncito". Blueprint:  BarraVIda Function:  Get Text 0 Graph:  GetText_0 Node:  Return Node
[2025.07.16-14.23.45:917][485]LogScript: Warning: Accessed None trying to read property K2Node_DynamicCast_AsPeoncito
	BarraVIda_C /Engine/Transient.UnrealEdEngine_0:GameInstance_0.BarraVIda_C_1
	Function /Game/ThirdPersonBP/Blueprints/blueprints/BarraVIda.BarraVIda_C:GetText_0:0099
[2025.07.16-14.23.45:917][485]PIE: Error: Blueprint Runtime Error: "Accessed None trying to read property K2Node_DynamicCast_AsPeoncito". Blueprint:  BarraVIda Function:  Get Text 0 Graph:  GetText_0 Node:  Return Node
[2025.07.16-14.23.45:935][486]LogScript: Warning: Accessed None trying to read property K2Node_DynamicCast_AsPeoncito
	BarraVIda_C /Engine/Transient.UnrealEdEngine_0:GameInstance_0.BarraVIda_C_1
	Function /Game/ThirdPersonBP/Blueprints/blueprints/BarraVIda.BarraVIda_C:GetText_0:0099
[2025.07.16-14.23.45:935][486]PIE: Error: Blueprint Runtime Error: "Accessed None trying to read property K2Node_DynamicCast_AsPeoncito". Blueprint:  BarraVIda Function:  Get Text 0 Graph:  GetText_0 Node:  Return Node
[2025.07.16-14.23.45:954][487]LogScript: Warning: Accessed None trying to read property K2Node_DynamicCast_AsPeoncito
	BarraVIda_C /Engine/Transient.UnrealEdEngine_0:GameInstance_0.BarraVIda_C_1
	Function /Game/ThirdPersonBP/Blueprints/blueprints/BarraVIda.BarraVIda_C:GetText_0:0099
[2025.07.16-14.23.45:955][487]PIE: Error: Blueprint Runtime Error: "Accessed None trying to read property K2Node_DynamicCast_AsPeoncito". Blueprint:  BarraVIda Function:  Get Text 0 Graph:  GetText_0 Node:  Return Node
[2025.07.16-14.23.45:975][488]LogScript: Warning: Accessed None trying to read property K2Node_DynamicCast_AsPeoncito
	BarraVIda_C /Engine/Transient.UnrealEdEngine_0:GameInstance_0.BarraVIda_C_1
	Function /Game/ThirdPersonBP/Blueprints/blueprints/BarraVIda.BarraVIda_C:GetText_0:0099
[2025.07.16-14.23.45:975][488]PIE: Error: Blueprint Runtime Error: "Accessed None trying to read property K2Node_DynamicCast_AsPeoncito". Blueprint:  BarraVIda Function:  Get Text 0 Graph:  GetText_0 Node:  Return Node
[2025.07.16-14.23.45:996][489]LogScript: Warning: Accessed None trying to read property K2Node_DynamicCast_AsPeoncito
	BarraVIda_C /Engine/Transient.UnrealEdEngine_0:GameInstance_0.BarraVIda_C_1
	Function /Game/ThirdPersonBP/Blueprints/blueprints/BarraVIda.BarraVIda_C:GetText_0:0099
[2025.07.16-14.23.45:997][489]PIE: Error: Blueprint Runtime Error: "Accessed None trying to read property K2Node_DynamicCast_AsPeoncito". Blueprint:  BarraVIda Function:  Get Text 0 Graph:  GetText_0 Node:  Return Node
[2025.07.16-14.23.46:014][490]LogScript: Warning: Accessed None trying to read property K2Node_DynamicCast_AsPeoncito
	BarraVIda_C /Engine/Transient.UnrealEdEngine_0:GameInstance_0.BarraVIda_C_1
	Function /Game/ThirdPersonBP/Blueprints/blueprints/BarraVIda.BarraVIda_C:GetText_0:0099
[2025.07.16-14.23.46:014][490]PIE: Error: Blueprint Runtime Error: "Accessed None trying to read property K2Node_DynamicCast_AsPeoncito". Blueprint:  BarraVIda Function:  Get Text 0 Graph:  GetText_0 Node:  Return Node
[2025.07.16-14.23.46:030][491]LogScript: Warning: Accessed None trying to read property K2Node_DynamicCast_AsPeoncito
	BarraVIda_C /Engine/Transient.UnrealEdEngine_0:GameInstance_0.BarraVIda_C_1
	Function /Game/ThirdPersonBP/Blueprints/blueprints/BarraVIda.BarraVIda_C:GetText_0:0099
[2025.07.16-14.23.46:031][491]PIE: Error: Blueprint Runtime Error: "Accessed None trying to read property K2Node_DynamicCast_AsPeoncito". Blueprint:  BarraVIda Function:  Get Text 0 Graph:  GetText_0 Node:  Return Node
[2025.07.16-14.23.46:046][492]LogScript: Warning: Accessed None trying to read property K2Node_DynamicCast_AsPeoncito
	BarraVIda_C /Engine/Transient.UnrealEdEngine_0:GameInstance_0.BarraVIda_C_1
	Function /Game/ThirdPersonBP/Blueprints/blueprints/BarraVIda.BarraVIda_C:GetText_0:0099
[2025.07.16-14.23.46:046][492]PIE: Error: Blueprint Runtime Error: "Accessed None trying to read property K2Node_DynamicCast_AsPeoncito". Blueprint:  BarraVIda Function:  Get Text 0 Graph:  GetText_0 Node:  Return Node
[2025.07.16-14.23.46:062][493]LogScript: Warning: Accessed None trying to read property K2Node_DynamicCast_AsPeoncito
	BarraVIda_C /Engine/Transient.UnrealEdEngine_0:GameInstance_0.BarraVIda_C_1
	Function /Game/ThirdPersonBP/Blueprints/blueprints/BarraVIda.BarraVIda_C:GetText_0:0099
[2025.07.16-14.23.46:062][493]PIE: Error: Blueprint Runtime Error: "Accessed None trying to read property K2Node_DynamicCast_AsPeoncito". Blueprint:  BarraVIda Function:  Get Text 0 Graph:  GetText_0 Node:  Return Node
[2025.07.16-14.23.46:078][494]LogScript: Warning: Accessed None trying to read property K2Node_DynamicCast_AsPeoncito
	BarraVIda_C /Engine/Transient.UnrealEdEngine_0:GameInstance_0.BarraVIda_C_1
	Function /Game/ThirdPersonBP/Blueprints/blueprints/BarraVIda.BarraVIda_C:GetText_0:0099
[2025.07.16-14.23.46:078][494]PIE: Error: Blueprint Runtime Error: "Accessed None trying to read property K2Node_DynamicCast_AsPeoncito". Blueprint:  BarraVIda Function:  Get Text 0 Graph:  GetText_0 Node:  Return Node
[2025.07.16-14.23.46:095][495]LogScript: Warning: Accessed None trying to read property K2Node_DynamicCast_AsPeoncito
	BarraVIda_C /Engine/Transient.UnrealEdEngine_0:GameInstance_0.BarraVIda_C_1
	Function /Game/ThirdPersonBP/Blueprints/blueprints/BarraVIda.BarraVIda_C:GetText_0:0099
[2025.07.16-14.23.46:095][495]PIE: Error: Blueprint Runtime Error: "Accessed None trying to read property K2Node_DynamicCast_AsPeoncito". Blueprint:  BarraVIda Function:  Get Text 0 Graph:  GetText_0 Node:  Return Node
[2025.07.16-14.23.46:111][496]LogScript: Warning: Accessed None trying to read property K2Node_DynamicCast_AsPeoncito
	BarraVIda_C /Engine/Transient.UnrealEdEngine_0:GameInstance_0.BarraVIda_C_1
	Function /Game/ThirdPersonBP/Blueprints/blueprints/BarraVIda.BarraVIda_C:GetText_0:0099
[2025.07.16-14.23.46:112][496]PIE: Error: Blueprint Runtime Error: "Accessed None trying to read property K2Node_DynamicCast_AsPeoncito". Blueprint:  BarraVIda Function:  Get Text 0 Graph:  GetText_0 Node:  Return Node
[2025.07.16-14.23.46:128][497]LogScript: Warning: Accessed None trying to read property K2Node_DynamicCast_AsPeoncito
	BarraVIda_C /Engine/Transient.UnrealEdEngine_0:GameInstance_0.BarraVIda_C_1
	Function /Game/ThirdPersonBP/Blueprints/blueprints/BarraVIda.BarraVIda_C:GetText_0:0099
[2025.07.16-14.23.46:128][497]PIE: Error: Blueprint Runtime Error: "Accessed None trying to read property K2Node_DynamicCast_AsPeoncito". Blueprint:  BarraVIda Function:  Get Text 0 Graph:  GetText_0 Node:  Return Node
[2025.07.16-14.23.46:145][498]PIE: Error: Blueprint Runtime Error: "Accessed None trying to read property K2Node_DynamicCast_AsPeoncito". Blueprint:  BarraVIda Function:  Get Text 0 Graph:  GetText_0 Node:  Return Node
[2025.07.16-14.23.46:162][499]PIE: Error: Blueprint Runtime Error: "Accessed None trying to read property K2Node_DynamicCast_AsPeoncito". Blueprint:  BarraVIda Function:  Get Text 0 Graph:  GetText_0 Node:  Return Node
[2025.07.16-14.23.46:179][500]PIE: Error: Blueprint Runtime Error: "Accessed None trying to read property K2Node_DynamicCast_AsPeoncito". Blueprint:  BarraVIda Function:  Get Text 0 Graph:  GetText_0 Node:  Return Node
[2025.07.16-14.23.46:195][501]PIE: Error: Blueprint Runtime Error: "Accessed None trying to read property K2Node_DynamicCast_AsPeoncito". Blueprint:  BarraVIda Function:  Get Text 0 Graph:  GetText_0 Node:  Return Node
[2025.07.16-14.23.46:212][502]PIE: Error: Blueprint Runtime Error: "Accessed None trying to read property K2Node_DynamicCast_AsPeoncito". Blueprint:  BarraVIda Function:  Get Text 0 Graph:  GetText_0 Node:  Return Node
[2025.07.16-14.23.46:227][503]PIE: Error: Blueprint Runtime Error: "Accessed None trying to read property K2Node_DynamicCast_AsPeoncito". Blueprint:  BarraVIda Function:  Get Text 0 Graph:  GetText_0 Node:  Return Node
[2025.07.16-14.23.46:244][504]PIE: Error: Blueprint Runtime Error: "Accessed None trying to read property K2Node_DynamicCast_AsPeoncito". Blueprint:  BarraVIda Function:  Get Text 0 Graph:  GetText_0 Node:  Return Node
[2025.07.16-14.23.46:261][505]PIE: Error: Blueprint Runtime Error: "Accessed None trying to read property K2Node_DynamicCast_AsPeoncito". Blueprint:  BarraVIda Function:  Get Text 0 Graph:  GetText_0 Node:  Return Node
[2025.07.16-14.23.46:278][506]PIE: Error: Blueprint Runtime Error: "Accessed None trying to read property K2Node_DynamicCast_AsPeoncito". Blueprint:  BarraVIda Function:  Get Text 0 Graph:  GetText_0 Node:  Return Node
[2025.07.16-14.23.46:295][507]PIE: Error: Blueprint Runtime Error: "Accessed None trying to read property K2Node_DynamicCast_AsPeoncito". Blueprint:  BarraVIda Function:  Get Text 0 Graph:  GetText_0 Node:  Return Node
[2025.07.16-14.23.46:311][508]PIE: Error: Blueprint Runtime Error: "Accessed None trying to read property K2Node_DynamicCast_AsPeoncito". Blueprint:  BarraVIda Function:  Get Text 0 Graph:  GetText_0 Node:  Return Node
[2025.07.16-14.23.46:328][509]PIE: Error: Blueprint Runtime Error: "Accessed None trying to read property K2Node_DynamicCast_AsPeoncito". Blueprint:  BarraVIda Function:  Get Text 0 Graph:  GetText_0 Node:  Return Node
[2025.07.16-14.23.46:344][510]PIE: Error: Blueprint Runtime Error: "Accessed None trying to read property K2Node_DynamicCast_AsPeoncito". Blueprint:  BarraVIda Function:  Get Text 0 Graph:  GetText_0 Node:  Return Node
[2025.07.16-14.23.46:361][511]PIE: Error: Blueprint Runtime Error: "Accessed None trying to read property K2Node_DynamicCast_AsPeoncito". Blueprint:  BarraVIda Function:  Get Text 0 Graph:  GetText_0 Node:  Return Node
[2025.07.16-14.23.46:378][512]PIE: Error: Blueprint Runtime Error: "Accessed None trying to read property K2Node_DynamicCast_AsPeoncito". Blueprint:  BarraVIda Function:  Get Text 0 Graph:  GetText_0 Node:  Return Node
[2025.07.16-14.23.46:396][513]PIE: Error: Blueprint Runtime Error: "Accessed None trying to read property K2Node_DynamicCast_AsPeoncito". Blueprint:  BarraVIda Function:  Get Text 0 Graph:  GetText_0 Node:  Return Node
[2025.07.16-14.23.46:411][514]PIE: Error: Blueprint Runtime Error: "Accessed None trying to read property K2Node_DynamicCast_AsPeoncito". Blueprint:  BarraVIda Function:  Get Text 0 Graph:  GetText_0 Node:  Return Node
[2025.07.16-14.23.46:427][515]PIE: Error: Blueprint Runtime Error: "Accessed None trying to read property K2Node_DynamicCast_AsPeoncito". Blueprint:  BarraVIda Function:  Get Text 0 Graph:  GetText_0 Node:  Return Node
[2025.07.16-14.23.46:448][516]PIE: Error: Blueprint Runtime Error: "Accessed None trying to read property K2Node_DynamicCast_AsPeoncito". Blueprint:  BarraVIda Function:  Get Text 0 Graph:  GetText_0 Node:  Return Node
[2025.07.16-14.23.46:461][517]PIE: Error: Blueprint Runtime Error: "Accessed None trying to read property K2Node_DynamicCast_AsPeoncito". Blueprint:  BarraVIda Function:  Get Text 0 Graph:  GetText_0 Node:  Return Node
[2025.07.16-14.23.46:477][518]PIE: Error: Blueprint Runtime Error: "Accessed None trying to read property K2Node_DynamicCast_AsPeoncito". Blueprint:  BarraVIda Function:  Get Text 0 Graph:  GetText_0 Node:  Return Node
[2025.07.16-14.23.46:494][519]PIE: Error: Blueprint Runtime Error: "Accessed None trying to read property K2Node_DynamicCast_AsPeoncito". Blueprint:  BarraVIda Function:  Get Text 0 Graph:  GetText_0 Node:  Return Node
[2025.07.16-14.23.46:511][520]PIE: Error: Blueprint Runtime Error: "Accessed None trying to read property K2Node_DynamicCast_AsPeoncito". Blueprint:  BarraVIda Function:  Get Text 0 Graph:  GetText_0 Node:  Return Node
[2025.07.16-14.23.46:528][521]PIE: Error: Blueprint Runtime Error: "Accessed None trying to read property K2Node_DynamicCast_AsPeoncito". Blueprint:  BarraVIda Function:  Get Text 0 Graph:  GetText_0 Node:  Return Node
[2025.07.16-14.23.46:545][522]PIE: Error: Blueprint Runtime Error: "Accessed None trying to read property K2Node_DynamicCast_AsPeoncito". Blueprint:  BarraVIda Function:  Get Text 0 Graph:  GetText_0 Node:  Return Node
[2025.07.16-14.23.46:562][523]PIE: Error: Blueprint Runtime Error: "Accessed None trying to read property K2Node_DynamicCast_AsPeoncito". Blueprint:  BarraVIda Function:  Get Text 0 Graph:  GetText_0 Node:  Return Node
[2025.07.16-14.23.46:577][524]PIE: Error: Blueprint Runtime Error: "Accessed None trying to read property K2Node_DynamicCast_AsPeoncito". Blueprint:  BarraVIda Function:  Get Text 0 Graph:  GetText_0 Node:  Return Node
[2025.07.16-14.23.46:594][525]PIE: Error: Blueprint Runtime Error: "Accessed None trying to read property K2Node_DynamicCast_AsPeoncito". Blueprint:  BarraVIda Function:  Get Text 0 Graph:  GetText_0 Node:  Return Node
[2025.07.16-14.23.46:612][526]PIE: Error: Blueprint Runtime Error: "Accessed None trying to read property K2Node_DynamicCast_AsPeoncito". Blueprint:  BarraVIda Function:  Get Text 0 Graph:  GetText_0 Node:  Return Node
[2025.07.16-14.23.46:627][527]PIE: Error: Blueprint Runtime Error: "Accessed None trying to read property K2Node_DynamicCast_AsPeoncito". Blueprint:  BarraVIda Function:  Get Text 0 Graph:  GetText_0 Node:  Return Node
[2025.07.16-14.23.46:644][528]PIE: Error: Blueprint Runtime Error: "Accessed None trying to read property K2Node_DynamicCast_AsPeoncito". Blueprint:  BarraVIda Function:  Get Text 0 Graph:  GetText_0 Node:  Return Node
[2025.07.16-14.23.46:661][529]PIE: Error: Blueprint Runtime Error: "Accessed None trying to read property K2Node_DynamicCast_AsPeoncito". Blueprint:  BarraVIda Function:  Get Text 0 Graph:  GetText_0 Node:  Return Node
[2025.07.16-14.23.46:678][530]PIE: Error: Blueprint Runtime Error: "Accessed None trying to read property K2Node_DynamicCast_AsPeoncito". Blueprint:  BarraVIda Function:  Get Text 0 Graph:  GetText_0 Node:  Return Node
[2025.07.16-14.23.46:694][531]PIE: Error: Blueprint Runtime Error: "Accessed None trying to read property K2Node_DynamicCast_AsPeoncito". Blueprint:  BarraVIda Function:  Get Text 0 Graph:  GetText_0 Node:  Return Node
[2025.07.16-14.23.46:711][532]PIE: Error: Blueprint Runtime Error: "Accessed None trying to read property K2Node_DynamicCast_AsPeoncito". Blueprint:  BarraVIda Function:  Get Text 0 Graph:  GetText_0 Node:  Return Node
[2025.07.16-14.23.46:780][533]LogSlate: Updating window title bar state: overlay mode, drag disabled, window buttons hidden, title bar hidden
[2025.07.16-14.23.46:780][533]LogWorld: BeginTearingDown for /Game/ThirdPersonBP/Maps/UEDPIE_0_GanasteLevel
[2025.07.16-14.23.46:780][533]LogWorld: UWorld::CleanupWorld for GanasteLevel, bSessionEnded=true, bCleanupResources=true
[2025.07.16-14.23.46:781][533]LogSlate: InvalidateAllWidgets triggered.  All widgets were invalidated
[2025.07.16-14.23.46:792][533]LogPlayLevel: Display: Shutting down PIE online subsystems
[2025.07.16-14.23.46:798][533]LogSlate: InvalidateAllWidgets triggered.  All widgets were invalidated
[2025.07.16-14.23.46:804][533]LogAudio: Display: Audio Device unregistered from world 'None'.
[2025.07.16-14.23.46:804][533]LogAudioMixer: FMixerPlatformXAudio2::StopAudioStream() called
[2025.07.16-14.23.46:805][533]LogAudioMixer: FMixerPlatformXAudio2::StopAudioStream() called
[2025.07.16-14.23.46:808][533]LogSlate: Updating window title bar state: overlay mode, drag disabled, window buttons hidden, title bar hidden
[2025.07.16-14.23.46:810][533]LogUObjectHash: Compacting FUObjectHashTables data took   0.79ms
[2025.07.16-14.23.46:975][533]LogSlate: Took 0.000269 seconds to synchronously load lazily loaded font '../../../Engine/Content/Slate/Fonts/DroidSansMono.ttf' (77K)
[2025.07.16-14.23.47:016][534]LogPlayLevel: Display: Destroying online subsystem :Context_18
[2025.07.16-14.23.48:475][600]LogSlate: Window 'Message Log' being destroyed
[2025.07.16-14.23.48:485][600]LogSlate: Window 'Message Log' being destroyed
[2025.07.16-14.24.01:482][371]LogEditorViewport: Clicking on Actor (LMB): Moneda_C (Moneda6)
[2025.07.16-14.24.11:630][976]LogEditorViewport: Clicking on Actor (LMB): Moneda_C (Moneda6)
[2025.07.16-14.24.15:305][196]Cmd: DELETE
[2025.07.16-14.24.15:305][196]Cmd: ACTOR DELETE
[2025.07.16-14.24.15:315][196]LogEditorActor: Deleted Actor: Moneda_C
[2025.07.16-14.24.15:325][196]LogUObjectHash: Compacting FUObjectHashTables data took   1.04ms
[2025.07.16-14.24.15:327][196]LogEditorActor: Deleted 1 Actors (0.020 secs)
[2025.07.16-14.24.17:173][304]LogUObjectHash: Compacting FUObjectHashTables data took   0.42ms
[2025.07.16-14.24.17:239][304]LogSavePackage: Moving '../../../../../UTN-e-learning/Unreal-Engine/Unreal-Projects/TP_PreEntrega/Saved/ThirdPersonExampleMapB86610024B9A06360ED27A8595388DE6.tmp' to '../../../../../UTN-e-learning/Unreal-Engine/Unreal-Projects/TP_PreEntrega/Content/ThirdPersonBP/Maps/ThirdPersonExampleMap.umap'
[2025.07.16-14.24.17:471][304]LogSavePackage: Moving '../../../../../UTN-e-learning/Unreal-Engine/Unreal-Projects/TP_PreEntrega/Saved/ThirdPersonExampleMap_BuiltData0A840F7A413E68B1C3186988657573C2.tmp' to '../../../../../UTN-e-learning/Unreal-Engine/Unreal-Projects/TP_PreEntrega/Content/ThirdPersonBP/Maps/ThirdPersonExampleMap_BuiltData.uasset'
[2025.07.16-14.24.17:486][304]AssetCheck: New page: Asset Save: multiple assets
[2025.07.16-14.24.17:487][304]LogContentValidation: Display: Validating MapBuildDataRegistry /Game/ThirdPersonBP/Maps/ThirdPersonExampleMap_BuiltData.ThirdPersonExampleMap_BuiltData
[2025.07.16-14.24.17:487][304]LogContentValidation: Display: Validating World /Game/ThirdPersonBP/Maps/ThirdPersonExampleMap.ThirdPersonExampleMap
[2025.07.16-14.24.31:636][135]LogTemp: Repeating last play command: Selected Viewport
[2025.07.16-14.24.31:659][135]LogPlayLevel: PlayLevel: No blueprints needed recompiling
[2025.07.16-14.24.31:660][135]PIE: New page: PIE session: ThirdPersonExampleMap (Jul 16, 2025, 8:24:31 AM)
[2025.07.16-14.24.31:660][135]LogPlayLevel: Creating play world package: /Game/ThirdPersonBP/Maps/UEDPIE_0_ThirdPersonExampleMap
[2025.07.16-14.24.31:684][135]LogPlayLevel: PIE: StaticDuplicateObject took: (0.023808s)
[2025.07.16-14.24.31:686][135]LogAIModule: Creating AISystem for world ThirdPersonExampleMap
[2025.07.16-14.24.31:686][135]LogPlayLevel: PIE: World Init took: (0.002459s)
[2025.07.16-14.24.31:686][135]LogPlayLevel: PIE: Created PIE world by copying editor world from /Game/ThirdPersonBP/Maps/ThirdPersonExampleMap.ThirdPersonExampleMap to /Game/ThirdPersonBP/Maps/UEDPIE_0_ThirdPersonExampleMap.ThirdPersonExampleMap (0.026556s)
[2025.07.16-14.24.31:699][135]LogUObjectHash: Compacting FUObjectHashTables data took   1.29ms
[2025.07.16-14.24.31:703][135]LogAudio: Display: Creating Audio Device:                 Id: 3, Scope: Unique, Realtime: True
[2025.07.16-14.24.31:704][135]LogAudioMixer: Display: Audio Mixer Platform Settings:
[2025.07.16-14.24.31:704][135]LogAudioMixer: Display: 	Sample Rate:						  48000
[2025.07.16-14.24.31:704][135]LogAudioMixer: Display: 	Callback Buffer Frame Size Requested: 1024
[2025.07.16-14.24.31:704][135]LogAudioMixer: Display: 	Callback Buffer Frame Size To Use:	  1024
[2025.07.16-14.24.31:704][135]LogAudioMixer: Display: 	Number of buffers to queue:			  2
[2025.07.16-14.24.31:704][135]LogAudioMixer: Display: 	Max Channels (voices):				  32
[2025.07.16-14.24.31:704][135]LogAudioMixer: Display: 	Number of Async Source Workers:		  0
[2025.07.16-14.24.31:704][135]LogAudio: Display: AudioDevice MaxSources: 32
[2025.07.16-14.24.31:705][135]LogAudio: Display: Audio Spatialization Plugin: None (built-in).
[2025.07.16-14.24.31:705][135]LogAudio: Display: Audio Reverb Plugin: None (built-in).
[2025.07.16-14.24.31:705][135]LogAudio: Display: Audio Occlusion Plugin: None (built-in).
[2025.07.16-14.24.31:705][135]LogAudioMixer: Display: Initializing audio mixer.
[2025.07.16-14.24.31:715][135]LogAudioMixer: Display: 0: FrontLeft
[2025.07.16-14.24.31:715][135]LogAudioMixer: Display: 1: FrontRight
[2025.07.16-14.24.31:740][135]LogAudioMixer: Display: Using Audio Device Headphones (SOUNDPEATS Opera05 Stereo)
[2025.07.16-14.24.31:741][135]LogAudioMixer: Display: Initializing Sound Submixes...
[2025.07.16-14.24.31:741][135]LogAudioMixer: Display: Creating Master Submix 'MasterSubmixDefault'
[2025.07.16-14.24.31:741][135]LogAudioMixer: Display: Creating Master Submix 'MasterReverbSubmixDefault'
[2025.07.16-14.24.31:741][135]LogAudioMixer: Display: Creating Master Submix 'MasterEQSubmixDefault'
[2025.07.16-14.24.31:741][135]LogAudioMixer: FMixerPlatformXAudio2::StartAudioStream() called
[2025.07.16-14.24.31:741][135]LogAudioMixer: Display: Output buffers initialized: Frames=1024, Channels=2, Samples=2048
[2025.07.16-14.24.31:743][135]LogAudioMixer: Display: Starting AudioMixerPlatformInterface::RunInternal()
[2025.07.16-14.24.31:743][135]LogAudioMixer: Display: FMixerPlatformXAudio2::SubmitBuffer() called for the first time
[2025.07.16-14.24.31:743][135]LogInit: FAudioDevice initialized.
[2025.07.16-14.24.31:743][135]LogAudio: Display: Audio Device (ID: 3) registered with world 'ThirdPersonExampleMap'.
[2025.07.16-14.24.31:751][135]LogLoad: Game class is 'ReglasJuego_C'
[2025.07.16-14.24.31:762][135]LogWorld: Bringing World /Game/ThirdPersonBP/Maps/UEDPIE_0_ThirdPersonExampleMap.ThirdPersonExampleMap up for play (max tick rate 60) at 2025.07.16-11.24.31
[2025.07.16-14.24.31:763][135]LogWorld: Bringing up level for play took: 0.010707
[2025.07.16-14.24.31:763][135]LogOnline: OSS: Creating online subsystem instance for: :Context_19
[2025.07.16-14.24.31:766][135]LogBlueprintUserMessages: [plataforma_2] Buenas buenas!
[2025.07.16-14.24.31:769][135]PIE: Server logged in
[2025.07.16-14.24.31:770][135]PIE: Play in editor total start time 0.124 seconds.
[2025.07.16-14.24.32:969][201]LogSlate: Updating window title bar state: overlay mode, drag disabled, window buttons hidden, title bar hidden
[2025.07.16-14.24.32:969][201]LogWorld: BeginTearingDown for /Game/ThirdPersonBP/Maps/UEDPIE_0_ThirdPersonExampleMap
[2025.07.16-14.24.32:969][201]LogWorld: UWorld::CleanupWorld for ThirdPersonExampleMap, bSessionEnded=true, bCleanupResources=true
[2025.07.16-14.24.32:970][201]LogSlate: InvalidateAllWidgets triggered.  All widgets were invalidated
[2025.07.16-14.24.32:977][201]LogPlayLevel: Display: Shutting down PIE online subsystems
[2025.07.16-14.24.32:979][201]LogSlate: InvalidateAllWidgets triggered.  All widgets were invalidated
[2025.07.16-14.24.32:986][201]LogSlate: Updating window title bar state: overlay mode, drag disabled, window buttons hidden, title bar hidden
[2025.07.16-14.24.32:988][201]LogAudioMixer: FMixerPlatformXAudio2::StopAudioStream() called
[2025.07.16-14.24.32:988][201]LogAudioMixer: FMixerPlatformXAudio2::StopAudioStream() called
[2025.07.16-14.24.32:994][201]LogUObjectHash: Compacting FUObjectHashTables data took   0.97ms
[2025.07.16-14.24.33:019][202]LogPlayLevel: Display: Destroying online subsystem :Context_19
[2025.07.16-14.25.34:447][878]LogEditorViewport: Clicking on Actor (LMB): StaticMeshActor (Floor)
[2025.07.16-14.25.35:786][951]LogTemp: Repeating last play command: Selected Viewport
[2025.07.16-14.25.35:810][951]LogPlayLevel: PlayLevel: No blueprints needed recompiling
[2025.07.16-14.25.35:810][951]PIE: New page: PIE session: ThirdPersonExampleMap (Jul 16, 2025, 8:25:35 AM)
[2025.07.16-14.25.35:810][951]LogPlayLevel: Creating play world package: /Game/ThirdPersonBP/Maps/UEDPIE_0_ThirdPersonExampleMap
[2025.07.16-14.25.35:829][951]LogPlayLevel: PIE: StaticDuplicateObject took: (0.018140s)
[2025.07.16-14.25.35:830][951]LogAIModule: Creating AISystem for world ThirdPersonExampleMap
[2025.07.16-14.25.35:830][951]LogPlayLevel: PIE: World Init took: (0.001596s)
[2025.07.16-14.25.35:830][951]LogPlayLevel: PIE: Created PIE world by copying editor world from /Game/ThirdPersonBP/Maps/ThirdPersonExampleMap.ThirdPersonExampleMap to /Game/ThirdPersonBP/Maps/UEDPIE_0_ThirdPersonExampleMap.ThirdPersonExampleMap (0.019929s)
[2025.07.16-14.25.35:842][951]LogUObjectHash: Compacting FUObjectHashTables data took   1.10ms
[2025.07.16-14.25.35:843][951]LogAudio: Display: Creating Audio Device:                 Id: 4, Scope: Unique, Realtime: True
[2025.07.16-14.25.35:843][951]LogAudioMixer: Display: Audio Mixer Platform Settings:
[2025.07.16-14.25.35:843][951]LogAudioMixer: Display: 	Sample Rate:						  48000
[2025.07.16-14.25.35:843][951]LogAudioMixer: Display: 	Callback Buffer Frame Size Requested: 1024
[2025.07.16-14.25.35:843][951]LogAudioMixer: Display: 	Callback Buffer Frame Size To Use:	  1024
[2025.07.16-14.25.35:843][951]LogAudioMixer: Display: 	Number of buffers to queue:			  2
[2025.07.16-14.25.35:844][951]LogAudioMixer: Display: 	Max Channels (voices):				  32
[2025.07.16-14.25.35:844][951]LogAudioMixer: Display: 	Number of Async Source Workers:		  0
[2025.07.16-14.25.35:844][951]LogAudio: Display: AudioDevice MaxSources: 32
[2025.07.16-14.25.35:844][951]LogAudio: Display: Audio Spatialization Plugin: None (built-in).
[2025.07.16-14.25.35:844][951]LogAudio: Display: Audio Reverb Plugin: None (built-in).
[2025.07.16-14.25.35:844][951]LogAudio: Display: Audio Occlusion Plugin: None (built-in).
[2025.07.16-14.25.35:845][951]LogAudioMixer: Display: Initializing audio mixer.
[2025.07.16-14.25.35:852][951]LogAudioMixer: Display: 0: FrontLeft
[2025.07.16-14.25.35:852][951]LogAudioMixer: Display: 1: FrontRight
[2025.07.16-14.25.35:873][951]LogAudioMixer: Display: Using Audio Device Headphones (SOUNDPEATS Opera05 Stereo)
[2025.07.16-14.25.35:874][951]LogAudioMixer: Display: Initializing Sound Submixes...
[2025.07.16-14.25.35:874][951]LogAudioMixer: Display: Creating Master Submix 'MasterSubmixDefault'
[2025.07.16-14.25.35:874][951]LogAudioMixer: Display: Creating Master Submix 'MasterReverbSubmixDefault'
[2025.07.16-14.25.35:874][951]LogAudioMixer: Display: Creating Master Submix 'MasterEQSubmixDefault'
[2025.07.16-14.25.35:874][951]LogAudioMixer: FMixerPlatformXAudio2::StartAudioStream() called
[2025.07.16-14.25.35:874][951]LogAudioMixer: Display: Output buffers initialized: Frames=1024, Channels=2, Samples=2048
[2025.07.16-14.25.35:876][951]LogAudioMixer: Display: Starting AudioMixerPlatformInterface::RunInternal()
[2025.07.16-14.25.35:876][951]LogAudioMixer: Display: FMixerPlatformXAudio2::SubmitBuffer() called for the first time
[2025.07.16-14.25.35:876][951]LogInit: FAudioDevice initialized.
[2025.07.16-14.25.35:876][951]LogAudio: Display: Audio Device (ID: 4) registered with world 'ThirdPersonExampleMap'.
[2025.07.16-14.25.35:888][951]LogLoad: Game class is 'ReglasJuego_C'
[2025.07.16-14.25.35:896][951]LogWorld: Bringing World /Game/ThirdPersonBP/Maps/UEDPIE_0_ThirdPersonExampleMap.ThirdPersonExampleMap up for play (max tick rate 60) at 2025.07.16-11.25.35
[2025.07.16-14.25.35:897][951]LogWorld: Bringing up level for play took: 0.007282
[2025.07.16-14.25.35:897][951]LogOnline: OSS: Creating online subsystem instance for: :Context_20
[2025.07.16-14.25.35:899][951]LogBlueprintUserMessages: [plataforma_2] Buenas buenas!
[2025.07.16-14.25.35:902][951]PIE: Server logged in
[2025.07.16-14.25.35:902][951]PIE: Play in editor total start time 0.105 seconds.
[2025.07.16-14.25.38:773][118]LogBlueprintUserMessages: [bala_C_5] Le reste 25 al bad fella
[2025.07.16-14.25.38:774][118]LogBlueprintUserMessages: [bala_C_6] Le reste 25 al bad fella
[2025.07.16-14.25.41:006][252]LogBlueprintUserMessages: [ReglasJuego_C_0] El puntaje subio!
[2025.07.16-14.25.41:006][252]LogBlueprintUserMessages: [ReglasJuego_C_0] 2
[2025.07.16-14.25.42:991][371]LogBlueprintUserMessages: [ReglasJuego_C_0] El puntaje subio!
[2025.07.16-14.25.42:991][371]LogBlueprintUserMessages: [ReglasJuego_C_0] 4
[2025.07.16-14.25.42:992][371]LogBlueprintUserMessages: [bala_C_9] Le reste 25 a la torreta
[2025.07.16-14.25.42:992][371]LogBlueprintUserMessages: [Torreta3_2] algo me ataveso!
[2025.07.16-14.25.47:777][658]LogBlueprintUserMessages: [bala_C_26] Le reste 25 al bad fella
[2025.07.16-14.25.50:778][838]LogBlueprintUserMessages: [bala_C_34] Le reste 25 al bad fella
[2025.07.16-14.25.56:783][198]LogBlueprintUserMessages: [bala_C_47] Le reste 25 al bad fella
[2025.07.16-14.25.56:800][199]LogBlueprintUserMessages: [bad_fella_2] Bad fella  Destruido!
[2025.07.16-14.25.57:868][263]LogBlueprintUserMessages: [ReglasJuego_C_0] El puntaje subio!
[2025.07.16-14.25.57:868][263]LogBlueprintUserMessages: [ReglasJuego_C_0] 6
[2025.07.16-14.25.59:194][342]LogBlueprintUserMessages: [bala_C_50] El peoncito perdio 10 de vida!!!!
[2025.07.16-14.26.04:909][684]LogBlueprintUserMessages: [bala_C_68] Le reste 50 al bad guy
[2025.07.16-14.26.05:243][704]LogBlueprintUserMessages: [bala_C_69] Le reste 50 al bad guy
[2025.07.16-14.26.05:258][705]LogBlueprintUserMessages: [bad_guy2_2] Bad guy  Destruido!
[2025.07.16-14.26.06:617][786]LogBlueprintUserMessages: [Curador_2] no te puedo curar porque tu vida es mayor a 80, volve cuando tengas menos!
[2025.07.16-14.26.07:490][838]LogBlueprintUserMessages: [ReglasJuego_C_0] El puntaje subio!
[2025.07.16-14.26.07:490][838]LogBlueprintUserMessages: [ReglasJuego_C_0] 8
[2025.07.16-14.26.08:740][913]LogBlueprintUserMessages: [Curador_2] no te puedo curar porque tu vida es mayor a 80, volve cuando tengas menos!
[2025.07.16-14.26.08:908][923]LogBlueprintUserMessages: [bala_C_75] El peoncito perdio 10 de vida!!!!
[2025.07.16-14.26.13:635][204]LogBlueprintUserMessages: [bala_C_81] Le reste 25 a la torreta
[2025.07.16-14.26.13:635][204]LogBlueprintUserMessages: [Torreta_2] algo me ataveso!
[2025.07.16-14.26.13:923][221]LogBlueprintUserMessages: [bala_C_83] Le reste 25 a la torreta
[2025.07.16-14.26.13:923][221]LogBlueprintUserMessages: [Torreta_2] algo me ataveso!
[2025.07.16-14.26.13:939][222]LogBlueprintUserMessages: [Torreta_2] Torreta Destruida!
[2025.07.16-14.26.15:306][304]LogBlueprintUserMessages: [ReglasJuego_C_0] El puntaje subio!
[2025.07.16-14.26.15:306][304]LogBlueprintUserMessages: [ReglasJuego_C_0] 10
[2025.07.16-14.26.15:839][336]LogBlueprintUserMessages: [ReglasJuego_C_0] El puntaje subio!
[2025.07.16-14.26.15:839][336]LogBlueprintUserMessages: [ReglasJuego_C_0] 12
[2025.07.16-14.26.17:239][420]LogBlueprintUserMessages: [ReglasJuego_C_0] El puntaje subio!
[2025.07.16-14.26.17:239][420]LogBlueprintUserMessages: [ReglasJuego_C_0] 14
[2025.07.16-14.26.21:844][691]LogBlueprintUserMessages: [bala_C_92] El peoncito perdio 10 de vida!!!!
[2025.07.16-14.26.21:861][692]LogBlueprintUserMessages: [bala_C_92] El peoncito perdio 10 de vida!!!!
[2025.07.16-14.26.24:130][828]LogBlueprintUserMessages: [bala_C_104] Le reste 25 al bad fella
[2025.07.16-14.26.24:480][849]LogBlueprintUserMessages: [bala_C_106] Le reste 25 al bad fella
[2025.07.16-14.26.24:896][874]LogBlueprintUserMessages: [bala_C_107] Le reste 25 al bad fella
[2025.07.16-14.26.24:896][874]LogBlueprintUserMessages: [bad_fella2_2] Bad fella  Destruido!
[2025.07.16-14.26.28:129][ 65]LogBlueprintUserMessages: [bala_C_112] Le reste 25 a la torreta
[2025.07.16-14.26.28:129][ 65]LogBlueprintUserMessages: [Torreta2_5] algo me ataveso!
[2025.07.16-14.26.28:479][ 86]LogBlueprintUserMessages: [bala_C_113] Le reste 25 a la torreta
[2025.07.16-14.26.28:480][ 86]LogBlueprintUserMessages: [Torreta2_5] algo me ataveso!
[2025.07.16-14.26.28:495][ 87]LogBlueprintUserMessages: [Torreta2_5] Torreta Destruida!
[2025.07.16-14.26.31:029][239]LogBlueprintUserMessages: [ReglasJuego_C_0] El puntaje subio!
[2025.07.16-14.26.31:029][239]LogBlueprintUserMessages: [ReglasJuego_C_0] 16
[2025.07.16-14.26.31:362][259]LogBlueprintUserMessages: [ReglasJuego_C_0] El puntaje subio!
[2025.07.16-14.26.31:362][259]LogBlueprintUserMessages: [ReglasJuego_C_0] 18
[2025.07.16-14.26.32:764][343]LogBlueprintUserMessages: [ReglasJuego_C_0] El puntaje subio!
[2025.07.16-14.26.32:764][343]LogBlueprintUserMessages: [ReglasJuego_C_0] 20
[2025.07.16-14.26.34:331][437]LogBlueprintUserMessages: [ReglasJuego_C_0] El puntaje subio!
[2025.07.16-14.26.34:331][437]LogBlueprintUserMessages: [ReglasJuego_C_0] 22
[2025.07.16-14.26.38:497][684]LogBlueprintUserMessages: [bala_C_126] Le reste 25 a la torreta
[2025.07.16-14.26.38:497][684]LogBlueprintUserMessages: [Torreta3_2] algo me ataveso!
[2025.07.16-14.26.38:513][685]LogBlueprintUserMessages: [Torreta3_2] Torreta Destruida!
[2025.07.16-14.26.41:689][875]LogBlueprintUserMessages: [bala_C_131] Le reste 50 al bad guy
[2025.07.16-14.26.42:391][917]LogBlueprintUserMessages: [bala_C_134] Le reste 50 al bad guy
[2025.07.16-14.26.42:406][918]LogBlueprintUserMessages: [bad_guy_5] Bad guy  Destruido!
[2025.07.16-14.26.43:159][963]LogBlueprintUserMessages: [bala_C_136] El peoncito perdio 10 de vida!!!!
[2025.07.16-14.26.45:010][ 74]LogBlueprintUserMessages: [ReglasJuego_C_0] El puntaje subio!
[2025.07.16-14.26.45:010][ 74]LogBlueprintUserMessages: [ReglasJuego_C_0] 24
[2025.07.16-14.26.45:910][128]LogBlueprintUserMessages: [ReglasJuego_C_0] El puntaje subio!
[2025.07.16-14.26.45:910][128]LogBlueprintUserMessages: [ReglasJuego_C_0] 26
[2025.07.16-14.27.04:411][238]LogBlueprintUserMessages: [ReglasJuego_C_0] El puntaje subio!
[2025.07.16-14.27.04:411][238]LogBlueprintUserMessages: [ReglasJuego_C_0] 28
[2025.07.16-14.27.04:860][265]LogBlueprintUserMessages: [ReglasJuego_C_0] El puntaje subio!
[2025.07.16-14.27.04:860][265]LogBlueprintUserMessages: [ReglasJuego_C_0] 30
[2025.07.16-14.27.20:686][209]LogBlueprintUserMessages: [ReglasJuego_C_0] El puntaje subio!
[2025.07.16-14.27.20:686][209]LogBlueprintUserMessages: [ReglasJuego_C_0] 32
[2025.07.16-14.27.21:736][272]LogBlueprintUserMessages: [ReglasJuego_C_0] El puntaje subio!
[2025.07.16-14.27.21:736][272]LogBlueprintUserMessages: [ReglasJuego_C_0] 34
[2025.07.16-14.27.21:736][272]LogBlueprintUserMessages: [ReglasJuego_C_0] Ganaste!
[2025.07.16-14.27.21:758][273]LogNet: Browse: /Game/ThirdPersonBP/Maps/GanasteLevel
[2025.07.16-14.27.21:758][273]LogLoad: LoadMap: /Game/ThirdPersonBP/Maps/GanasteLevel
[2025.07.16-14.27.21:759][273]LogWorld: BeginTearingDown for /Game/ThirdPersonBP/Maps/UEDPIE_0_ThirdPersonExampleMap
[2025.07.16-14.27.21:760][273]LogWorld: UWorld::CleanupWorld for ThirdPersonExampleMap, bSessionEnded=true, bCleanupResources=true
[2025.07.16-14.27.21:761][273]LogSlate: InvalidateAllWidgets triggered.  All widgets were invalidated
[2025.07.16-14.27.21:797][273]LogAudio: Display: Audio Device unregistered from world 'None'.
[2025.07.16-14.27.21:799][273]LogUObjectHash: Compacting FUObjectHashTables data took   1.22ms
[2025.07.16-14.27.21:833][273]LogAudio: Display: Audio Device (ID: 4) registered with world 'GanasteLevel'.
[2025.07.16-14.27.21:835][273]LogAIModule: Creating AISystem for world GanasteLevel
[2025.07.16-14.27.21:836][273]LogLoad: Game class is 'ReglasJuego_C'
[2025.07.16-14.27.21:905][273]LogWorld: Bringing World /Game/ThirdPersonBP/Maps/UEDPIE_0_GanasteLevel.GanasteLevel up for play (max tick rate 60) at 2025.07.16-11.27.21
[2025.07.16-14.27.21:905][273]LogWorld: Bringing up level for play took: 0.067916
[2025.07.16-14.27.21:906][273]LogGameMode: FindPlayerStart: PATHS NOT DEFINED or NO PLAYERSTART with positive rating
[2025.07.16-14.27.21:908][273]LogBlueprintUserMessages: [plataforma_2] Buenas buenas!
[2025.07.16-14.27.21:910][273]LogLoad: Took 0.151463 seconds to LoadMap(/Game/ThirdPersonBP/Maps/GanasteLevel)
[2025.07.16-14.27.21:997][273]PIE: Error: Blueprint Runtime Error: "Accessed None trying to read property K2Node_DynamicCast_AsPeoncito". Blueprint:  BarraVIda Function:  Get Text 0 Graph:  GetText_0 Node:  Return Node
[2025.07.16-14.27.22:017][274]PIE: Error: Blueprint Runtime Error: "Accessed None trying to read property K2Node_DynamicCast_AsPeoncito". Blueprint:  BarraVIda Function:  Get Text 0 Graph:  GetText_0 Node:  Return Node
[2025.07.16-14.27.22:032][275]PIE: Error: Blueprint Runtime Error: "Accessed None trying to read property K2Node_DynamicCast_AsPeoncito". Blueprint:  BarraVIda Function:  Get Text 0 Graph:  GetText_0 Node:  Return Node
[2025.07.16-14.27.22:053][276]PIE: Error: Blueprint Runtime Error: "Accessed None trying to read property K2Node_DynamicCast_AsPeoncito". Blueprint:  BarraVIda Function:  Get Text 0 Graph:  GetText_0 Node:  Return Node
[2025.07.16-14.27.22:071][277]PIE: Error: Blueprint Runtime Error: "Accessed None trying to read property K2Node_DynamicCast_AsPeoncito". Blueprint:  BarraVIda Function:  Get Text 0 Graph:  GetText_0 Node:  Return Node
[2025.07.16-14.27.22:090][278]PIE: Error: Blueprint Runtime Error: "Accessed None trying to read property K2Node_DynamicCast_AsPeoncito". Blueprint:  BarraVIda Function:  Get Text 0 Graph:  GetText_0 Node:  Return Node
[2025.07.16-14.27.22:105][279]PIE: Error: Blueprint Runtime Error: "Accessed None trying to read property K2Node_DynamicCast_AsPeoncito". Blueprint:  BarraVIda Function:  Get Text 0 Graph:  GetText_0 Node:  Return Node
[2025.07.16-14.27.22:123][280]PIE: Error: Blueprint Runtime Error: "Accessed None trying to read property K2Node_DynamicCast_AsPeoncito". Blueprint:  BarraVIda Function:  Get Text 0 Graph:  GetText_0 Node:  Return Node
[2025.07.16-14.27.22:142][281]PIE: Error: Blueprint Runtime Error: "Accessed None trying to read property K2Node_DynamicCast_AsPeoncito". Blueprint:  BarraVIda Function:  Get Text 0 Graph:  GetText_0 Node:  Return Node
[2025.07.16-14.27.22:159][282]PIE: Error: Blueprint Runtime Error: "Accessed None trying to read property K2Node_DynamicCast_AsPeoncito". Blueprint:  BarraVIda Function:  Get Text 0 Graph:  GetText_0 Node:  Return Node
[2025.07.16-14.27.22:175][283]PIE: Error: Blueprint Runtime Error: "Accessed None trying to read property K2Node_DynamicCast_AsPeoncito". Blueprint:  BarraVIda Function:  Get Text 0 Graph:  GetText_0 Node:  Return Node
[2025.07.16-14.27.22:192][284]PIE: Error: Blueprint Runtime Error: "Accessed None trying to read property K2Node_DynamicCast_AsPeoncito". Blueprint:  BarraVIda Function:  Get Text 0 Graph:  GetText_0 Node:  Return Node
[2025.07.16-14.27.22:210][285]PIE: Error: Blueprint Runtime Error: "Accessed None trying to read property K2Node_DynamicCast_AsPeoncito". Blueprint:  BarraVIda Function:  Get Text 0 Graph:  GetText_0 Node:  Return Node
[2025.07.16-14.27.22:227][286]PIE: Error: Blueprint Runtime Error: "Accessed None trying to read property K2Node_DynamicCast_AsPeoncito". Blueprint:  BarraVIda Function:  Get Text 0 Graph:  GetText_0 Node:  Return Node
[2025.07.16-14.27.22:242][287]PIE: Error: Blueprint Runtime Error: "Accessed None trying to read property K2Node_DynamicCast_AsPeoncito". Blueprint:  BarraVIda Function:  Get Text 0 Graph:  GetText_0 Node:  Return Node
[2025.07.16-14.27.22:260][288]PIE: Error: Blueprint Runtime Error: "Accessed None trying to read property K2Node_DynamicCast_AsPeoncito". Blueprint:  BarraVIda Function:  Get Text 0 Graph:  GetText_0 Node:  Return Node
[2025.07.16-14.27.22:274][289]PIE: Error: Blueprint Runtime Error: "Accessed None trying to read property K2Node_DynamicCast_AsPeoncito". Blueprint:  BarraVIda Function:  Get Text 0 Graph:  GetText_0 Node:  Return Node
[2025.07.16-14.27.22:292][290]PIE: Error: Blueprint Runtime Error: "Accessed None trying to read property K2Node_DynamicCast_AsPeoncito". Blueprint:  BarraVIda Function:  Get Text 0 Graph:  GetText_0 Node:  Return Node
[2025.07.16-14.27.22:308][291]PIE: Error: Blueprint Runtime Error: "Accessed None trying to read property K2Node_DynamicCast_AsPeoncito". Blueprint:  BarraVIda Function:  Get Text 0 Graph:  GetText_0 Node:  Return Node
[2025.07.16-14.27.22:326][292]PIE: Error: Blueprint Runtime Error: "Accessed None trying to read property K2Node_DynamicCast_AsPeoncito". Blueprint:  BarraVIda Function:  Get Text 0 Graph:  GetText_0 Node:  Return Node
[2025.07.16-14.27.22:342][293]PIE: Error: Blueprint Runtime Error: "Accessed None trying to read property K2Node_DynamicCast_AsPeoncito". Blueprint:  BarraVIda Function:  Get Text 0 Graph:  GetText_0 Node:  Return Node
[2025.07.16-14.27.22:358][294]PIE: Error: Blueprint Runtime Error: "Accessed None trying to read property K2Node_DynamicCast_AsPeoncito". Blueprint:  BarraVIda Function:  Get Text 0 Graph:  GetText_0 Node:  Return Node
[2025.07.16-14.27.22:375][295]PIE: Error: Blueprint Runtime Error: "Accessed None trying to read property K2Node_DynamicCast_AsPeoncito". Blueprint:  BarraVIda Function:  Get Text 0 Graph:  GetText_0 Node:  Return Node
[2025.07.16-14.27.22:393][296]PIE: Error: Blueprint Runtime Error: "Accessed None trying to read property K2Node_DynamicCast_AsPeoncito". Blueprint:  BarraVIda Function:  Get Text 0 Graph:  GetText_0 Node:  Return Node
[2025.07.16-14.27.22:409][297]PIE: Error: Blueprint Runtime Error: "Accessed None trying to read property K2Node_DynamicCast_AsPeoncito". Blueprint:  BarraVIda Function:  Get Text 0 Graph:  GetText_0 Node:  Return Node
[2025.07.16-14.27.22:426][298]PIE: Error: Blueprint Runtime Error: "Accessed None trying to read property K2Node_DynamicCast_AsPeoncito". Blueprint:  BarraVIda Function:  Get Text 0 Graph:  GetText_0 Node:  Return Node
[2025.07.16-14.27.22:442][299]PIE: Error: Blueprint Runtime Error: "Accessed None trying to read property K2Node_DynamicCast_AsPeoncito". Blueprint:  BarraVIda Function:  Get Text 0 Graph:  GetText_0 Node:  Return Node
[2025.07.16-14.27.22:459][300]PIE: Error: Blueprint Runtime Error: "Accessed None trying to read property K2Node_DynamicCast_AsPeoncito". Blueprint:  BarraVIda Function:  Get Text 0 Graph:  GetText_0 Node:  Return Node
[2025.07.16-14.27.22:474][301]PIE: Error: Blueprint Runtime Error: "Accessed None trying to read property K2Node_DynamicCast_AsPeoncito". Blueprint:  BarraVIda Function:  Get Text 0 Graph:  GetText_0 Node:  Return Node
[2025.07.16-14.27.22:492][302]PIE: Error: Blueprint Runtime Error: "Accessed None trying to read property K2Node_DynamicCast_AsPeoncito". Blueprint:  BarraVIda Function:  Get Text 0 Graph:  GetText_0 Node:  Return Node
[2025.07.16-14.27.22:508][303]PIE: Error: Blueprint Runtime Error: "Accessed None trying to read property K2Node_DynamicCast_AsPeoncito". Blueprint:  BarraVIda Function:  Get Text 0 Graph:  GetText_0 Node:  Return Node
[2025.07.16-14.27.22:525][304]PIE: Error: Blueprint Runtime Error: "Accessed None trying to read property K2Node_DynamicCast_AsPeoncito". Blueprint:  BarraVIda Function:  Get Text 0 Graph:  GetText_0 Node:  Return Node
[2025.07.16-14.27.22:541][305]PIE: Error: Blueprint Runtime Error: "Accessed None trying to read property K2Node_DynamicCast_AsPeoncito". Blueprint:  BarraVIda Function:  Get Text 0 Graph:  GetText_0 Node:  Return Node
[2025.07.16-14.27.22:560][306]PIE: Error: Blueprint Runtime Error: "Accessed None trying to read property K2Node_DynamicCast_AsPeoncito". Blueprint:  BarraVIda Function:  Get Text 0 Graph:  GetText_0 Node:  Return Node
[2025.07.16-14.27.22:575][307]PIE: Error: Blueprint Runtime Error: "Accessed None trying to read property K2Node_DynamicCast_AsPeoncito". Blueprint:  BarraVIda Function:  Get Text 0 Graph:  GetText_0 Node:  Return Node
[2025.07.16-14.27.22:592][308]PIE: Error: Blueprint Runtime Error: "Accessed None trying to read property K2Node_DynamicCast_AsPeoncito". Blueprint:  BarraVIda Function:  Get Text 0 Graph:  GetText_0 Node:  Return Node
[2025.07.16-14.27.22:609][309]PIE: Error: Blueprint Runtime Error: "Accessed None trying to read property K2Node_DynamicCast_AsPeoncito". Blueprint:  BarraVIda Function:  Get Text 0 Graph:  GetText_0 Node:  Return Node
[2025.07.16-14.27.22:625][310]PIE: Error: Blueprint Runtime Error: "Accessed None trying to read property K2Node_DynamicCast_AsPeoncito". Blueprint:  BarraVIda Function:  Get Text 0 Graph:  GetText_0 Node:  Return Node
[2025.07.16-14.27.22:642][311]PIE: Error: Blueprint Runtime Error: "Accessed None trying to read property K2Node_DynamicCast_AsPeoncito". Blueprint:  BarraVIda Function:  Get Text 0 Graph:  GetText_0 Node:  Return Node
[2025.07.16-14.27.22:659][312]PIE: Error: Blueprint Runtime Error: "Accessed None trying to read property K2Node_DynamicCast_AsPeoncito". Blueprint:  BarraVIda Function:  Get Text 0 Graph:  GetText_0 Node:  Return Node
[2025.07.16-14.27.22:675][313]PIE: Error: Blueprint Runtime Error: "Accessed None trying to read property K2Node_DynamicCast_AsPeoncito". Blueprint:  BarraVIda Function:  Get Text 0 Graph:  GetText_0 Node:  Return Node
[2025.07.16-14.27.22:691][314]PIE: Error: Blueprint Runtime Error: "Accessed None trying to read property K2Node_DynamicCast_AsPeoncito". Blueprint:  BarraVIda Function:  Get Text 0 Graph:  GetText_0 Node:  Return Node
[2025.07.16-14.27.22:709][315]PIE: Error: Blueprint Runtime Error: "Accessed None trying to read property K2Node_DynamicCast_AsPeoncito". Blueprint:  BarraVIda Function:  Get Text 0 Graph:  GetText_0 Node:  Return Node
[2025.07.16-14.27.22:725][316]PIE: Error: Blueprint Runtime Error: "Accessed None trying to read property K2Node_DynamicCast_AsPeoncito". Blueprint:  BarraVIda Function:  Get Text 0 Graph:  GetText_0 Node:  Return Node
[2025.07.16-14.27.22:741][317]PIE: Error: Blueprint Runtime Error: "Accessed None trying to read property K2Node_DynamicCast_AsPeoncito". Blueprint:  BarraVIda Function:  Get Text 0 Graph:  GetText_0 Node:  Return Node
[2025.07.16-14.27.22:758][318]PIE: Error: Blueprint Runtime Error: "Accessed None trying to read property K2Node_DynamicCast_AsPeoncito". Blueprint:  BarraVIda Function:  Get Text 0 Graph:  GetText_0 Node:  Return Node
[2025.07.16-14.27.22:775][319]PIE: Error: Blueprint Runtime Error: "Accessed None trying to read property K2Node_DynamicCast_AsPeoncito". Blueprint:  BarraVIda Function:  Get Text 0 Graph:  GetText_0 Node:  Return Node
[2025.07.16-14.27.22:791][320]PIE: Error: Blueprint Runtime Error: "Accessed None trying to read property K2Node_DynamicCast_AsPeoncito". Blueprint:  BarraVIda Function:  Get Text 0 Graph:  GetText_0 Node:  Return Node
[2025.07.16-14.27.22:808][321]PIE: Error: Blueprint Runtime Error: "Accessed None trying to read property K2Node_DynamicCast_AsPeoncito". Blueprint:  BarraVIda Function:  Get Text 0 Graph:  GetText_0 Node:  Return Node
[2025.07.16-14.27.22:825][322]PIE: Error: Blueprint Runtime Error: "Accessed None trying to read property K2Node_DynamicCast_AsPeoncito". Blueprint:  BarraVIda Function:  Get Text 0 Graph:  GetText_0 Node:  Return Node
[2025.07.16-14.27.22:842][323]PIE: Error: Blueprint Runtime Error: "Accessed None trying to read property K2Node_DynamicCast_AsPeoncito". Blueprint:  BarraVIda Function:  Get Text 0 Graph:  GetText_0 Node:  Return Node
[2025.07.16-14.27.22:858][324]PIE: Error: Blueprint Runtime Error: "Accessed None trying to read property K2Node_DynamicCast_AsPeoncito". Blueprint:  BarraVIda Function:  Get Text 0 Graph:  GetText_0 Node:  Return Node
[2025.07.16-14.27.22:876][325]PIE: Error: Blueprint Runtime Error: "Accessed None trying to read property K2Node_DynamicCast_AsPeoncito". Blueprint:  BarraVIda Function:  Get Text 0 Graph:  GetText_0 Node:  Return Node
[2025.07.16-14.27.22:892][326]PIE: Error: Blueprint Runtime Error: "Accessed None trying to read property K2Node_DynamicCast_AsPeoncito". Blueprint:  BarraVIda Function:  Get Text 0 Graph:  GetText_0 Node:  Return Node
[2025.07.16-14.27.22:909][327]PIE: Error: Blueprint Runtime Error: "Accessed None trying to read property K2Node_DynamicCast_AsPeoncito". Blueprint:  BarraVIda Function:  Get Text 0 Graph:  GetText_0 Node:  Return Node
[2025.07.16-14.27.22:925][328]PIE: Error: Blueprint Runtime Error: "Accessed None trying to read property K2Node_DynamicCast_AsPeoncito". Blueprint:  BarraVIda Function:  Get Text 0 Graph:  GetText_0 Node:  Return Node
[2025.07.16-14.27.22:943][329]PIE: Error: Blueprint Runtime Error: "Accessed None trying to read property K2Node_DynamicCast_AsPeoncito". Blueprint:  BarraVIda Function:  Get Text 0 Graph:  GetText_0 Node:  Return Node
[2025.07.16-14.27.22:959][330]PIE: Error: Blueprint Runtime Error: "Accessed None trying to read property K2Node_DynamicCast_AsPeoncito". Blueprint:  BarraVIda Function:  Get Text 0 Graph:  GetText_0 Node:  Return Node
[2025.07.16-14.27.22:976][331]PIE: Error: Blueprint Runtime Error: "Accessed None trying to read property K2Node_DynamicCast_AsPeoncito". Blueprint:  BarraVIda Function:  Get Text 0 Graph:  GetText_0 Node:  Return Node
[2025.07.16-14.27.22:992][332]PIE: Error: Blueprint Runtime Error: "Accessed None trying to read property K2Node_DynamicCast_AsPeoncito". Blueprint:  BarraVIda Function:  Get Text 0 Graph:  GetText_0 Node:  Return Node
[2025.07.16-14.27.23:008][333]PIE: Error: Blueprint Runtime Error: "Accessed None trying to read property K2Node_DynamicCast_AsPeoncito". Blueprint:  BarraVIda Function:  Get Text 0 Graph:  GetText_0 Node:  Return Node
[2025.07.16-14.27.23:026][334]PIE: Error: Blueprint Runtime Error: "Accessed None trying to read property K2Node_DynamicCast_AsPeoncito". Blueprint:  BarraVIda Function:  Get Text 0 Graph:  GetText_0 Node:  Return Node
[2025.07.16-14.27.23:041][335]PIE: Error: Blueprint Runtime Error: "Accessed None trying to read property K2Node_DynamicCast_AsPeoncito". Blueprint:  BarraVIda Function:  Get Text 0 Graph:  GetText_0 Node:  Return Node
[2025.07.16-14.27.23:059][336]PIE: Error: Blueprint Runtime Error: "Accessed None trying to read property K2Node_DynamicCast_AsPeoncito". Blueprint:  BarraVIda Function:  Get Text 0 Graph:  GetText_0 Node:  Return Node
[2025.07.16-14.27.23:075][337]PIE: Error: Blueprint Runtime Error: "Accessed None trying to read property K2Node_DynamicCast_AsPeoncito". Blueprint:  BarraVIda Function:  Get Text 0 Graph:  GetText_0 Node:  Return Node
[2025.07.16-14.27.23:094][338]PIE: Error: Blueprint Runtime Error: "Accessed None trying to read property K2Node_DynamicCast_AsPeoncito". Blueprint:  BarraVIda Function:  Get Text 0 Graph:  GetText_0 Node:  Return Node
[2025.07.16-14.27.23:112][339]PIE: Error: Blueprint Runtime Error: "Accessed None trying to read property K2Node_DynamicCast_AsPeoncito". Blueprint:  BarraVIda Function:  Get Text 0 Graph:  GetText_0 Node:  Return Node
[2025.07.16-14.27.23:129][340]PIE: Error: Blueprint Runtime Error: "Accessed None trying to read property K2Node_DynamicCast_AsPeoncito". Blueprint:  BarraVIda Function:  Get Text 0 Graph:  GetText_0 Node:  Return Node
[2025.07.16-14.27.23:145][341]PIE: Error: Blueprint Runtime Error: "Accessed None trying to read property K2Node_DynamicCast_AsPeoncito". Blueprint:  BarraVIda Function:  Get Text 0 Graph:  GetText_0 Node:  Return Node
[2025.07.16-14.27.23:162][342]PIE: Error: Blueprint Runtime Error: "Accessed None trying to read property K2Node_DynamicCast_AsPeoncito". Blueprint:  BarraVIda Function:  Get Text 0 Graph:  GetText_0 Node:  Return Node
[2025.07.16-14.27.23:178][343]PIE: Error: Blueprint Runtime Error: "Accessed None trying to read property K2Node_DynamicCast_AsPeoncito". Blueprint:  BarraVIda Function:  Get Text 0 Graph:  GetText_0 Node:  Return Node
[2025.07.16-14.27.23:195][344]PIE: Error: Blueprint Runtime Error: "Accessed None trying to read property K2Node_DynamicCast_AsPeoncito". Blueprint:  BarraVIda Function:  Get Text 0 Graph:  GetText_0 Node:  Return Node
[2025.07.16-14.27.23:211][345]PIE: Error: Blueprint Runtime Error: "Accessed None trying to read property K2Node_DynamicCast_AsPeoncito". Blueprint:  BarraVIda Function:  Get Text 0 Graph:  GetText_0 Node:  Return Node
[2025.07.16-14.27.23:228][346]PIE: Error: Blueprint Runtime Error: "Accessed None trying to read property K2Node_DynamicCast_AsPeoncito". Blueprint:  BarraVIda Function:  Get Text 0 Graph:  GetText_0 Node:  Return Node
[2025.07.16-14.27.23:243][347]PIE: Error: Blueprint Runtime Error: "Accessed None trying to read property K2Node_DynamicCast_AsPeoncito". Blueprint:  BarraVIda Function:  Get Text 0 Graph:  GetText_0 Node:  Return Node
[2025.07.16-14.27.23:261][348]PIE: Error: Blueprint Runtime Error: "Accessed None trying to read property K2Node_DynamicCast_AsPeoncito". Blueprint:  BarraVIda Function:  Get Text 0 Graph:  GetText_0 Node:  Return Node
[2025.07.16-14.27.23:276][349]PIE: Error: Blueprint Runtime Error: "Accessed None trying to read property K2Node_DynamicCast_AsPeoncito". Blueprint:  BarraVIda Function:  Get Text 0 Graph:  GetText_0 Node:  Return Node
[2025.07.16-14.27.23:293][350]PIE: Error: Blueprint Runtime Error: "Accessed None trying to read property K2Node_DynamicCast_AsPeoncito". Blueprint:  BarraVIda Function:  Get Text 0 Graph:  GetText_0 Node:  Return Node
[2025.07.16-14.27.23:310][351]PIE: Error: Blueprint Runtime Error: "Accessed None trying to read property K2Node_DynamicCast_AsPeoncito". Blueprint:  BarraVIda Function:  Get Text 0 Graph:  GetText_0 Node:  Return Node
[2025.07.16-14.27.23:326][352]PIE: Error: Blueprint Runtime Error: "Accessed None trying to read property K2Node_DynamicCast_AsPeoncito". Blueprint:  BarraVIda Function:  Get Text 0 Graph:  GetText_0 Node:  Return Node
[2025.07.16-14.27.23:343][353]PIE: Error: Blueprint Runtime Error: "Accessed None trying to read property K2Node_DynamicCast_AsPeoncito". Blueprint:  BarraVIda Function:  Get Text 0 Graph:  GetText_0 Node:  Return Node
[2025.07.16-14.27.23:359][354]PIE: Error: Blueprint Runtime Error: "Accessed None trying to read property K2Node_DynamicCast_AsPeoncito". Blueprint:  BarraVIda Function:  Get Text 0 Graph:  GetText_0 Node:  Return Node
[2025.07.16-14.27.23:376][355]PIE: Error: Blueprint Runtime Error: "Accessed None trying to read property K2Node_DynamicCast_AsPeoncito". Blueprint:  BarraVIda Function:  Get Text 0 Graph:  GetText_0 Node:  Return Node
[2025.07.16-14.27.23:393][356]PIE: Error: Blueprint Runtime Error: "Accessed None trying to read property K2Node_DynamicCast_AsPeoncito". Blueprint:  BarraVIda Function:  Get Text 0 Graph:  GetText_0 Node:  Return Node
[2025.07.16-14.27.23:410][357]PIE: Error: Blueprint Runtime Error: "Accessed None trying to read property K2Node_DynamicCast_AsPeoncito". Blueprint:  BarraVIda Function:  Get Text 0 Graph:  GetText_0 Node:  Return Node
[2025.07.16-14.27.23:425][358]PIE: Error: Blueprint Runtime Error: "Accessed None trying to read property K2Node_DynamicCast_AsPeoncito". Blueprint:  BarraVIda Function:  Get Text 0 Graph:  GetText_0 Node:  Return Node
[2025.07.16-14.27.23:443][359]PIE: Error: Blueprint Runtime Error: "Accessed None trying to read property K2Node_DynamicCast_AsPeoncito". Blueprint:  BarraVIda Function:  Get Text 0 Graph:  GetText_0 Node:  Return Node
[2025.07.16-14.27.23:459][360]PIE: Error: Blueprint Runtime Error: "Accessed None trying to read property K2Node_DynamicCast_AsPeoncito". Blueprint:  BarraVIda Function:  Get Text 0 Graph:  GetText_0 Node:  Return Node
[2025.07.16-14.27.23:476][361]PIE: Error: Blueprint Runtime Error: "Accessed None trying to read property K2Node_DynamicCast_AsPeoncito". Blueprint:  BarraVIda Function:  Get Text 0 Graph:  GetText_0 Node:  Return Node
[2025.07.16-14.27.23:492][362]PIE: Error: Blueprint Runtime Error: "Accessed None trying to read property K2Node_DynamicCast_AsPeoncito". Blueprint:  BarraVIda Function:  Get Text 0 Graph:  GetText_0 Node:  Return Node
[2025.07.16-14.27.23:510][363]PIE: Error: Blueprint Runtime Error: "Accessed None trying to read property K2Node_DynamicCast_AsPeoncito". Blueprint:  BarraVIda Function:  Get Text 0 Graph:  GetText_0 Node:  Return Node
[2025.07.16-14.27.23:526][364]PIE: Error: Blueprint Runtime Error: "Accessed None trying to read property K2Node_DynamicCast_AsPeoncito". Blueprint:  BarraVIda Function:  Get Text 0 Graph:  GetText_0 Node:  Return Node
[2025.07.16-14.27.23:543][365]PIE: Error: Blueprint Runtime Error: "Accessed None trying to read property K2Node_DynamicCast_AsPeoncito". Blueprint:  BarraVIda Function:  Get Text 0 Graph:  GetText_0 Node:  Return Node
[2025.07.16-14.27.23:559][366]PIE: Error: Blueprint Runtime Error: "Accessed None trying to read property K2Node_DynamicCast_AsPeoncito". Blueprint:  BarraVIda Function:  Get Text 0 Graph:  GetText_0 Node:  Return Node
[2025.07.16-14.27.23:576][367]PIE: Error: Blueprint Runtime Error: "Accessed None trying to read property K2Node_DynamicCast_AsPeoncito". Blueprint:  BarraVIda Function:  Get Text 0 Graph:  GetText_0 Node:  Return Node
[2025.07.16-14.27.23:592][368]PIE: Error: Blueprint Runtime Error: "Accessed None trying to read property K2Node_DynamicCast_AsPeoncito". Blueprint:  BarraVIda Function:  Get Text 0 Graph:  GetText_0 Node:  Return Node
[2025.07.16-14.27.23:610][369]PIE: Error: Blueprint Runtime Error: "Accessed None trying to read property K2Node_DynamicCast_AsPeoncito". Blueprint:  BarraVIda Function:  Get Text 0 Graph:  GetText_0 Node:  Return Node
[2025.07.16-14.27.23:625][370]PIE: Error: Blueprint Runtime Error: "Accessed None trying to read property K2Node_DynamicCast_AsPeoncito". Blueprint:  BarraVIda Function:  Get Text 0 Graph:  GetText_0 Node:  Return Node
[2025.07.16-14.27.23:642][371]PIE: Error: Blueprint Runtime Error: "Accessed None trying to read property K2Node_DynamicCast_AsPeoncito". Blueprint:  BarraVIda Function:  Get Text 0 Graph:  GetText_0 Node:  Return Node
[2025.07.16-14.27.23:659][372]PIE: Error: Blueprint Runtime Error: "Accessed None trying to read property K2Node_DynamicCast_AsPeoncito". Blueprint:  BarraVIda Function:  Get Text 0 Graph:  GetText_0 Node:  Return Node
[2025.07.16-14.27.23:676][373]PIE: Error: Blueprint Runtime Error: "Accessed None trying to read property K2Node_DynamicCast_AsPeoncito". Blueprint:  BarraVIda Function:  Get Text 0 Graph:  GetText_0 Node:  Return Node
[2025.07.16-14.27.23:693][374]PIE: Error: Blueprint Runtime Error: "Accessed None trying to read property K2Node_DynamicCast_AsPeoncito". Blueprint:  BarraVIda Function:  Get Text 0 Graph:  GetText_0 Node:  Return Node
[2025.07.16-14.27.23:710][375]PIE: Error: Blueprint Runtime Error: "Accessed None trying to read property K2Node_DynamicCast_AsPeoncito". Blueprint:  BarraVIda Function:  Get Text 0 Graph:  GetText_0 Node:  Return Node
[2025.07.16-14.27.23:726][376]PIE: Error: Blueprint Runtime Error: "Accessed None trying to read property K2Node_DynamicCast_AsPeoncito". Blueprint:  BarraVIda Function:  Get Text 0 Graph:  GetText_0 Node:  Return Node
[2025.07.16-14.27.23:743][377]PIE: Error: Blueprint Runtime Error: "Accessed None trying to read property K2Node_DynamicCast_AsPeoncito". Blueprint:  BarraVIda Function:  Get Text 0 Graph:  GetText_0 Node:  Return Node
[2025.07.16-14.27.23:759][378]PIE: Error: Blueprint Runtime Error: "Accessed None trying to read property K2Node_DynamicCast_AsPeoncito". Blueprint:  BarraVIda Function:  Get Text 0 Graph:  GetText_0 Node:  Return Node
[2025.07.16-14.27.23:776][379]PIE: Error: Blueprint Runtime Error: "Accessed None trying to read property K2Node_DynamicCast_AsPeoncito". Blueprint:  BarraVIda Function:  Get Text 0 Graph:  GetText_0 Node:  Return Node
[2025.07.16-14.27.23:793][380]PIE: Error: Blueprint Runtime Error: "Accessed None trying to read property K2Node_DynamicCast_AsPeoncito". Blueprint:  BarraVIda Function:  Get Text 0 Graph:  GetText_0 Node:  Return Node
[2025.07.16-14.27.23:811][381]PIE: Error: Blueprint Runtime Error: "Accessed None trying to read property K2Node_DynamicCast_AsPeoncito". Blueprint:  BarraVIda Function:  Get Text 0 Graph:  GetText_0 Node:  Return Node
[2025.07.16-14.27.23:826][382]PIE: Error: Blueprint Runtime Error: "Accessed None trying to read property K2Node_DynamicCast_AsPeoncito". Blueprint:  BarraVIda Function:  Get Text 0 Graph:  GetText_0 Node:  Return Node
[2025.07.16-14.27.23:843][383]PIE: Error: Blueprint Runtime Error: "Accessed None trying to read property K2Node_DynamicCast_AsPeoncito". Blueprint:  BarraVIda Function:  Get Text 0 Graph:  GetText_0 Node:  Return Node
[2025.07.16-14.27.23:860][384]PIE: Error: Blueprint Runtime Error: "Accessed None trying to read property K2Node_DynamicCast_AsPeoncito". Blueprint:  BarraVIda Function:  Get Text 0 Graph:  GetText_0 Node:  Return Node
[2025.07.16-14.27.23:877][385]PIE: Error: Blueprint Runtime Error: "Accessed None trying to read property K2Node_DynamicCast_AsPeoncito". Blueprint:  BarraVIda Function:  Get Text 0 Graph:  GetText_0 Node:  Return Node
[2025.07.16-14.27.23:894][386]PIE: Error: Blueprint Runtime Error: "Accessed None trying to read property K2Node_DynamicCast_AsPeoncito". Blueprint:  BarraVIda Function:  Get Text 0 Graph:  GetText_0 Node:  Return Node
[2025.07.16-14.27.23:910][387]PIE: Error: Blueprint Runtime Error: "Accessed None trying to read property K2Node_DynamicCast_AsPeoncito". Blueprint:  BarraVIda Function:  Get Text 0 Graph:  GetText_0 Node:  Return Node
[2025.07.16-14.27.23:927][388]PIE: Error: Blueprint Runtime Error: "Accessed None trying to read property K2Node_DynamicCast_AsPeoncito". Blueprint:  BarraVIda Function:  Get Text 0 Graph:  GetText_0 Node:  Return Node
[2025.07.16-14.27.23:944][389]PIE: Error: Blueprint Runtime Error: "Accessed None trying to read property K2Node_DynamicCast_AsPeoncito". Blueprint:  BarraVIda Function:  Get Text 0 Graph:  GetText_0 Node:  Return Node
[2025.07.16-14.27.23:960][390]PIE: Error: Blueprint Runtime Error: "Accessed None trying to read property K2Node_DynamicCast_AsPeoncito". Blueprint:  BarraVIda Function:  Get Text 0 Graph:  GetText_0 Node:  Return Node
[2025.07.16-14.27.23:977][391]PIE: Error: Blueprint Runtime Error: "Accessed None trying to read property K2Node_DynamicCast_AsPeoncito". Blueprint:  BarraVIda Function:  Get Text 0 Graph:  GetText_0 Node:  Return Node
[2025.07.16-14.27.23:993][392]PIE: Error: Blueprint Runtime Error: "Accessed None trying to read property K2Node_DynamicCast_AsPeoncito". Blueprint:  BarraVIda Function:  Get Text 0 Graph:  GetText_0 Node:  Return Node
[2025.07.16-14.27.24:010][393]PIE: Error: Blueprint Runtime Error: "Accessed None trying to read property K2Node_DynamicCast_AsPeoncito". Blueprint:  BarraVIda Function:  Get Text 0 Graph:  GetText_0 Node:  Return Node
[2025.07.16-14.27.24:026][394]PIE: Error: Blueprint Runtime Error: "Accessed None trying to read property K2Node_DynamicCast_AsPeoncito". Blueprint:  BarraVIda Function:  Get Text 0 Graph:  GetText_0 Node:  Return Node
[2025.07.16-14.27.24:043][395]PIE: Error: Blueprint Runtime Error: "Accessed None trying to read property K2Node_DynamicCast_AsPeoncito". Blueprint:  BarraVIda Function:  Get Text 0 Graph:  GetText_0 Node:  Return Node
[2025.07.16-14.27.24:060][396]PIE: Error: Blueprint Runtime Error: "Accessed None trying to read property K2Node_DynamicCast_AsPeoncito". Blueprint:  BarraVIda Function:  Get Text 0 Graph:  GetText_0 Node:  Return Node
[2025.07.16-14.27.24:077][397]PIE: Error: Blueprint Runtime Error: "Accessed None trying to read property K2Node_DynamicCast_AsPeoncito". Blueprint:  BarraVIda Function:  Get Text 0 Graph:  GetText_0 Node:  Return Node
[2025.07.16-14.27.24:093][398]PIE: Error: Blueprint Runtime Error: "Accessed None trying to read property K2Node_DynamicCast_AsPeoncito". Blueprint:  BarraVIda Function:  Get Text 0 Graph:  GetText_0 Node:  Return Node
[2025.07.16-14.27.24:110][399]PIE: Error: Blueprint Runtime Error: "Accessed None trying to read property K2Node_DynamicCast_AsPeoncito". Blueprint:  BarraVIda Function:  Get Text 0 Graph:  GetText_0 Node:  Return Node
[2025.07.16-14.27.24:126][400]PIE: Error: Blueprint Runtime Error: "Accessed None trying to read property K2Node_DynamicCast_AsPeoncito". Blueprint:  BarraVIda Function:  Get Text 0 Graph:  GetText_0 Node:  Return Node
[2025.07.16-14.27.24:143][401]PIE: Error: Blueprint Runtime Error: "Accessed None trying to read property K2Node_DynamicCast_AsPeoncito". Blueprint:  BarraVIda Function:  Get Text 0 Graph:  GetText_0 Node:  Return Node
[2025.07.16-14.27.24:159][402]PIE: Error: Blueprint Runtime Error: "Accessed None trying to read property K2Node_DynamicCast_AsPeoncito". Blueprint:  BarraVIda Function:  Get Text 0 Graph:  GetText_0 Node:  Return Node
[2025.07.16-14.27.24:178][403]PIE: Error: Blueprint Runtime Error: "Accessed None trying to read property K2Node_DynamicCast_AsPeoncito". Blueprint:  BarraVIda Function:  Get Text 0 Graph:  GetText_0 Node:  Return Node
[2025.07.16-14.27.24:193][404]PIE: Error: Blueprint Runtime Error: "Accessed None trying to read property K2Node_DynamicCast_AsPeoncito". Blueprint:  BarraVIda Function:  Get Text 0 Graph:  GetText_0 Node:  Return Node
[2025.07.16-14.27.24:210][405]PIE: Error: Blueprint Runtime Error: "Accessed None trying to read property K2Node_DynamicCast_AsPeoncito". Blueprint:  BarraVIda Function:  Get Text 0 Graph:  GetText_0 Node:  Return Node
[2025.07.16-14.27.24:226][406]PIE: Error: Blueprint Runtime Error: "Accessed None trying to read property K2Node_DynamicCast_AsPeoncito". Blueprint:  BarraVIda Function:  Get Text 0 Graph:  GetText_0 Node:  Return Node
[2025.07.16-14.27.24:243][407]PIE: Error: Blueprint Runtime Error: "Accessed None trying to read property K2Node_DynamicCast_AsPeoncito". Blueprint:  BarraVIda Function:  Get Text 0 Graph:  GetText_0 Node:  Return Node
[2025.07.16-14.27.24:261][408]PIE: Error: Blueprint Runtime Error: "Accessed None trying to read property K2Node_DynamicCast_AsPeoncito". Blueprint:  BarraVIda Function:  Get Text 0 Graph:  GetText_0 Node:  Return Node
[2025.07.16-14.27.24:279][409]PIE: Error: Blueprint Runtime Error: "Accessed None trying to read property K2Node_DynamicCast_AsPeoncito". Blueprint:  BarraVIda Function:  Get Text 0 Graph:  GetText_0 Node:  Return Node
[2025.07.16-14.27.24:294][410]PIE: Error: Blueprint Runtime Error: "Accessed None trying to read property K2Node_DynamicCast_AsPeoncito". Blueprint:  BarraVIda Function:  Get Text 0 Graph:  GetText_0 Node:  Return Node
[2025.07.16-14.27.24:312][411]PIE: Error: Blueprint Runtime Error: "Accessed None trying to read property K2Node_DynamicCast_AsPeoncito". Blueprint:  BarraVIda Function:  Get Text 0 Graph:  GetText_0 Node:  Return Node
[2025.07.16-14.27.24:327][412]PIE: Error: Blueprint Runtime Error: "Accessed None trying to read property K2Node_DynamicCast_AsPeoncito". Blueprint:  BarraVIda Function:  Get Text 0 Graph:  GetText_0 Node:  Return Node
[2025.07.16-14.27.24:344][413]PIE: Error: Blueprint Runtime Error: "Accessed None trying to read property K2Node_DynamicCast_AsPeoncito". Blueprint:  BarraVIda Function:  Get Text 0 Graph:  GetText_0 Node:  Return Node
[2025.07.16-14.27.24:360][414]PIE: Error: Blueprint Runtime Error: "Accessed None trying to read property K2Node_DynamicCast_AsPeoncito". Blueprint:  BarraVIda Function:  Get Text 0 Graph:  GetText_0 Node:  Return Node
[2025.07.16-14.27.24:378][415]PIE: Error: Blueprint Runtime Error: "Accessed None trying to read property K2Node_DynamicCast_AsPeoncito". Blueprint:  BarraVIda Function:  Get Text 0 Graph:  GetText_0 Node:  Return Node
[2025.07.16-14.27.24:393][416]PIE: Error: Blueprint Runtime Error: "Accessed None trying to read property K2Node_DynamicCast_AsPeoncito". Blueprint:  BarraVIda Function:  Get Text 0 Graph:  GetText_0 Node:  Return Node
[2025.07.16-14.27.24:410][417]PIE: Error: Blueprint Runtime Error: "Accessed None trying to read property K2Node_DynamicCast_AsPeoncito". Blueprint:  BarraVIda Function:  Get Text 0 Graph:  GetText_0 Node:  Return Node
[2025.07.16-14.27.24:427][418]PIE: Error: Blueprint Runtime Error: "Accessed None trying to read property K2Node_DynamicCast_AsPeoncito". Blueprint:  BarraVIda Function:  Get Text 0 Graph:  GetText_0 Node:  Return Node
[2025.07.16-14.27.24:444][419]PIE: Error: Blueprint Runtime Error: "Accessed None trying to read property K2Node_DynamicCast_AsPeoncito". Blueprint:  BarraVIda Function:  Get Text 0 Graph:  GetText_0 Node:  Return Node
[2025.07.16-14.27.24:461][420]PIE: Error: Blueprint Runtime Error: "Accessed None trying to read property K2Node_DynamicCast_AsPeoncito". Blueprint:  BarraVIda Function:  Get Text 0 Graph:  GetText_0 Node:  Return Node
[2025.07.16-14.27.24:478][421]PIE: Error: Blueprint Runtime Error: "Accessed None trying to read property K2Node_DynamicCast_AsPeoncito". Blueprint:  BarraVIda Function:  Get Text 0 Graph:  GetText_0 Node:  Return Node
[2025.07.16-14.27.24:493][422]PIE: Error: Blueprint Runtime Error: "Accessed None trying to read property K2Node_DynamicCast_AsPeoncito". Blueprint:  BarraVIda Function:  Get Text 0 Graph:  GetText_0 Node:  Return Node
[2025.07.16-14.27.24:510][423]PIE: Error: Blueprint Runtime Error: "Accessed None trying to read property K2Node_DynamicCast_AsPeoncito". Blueprint:  BarraVIda Function:  Get Text 0 Graph:  GetText_0 Node:  Return Node
[2025.07.16-14.27.24:527][424]PIE: Error: Blueprint Runtime Error: "Accessed None trying to read property K2Node_DynamicCast_AsPeoncito". Blueprint:  BarraVIda Function:  Get Text 0 Graph:  GetText_0 Node:  Return Node
[2025.07.16-14.27.24:542][425]PIE: Error: Blueprint Runtime Error: "Accessed None trying to read property K2Node_DynamicCast_AsPeoncito". Blueprint:  BarraVIda Function:  Get Text 0 Graph:  GetText_0 Node:  Return Node
[2025.07.16-14.27.24:559][426]PIE: Error: Blueprint Runtime Error: "Accessed None trying to read property K2Node_DynamicCast_AsPeoncito". Blueprint:  BarraVIda Function:  Get Text 0 Graph:  GetText_0 Node:  Return Node
[2025.07.16-14.27.24:576][427]PIE: Error: Blueprint Runtime Error: "Accessed None trying to read property K2Node_DynamicCast_AsPeoncito". Blueprint:  BarraVIda Function:  Get Text 0 Graph:  GetText_0 Node:  Return Node
[2025.07.16-14.27.24:592][428]PIE: Error: Blueprint Runtime Error: "Accessed None trying to read property K2Node_DynamicCast_AsPeoncito". Blueprint:  BarraVIda Function:  Get Text 0 Graph:  GetText_0 Node:  Return Node
[2025.07.16-14.27.24:610][429]PIE: Error: Blueprint Runtime Error: "Accessed None trying to read property K2Node_DynamicCast_AsPeoncito". Blueprint:  BarraVIda Function:  Get Text 0 Graph:  GetText_0 Node:  Return Node
[2025.07.16-14.27.24:626][430]PIE: Error: Blueprint Runtime Error: "Accessed None trying to read property K2Node_DynamicCast_AsPeoncito". Blueprint:  BarraVIda Function:  Get Text 0 Graph:  GetText_0 Node:  Return Node
[2025.07.16-14.27.24:644][431]PIE: Error: Blueprint Runtime Error: "Accessed None trying to read property K2Node_DynamicCast_AsPeoncito". Blueprint:  BarraVIda Function:  Get Text 0 Graph:  GetText_0 Node:  Return Node
[2025.07.16-14.27.24:660][432]PIE: Error: Blueprint Runtime Error: "Accessed None trying to read property K2Node_DynamicCast_AsPeoncito". Blueprint:  BarraVIda Function:  Get Text 0 Graph:  GetText_0 Node:  Return Node
[2025.07.16-14.27.24:677][433]PIE: Error: Blueprint Runtime Error: "Accessed None trying to read property K2Node_DynamicCast_AsPeoncito". Blueprint:  BarraVIda Function:  Get Text 0 Graph:  GetText_0 Node:  Return Node
[2025.07.16-14.27.24:694][434]PIE: Error: Blueprint Runtime Error: "Accessed None trying to read property K2Node_DynamicCast_AsPeoncito". Blueprint:  BarraVIda Function:  Get Text 0 Graph:  GetText_0 Node:  Return Node
[2025.07.16-14.27.24:711][435]PIE: Error: Blueprint Runtime Error: "Accessed None trying to read property K2Node_DynamicCast_AsPeoncito". Blueprint:  BarraVIda Function:  Get Text 0 Graph:  GetText_0 Node:  Return Node
[2025.07.16-14.27.24:726][436]PIE: Error: Blueprint Runtime Error: "Accessed None trying to read property K2Node_DynamicCast_AsPeoncito". Blueprint:  BarraVIda Function:  Get Text 0 Graph:  GetText_0 Node:  Return Node
[2025.07.16-14.27.24:744][437]PIE: Error: Blueprint Runtime Error: "Accessed None trying to read property K2Node_DynamicCast_AsPeoncito". Blueprint:  BarraVIda Function:  Get Text 0 Graph:  GetText_0 Node:  Return Node
[2025.07.16-14.27.24:761][438]PIE: Error: Blueprint Runtime Error: "Accessed None trying to read property K2Node_DynamicCast_AsPeoncito". Blueprint:  BarraVIda Function:  Get Text 0 Graph:  GetText_0 Node:  Return Node
[2025.07.16-14.27.24:777][439]PIE: Error: Blueprint Runtime Error: "Accessed None trying to read property K2Node_DynamicCast_AsPeoncito". Blueprint:  BarraVIda Function:  Get Text 0 Graph:  GetText_0 Node:  Return Node
[2025.07.16-14.27.24:794][440]PIE: Error: Blueprint Runtime Error: "Accessed None trying to read property K2Node_DynamicCast_AsPeoncito". Blueprint:  BarraVIda Function:  Get Text 0 Graph:  GetText_0 Node:  Return Node
[2025.07.16-14.27.24:811][441]PIE: Error: Blueprint Runtime Error: "Accessed None trying to read property K2Node_DynamicCast_AsPeoncito". Blueprint:  BarraVIda Function:  Get Text 0 Graph:  GetText_0 Node:  Return Node
[2025.07.16-14.27.24:828][442]PIE: Error: Blueprint Runtime Error: "Accessed None trying to read property K2Node_DynamicCast_AsPeoncito". Blueprint:  BarraVIda Function:  Get Text 0 Graph:  GetText_0 Node:  Return Node
[2025.07.16-14.27.24:844][443]PIE: Error: Blueprint Runtime Error: "Accessed None trying to read property K2Node_DynamicCast_AsPeoncito". Blueprint:  BarraVIda Function:  Get Text 0 Graph:  GetText_0 Node:  Return Node
[2025.07.16-14.27.24:860][444]PIE: Error: Blueprint Runtime Error: "Accessed None trying to read property K2Node_DynamicCast_AsPeoncito". Blueprint:  BarraVIda Function:  Get Text 0 Graph:  GetText_0 Node:  Return Node
[2025.07.16-14.27.24:878][445]PIE: Error: Blueprint Runtime Error: "Accessed None trying to read property K2Node_DynamicCast_AsPeoncito". Blueprint:  BarraVIda Function:  Get Text 0 Graph:  GetText_0 Node:  Return Node
[2025.07.16-14.27.24:895][446]PIE: Error: Blueprint Runtime Error: "Accessed None trying to read property K2Node_DynamicCast_AsPeoncito". Blueprint:  BarraVIda Function:  Get Text 0 Graph:  GetText_0 Node:  Return Node
[2025.07.16-14.27.24:911][447]PIE: Error: Blueprint Runtime Error: "Accessed None trying to read property K2Node_DynamicCast_AsPeoncito". Blueprint:  BarraVIda Function:  Get Text 0 Graph:  GetText_0 Node:  Return Node
[2025.07.16-14.27.24:927][448]PIE: Error: Blueprint Runtime Error: "Accessed None trying to read property K2Node_DynamicCast_AsPeoncito". Blueprint:  BarraVIda Function:  Get Text 0 Graph:  GetText_0 Node:  Return Node
[2025.07.16-14.27.24:944][449]PIE: Error: Blueprint Runtime Error: "Accessed None trying to read property K2Node_DynamicCast_AsPeoncito". Blueprint:  BarraVIda Function:  Get Text 0 Graph:  GetText_0 Node:  Return Node
[2025.07.16-14.27.24:961][450]PIE: Error: Blueprint Runtime Error: "Accessed None trying to read property K2Node_DynamicCast_AsPeoncito". Blueprint:  BarraVIda Function:  Get Text 0 Graph:  GetText_0 Node:  Return Node
[2025.07.16-14.27.24:977][451]PIE: Error: Blueprint Runtime Error: "Accessed None trying to read property K2Node_DynamicCast_AsPeoncito". Blueprint:  BarraVIda Function:  Get Text 0 Graph:  GetText_0 Node:  Return Node
[2025.07.16-14.27.24:994][452]PIE: Error: Blueprint Runtime Error: "Accessed None trying to read property K2Node_DynamicCast_AsPeoncito". Blueprint:  BarraVIda Function:  Get Text 0 Graph:  GetText_0 Node:  Return Node
[2025.07.16-14.27.25:011][453]PIE: Error: Blueprint Runtime Error: "Accessed None trying to read property K2Node_DynamicCast_AsPeoncito". Blueprint:  BarraVIda Function:  Get Text 0 Graph:  GetText_0 Node:  Return Node
[2025.07.16-14.27.25:028][454]PIE: Error: Blueprint Runtime Error: "Accessed None trying to read property K2Node_DynamicCast_AsPeoncito". Blueprint:  BarraVIda Function:  Get Text 0 Graph:  GetText_0 Node:  Return Node
[2025.07.16-14.27.25:044][455]PIE: Error: Blueprint Runtime Error: "Accessed None trying to read property K2Node_DynamicCast_AsPeoncito". Blueprint:  BarraVIda Function:  Get Text 0 Graph:  GetText_0 Node:  Return Node
[2025.07.16-14.27.25:060][456]PIE: Error: Blueprint Runtime Error: "Accessed None trying to read property K2Node_DynamicCast_AsPeoncito". Blueprint:  BarraVIda Function:  Get Text 0 Graph:  GetText_0 Node:  Return Node
[2025.07.16-14.27.25:078][457]PIE: Error: Blueprint Runtime Error: "Accessed None trying to read property K2Node_DynamicCast_AsPeoncito". Blueprint:  BarraVIda Function:  Get Text 0 Graph:  GetText_0 Node:  Return Node
[2025.07.16-14.27.25:094][458]PIE: Error: Blueprint Runtime Error: "Accessed None trying to read property K2Node_DynamicCast_AsPeoncito". Blueprint:  BarraVIda Function:  Get Text 0 Graph:  GetText_0 Node:  Return Node
[2025.07.16-14.27.25:111][459]PIE: Error: Blueprint Runtime Error: "Accessed None trying to read property K2Node_DynamicCast_AsPeoncito". Blueprint:  BarraVIda Function:  Get Text 0 Graph:  GetText_0 Node:  Return Node
[2025.07.16-14.27.25:129][460]PIE: Error: Blueprint Runtime Error: "Accessed None trying to read property K2Node_DynamicCast_AsPeoncito". Blueprint:  BarraVIda Function:  Get Text 0 Graph:  GetText_0 Node:  Return Node
[2025.07.16-14.27.25:145][461]PIE: Error: Blueprint Runtime Error: "Accessed None trying to read property K2Node_DynamicCast_AsPeoncito". Blueprint:  BarraVIda Function:  Get Text 0 Graph:  GetText_0 Node:  Return Node
[2025.07.16-14.27.25:162][462]PIE: Error: Blueprint Runtime Error: "Accessed None trying to read property K2Node_DynamicCast_AsPeoncito". Blueprint:  BarraVIda Function:  Get Text 0 Graph:  GetText_0 Node:  Return Node
[2025.07.16-14.27.25:178][463]PIE: Error: Blueprint Runtime Error: "Accessed None trying to read property K2Node_DynamicCast_AsPeoncito". Blueprint:  BarraVIda Function:  Get Text 0 Graph:  GetText_0 Node:  Return Node
[2025.07.16-14.27.25:195][464]PIE: Error: Blueprint Runtime Error: "Accessed None trying to read property K2Node_DynamicCast_AsPeoncito". Blueprint:  BarraVIda Function:  Get Text 0 Graph:  GetText_0 Node:  Return Node
[2025.07.16-14.27.25:212][465]PIE: Error: Blueprint Runtime Error: "Accessed None trying to read property K2Node_DynamicCast_AsPeoncito". Blueprint:  BarraVIda Function:  Get Text 0 Graph:  GetText_0 Node:  Return Node
[2025.07.16-14.27.25:227][466]PIE: Error: Blueprint Runtime Error: "Accessed None trying to read property K2Node_DynamicCast_AsPeoncito". Blueprint:  BarraVIda Function:  Get Text 0 Graph:  GetText_0 Node:  Return Node
[2025.07.16-14.27.25:244][467]PIE: Error: Blueprint Runtime Error: "Accessed None trying to read property K2Node_DynamicCast_AsPeoncito". Blueprint:  BarraVIda Function:  Get Text 0 Graph:  GetText_0 Node:  Return Node
[2025.07.16-14.27.25:261][468]PIE: Error: Blueprint Runtime Error: "Accessed None trying to read property K2Node_DynamicCast_AsPeoncito". Blueprint:  BarraVIda Function:  Get Text 0 Graph:  GetText_0 Node:  Return Node
[2025.07.16-14.27.25:278][469]PIE: Error: Blueprint Runtime Error: "Accessed None trying to read property K2Node_DynamicCast_AsPeoncito". Blueprint:  BarraVIda Function:  Get Text 0 Graph:  GetText_0 Node:  Return Node
[2025.07.16-14.27.25:295][470]PIE: Error: Blueprint Runtime Error: "Accessed None trying to read property K2Node_DynamicCast_AsPeoncito". Blueprint:  BarraVIda Function:  Get Text 0 Graph:  GetText_0 Node:  Return Node
[2025.07.16-14.27.25:312][471]PIE: Error: Blueprint Runtime Error: "Accessed None trying to read property K2Node_DynamicCast_AsPeoncito". Blueprint:  BarraVIda Function:  Get Text 0 Graph:  GetText_0 Node:  Return Node
[2025.07.16-14.27.25:327][472]PIE: Error: Blueprint Runtime Error: "Accessed None trying to read property K2Node_DynamicCast_AsPeoncito". Blueprint:  BarraVIda Function:  Get Text 0 Graph:  GetText_0 Node:  Return Node
[2025.07.16-14.27.25:344][473]PIE: Error: Blueprint Runtime Error: "Accessed None trying to read property K2Node_DynamicCast_AsPeoncito". Blueprint:  BarraVIda Function:  Get Text 0 Graph:  GetText_0 Node:  Return Node
[2025.07.16-14.27.25:360][474]PIE: Error: Blueprint Runtime Error: "Accessed None trying to read property K2Node_DynamicCast_AsPeoncito". Blueprint:  BarraVIda Function:  Get Text 0 Graph:  GetText_0 Node:  Return Node
[2025.07.16-14.27.25:377][475]PIE: Error: Blueprint Runtime Error: "Accessed None trying to read property K2Node_DynamicCast_AsPeoncito". Blueprint:  BarraVIda Function:  Get Text 0 Graph:  GetText_0 Node:  Return Node
[2025.07.16-14.27.25:394][476]PIE: Error: Blueprint Runtime Error: "Accessed None trying to read property K2Node_DynamicCast_AsPeoncito". Blueprint:  BarraVIda Function:  Get Text 0 Graph:  GetText_0 Node:  Return Node
[2025.07.16-14.27.25:411][477]PIE: Error: Blueprint Runtime Error: "Accessed None trying to read property K2Node_DynamicCast_AsPeoncito". Blueprint:  BarraVIda Function:  Get Text 0 Graph:  GetText_0 Node:  Return Node
[2025.07.16-14.27.25:427][478]PIE: Error: Blueprint Runtime Error: "Accessed None trying to read property K2Node_DynamicCast_AsPeoncito". Blueprint:  BarraVIda Function:  Get Text 0 Graph:  GetText_0 Node:  Return Node
[2025.07.16-14.27.25:444][479]PIE: Error: Blueprint Runtime Error: "Accessed None trying to read property K2Node_DynamicCast_AsPeoncito". Blueprint:  BarraVIda Function:  Get Text 0 Graph:  GetText_0 Node:  Return Node
[2025.07.16-14.27.25:460][480]PIE: Error: Blueprint Runtime Error: "Accessed None trying to read property K2Node_DynamicCast_AsPeoncito". Blueprint:  BarraVIda Function:  Get Text 0 Graph:  GetText_0 Node:  Return Node
[2025.07.16-14.27.25:478][481]PIE: Error: Blueprint Runtime Error: "Accessed None trying to read property K2Node_DynamicCast_AsPeoncito". Blueprint:  BarraVIda Function:  Get Text 0 Graph:  GetText_0 Node:  Return Node
[2025.07.16-14.27.25:493][482]PIE: Error: Blueprint Runtime Error: "Accessed None trying to read property K2Node_DynamicCast_AsPeoncito". Blueprint:  BarraVIda Function:  Get Text 0 Graph:  GetText_0 Node:  Return Node
[2025.07.16-14.27.25:510][483]PIE: Error: Blueprint Runtime Error: "Accessed None trying to read property K2Node_DynamicCast_AsPeoncito". Blueprint:  BarraVIda Function:  Get Text 0 Graph:  GetText_0 Node:  Return Node
[2025.07.16-14.27.25:526][484]PIE: Error: Blueprint Runtime Error: "Accessed None trying to read property K2Node_DynamicCast_AsPeoncito". Blueprint:  BarraVIda Function:  Get Text 0 Graph:  GetText_0 Node:  Return Node
[2025.07.16-14.27.25:543][485]PIE: Error: Blueprint Runtime Error: "Accessed None trying to read property K2Node_DynamicCast_AsPeoncito". Blueprint:  BarraVIda Function:  Get Text 0 Graph:  GetText_0 Node:  Return Node
[2025.07.16-14.27.25:559][486]PIE: Error: Blueprint Runtime Error: "Accessed None trying to read property K2Node_DynamicCast_AsPeoncito". Blueprint:  BarraVIda Function:  Get Text 0 Graph:  GetText_0 Node:  Return Node
[2025.07.16-14.27.25:576][487]PIE: Error: Blueprint Runtime Error: "Accessed None trying to read property K2Node_DynamicCast_AsPeoncito". Blueprint:  BarraVIda Function:  Get Text 0 Graph:  GetText_0 Node:  Return Node
[2025.07.16-14.27.25:593][488]PIE: Error: Blueprint Runtime Error: "Accessed None trying to read property K2Node_DynamicCast_AsPeoncito". Blueprint:  BarraVIda Function:  Get Text 0 Graph:  GetText_0 Node:  Return Node
[2025.07.16-14.27.25:611][489]PIE: Error: Blueprint Runtime Error: "Accessed None trying to read property K2Node_DynamicCast_AsPeoncito". Blueprint:  BarraVIda Function:  Get Text 0 Graph:  GetText_0 Node:  Return Node
[2025.07.16-14.27.25:628][490]PIE: Error: Blueprint Runtime Error: "Accessed None trying to read property K2Node_DynamicCast_AsPeoncito". Blueprint:  BarraVIda Function:  Get Text 0 Graph:  GetText_0 Node:  Return Node
[2025.07.16-14.27.25:645][491]PIE: Error: Blueprint Runtime Error: "Accessed None trying to read property K2Node_DynamicCast_AsPeoncito". Blueprint:  BarraVIda Function:  Get Text 0 Graph:  GetText_0 Node:  Return Node
[2025.07.16-14.27.25:660][492]PIE: Error: Blueprint Runtime Error: "Accessed None trying to read property K2Node_DynamicCast_AsPeoncito". Blueprint:  BarraVIda Function:  Get Text 0 Graph:  GetText_0 Node:  Return Node
[2025.07.16-14.27.25:678][493]PIE: Error: Blueprint Runtime Error: "Accessed None trying to read property K2Node_DynamicCast_AsPeoncito". Blueprint:  BarraVIda Function:  Get Text 0 Graph:  GetText_0 Node:  Return Node
[2025.07.16-14.27.25:694][494]PIE: Error: Blueprint Runtime Error: "Accessed None trying to read property K2Node_DynamicCast_AsPeoncito". Blueprint:  BarraVIda Function:  Get Text 0 Graph:  GetText_0 Node:  Return Node
[2025.07.16-14.27.25:711][495]PIE: Error: Blueprint Runtime Error: "Accessed None trying to read property K2Node_DynamicCast_AsPeoncito". Blueprint:  BarraVIda Function:  Get Text 0 Graph:  GetText_0 Node:  Return Node
[2025.07.16-14.27.25:727][496]PIE: Error: Blueprint Runtime Error: "Accessed None trying to read property K2Node_DynamicCast_AsPeoncito". Blueprint:  BarraVIda Function:  Get Text 0 Graph:  GetText_0 Node:  Return Node
[2025.07.16-14.27.25:744][497]PIE: Error: Blueprint Runtime Error: "Accessed None trying to read property K2Node_DynamicCast_AsPeoncito". Blueprint:  BarraVIda Function:  Get Text 0 Graph:  GetText_0 Node:  Return Node
[2025.07.16-14.27.25:760][498]PIE: Error: Blueprint Runtime Error: "Accessed None trying to read property K2Node_DynamicCast_AsPeoncito". Blueprint:  BarraVIda Function:  Get Text 0 Graph:  GetText_0 Node:  Return Node
[2025.07.16-14.27.25:777][499]PIE: Error: Blueprint Runtime Error: "Accessed None trying to read property K2Node_DynamicCast_AsPeoncito". Blueprint:  BarraVIda Function:  Get Text 0 Graph:  GetText_0 Node:  Return Node
[2025.07.16-14.27.25:793][500]PIE: Error: Blueprint Runtime Error: "Accessed None trying to read property K2Node_DynamicCast_AsPeoncito". Blueprint:  BarraVIda Function:  Get Text 0 Graph:  GetText_0 Node:  Return Node
[2025.07.16-14.27.25:810][501]PIE: Error: Blueprint Runtime Error: "Accessed None trying to read property K2Node_DynamicCast_AsPeoncito". Blueprint:  BarraVIda Function:  Get Text 0 Graph:  GetText_0 Node:  Return Node
[2025.07.16-14.27.25:826][502]PIE: Error: Blueprint Runtime Error: "Accessed None trying to read property K2Node_DynamicCast_AsPeoncito". Blueprint:  BarraVIda Function:  Get Text 0 Graph:  GetText_0 Node:  Return Node
[2025.07.16-14.27.25:844][503]PIE: Error: Blueprint Runtime Error: "Accessed None trying to read property K2Node_DynamicCast_AsPeoncito". Blueprint:  BarraVIda Function:  Get Text 0 Graph:  GetText_0 Node:  Return Node
[2025.07.16-14.27.25:860][504]PIE: Error: Blueprint Runtime Error: "Accessed None trying to read property K2Node_DynamicCast_AsPeoncito". Blueprint:  BarraVIda Function:  Get Text 0 Graph:  GetText_0 Node:  Return Node
[2025.07.16-14.27.25:877][505]PIE: Error: Blueprint Runtime Error: "Accessed None trying to read property K2Node_DynamicCast_AsPeoncito". Blueprint:  BarraVIda Function:  Get Text 0 Graph:  GetText_0 Node:  Return Node
[2025.07.16-14.27.25:893][506]PIE: Error: Blueprint Runtime Error: "Accessed None trying to read property K2Node_DynamicCast_AsPeoncito". Blueprint:  BarraVIda Function:  Get Text 0 Graph:  GetText_0 Node:  Return Node
[2025.07.16-14.27.25:910][507]PIE: Error: Blueprint Runtime Error: "Accessed None trying to read property K2Node_DynamicCast_AsPeoncito". Blueprint:  BarraVIda Function:  Get Text 0 Graph:  GetText_0 Node:  Return Node
[2025.07.16-14.27.25:927][508]PIE: Error: Blueprint Runtime Error: "Accessed None trying to read property K2Node_DynamicCast_AsPeoncito". Blueprint:  BarraVIda Function:  Get Text 0 Graph:  GetText_0 Node:  Return Node
[2025.07.16-14.27.25:944][509]PIE: Error: Blueprint Runtime Error: "Accessed None trying to read property K2Node_DynamicCast_AsPeoncito". Blueprint:  BarraVIda Function:  Get Text 0 Graph:  GetText_0 Node:  Return Node
[2025.07.16-14.27.25:961][510]PIE: Error: Blueprint Runtime Error: "Accessed None trying to read property K2Node_DynamicCast_AsPeoncito". Blueprint:  BarraVIda Function:  Get Text 0 Graph:  GetText_0 Node:  Return Node
[2025.07.16-14.27.25:978][511]PIE: Error: Blueprint Runtime Error: "Accessed None trying to read property K2Node_DynamicCast_AsPeoncito". Blueprint:  BarraVIda Function:  Get Text 0 Graph:  GetText_0 Node:  Return Node
[2025.07.16-14.27.25:995][512]PIE: Error: Blueprint Runtime Error: "Accessed None trying to read property K2Node_DynamicCast_AsPeoncito". Blueprint:  BarraVIda Function:  Get Text 0 Graph:  GetText_0 Node:  Return Node
[2025.07.16-14.27.26:011][513]PIE: Error: Blueprint Runtime Error: "Accessed None trying to read property K2Node_DynamicCast_AsPeoncito". Blueprint:  BarraVIda Function:  Get Text 0 Graph:  GetText_0 Node:  Return Node
[2025.07.16-14.27.26:027][514]PIE: Error: Blueprint Runtime Error: "Accessed None trying to read property K2Node_DynamicCast_AsPeoncito". Blueprint:  BarraVIda Function:  Get Text 0 Graph:  GetText_0 Node:  Return Node
[2025.07.16-14.27.26:044][515]PIE: Error: Blueprint Runtime Error: "Accessed None trying to read property K2Node_DynamicCast_AsPeoncito". Blueprint:  BarraVIda Function:  Get Text 0 Graph:  GetText_0 Node:  Return Node
[2025.07.16-14.27.26:061][516]PIE: Error: Blueprint Runtime Error: "Accessed None trying to read property K2Node_DynamicCast_AsPeoncito". Blueprint:  BarraVIda Function:  Get Text 0 Graph:  GetText_0 Node:  Return Node
[2025.07.16-14.27.26:078][517]PIE: Error: Blueprint Runtime Error: "Accessed None trying to read property K2Node_DynamicCast_AsPeoncito". Blueprint:  BarraVIda Function:  Get Text 0 Graph:  GetText_0 Node:  Return Node
[2025.07.16-14.27.26:095][518]PIE: Error: Blueprint Runtime Error: "Accessed None trying to read property K2Node_DynamicCast_AsPeoncito". Blueprint:  BarraVIda Function:  Get Text 0 Graph:  GetText_0 Node:  Return Node
[2025.07.16-14.27.26:112][519]PIE: Error: Blueprint Runtime Error: "Accessed None trying to read property K2Node_DynamicCast_AsPeoncito". Blueprint:  BarraVIda Function:  Get Text 0 Graph:  GetText_0 Node:  Return Node
[2025.07.16-14.27.26:129][520]PIE: Error: Blueprint Runtime Error: "Accessed None trying to read property K2Node_DynamicCast_AsPeoncito". Blueprint:  BarraVIda Function:  Get Text 0 Graph:  GetText_0 Node:  Return Node
[2025.07.16-14.27.26:145][521]PIE: Error: Blueprint Runtime Error: "Accessed None trying to read property K2Node_DynamicCast_AsPeoncito". Blueprint:  BarraVIda Function:  Get Text 0 Graph:  GetText_0 Node:  Return Node
[2025.07.16-14.27.26:161][522]PIE: Error: Blueprint Runtime Error: "Accessed None trying to read property K2Node_DynamicCast_AsPeoncito". Blueprint:  BarraVIda Function:  Get Text 0 Graph:  GetText_0 Node:  Return Node
[2025.07.16-14.27.26:178][523]PIE: Error: Blueprint Runtime Error: "Accessed None trying to read property K2Node_DynamicCast_AsPeoncito". Blueprint:  BarraVIda Function:  Get Text 0 Graph:  GetText_0 Node:  Return Node
[2025.07.16-14.27.26:194][524]PIE: Error: Blueprint Runtime Error: "Accessed None trying to read property K2Node_DynamicCast_AsPeoncito". Blueprint:  BarraVIda Function:  Get Text 0 Graph:  GetText_0 Node:  Return Node
[2025.07.16-14.27.26:211][525]PIE: Error: Blueprint Runtime Error: "Accessed None trying to read property K2Node_DynamicCast_AsPeoncito". Blueprint:  BarraVIda Function:  Get Text 0 Graph:  GetText_0 Node:  Return Node
[2025.07.16-14.27.26:228][526]PIE: Error: Blueprint Runtime Error: "Accessed None trying to read property K2Node_DynamicCast_AsPeoncito". Blueprint:  BarraVIda Function:  Get Text 0 Graph:  GetText_0 Node:  Return Node
[2025.07.16-14.27.26:244][527]PIE: Error: Blueprint Runtime Error: "Accessed None trying to read property K2Node_DynamicCast_AsPeoncito". Blueprint:  BarraVIda Function:  Get Text 0 Graph:  GetText_0 Node:  Return Node
[2025.07.16-14.27.26:260][528]PIE: Error: Blueprint Runtime Error: "Accessed None trying to read property K2Node_DynamicCast_AsPeoncito". Blueprint:  BarraVIda Function:  Get Text 0 Graph:  GetText_0 Node:  Return Node
[2025.07.16-14.27.26:277][529]PIE: Error: Blueprint Runtime Error: "Accessed None trying to read property K2Node_DynamicCast_AsPeoncito". Blueprint:  BarraVIda Function:  Get Text 0 Graph:  GetText_0 Node:  Return Node
[2025.07.16-14.27.26:293][530]PIE: Error: Blueprint Runtime Error: "Accessed None trying to read property K2Node_DynamicCast_AsPeoncito". Blueprint:  BarraVIda Function:  Get Text 0 Graph:  GetText_0 Node:  Return Node
[2025.07.16-14.27.26:311][531]PIE: Error: Blueprint Runtime Error: "Accessed None trying to read property K2Node_DynamicCast_AsPeoncito". Blueprint:  BarraVIda Function:  Get Text 0 Graph:  GetText_0 Node:  Return Node
[2025.07.16-14.27.26:327][532]PIE: Error: Blueprint Runtime Error: "Accessed None trying to read property K2Node_DynamicCast_AsPeoncito". Blueprint:  BarraVIda Function:  Get Text 0 Graph:  GetText_0 Node:  Return Node
[2025.07.16-14.27.26:343][533]PIE: Error: Blueprint Runtime Error: "Accessed None trying to read property K2Node_DynamicCast_AsPeoncito". Blueprint:  BarraVIda Function:  Get Text 0 Graph:  GetText_0 Node:  Return Node
[2025.07.16-14.27.26:360][534]PIE: Error: Blueprint Runtime Error: "Accessed None trying to read property K2Node_DynamicCast_AsPeoncito". Blueprint:  BarraVIda Function:  Get Text 0 Graph:  GetText_0 Node:  Return Node
[2025.07.16-14.27.26:377][535]PIE: Error: Blueprint Runtime Error: "Accessed None trying to read property K2Node_DynamicCast_AsPeoncito". Blueprint:  BarraVIda Function:  Get Text 0 Graph:  GetText_0 Node:  Return Node
[2025.07.16-14.27.26:392][536]PIE: Error: Blueprint Runtime Error: "Accessed None trying to read property K2Node_DynamicCast_AsPeoncito". Blueprint:  BarraVIda Function:  Get Text 0 Graph:  GetText_0 Node:  Return Node
[2025.07.16-14.27.26:414][537]PIE: Error: Blueprint Runtime Error: "Accessed None trying to read property K2Node_DynamicCast_AsPeoncito". Blueprint:  BarraVIda Function:  Get Text 0 Graph:  GetText_0 Node:  Return Node
[2025.07.16-14.27.26:430][538]PIE: Error: Blueprint Runtime Error: "Accessed None trying to read property K2Node_DynamicCast_AsPeoncito". Blueprint:  BarraVIda Function:  Get Text 0 Graph:  GetText_0 Node:  Return Node
[2025.07.16-14.27.26:448][539]PIE: Error: Blueprint Runtime Error: "Accessed None trying to read property K2Node_DynamicCast_AsPeoncito". Blueprint:  BarraVIda Function:  Get Text 0 Graph:  GetText_0 Node:  Return Node
[2025.07.16-14.27.26:462][540]PIE: Error: Blueprint Runtime Error: "Accessed None trying to read property K2Node_DynamicCast_AsPeoncito". Blueprint:  BarraVIda Function:  Get Text 0 Graph:  GetText_0 Node:  Return Node
[2025.07.16-14.27.26:478][541]PIE: Error: Blueprint Runtime Error: "Accessed None trying to read property K2Node_DynamicCast_AsPeoncito". Blueprint:  BarraVIda Function:  Get Text 0 Graph:  GetText_0 Node:  Return Node
[2025.07.16-14.27.26:494][542]PIE: Error: Blueprint Runtime Error: "Accessed None trying to read property K2Node_DynamicCast_AsPeoncito". Blueprint:  BarraVIda Function:  Get Text 0 Graph:  GetText_0 Node:  Return Node
[2025.07.16-14.27.26:576][543]LogSlate: Updating window title bar state: overlay mode, drag disabled, window buttons hidden, title bar hidden
[2025.07.16-14.27.26:576][543]LogWorld: BeginTearingDown for /Game/ThirdPersonBP/Maps/UEDPIE_0_GanasteLevel
[2025.07.16-14.27.26:576][543]LogWorld: UWorld::CleanupWorld for GanasteLevel, bSessionEnded=true, bCleanupResources=true
[2025.07.16-14.27.26:577][543]LogSlate: InvalidateAllWidgets triggered.  All widgets were invalidated
[2025.07.16-14.27.26:596][543]LogPlayLevel: Display: Shutting down PIE online subsystems
[2025.07.16-14.27.26:629][543]LogSlate: InvalidateAllWidgets triggered.  All widgets were invalidated
[2025.07.16-14.27.26:634][543]LogSlate: Updating window title bar state: overlay mode, drag disabled, window buttons hidden, title bar hidden
[2025.07.16-14.27.26:634][543]LogAudioMixer: FMixerPlatformXAudio2::StopAudioStream() called
[2025.07.16-14.27.26:635][543]LogAudioMixer: FMixerPlatformXAudio2::StopAudioStream() called
[2025.07.16-14.27.26:640][543]LogUObjectHash: Compacting FUObjectHashTables data took   0.71ms
[2025.07.16-14.27.26:872][544]LogPlayLevel: Display: Destroying online subsystem :Context_20
[2025.07.16-14.27.29:409][678]LogSlate: Window 'Message Log' being destroyed
[2025.07.16-14.27.29:435][678]LogSlate: Window 'Message Log' being destroyed
[2025.07.16-14.28.01:458][214]LogUObjectHash: Compacting FUObjectHashTables data took   0.82ms
[2025.07.16-14.28.01:528][214]LogSavePackage: Moving '../../../../../UTN-e-learning/Unreal-Engine/Unreal-Projects/TP_PreEntrega/Saved/ThirdPersonExampleMapA56EDC7A46559D4A7C1B0EB5F7EB1902.tmp' to '../../../../../UTN-e-learning/Unreal-Engine/Unreal-Projects/TP_PreEntrega/Content/ThirdPersonBP/Maps/ThirdPersonExampleMap.umap'
[2025.07.16-14.28.01:713][214]LogSavePackage: Moving '../../../../../UTN-e-learning/Unreal-Engine/Unreal-Projects/TP_PreEntrega/Saved/ThirdPersonExampleMap_BuiltData7EDE79C649037E95C33690B72A8DBF44.tmp' to '../../../../../UTN-e-learning/Unreal-Engine/Unreal-Projects/TP_PreEntrega/Content/ThirdPersonBP/Maps/ThirdPersonExampleMap_BuiltData.uasset'
[2025.07.16-14.28.01:731][214]AssetCheck: New page: Asset Save: multiple assets
[2025.07.16-14.28.01:731][214]LogContentValidation: Display: Validating MapBuildDataRegistry /Game/ThirdPersonBP/Maps/ThirdPersonExampleMap_BuiltData.ThirdPersonExampleMap_BuiltData
[2025.07.16-14.28.01:731][214]LogContentValidation: Display: Validating World /Game/ThirdPersonBP/Maps/ThirdPersonExampleMap.ThirdPersonExampleMap
[2025.07.16-16.48.45:521][508]LogAudioMixer: Warning: Changing default audio render device to new device: {0.0.0.00000000}.{7f7cd5cc-8f9c-4fb5-bf02-ac65999e3cc4}.
[2025.07.16-16.48.45:521][508]LogAudioMixer: Resetting audio stream to device id 
[2025.07.16-16.48.45:561][508]LogAudioMixer: Display: 0: FrontLeft
[2025.07.16-16.48.45:561][508]LogAudioMixer: Display: 1: FrontRight
[2025.07.16-16.48.46:117][508]LogAudioMixer: Error: XAudio2 Error: XAudio2System->CreateMasteringVoice( &OutputAudioStreamMasteringVoice, AudioStreamInfo.DeviceInfo.NumChannels, AudioStreamInfo.DeviceInfo.SampleRate, 0, nullptr, nullptr, AudioCategory_GameEffects) -> 0x88960001: La operación se completó correctamente. (line: 1291)
[2025.07.16-16.48.46:121][509]LogAudioMixer: Warning: Changing default audio render device to new device: {0.0.0.00000000}.{73bdfe24-9d22-4e6d-8917-14719591f5a6}.
[2025.07.16-16.48.46:131][509]LogAudioMixer: Resetting audio stream to device id 
[2025.07.16-16.48.46:182][509]LogAudioMixer: Display: 0: FrontLeft
[2025.07.16-16.48.46:182][509]LogAudioMixer: Display: 1: FrontRight
[2025.07.16-16.48.46:477][510]LogAudioMixer: Resetting audio stream to device id 
[2025.07.16-16.48.46:499][510]LogAudioMixer: Display: 0: FrontLeft
[2025.07.16-16.48.46:500][510]LogAudioMixer: Display: 1: FrontRight
[2025.07.16-17.07.21:196][836]LogAudioMixer: Warning: Changing default audio render device to new device: {0.0.0.00000000}.{7f7cd5cc-8f9c-4fb5-bf02-ac65999e3cc4}.
[2025.07.16-17.07.21:196][836]LogAudioMixer: Resetting audio stream to device id 
[2025.07.16-17.07.21:230][836]LogAudioMixer: Display: 0: FrontLeft
[2025.07.16-17.07.21:230][836]LogAudioMixer: Display: 1: FrontRight
[2025.07.16-20.22.22:159][745]LogWindowsTextInputMethodSystem: Display: IME system deactivated.
[2025.07.16-20.22.22:159][745]LogWindowsTextInputMethodSystem: Display: IME system deactivated.
[2025.07.16-20.22.24:276][848]LogTemp: Repeating last play command: Selected Viewport
[2025.07.16-20.22.24:319][848]LogPlayLevel: PlayLevel: No blueprints needed recompiling
[2025.07.16-20.22.24:320][848]PIE: New page: PIE session: ThirdPersonExampleMap (Jul 16, 2025, 2:22:24 PM)
[2025.07.16-20.22.24:361][848]LogPlayLevel: Creating play world package: /Game/ThirdPersonBP/Maps/UEDPIE_0_ThirdPersonExampleMap
[2025.07.16-20.22.24:399][848]LogPlayLevel: PIE: StaticDuplicateObject took: (0.036769s)
[2025.07.16-20.22.24:402][848]LogAIModule: Creating AISystem for world ThirdPersonExampleMap
[2025.07.16-20.22.24:403][848]LogPlayLevel: PIE: World Init took: (0.004000s)
[2025.07.16-20.22.24:403][848]LogPlayLevel: PIE: Created PIE world by copying editor world from /Game/ThirdPersonBP/Maps/ThirdPersonExampleMap.ThirdPersonExampleMap to /Game/ThirdPersonBP/Maps/UEDPIE_0_ThirdPersonExampleMap.ThirdPersonExampleMap (0.041983s)
[2025.07.16-20.22.24:430][848]LogUObjectHash: Compacting FUObjectHashTables data took   2.86ms
[2025.07.16-20.22.24:440][848]LogAudio: Display: Creating Audio Device:                 Id: 5, Scope: Unique, Realtime: True
[2025.07.16-20.22.24:440][848]LogAudioMixer: Display: Audio Mixer Platform Settings:
[2025.07.16-20.22.24:440][848]LogAudioMixer: Display: 	Sample Rate:						  48000
[2025.07.16-20.22.24:440][848]LogAudioMixer: Display: 	Callback Buffer Frame Size Requested: 1024
[2025.07.16-20.22.24:440][848]LogAudioMixer: Display: 	Callback Buffer Frame Size To Use:	  1024
[2025.07.16-20.22.24:440][848]LogAudioMixer: Display: 	Number of buffers to queue:			  2
[2025.07.16-20.22.24:440][848]LogAudioMixer: Display: 	Max Channels (voices):				  32
[2025.07.16-20.22.24:440][848]LogAudioMixer: Display: 	Number of Async Source Workers:		  0
[2025.07.16-20.22.24:440][848]LogAudio: Display: AudioDevice MaxSources: 32
[2025.07.16-20.22.24:442][848]LogAudio: Display: Audio Spatialization Plugin: None (built-in).
[2025.07.16-20.22.24:442][848]LogAudio: Display: Audio Reverb Plugin: None (built-in).
[2025.07.16-20.22.24:442][848]LogAudio: Display: Audio Occlusion Plugin: None (built-in).
[2025.07.16-20.22.24:442][848]LogAudioMixer: Display: Initializing audio mixer.
[2025.07.16-20.22.24:448][848]LogAudioMixer: Display: 0: FrontLeft
[2025.07.16-20.22.24:448][848]LogAudioMixer: Display: 1: FrontRight
[2025.07.16-20.22.24:468][848]LogAudioMixer: Display: Using Audio Device Headphones (SOUNDPEATS Opera05 Stereo)
[2025.07.16-20.22.24:469][848]LogAudioMixer: Display: Initializing Sound Submixes...
[2025.07.16-20.22.24:469][848]LogAudioMixer: Display: Creating Master Submix 'MasterSubmixDefault'
[2025.07.16-20.22.24:469][848]LogAudioMixer: Display: Creating Master Submix 'MasterReverbSubmixDefault'
[2025.07.16-20.22.24:474][848]LogAudioMixer: Display: Creating Master Submix 'MasterEQSubmixDefault'
[2025.07.16-20.22.24:474][848]LogAudioMixer: FMixerPlatformXAudio2::StartAudioStream() called
[2025.07.16-20.22.24:475][848]LogAudioMixer: Display: Output buffers initialized: Frames=1024, Channels=2, Samples=2048
[2025.07.16-20.22.24:477][848]LogAudioMixer: Display: Starting AudioMixerPlatformInterface::RunInternal()
[2025.07.16-20.22.24:477][848]LogAudioMixer: Display: FMixerPlatformXAudio2::SubmitBuffer() called for the first time
[2025.07.16-20.22.24:477][848]LogInit: FAudioDevice initialized.
[2025.07.16-20.22.24:477][848]LogAudio: Display: Audio Device (ID: 5) registered with world 'ThirdPersonExampleMap'.
[2025.07.16-20.22.24:499][848]LogLoad: Game class is 'ReglasJuego_C'
[2025.07.16-20.22.24:513][848]LogWorld: Bringing World /Game/ThirdPersonBP/Maps/UEDPIE_0_ThirdPersonExampleMap.ThirdPersonExampleMap up for play (max tick rate 60) at 2025.07.16-17.22.24
[2025.07.16-20.22.24:514][848]LogWorld: Bringing up level for play took: 0.013487
[2025.07.16-20.22.24:514][848]LogOnline: OSS: Creating online subsystem instance for: :Context_21
[2025.07.16-20.22.24:518][848]LogBlueprintUserMessages: [plataforma_2] Buenas buenas!
[2025.07.16-20.22.24:523][848]PIE: Server logged in
[2025.07.16-20.22.24:524][848]PIE: Play in editor total start time 0.222 seconds.
[2025.07.16-20.22.29:241][124]LogSlate: Updating window title bar state: overlay mode, drag disabled, window buttons hidden, title bar hidden
[2025.07.16-20.22.29:241][124]LogWorld: BeginTearingDown for /Game/ThirdPersonBP/Maps/UEDPIE_0_ThirdPersonExampleMap
[2025.07.16-20.22.29:241][124]LogWorld: UWorld::CleanupWorld for ThirdPersonExampleMap, bSessionEnded=true, bCleanupResources=true
[2025.07.16-20.22.29:242][124]LogSlate: InvalidateAllWidgets triggered.  All widgets were invalidated
[2025.07.16-20.22.29:253][124]LogPlayLevel: Display: Shutting down PIE online subsystems
[2025.07.16-20.22.29:299][124]LogSlate: InvalidateAllWidgets triggered.  All widgets were invalidated
[2025.07.16-20.22.29:307][124]LogSlate: Updating window title bar state: overlay mode, drag disabled, window buttons hidden, title bar hidden
[2025.07.16-20.22.29:309][124]LogAudioMixer: FMixerPlatformXAudio2::StopAudioStream() called
[2025.07.16-20.22.29:310][124]LogAudioMixer: FMixerPlatformXAudio2::StopAudioStream() called
[2025.07.16-20.22.29:317][124]LogUObjectHash: Compacting FUObjectHashTables data took   0.94ms
[2025.07.16-20.22.29:369][125]LogPlayLevel: Display: Destroying online subsystem :Context_21
[2025.07.16-20.22.32:821][298]LogMaterial: Display: Missing cached shadermap for M_Wood_Oak in PCD3D_SM5, Default, SM5 (DDC key hash: 25F079B23A8779D893B35C99558A0C014F5F8752), compiling. 
[2025.07.16-20.22.32:856][298]LogShaderCompilers: Display: Submitted 25 shader compile jobs with 'Low' priority
[2025.07.16-20.22.32:863][298]LogShaderCompilers: Display: Worker (1/5): shaders left to compile 25
[2025.07.16-20.22.32:864][298]LogShaderCompilers: Display: Worker (2/5): shaders left to compile 18
[2025.07.16-20.22.32:864][298]LogShaderCompilers: Display: Worker (3/5): shaders left to compile 11
[2025.07.16-20.22.32:864][298]LogShaderCompilers: Display: Worker (4/5): shaders left to compile 4
[2025.07.16-20.22.32:864][298]LogShaderCompilers: Display: Started 25 'Local' shader compile jobs with 'Low' priority
[2025.07.16-20.22.32:907][298]LogAssetEditorSubsystem: Opening Asset editor for Blueprint /Game/ThirdPersonBP/Blueprints/blueprints/CharacterChild.CharacterChild
[2025.07.16-20.22.33:661][298]LogNativeClassHierarchy: Verbose: Native class hierarchy updated for 'BlueprintGraph' in 0.0045 seconds. Added 126 classes and 0 folders.
[2025.07.16-20.22.36:750][298]LogMaterial: Display: Material /Game/StarterContent/Materials/M_Wood_Walnut.M_Wood_Walnut needed to have new flag set bUsedWithSkeletalMesh !
[2025.07.16-20.22.36:753][298]LogMaterial: Display: Missing cached shadermap for M_Wood_Walnut in PCD3D_SM5, Default, SM5 (DDC key hash: C7C1B6B1D2C7FA14C83961967BE525A9ACB28078), compiling. 
[2025.07.16-20.22.36:833][298]LogShaderCompilers: Display: Submitted 41 shader compile jobs with 'Low' priority
[2025.07.16-20.22.36:834][298]LogMaterial: Display: Material /Game/StarterContent/Materials/M_Wood_Oak.M_Wood_Oak needed to have new flag set bUsedWithSkeletalMesh !
[2025.07.16-20.22.36:836][298]LogMaterial: Display: Missing cached shadermap for M_Wood_Oak in PCD3D_SM5, Default, SM5 (DDC key hash: A7BF1A4B9ABE3D6A3EAA640F0F45116C10699613), compiling. 
[2025.07.16-20.22.36:924][298]LogShaderCompilers: Display: Submitted 16 shader compile jobs with 'Low' priority
[2025.07.16-20.22.36:925][298]LogMaterial: Display: Material /Game/StarterContent/Materials/M_Metal_Copper.M_Metal_Copper needed to have new flag set bUsedWithSkeletalMesh !
[2025.07.16-20.22.36:929][298]LogMaterial: Display: Missing cached shadermap for M_Metal_Copper in PCD3D_SM5, Default, SM5 (DDC key hash: 95BFC3A8B6F341C43FF138D6055C4A36513FCB8D), compiling. 
[2025.07.16-20.22.37:024][298]LogShaderCompilers: Display: Submitted 41 shader compile jobs with 'Low' priority
[2025.07.16-20.22.37:061][298]LogSlate: Took 0.000435 seconds to synchronously load lazily loaded font '../../../Engine/Content/Slate/Fonts/Roboto-BoldCondensed.ttf' (158K)
[2025.07.16-20.22.37:439][303]LogShaderCompilers: Display: Worker (4/5): shaders left to compile 8
[2025.07.16-20.22.37:440][303]LogShaderCompilers: Display: Started 3 'Local' shader compile jobs with 'ForceLocal' priority
[2025.07.16-20.22.37:448][303]LogShaderCompilers: Display: === FShaderJobCache stats ===
[2025.07.16-20.22.37:448][303]LogShaderCompilers: Display: Total job queries 189, among them cache hits 0 (0.00%)
[2025.07.16-20.22.37:448][303]LogShaderCompilers: Display: Tracking 45 distinct input hashes that result in 35 distinct outputs (77.78%)
[2025.07.16-20.22.37:448][303]LogShaderCompilers: Display: RAM used: 0.24 MB (0.00 GB) of 1638.40 MB (1.60 GB) budget. Usage: 0.01%
[2025.07.16-20.22.37:448][303]LogShaderCompilers: Display: ================================================
[2025.07.16-20.22.38:806][331]LogShaderCompilers: Display: Worker (1/5): shaders left to compile 5
[2025.07.16-20.22.38:807][331]LogShaderCompilers: Display: Started 2 'Local' shader compile jobs with 'ForceLocal' priority
[2025.07.16-20.22.40:027][370]LogShaderCompilers: Display: Worker (2/5): shaders left to compile 3
[2025.07.16-20.22.40:027][370]LogShaderCompilers: Display: Started 1 'Local' shader compile jobs with 'ForceLocal' priority
[2025.07.16-20.22.40:318][378]LogShaderCompilers: Display: Worker (4/5): shaders left to compile 2
[2025.07.16-20.22.40:318][378]LogShaderCompilers: Display: Started 1 'Local' shader compile jobs with 'ForceLocal' priority
[2025.07.16-20.22.40:471][383]LogShaderCompilers: Display: Worker (1/5): shaders left to compile 1
[2025.07.16-20.22.40:471][383]LogShaderCompilers: Display: Started 1 'Local' shader compile jobs with 'ForceLocal' priority
[2025.07.16-20.22.40:637][388]LogShaderCompilers: Display: Worker (3/5): shaders left to compile 37
[2025.07.16-20.22.40:637][388]LogShaderCompilers: Display: Started 10 'Local' shader compile jobs with 'Normal' priority
[2025.07.16-20.22.40:717][390]LogShaderCompilers: Display: Worker (2/5): shaders left to compile 27
[2025.07.16-20.22.40:717][390]LogShaderCompilers: Display: Started 7 'Local' shader compile jobs with 'Normal' priority
[2025.07.16-20.22.41:221][407]LogShaderCompilers: Display: Worker (1/5): shaders left to compile 20
[2025.07.16-20.22.41:221][407]LogShaderCompilers: Display: Started 6 'Local' shader compile jobs with 'Normal' priority
[2025.07.16-20.22.41:339][411]LogShaderCompilers: Display: Worker (4/5): shaders left to compile 14
[2025.07.16-20.22.41:339][411]LogShaderCompilers: Display: Started 4 'Local' shader compile jobs with 'Normal' priority
[2025.07.16-20.22.44:189][508]LogShaderCompilers: Display: Worker (4/5): shaders left to compile 10
[2025.07.16-20.22.44:189][508]LogShaderCompilers: Display: Started 3 'Local' shader compile jobs with 'Normal' priority
[2025.07.16-20.22.44:351][512]LogSlate: Took 0.000540 seconds to synchronously load lazily loaded font '../../../Engine/Content/Slate/Fonts/Roboto-Italic.ttf' (157K)
[2025.07.16-20.22.46:958][576]LogShaderCompilers: Display: Worker (4/5): shaders left to compile 7
[2025.07.16-20.22.46:958][576]LogShaderCompilers: Display: Started 2 'Local' shader compile jobs with 'Normal' priority
[2025.07.16-20.22.48:497][627]LogShaderCompilers: Display: Worker (1/5): shaders left to compile 5
[2025.07.16-20.22.48:497][627]LogShaderCompilers: Display: Started 2 'Local' shader compile jobs with 'Normal' priority
[2025.07.16-20.22.48:798][637]LogShaderCompilers: Display: Worker (4/5): shaders left to compile 3
[2025.07.16-20.22.48:798][637]LogShaderCompilers: Display: Started 1 'Local' shader compile jobs with 'Normal' priority
[2025.07.16-20.22.48:966][642]LogShaderCompilers: Display: Worker (2/5): shaders left to compile 2
[2025.07.16-20.22.48:967][642]LogShaderCompilers: Display: Started 1 'Local' shader compile jobs with 'Normal' priority
[2025.07.16-20.22.49:593][661]LogShaderCompilers: Display: Worker (4/5): shaders left to compile 1
[2025.07.16-20.22.49:594][661]LogShaderCompilers: Display: Started 1 'Local' shader compile jobs with 'Normal' priority
[2025.07.16-20.22.49:888][671]LogShaderCompilers: Display: Worker (2/5): shaders left to compile 53
[2025.07.16-20.22.49:888][671]LogShaderCompilers: Display: Started 10 'Local' shader compile jobs with 'Low' priority
[2025.07.16-20.22.50:856][704]LogShaderCompilers: Display: Worker (3/5): shaders left to compile 43
[2025.07.16-20.22.50:856][704]LogShaderCompilers: Display: Started 10 'Local' shader compile jobs with 'Low' priority
[2025.07.16-20.22.50:908][705]LogShaderCompilers: Display: Worker (4/5): shaders left to compile 33
[2025.07.16-20.22.50:908][705]LogShaderCompilers: Display: Started 9 'Local' shader compile jobs with 'Low' priority
[2025.07.16-20.22.50:943][706]LogShaderCompilers: Display: Worker (1/5): shaders left to compile 24
[2025.07.16-20.22.50:944][706]LogShaderCompilers: Display: Started 7 'Local' shader compile jobs with 'Low' priority
[2025.07.16-20.22.58:792][938]LogShaderCompilers: Display: Worker (2/5): shaders left to compile 17
[2025.07.16-20.22.58:792][938]LogShaderCompilers: Display: Started 5 'Local' shader compile jobs with 'Low' priority
[2025.07.16-20.23.00:538][994]LogShaderCompilers: Display: Worker (1/5): shaders left to compile 12
[2025.07.16-20.23.00:538][994]LogShaderCompilers: Display: Started 4 'Local' shader compile jobs with 'Low' priority
[2025.07.16-20.23.00:824][  3]LogShaderCompilers: Display: Worker (4/5): shaders left to compile 8
[2025.07.16-20.23.00:825][  3]LogShaderCompilers: Display: Started 3 'Local' shader compile jobs with 'Low' priority
[2025.07.16-20.23.00:925][  5]LogShaderCompilers: Display: Worker (3/5): shaders left to compile 5
[2025.07.16-20.23.00:926][  5]LogShaderCompilers: Display: Started 2 'Local' shader compile jobs with 'Low' priority
[2025.07.16-20.23.03:709][ 88]LogShaderCompilers: Display: Worker (3/5): shaders left to compile 3
[2025.07.16-20.23.03:709][ 88]LogShaderCompilers: Display: Started 1 'Local' shader compile jobs with 'Low' priority
[2025.07.16-20.23.03:790][ 90]LogShaderCompilers: Display: Worker (4/5): shaders left to compile 2
[2025.07.16-20.23.03:791][ 90]LogShaderCompilers: Display: Started 1 'Local' shader compile jobs with 'Low' priority
[2025.07.16-20.23.04:236][104]LogShaderCompilers: Display: Worker (2/5): shaders left to compile 1
[2025.07.16-20.23.04:236][104]LogShaderCompilers: Display: Started 1 'Local' shader compile jobs with 'Low' priority
[2025.07.16-20.23.34:865][304]LogUObjectHash: Compacting FUObjectHashTables data took   3.25ms
[2025.07.16-20.23.34:873][304]LogFileHelpers: Editor autosave (incl. external actors) for '/Game/ThirdPersonBP/Maps/ThirdPersonExampleMap' took 0.036
[2025.07.16-20.23.34:873][304]OBJ SavePackage: Generating thumbnails for [1] asset(s) in package [/Game/StarterContent/Materials/M_Metal_Copper] ([1] browsable assets)...
[2025.07.16-20.23.34:889][304]OBJ SavePackage:     Rendered thumbnail for [Material /Game/StarterContent/Materials/M_Metal_Copper.M_Metal_Copper]
[2025.07.16-20.23.34:889][304]OBJ SavePackage: Finished generating thumbnails for package [/Game/StarterContent/Materials/M_Metal_Copper]
[2025.07.16-20.23.34:904][304]LogSavePackage: Moving '../../../../../UTN-e-learning/Unreal-Engine/Unreal-Projects/TP_PreEntrega/Saved/M_Metal_Copper_Auto1A43AAB3E46AA9550BDF76FB84F99D92B.tmp' to '../../../../../UTN-e-learning/Unreal-Engine/Unreal-Projects/TP_PreEntrega/Saved/Autosaves/Game/StarterContent/Materials/M_Metal_Copper_Auto1.uasset'
[2025.07.16-20.23.34:910][304]OBJ SavePackage: Generating thumbnails for [1] asset(s) in package [/Game/StarterContent/Materials/M_Wood_Oak] ([1] browsable assets)...
[2025.07.16-20.23.34:924][304]OBJ SavePackage:     Rendered thumbnail for [Material /Game/StarterContent/Materials/M_Wood_Oak.M_Wood_Oak]
[2025.07.16-20.23.34:924][304]OBJ SavePackage: Finished generating thumbnails for package [/Game/StarterContent/Materials/M_Wood_Oak]
[2025.07.16-20.23.34:939][304]LogSavePackage: Moving '../../../../../UTN-e-learning/Unreal-Engine/Unreal-Projects/TP_PreEntrega/Saved/M_Wood_Oak_Auto19D7E2C1E44340B3A50DE6B8FBEFFB1CC.tmp' to '../../../../../UTN-e-learning/Unreal-Engine/Unreal-Projects/TP_PreEntrega/Saved/Autosaves/Game/StarterContent/Materials/M_Wood_Oak_Auto1.uasset'
[2025.07.16-20.23.34:940][304]OBJ SavePackage: Generating thumbnails for [1] asset(s) in package [/Game/StarterContent/Materials/M_Wood_Walnut] ([1] browsable assets)...
[2025.07.16-20.23.34:955][304]OBJ SavePackage:     Rendered thumbnail for [Material /Game/StarterContent/Materials/M_Wood_Walnut.M_Wood_Walnut]
[2025.07.16-20.23.34:955][304]OBJ SavePackage: Finished generating thumbnails for package [/Game/StarterContent/Materials/M_Wood_Walnut]
[2025.07.16-20.23.34:968][304]LogSavePackage: Moving '../../../../../UTN-e-learning/Unreal-Engine/Unreal-Projects/TP_PreEntrega/Saved/M_Wood_Walnut_Auto11D4A051C463B2DE2FB2204B4E405BCFE.tmp' to '../../../../../UTN-e-learning/Unreal-Engine/Unreal-Projects/TP_PreEntrega/Saved/Autosaves/Game/StarterContent/Materials/M_Wood_Walnut_Auto1.uasset'
[2025.07.16-20.23.34:970][304]LogFileHelpers: Auto-saving content packages took 0.097
[2025.07.16-20.24.45:854][144]LogSavePackage: Moving '../../../../../UTN-e-learning/Unreal-Engine/Unreal-Projects/TP_PreEntrega/Saved/CharacterChildAEE7C8F74A2F510045CC47B899552F26.tmp' to '../../../../../UTN-e-learning/Unreal-Engine/Unreal-Projects/TP_PreEntrega/Content/ThirdPersonBP/Blueprints/blueprints/CharacterChild.uasset'
[2025.07.16-20.24.45:902][144]AssetCheck: New page: Asset Save: CharacterChild
[2025.07.16-20.24.45:902][144]LogContentValidation: Display: Validating Blueprint /Game/ThirdPersonBP/Blueprints/blueprints/CharacterChild.CharacterChild
[2025.07.16-20.24.47:050][204]LogTemp: Repeating last play command: Selected Viewport
[2025.07.16-20.24.47:075][204]BlueprintLog: New page: Pre-Play auto-recompile
[2025.07.16-20.24.47:075][204]LogPlayLevel: [PlayLevel] Compiling CharacterChild before play...
[2025.07.16-20.24.47:162][204]LogUObjectHash: Compacting FUObjectHashTables data took   4.44ms
[2025.07.16-20.24.47:164][204]LogPlayLevel: PlayLevel: Blueprint regeneration took 88 ms (1 blueprints)
[2025.07.16-20.24.47:164][204]PIE: New page: PIE session: ThirdPersonExampleMap (Jul 16, 2025, 2:24:47 PM)
[2025.07.16-20.24.47:165][204]LogPlayLevel: Creating play world package: /Game/ThirdPersonBP/Maps/UEDPIE_0_ThirdPersonExampleMap
[2025.07.16-20.24.47:192][204]LogPlayLevel: PIE: StaticDuplicateObject took: (0.026225s)
[2025.07.16-20.24.47:192][204]LogAIModule: Creating AISystem for world ThirdPersonExampleMap
[2025.07.16-20.24.47:193][204]LogPlayLevel: PIE: World Init took: (0.001990s)
[2025.07.16-20.24.47:193][204]LogPlayLevel: PIE: Created PIE world by copying editor world from /Game/ThirdPersonBP/Maps/ThirdPersonExampleMap.ThirdPersonExampleMap to /Game/ThirdPersonBP/Maps/UEDPIE_0_ThirdPersonExampleMap.ThirdPersonExampleMap (0.028497s)
[2025.07.16-20.24.47:222][204]LogUObjectHash: Compacting FUObjectHashTables data took   2.76ms
[2025.07.16-20.24.47:223][204]LogAudio: Display: Creating Audio Device:                 Id: 6, Scope: Unique, Realtime: True
[2025.07.16-20.24.47:223][204]LogAudioMixer: Display: Audio Mixer Platform Settings:
[2025.07.16-20.24.47:223][204]LogAudioMixer: Display: 	Sample Rate:						  48000
[2025.07.16-20.24.47:223][204]LogAudioMixer: Display: 	Callback Buffer Frame Size Requested: 1024
[2025.07.16-20.24.47:223][204]LogAudioMixer: Display: 	Callback Buffer Frame Size To Use:	  1024
[2025.07.16-20.24.47:223][204]LogAudioMixer: Display: 	Number of buffers to queue:			  2
[2025.07.16-20.24.47:223][204]LogAudioMixer: Display: 	Max Channels (voices):				  32
[2025.07.16-20.24.47:223][204]LogAudioMixer: Display: 	Number of Async Source Workers:		  0
[2025.07.16-20.24.47:223][204]LogAudio: Display: AudioDevice MaxSources: 32
[2025.07.16-20.24.47:224][204]LogAudio: Display: Audio Spatialization Plugin: None (built-in).
[2025.07.16-20.24.47:224][204]LogAudio: Display: Audio Reverb Plugin: None (built-in).
[2025.07.16-20.24.47:224][204]LogAudio: Display: Audio Occlusion Plugin: None (built-in).
[2025.07.16-20.24.47:224][204]LogAudioMixer: Display: Initializing audio mixer.
[2025.07.16-20.24.47:229][204]LogAudioMixer: Display: 0: FrontLeft
[2025.07.16-20.24.47:229][204]LogAudioMixer: Display: 1: FrontRight
[2025.07.16-20.24.47:247][204]LogAudioMixer: Display: Using Audio Device Headphones (SOUNDPEATS Opera05 Stereo)
[2025.07.16-20.24.47:247][204]LogAudioMixer: Display: Initializing Sound Submixes...
[2025.07.16-20.24.47:247][204]LogAudioMixer: Display: Creating Master Submix 'MasterSubmixDefault'
[2025.07.16-20.24.47:247][204]LogAudioMixer: Display: Creating Master Submix 'MasterReverbSubmixDefault'
[2025.07.16-20.24.47:248][204]LogAudioMixer: Display: Creating Master Submix 'MasterEQSubmixDefault'
[2025.07.16-20.24.47:248][204]LogAudioMixer: FMixerPlatformXAudio2::StartAudioStream() called
[2025.07.16-20.24.47:248][204]LogAudioMixer: Display: Output buffers initialized: Frames=1024, Channels=2, Samples=2048
[2025.07.16-20.24.47:249][204]LogAudioMixer: Display: Starting AudioMixerPlatformInterface::RunInternal()
[2025.07.16-20.24.47:249][204]LogAudioMixer: Display: FMixerPlatformXAudio2::SubmitBuffer() called for the first time
[2025.07.16-20.24.47:249][204]LogInit: FAudioDevice initialized.
[2025.07.16-20.24.47:249][204]LogAudio: Display: Audio Device (ID: 6) registered with world 'ThirdPersonExampleMap'.
[2025.07.16-20.24.47:262][204]LogLoad: Game class is 'ReglasJuego_C'
[2025.07.16-20.24.47:269][204]LogWorld: Bringing World /Game/ThirdPersonBP/Maps/UEDPIE_0_ThirdPersonExampleMap.ThirdPersonExampleMap up for play (max tick rate 60) at 2025.07.16-17.24.47
[2025.07.16-20.24.47:269][204]LogWorld: Bringing up level for play took: 0.006430
[2025.07.16-20.24.47:269][204]LogOnline: OSS: Creating online subsystem instance for: :Context_25
[2025.07.16-20.24.47:271][204]LogBlueprintUserMessages: [plataforma_2] Buenas buenas!
[2025.07.16-20.24.47:274][204]PIE: Server logged in
[2025.07.16-20.24.47:275][204]PIE: Play in editor total start time 0.213 seconds.
[2025.07.16-20.24.52:254][498]LogBlueprintUserMessages: [bala_C_3] Le reste 25 a la torreta
[2025.07.16-20.24.52:254][498]LogBlueprintUserMessages: [Torreta3_2] algo me ataveso!
[2025.07.16-20.24.53:055][546]LogBlueprintUserMessages: [bala_C_14] Le reste 25 al bad fella
[2025.07.16-20.24.54:323][622]LogBlueprintUserMessages: [bala_C_13] El peoncito perdio 10 de vida!!!!
[2025.07.16-20.24.54:339][623]LogBlueprintUserMessages: [bala_C_14] El peoncito perdio 10 de vida!!!!
[2025.07.16-20.24.54:690][644]LogBlueprintUserMessages: [bala_C_12] El peoncito perdio 10 de vida!!!!
[2025.07.16-20.24.54:706][645]LogBlueprintUserMessages: [bala_C_12] El peoncito perdio 10 de vida!!!!
[2025.07.16-20.24.58:495][868]LogSlate: Updating window title bar state: overlay mode, drag disabled, window buttons hidden, title bar hidden
[2025.07.16-20.24.58:495][868]LogWorld: BeginTearingDown for /Game/ThirdPersonBP/Maps/UEDPIE_0_ThirdPersonExampleMap
[2025.07.16-20.24.58:495][868]LogWorld: UWorld::CleanupWorld for ThirdPersonExampleMap, bSessionEnded=true, bCleanupResources=true
[2025.07.16-20.24.58:496][868]LogSlate: InvalidateAllWidgets triggered.  All widgets were invalidated
[2025.07.16-20.24.58:508][868]LogPlayLevel: Display: Shutting down PIE online subsystems
[2025.07.16-20.24.58:526][868]LogSlate: InvalidateAllWidgets triggered.  All widgets were invalidated
[2025.07.16-20.24.58:544][868]LogSlate: Updating window title bar state: overlay mode, drag disabled, window buttons hidden, title bar hidden
[2025.07.16-20.24.58:545][868]LogAudioMixer: FMixerPlatformXAudio2::StopAudioStream() called
[2025.07.16-20.24.58:546][868]LogAudioMixer: FMixerPlatformXAudio2::StopAudioStream() called
[2025.07.16-20.24.58:551][868]LogUObjectHash: Compacting FUObjectHashTables data took   1.88ms
[2025.07.16-20.24.58:592][869]LogPlayLevel: Display: Destroying online subsystem :Context_25
[2025.07.16-20.25.56:065][772]LogSavePackage: Moving '../../../../../UTN-e-learning/Unreal-Engine/Unreal-Projects/TP_PreEntrega/Saved/CharacterChildBF17D10846F23D1334AE858C528E75D7.tmp' to '../../../../../UTN-e-learning/Unreal-Engine/Unreal-Projects/TP_PreEntrega/Content/ThirdPersonBP/Blueprints/blueprints/CharacterChild.uasset'
[2025.07.16-20.25.56:107][772]AssetCheck: New page: Asset Save: CharacterChild
[2025.07.16-20.25.56:107][772]LogContentValidation: Display: Validating Blueprint /Game/ThirdPersonBP/Blueprints/blueprints/CharacterChild.CharacterChild
[2025.07.16-20.25.57:473][827]LogTemp: Repeating last play command: Selected Viewport
[2025.07.16-20.25.57:505][827]BlueprintLog: New page: Pre-Play auto-recompile
[2025.07.16-20.25.57:506][827]LogPlayLevel: [PlayLevel] Compiling CharacterChild before play...
[2025.07.16-20.25.57:576][827]LogUObjectHash: Compacting FUObjectHashTables data took   3.46ms
[2025.07.16-20.25.57:577][827]LogPlayLevel: PlayLevel: Blueprint regeneration took 71 ms (1 blueprints)
[2025.07.16-20.25.57:577][827]PIE: New page: PIE session: ThirdPersonExampleMap (Jul 16, 2025, 2:25:57 PM)
[2025.07.16-20.25.57:610][827]LogPlayLevel: Creating play world package: /Game/ThirdPersonBP/Maps/UEDPIE_0_ThirdPersonExampleMap
[2025.07.16-20.25.57:652][827]LogPlayLevel: PIE: StaticDuplicateObject took: (0.040893s)
[2025.07.16-20.25.57:652][827]LogAIModule: Creating AISystem for world ThirdPersonExampleMap
[2025.07.16-20.25.57:653][827]LogPlayLevel: PIE: World Init took: (0.001976s)
[2025.07.16-20.25.57:653][827]LogPlayLevel: PIE: Created PIE world by copying editor world from /Game/ThirdPersonBP/Maps/ThirdPersonExampleMap.ThirdPersonExampleMap to /Game/ThirdPersonBP/Maps/UEDPIE_0_ThirdPersonExampleMap.ThirdPersonExampleMap (0.043293s)
[2025.07.16-20.25.57:704][827]LogUObjectHash: Compacting FUObjectHashTables data took   4.22ms
[2025.07.16-20.25.57:704][827]LogAudio: Display: Creating Audio Device:                 Id: 7, Scope: Unique, Realtime: True
[2025.07.16-20.25.57:705][827]LogAudioMixer: Display: Audio Mixer Platform Settings:
[2025.07.16-20.25.57:705][827]LogAudioMixer: Display: 	Sample Rate:						  48000
[2025.07.16-20.25.57:705][827]LogAudioMixer: Display: 	Callback Buffer Frame Size Requested: 1024
[2025.07.16-20.25.57:705][827]LogAudioMixer: Display: 	Callback Buffer Frame Size To Use:	  1024
[2025.07.16-20.25.57:705][827]LogAudioMixer: Display: 	Number of buffers to queue:			  2
[2025.07.16-20.25.57:705][827]LogAudioMixer: Display: 	Max Channels (voices):				  32
[2025.07.16-20.25.57:705][827]LogAudioMixer: Display: 	Number of Async Source Workers:		  0
[2025.07.16-20.25.57:705][827]LogAudio: Display: AudioDevice MaxSources: 32
[2025.07.16-20.25.57:706][827]LogAudio: Display: Audio Spatialization Plugin: None (built-in).
[2025.07.16-20.25.57:706][827]LogAudio: Display: Audio Reverb Plugin: None (built-in).
[2025.07.16-20.25.57:706][827]LogAudio: Display: Audio Occlusion Plugin: None (built-in).
[2025.07.16-20.25.57:706][827]LogAudioMixer: Display: Initializing audio mixer.
[2025.07.16-20.25.57:716][827]LogAudioMixer: Display: 0: FrontLeft
[2025.07.16-20.25.57:717][827]LogAudioMixer: Display: 1: FrontRight
[2025.07.16-20.25.57:745][827]LogAudioMixer: Display: Using Audio Device Headphones (SOUNDPEATS Opera05 Stereo)
[2025.07.16-20.25.57:746][827]LogAudioMixer: Display: Initializing Sound Submixes...
[2025.07.16-20.25.57:746][827]LogAudioMixer: Display: Creating Master Submix 'MasterSubmixDefault'
[2025.07.16-20.25.57:746][827]LogAudioMixer: Display: Creating Master Submix 'MasterReverbSubmixDefault'
[2025.07.16-20.25.57:746][827]LogAudioMixer: Display: Creating Master Submix 'MasterEQSubmixDefault'
[2025.07.16-20.25.57:746][827]LogAudioMixer: FMixerPlatformXAudio2::StartAudioStream() called
[2025.07.16-20.25.57:746][827]LogAudioMixer: Display: Output buffers initialized: Frames=1024, Channels=2, Samples=2048
[2025.07.16-20.25.57:748][827]LogAudioMixer: Display: Starting AudioMixerPlatformInterface::RunInternal()
[2025.07.16-20.25.57:748][827]LogAudioMixer: Display: FMixerPlatformXAudio2::SubmitBuffer() called for the first time
[2025.07.16-20.25.57:748][827]LogInit: FAudioDevice initialized.
[2025.07.16-20.25.57:748][827]LogAudio: Display: Audio Device (ID: 7) registered with world 'ThirdPersonExampleMap'.
[2025.07.16-20.25.57:765][827]LogLoad: Game class is 'ReglasJuego_C'
[2025.07.16-20.25.57:776][827]LogWorld: Bringing World /Game/ThirdPersonBP/Maps/UEDPIE_0_ThirdPersonExampleMap.ThirdPersonExampleMap up for play (max tick rate 60) at 2025.07.16-17.25.57
[2025.07.16-20.25.57:777][827]LogWorld: Bringing up level for play took: 0.011008
[2025.07.16-20.25.57:777][827]LogOnline: OSS: Creating online subsystem instance for: :Context_26
[2025.07.16-20.25.57:780][827]LogBlueprintUserMessages: [plataforma_2] Buenas buenas!
[2025.07.16-20.25.57:784][827]PIE: Server logged in
[2025.07.16-20.25.57:785][827]PIE: Play in editor total start time 0.296 seconds.
[2025.07.16-20.26.00:474][971]LogBlueprintUserMessages: [bala_C_5] Le reste 25 al bad fella
[2025.07.16-20.26.00:475][971]LogBlueprintUserMessages: [bala_C_6] Le reste 25 al bad fella
[2025.07.16-20.26.02:741][100]LogBlueprintUserMessages: [bala_C_10] El peoncito perdio 10 de vida!!!!
[2025.07.16-20.26.03:279][128]LogBlueprintUserMessages: [bala_C_9] El peoncito perdio 10 de vida!!!!
[2025.07.16-20.26.03:855][161]LogBlueprintUserMessages: [bala_C_12] El peoncito perdio 10 de vida!!!!
[2025.07.16-20.26.05:785][267]LogBlueprintUserMessages: [bala_C_11] Le reste 50 al bad guy
[2025.07.16-20.26.05:818][269]LogBlueprintUserMessages: [bala_C_12] Le reste 50 al bad guy
[2025.07.16-20.26.07:978][380]LogBlueprintUserMessages: [bala_C_20] El peoncito perdio 10 de vida!!!!
[2025.07.16-20.26.09:492][451]LogBlueprintUserMessages: [bala_C_25] Le reste 25 al bad fella
[2025.07.16-20.26.09:494][451]LogBlueprintUserMessages: [bala_C_26] Le reste 25 al bad fella
[2025.07.16-20.26.11:458][552]LogBlueprintUserMessages: [bala_C_26] El peoncito perdio 10 de vida!!!!
[2025.07.16-20.26.12:502][606]LogBlueprintUserMessages: [bala_C_33] Le reste 25 al bad fella
[2025.07.16-20.26.15:504][773]LogBlueprintUserMessages: [bala_C_40] Le reste 25 al bad fella
[2025.07.16-20.26.16:378][816]LogSlate: Updating window title bar state: overlay mode, drag disabled, window buttons hidden, title bar hidden
[2025.07.16-20.26.16:379][816]LogWorld: BeginTearingDown for /Game/ThirdPersonBP/Maps/UEDPIE_0_ThirdPersonExampleMap
[2025.07.16-20.26.16:379][816]LogWorld: UWorld::CleanupWorld for ThirdPersonExampleMap, bSessionEnded=true, bCleanupResources=true
[2025.07.16-20.26.16:380][816]LogSlate: InvalidateAllWidgets triggered.  All widgets were invalidated
[2025.07.16-20.26.16:389][816]LogPlayLevel: Display: Shutting down PIE online subsystems
[2025.07.16-20.26.16:410][816]LogSlate: InvalidateAllWidgets triggered.  All widgets were invalidated
[2025.07.16-20.26.16:435][816]LogSlate: Updating window title bar state: overlay mode, drag disabled, window buttons hidden, title bar hidden
[2025.07.16-20.26.16:436][816]LogAudioMixer: FMixerPlatformXAudio2::StopAudioStream() called
[2025.07.16-20.26.16:438][816]LogAudioMixer: FMixerPlatformXAudio2::StopAudioStream() called
[2025.07.16-20.26.16:446][816]LogUObjectHash: Compacting FUObjectHashTables data took   2.51ms
[2025.07.16-20.26.16:499][817]LogPlayLevel: Display: Destroying online subsystem :Context_26
[2025.07.16-20.26.34:598][688]LogSavePackage: Moving '../../../../../UTN-e-learning/Unreal-Engine/Unreal-Projects/TP_PreEntrega/Saved/CharacterChildEA10762644EEE89FE18B3F9621A99779.tmp' to '../../../../../UTN-e-learning/Unreal-Engine/Unreal-Projects/TP_PreEntrega/Content/ThirdPersonBP/Blueprints/blueprints/CharacterChild.uasset'
[2025.07.16-20.26.34:644][688]AssetCheck: New page: Asset Save: CharacterChild
[2025.07.16-20.26.34:644][688]LogContentValidation: Display: Validating Blueprint /Game/ThirdPersonBP/Blueprints/blueprints/CharacterChild.CharacterChild
[2025.07.16-20.26.35:724][726]LogTemp: Repeating last play command: Selected Viewport
[2025.07.16-20.26.35:764][726]BlueprintLog: New page: Pre-Play auto-recompile
[2025.07.16-20.26.35:765][726]LogPlayLevel: [PlayLevel] Compiling CharacterChild before play...
[2025.07.16-20.26.35:879][726]LogUObjectHash: Compacting FUObjectHashTables data took   4.54ms
[2025.07.16-20.26.35:881][726]LogPlayLevel: PlayLevel: Blueprint regeneration took 117 ms (1 blueprints)
[2025.07.16-20.26.35:881][726]PIE: New page: PIE session: ThirdPersonExampleMap (Jul 16, 2025, 2:26:35 PM)
[2025.07.16-20.26.35:881][726]LogPlayLevel: Creating play world package: /Game/ThirdPersonBP/Maps/UEDPIE_0_ThirdPersonExampleMap
[2025.07.16-20.26.35:923][726]LogPlayLevel: PIE: StaticDuplicateObject took: (0.042228s)
[2025.07.16-20.26.35:925][726]LogAIModule: Creating AISystem for world ThirdPersonExampleMap
[2025.07.16-20.26.35:925][726]LogPlayLevel: PIE: World Init took: (0.002239s)
[2025.07.16-20.26.35:925][726]LogPlayLevel: PIE: Created PIE world by copying editor world from /Game/ThirdPersonBP/Maps/ThirdPersonExampleMap.ThirdPersonExampleMap to /Game/ThirdPersonBP/Maps/UEDPIE_0_ThirdPersonExampleMap.ThirdPersonExampleMap (0.044822s)
[2025.07.16-20.26.35:977][726]LogUObjectHash: Compacting FUObjectHashTables data took   3.88ms
[2025.07.16-20.26.35:978][726]LogAudio: Display: Creating Audio Device:                 Id: 8, Scope: Unique, Realtime: True
[2025.07.16-20.26.35:979][726]LogAudioMixer: Display: Audio Mixer Platform Settings:
[2025.07.16-20.26.35:979][726]LogAudioMixer: Display: 	Sample Rate:						  48000
[2025.07.16-20.26.35:979][726]LogAudioMixer: Display: 	Callback Buffer Frame Size Requested: 1024
[2025.07.16-20.26.35:979][726]LogAudioMixer: Display: 	Callback Buffer Frame Size To Use:	  1024
[2025.07.16-20.26.35:979][726]LogAudioMixer: Display: 	Number of buffers to queue:			  2
[2025.07.16-20.26.35:979][726]LogAudioMixer: Display: 	Max Channels (voices):				  32
[2025.07.16-20.26.35:979][726]LogAudioMixer: Display: 	Number of Async Source Workers:		  0
[2025.07.16-20.26.35:979][726]LogAudio: Display: AudioDevice MaxSources: 32
[2025.07.16-20.26.35:980][726]LogAudio: Display: Audio Spatialization Plugin: None (built-in).
[2025.07.16-20.26.35:980][726]LogAudio: Display: Audio Reverb Plugin: None (built-in).
[2025.07.16-20.26.35:980][726]LogAudio: Display: Audio Occlusion Plugin: None (built-in).
[2025.07.16-20.26.35:980][726]LogAudioMixer: Display: Initializing audio mixer.
[2025.07.16-20.26.35:993][726]LogAudioMixer: Display: 0: FrontLeft
[2025.07.16-20.26.35:993][726]LogAudioMixer: Display: 1: FrontRight
[2025.07.16-20.26.36:029][726]LogAudioMixer: Display: Using Audio Device Headphones (SOUNDPEATS Opera05 Stereo)
[2025.07.16-20.26.36:029][726]LogAudioMixer: Display: Initializing Sound Submixes...
[2025.07.16-20.26.36:030][726]LogAudioMixer: Display: Creating Master Submix 'MasterSubmixDefault'
[2025.07.16-20.26.36:030][726]LogAudioMixer: Display: Creating Master Submix 'MasterReverbSubmixDefault'
[2025.07.16-20.26.36:030][726]LogAudioMixer: Display: Creating Master Submix 'MasterEQSubmixDefault'
[2025.07.16-20.26.36:030][726]LogAudioMixer: FMixerPlatformXAudio2::StartAudioStream() called
[2025.07.16-20.26.36:030][726]LogAudioMixer: Display: Output buffers initialized: Frames=1024, Channels=2, Samples=2048
[2025.07.16-20.26.36:033][726]LogAudioMixer: Display: Starting AudioMixerPlatformInterface::RunInternal()
[2025.07.16-20.26.36:033][726]LogAudioMixer: Display: FMixerPlatformXAudio2::SubmitBuffer() called for the first time
[2025.07.16-20.26.36:033][726]LogInit: FAudioDevice initialized.
[2025.07.16-20.26.36:033][726]LogAudio: Display: Audio Device (ID: 8) registered with world 'ThirdPersonExampleMap'.
[2025.07.16-20.26.36:047][726]LogLoad: Game class is 'ReglasJuego_C'
[2025.07.16-20.26.36:060][726]LogWorld: Bringing World /Game/ThirdPersonBP/Maps/UEDPIE_0_ThirdPersonExampleMap.ThirdPersonExampleMap up for play (max tick rate 60) at 2025.07.16-17.26.36
[2025.07.16-20.26.36:061][726]LogWorld: Bringing up level for play took: 0.012186
[2025.07.16-20.26.36:061][726]LogOnline: OSS: Creating online subsystem instance for: :Context_27
[2025.07.16-20.26.36:064][726]LogBlueprintUserMessages: [plataforma_2] Buenas buenas!
[2025.07.16-20.26.36:068][726]PIE: Server logged in
[2025.07.16-20.26.36:069][726]PIE: Play in editor total start time 0.328 seconds.
[2025.07.16-20.26.41:711][ 14]LogBlueprintUserMessages: [bala_C_12] Le reste 25 al bad fella
[2025.07.16-20.26.46:712][282]LogBlueprintUserMessages: [bala_C_19] El peoncito perdio 10 de vida!!!!
[2025.07.16-20.26.47:725][338]LogBlueprintUserMessages: [bala_C_25] Le reste 25 al bad fella
[2025.07.16-20.26.47:727][338]LogBlueprintUserMessages: [bala_C_26] Le reste 25 al bad fella
[2025.07.16-20.26.50:349][483]LogBlueprintUserMessages: [bala_C_25] Le reste 50 al bad guy
[2025.07.16-20.26.50:736][504]LogBlueprintUserMessages: [bala_C_33] Le reste 25 al bad fella
[2025.07.16-20.26.52:078][578]LogBlueprintUserMessages: [bala_C_35] El peoncito perdio 10 de vida!!!!
[2025.07.16-20.26.52:747][611]LogSlate: Updating window title bar state: overlay mode, drag disabled, window buttons hidden, title bar hidden
[2025.07.16-20.26.52:747][611]LogWorld: BeginTearingDown for /Game/ThirdPersonBP/Maps/UEDPIE_0_ThirdPersonExampleMap
[2025.07.16-20.26.52:748][611]LogWorld: UWorld::CleanupWorld for ThirdPersonExampleMap, bSessionEnded=true, bCleanupResources=true
[2025.07.16-20.26.52:749][611]LogSlate: InvalidateAllWidgets triggered.  All widgets were invalidated
[2025.07.16-20.26.52:762][611]LogPlayLevel: Display: Shutting down PIE online subsystems
[2025.07.16-20.26.52:783][611]LogSlate: InvalidateAllWidgets triggered.  All widgets were invalidated
[2025.07.16-20.26.52:802][611]LogSlate: Updating window title bar state: overlay mode, drag disabled, window buttons hidden, title bar hidden
[2025.07.16-20.26.52:803][611]LogAudioMixer: FMixerPlatformXAudio2::StopAudioStream() called
[2025.07.16-20.26.52:804][611]LogAudioMixer: FMixerPlatformXAudio2::StopAudioStream() called
[2025.07.16-20.26.52:811][611]LogUObjectHash: Compacting FUObjectHashTables data took   2.11ms
[2025.07.16-20.26.52:865][612]LogPlayLevel: Display: Destroying online subsystem :Context_27
[2025.07.16-20.26.58:142][869]LogEditorTransaction: Undo Edit Ground Friction
[2025.07.16-20.27.03:002][ 72]LogSavePackage: Moving '../../../../../UTN-e-learning/Unreal-Engine/Unreal-Projects/TP_PreEntrega/Saved/CharacterChild5286F54B4A4DB6F828D5BFA8082FA2BD.tmp' to '../../../../../UTN-e-learning/Unreal-Engine/Unreal-Projects/TP_PreEntrega/Content/ThirdPersonBP/Blueprints/blueprints/CharacterChild.uasset'
[2025.07.16-20.27.03:049][ 72]AssetCheck: New page: Asset Save: CharacterChild
[2025.07.16-20.27.03:049][ 72]LogContentValidation: Display: Validating Blueprint /Game/ThirdPersonBP/Blueprints/blueprints/CharacterChild.CharacterChild
[2025.07.16-20.29.40:619][246]LogAssetEditorSubsystem: Opening Asset editor for Blueprint /Game/ThirdPersonBP/Blueprints/blueprints/peoncito.peoncito
[2025.07.16-20.29.41:183][246]LogAssetEditorSubsystem: Opening Asset editor for Blueprint /Game/ThirdPersonBP/Blueprints/blueprints/Balaza.Balaza
[2025.07.16-20.29.41:899][246]LogAssetEditorSubsystem: Opening Asset editor for Blueprint /Game/ThirdPersonBP/Blueprints/blueprints/Balaza2.Balaza2
[2025.07.16-20.29.42:469][246]LogAssetEditorSubsystem: Opening Asset editor for Blueprint /Game/ThirdPersonBP/Blueprints/blueprints/bala.bala
[2025.07.16-20.29.43:067][246]LogAssetEditorSubsystem: Opening Asset editor for Blueprint /Game/ThirdPersonBP/Blueprints/blueprints/Moneda.Moneda
[2025.07.16-20.29.43:615][246]LogAssetEditorSubsystem: Opening Asset editor for Blueprint /Game/ThirdPersonBP/Blueprints/blueprints/ReglasJuego.ReglasJuego
[2025.07.16-20.29.44:252][246]LogAssetEditorSubsystem: Opening Asset editor for WidgetBlueprint /Game/ThirdPersonBP/Blueprints/blueprints/MenuWidget.MenuWidget
[2025.07.16-20.29.44:867][246]LogAssetEditorSubsystem: Opening Asset editor for WidgetBlueprint /Game/ThirdPersonBP/Blueprints/blueprints/BarraVIda.BarraVIda
[2025.07.16-20.30.09:362][480]LogSavePackage: Moving '../../../../../UTN-e-learning/Unreal-Engine/Unreal-Projects/TP_PreEntrega/Saved/CharacterChild947C6AE64CB3B966165BAB83DA7460B7.tmp' to '../../../../../UTN-e-learning/Unreal-Engine/Unreal-Projects/TP_PreEntrega/Content/ThirdPersonBP/Blueprints/blueprints/CharacterChild.uasset'
[2025.07.16-20.30.09:383][480]AssetCheck: New page: Asset Save: CharacterChild
[2025.07.16-20.30.09:383][480]LogContentValidation: Display: Validating Blueprint /Game/ThirdPersonBP/Blueprints/blueprints/CharacterChild.CharacterChild
[2025.07.16-20.30.11:946][602]LogTemp: Repeating last play command: Selected Viewport
[2025.07.16-20.30.11:979][602]BlueprintLog: New page: Pre-Play auto-recompile
[2025.07.16-20.30.11:980][602]LogPlayLevel: [PlayLevel] Compiling CharacterChild before play...
[2025.07.16-20.30.12:163][602]LogUObjectHash: Compacting FUObjectHashTables data took   8.38ms
[2025.07.16-20.30.12:164][602]LogPlayLevel: PlayLevel: Blueprint regeneration took 185 ms (1 blueprints)
[2025.07.16-20.30.12:164][602]PIE: New page: PIE session: ThirdPersonExampleMap (Jul 16, 2025, 2:30:12 PM)
[2025.07.16-20.30.12:166][602]LogPlayLevel: Creating play world package: /Game/ThirdPersonBP/Maps/UEDPIE_0_ThirdPersonExampleMap
[2025.07.16-20.30.12:197][602]LogPlayLevel: PIE: StaticDuplicateObject took: (0.031022s)
[2025.07.16-20.30.12:199][602]LogAIModule: Creating AISystem for world ThirdPersonExampleMap
[2025.07.16-20.30.12:200][602]LogPlayLevel: PIE: World Init took: (0.003078s)
[2025.07.16-20.30.12:200][602]LogPlayLevel: PIE: Created PIE world by copying editor world from /Game/ThirdPersonBP/Maps/ThirdPersonExampleMap.ThirdPersonExampleMap to /Game/ThirdPersonBP/Maps/UEDPIE_0_ThirdPersonExampleMap.ThirdPersonExampleMap (0.034436s)
[2025.07.16-20.30.12:273][602]LogUObjectHash: Compacting FUObjectHashTables data took   4.98ms
[2025.07.16-20.30.12:275][602]LogAudio: Display: Creating Audio Device:                 Id: 9, Scope: Unique, Realtime: True
[2025.07.16-20.30.12:275][602]LogAudioMixer: Display: Audio Mixer Platform Settings:
[2025.07.16-20.30.12:275][602]LogAudioMixer: Display: 	Sample Rate:						  48000
[2025.07.16-20.30.12:275][602]LogAudioMixer: Display: 	Callback Buffer Frame Size Requested: 1024
[2025.07.16-20.30.12:275][602]LogAudioMixer: Display: 	Callback Buffer Frame Size To Use:	  1024
[2025.07.16-20.30.12:275][602]LogAudioMixer: Display: 	Number of buffers to queue:			  2
[2025.07.16-20.30.12:275][602]LogAudioMixer: Display: 	Max Channels (voices):				  32
[2025.07.16-20.30.12:275][602]LogAudioMixer: Display: 	Number of Async Source Workers:		  0
[2025.07.16-20.30.12:275][602]LogAudio: Display: AudioDevice MaxSources: 32
[2025.07.16-20.30.12:276][602]LogAudio: Display: Audio Spatialization Plugin: None (built-in).
[2025.07.16-20.30.12:276][602]LogAudio: Display: Audio Reverb Plugin: None (built-in).
[2025.07.16-20.30.12:276][602]LogAudio: Display: Audio Occlusion Plugin: None (built-in).
[2025.07.16-20.30.12:276][602]LogAudioMixer: Display: Initializing audio mixer.
[2025.07.16-20.30.12:283][602]LogAudioMixer: Display: 0: FrontLeft
[2025.07.16-20.30.12:283][602]LogAudioMixer: Display: 1: FrontRight
[2025.07.16-20.30.12:312][602]LogAudioMixer: Display: Using Audio Device Headphones (SOUNDPEATS Opera05 Stereo)
[2025.07.16-20.30.12:313][602]LogAudioMixer: Display: Initializing Sound Submixes...
[2025.07.16-20.30.12:313][602]LogAudioMixer: Display: Creating Master Submix 'MasterSubmixDefault'
[2025.07.16-20.30.12:313][602]LogAudioMixer: Display: Creating Master Submix 'MasterReverbSubmixDefault'
[2025.07.16-20.30.12:313][602]LogAudioMixer: Display: Creating Master Submix 'MasterEQSubmixDefault'
[2025.07.16-20.30.12:313][602]LogAudioMixer: FMixerPlatformXAudio2::StartAudioStream() called
[2025.07.16-20.30.12:313][602]LogAudioMixer: Display: Output buffers initialized: Frames=1024, Channels=2, Samples=2048
[2025.07.16-20.30.12:315][602]LogAudioMixer: Display: Starting AudioMixerPlatformInterface::RunInternal()
[2025.07.16-20.30.12:315][602]LogAudioMixer: Display: FMixerPlatformXAudio2::SubmitBuffer() called for the first time
[2025.07.16-20.30.12:315][602]LogInit: FAudioDevice initialized.
[2025.07.16-20.30.12:315][602]LogAudio: Display: Audio Device (ID: 9) registered with world 'ThirdPersonExampleMap'.
[2025.07.16-20.30.12:334][602]LogLoad: Game class is 'ReglasJuego_C'
[2025.07.16-20.30.12:344][602]LogWorld: Bringing World /Game/ThirdPersonBP/Maps/UEDPIE_0_ThirdPersonExampleMap.ThirdPersonExampleMap up for play (max tick rate 60) at 2025.07.16-17.30.12
[2025.07.16-20.30.12:345][602]LogWorld: Bringing up level for play took: 0.008533
[2025.07.16-20.30.12:345][602]LogOnline: OSS: Creating online subsystem instance for: :Context_38
[2025.07.16-20.30.12:347][602]LogBlueprintUserMessages: [plataforma_2] Buenas buenas!
[2025.07.16-20.30.12:350][602]PIE: Server logged in
[2025.07.16-20.30.12:351][602]PIE: Play in editor total start time 0.39 seconds.
[2025.07.16-20.30.14:990][743]LogBlueprintUserMessages: [bala_C_7] Le reste 25 al bad fella
[2025.07.16-20.30.17:255][867]LogBlueprintUserMessages: [bala_C_5] El peoncito perdio 10 de vida!!!!
[2025.07.16-20.30.18:003][907]LogBlueprintUserMessages: [bala_C_12] Le reste 25 al bad fella
[2025.07.16-20.30.22:186][111]LogBlueprintUserMessages: [ReglasJuego_C_0] El puntaje subio!
[2025.07.16-20.30.22:186][111]LogBlueprintUserMessages: [ReglasJuego_C_0] 2
[2025.07.16-20.30.22:539][128]LogBlueprintUserMessages: [ReglasJuego_C_0] El puntaje subio!
[2025.07.16-20.30.22:539][128]LogBlueprintUserMessages: [ReglasJuego_C_0] 4
[2025.07.16-20.30.25:801][286]LogBlueprintUserMessages: [Balaza2_C_4] Le reste 50 al peoncito
[2025.07.16-20.30.26:299][308]LogSlate: Updating window title bar state: overlay mode, drag disabled, window buttons hidden, title bar hidden
[2025.07.16-20.30.26:299][308]LogWorld: BeginTearingDown for /Game/ThirdPersonBP/Maps/UEDPIE_0_ThirdPersonExampleMap
[2025.07.16-20.30.26:299][308]LogWorld: UWorld::CleanupWorld for ThirdPersonExampleMap, bSessionEnded=true, bCleanupResources=true
[2025.07.16-20.30.26:302][308]LogSlate: InvalidateAllWidgets triggered.  All widgets were invalidated
[2025.07.16-20.30.26:314][308]LogPlayLevel: Display: Shutting down PIE online subsystems
[2025.07.16-20.30.26:334][308]LogSlate: InvalidateAllWidgets triggered.  All widgets were invalidated
[2025.07.16-20.30.26:386][308]LogAudio: Display: Audio Device unregistered from world 'None'.
[2025.07.16-20.30.26:386][308]LogAudioMixer: FMixerPlatformXAudio2::StopAudioStream() called
[2025.07.16-20.30.26:388][308]LogAudioMixer: FMixerPlatformXAudio2::StopAudioStream() called
[2025.07.16-20.30.26:391][308]LogSlate: Updating window title bar state: overlay mode, drag disabled, window buttons hidden, title bar hidden
[2025.07.16-20.30.26:397][308]LogUObjectHash: Compacting FUObjectHashTables data took   3.70ms
[2025.07.16-20.30.26:462][309]LogPlayLevel: Display: Destroying online subsystem :Context_38
[2025.07.16-20.30.34:711][668]LogSavePackage: Moving '../../../../../UTN-e-learning/Unreal-Engine/Unreal-Projects/TP_PreEntrega/Saved/CharacterChildE8758B084E78FC3A52987995345C250D.tmp' to '../../../../../UTN-e-learning/Unreal-Engine/Unreal-Projects/TP_PreEntrega/Content/ThirdPersonBP/Blueprints/blueprints/CharacterChild.uasset'
[2025.07.16-20.30.34:761][668]AssetCheck: New page: Asset Save: CharacterChild
[2025.07.16-20.30.34:761][668]LogContentValidation: Display: Validating Blueprint /Game/ThirdPersonBP/Blueprints/blueprints/CharacterChild.CharacterChild
[2025.07.16-20.31.08:817][987]BlueprintLog: New page: Compile CharacterChild
[2025.07.16-20.31.08:943][987]LogUObjectHash: Compacting FUObjectHashTables data took   5.71ms
[2025.07.16-21.57.07:264][644]LogAudioMixer: Warning: Changing default audio render device to new device: {0.0.0.00000000}.{7f7cd5cc-8f9c-4fb5-bf02-ac65999e3cc4}.
[2025.07.16-21.57.07:264][644]LogAudioMixer: Resetting audio stream to device id 
[2025.07.16-21.57.10:578][644]LogAudioMixer: Display: 0: FrontLeft
[2025.07.16-21.57.10:578][644]LogAudioMixer: Display: 1: FrontRight
[2025.07.16-21.57.10:738][645]LogAudioMixer: Resetting audio stream to device id 
[2025.07.16-21.57.10:757][645]LogAudioMixer: Display: 0: FrontLeft
[2025.07.16-21.57.10:757][645]LogAudioMixer: Display: 1: FrontRight
[2025.07.16-21.57.28:235][697]LogAudioMixer: Warning: Changing default audio render device to new device: {0.0.0.00000000}.{a1cc9668-b5b6-40d9-a3c7-220c11dfca34}.
[2025.07.16-21.57.28:235][697]LogAudioMixer: Resetting audio stream to device id 
[2025.07.16-21.57.28:344][697]LogAudioMixer: Display: 0: FrontLeft
[2025.07.16-21.57.28:345][697]LogAudioMixer: Display: 1: FrontRight
[2025.07.16-21.57.28:957][699]LogAudioMixer: Warning: Changing default audio render device to new device: {0.0.0.00000000}.{6fc8f5e5-082c-4d76-98df-d2046bc213d1}.
[2025.07.16-21.57.28:958][699]LogAudioMixer: Resetting audio stream to device id 
[2025.07.16-21.57.29:081][699]LogAudioMixer: Display: 0: FrontLeft
[2025.07.16-21.57.29:081][699]LogAudioMixer: Display: 1: FrontRight
[2025.07.16-22.35.39:089][531]LogAudioMixer: Warning: Changing default audio render device to new device: {0.0.0.00000000}.{73bdfe24-9d22-4e6d-8917-14719591f5a6}.
[2025.07.16-22.35.39:089][531]LogAudioMixer: Resetting audio stream to device id 
[2025.07.16-22.35.39:460][531]LogAudioMixer: Display: 0: FrontLeft
[2025.07.16-22.35.39:460][531]LogAudioMixer: Display: 1: FrontRight
[2025.07.16-22.35.39:849][532]LogAudioMixer: Resetting audio stream to device id 
[2025.07.16-22.35.39:874][532]LogAudioMixer: Display: 0: FrontLeft
[2025.07.16-22.35.39:874][532]LogAudioMixer: Display: 1: FrontRight
[2025.07.16-23.11.23:565][927]LogAudioMixer: Warning: Changing default audio render device to new device: {0.0.0.00000000}.{194ca991-5a38-47a4-9a58-0efb909c0045}.
[2025.07.16-23.11.23:565][927]LogAudioMixer: Resetting audio stream to device id 
[2025.07.16-23.11.23:581][927]LogAudioMixer: Display: 0: FrontLeft
[2025.07.16-23.11.23:581][927]LogAudioMixer: Display: 1: FrontRight
[2025.07.16-23.11.28:614][942]LogAudioMixer: Warning: Changing default audio render device to new device: {0.0.0.00000000}.{73bdfe24-9d22-4e6d-8917-14719591f5a6}.
[2025.07.16-23.11.28:614][942]LogAudioMixer: Resetting audio stream to device id 
[2025.07.16-23.11.28:662][942]LogAudioMixer: Display: 0: FrontLeft
[2025.07.16-23.11.28:663][942]LogAudioMixer: Display: 1: FrontRight
[2025.07.16-23.22.20:346][887]LogAudioMixer: Warning: Changing default audio render device to new device: {0.0.0.00000000}.{a1cc9668-b5b6-40d9-a3c7-220c11dfca34}.
[2025.07.16-23.22.20:346][887]LogAudioMixer: Resetting audio stream to device id 
[2025.07.16-23.22.20:449][887]LogAudioMixer: Display: 0: FrontLeft
[2025.07.16-23.22.20:449][887]LogAudioMixer: Display: 1: FrontRight
[2025.07.16-23.22.21:008][889]LogAudioMixer: Warning: Changing default audio render device to new device: {0.0.0.00000000}.{6fc8f5e5-082c-4d76-98df-d2046bc213d1}.
[2025.07.16-23.22.21:009][889]LogAudioMixer: Resetting audio stream to device id 
[2025.07.16-23.22.21:037][889]LogAudioMixer: Display: 0: FrontLeft
[2025.07.16-23.22.21:037][889]LogAudioMixer: Display: 1: FrontRight
[2025.07.16-23.33.29:697][883]LogAudioMixer: Warning: Changing default audio render device to new device: {0.0.0.00000000}.{a1cc9668-b5b6-40d9-a3c7-220c11dfca34}.
[2025.07.16-23.33.29:697][883]LogAudioMixer: Resetting audio stream to device id 
[2025.07.16-23.33.29:840][883]LogAudioMixer: Display: 0: FrontLeft
[2025.07.16-23.33.29:840][883]LogAudioMixer: Display: 1: FrontRight
[2025.07.16-23.33.30:423][883]LogAudioMixer: Error: XAudio2 Error: XAudio2System->CreateMasteringVoice( &OutputAudioStreamMasteringVoice, AudioStreamInfo.DeviceInfo.NumChannels, AudioStreamInfo.DeviceInfo.SampleRate, 0, nullptr, nullptr, AudioCategory_GameEffects) -> 0x88960001: La operación se completó correctamente. (line: 1291)
[2025.07.16-23.33.30:511][884]LogAudioMixer: Resetting audio stream to device id 
[2025.07.16-23.33.30:619][884]LogAudioMixer: Display: 0: FrontLeft
[2025.07.16-23.33.30:619][884]LogAudioMixer: Display: 1: FrontRight
[2025.07.17-00.07.21:035][941]LogAudioMixer: Warning: Changing default audio render device to new device: {0.0.0.00000000}.{a1cc9668-b5b6-40d9-a3c7-220c11dfca34}.
[2025.07.17-00.07.21:035][941]LogAudioMixer: Resetting audio stream to device id 
[2025.07.17-00.07.21:070][941]LogAudioMixer: Display: 0: FrontLeft
[2025.07.17-00.07.21:070][941]LogAudioMixer: Display: 1: FrontRight
[2025.07.17-00.28.08:704][520]LogTemp: Repeating last play command: Selected Viewport
[2025.07.17-00.28.08:779][520]LogPlayLevel: PlayLevel: No blueprints needed recompiling
[2025.07.17-00.28.08:780][520]PIE: New page: PIE session: ThirdPersonExampleMap (Jul 16, 2025, 6:28:08 PM)
[2025.07.17-00.28.08:782][520]LogPlayLevel: Creating play world package: /Game/ThirdPersonBP/Maps/UEDPIE_0_ThirdPersonExampleMap
[2025.07.17-00.28.08:864][520]LogPlayLevel: PIE: StaticDuplicateObject took: (0.081944s)
[2025.07.17-00.28.08:871][520]LogAIModule: Creating AISystem for world ThirdPersonExampleMap
[2025.07.17-00.28.08:874][520]LogPlayLevel: PIE: World Init took: (0.009839s)
[2025.07.17-00.28.08:874][520]LogPlayLevel: PIE: Created PIE world by copying editor world from /Game/ThirdPersonBP/Maps/ThirdPersonExampleMap.ThirdPersonExampleMap to /Game/ThirdPersonBP/Maps/UEDPIE_0_ThirdPersonExampleMap.ThirdPersonExampleMap (0.092740s)
[2025.07.17-00.28.09:549][520]LogUObjectHash: Compacting FUObjectHashTables data took  12.54ms
[2025.07.17-00.28.09:579][520]LogAudio: Display: Creating Audio Device:                 Id: 10, Scope: Unique, Realtime: True
[2025.07.17-00.28.09:579][520]LogAudioMixer: Display: Audio Mixer Platform Settings:
[2025.07.17-00.28.09:579][520]LogAudioMixer: Display: 	Sample Rate:						  48000
[2025.07.17-00.28.09:580][520]LogAudioMixer: Display: 	Callback Buffer Frame Size Requested: 1024
[2025.07.17-00.28.09:580][520]LogAudioMixer: Display: 	Callback Buffer Frame Size To Use:	  1024
[2025.07.17-00.28.09:580][520]LogAudioMixer: Display: 	Number of buffers to queue:			  2
[2025.07.17-00.28.09:580][520]LogAudioMixer: Display: 	Max Channels (voices):				  32
[2025.07.17-00.28.09:580][520]LogAudioMixer: Display: 	Number of Async Source Workers:		  0
[2025.07.17-00.28.09:580][520]LogAudio: Display: AudioDevice MaxSources: 32
[2025.07.17-00.28.09:580][520]LogAudio: Display: Audio Spatialization Plugin: None (built-in).
[2025.07.17-00.28.09:580][520]LogAudio: Display: Audio Reverb Plugin: None (built-in).
[2025.07.17-00.28.09:580][520]LogAudio: Display: Audio Occlusion Plugin: None (built-in).
[2025.07.17-00.28.09:580][520]LogAudioMixer: Display: Initializing audio mixer.
[2025.07.17-00.28.09:585][520]LogAudioMixer: Display: 0: FrontLeft
[2025.07.17-00.28.09:585][520]LogAudioMixer: Display: 1: FrontRight
[2025.07.17-00.28.09:606][520]LogAudioMixer: Display: Using Audio Device Headphones (SOUNDPEATS Mini HS Stereo)
[2025.07.17-00.28.09:606][520]LogAudioMixer: Display: Initializing Sound Submixes...
[2025.07.17-00.28.09:606][520]LogAudioMixer: Display: Creating Master Submix 'MasterSubmixDefault'
[2025.07.17-00.28.09:606][520]LogAudioMixer: Display: Creating Master Submix 'MasterReverbSubmixDefault'
[2025.07.17-00.28.09:612][520]LogAudioMixer: Display: Creating Master Submix 'MasterEQSubmixDefault'
[2025.07.17-00.28.09:612][520]LogAudioMixer: FMixerPlatformXAudio2::StartAudioStream() called
[2025.07.17-00.28.09:612][520]LogAudioMixer: Display: Output buffers initialized: Frames=1024, Channels=2, Samples=2048
[2025.07.17-00.28.09:614][520]LogAudioMixer: Display: Starting AudioMixerPlatformInterface::RunInternal()
[2025.07.17-00.28.09:614][520]LogAudioMixer: Display: FMixerPlatformXAudio2::SubmitBuffer() called for the first time
[2025.07.17-00.28.09:614][520]LogInit: FAudioDevice initialized.
[2025.07.17-00.28.09:614][520]LogAudio: Display: Audio Device (ID: 10) registered with world 'ThirdPersonExampleMap'.
[2025.07.17-00.28.09:635][520]LogLoad: Game class is 'ReglasJuego_C'
[2025.07.17-00.28.09:646][520]LogWorld: Bringing World /Game/ThirdPersonBP/Maps/UEDPIE_0_ThirdPersonExampleMap.ThirdPersonExampleMap up for play (max tick rate 60) at 2025.07.16-21.28.09
[2025.07.17-00.28.09:647][520]LogWorld: Bringing up level for play took: 0.010427
[2025.07.17-00.28.09:648][520]LogOnline: OSS: Creating online subsystem instance for: :Context_39
[2025.07.17-00.28.09:651][520]LogBlueprintUserMessages: [plataforma_2] Buenas buenas!
[2025.07.17-00.28.09:655][520]PIE: Server logged in
[2025.07.17-00.28.09:657][520]PIE: Play in editor total start time 0.904 seconds.
[2025.07.17-00.28.13:006][717]LogBlueprintUserMessages: [ReglasJuego_C_0] El puntaje subio!
[2025.07.17-00.28.13:006][717]LogBlueprintUserMessages: [ReglasJuego_C_0] 2
[2025.07.17-00.28.14:066][780]LogBlueprintUserMessages: [bala_C_6] El peoncito perdio 10 de vida!!!!
[2025.07.17-00.28.14:500][806]LogBlueprintUserMessages: [ReglasJuego_C_0] El puntaje subio!
[2025.07.17-00.28.14:501][806]LogBlueprintUserMessages: [ReglasJuego_C_0] 4
[2025.07.17-00.28.15:263][851]LogBlueprintUserMessages: [bala_C_12] Le reste 25 al bad fella
[2025.07.17-00.28.15:481][864]LogBlueprintUserMessages: [bala_C_9] El peoncito perdio 10 de vida!!!!
[2025.07.17-00.28.18:267][ 29]LogBlueprintUserMessages: [bala_C_19] Le reste 25 al bad fella
[2025.07.17-00.28.19:665][113]LogBlueprintUserMessages: [bala_C_23] El peoncito perdio 10 de vida!!!!
[2025.07.17-00.28.19:716][116]LogBlueprintUserMessages: [bala_C_25] Le reste 50 al bad guy
[2025.07.17-00.28.20:002][133]LogBlueprintUserMessages: [bala_C_26] Le reste 50 al bad guy
[2025.07.17-00.28.20:016][134]LogBlueprintUserMessages: [bad_guy2_2] Bad guy  Destruido!
[2025.07.17-00.28.24:405][397]LogBlueprintUserMessages: [Curador_2] Le di vida al peoncito! ahora tiene:
[2025.07.17-00.28.24:405][397]LogBlueprintUserMessages: [Curador_2] 70.0
[2025.07.17-00.28.24:405][397]LogBlueprintUserMessages: [Curador_2] El curador ya curo las siguientes veces:
[2025.07.17-00.28.24:406][397]LogBlueprintUserMessages: [Curador_2] 1.0
[2025.07.17-00.28.25:271][448]LogBlueprintUserMessages: [ReglasJuego_C_0] El puntaje subio!
[2025.07.17-00.28.25:271][448]LogBlueprintUserMessages: [ReglasJuego_C_0] 6
[2025.07.17-00.28.27:278][567]LogBlueprintUserMessages: [bala_C_38] Le reste 25 al bad fella
[2025.07.17-00.28.30:282][747]LogBlueprintUserMessages: [bala_C_45] Le reste 25 al bad fella
[2025.07.17-00.28.30:297][748]LogBlueprintUserMessages: [bad_fella_2] Bad fella  Destruido!
[2025.07.17-00.28.34:101][975]LogBlueprintUserMessages: [ReglasJuego_C_0] El puntaje subio!
[2025.07.17-00.28.34:101][975]LogBlueprintUserMessages: [ReglasJuego_C_0] 8
[2025.07.17-00.28.34:617][  6]LogBlueprintUserMessages: [ReglasJuego_C_0] El puntaje subio!
[2025.07.17-00.28.34:617][  6]LogBlueprintUserMessages: [ReglasJuego_C_0] 10
[2025.07.17-00.28.36:003][ 89]LogBlueprintUserMessages: [bala_C_54] Le reste 25 a la torreta
[2025.07.17-00.28.36:003][ 89]LogBlueprintUserMessages: [Torreta_2] algo me ataveso!
[2025.07.17-00.28.36:054][ 92]LogBlueprintUserMessages: [ReglasJuego_C_0] El puntaje subio!
[2025.07.17-00.28.36:054][ 92]LogBlueprintUserMessages: [ReglasJuego_C_0] 12
[2025.07.17-00.28.36:287][106]LogBlueprintUserMessages: [bala_C_55] Le reste 25 al bad fella
[2025.07.17-00.28.37:417][173]LogBlueprintUserMessages: [bala_C_55] El peoncito perdio 10 de vida!!!!
[2025.07.17-00.28.37:817][197]LogBlueprintUserMessages: [bala_C_58] Le reste 25 a la torreta
[2025.07.17-00.28.37:817][197]LogBlueprintUserMessages: [Torreta_2] algo me ataveso!
[2025.07.17-00.28.37:833][198]LogBlueprintUserMessages: [Torreta_2] Torreta Destruida!
[2025.07.17-00.28.47:219][760]LogBlueprintUserMessages: [Curador_2] no te puedo curar porque tu vida es mayor a 80, volve cuando tengas menos!
[2025.07.17-00.28.51:168][994]LogBlueprintUserMessages: [bala_C_71] El peoncito perdio 10 de vida!!!!
[2025.07.17-00.28.51:897][ 34]LogBlueprintUserMessages: [bala_C_72] Le reste 50 al bad guy
[2025.07.17-00.28.52:084][ 45]LogBlueprintUserMessages: [bala_C_74] Le reste 50 al bad guy
[2025.07.17-00.28.52:101][ 46]LogBlueprintUserMessages: [bad_guy_5] Bad guy  Destruido!
[2025.07.17-00.28.52:184][ 51]LogBlueprintUserMessages: [bala_C_73] El peoncito perdio 10 de vida!!!!
[2025.07.17-00.28.52:200][ 52]LogBlueprintUserMessages: [bala_C_73] El peoncito perdio 10 de vida!!!!
[2025.07.17-00.28.52:218][ 53]LogBlueprintUserMessages: [bala_C_73] El peoncito perdio 10 de vida!!!!
[2025.07.17-00.28.52:235][ 54]LogBlueprintUserMessages: [bala_C_73] El peoncito perdio 10 de vida!!!!
[2025.07.17-00.28.55:504][249]LogBlueprintUserMessages: [ReglasJuego_C_0] El puntaje subio!
[2025.07.17-00.28.55:504][249]LogBlueprintUserMessages: [ReglasJuego_C_0] 14
[2025.07.17-00.28.55:920][274]LogBlueprintUserMessages: [ReglasJuego_C_0] El puntaje subio!
[2025.07.17-00.28.55:920][274]LogBlueprintUserMessages: [ReglasJuego_C_0] 16
[2025.07.17-00.28.57:307][356]LogBlueprintUserMessages: [bala_C_78] Le reste 25 a la torreta
[2025.07.17-00.28.57:307][356]LogBlueprintUserMessages: [Torreta3_2] algo me ataveso!
[2025.07.17-00.28.57:657][377]LogBlueprintUserMessages: [bala_C_79] Le reste 25 a la torreta
[2025.07.17-00.28.57:657][377]LogBlueprintUserMessages: [Torreta3_2] algo me ataveso!
[2025.07.17-00.28.57:673][378]LogBlueprintUserMessages: [Torreta3_2] Torreta Destruida!
[2025.07.17-00.29.03:317][714]LogBlueprintUserMessages: [ReglasJuego_C_0] El puntaje subio!
[2025.07.17-00.29.03:317][714]LogBlueprintUserMessages: [ReglasJuego_C_0] 18
[2025.07.17-00.29.04:601][791]LogBlueprintUserMessages: [ReglasJuego_C_0] El puntaje subio!
[2025.07.17-00.29.04:601][791]LogBlueprintUserMessages: [ReglasJuego_C_0] 20
[2025.07.17-00.29.09:118][ 62]LogBlueprintUserMessages: [ReglasJuego_C_0] El puntaje subio!
[2025.07.17-00.29.09:118][ 62]LogBlueprintUserMessages: [ReglasJuego_C_0] 22
[2025.07.17-00.29.09:852][103]LogSlate: Updating window title bar state: overlay mode, drag disabled, window buttons hidden, title bar hidden
[2025.07.17-00.29.09:852][103]LogWorld: BeginTearingDown for /Game/ThirdPersonBP/Maps/UEDPIE_0_ThirdPersonExampleMap
[2025.07.17-00.29.09:853][103]LogWorld: UWorld::CleanupWorld for ThirdPersonExampleMap, bSessionEnded=true, bCleanupResources=true
[2025.07.17-00.29.09:854][103]LogSlate: InvalidateAllWidgets triggered.  All widgets were invalidated
[2025.07.17-00.29.09:870][103]LogPlayLevel: Display: Shutting down PIE online subsystems
[2025.07.17-00.29.09:903][103]LogSlate: InvalidateAllWidgets triggered.  All widgets were invalidated
[2025.07.17-00.29.09:950][103]LogAudio: Display: Audio Device unregistered from world 'None'.
[2025.07.17-00.29.09:951][103]LogAudioMixer: FMixerPlatformXAudio2::StopAudioStream() called
[2025.07.17-00.29.09:952][103]LogAudioMixer: FMixerPlatformXAudio2::StopAudioStream() called
[2025.07.17-00.29.09:956][103]LogSlate: Updating window title bar state: overlay mode, drag disabled, window buttons hidden, title bar hidden
[2025.07.17-00.29.09:962][103]LogUObjectHash: Compacting FUObjectHashTables data took   3.95ms
[2025.07.17-00.29.10:072][104]LogPlayLevel: Display: Destroying online subsystem :Context_39
[2025.07.17-00.29.10:898][150]LogEditorViewport: Clicking on Actor (LMB): Moneda_C (Moneda14)
[2025.07.17-00.29.18:881][616]LogUObjectHash: Compacting FUObjectHashTables data took   3.47ms
[2025.07.17-00.29.18:963][616]LogSavePackage: Moving '../../../../../UTN-e-learning/Unreal-Engine/Unreal-Projects/TP_PreEntrega/Saved/ThirdPersonExampleMapB030EC1149047EFA78571BA42BDE5636.tmp' to '../../../../../UTN-e-learning/Unreal-Engine/Unreal-Projects/TP_PreEntrega/Content/ThirdPersonBP/Maps/ThirdPersonExampleMap.umap'
[2025.07.17-00.29.19:262][616]LogSavePackage: Moving '../../../../../UTN-e-learning/Unreal-Engine/Unreal-Projects/TP_PreEntrega/Saved/ThirdPersonExampleMap_BuiltData4E6DD35A42408669A91ECD837DD9FF09.tmp' to '../../../../../UTN-e-learning/Unreal-Engine/Unreal-Projects/TP_PreEntrega/Content/ThirdPersonBP/Maps/ThirdPersonExampleMap_BuiltData.uasset'
[2025.07.17-00.29.19:296][616]AssetCheck: New page: Asset Save: multiple assets
[2025.07.17-00.29.19:296][616]LogContentValidation: Display: Validating MapBuildDataRegistry /Game/ThirdPersonBP/Maps/ThirdPersonExampleMap_BuiltData.ThirdPersonExampleMap_BuiltData
[2025.07.17-00.29.19:296][616]LogContentValidation: Display: Validating World /Game/ThirdPersonBP/Maps/ThirdPersonExampleMap.ThirdPersonExampleMap
[2025.07.17-00.29.20:955][708]LogTemp: Repeating last play command: Selected Viewport
[2025.07.17-00.29.20:997][708]LogPlayLevel: PlayLevel: No blueprints needed recompiling
[2025.07.17-00.29.20:998][708]PIE: New page: PIE session: ThirdPersonExampleMap (Jul 16, 2025, 6:29:20 PM)
[2025.07.17-00.29.20:998][708]LogPlayLevel: Creating play world package: /Game/ThirdPersonBP/Maps/UEDPIE_0_ThirdPersonExampleMap
[2025.07.17-00.29.21:026][708]LogPlayLevel: PIE: StaticDuplicateObject took: (0.027504s)
[2025.07.17-00.29.21:028][708]LogAIModule: Creating AISystem for world ThirdPersonExampleMap
[2025.07.17-00.29.21:028][708]LogPlayLevel: PIE: World Init took: (0.002737s)
[2025.07.17-00.29.21:028][708]LogPlayLevel: PIE: Created PIE world by copying editor world from /Game/ThirdPersonBP/Maps/ThirdPersonExampleMap.ThirdPersonExampleMap to /Game/ThirdPersonBP/Maps/UEDPIE_0_ThirdPersonExampleMap.ThirdPersonExampleMap (0.030546s)
[2025.07.17-00.29.21:098][708]LogUObjectHash: Compacting FUObjectHashTables data took   3.98ms
[2025.07.17-00.29.21:101][708]LogAudio: Display: Creating Audio Device:                 Id: 11, Scope: Unique, Realtime: True
[2025.07.17-00.29.21:101][708]LogAudioMixer: Display: Audio Mixer Platform Settings:
[2025.07.17-00.29.21:101][708]LogAudioMixer: Display: 	Sample Rate:						  48000
[2025.07.17-00.29.21:101][708]LogAudioMixer: Display: 	Callback Buffer Frame Size Requested: 1024
[2025.07.17-00.29.21:101][708]LogAudioMixer: Display: 	Callback Buffer Frame Size To Use:	  1024
[2025.07.17-00.29.21:101][708]LogAudioMixer: Display: 	Number of buffers to queue:			  2
[2025.07.17-00.29.21:101][708]LogAudioMixer: Display: 	Max Channels (voices):				  32
[2025.07.17-00.29.21:101][708]LogAudioMixer: Display: 	Number of Async Source Workers:		  0
[2025.07.17-00.29.21:101][708]LogAudio: Display: AudioDevice MaxSources: 32
[2025.07.17-00.29.21:101][708]LogAudio: Display: Audio Spatialization Plugin: None (built-in).
[2025.07.17-00.29.21:102][708]LogAudio: Display: Audio Reverb Plugin: None (built-in).
[2025.07.17-00.29.21:102][708]LogAudio: Display: Audio Occlusion Plugin: None (built-in).
[2025.07.17-00.29.21:102][708]LogAudioMixer: Display: Initializing audio mixer.
[2025.07.17-00.29.21:108][708]LogAudioMixer: Display: 0: FrontLeft
[2025.07.17-00.29.21:108][708]LogAudioMixer: Display: 1: FrontRight
[2025.07.17-00.29.21:124][708]LogAudioMixer: Display: Using Audio Device Headphones (SOUNDPEATS Mini HS Stereo)
[2025.07.17-00.29.21:126][708]LogAudioMixer: Display: Initializing Sound Submixes...
[2025.07.17-00.29.21:126][708]LogAudioMixer: Display: Creating Master Submix 'MasterSubmixDefault'
[2025.07.17-00.29.21:126][708]LogAudioMixer: Display: Creating Master Submix 'MasterReverbSubmixDefault'
[2025.07.17-00.29.21:127][708]LogAudioMixer: Display: Creating Master Submix 'MasterEQSubmixDefault'
[2025.07.17-00.29.21:127][708]LogAudioMixer: FMixerPlatformXAudio2::StartAudioStream() called
[2025.07.17-00.29.21:127][708]LogAudioMixer: Display: Output buffers initialized: Frames=1024, Channels=2, Samples=2048
[2025.07.17-00.29.21:127][708]LogAudioMixer: Display: Starting AudioMixerPlatformInterface::RunInternal()
[2025.07.17-00.29.21:127][708]LogAudioMixer: Display: FMixerPlatformXAudio2::SubmitBuffer() called for the first time
[2025.07.17-00.29.21:127][708]LogInit: FAudioDevice initialized.
[2025.07.17-00.29.21:127][708]LogAudio: Display: Audio Device (ID: 11) registered with world 'ThirdPersonExampleMap'.
[2025.07.17-00.29.21:140][708]LogLoad: Game class is 'ReglasJuego_C'
[2025.07.17-00.29.21:148][708]LogWorld: Bringing World /Game/ThirdPersonBP/Maps/UEDPIE_0_ThirdPersonExampleMap.ThirdPersonExampleMap up for play (max tick rate 60) at 2025.07.16-21.29.21
[2025.07.17-00.29.21:148][708]LogWorld: Bringing up level for play took: 0.007038
[2025.07.17-00.29.21:148][708]LogOnline: OSS: Creating online subsystem instance for: :Context_40
[2025.07.17-00.29.21:150][708]LogBlueprintUserMessages: [plataforma_2] Buenas buenas!
[2025.07.17-00.29.21:152][708]PIE: Server logged in
[2025.07.17-00.29.21:153][708]PIE: Play in editor total start time 0.181 seconds.
[2025.07.17-00.29.23:157][825]LogBlueprintUserMessages: [bala_C_1] El peoncito perdio 10 de vida!!!!
[2025.07.17-00.29.23:949][872]LogBlueprintUserMessages: [bala_C_6] Le reste 25 al bad fella
[2025.07.17-00.29.23:986][874]LogBlueprintUserMessages: [bala_C_0] El peoncito perdio 10 de vida!!!!
[2025.07.17-00.29.24:002][875]LogBlueprintUserMessages: [bala_C_0] El peoncito perdio 10 de vida!!!!
[2025.07.17-00.29.24:018][876]LogBlueprintUserMessages: [bala_C_0] El peoncito perdio 10 de vida!!!!
[2025.07.17-00.29.26:281][ 11]LogBlueprintUserMessages: [Balaza2_C_1] Le reste 50 al peoncito
[2025.07.17-00.29.26:952][ 51]LogBlueprintUserMessages: [Balaza2_C_2] Le reste 50 al peoncito
[2025.07.17-00.29.26:956][ 51]LogBlueprintUserMessages: [peoncito_2] El peoncito murio
[2025.07.17-00.29.26:956][ 51]LogBlueprintUserMessages: [ReglasJuego_C_0] Noo, perdiste!
[2025.07.17-00.29.26:965][ 51]LogScript: Warning: Accessed None trying to read property K2Node_DynamicCast_AsPeoncito
	BarraVIda_C /Engine/Transient.UnrealEdEngine_0:GameInstance_9.BarraVIda_C_0
	Function /Game/ThirdPersonBP/Blueprints/blueprints/BarraVIda.BarraVIda_C:GetText_0:0099
[2025.07.17-00.29.26:966][ 51]PIE: Error: Blueprint Runtime Error: "Accessed None trying to read property K2Node_DynamicCast_AsPeoncito". Blueprint:  BarraVIda Function:  Get Text 0 Graph:  GetText_0 Node:  Return Node
[2025.07.17-00.29.26:973][ 52]LogNet: Browse: /Game/ThirdPersonBP/Maps/Perdiste_Level
[2025.07.17-00.29.26:973][ 52]LogLoad: LoadMap: /Game/ThirdPersonBP/Maps/Perdiste_Level
[2025.07.17-00.29.26:973][ 52]LogWorld: BeginTearingDown for /Game/ThirdPersonBP/Maps/UEDPIE_0_ThirdPersonExampleMap
[2025.07.17-00.29.26:973][ 52]LogWorld: UWorld::CleanupWorld for ThirdPersonExampleMap, bSessionEnded=true, bCleanupResources=true
[2025.07.17-00.29.26:978][ 52]LogSlate: InvalidateAllWidgets triggered.  All widgets were invalidated
[2025.07.17-00.29.27:071][ 52]LogAudio: Display: Audio Device unregistered from world 'None'.
[2025.07.17-00.29.27:080][ 52]LogUObjectHash: Compacting FUObjectHashTables data took   4.62ms
[2025.07.17-00.29.27:123][ 52]LogAudio: Display: Audio Device (ID: 11) registered with world 'Perdiste_Level'.
[2025.07.17-00.29.27:125][ 52]LogAIModule: Creating AISystem for world Perdiste_Level
[2025.07.17-00.29.27:125][ 52]LogLoad: Game class is 'ReglasJuego_C'
[2025.07.17-00.29.27:187][ 52]LogWorld: Bringing World /Game/ThirdPersonBP/Maps/UEDPIE_0_Perdiste_Level.Perdiste_Level up for play (max tick rate 60) at 2025.07.16-21.29.27
[2025.07.17-00.29.27:188][ 52]LogWorld: Bringing up level for play took: 0.061201
[2025.07.17-00.29.27:188][ 52]LogGameMode: FindPlayerStart: PATHS NOT DEFINED or NO PLAYERSTART with positive rating
[2025.07.17-00.29.27:191][ 52]LogBlueprintUserMessages: [plataforma_2] Buenas buenas!
[2025.07.17-00.29.27:192][ 52]LogLoad: Took 0.219049 seconds to LoadMap(/Game/ThirdPersonBP/Maps/Perdiste_Level)
[2025.07.17-00.29.27:236][ 52]PIE: Error: Blueprint Runtime Error: "Accessed None trying to read property K2Node_DynamicCast_AsPeoncito". Blueprint:  BarraVIda Function:  Get Text 0 Graph:  GetText_0 Node:  Return Node
[2025.07.17-00.29.27:249][ 53]PIE: Error: Blueprint Runtime Error: "Accessed None trying to read property K2Node_DynamicCast_AsPeoncito". Blueprint:  BarraVIda Function:  Get Text 0 Graph:  GetText_0 Node:  Return Node
[2025.07.17-00.29.27:263][ 54]PIE: Error: Blueprint Runtime Error: "Accessed None trying to read property K2Node_DynamicCast_AsPeoncito". Blueprint:  BarraVIda Function:  Get Text 0 Graph:  GetText_0 Node:  Return Node
[2025.07.17-00.29.27:281][ 55]PIE: Error: Blueprint Runtime Error: "Accessed None trying to read property K2Node_DynamicCast_AsPeoncito". Blueprint:  BarraVIda Function:  Get Text 0 Graph:  GetText_0 Node:  Return Node
[2025.07.17-00.29.27:300][ 56]PIE: Error: Blueprint Runtime Error: "Accessed None trying to read property K2Node_DynamicCast_AsPeoncito". Blueprint:  BarraVIda Function:  Get Text 0 Graph:  GetText_0 Node:  Return Node
[2025.07.17-00.29.27:315][ 57]PIE: Error: Blueprint Runtime Error: "Accessed None trying to read property K2Node_DynamicCast_AsPeoncito". Blueprint:  BarraVIda Function:  Get Text 0 Graph:  GetText_0 Node:  Return Node
[2025.07.17-00.29.27:331][ 58]PIE: Error: Blueprint Runtime Error: "Accessed None trying to read property K2Node_DynamicCast_AsPeoncito". Blueprint:  BarraVIda Function:  Get Text 0 Graph:  GetText_0 Node:  Return Node
[2025.07.17-00.29.27:353][ 59]PIE: Error: Blueprint Runtime Error: "Accessed None trying to read property K2Node_DynamicCast_AsPeoncito". Blueprint:  BarraVIda Function:  Get Text 0 Graph:  GetText_0 Node:  Return Node
[2025.07.17-00.29.27:367][ 60]PIE: Error: Blueprint Runtime Error: "Accessed None trying to read property K2Node_DynamicCast_AsPeoncito". Blueprint:  BarraVIda Function:  Get Text 0 Graph:  GetText_0 Node:  Return Node
[2025.07.17-00.29.27:381][ 61]PIE: Error: Blueprint Runtime Error: "Accessed None trying to read property K2Node_DynamicCast_AsPeoncito". Blueprint:  BarraVIda Function:  Get Text 0 Graph:  GetText_0 Node:  Return Node
[2025.07.17-00.29.27:403][ 62]PIE: Error: Blueprint Runtime Error: "Accessed None trying to read property K2Node_DynamicCast_AsPeoncito". Blueprint:  BarraVIda Function:  Get Text 0 Graph:  GetText_0 Node:  Return Node
[2025.07.17-00.29.27:415][ 63]PIE: Error: Blueprint Runtime Error: "Accessed None trying to read property K2Node_DynamicCast_AsPeoncito". Blueprint:  BarraVIda Function:  Get Text 0 Graph:  GetText_0 Node:  Return Node
[2025.07.17-00.29.27:432][ 64]PIE: Error: Blueprint Runtime Error: "Accessed None trying to read property K2Node_DynamicCast_AsPeoncito". Blueprint:  BarraVIda Function:  Get Text 0 Graph:  GetText_0 Node:  Return Node
[2025.07.17-00.29.27:448][ 65]PIE: Error: Blueprint Runtime Error: "Accessed None trying to read property K2Node_DynamicCast_AsPeoncito". Blueprint:  BarraVIda Function:  Get Text 0 Graph:  GetText_0 Node:  Return Node
[2025.07.17-00.29.27:464][ 66]PIE: Error: Blueprint Runtime Error: "Accessed None trying to read property K2Node_DynamicCast_AsPeoncito". Blueprint:  BarraVIda Function:  Get Text 0 Graph:  GetText_0 Node:  Return Node
[2025.07.17-00.29.27:481][ 67]PIE: Error: Blueprint Runtime Error: "Accessed None trying to read property K2Node_DynamicCast_AsPeoncito". Blueprint:  BarraVIda Function:  Get Text 0 Graph:  GetText_0 Node:  Return Node
[2025.07.17-00.29.27:498][ 68]PIE: Error: Blueprint Runtime Error: "Accessed None trying to read property K2Node_DynamicCast_AsPeoncito". Blueprint:  BarraVIda Function:  Get Text 0 Graph:  GetText_0 Node:  Return Node
[2025.07.17-00.29.27:514][ 69]PIE: Error: Blueprint Runtime Error: "Accessed None trying to read property K2Node_DynamicCast_AsPeoncito". Blueprint:  BarraVIda Function:  Get Text 0 Graph:  GetText_0 Node:  Return Node
[2025.07.17-00.29.27:531][ 70]PIE: Error: Blueprint Runtime Error: "Accessed None trying to read property K2Node_DynamicCast_AsPeoncito". Blueprint:  BarraVIda Function:  Get Text 0 Graph:  GetText_0 Node:  Return Node
[2025.07.17-00.29.27:548][ 71]PIE: Error: Blueprint Runtime Error: "Accessed None trying to read property K2Node_DynamicCast_AsPeoncito". Blueprint:  BarraVIda Function:  Get Text 0 Graph:  GetText_0 Node:  Return Node
[2025.07.17-00.29.27:564][ 72]PIE: Error: Blueprint Runtime Error: "Accessed None trying to read property K2Node_DynamicCast_AsPeoncito". Blueprint:  BarraVIda Function:  Get Text 0 Graph:  GetText_0 Node:  Return Node
[2025.07.17-00.29.27:581][ 73]PIE: Error: Blueprint Runtime Error: "Accessed None trying to read property K2Node_DynamicCast_AsPeoncito". Blueprint:  BarraVIda Function:  Get Text 0 Graph:  GetText_0 Node:  Return Node
[2025.07.17-00.29.27:598][ 74]PIE: Error: Blueprint Runtime Error: "Accessed None trying to read property K2Node_DynamicCast_AsPeoncito". Blueprint:  BarraVIda Function:  Get Text 0 Graph:  GetText_0 Node:  Return Node
[2025.07.17-00.29.27:615][ 75]PIE: Error: Blueprint Runtime Error: "Accessed None trying to read property K2Node_DynamicCast_AsPeoncito". Blueprint:  BarraVIda Function:  Get Text 0 Graph:  GetText_0 Node:  Return Node
[2025.07.17-00.29.27:632][ 76]PIE: Error: Blueprint Runtime Error: "Accessed None trying to read property K2Node_DynamicCast_AsPeoncito". Blueprint:  BarraVIda Function:  Get Text 0 Graph:  GetText_0 Node:  Return Node
[2025.07.17-00.29.27:648][ 77]PIE: Error: Blueprint Runtime Error: "Accessed None trying to read property K2Node_DynamicCast_AsPeoncito". Blueprint:  BarraVIda Function:  Get Text 0 Graph:  GetText_0 Node:  Return Node
[2025.07.17-00.29.27:666][ 78]PIE: Error: Blueprint Runtime Error: "Accessed None trying to read property K2Node_DynamicCast_AsPeoncito". Blueprint:  BarraVIda Function:  Get Text 0 Graph:  GetText_0 Node:  Return Node
[2025.07.17-00.29.27:682][ 79]PIE: Error: Blueprint Runtime Error: "Accessed None trying to read property K2Node_DynamicCast_AsPeoncito". Blueprint:  BarraVIda Function:  Get Text 0 Graph:  GetText_0 Node:  Return Node
[2025.07.17-00.29.27:698][ 80]PIE: Error: Blueprint Runtime Error: "Accessed None trying to read property K2Node_DynamicCast_AsPeoncito". Blueprint:  BarraVIda Function:  Get Text 0 Graph:  GetText_0 Node:  Return Node
[2025.07.17-00.29.27:715][ 81]PIE: Error: Blueprint Runtime Error: "Accessed None trying to read property K2Node_DynamicCast_AsPeoncito". Blueprint:  BarraVIda Function:  Get Text 0 Graph:  GetText_0 Node:  Return Node
[2025.07.17-00.29.27:731][ 82]PIE: Error: Blueprint Runtime Error: "Accessed None trying to read property K2Node_DynamicCast_AsPeoncito". Blueprint:  BarraVIda Function:  Get Text 0 Graph:  GetText_0 Node:  Return Node
[2025.07.17-00.29.27:747][ 83]PIE: Error: Blueprint Runtime Error: "Accessed None trying to read property K2Node_DynamicCast_AsPeoncito". Blueprint:  BarraVIda Function:  Get Text 0 Graph:  GetText_0 Node:  Return Node
[2025.07.17-00.29.27:765][ 84]PIE: Error: Blueprint Runtime Error: "Accessed None trying to read property K2Node_DynamicCast_AsPeoncito". Blueprint:  BarraVIda Function:  Get Text 0 Graph:  GetText_0 Node:  Return Node
[2025.07.17-00.29.27:782][ 85]PIE: Error: Blueprint Runtime Error: "Accessed None trying to read property K2Node_DynamicCast_AsPeoncito". Blueprint:  BarraVIda Function:  Get Text 0 Graph:  GetText_0 Node:  Return Node
[2025.07.17-00.29.27:798][ 86]PIE: Error: Blueprint Runtime Error: "Accessed None trying to read property K2Node_DynamicCast_AsPeoncito". Blueprint:  BarraVIda Function:  Get Text 0 Graph:  GetText_0 Node:  Return Node
[2025.07.17-00.29.27:815][ 87]PIE: Error: Blueprint Runtime Error: "Accessed None trying to read property K2Node_DynamicCast_AsPeoncito". Blueprint:  BarraVIda Function:  Get Text 0 Graph:  GetText_0 Node:  Return Node
[2025.07.17-00.29.27:831][ 88]PIE: Error: Blueprint Runtime Error: "Accessed None trying to read property K2Node_DynamicCast_AsPeoncito". Blueprint:  BarraVIda Function:  Get Text 0 Graph:  GetText_0 Node:  Return Node
[2025.07.17-00.29.27:848][ 89]PIE: Error: Blueprint Runtime Error: "Accessed None trying to read property K2Node_DynamicCast_AsPeoncito". Blueprint:  BarraVIda Function:  Get Text 0 Graph:  GetText_0 Node:  Return Node
[2025.07.17-00.29.27:908][ 90]LogSlate: Updating window title bar state: overlay mode, drag disabled, window buttons hidden, title bar hidden
[2025.07.17-00.29.27:908][ 90]LogWorld: BeginTearingDown for /Game/ThirdPersonBP/Maps/UEDPIE_0_Perdiste_Level
[2025.07.17-00.29.27:909][ 90]LogWorld: UWorld::CleanupWorld for Perdiste_Level, bSessionEnded=true, bCleanupResources=true
[2025.07.17-00.29.27:910][ 90]LogSlate: InvalidateAllWidgets triggered.  All widgets were invalidated
[2025.07.17-00.29.27:918][ 90]LogPlayLevel: Display: Shutting down PIE online subsystems
[2025.07.17-00.29.27:931][ 90]LogSlate: InvalidateAllWidgets triggered.  All widgets were invalidated
[2025.07.17-00.29.27:981][ 90]LogAudio: Display: Audio Device unregistered from world 'None'.
[2025.07.17-00.29.27:981][ 90]LogAudioMixer: FMixerPlatformXAudio2::StopAudioStream() called
[2025.07.17-00.29.27:983][ 90]LogAudioMixer: FMixerPlatformXAudio2::StopAudioStream() called
[2025.07.17-00.29.27:986][ 90]LogSlate: Updating window title bar state: overlay mode, drag disabled, window buttons hidden, title bar hidden
[2025.07.17-00.29.27:993][ 90]LogUObjectHash: Compacting FUObjectHashTables data took   3.93ms
[2025.07.17-00.29.28:231][ 91]LogPlayLevel: Display: Destroying online subsystem :Context_40
[2025.07.17-00.29.29:719][163]LogSlate: Window 'Message Log' being destroyed
[2025.07.17-00.29.29:742][163]LogSlate: Window 'Message Log' being destroyed
[2025.07.17-00.31.50:664][609]LogEditorViewport: Clicking on Actor (LMB): StaticMeshActor (Linear_Stair_StaticMesh)
[2025.07.17-00.31.51:674][664]LogEditorViewport: Clicking on Actor (LMB): StaticMeshActor (Linear_Stair_StaticMesh)
[2025.07.17-00.31.51:792][670]LogEditorViewport: Clicking on Component (LMB): StaticMeshComponent (StaticMeshComponent0)
[2025.07.17-00.31.52:601][715]LogEditorViewport: Clicking on Component (LMB): StaticMeshComponent (StaticMeshComponent0)
[2025.07.17-00.31.52:683][717]LogEditorViewport: Clicking on Actor (double click): StaticMeshActor (Linear_Stair_StaticMesh)
[2025.07.17-00.32.58:264][775]LogSavePackage: Moving '../../../../../UTN-e-learning/Unreal-Engine/Unreal-Projects/TP_PreEntrega/Saved/CharacterChild992B502447995A5E2E6815BB06C7BE80.tmp' to '../../../../../UTN-e-learning/Unreal-Engine/Unreal-Projects/TP_PreEntrega/Content/ThirdPersonBP/Blueprints/blueprints/CharacterChild.uasset'
[2025.07.17-00.32.58:314][775]AssetCheck: New page: Asset Save: CharacterChild
[2025.07.17-00.32.58:314][775]LogContentValidation: Display: Validating Blueprint /Game/ThirdPersonBP/Blueprints/blueprints/CharacterChild.CharacterChild
[2025.07.17-00.32.59:398][808]LogTemp: Repeating last play command: Selected Viewport
[2025.07.17-00.32.59:436][808]BlueprintLog: New page: Pre-Play auto-recompile
[2025.07.17-00.32.59:437][808]LogPlayLevel: [PlayLevel] Compiling CharacterChild before play...
[2025.07.17-00.32.59:590][808]LogUObjectHash: Compacting FUObjectHashTables data took   5.67ms
[2025.07.17-00.32.59:596][808]LogPlayLevel: PlayLevel: Blueprint regeneration took 161 ms (1 blueprints)
[2025.07.17-00.32.59:597][808]PIE: New page: PIE session: ThirdPersonExampleMap (Jul 16, 2025, 6:32:59 PM)
[2025.07.17-00.32.59:635][808]LogPlayLevel: Creating play world package: /Game/ThirdPersonBP/Maps/UEDPIE_0_ThirdPersonExampleMap
[2025.07.17-00.32.59:662][808]LogPlayLevel: PIE: StaticDuplicateObject took: (0.026740s)
[2025.07.17-00.32.59:663][808]LogAIModule: Creating AISystem for world ThirdPersonExampleMap
[2025.07.17-00.32.59:664][808]LogPlayLevel: PIE: World Init took: (0.001629s)
[2025.07.17-00.32.59:664][808]LogPlayLevel: PIE: Created PIE world by copying editor world from /Game/ThirdPersonBP/Maps/ThirdPersonExampleMap.ThirdPersonExampleMap to /Game/ThirdPersonBP/Maps/UEDPIE_0_ThirdPersonExampleMap.ThirdPersonExampleMap (0.028689s)
[2025.07.17-00.32.59:718][808]LogUObjectHash: Compacting FUObjectHashTables data took   3.93ms
[2025.07.17-00.32.59:718][808]LogAudio: Display: Creating Audio Device:                 Id: 12, Scope: Unique, Realtime: True
[2025.07.17-00.32.59:718][808]LogAudioMixer: Display: Audio Mixer Platform Settings:
[2025.07.17-00.32.59:718][808]LogAudioMixer: Display: 	Sample Rate:						  48000
[2025.07.17-00.32.59:719][808]LogAudioMixer: Display: 	Callback Buffer Frame Size Requested: 1024
[2025.07.17-00.32.59:719][808]LogAudioMixer: Display: 	Callback Buffer Frame Size To Use:	  1024
[2025.07.17-00.32.59:719][808]LogAudioMixer: Display: 	Number of buffers to queue:			  2
[2025.07.17-00.32.59:719][808]LogAudioMixer: Display: 	Max Channels (voices):				  32
[2025.07.17-00.32.59:719][808]LogAudioMixer: Display: 	Number of Async Source Workers:		  0
[2025.07.17-00.32.59:719][808]LogAudio: Display: AudioDevice MaxSources: 32
[2025.07.17-00.32.59:719][808]LogAudio: Display: Audio Spatialization Plugin: None (built-in).
[2025.07.17-00.32.59:719][808]LogAudio: Display: Audio Reverb Plugin: None (built-in).
[2025.07.17-00.32.59:719][808]LogAudio: Display: Audio Occlusion Plugin: None (built-in).
[2025.07.17-00.32.59:719][808]LogAudioMixer: Display: Initializing audio mixer.
[2025.07.17-00.32.59:726][808]LogAudioMixer: Display: 0: FrontLeft
[2025.07.17-00.32.59:726][808]LogAudioMixer: Display: 1: FrontRight
[2025.07.17-00.32.59:753][808]LogAudioMixer: Display: Using Audio Device Headphones (SOUNDPEATS Mini HS Stereo)
[2025.07.17-00.32.59:754][808]LogAudioMixer: Display: Initializing Sound Submixes...
[2025.07.17-00.32.59:754][808]LogAudioMixer: Display: Creating Master Submix 'MasterSubmixDefault'
[2025.07.17-00.32.59:754][808]LogAudioMixer: Display: Creating Master Submix 'MasterReverbSubmixDefault'
[2025.07.17-00.32.59:754][808]LogAudioMixer: Display: Creating Master Submix 'MasterEQSubmixDefault'
[2025.07.17-00.32.59:754][808]LogAudioMixer: FMixerPlatformXAudio2::StartAudioStream() called
[2025.07.17-00.32.59:754][808]LogAudioMixer: Display: Output buffers initialized: Frames=1024, Channels=2, Samples=2048
[2025.07.17-00.32.59:756][808]LogAudioMixer: Display: Starting AudioMixerPlatformInterface::RunInternal()
[2025.07.17-00.32.59:756][808]LogAudioMixer: Display: FMixerPlatformXAudio2::SubmitBuffer() called for the first time
[2025.07.17-00.32.59:756][808]LogInit: FAudioDevice initialized.
[2025.07.17-00.32.59:756][808]LogAudio: Display: Audio Device (ID: 12) registered with world 'ThirdPersonExampleMap'.
[2025.07.17-00.32.59:765][808]LogLoad: Game class is 'ReglasJuego_C'
[2025.07.17-00.32.59:776][808]LogWorld: Bringing World /Game/ThirdPersonBP/Maps/UEDPIE_0_ThirdPersonExampleMap.ThirdPersonExampleMap up for play (max tick rate 60) at 2025.07.16-21.32.59
[2025.07.17-00.32.59:776][808]LogWorld: Bringing up level for play took: 0.009105
[2025.07.17-00.32.59:776][808]LogOnline: OSS: Creating online subsystem instance for: :Context_41
[2025.07.17-00.32.59:779][808]LogBlueprintUserMessages: [plataforma_2] Buenas buenas!
[2025.07.17-00.32.59:782][808]PIE: Server logged in
[2025.07.17-00.32.59:783][808]PIE: Play in editor total start time 0.367 seconds.
[2025.07.17-00.33.05:424][112]LogBlueprintUserMessages: [bala_C_11] Le reste 25 al bad fella
[2025.07.17-00.33.05:425][112]LogBlueprintUserMessages: [bala_C_12] Le reste 25 al bad fella
[2025.07.17-00.33.06:283][155]LogBlueprintUserMessages: [bala_C_9] El peoncito perdio 10 de vida!!!!
[2025.07.17-00.33.07:772][235]LogBlueprintUserMessages: [bala_C_12] El peoncito perdio 10 de vida!!!!
[2025.07.17-00.33.07:878][241]LogBlueprintUserMessages: [bala_C_16] El peoncito perdio 10 de vida!!!!
[2025.07.17-00.33.11:437][442]LogBlueprintUserMessages: [bala_C_26] Le reste 25 al bad fella
[2025.07.17-00.33.13:053][528]LogBlueprintUserMessages: [bala_C_25] El peoncito perdio 10 de vida!!!!
[2025.07.17-00.33.17:442][762]LogBlueprintUserMessages: [bala_C_40] Le reste 25 al bad fella
[2025.07.17-00.33.20:444][928]LogBlueprintUserMessages: [bala_C_47] Le reste 25 al bad fella
[2025.07.17-00.33.20:445][928]LogBlueprintUserMessages: [bala_C_48] Le reste 25 al bad fella
[2025.07.17-00.33.20:459][929]LogBlueprintUserMessages: [bad_fella_2] Bad fella  Destruido!
[2025.07.17-00.33.22:862][ 55]LogBlueprintUserMessages: [bala_C_52] El peoncito perdio 10 de vida!!!!
[2025.07.17-00.33.23:480][ 84]LogBlueprintUserMessages: [bala_C_51] El peoncito perdio 10 de vida!!!!
[2025.07.17-00.33.23:744][ 95]LogSlate: Updating window title bar state: overlay mode, drag disabled, window buttons hidden, title bar hidden
[2025.07.17-00.33.23:744][ 95]LogWorld: BeginTearingDown for /Game/ThirdPersonBP/Maps/UEDPIE_0_ThirdPersonExampleMap
[2025.07.17-00.33.23:744][ 95]LogWorld: UWorld::CleanupWorld for ThirdPersonExampleMap, bSessionEnded=true, bCleanupResources=true
[2025.07.17-00.33.23:748][ 95]LogSlate: InvalidateAllWidgets triggered.  All widgets were invalidated
[2025.07.17-00.33.23:771][ 95]LogPlayLevel: Display: Shutting down PIE online subsystems
[2025.07.17-00.33.23:814][ 95]LogSlate: InvalidateAllWidgets triggered.  All widgets were invalidated
[2025.07.17-00.33.23:856][ 95]LogAudio: Display: Audio Device unregistered from world 'None'.
[2025.07.17-00.33.23:857][ 95]LogAudioMixer: FMixerPlatformXAudio2::StopAudioStream() called
[2025.07.17-00.33.23:858][ 95]LogAudioMixer: FMixerPlatformXAudio2::StopAudioStream() called
[2025.07.17-00.33.23:861][ 95]LogSlate: Updating window title bar state: overlay mode, drag disabled, window buttons hidden, title bar hidden
[2025.07.17-00.33.23:867][ 95]LogUObjectHash: Compacting FUObjectHashTables data took   2.94ms
[2025.07.17-00.33.23:923][ 96]LogPlayLevel: Display: Destroying online subsystem :Context_41
[2025.07.17-00.33.30:251][436]LogEditorViewport: Clicking on Actor (LMB): StaticMeshActor (Linear_Stair_StaticMesh2)
[2025.07.17-00.33.53:531][524]LogSavePackage: Moving '../../../../../UTN-e-learning/Unreal-Engine/Unreal-Projects/TP_PreEntrega/Saved/CharacterChild3F935B214F81194B558885A76D1D6958.tmp' to '../../../../../UTN-e-learning/Unreal-Engine/Unreal-Projects/TP_PreEntrega/Content/ThirdPersonBP/Blueprints/blueprints/CharacterChild.uasset'
[2025.07.17-00.33.53:576][524]AssetCheck: New page: Asset Save: CharacterChild
[2025.07.17-00.33.53:576][524]LogContentValidation: Display: Validating Blueprint /Game/ThirdPersonBP/Blueprints/blueprints/CharacterChild.CharacterChild
[2025.07.17-00.34.01:516][836]LogAssetEditorSubsystem: Opening Asset editor for Blueprint /Game/ThirdPersonBP/Blueprints/blueprints/stairs.stairs
[2025.07.17-00.34.07:112][  4]LogEditorViewport: Clicking on Actor (LMB): stairs_C (stairs)
[2025.07.17-00.34.11:451][197]LogEditorViewport: Clicking on Actor (LMB): stairs_C (stairs)
[2025.07.17-00.34.25:359][756]LogEditorViewport: Clicking on Actor (LMB): stairs_C (stairs)
[2025.07.17-00.34.26:429][792]Cmd: EDIT COPY
[2025.07.17-00.34.27:836][844]Cmd: EDIT PASTE
[2025.07.17-00.34.54:434][746]LogEditorViewport: Clicking on Actor (LMB): StaticMeshActor (Floor)
[2025.07.17-00.34.56:023][782]LogUObjectHash: Compacting FUObjectHashTables data took   7.08ms
[2025.07.17-00.34.56:176][782]LogSavePackage: Moving '../../../../../UTN-e-learning/Unreal-Engine/Unreal-Projects/TP_PreEntrega/Saved/ThirdPersonExampleMap582DB41E47B5E1E70A296191CE4EC6BE.tmp' to '../../../../../UTN-e-learning/Unreal-Engine/Unreal-Projects/TP_PreEntrega/Content/ThirdPersonBP/Maps/ThirdPersonExampleMap.umap'
[2025.07.17-00.34.56:512][782]LogSavePackage: Moving '../../../../../UTN-e-learning/Unreal-Engine/Unreal-Projects/TP_PreEntrega/Saved/ThirdPersonExampleMap_BuiltData82DB82C54047EEC42D18A6A5687591B9.tmp' to '../../../../../UTN-e-learning/Unreal-Engine/Unreal-Projects/TP_PreEntrega/Content/ThirdPersonBP/Maps/ThirdPersonExampleMap_BuiltData.uasset'
[2025.07.17-00.34.56:539][782]AssetCheck: New page: Asset Save: multiple assets
[2025.07.17-00.34.56:539][782]LogContentValidation: Display: Validating MapBuildDataRegistry /Game/ThirdPersonBP/Maps/ThirdPersonExampleMap_BuiltData.ThirdPersonExampleMap_BuiltData
[2025.07.17-00.34.56:540][782]LogContentValidation: Display: Validating World /Game/ThirdPersonBP/Maps/ThirdPersonExampleMap.ThirdPersonExampleMap
[2025.07.17-00.34.57:179][797]LogTemp: Repeating last play command: Selected Viewport
[2025.07.17-00.34.57:239][797]BlueprintLog: New page: Pre-Play auto-recompile
[2025.07.17-00.34.57:241][797]LogPlayLevel: [PlayLevel] Compiling CharacterChild before play...
[2025.07.17-00.34.57:417][797]LogUObjectHash: Compacting FUObjectHashTables data took   8.27ms
[2025.07.17-00.34.57:418][797]LogPlayLevel: PlayLevel: Blueprint regeneration took 178 ms (1 blueprints)
[2025.07.17-00.34.57:419][797]PIE: New page: PIE session: ThirdPersonExampleMap (Jul 16, 2025, 6:34:57 PM)
[2025.07.17-00.34.57:464][797]LogPlayLevel: Creating play world package: /Game/ThirdPersonBP/Maps/UEDPIE_0_ThirdPersonExampleMap
[2025.07.17-00.34.57:499][797]LogPlayLevel: PIE: StaticDuplicateObject took: (0.034581s)
[2025.07.17-00.34.57:500][797]LogAIModule: Creating AISystem for world ThirdPersonExampleMap
[2025.07.17-00.34.57:501][797]LogPlayLevel: PIE: World Init took: (0.001920s)
[2025.07.17-00.34.57:501][797]LogPlayLevel: PIE: Created PIE world by copying editor world from /Game/ThirdPersonBP/Maps/ThirdPersonExampleMap.ThirdPersonExampleMap to /Game/ThirdPersonBP/Maps/UEDPIE_0_ThirdPersonExampleMap.ThirdPersonExampleMap (0.036839s)
[2025.07.17-00.34.57:597][797]LogUObjectHash: Compacting FUObjectHashTables data took   6.64ms
[2025.07.17-00.34.57:598][797]LogAudio: Display: Creating Audio Device:                 Id: 13, Scope: Unique, Realtime: True
[2025.07.17-00.34.57:599][797]LogAudioMixer: Display: Audio Mixer Platform Settings:
[2025.07.17-00.34.57:599][797]LogAudioMixer: Display: 	Sample Rate:						  48000
[2025.07.17-00.34.57:599][797]LogAudioMixer: Display: 	Callback Buffer Frame Size Requested: 1024
[2025.07.17-00.34.57:599][797]LogAudioMixer: Display: 	Callback Buffer Frame Size To Use:	  1024
[2025.07.17-00.34.57:599][797]LogAudioMixer: Display: 	Number of buffers to queue:			  2
[2025.07.17-00.34.57:599][797]LogAudioMixer: Display: 	Max Channels (voices):				  32
[2025.07.17-00.34.57:599][797]LogAudioMixer: Display: 	Number of Async Source Workers:		  0
[2025.07.17-00.34.57:599][797]LogAudio: Display: AudioDevice MaxSources: 32
[2025.07.17-00.34.57:600][797]LogAudio: Display: Audio Spatialization Plugin: None (built-in).
[2025.07.17-00.34.57:600][797]LogAudio: Display: Audio Reverb Plugin: None (built-in).
[2025.07.17-00.34.57:600][797]LogAudio: Display: Audio Occlusion Plugin: None (built-in).
[2025.07.17-00.34.57:600][797]LogAudioMixer: Display: Initializing audio mixer.
[2025.07.17-00.34.57:610][797]LogAudioMixer: Display: 0: FrontLeft
[2025.07.17-00.34.57:610][797]LogAudioMixer: Display: 1: FrontRight
[2025.07.17-00.34.57:639][797]LogAudioMixer: Display: Using Audio Device Headphones (SOUNDPEATS Mini HS Stereo)
[2025.07.17-00.34.57:640][797]LogAudioMixer: Display: Initializing Sound Submixes...
[2025.07.17-00.34.57:640][797]LogAudioMixer: Display: Creating Master Submix 'MasterSubmixDefault'
[2025.07.17-00.34.57:640][797]LogAudioMixer: Display: Creating Master Submix 'MasterReverbSubmixDefault'
[2025.07.17-00.34.57:641][797]LogAudioMixer: Display: Creating Master Submix 'MasterEQSubmixDefault'
[2025.07.17-00.34.57:641][797]LogAudioMixer: FMixerPlatformXAudio2::StartAudioStream() called
[2025.07.17-00.34.57:641][797]LogAudioMixer: Display: Output buffers initialized: Frames=1024, Channels=2, Samples=2048
[2025.07.17-00.34.57:643][797]LogAudioMixer: Display: Starting AudioMixerPlatformInterface::RunInternal()
[2025.07.17-00.34.57:643][797]LogAudioMixer: Display: FMixerPlatformXAudio2::SubmitBuffer() called for the first time
[2025.07.17-00.34.57:643][797]LogInit: FAudioDevice initialized.
[2025.07.17-00.34.57:643][797]LogAudio: Display: Audio Device (ID: 13) registered with world 'ThirdPersonExampleMap'.
[2025.07.17-00.34.57:657][797]LogLoad: Game class is 'ReglasJuego_C'
[2025.07.17-00.34.57:672][797]LogWorld: Bringing World /Game/ThirdPersonBP/Maps/UEDPIE_0_ThirdPersonExampleMap.ThirdPersonExampleMap up for play (max tick rate 60) at 2025.07.16-21.34.57
[2025.07.17-00.34.57:673][797]LogWorld: Bringing up level for play took: 0.014275
[2025.07.17-00.34.57:673][797]LogOnline: OSS: Creating online subsystem instance for: :Context_45
[2025.07.17-00.34.57:677][797]LogBlueprintUserMessages: [plataforma_2] Buenas buenas!
[2025.07.17-00.34.57:682][797]PIE: Server logged in
[2025.07.17-00.34.57:683][797]PIE: Play in editor total start time 0.469 seconds.
[2025.07.17-00.34.59:683][853]LogBlueprintUserMessages: [bala_C_2] El peoncito perdio 10 de vida!!!!
[2025.07.17-00.35.03:311][961]LogBlueprintUserMessages: [bala_C_11] Le reste 25 al bad fella
[2025.07.17-00.35.03:313][961]LogBlueprintUserMessages: [bala_C_12] Le reste 25 al bad fella
[2025.07.17-00.35.06:496][ 62]LogBlueprintUserMessages: [peoncito_2] Te queda de vida:
[2025.07.17-00.35.06:496][ 62]LogBlueprintUserMessages: [peoncito_2] 88.0
[2025.07.17-00.35.06:529][ 63]LogBlueprintUserMessages: [peoncito_2] Te queda de vida:
[2025.07.17-00.35.06:529][ 63]LogBlueprintUserMessages: [peoncito_2] 86.0
[2025.07.17-00.35.06:567][ 64]LogBlueprintUserMessages: [peoncito_2] Te queda de vida:
[2025.07.17-00.35.06:567][ 64]LogBlueprintUserMessages: [peoncito_2] 84.0
[2025.07.17-00.35.06:605][ 65]LogBlueprintUserMessages: [peoncito_2] Te queda de vida:
[2025.07.17-00.35.06:605][ 65]LogBlueprintUserMessages: [peoncito_2] 82.0
[2025.07.17-00.35.06:606][ 65]LogBlueprintUserMessages: [bala_C_5] El peoncito perdio 10 de vida!!!!
[2025.07.17-00.35.06:642][ 66]LogBlueprintUserMessages: [peoncito_2] Te queda de vida:
[2025.07.17-00.35.06:642][ 66]LogBlueprintUserMessages: [peoncito_2] 70.0
[2025.07.17-00.35.06:688][ 67]LogBlueprintUserMessages: [peoncito_2] Te queda de vida:
[2025.07.17-00.35.06:689][ 67]LogBlueprintUserMessages: [peoncito_2] 68.0
[2025.07.17-00.35.06:731][ 68]LogBlueprintUserMessages: [peoncito_2] Te queda de vida:
[2025.07.17-00.35.06:732][ 68]LogBlueprintUserMessages: [peoncito_2] 66.0
[2025.07.17-00.35.07:105][ 78]LogBlueprintUserMessages: [Balaza_C_6] Le reste 30 al peoncito
[2025.07.17-00.35.13:091][313]LogBlueprintUserMessages: [Balaza_C_10] Le reste 30 al peoncito
[2025.07.17-00.35.15:347][402]LogBlueprintUserMessages: [bala_C_39] Le reste 25 al bad fella
[2025.07.17-00.35.15:348][402]LogBlueprintUserMessages: [bala_C_40] Le reste 25 al bad fella
[2025.07.17-00.35.18:354][533]LogBlueprintUserMessages: [bala_C_47] Le reste 25 al bad fella
[2025.07.17-00.35.21:158][647]LogSlate: Updating window title bar state: overlay mode, drag disabled, window buttons hidden, title bar hidden
[2025.07.17-00.35.21:159][647]LogWorld: BeginTearingDown for /Game/ThirdPersonBP/Maps/UEDPIE_0_ThirdPersonExampleMap
[2025.07.17-00.35.21:159][647]LogWorld: UWorld::CleanupWorld for ThirdPersonExampleMap, bSessionEnded=true, bCleanupResources=true
[2025.07.17-00.35.21:160][647]LogSlate: InvalidateAllWidgets triggered.  All widgets were invalidated
[2025.07.17-00.35.21:174][647]LogPlayLevel: Display: Shutting down PIE online subsystems
[2025.07.17-00.35.21:197][647]LogSlate: InvalidateAllWidgets triggered.  All widgets were invalidated
[2025.07.17-00.35.21:248][647]LogSlate: Updating window title bar state: overlay mode, drag disabled, window buttons hidden, title bar hidden
[2025.07.17-00.35.21:249][647]LogAudioMixer: FMixerPlatformXAudio2::StopAudioStream() called
[2025.07.17-00.35.21:250][647]LogAudioMixer: FMixerPlatformXAudio2::StopAudioStream() called
[2025.07.17-00.35.21:265][647]LogUObjectHash: Compacting FUObjectHashTables data took   6.88ms
[2025.07.17-00.35.21:347][648]LogPlayLevel: Display: Destroying online subsystem :Context_45
[2025.07.17-00.35.22:018][667]LogEditorViewport: Clicking on Actor (LMB): stairs_C (stairs)
[2025.07.17-00.35.23:002][708]Cmd: DELETE
[2025.07.17-00.35.23:002][708]Cmd: ACTOR DELETE
[2025.07.17-00.35.23:013][708]LogEditorActor: Deleted Actor: stairs_C
[2025.07.17-00.35.23:102][708]LogUObjectHash: Compacting FUObjectHashTables data took   6.88ms
[2025.07.17-00.35.23:104][708]LogEditorActor: Deleted 1 Actors (0.102 secs)
[2025.07.17-00.35.23:763][732]LogEditorViewport: Clicking on Actor (LMB): stairs_C (stairs2)
[2025.07.17-00.35.24:099][745]Cmd: DELETE
[2025.07.17-00.35.24:099][745]Cmd: ACTOR DELETE
[2025.07.17-00.35.24:105][745]LogEditorActor: Deleted Actor: stairs_C
[2025.07.17-00.35.24:178][745]LogUObjectHash: Compacting FUObjectHashTables data took   3.65ms
[2025.07.17-00.35.24:179][745]LogEditorActor: Deleted 1 Actors (0.080 secs)
[2025.07.17-00.35.30:517][981]LogRenderer: Reallocating scene render targets to support 1208x704 Format 10 NumSamples 1 (Frame:1).
[2025.07.17-00.35.52:014][729]LogEditorViewport: Clicking on Actor (LMB): StaticMeshActor (Linear_Stair_StaticMesh2)
[2025.07.17-00.35.52:158][731]LogEditorViewport: Clicking on Component (LMB): StaticMeshComponent (StaticMeshComponent0)
[2025.07.17-00.36.18:798][433]LogSavePackage: Moving '../../../../../UTN-e-learning/Unreal-Engine/Unreal-Projects/TP_PreEntrega/Saved/stairs1EC255CF457396D14F3CD7BD56A5AABE.tmp' to '../../../../../UTN-e-learning/Unreal-Engine/Unreal-Projects/TP_PreEntrega/Content/ThirdPersonBP/Blueprints/blueprints/stairs.uasset'
[2025.07.17-00.36.18:884][433]AssetCheck: New page: Asset Save: stairs
[2025.07.17-00.36.18:884][433]LogContentValidation: Display: Validating Blueprint /Game/ThirdPersonBP/Blueprints/blueprints/stairs.stairs
[2025.07.17-00.36.44:528][138]LogEditorTransaction: Undo Modify Component(s)
[2025.07.17-00.36.45:619][161]LogEditorTransaction: Undo Paste Component(s)
[2025.07.17-00.37.48:664][942]LogSavePackage: Moving '../../../../../UTN-e-learning/Unreal-Engine/Unreal-Projects/TP_PreEntrega/Saved/stairs89992E734118F0BC287CB8823315FA39.tmp' to '../../../../../UTN-e-learning/Unreal-Engine/Unreal-Projects/TP_PreEntrega/Content/ThirdPersonBP/Blueprints/blueprints/stairs.uasset'
[2025.07.17-00.37.48:729][942]AssetCheck: New page: Asset Save: stairs
[2025.07.17-00.37.48:730][942]LogContentValidation: Display: Validating Blueprint /Game/ThirdPersonBP/Blueprints/blueprints/stairs.stairs
[2025.07.17-00.37.58:151][159]LogEditorViewport: Clicking on Actor (LMB): stairs_C (stairs)
[2025.07.17-00.38.07:209][416]LogEditorViewport: Clicking on Actor (LMB): stairs_C (stairs)
[2025.07.17-00.39.37:223][ 62]LogSavePackage: Moving '../../../../../UTN-e-learning/Unreal-Engine/Unreal-Projects/TP_PreEntrega/Saved/stairs6D13DD174676AB546E4CD08706BDF0BC.tmp' to '../../../../../UTN-e-learning/Unreal-Engine/Unreal-Projects/TP_PreEntrega/Content/ThirdPersonBP/Blueprints/blueprints/stairs.uasset'
[2025.07.17-00.39.37:282][ 62]AssetCheck: New page: Asset Save: stairs
[2025.07.17-00.39.37:282][ 62]LogContentValidation: Display: Validating Blueprint /Game/ThirdPersonBP/Blueprints/blueprints/stairs.stairs
[2025.07.17-00.39.41:069][146]LogEditorViewport: Clicking on Actor (LMB): StaticMeshActor (Floor)
[2025.07.17-00.39.42:521][171]LogUObjectHash: Compacting FUObjectHashTables data took  11.11ms
[2025.07.17-00.39.42:611][171]LogSavePackage: Moving '../../../../../UTN-e-learning/Unreal-Engine/Unreal-Projects/TP_PreEntrega/Saved/ThirdPersonExampleMap44103616424F6B1B399C229C534D8B60.tmp' to '../../../../../UTN-e-learning/Unreal-Engine/Unreal-Projects/TP_PreEntrega/Content/ThirdPersonBP/Maps/ThirdPersonExampleMap.umap'
[2025.07.17-00.39.42:955][171]LogSavePackage: Moving '../../../../../UTN-e-learning/Unreal-Engine/Unreal-Projects/TP_PreEntrega/Saved/ThirdPersonExampleMap_BuiltData961979EF4661619FE41749818C821F4A.tmp' to '../../../../../UTN-e-learning/Unreal-Engine/Unreal-Projects/TP_PreEntrega/Content/ThirdPersonBP/Maps/ThirdPersonExampleMap_BuiltData.uasset'
[2025.07.17-00.39.42:996][171]AssetCheck: New page: Asset Save: multiple assets
[2025.07.17-00.39.42:996][171]LogContentValidation: Display: Validating MapBuildDataRegistry /Game/ThirdPersonBP/Maps/ThirdPersonExampleMap_BuiltData.ThirdPersonExampleMap_BuiltData
[2025.07.17-00.39.42:996][171]LogContentValidation: Display: Validating World /Game/ThirdPersonBP/Maps/ThirdPersonExampleMap.ThirdPersonExampleMap
[2025.07.17-00.39.44:717][211]LogTemp: Repeating last play command: Selected Viewport
[2025.07.17-00.39.44:772][211]BlueprintLog: New page: Pre-Play auto-recompile
[2025.07.17-00.39.44:773][211]LogPlayLevel: [PlayLevel] Compiling stairs before play...
[2025.07.17-00.39.44:974][211]LogUObjectHash: Compacting FUObjectHashTables data took   8.08ms
[2025.07.17-00.39.44:976][211]LogPlayLevel: PlayLevel: Blueprint regeneration took 204 ms (1 blueprints)
[2025.07.17-00.39.44:977][211]PIE: New page: PIE session: ThirdPersonExampleMap (Jul 16, 2025, 6:39:44 PM)
[2025.07.17-00.39.44:977][211]LogPlayLevel: Creating play world package: /Game/ThirdPersonBP/Maps/UEDPIE_0_ThirdPersonExampleMap
[2025.07.17-00.39.45:018][211]LogPlayLevel: PIE: StaticDuplicateObject took: (0.040736s)
[2025.07.17-00.39.45:021][211]LogAIModule: Creating AISystem for world ThirdPersonExampleMap
[2025.07.17-00.39.45:021][211]LogPlayLevel: PIE: World Init took: (0.003055s)
[2025.07.17-00.39.45:021][211]LogPlayLevel: PIE: Created PIE world by copying editor world from /Game/ThirdPersonBP/Maps/ThirdPersonExampleMap.ThirdPersonExampleMap to /Game/ThirdPersonBP/Maps/UEDPIE_0_ThirdPersonExampleMap.ThirdPersonExampleMap (0.044283s)
[2025.07.17-00.39.45:137][211]LogUObjectHash: Compacting FUObjectHashTables data took   7.41ms
[2025.07.17-00.39.45:138][211]LogAudio: Display: Creating Audio Device:                 Id: 14, Scope: Unique, Realtime: True
[2025.07.17-00.39.45:138][211]LogAudioMixer: Display: Audio Mixer Platform Settings:
[2025.07.17-00.39.45:138][211]LogAudioMixer: Display: 	Sample Rate:						  48000
[2025.07.17-00.39.45:138][211]LogAudioMixer: Display: 	Callback Buffer Frame Size Requested: 1024
[2025.07.17-00.39.45:138][211]LogAudioMixer: Display: 	Callback Buffer Frame Size To Use:	  1024
[2025.07.17-00.39.45:138][211]LogAudioMixer: Display: 	Number of buffers to queue:			  2
[2025.07.17-00.39.45:138][211]LogAudioMixer: Display: 	Max Channels (voices):				  32
[2025.07.17-00.39.45:138][211]LogAudioMixer: Display: 	Number of Async Source Workers:		  0
[2025.07.17-00.39.45:139][211]LogAudio: Display: AudioDevice MaxSources: 32
[2025.07.17-00.39.45:139][211]LogAudio: Display: Audio Spatialization Plugin: None (built-in).
[2025.07.17-00.39.45:139][211]LogAudio: Display: Audio Reverb Plugin: None (built-in).
[2025.07.17-00.39.45:140][211]LogAudio: Display: Audio Occlusion Plugin: None (built-in).
[2025.07.17-00.39.45:140][211]LogAudioMixer: Display: Initializing audio mixer.
[2025.07.17-00.39.45:152][211]LogAudioMixer: Display: 0: FrontLeft
[2025.07.17-00.39.45:152][211]LogAudioMixer: Display: 1: FrontRight
[2025.07.17-00.39.45:192][211]LogAudioMixer: Display: Using Audio Device Headphones (SOUNDPEATS Mini HS Stereo)
[2025.07.17-00.39.45:193][211]LogAudioMixer: Display: Initializing Sound Submixes...
[2025.07.17-00.39.45:193][211]LogAudioMixer: Display: Creating Master Submix 'MasterSubmixDefault'
[2025.07.17-00.39.45:193][211]LogAudioMixer: Display: Creating Master Submix 'MasterReverbSubmixDefault'
[2025.07.17-00.39.45:194][211]LogAudioMixer: Display: Creating Master Submix 'MasterEQSubmixDefault'
[2025.07.17-00.39.45:194][211]LogAudioMixer: FMixerPlatformXAudio2::StartAudioStream() called
[2025.07.17-00.39.45:194][211]LogAudioMixer: Display: Output buffers initialized: Frames=1024, Channels=2, Samples=2048
[2025.07.17-00.39.45:197][211]LogAudioMixer: Display: Starting AudioMixerPlatformInterface::RunInternal()
[2025.07.17-00.39.45:197][211]LogAudioMixer: Display: FMixerPlatformXAudio2::SubmitBuffer() called for the first time
[2025.07.17-00.39.45:197][211]LogInit: FAudioDevice initialized.
[2025.07.17-00.39.45:197][211]LogAudio: Display: Audio Device (ID: 14) registered with world 'ThirdPersonExampleMap'.
[2025.07.17-00.39.45:211][211]LogLoad: Game class is 'ReglasJuego_C'
[2025.07.17-00.39.45:227][211]LogWorld: Bringing World /Game/ThirdPersonBP/Maps/UEDPIE_0_ThirdPersonExampleMap.ThirdPersonExampleMap up for play (max tick rate 60) at 2025.07.16-21.39.45
[2025.07.17-00.39.45:228][211]LogWorld: Bringing up level for play took: 0.015709
[2025.07.17-00.39.45:229][211]LogOnline: OSS: Creating online subsystem instance for: :Context_46
[2025.07.17-00.39.45:233][211]LogBlueprintUserMessages: [plataforma_2] Buenas buenas!
[2025.07.17-00.39.45:238][211]PIE: Server logged in
[2025.07.17-00.39.45:239][211]PIE: Play in editor total start time 0.492 seconds.
[2025.07.17-00.39.47:890][290]LogBlueprintUserMessages: [bala_C_5] Le reste 25 al bad fella
[2025.07.17-00.39.52:770][465]LogBlueprintUserMessages: [Balaza_C_2] Le reste 30 al peoncito
[2025.07.17-00.39.56:920][603]LogBlueprintUserMessages: [bala_C_25] Le reste 25 al bad fella
[2025.07.17-00.39.57:662][626]LogBlueprintUserMessages: [bala_C_24] El peoncito perdio 10 de vida!!!!
[2025.07.17-00.39.58:929][671]LogBlueprintUserMessages: [bala_C_25] El peoncito perdio 10 de vida!!!!
[2025.07.17-00.39.59:217][677]LogSlate: Updating window title bar state: overlay mode, drag disabled, window buttons hidden, title bar hidden
[2025.07.17-00.39.59:217][677]LogWorld: BeginTearingDown for /Game/ThirdPersonBP/Maps/UEDPIE_0_ThirdPersonExampleMap
[2025.07.17-00.39.59:218][677]LogWorld: UWorld::CleanupWorld for ThirdPersonExampleMap, bSessionEnded=true, bCleanupResources=true
[2025.07.17-00.39.59:220][677]LogSlate: InvalidateAllWidgets triggered.  All widgets were invalidated
[2025.07.17-00.39.59:236][677]LogPlayLevel: Display: Shutting down PIE online subsystems
[2025.07.17-00.39.59:267][677]LogSlate: InvalidateAllWidgets triggered.  All widgets were invalidated
[2025.07.17-00.39.59:351][677]LogSlate: Updating window title bar state: overlay mode, drag disabled, window buttons hidden, title bar hidden
[2025.07.17-00.39.59:353][677]LogAudioMixer: FMixerPlatformXAudio2::StopAudioStream() called
[2025.07.17-00.39.59:355][677]LogAudioMixer: FMixerPlatformXAudio2::StopAudioStream() called
[2025.07.17-00.39.59:371][677]LogUObjectHash: Compacting FUObjectHashTables data took   7.42ms
[2025.07.17-00.39.59:436][678]LogPlayLevel: Display: Destroying online subsystem :Context_46
[2025.07.17-00.40.54:642][179]LogEditorViewport: Clicking on Actor (LMB): StaticMeshActor (Floor)
[2025.07.17-00.40.55:278][189]LogUObjectHash: Compacting FUObjectHashTables data took  14.95ms
[2025.07.17-00.40.55:460][189]LogSavePackage: Moving '../../../../../UTN-e-learning/Unreal-Engine/Unreal-Projects/TP_PreEntrega/Saved/ThirdPersonExampleMapD492431749818C60107BFF88084D7FF1.tmp' to '../../../../../UTN-e-learning/Unreal-Engine/Unreal-Projects/TP_PreEntrega/Content/ThirdPersonBP/Maps/ThirdPersonExampleMap.umap'
[2025.07.17-00.40.55:823][189]LogSavePackage: Moving '../../../../../UTN-e-learning/Unreal-Engine/Unreal-Projects/TP_PreEntrega/Saved/ThirdPersonExampleMap_BuiltData7197941046851201A49E7BAFB0EC6771.tmp' to '../../../../../UTN-e-learning/Unreal-Engine/Unreal-Projects/TP_PreEntrega/Content/ThirdPersonBP/Maps/ThirdPersonExampleMap_BuiltData.uasset'
[2025.07.17-00.40.55:852][189]AssetCheck: New page: Asset Save: multiple assets
[2025.07.17-00.40.55:852][189]LogContentValidation: Display: Validating MapBuildDataRegistry /Game/ThirdPersonBP/Maps/ThirdPersonExampleMap_BuiltData.ThirdPersonExampleMap_BuiltData
[2025.07.17-00.40.55:852][189]LogContentValidation: Display: Validating World /Game/ThirdPersonBP/Maps/ThirdPersonExampleMap.ThirdPersonExampleMap
[2025.07.17-00.40.56:486][206]LogTemp: Repeating last play command: Selected Viewport
[2025.07.17-00.40.56:521][206]BlueprintLog: New page: Pre-Play auto-recompile
[2025.07.17-00.40.56:522][206]LogPlayLevel: [PlayLevel] Compiling stairs before play...
[2025.07.17-00.40.56:751][206]LogUObjectHash: Compacting FUObjectHashTables data took  15.33ms
[2025.07.17-00.40.56:753][206]LogPlayLevel: PlayLevel: Blueprint regeneration took 231 ms (1 blueprints)
[2025.07.17-00.40.56:754][206]PIE: New page: PIE session: ThirdPersonExampleMap (Jul 16, 2025, 6:40:56 PM)
[2025.07.17-00.40.56:754][206]LogPlayLevel: Creating play world package: /Game/ThirdPersonBP/Maps/UEDPIE_0_ThirdPersonExampleMap
[2025.07.17-00.40.56:816][206]LogPlayLevel: PIE: StaticDuplicateObject took: (0.061835s)
[2025.07.17-00.40.56:819][206]LogAIModule: Creating AISystem for world ThirdPersonExampleMap
[2025.07.17-00.40.56:820][206]LogPlayLevel: PIE: World Init took: (0.003293s)
[2025.07.17-00.40.56:820][206]LogPlayLevel: PIE: Created PIE world by copying editor world from /Game/ThirdPersonBP/Maps/ThirdPersonExampleMap.ThirdPersonExampleMap to /Game/ThirdPersonBP/Maps/UEDPIE_0_ThirdPersonExampleMap.ThirdPersonExampleMap (0.065798s)
[2025.07.17-00.40.56:964][206]LogUObjectHash: Compacting FUObjectHashTables data took  11.53ms
[2025.07.17-00.40.56:964][206]LogAudio: Display: Creating Audio Device:                 Id: 15, Scope: Unique, Realtime: True
[2025.07.17-00.40.56:965][206]LogAudioMixer: Display: Audio Mixer Platform Settings:
[2025.07.17-00.40.56:965][206]LogAudioMixer: Display: 	Sample Rate:						  48000
[2025.07.17-00.40.56:965][206]LogAudioMixer: Display: 	Callback Buffer Frame Size Requested: 1024
[2025.07.17-00.40.56:965][206]LogAudioMixer: Display: 	Callback Buffer Frame Size To Use:	  1024
[2025.07.17-00.40.56:965][206]LogAudioMixer: Display: 	Number of buffers to queue:			  2
[2025.07.17-00.40.56:965][206]LogAudioMixer: Display: 	Max Channels (voices):				  32
[2025.07.17-00.40.56:965][206]LogAudioMixer: Display: 	Number of Async Source Workers:		  0
[2025.07.17-00.40.56:965][206]LogAudio: Display: AudioDevice MaxSources: 32
[2025.07.17-00.40.56:967][206]LogAudio: Display: Audio Spatialization Plugin: None (built-in).
[2025.07.17-00.40.56:967][206]LogAudio: Display: Audio Reverb Plugin: None (built-in).
[2025.07.17-00.40.56:967][206]LogAudio: Display: Audio Occlusion Plugin: None (built-in).
[2025.07.17-00.40.56:967][206]LogAudioMixer: Display: Initializing audio mixer.
[2025.07.17-00.40.56:984][206]LogAudioMixer: Display: 0: FrontLeft
[2025.07.17-00.40.56:984][206]LogAudioMixer: Display: 1: FrontRight
[2025.07.17-00.40.57:034][206]LogAudioMixer: Display: Using Audio Device Headphones (SOUNDPEATS Mini HS Stereo)
[2025.07.17-00.40.57:034][206]LogAudioMixer: Display: Initializing Sound Submixes...
[2025.07.17-00.40.57:034][206]LogAudioMixer: Display: Creating Master Submix 'MasterSubmixDefault'
[2025.07.17-00.40.57:035][206]LogAudioMixer: Display: Creating Master Submix 'MasterReverbSubmixDefault'
[2025.07.17-00.40.57:036][206]LogAudioMixer: Display: Creating Master Submix 'MasterEQSubmixDefault'
[2025.07.17-00.40.57:036][206]LogAudioMixer: FMixerPlatformXAudio2::StartAudioStream() called
[2025.07.17-00.40.57:036][206]LogAudioMixer: Display: Output buffers initialized: Frames=1024, Channels=2, Samples=2048
[2025.07.17-00.40.57:039][206]LogAudioMixer: Display: Starting AudioMixerPlatformInterface::RunInternal()
[2025.07.17-00.40.57:039][206]LogAudioMixer: Display: FMixerPlatformXAudio2::SubmitBuffer() called for the first time
[2025.07.17-00.40.57:039][206]LogInit: FAudioDevice initialized.
[2025.07.17-00.40.57:039][206]LogAudio: Display: Audio Device (ID: 15) registered with world 'ThirdPersonExampleMap'.
[2025.07.17-00.40.57:054][206]LogLoad: Game class is 'ReglasJuego_C'
[2025.07.17-00.40.57:076][206]LogWorld: Bringing World /Game/ThirdPersonBP/Maps/UEDPIE_0_ThirdPersonExampleMap.ThirdPersonExampleMap up for play (max tick rate 60) at 2025.07.16-21.40.57
[2025.07.17-00.40.57:077][206]LogWorld: Bringing up level for play took: 0.020730
[2025.07.17-00.40.57:078][206]LogOnline: OSS: Creating online subsystem instance for: :Context_47
[2025.07.17-00.40.57:083][206]LogBlueprintUserMessages: [plataforma_2] Buenas buenas!
[2025.07.17-00.40.57:087][206]PIE: Server logged in
[2025.07.17-00.40.57:089][206]PIE: Play in editor total start time 0.585 seconds.
[2025.07.17-00.40.59:802][275]LogBlueprintUserMessages: [bala_C_5] Le reste 25 al bad fella
[2025.07.17-00.41.05:254][448]LogBlueprintUserMessages: [bala_C_10] Le reste 25 al bad fella
[2025.07.17-00.41.08:862][548]LogBlueprintUserMessages: [bala_C_25] Le reste 25 al bad fella
[2025.07.17-00.41.09:130][556]LogBlueprintUserMessages: [bala_C_22] El peoncito perdio 10 de vida!!!!
[2025.07.17-00.41.09:182][557]LogBlueprintUserMessages: [bala_C_22] El peoncito perdio 10 de vida!!!!
[2025.07.17-00.41.10:500][590]LogBlueprintUserMessages: [bala_C_24] El peoncito perdio 10 de vida!!!!
[2025.07.17-00.41.11:878][630]LogBlueprintUserMessages: [bala_C_33] Le reste 25 al bad fella
[2025.07.17-00.41.11:916][631]LogBlueprintUserMessages: [bad_fella2_2] Bad fella  Destruido!
[2025.07.17-00.41.12:405][649]LogBlueprintUserMessages: [bala_C_19] Le reste 50 al bad guy
[2025.07.17-00.41.22:003][ 17]LogBlueprintUserMessages: [ReglasJuego_C_0] El puntaje subio!
[2025.07.17-00.41.22:003][ 17]LogBlueprintUserMessages: [ReglasJuego_C_0] 2
[2025.07.17-00.41.25:190][123]LogBlueprintUserMessages: [Balaza_C_20] Le reste 30 al peoncito
[2025.07.17-00.41.25:217][124]LogBlueprintUserMessages: [Balaza_C_20] Le reste 30 al peoncito
[2025.07.17-00.41.29:921][285]LogBlueprintUserMessages: [bala_C_70] El peoncito perdio 10 de vida!!!!
[2025.07.17-00.41.34:372][452]LogBlueprintUserMessages: [bala_C_71] Le reste 25 a la torreta
[2025.07.17-00.41.34:372][452]LogBlueprintUserMessages: [Torreta3_2] algo me ataveso!
[2025.07.17-00.41.34:419][454]LogBlueprintUserMessages: [bala_C_75] El peoncito perdio 10 de vida!!!!
[2025.07.17-00.41.36:484][530]LogBlueprintUserMessages: [ReglasJuego_C_0] El puntaje subio!
[2025.07.17-00.41.36:485][530]LogBlueprintUserMessages: [ReglasJuego_C_0] 4
[2025.07.17-00.41.38:062][585]LogBlueprintUserMessages: [ReglasJuego_C_0] El puntaje subio!
[2025.07.17-00.41.38:063][585]LogBlueprintUserMessages: [ReglasJuego_C_0] 6
[2025.07.17-00.41.38:268][590]LogBlueprintUserMessages: [bala_C_86] El peoncito perdio 10 de vida!!!!
[2025.07.17-00.41.38:269][590]LogBlueprintUserMessages: [peoncito_2] El peoncito murio
[2025.07.17-00.41.38:269][590]LogBlueprintUserMessages: [ReglasJuego_C_0] Noo, perdiste!
[2025.07.17-00.41.38:273][590]LogScript: Warning: Accessed None trying to read property K2Node_DynamicCast_AsPeoncito
	BarraVIda_C /Engine/Transient.UnrealEdEngine_0:GameInstance_13.BarraVIda_C_0
	Function /Game/ThirdPersonBP/Blueprints/blueprints/BarraVIda.BarraVIda_C:GetText_0:0099
[2025.07.17-00.41.38:273][590]PIE: Error: Blueprint Runtime Error: "Accessed None trying to read property K2Node_DynamicCast_AsPeoncito". Blueprint:  BarraVIda Function:  Get Text 0 Graph:  GetText_0 Node:  Return Node
[2025.07.17-00.41.38:293][591]LogNet: Browse: /Game/ThirdPersonBP/Maps/Perdiste_Level
[2025.07.17-00.41.38:293][591]LogLoad: LoadMap: /Game/ThirdPersonBP/Maps/Perdiste_Level
[2025.07.17-00.41.38:293][591]LogWorld: BeginTearingDown for /Game/ThirdPersonBP/Maps/UEDPIE_0_ThirdPersonExampleMap
[2025.07.17-00.41.38:294][591]LogWorld: UWorld::CleanupWorld for ThirdPersonExampleMap, bSessionEnded=true, bCleanupResources=true
[2025.07.17-00.41.38:299][591]LogSlate: InvalidateAllWidgets triggered.  All widgets were invalidated
[2025.07.17-00.41.38:426][591]LogAudio: Display: Audio Device unregistered from world 'None'.
[2025.07.17-00.41.38:435][591]LogUObjectHash: Compacting FUObjectHashTables data took   6.75ms
[2025.07.17-00.41.38:495][591]LogAudio: Display: Audio Device (ID: 15) registered with world 'Perdiste_Level'.
[2025.07.17-00.41.38:499][591]LogAIModule: Creating AISystem for world Perdiste_Level
[2025.07.17-00.41.38:500][591]LogLoad: Game class is 'ReglasJuego_C'
[2025.07.17-00.41.38:625][591]LogWorld: Bringing World /Game/ThirdPersonBP/Maps/UEDPIE_0_Perdiste_Level.Perdiste_Level up for play (max tick rate 60) at 2025.07.16-21.41.38
[2025.07.17-00.41.38:625][591]LogWorld: Bringing up level for play took: 0.122865
[2025.07.17-00.41.38:626][591]LogGameMode: FindPlayerStart: PATHS NOT DEFINED or NO PLAYERSTART with positive rating
[2025.07.17-00.41.38:631][591]LogBlueprintUserMessages: [plataforma_2] Buenas buenas!
[2025.07.17-00.41.38:632][591]LogLoad: Took 0.338920 seconds to LoadMap(/Game/ThirdPersonBP/Maps/Perdiste_Level)
[2025.07.17-00.41.38:639][591]PIE: Error: Blueprint Runtime Error: "Accessed None trying to read property K2Node_DynamicCast_AsPeoncito". Blueprint:  BarraVIda Function:  Get Text 0 Graph:  GetText_0 Node:  Return Node
[2025.07.17-00.41.38:755][592]PIE: Error: Blueprint Runtime Error: "Accessed None trying to read property K2Node_DynamicCast_AsPeoncito". Blueprint:  BarraVIda Function:  Get Text 0 Graph:  GetText_0 Node:  Return Node
[2025.07.17-00.41.38:787][593]PIE: Error: Blueprint Runtime Error: "Accessed None trying to read property K2Node_DynamicCast_AsPeoncito". Blueprint:  BarraVIda Function:  Get Text 0 Graph:  GetText_0 Node:  Return Node
[2025.07.17-00.41.38:820][594]PIE: Error: Blueprint Runtime Error: "Accessed None trying to read property K2Node_DynamicCast_AsPeoncito". Blueprint:  BarraVIda Function:  Get Text 0 Graph:  GetText_0 Node:  Return Node
[2025.07.17-00.41.38:852][595]PIE: Error: Blueprint Runtime Error: "Accessed None trying to read property K2Node_DynamicCast_AsPeoncito". Blueprint:  BarraVIda Function:  Get Text 0 Graph:  GetText_0 Node:  Return Node
[2025.07.17-00.41.38:880][596]PIE: Error: Blueprint Runtime Error: "Accessed None trying to read property K2Node_DynamicCast_AsPeoncito". Blueprint:  BarraVIda Function:  Get Text 0 Graph:  GetText_0 Node:  Return Node
[2025.07.17-00.41.38:908][597]PIE: Error: Blueprint Runtime Error: "Accessed None trying to read property K2Node_DynamicCast_AsPeoncito". Blueprint:  BarraVIda Function:  Get Text 0 Graph:  GetText_0 Node:  Return Node
[2025.07.17-00.41.38:946][598]PIE: Error: Blueprint Runtime Error: "Accessed None trying to read property K2Node_DynamicCast_AsPeoncito". Blueprint:  BarraVIda Function:  Get Text 0 Graph:  GetText_0 Node:  Return Node
[2025.07.17-00.41.38:977][599]PIE: Error: Blueprint Runtime Error: "Accessed None trying to read property K2Node_DynamicCast_AsPeoncito". Blueprint:  BarraVIda Function:  Get Text 0 Graph:  GetText_0 Node:  Return Node
[2025.07.17-00.41.39:009][600]PIE: Error: Blueprint Runtime Error: "Accessed None trying to read property K2Node_DynamicCast_AsPeoncito". Blueprint:  BarraVIda Function:  Get Text 0 Graph:  GetText_0 Node:  Return Node
[2025.07.17-00.41.39:037][601]PIE: Error: Blueprint Runtime Error: "Accessed None trying to read property K2Node_DynamicCast_AsPeoncito". Blueprint:  BarraVIda Function:  Get Text 0 Graph:  GetText_0 Node:  Return Node
[2025.07.17-00.41.39:066][602]PIE: Error: Blueprint Runtime Error: "Accessed None trying to read property K2Node_DynamicCast_AsPeoncito". Blueprint:  BarraVIda Function:  Get Text 0 Graph:  GetText_0 Node:  Return Node
[2025.07.17-00.41.39:095][603]PIE: Error: Blueprint Runtime Error: "Accessed None trying to read property K2Node_DynamicCast_AsPeoncito". Blueprint:  BarraVIda Function:  Get Text 0 Graph:  GetText_0 Node:  Return Node
[2025.07.17-00.41.39:119][604]PIE: Error: Blueprint Runtime Error: "Accessed None trying to read property K2Node_DynamicCast_AsPeoncito". Blueprint:  BarraVIda Function:  Get Text 0 Graph:  GetText_0 Node:  Return Node
[2025.07.17-00.41.39:146][605]PIE: Error: Blueprint Runtime Error: "Accessed None trying to read property K2Node_DynamicCast_AsPeoncito". Blueprint:  BarraVIda Function:  Get Text 0 Graph:  GetText_0 Node:  Return Node
[2025.07.17-00.41.39:172][606]PIE: Error: Blueprint Runtime Error: "Accessed None trying to read property K2Node_DynamicCast_AsPeoncito". Blueprint:  BarraVIda Function:  Get Text 0 Graph:  GetText_0 Node:  Return Node
[2025.07.17-00.41.39:198][607]PIE: Error: Blueprint Runtime Error: "Accessed None trying to read property K2Node_DynamicCast_AsPeoncito". Blueprint:  BarraVIda Function:  Get Text 0 Graph:  GetText_0 Node:  Return Node
[2025.07.17-00.41.39:220][608]PIE: Error: Blueprint Runtime Error: "Accessed None trying to read property K2Node_DynamicCast_AsPeoncito". Blueprint:  BarraVIda Function:  Get Text 0 Graph:  GetText_0 Node:  Return Node
[2025.07.17-00.41.39:239][609]PIE: Error: Blueprint Runtime Error: "Accessed None trying to read property K2Node_DynamicCast_AsPeoncito". Blueprint:  BarraVIda Function:  Get Text 0 Graph:  GetText_0 Node:  Return Node
[2025.07.17-00.41.39:258][610]PIE: Error: Blueprint Runtime Error: "Accessed None trying to read property K2Node_DynamicCast_AsPeoncito". Blueprint:  BarraVIda Function:  Get Text 0 Graph:  GetText_0 Node:  Return Node
[2025.07.17-00.41.39:275][611]PIE: Error: Blueprint Runtime Error: "Accessed None trying to read property K2Node_DynamicCast_AsPeoncito". Blueprint:  BarraVIda Function:  Get Text 0 Graph:  GetText_0 Node:  Return Node
[2025.07.17-00.41.39:292][612]PIE: Error: Blueprint Runtime Error: "Accessed None trying to read property K2Node_DynamicCast_AsPeoncito". Blueprint:  BarraVIda Function:  Get Text 0 Graph:  GetText_0 Node:  Return Node
[2025.07.17-00.41.39:310][613]PIE: Error: Blueprint Runtime Error: "Accessed None trying to read property K2Node_DynamicCast_AsPeoncito". Blueprint:  BarraVIda Function:  Get Text 0 Graph:  GetText_0 Node:  Return Node
[2025.07.17-00.41.39:331][614]PIE: Error: Blueprint Runtime Error: "Accessed None trying to read property K2Node_DynamicCast_AsPeoncito". Blueprint:  BarraVIda Function:  Get Text 0 Graph:  GetText_0 Node:  Return Node
[2025.07.17-00.41.39:350][615]PIE: Error: Blueprint Runtime Error: "Accessed None trying to read property K2Node_DynamicCast_AsPeoncito". Blueprint:  BarraVIda Function:  Get Text 0 Graph:  GetText_0 Node:  Return Node
[2025.07.17-00.41.39:369][616]PIE: Error: Blueprint Runtime Error: "Accessed None trying to read property K2Node_DynamicCast_AsPeoncito". Blueprint:  BarraVIda Function:  Get Text 0 Graph:  GetText_0 Node:  Return Node
[2025.07.17-00.41.39:388][617]PIE: Error: Blueprint Runtime Error: "Accessed None trying to read property K2Node_DynamicCast_AsPeoncito". Blueprint:  BarraVIda Function:  Get Text 0 Graph:  GetText_0 Node:  Return Node
[2025.07.17-00.41.39:409][618]PIE: Error: Blueprint Runtime Error: "Accessed None trying to read property K2Node_DynamicCast_AsPeoncito". Blueprint:  BarraVIda Function:  Get Text 0 Graph:  GetText_0 Node:  Return Node
[2025.07.17-00.41.39:433][619]PIE: Error: Blueprint Runtime Error: "Accessed None trying to read property K2Node_DynamicCast_AsPeoncito". Blueprint:  BarraVIda Function:  Get Text 0 Graph:  GetText_0 Node:  Return Node
[2025.07.17-00.41.39:456][620]PIE: Error: Blueprint Runtime Error: "Accessed None trying to read property K2Node_DynamicCast_AsPeoncito". Blueprint:  BarraVIda Function:  Get Text 0 Graph:  GetText_0 Node:  Return Node
[2025.07.17-00.41.39:481][621]PIE: Error: Blueprint Runtime Error: "Accessed None trying to read property K2Node_DynamicCast_AsPeoncito". Blueprint:  BarraVIda Function:  Get Text 0 Graph:  GetText_0 Node:  Return Node
[2025.07.17-00.41.39:506][622]PIE: Error: Blueprint Runtime Error: "Accessed None trying to read property K2Node_DynamicCast_AsPeoncito". Blueprint:  BarraVIda Function:  Get Text 0 Graph:  GetText_0 Node:  Return Node
[2025.07.17-00.41.39:531][623]PIE: Error: Blueprint Runtime Error: "Accessed None trying to read property K2Node_DynamicCast_AsPeoncito". Blueprint:  BarraVIda Function:  Get Text 0 Graph:  GetText_0 Node:  Return Node
[2025.07.17-00.41.39:556][624]PIE: Error: Blueprint Runtime Error: "Accessed None trying to read property K2Node_DynamicCast_AsPeoncito". Blueprint:  BarraVIda Function:  Get Text 0 Graph:  GetText_0 Node:  Return Node
[2025.07.17-00.41.39:581][625]PIE: Error: Blueprint Runtime Error: "Accessed None trying to read property K2Node_DynamicCast_AsPeoncito". Blueprint:  BarraVIda Function:  Get Text 0 Graph:  GetText_0 Node:  Return Node
[2025.07.17-00.41.39:604][626]PIE: Error: Blueprint Runtime Error: "Accessed None trying to read property K2Node_DynamicCast_AsPeoncito". Blueprint:  BarraVIda Function:  Get Text 0 Graph:  GetText_0 Node:  Return Node
[2025.07.17-00.41.39:629][627]PIE: Error: Blueprint Runtime Error: "Accessed None trying to read property K2Node_DynamicCast_AsPeoncito". Blueprint:  BarraVIda Function:  Get Text 0 Graph:  GetText_0 Node:  Return Node
[2025.07.17-00.41.39:654][628]PIE: Error: Blueprint Runtime Error: "Accessed None trying to read property K2Node_DynamicCast_AsPeoncito". Blueprint:  BarraVIda Function:  Get Text 0 Graph:  GetText_0 Node:  Return Node
[2025.07.17-00.41.39:681][629]PIE: Error: Blueprint Runtime Error: "Accessed None trying to read property K2Node_DynamicCast_AsPeoncito". Blueprint:  BarraVIda Function:  Get Text 0 Graph:  GetText_0 Node:  Return Node
[2025.07.17-00.41.39:707][630]PIE: Error: Blueprint Runtime Error: "Accessed None trying to read property K2Node_DynamicCast_AsPeoncito". Blueprint:  BarraVIda Function:  Get Text 0 Graph:  GetText_0 Node:  Return Node
[2025.07.17-00.41.39:733][631]PIE: Error: Blueprint Runtime Error: "Accessed None trying to read property K2Node_DynamicCast_AsPeoncito". Blueprint:  BarraVIda Function:  Get Text 0 Graph:  GetText_0 Node:  Return Node
[2025.07.17-00.41.39:758][632]PIE: Error: Blueprint Runtime Error: "Accessed None trying to read property K2Node_DynamicCast_AsPeoncito". Blueprint:  BarraVIda Function:  Get Text 0 Graph:  GetText_0 Node:  Return Node
[2025.07.17-00.41.39:840][633]LogSlate: Updating window title bar state: overlay mode, drag disabled, window buttons hidden, title bar hidden
[2025.07.17-00.41.39:840][633]LogWorld: BeginTearingDown for /Game/ThirdPersonBP/Maps/UEDPIE_0_Perdiste_Level
[2025.07.17-00.41.39:840][633]LogWorld: UWorld::CleanupWorld for Perdiste_Level, bSessionEnded=true, bCleanupResources=true
[2025.07.17-00.41.39:841][633]LogSlate: InvalidateAllWidgets triggered.  All widgets were invalidated
[2025.07.17-00.41.39:851][633]LogPlayLevel: Display: Shutting down PIE online subsystems
[2025.07.17-00.41.39:880][633]LogSlate: InvalidateAllWidgets triggered.  All widgets were invalidated
[2025.07.17-00.41.39:951][633]LogSlate: Updating window title bar state: overlay mode, drag disabled, window buttons hidden, title bar hidden
[2025.07.17-00.41.39:952][633]LogAudioMixer: FMixerPlatformXAudio2::StopAudioStream() called
[2025.07.17-00.41.39:953][633]LogAudioMixer: FMixerPlatformXAudio2::StopAudioStream() called
[2025.07.17-00.41.39:967][633]LogUObjectHash: Compacting FUObjectHashTables data took   5.93ms
[2025.07.17-00.41.40:333][634]LogPlayLevel: Display: Destroying online subsystem :Context_47
[2025.07.17-00.41.42:385][683]LogSlate: Window 'Message Log' being destroyed
[2025.07.17-00.41.42:410][683]LogSlate: Window 'Message Log' being destroyed
[2025.07.17-00.41.47:357][839]LogEditorViewport: Clicking on Actor (LMB): StaticMeshActor (Linear_Stair_StaticMesh2)
[2025.07.17-00.41.48:332][859]LogEditorViewport: Clicking on Actor (LMB): stairs_C (stairs)
[2025.07.17-00.42.00:360][236]LogEditorViewport: Clicking on Actor (LMB): stairs_C (stairs)
[2025.07.17-00.42.10:217][536]LogEditorViewport: Clicking on Actor (LMB): StaticMeshActor (Floor)
[2025.07.17-00.42.10:943][554]LogEditorViewport: Clicking on Actor (LMB): stairs_C (stairs)
[2025.07.17-00.42.14:716][666]LogUObjectHash: Compacting FUObjectHashTables data took   4.84ms
[2025.07.17-00.42.14:805][666]LogSavePackage: Moving '../../../../../UTN-e-learning/Unreal-Engine/Unreal-Projects/TP_PreEntrega/Saved/ThirdPersonExampleMap769A55B44E9B09A0F8024C948C860368.tmp' to '../../../../../UTN-e-learning/Unreal-Engine/Unreal-Projects/TP_PreEntrega/Content/ThirdPersonBP/Maps/ThirdPersonExampleMap.umap'
[2025.07.17-00.42.15:222][666]LogSavePackage: Moving '../../../../../UTN-e-learning/Unreal-Engine/Unreal-Projects/TP_PreEntrega/Saved/ThirdPersonExampleMap_BuiltDataDB2894334E354020DD0C40A8B81C8D53.tmp' to '../../../../../UTN-e-learning/Unreal-Engine/Unreal-Projects/TP_PreEntrega/Content/ThirdPersonBP/Maps/ThirdPersonExampleMap_BuiltData.uasset'
[2025.07.17-00.42.15:272][666]AssetCheck: New page: Asset Save: multiple assets
[2025.07.17-00.42.15:272][666]LogContentValidation: Display: Validating MapBuildDataRegistry /Game/ThirdPersonBP/Maps/ThirdPersonExampleMap_BuiltData.ThirdPersonExampleMap_BuiltData
[2025.07.17-00.42.15:272][666]LogContentValidation: Display: Validating World /Game/ThirdPersonBP/Maps/ThirdPersonExampleMap.ThirdPersonExampleMap
[2025.07.17-00.42.24:576][941]LogEditorViewport: Clicking on Actor (LMB): stairs_C (stairs)
[2025.07.17-00.42.25:804][973]Cmd: EDIT COPY
[2025.07.17-00.42.26:546][995]Cmd: EDIT PASTE
[2025.07.17-00.42.29:307][ 69]LogEditorViewport: Clicking on Actor (LMB): stairs_C (stairs2)
[2025.07.17-00.43.00:290][980]LogEditorViewport: Clicking on Actor (LMB): StaticMeshActor (Floor)
[2025.07.17-00.43.01:217][  2]LogEditorViewport: Clicking on Actor (LMB): stairs_C (stairs2)
[2025.07.17-00.43.07:292][156]LogEditorViewport: Clicking on Actor (LMB): StaticMeshActor (Floor)
[2025.07.17-00.43.09:073][192]LogEditorViewport: Clicking on Actor (LMB): stairs_C (stairs2)
[2025.07.17-00.43.11:539][248]LogEditorViewport: Clicking on Actor (LMB): StaticMeshActor (Floor)
[2025.07.17-00.43.12:737][276]LogEditorViewport: Clicking on Actor (LMB): stairs_C (stairs2)
[2025.07.17-00.43.16:199][380]LogEditorViewport: Clicking on Actor (LMB): StaticMeshActor (Floor)
[2025.07.17-00.43.19:890][492]LogEditorViewport: Clicking on Actor (LMB): stairs_C (stairs2)
[2025.07.17-00.43.26:833][709]Cmd: DELETE
[2025.07.17-00.43.26:833][709]Cmd: ACTOR DELETE
[2025.07.17-00.43.26:843][709]LogEditorActor: Deleted Actor: stairs_C
[2025.07.17-00.43.26:965][709]LogUObjectHash: Compacting FUObjectHashTables data took   7.00ms
[2025.07.17-00.43.26:973][709]LogEditorActor: Deleted 1 Actors (0.140 secs)
[2025.07.17-00.43.29:728][799]LogEditorViewport: Clicking on Actor (LMB): stairs_C (stairs)
[2025.07.17-00.43.58:077][645]LogEditorViewport: Clicking on Actor (LMB): StaticMeshActor (Floor)
[2025.07.17-00.43.59:007][671]LogEditorViewport: Clicking on Actor (LMB): stairs_C (stairs)
[2025.07.17-00.44.02:429][778]LogUObjectHash: Compacting FUObjectHashTables data took   8.19ms
[2025.07.17-00.44.02:570][778]LogSavePackage: Moving '../../../../../UTN-e-learning/Unreal-Engine/Unreal-Projects/TP_PreEntrega/Saved/ThirdPersonExampleMap53DFC6684C8F4A6071726990EF0CDD34.tmp' to '../../../../../UTN-e-learning/Unreal-Engine/Unreal-Projects/TP_PreEntrega/Content/ThirdPersonBP/Maps/ThirdPersonExampleMap.umap'
[2025.07.17-00.44.02:977][778]LogSavePackage: Moving '../../../../../UTN-e-learning/Unreal-Engine/Unreal-Projects/TP_PreEntrega/Saved/ThirdPersonExampleMap_BuiltDataAC45D70C40137749DEA9F090C68B9886.tmp' to '../../../../../UTN-e-learning/Unreal-Engine/Unreal-Projects/TP_PreEntrega/Content/ThirdPersonBP/Maps/ThirdPersonExampleMap_BuiltData.uasset'
[2025.07.17-00.44.03:021][778]AssetCheck: New page: Asset Save: multiple assets
[2025.07.17-00.44.03:021][778]LogContentValidation: Display: Validating MapBuildDataRegistry /Game/ThirdPersonBP/Maps/ThirdPersonExampleMap_BuiltData.ThirdPersonExampleMap_BuiltData
[2025.07.17-00.44.03:021][778]LogContentValidation: Display: Validating World /Game/ThirdPersonBP/Maps/ThirdPersonExampleMap.ThirdPersonExampleMap
[2025.07.17-00.44.41:387][630]LogAssetEditorSubsystem: Opening Asset editor for Blueprint /Game/ThirdPersonBP/Blueprints/blueprints/plataforma.plataforma
[2025.07.17-00.45.25:283][947]LogSavePackage: Moving '../../../../../UTN-e-learning/Unreal-Engine/Unreal-Projects/TP_PreEntrega/Saved/stairs21C8627345ADFA8678D7B89D17B16D4A.tmp' to '../../../../../UTN-e-learning/Unreal-Engine/Unreal-Projects/TP_PreEntrega/Content/ThirdPersonBP/Blueprints/blueprints/stairs.uasset'
[2025.07.17-00.45.25:348][947]AssetCheck: New page: Asset Save: stairs
[2025.07.17-00.45.25:348][947]LogContentValidation: Display: Validating Blueprint /Game/ThirdPersonBP/Blueprints/blueprints/stairs.stairs
[2025.07.17-00.46.00:732][ 38]LogAssetEditorSubsystem: Opening Asset editor for Blueprint /Game/ThirdPersonBP/Blueprints/blueprints/Curador.Curador
[2025.07.17-00.46.05:698][118]LogBlueprint: Warning: [AssetLog] D:\UTN-e-learning\Unreal-Engine\Unreal-Projects\TP_PreEntrega\Content\ThirdPersonBP\Blueprints\blueprints\Curador.uasset: [Compiler] Pasted node  CustomEvent   conflicted with  Event Tick  and was replaced as a Custom Event!
[2025.07.17-00.47.10:861][ 87]LogSavePackage: Moving '../../../../../UTN-e-learning/Unreal-Engine/Unreal-Projects/TP_PreEntrega/Saved/Curador6CAA38124C02EF05C728C59D55E5E346.tmp' to '../../../../../UTN-e-learning/Unreal-Engine/Unreal-Projects/TP_PreEntrega/Content/ThirdPersonBP/Blueprints/blueprints/Curador.uasset'
[2025.07.17-00.47.10:939][ 87]AssetCheck: New page: Asset Save: Curador
[2025.07.17-00.47.10:939][ 87]LogContentValidation: Display: Validating Blueprint /Game/ThirdPersonBP/Blueprints/blueprints/Curador.Curador
[2025.07.17-00.47.19:322][366]LogSavePackage: Moving '../../../../../UTN-e-learning/Unreal-Engine/Unreal-Projects/TP_PreEntrega/Saved/Curador6AAABBBE48CF1647AD06FF8C8EE69176.tmp' to '../../../../../UTN-e-learning/Unreal-Engine/Unreal-Projects/TP_PreEntrega/Content/ThirdPersonBP/Blueprints/blueprints/Curador.uasset'
[2025.07.17-00.47.19:371][366]AssetCheck: New page: Asset Save: Curador
[2025.07.17-00.47.19:371][366]LogContentValidation: Display: Validating Blueprint /Game/ThirdPersonBP/Blueprints/blueprints/Curador.Curador
[2025.07.17-00.47.20:728][405]LogTemp: Repeating last play command: Selected Viewport
[2025.07.17-00.47.20:775][405]BlueprintLog: New page: Pre-Play auto-recompile
[2025.07.17-00.47.20:777][405]LogPlayLevel: [PlayLevel] Compiling Curador before play...
[2025.07.17-00.47.20:906][405]LogPlayLevel: [PlayLevel] Compiling stairs before play...
[2025.07.17-00.47.21:100][405]LogUObjectHash: Compacting FUObjectHashTables data took  11.39ms
[2025.07.17-00.47.21:105][405]LogPlayLevel: PlayLevel: Blueprint regeneration took 329 ms (2 blueprints)
[2025.07.17-00.47.21:105][405]PIE: New page: PIE session: ThirdPersonExampleMap (Jul 16, 2025, 6:47:21 PM)
[2025.07.17-00.47.21:110][405]LogPlayLevel: Creating play world package: /Game/ThirdPersonBP/Maps/UEDPIE_0_ThirdPersonExampleMap
[2025.07.17-00.47.21:160][405]LogPlayLevel: PIE: StaticDuplicateObject took: (0.049994s)
[2025.07.17-00.47.21:162][405]LogAIModule: Creating AISystem for world ThirdPersonExampleMap
[2025.07.17-00.47.21:164][405]LogPlayLevel: PIE: World Init took: (0.003759s)
[2025.07.17-00.47.21:164][405]LogPlayLevel: PIE: Created PIE world by copying editor world from /Game/ThirdPersonBP/Maps/ThirdPersonExampleMap.ThirdPersonExampleMap to /Game/ThirdPersonBP/Maps/UEDPIE_0_ThirdPersonExampleMap.ThirdPersonExampleMap (0.054445s)
[2025.07.17-00.47.21:289][405]LogUObjectHash: Compacting FUObjectHashTables data took   7.96ms
[2025.07.17-00.47.21:292][405]LogAudio: Display: Creating Audio Device:                 Id: 16, Scope: Unique, Realtime: True
[2025.07.17-00.47.21:292][405]LogAudioMixer: Display: Audio Mixer Platform Settings:
[2025.07.17-00.47.21:292][405]LogAudioMixer: Display: 	Sample Rate:						  48000
[2025.07.17-00.47.21:292][405]LogAudioMixer: Display: 	Callback Buffer Frame Size Requested: 1024
[2025.07.17-00.47.21:292][405]LogAudioMixer: Display: 	Callback Buffer Frame Size To Use:	  1024
[2025.07.17-00.47.21:292][405]LogAudioMixer: Display: 	Number of buffers to queue:			  2
[2025.07.17-00.47.21:293][405]LogAudioMixer: Display: 	Max Channels (voices):				  32
[2025.07.17-00.47.21:293][405]LogAudioMixer: Display: 	Number of Async Source Workers:		  0
[2025.07.17-00.47.21:293][405]LogAudio: Display: AudioDevice MaxSources: 32
[2025.07.17-00.47.21:294][405]LogAudio: Display: Audio Spatialization Plugin: None (built-in).
[2025.07.17-00.47.21:294][405]LogAudio: Display: Audio Reverb Plugin: None (built-in).
[2025.07.17-00.47.21:294][405]LogAudio: Display: Audio Occlusion Plugin: None (built-in).
[2025.07.17-00.47.21:294][405]LogAudioMixer: Display: Initializing audio mixer.
[2025.07.17-00.47.21:306][405]LogAudioMixer: Display: 0: FrontLeft
[2025.07.17-00.47.21:306][405]LogAudioMixer: Display: 1: FrontRight
[2025.07.17-00.47.21:346][405]LogAudioMixer: Display: Using Audio Device Headphones (SOUNDPEATS Mini HS Stereo)
[2025.07.17-00.47.21:347][405]LogAudioMixer: Display: Initializing Sound Submixes...
[2025.07.17-00.47.21:347][405]LogAudioMixer: Display: Creating Master Submix 'MasterSubmixDefault'
[2025.07.17-00.47.21:347][405]LogAudioMixer: Display: Creating Master Submix 'MasterReverbSubmixDefault'
[2025.07.17-00.47.21:348][405]LogAudioMixer: Display: Creating Master Submix 'MasterEQSubmixDefault'
[2025.07.17-00.47.21:348][405]LogAudioMixer: FMixerPlatformXAudio2::StartAudioStream() called
[2025.07.17-00.47.21:348][405]LogAudioMixer: Display: Output buffers initialized: Frames=1024, Channels=2, Samples=2048
[2025.07.17-00.47.21:350][405]LogAudioMixer: Display: Starting AudioMixerPlatformInterface::RunInternal()
[2025.07.17-00.47.21:350][405]LogAudioMixer: Display: FMixerPlatformXAudio2::SubmitBuffer() called for the first time
[2025.07.17-00.47.21:350][405]LogInit: FAudioDevice initialized.
[2025.07.17-00.47.21:350][405]LogAudio: Display: Audio Device (ID: 16) registered with world 'ThirdPersonExampleMap'.
[2025.07.17-00.47.21:367][405]LogLoad: Game class is 'ReglasJuego_C'
[2025.07.17-00.47.21:391][405]LogWorld: Bringing World /Game/ThirdPersonBP/Maps/UEDPIE_0_ThirdPersonExampleMap.ThirdPersonExampleMap up for play (max tick rate 60) at 2025.07.16-21.47.21
[2025.07.17-00.47.21:392][405]LogWorld: Bringing up level for play took: 0.022824
[2025.07.17-00.47.21:392][405]LogOnline: OSS: Creating online subsystem instance for: :Context_50
[2025.07.17-00.47.21:397][405]LogBlueprintUserMessages: [plataforma_2] Buenas buenas!
[2025.07.17-00.47.21:402][405]PIE: Server logged in
[2025.07.17-00.47.21:403][405]PIE: Play in editor total start time 0.654 seconds.
[2025.07.17-00.47.24:077][500]LogBlueprintUserMessages: [bala_C_6] Le reste 25 al bad fella
[2025.07.17-00.47.28:511][680]LogBlueprintUserMessages: [Curador_2] no te puedo curar porque tu vida es mayor a 80, volve cuando tengas menos!
[2025.07.17-00.47.29:792][729]LogBlueprintUserMessages: [bala_C_13] El peoncito perdio 10 de vida!!!!
[2025.07.17-00.47.30:046][739]LogBlueprintUserMessages: [bala_C_14] El peoncito perdio 10 de vida!!!!
[2025.07.17-00.47.30:077][740]LogBlueprintUserMessages: [bala_C_14] El peoncito perdio 10 de vida!!!!
[2025.07.17-00.47.30:109][741]LogBlueprintUserMessages: [bala_C_14] El peoncito perdio 10 de vida!!!!
[2025.07.17-00.47.30:372][750]LogBlueprintUserMessages: [bala_C_14] El peoncito perdio 10 de vida!!!!
[2025.07.17-00.47.30:396][751]LogBlueprintUserMessages: [Curador_2] Le di vida al peoncito! ahora tiene:
[2025.07.17-00.47.30:396][751]LogBlueprintUserMessages: [Curador_2] 50.0
[2025.07.17-00.47.30:396][751]LogBlueprintUserMessages: [Curador_2] El curador ya curo las siguientes veces:
[2025.07.17-00.47.30:396][751]LogBlueprintUserMessages: [Curador_2] 1.0
[2025.07.17-00.47.31:214][779]LogBlueprintUserMessages: [bala_C_16] El peoncito perdio 10 de vida!!!!
[2025.07.17-00.47.32:520][825]LogSlate: Updating window title bar state: overlay mode, drag disabled, window buttons hidden, title bar hidden
[2025.07.17-00.47.32:520][825]LogWorld: BeginTearingDown for /Game/ThirdPersonBP/Maps/UEDPIE_0_ThirdPersonExampleMap
[2025.07.17-00.47.32:520][825]LogWorld: UWorld::CleanupWorld for ThirdPersonExampleMap, bSessionEnded=true, bCleanupResources=true
[2025.07.17-00.47.32:521][825]LogSlate: InvalidateAllWidgets triggered.  All widgets were invalidated
[2025.07.17-00.47.32:536][825]LogPlayLevel: Display: Shutting down PIE online subsystems
[2025.07.17-00.47.32:551][825]LogSlate: InvalidateAllWidgets triggered.  All widgets were invalidated
[2025.07.17-00.47.32:635][825]LogSlate: Updating window title bar state: overlay mode, drag disabled, window buttons hidden, title bar hidden
[2025.07.17-00.47.32:637][825]LogAudioMixer: FMixerPlatformXAudio2::StopAudioStream() called
[2025.07.17-00.47.32:639][825]LogAudioMixer: FMixerPlatformXAudio2::StopAudioStream() called
[2025.07.17-00.47.32:656][825]LogUObjectHash: Compacting FUObjectHashTables data took   8.52ms
[2025.07.17-00.47.32:733][826]LogPlayLevel: Display: Destroying online subsystem :Context_50
[2025.07.17-00.47.39:285][ 76]LogSavePackage: Moving '../../../../../UTN-e-learning/Unreal-Engine/Unreal-Projects/TP_PreEntrega/Saved/CuradorC69F85494EF3FAC60D61EEA470F51ECF.tmp' to '../../../../../UTN-e-learning/Unreal-Engine/Unreal-Projects/TP_PreEntrega/Content/ThirdPersonBP/Blueprints/blueprints/Curador.uasset'
[2025.07.17-00.47.39:329][ 76]AssetCheck: New page: Asset Save: Curador
[2025.07.17-00.47.39:329][ 76]LogContentValidation: Display: Validating Blueprint /Game/ThirdPersonBP/Blueprints/blueprints/Curador.Curador
[2025.07.17-00.47.40:867][128]LogTemp: Repeating last play command: Selected Viewport
[2025.07.17-00.47.40:905][128]BlueprintLog: New page: Pre-Play auto-recompile
[2025.07.17-00.47.40:906][128]LogPlayLevel: [PlayLevel] Compiling Curador before play...
[2025.07.17-00.47.41:121][128]LogUObjectHash: Compacting FUObjectHashTables data took  10.36ms
[2025.07.17-00.47.41:125][128]LogPlayLevel: PlayLevel: Blueprint regeneration took 219 ms (1 blueprints)
[2025.07.17-00.47.41:125][128]PIE: New page: PIE session: ThirdPersonExampleMap (Jul 16, 2025, 6:47:41 PM)
[2025.07.17-00.47.41:125][128]LogPlayLevel: Creating play world package: /Game/ThirdPersonBP/Maps/UEDPIE_0_ThirdPersonExampleMap
[2025.07.17-00.47.41:165][128]LogPlayLevel: PIE: StaticDuplicateObject took: (0.039023s)
[2025.07.17-00.47.41:167][128]LogAIModule: Creating AISystem for world ThirdPersonExampleMap
[2025.07.17-00.47.41:168][128]LogPlayLevel: PIE: World Init took: (0.002318s)
[2025.07.17-00.47.41:168][128]LogPlayLevel: PIE: Created PIE world by copying editor world from /Game/ThirdPersonBP/Maps/ThirdPersonExampleMap.ThirdPersonExampleMap to /Game/ThirdPersonBP/Maps/UEDPIE_0_ThirdPersonExampleMap.ThirdPersonExampleMap (0.041727s)
[2025.07.17-00.47.41:304][128]LogUObjectHash: Compacting FUObjectHashTables data took   9.99ms
[2025.07.17-00.47.41:308][128]LogAudio: Display: Creating Audio Device:                 Id: 17, Scope: Unique, Realtime: True
[2025.07.17-00.47.41:308][128]LogAudioMixer: Display: Audio Mixer Platform Settings:
[2025.07.17-00.47.41:308][128]LogAudioMixer: Display: 	Sample Rate:						  48000
[2025.07.17-00.47.41:309][128]LogAudioMixer: Display: 	Callback Buffer Frame Size Requested: 1024
[2025.07.17-00.47.41:309][128]LogAudioMixer: Display: 	Callback Buffer Frame Size To Use:	  1024
[2025.07.17-00.47.41:309][128]LogAudioMixer: Display: 	Number of buffers to queue:			  2
[2025.07.17-00.47.41:309][128]LogAudioMixer: Display: 	Max Channels (voices):				  32
[2025.07.17-00.47.41:309][128]LogAudioMixer: Display: 	Number of Async Source Workers:		  0
[2025.07.17-00.47.41:309][128]LogAudio: Display: AudioDevice MaxSources: 32
[2025.07.17-00.47.41:311][128]LogAudio: Display: Audio Spatialization Plugin: None (built-in).
[2025.07.17-00.47.41:311][128]LogAudio: Display: Audio Reverb Plugin: None (built-in).
[2025.07.17-00.47.41:311][128]LogAudio: Display: Audio Occlusion Plugin: None (built-in).
[2025.07.17-00.47.41:312][128]LogAudioMixer: Display: Initializing audio mixer.
[2025.07.17-00.47.41:323][128]LogAudioMixer: Display: 0: FrontLeft
[2025.07.17-00.47.41:323][128]LogAudioMixer: Display: 1: FrontRight
[2025.07.17-00.47.41:356][128]LogAudioMixer: Display: Using Audio Device Headphones (SOUNDPEATS Mini HS Stereo)
[2025.07.17-00.47.41:357][128]LogAudioMixer: Display: Initializing Sound Submixes...
[2025.07.17-00.47.41:357][128]LogAudioMixer: Display: Creating Master Submix 'MasterSubmixDefault'
[2025.07.17-00.47.41:357][128]LogAudioMixer: Display: Creating Master Submix 'MasterReverbSubmixDefault'
[2025.07.17-00.47.41:358][128]LogAudioMixer: Display: Creating Master Submix 'MasterEQSubmixDefault'
[2025.07.17-00.47.41:358][128]LogAudioMixer: FMixerPlatformXAudio2::StartAudioStream() called
[2025.07.17-00.47.41:358][128]LogAudioMixer: Display: Output buffers initialized: Frames=1024, Channels=2, Samples=2048
[2025.07.17-00.47.41:361][128]LogAudioMixer: Display: Starting AudioMixerPlatformInterface::RunInternal()
[2025.07.17-00.47.41:361][128]LogAudioMixer: Display: FMixerPlatformXAudio2::SubmitBuffer() called for the first time
[2025.07.17-00.47.41:361][128]LogInit: FAudioDevice initialized.
[2025.07.17-00.47.41:361][128]LogAudio: Display: Audio Device (ID: 17) registered with world 'ThirdPersonExampleMap'.
[2025.07.17-00.47.41:374][128]LogLoad: Game class is 'ReglasJuego_C'
[2025.07.17-00.47.41:387][128]LogWorld: Bringing World /Game/ThirdPersonBP/Maps/UEDPIE_0_ThirdPersonExampleMap.ThirdPersonExampleMap up for play (max tick rate 60) at 2025.07.16-21.47.41
[2025.07.17-00.47.41:387][128]LogWorld: Bringing up level for play took: 0.012401
[2025.07.17-00.47.41:387][128]LogOnline: OSS: Creating online subsystem instance for: :Context_51
[2025.07.17-00.47.41:390][128]LogBlueprintUserMessages: [plataforma_2] Buenas buenas!
[2025.07.17-00.47.41:397][128]PIE: Server logged in
[2025.07.17-00.47.41:399][128]PIE: Play in editor total start time 0.515 seconds.
[2025.07.17-00.47.47:103][355]LogBlueprintUserMessages: [bala_C_12] Le reste 25 al bad fella
[2025.07.17-00.47.48:085][388]LogBlueprintUserMessages: [ReglasJuego_C_0] El puntaje subio!
[2025.07.17-00.47.48:086][388]LogBlueprintUserMessages: [ReglasJuego_C_0] 2
[2025.07.17-00.47.50:120][464]LogBlueprintUserMessages: [bala_C_20] Le reste 25 al bad fella
[2025.07.17-00.47.52:421][552]LogBlueprintUserMessages: [ReglasJuego_C_0] El puntaje subio!
[2025.07.17-00.47.52:421][552]LogBlueprintUserMessages: [ReglasJuego_C_0] 4
[2025.07.17-00.47.53:655][596]LogBlueprintUserMessages: [Curador_2] no te puedo curar porque tu vida es mayor a 80, volve cuando tengas menos!
[2025.07.17-00.47.55:615][666]LogSlate: Updating window title bar state: overlay mode, drag disabled, window buttons hidden, title bar hidden
[2025.07.17-00.47.55:615][666]LogWorld: BeginTearingDown for /Game/ThirdPersonBP/Maps/UEDPIE_0_ThirdPersonExampleMap
[2025.07.17-00.47.55:616][666]LogWorld: UWorld::CleanupWorld for ThirdPersonExampleMap, bSessionEnded=true, bCleanupResources=true
[2025.07.17-00.47.55:618][666]LogSlate: InvalidateAllWidgets triggered.  All widgets were invalidated
[2025.07.17-00.47.55:634][666]LogPlayLevel: Display: Shutting down PIE online subsystems
[2025.07.17-00.47.55:646][666]LogSlate: InvalidateAllWidgets triggered.  All widgets were invalidated
[2025.07.17-00.47.55:705][666]LogSlate: Updating window title bar state: overlay mode, drag disabled, window buttons hidden, title bar hidden
[2025.07.17-00.47.55:706][666]LogAudioMixer: FMixerPlatformXAudio2::StopAudioStream() called
[2025.07.17-00.47.55:707][666]LogAudioMixer: FMixerPlatformXAudio2::StopAudioStream() called
[2025.07.17-00.47.55:718][666]LogUObjectHash: Compacting FUObjectHashTables data took   5.30ms
[2025.07.17-00.47.55:790][667]LogPlayLevel: Display: Destroying online subsystem :Context_51
[2025.07.17-00.47.59:484][797]LogSavePackage: Moving '../../../../../UTN-e-learning/Unreal-Engine/Unreal-Projects/TP_PreEntrega/Saved/Curador5BBE3B5C4C3EA8DC94A43BA75119DBB6.tmp' to '../../../../../UTN-e-learning/Unreal-Engine/Unreal-Projects/TP_PreEntrega/Content/ThirdPersonBP/Blueprints/blueprints/Curador.uasset'
[2025.07.17-00.47.59:521][797]AssetCheck: New page: Asset Save: Curador
[2025.07.17-00.47.59:521][797]LogContentValidation: Display: Validating Blueprint /Game/ThirdPersonBP/Blueprints/blueprints/Curador.Curador
[2025.07.17-00.48.01:121][848]LogTemp: Repeating last play command: Selected Viewport
[2025.07.17-00.48.01:162][848]BlueprintLog: New page: Pre-Play auto-recompile
[2025.07.17-00.48.01:164][848]LogPlayLevel: [PlayLevel] Compiling Curador before play...
[2025.07.17-00.48.01:367][848]LogUObjectHash: Compacting FUObjectHashTables data took  10.43ms
[2025.07.17-00.48.01:370][848]LogPlayLevel: PlayLevel: Blueprint regeneration took 207 ms (1 blueprints)
[2025.07.17-00.48.01:371][848]PIE: New page: PIE session: ThirdPersonExampleMap (Jul 16, 2025, 6:48:01 PM)
[2025.07.17-00.48.01:371][848]LogPlayLevel: Creating play world package: /Game/ThirdPersonBP/Maps/UEDPIE_0_ThirdPersonExampleMap
[2025.07.17-00.48.01:437][848]LogPlayLevel: PIE: StaticDuplicateObject took: (0.065359s)
[2025.07.17-00.48.01:440][848]LogAIModule: Creating AISystem for world ThirdPersonExampleMap
[2025.07.17-00.48.01:440][848]LogPlayLevel: PIE: World Init took: (0.003050s)
[2025.07.17-00.48.01:440][848]LogPlayLevel: PIE: Created PIE world by copying editor world from /Game/ThirdPersonBP/Maps/ThirdPersonExampleMap.ThirdPersonExampleMap to /Game/ThirdPersonBP/Maps/UEDPIE_0_ThirdPersonExampleMap.ThirdPersonExampleMap (0.068875s)
[2025.07.17-00.48.01:589][848]LogUObjectHash: Compacting FUObjectHashTables data took   9.21ms
[2025.07.17-00.48.01:591][848]LogAudio: Display: Creating Audio Device:                 Id: 18, Scope: Unique, Realtime: True
[2025.07.17-00.48.01:591][848]LogAudioMixer: Display: Audio Mixer Platform Settings:
[2025.07.17-00.48.01:591][848]LogAudioMixer: Display: 	Sample Rate:						  48000
[2025.07.17-00.48.01:591][848]LogAudioMixer: Display: 	Callback Buffer Frame Size Requested: 1024
[2025.07.17-00.48.01:591][848]LogAudioMixer: Display: 	Callback Buffer Frame Size To Use:	  1024
[2025.07.17-00.48.01:591][848]LogAudioMixer: Display: 	Number of buffers to queue:			  2
[2025.07.17-00.48.01:592][848]LogAudioMixer: Display: 	Max Channels (voices):				  32
[2025.07.17-00.48.01:592][848]LogAudioMixer: Display: 	Number of Async Source Workers:		  0
[2025.07.17-00.48.01:592][848]LogAudio: Display: AudioDevice MaxSources: 32
[2025.07.17-00.48.01:593][848]LogAudio: Display: Audio Spatialization Plugin: None (built-in).
[2025.07.17-00.48.01:593][848]LogAudio: Display: Audio Reverb Plugin: None (built-in).
[2025.07.17-00.48.01:593][848]LogAudio: Display: Audio Occlusion Plugin: None (built-in).
[2025.07.17-00.48.01:593][848]LogAudioMixer: Display: Initializing audio mixer.
[2025.07.17-00.48.01:605][848]LogAudioMixer: Display: 0: FrontLeft
[2025.07.17-00.48.01:605][848]LogAudioMixer: Display: 1: FrontRight
[2025.07.17-00.48.01:642][848]LogAudioMixer: Display: Using Audio Device Headphones (SOUNDPEATS Mini HS Stereo)
[2025.07.17-00.48.01:642][848]LogAudioMixer: Display: Initializing Sound Submixes...
[2025.07.17-00.48.01:643][848]LogAudioMixer: Display: Creating Master Submix 'MasterSubmixDefault'
[2025.07.17-00.48.01:643][848]LogAudioMixer: Display: Creating Master Submix 'MasterReverbSubmixDefault'
[2025.07.17-00.48.01:644][848]LogAudioMixer: Display: Creating Master Submix 'MasterEQSubmixDefault'
[2025.07.17-00.48.01:644][848]LogAudioMixer: FMixerPlatformXAudio2::StartAudioStream() called
[2025.07.17-00.48.01:644][848]LogAudioMixer: Display: Output buffers initialized: Frames=1024, Channels=2, Samples=2048
[2025.07.17-00.48.01:647][848]LogAudioMixer: Display: Starting AudioMixerPlatformInterface::RunInternal()
[2025.07.17-00.48.01:647][848]LogAudioMixer: Display: FMixerPlatformXAudio2::SubmitBuffer() called for the first time
[2025.07.17-00.48.01:647][848]LogInit: FAudioDevice initialized.
[2025.07.17-00.48.01:647][848]LogAudio: Display: Audio Device (ID: 18) registered with world 'ThirdPersonExampleMap'.
[2025.07.17-00.48.01:664][848]LogLoad: Game class is 'ReglasJuego_C'
[2025.07.17-00.48.01:678][848]LogWorld: Bringing World /Game/ThirdPersonBP/Maps/UEDPIE_0_ThirdPersonExampleMap.ThirdPersonExampleMap up for play (max tick rate 60) at 2025.07.16-21.48.01
[2025.07.17-00.48.01:679][848]LogWorld: Bringing up level for play took: 0.013309
[2025.07.17-00.48.01:679][848]LogOnline: OSS: Creating online subsystem instance for: :Context_52
[2025.07.17-00.48.01:683][848]LogBlueprintUserMessages: [plataforma_2] Buenas buenas!
[2025.07.17-00.48.01:686][848]PIE: Server logged in
[2025.07.17-00.48.01:687][848]PIE: Play in editor total start time 0.547 seconds.
[2025.07.17-00.48.03:105][895]LogBlueprintUserMessages: [bala_C_2] El peoncito perdio 10 de vida!!!!
[2025.07.17-00.48.03:155][896]LogBlueprintUserMessages: [bala_C_2] El peoncito perdio 10 de vida!!!!
[2025.07.17-00.48.03:189][897]LogBlueprintUserMessages: [bala_C_2] El peoncito perdio 10 de vida!!!!
[2025.07.17-00.48.04:378][944]LogBlueprintUserMessages: [bala_C_5] Le reste 25 al bad fella
[2025.07.17-00.48.04:495][949]LogBlueprintUserMessages: [ReglasJuego_C_0] El puntaje subio!
[2025.07.17-00.48.04:495][949]LogBlueprintUserMessages: [ReglasJuego_C_0] 2
[2025.07.17-00.48.08:329][ 90]LogBlueprintUserMessages: [Curador_2] Le di vida al peoncito! ahora tiene:
[2025.07.17-00.48.08:329][ 90]LogBlueprintUserMessages: [Curador_2] 70.0
[2025.07.17-00.48.08:329][ 90]LogBlueprintUserMessages: [Curador_2] El curador ya curo las siguientes veces:
[2025.07.17-00.48.08:329][ 90]LogBlueprintUserMessages: [Curador_2] 1.0
[2025.07.17-00.48.10:399][156]LogBlueprintUserMessages: [bala_C_19] Le reste 25 al bad fella
[2025.07.17-00.48.12:295][207]LogBlueprintUserMessages: [ReglasJuego_C_0] El puntaje subio!
[2025.07.17-00.48.12:295][207]LogBlueprintUserMessages: [ReglasJuego_C_0] 4
[2025.07.17-00.48.13:141][230]LogBlueprintUserMessages: [Curador_2] no te puedo curar porque tu vida es mayor a 80, volve cuando tengas menos!
[2025.07.17-00.48.15:716][327]LogBlueprintUserMessages: [bala_C_25] El peoncito perdio 10 de vida!!!!
[2025.07.17-00.48.16:414][346]LogBlueprintUserMessages: [bala_C_33] Le reste 25 al bad fella
[2025.07.17-00.48.19:211][450]LogBlueprintUserMessages: [Curador_2] no te puedo curar porque tu vida es mayor a 80, volve cuando tengas menos!
[2025.07.17-00.48.19:789][469]LogBlueprintUserMessages: [Curador_2] no te puedo curar porque tu vida es mayor a 80, volve cuando tengas menos!
[2025.07.17-00.48.22:434][567]LogBlueprintUserMessages: [bala_C_48] Le reste 25 al bad fella
[2025.07.17-00.48.22:458][568]LogBlueprintUserMessages: [bad_fella_2] Bad fella  Destruido!
[2025.07.17-00.48.24:157][628]LogBlueprintUserMessages: [bala_C_51] Le reste 50 al bad guy
[2025.07.17-00.48.24:461][639]LogBlueprintUserMessages: [bala_C_52] Le reste 50 al bad guy
[2025.07.17-00.48.24:462][639]LogBlueprintUserMessages: [bad_guy2_2] Bad guy  Destruido!
[2025.07.17-00.48.24:586][642]LogBlueprintUserMessages: [bala_C_49] El peoncito perdio 10 de vida!!!!
[2025.07.17-00.48.30:183][851]LogSlate: Updating window title bar state: overlay mode, drag disabled, window buttons hidden, title bar hidden
[2025.07.17-00.48.30:184][851]LogWorld: BeginTearingDown for /Game/ThirdPersonBP/Maps/UEDPIE_0_ThirdPersonExampleMap
[2025.07.17-00.48.30:184][851]LogWorld: UWorld::CleanupWorld for ThirdPersonExampleMap, bSessionEnded=true, bCleanupResources=true
[2025.07.17-00.48.30:187][851]LogSlate: InvalidateAllWidgets triggered.  All widgets were invalidated
[2025.07.17-00.48.30:203][851]LogPlayLevel: Display: Shutting down PIE online subsystems
[2025.07.17-00.48.30:216][851]LogSlate: InvalidateAllWidgets triggered.  All widgets were invalidated
[2025.07.17-00.48.30:276][851]LogSlate: Updating window title bar state: overlay mode, drag disabled, window buttons hidden, title bar hidden
[2025.07.17-00.48.30:277][851]LogAudioMixer: FMixerPlatformXAudio2::StopAudioStream() called
[2025.07.17-00.48.30:278][851]LogAudioMixer: FMixerPlatformXAudio2::StopAudioStream() called
[2025.07.17-00.48.30:287][851]LogUObjectHash: Compacting FUObjectHashTables data took   4.14ms
[2025.07.17-00.48.30:341][852]LogPlayLevel: Display: Destroying online subsystem :Context_52
[2025.07.17-00.48.58:006][832]LogSavePackage: Moving '../../../../../UTN-e-learning/Unreal-Engine/Unreal-Projects/TP_PreEntrega/Saved/CuradorD2E57DF8456727DD3AC6DB8A80610613.tmp' to '../../../../../UTN-e-learning/Unreal-Engine/Unreal-Projects/TP_PreEntrega/Content/ThirdPersonBP/Blueprints/blueprints/Curador.uasset'
[2025.07.17-00.48.58:054][832]AssetCheck: New page: Asset Save: Curador
[2025.07.17-00.48.58:054][832]LogContentValidation: Display: Validating Blueprint /Game/ThirdPersonBP/Blueprints/blueprints/Curador.Curador
[2025.07.17-00.49.11:687][248]LogSavePackage: Moving '../../../../../UTN-e-learning/Unreal-Engine/Unreal-Projects/TP_PreEntrega/Saved/Curador4727131A4FF20DE4DC6A1991E2943EAD.tmp' to '../../../../../UTN-e-learning/Unreal-Engine/Unreal-Projects/TP_PreEntrega/Content/ThirdPersonBP/Blueprints/blueprints/Curador.uasset'
[2025.07.17-00.49.11:737][248]AssetCheck: New page: Asset Save: Curador
[2025.07.17-00.49.11:737][248]LogContentValidation: Display: Validating Blueprint /Game/ThirdPersonBP/Blueprints/blueprints/Curador.Curador
[2025.07.17-00.51.28:950][219]LogEditorViewport: Clicking on Actor (LMB): Curador_C (Curador)
[2025.07.17-00.51.39:797][638]LogSavePackage: Moving '../../../../../UTN-e-learning/Unreal-Engine/Unreal-Projects/TP_PreEntrega/Saved/CuradorFAAAF3D24200886F18F413BF4C286F87.tmp' to '../../../../../UTN-e-learning/Unreal-Engine/Unreal-Projects/TP_PreEntrega/Content/ThirdPersonBP/Blueprints/blueprints/Curador.uasset'
[2025.07.17-00.51.39:854][638]AssetCheck: New page: Asset Save: Curador
[2025.07.17-00.51.39:854][638]LogContentValidation: Display: Validating Blueprint /Game/ThirdPersonBP/Blueprints/blueprints/Curador.Curador
[2025.07.17-00.52.04:151][370]LogAssetEditorSubsystem: Opening Asset editor for Blueprint /Game/ThirdPersonBP/Blueprints/blueprints/bad_fella.bad_fella
[2025.07.17-00.52.36:915][415]LogEditorClassViewer: Warning: Class /Engine/Tutorial/InWorldBlueprintEditing/TutorialAssets/IWBE_Blutility.IWBE_Blutility_C has parent /Script/Blutility.PlacedEditorUtilityBase, but this parent is not found. The Class will not be shown in ClassViewer.
[2025.07.17-00.53.12:473][529]LogSlate: Window 'Pick Parent Class' being destroyed
[2025.07.17-00.53.12:493][529]LogContentBrowser: Deferred new asset file creation: NewBlueprint1
[2025.07.17-00.53.12:564][529]LogContentBrowser: Creating deferred item: NewBlueprint1
[2025.07.17-00.53.29:748][989]LogContentBrowser: Attempting asset rename: NewBlueprint1 -> Particula
[2025.07.17-00.53.29:765][989]LogContentBrowser: End creating deferred item NewBlueprint1
[2025.07.17-00.53.46:236][399]LogContentBrowser: Attempting asset rename: Particula -> ParticulasActor
[2025.07.17-00.53.46:305][399]LogMetaData: Removing '/Game/ThirdPersonBP/Blueprints/blueprints/ParticulasActor.ParticulasActor:UserConstructionScript.K2Node_FunctionEntry_0' ref from Metadata '/Game/ThirdPersonBP/Blueprints/blueprints/Particula.PackageMetaData'
[2025.07.17-00.53.46:305][399]LogMetaData: Removing '/Game/ThirdPersonBP/Blueprints/blueprints/ParticulasActor.SKEL_ParticulasActor_C:UserConstructionScript' ref from Metadata '/Game/ThirdPersonBP/Blueprints/blueprints/Particula.PackageMetaData'
[2025.07.17-00.53.46:305][399]LogMetaData: Removing '/Game/ThirdPersonBP/Blueprints/blueprints/ParticulasActor.SKEL_ParticulasActor_C' ref from Metadata '/Game/ThirdPersonBP/Blueprints/blueprints/Particula.PackageMetaData'
[2025.07.17-00.53.46:305][399]LogMetaData: Removing '/Game/ThirdPersonBP/Blueprints/blueprints/ParticulasActor.ParticulasActor_C' ref from Metadata '/Game/ThirdPersonBP/Blueprints/blueprints/Particula.PackageMetaData'
[2025.07.17-00.53.46:305][399]LogMetaData: Removing '/Game/ThirdPersonBP/Blueprints/blueprints/ParticulasActor.ParticulasActor:EventGraph.K2Node_Event_0' ref from Metadata '/Game/ThirdPersonBP/Blueprints/blueprints/Particula.PackageMetaData'
[2025.07.17-00.53.46:305][399]LogMetaData: Removing '/Game/ThirdPersonBP/Blueprints/blueprints/ParticulasActor.ParticulasActor:EventGraph.K2Node_Event_1' ref from Metadata '/Game/ThirdPersonBP/Blueprints/blueprints/Particula.PackageMetaData'
[2025.07.17-00.53.46:305][399]LogMetaData: Removing '/Game/ThirdPersonBP/Blueprints/blueprints/ParticulasActor.ParticulasActor:EventGraph.K2Node_Event_2' ref from Metadata '/Game/ThirdPersonBP/Blueprints/blueprints/Particula.PackageMetaData'
[2025.07.17-00.53.46:403][399]LogSavePackage: Moving '../../../../../UTN-e-learning/Unreal-Engine/Unreal-Projects/TP_PreEntrega/Saved/ParticulasActorD122374440B038C32CFAF39105BF1A37.tmp' to '../../../../../UTN-e-learning/Unreal-Engine/Unreal-Projects/TP_PreEntrega/Content/ThirdPersonBP/Blueprints/blueprints/ParticulasActor.uasset'
[2025.07.17-00.53.46:799][399]LogUObjectHash: Compacting FUObjectHashTables data took  16.06ms
[2025.07.17-00.53.46:982][399]LogUObjectHash: Compacting FUObjectHashTables data took  10.07ms
[2025.07.17-00.53.47:143][399]LogUObjectHash: Compacting FUObjectHashTables data took   3.18ms
[2025.07.17-00.53.47:291][399]AssetCheck: New page: Asset Save: ParticulasActor
[2025.07.17-00.53.47:291][399]LogContentValidation: Display: Validating Blueprint /Game/ThirdPersonBP/Blueprints/blueprints/ParticulasActor.ParticulasActor
[2025.07.17-00.53.51:854][493]LogAssetEditorSubsystem: Opening Asset editor for Blueprint /Game/ThirdPersonBP/Blueprints/blueprints/ParticulasActor.ParticulasActor
[2025.07.17-00.54.49:689][148]LogMaterial: Display: Missing cached shadermap for M_Spark in PCD3D_SM5, Default, SM5 (DDC key hash: 13E80ABC1A53E61EBF1741257F069E3364510DF9), compiling. 
[2025.07.17-00.54.49:780][148]LogShaderCompilers: Display: Submitted 36 shader compile jobs with 'Low' priority
[2025.07.17-00.54.49:787][148]LogMaterial: Display: Missing cached shadermap for M_smoke_subUV in PCD3D_SM5, Default, SM5 (DDC key hash: 6959EA5B951D5A1010D5FF9C8CD441F92EC7BB92), compiling. 
[2025.07.17-00.54.50:389][148]LogShaderCompilers: Display: Worker (1/5): shaders left to compile 36
[2025.07.17-00.54.50:389][148]LogShaderCompilers: Display: Worker (2/5): shaders left to compile 26
[2025.07.17-00.54.50:389][148]LogShaderCompilers: Display: Worker (3/5): shaders left to compile 16
[2025.07.17-00.54.50:389][148]LogShaderCompilers: Display: Worker (4/5): shaders left to compile 6
[2025.07.17-00.54.50:390][148]LogShaderCompilers: Display: Started 36 'Local' shader compile jobs with 'Low' priority
[2025.07.17-00.54.50:390][148]LogShaderCompilers: Display: Submitted 96 shader compile jobs with 'Low' priority
[2025.07.17-00.54.50:401][148]LogMaterial: Display: Missing cached shadermap for M_Radial_Gradient in PCD3D_SM5, Default, SM5 (DDC key hash: AF0EB6CB1CD5C9AD7A8D8ADC043ABBF547617814), compiling. 
[2025.07.17-00.54.50:632][148]LogShaderCompilers: Display: Submitted 48 shader compile jobs with 'Low' priority
[2025.07.17-00.55.08:246][358]LogShaderCompilers: Display: Worker (4/5): shaders left to compile 10
[2025.07.17-00.55.08:247][358]LogShaderCompilers: Display: Started 3 'Local' shader compile jobs with 'ForceLocal' priority
[2025.07.17-00.55.08:282][358]LogShaderCompilers: Display: === FShaderJobCache stats ===
[2025.07.17-00.55.08:282][358]LogShaderCompilers: Display: Total job queries 369, among them cache hits 0 (0.00%)
[2025.07.17-00.55.08:282][358]LogShaderCompilers: Display: Tracking 170 distinct input hashes that result in 111 distinct outputs (65.29%)
[2025.07.17-00.55.08:283][358]LogShaderCompilers: Display: RAM used: 0.80 MB (0.00 GB) of 1638.40 MB (1.60 GB) budget. Usage: 0.05%
[2025.07.17-00.55.08:283][358]LogShaderCompilers: Display: ================================================
[2025.07.17-00.55.13:148][431]LogShaderCompilers: Display: Worker (1/5): shaders left to compile 7
[2025.07.17-00.55.13:148][431]LogShaderCompilers: Display: Started 2 'Local' shader compile jobs with 'ForceLocal' priority
[2025.07.17-00.55.15:716][471]LogShaderCompilers: Display: Worker (2/5): shaders left to compile 5
[2025.07.17-00.55.15:716][471]LogShaderCompilers: Display: Started 2 'Local' shader compile jobs with 'ForceLocal' priority
[2025.07.17-00.55.17:370][498]LogShaderCompilers: Display: Worker (3/5): shaders left to compile 3
[2025.07.17-00.55.17:370][498]LogShaderCompilers: Display: Started 1 'Local' shader compile jobs with 'ForceLocal' priority
[2025.07.17-00.55.18:521][516]LogShaderCompilers: Display: Worker (4/5): shaders left to compile 2
[2025.07.17-00.55.18:522][516]LogShaderCompilers: Display: Started 1 'Local' shader compile jobs with 'ForceLocal' priority
[2025.07.17-00.55.20:749][551]LogShaderCompilers: Display: Worker (3/5): shaders left to compile 1
[2025.07.17-00.55.20:749][551]LogShaderCompilers: Display: Started 1 'Local' shader compile jobs with 'ForceLocal' priority
[2025.07.17-00.55.20:875][553]LogShaderCompilers: Display: Worker (1/5): shaders left to compile 134
[2025.07.17-00.55.20:875][553]LogShaderCompilers: Display: Started 10 'Local' shader compile jobs with 'Normal' priority
[2025.07.17-00.55.22:574][580]LogShaderCompilers: Display: Worker (4/5): shaders left to compile 124
[2025.07.17-00.55.22:574][580]LogShaderCompilers: Display: Started 10 'Local' shader compile jobs with 'Normal' priority
[2025.07.17-00.55.23:768][599]LogShaderCompilers: Display: Worker (2/5): shaders left to compile 114
[2025.07.17-00.55.23:769][599]LogShaderCompilers: Display: Started 10 'Local' shader compile jobs with 'Normal' priority
[2025.07.17-00.55.24:475][610]LogShaderCompilers: Display: Worker (3/5): shaders left to compile 104
[2025.07.17-00.55.24:475][610]LogShaderCompilers: Display: Started 10 'Local' shader compile jobs with 'Normal' priority
[2025.07.17-00.55.53:018][ 93]LogShaderCompilers: Display: Worker (4/5): shaders left to compile 94
[2025.07.17-00.55.53:018][ 93]LogShaderCompilers: Display: Started 10 'Local' shader compile jobs with 'Normal' priority
[2025.07.17-00.55.57:435][171]LogShaderCompilers: Display: Worker (2/5): shaders left to compile 84
[2025.07.17-00.55.57:436][171]LogShaderCompilers: Display: Started 10 'Local' shader compile jobs with 'Normal' priority
[2025.07.17-00.55.57:626][174]LogShaderCompilers: Display: Worker (1/5): shaders left to compile 74
[2025.07.17-00.55.57:626][174]LogShaderCompilers: Display: Started 10 'Local' shader compile jobs with 'Normal' priority
[2025.07.17-00.55.59:291][203]LogShaderCompilers: Display: Worker (3/5): shaders left to compile 64
[2025.07.17-00.55.59:291][203]LogShaderCompilers: Display: Started 10 'Local' shader compile jobs with 'Normal' priority
[2025.07.17-00.56.19:470][568]LogShaderCompilers: Display: Worker (4/5): shaders left to compile 54
[2025.07.17-00.56.19:470][568]LogShaderCompilers: Display: Started 10 'Local' shader compile jobs with 'Normal' priority
[2025.07.17-00.56.24:465][662]LogShaderCompilers: Display: Worker (3/5): shaders left to compile 44
[2025.07.17-00.56.24:465][662]LogShaderCompilers: Display: Started 10 'Local' shader compile jobs with 'Normal' priority
[2025.07.17-00.56.27:550][720]LogShaderCompilers: Display: Worker (2/5): shaders left to compile 34
[2025.07.17-00.56.27:550][720]LogShaderCompilers: Display: Started 9 'Local' shader compile jobs with 'Normal' priority
[2025.07.17-00.56.31:012][783]LogShaderCompilers: Display: Worker (1/5): shaders left to compile 25
[2025.07.17-00.56.31:012][783]LogShaderCompilers: Display: Started 7 'Local' shader compile jobs with 'Normal' priority
[2025.07.17-00.56.39:676][947]LogShaderCompilers: Display: Worker (2/5): shaders left to compile 18
[2025.07.17-00.56.39:676][947]LogShaderCompilers: Display: Started 5 'Local' shader compile jobs with 'Normal' priority
[2025.07.17-00.56.41:687][986]LogShaderCompilers: Display: Worker (3/5): shaders left to compile 13
[2025.07.17-00.56.41:687][986]LogShaderCompilers: Display: Started 4 'Local' shader compile jobs with 'Normal' priority
[2025.07.17-00.56.43:916][ 30]LogShaderCompilers: Display: Worker (1/5): shaders left to compile 9
[2025.07.17-00.56.43:916][ 30]LogShaderCompilers: Display: Started 3 'Local' shader compile jobs with 'Normal' priority
[2025.07.17-00.56.46:257][ 75]LogShaderCompilers: Display: Worker (2/5): shaders left to compile 6
[2025.07.17-00.56.46:257][ 75]LogShaderCompilers: Display: Started 2 'Local' shader compile jobs with 'Normal' priority
[2025.07.17-00.56.48:498][119]LogShaderCompilers: Display: Worker (1/5): shaders left to compile 4
[2025.07.17-00.56.48:498][119]LogShaderCompilers: Display: Started 2 'Local' shader compile jobs with 'Normal' priority
[2025.07.17-00.56.48:861][126]LogShaderCompilers: Display: Worker (4/5): shaders left to compile 2
[2025.07.17-00.56.48:861][126]LogShaderCompilers: Display: Started 1 'Local' shader compile jobs with 'Normal' priority
[2025.07.17-00.56.49:036][128]LogShaderCompilers: Display: Worker (2/5): shaders left to compile 1
[2025.07.17-00.56.49:036][128]LogShaderCompilers: Display: Started 1 'Local' shader compile jobs with 'Normal' priority
[2025.07.17-00.57.01:597][566]LogUObjectHash: Compacting FUObjectHashTables data took   9.99ms
[2025.07.17-00.57.01:734][566]LogSavePackage: Moving '../../../../../UTN-e-learning/Unreal-Engine/Unreal-Projects/TP_PreEntrega/Saved/ThirdPersonExampleMap_Auto2170B44C74BB758C604614DA1DE4C9275.tmp' to '../../../../../UTN-e-learning/Unreal-Engine/Unreal-Projects/TP_PreEntrega/Saved/Autosaves/Game/ThirdPersonBP/Maps/ThirdPersonExampleMap_Auto2.umap'
[2025.07.17-00.57.01:746][566]LogFileHelpers: Editor autosave (incl. external actors) for '/Game/ThirdPersonBP/Maps/ThirdPersonExampleMap' took 0.271
[2025.07.17-00.57.01:746][566]LogFileHelpers: Editor autosave (incl. sublevels & external actors) for all levels took 0.271
[2025.07.17-00.57.01:748][566]OBJ SavePackage: Generating thumbnails for [2] asset(s) in package [/Game/ThirdPersonBP/Blueprints/blueprints/Curador] ([2] browsable assets)...
[2025.07.17-00.57.01:776][566]OBJ SavePackage:     Rendered thumbnail for [Blueprint /Game/ThirdPersonBP/Blueprints/blueprints/Curador.Curador]
[2025.07.17-00.57.01:776][566]OBJ SavePackage: Finished generating thumbnails for package [/Game/ThirdPersonBP/Blueprints/blueprints/Curador]
[2025.07.17-00.57.01:843][566]LogSavePackage: Moving '../../../../../UTN-e-learning/Unreal-Engine/Unreal-Projects/TP_PreEntrega/Saved/Curador_Auto2F4A74D2F4119B18C298E939A6C56679B.tmp' to '../../../../../UTN-e-learning/Unreal-Engine/Unreal-Projects/TP_PreEntrega/Saved/Autosaves/Game/ThirdPersonBP/Blueprints/blueprints/Curador_Auto2.uasset'
[2025.07.17-00.57.01:846][566]OBJ SavePackage: Generating thumbnails for [0] asset(s) in package [/Game/ThirdPersonBP/Blueprints/blueprints/ParticulasActor] ([2] browsable assets)...
[2025.07.17-00.57.01:846][566]OBJ SavePackage: Finished generating thumbnails for package [/Game/ThirdPersonBP/Blueprints/blueprints/ParticulasActor]
[2025.07.17-00.57.01:858][566]LogSavePackage: Moving '../../../../../UTN-e-learning/Unreal-Engine/Unreal-Projects/TP_PreEntrega/Saved/ParticulasActor_Auto2B82D4AD24C750EB055D518BD2D28A0EF.tmp' to '../../../../../UTN-e-learning/Unreal-Engine/Unreal-Projects/TP_PreEntrega/Saved/Autosaves/Game/ThirdPersonBP/Blueprints/blueprints/ParticulasActor_Auto2.uasset'
[2025.07.17-00.57.01:860][566]LogFileHelpers: Auto-saving content packages took 0.114
[2025.07.17-01.25.24:636][530]LogAssetEditorSubsystem: Opening Asset editor for Material /Game/ThirdPersonBP/Blueprints/blueprints/materialParticuloso.materialParticuloso
[2025.07.17-01.25.24:645][530]LogMaterial: Display: Missing cached shadermap for materialParticuloso in PCD3D_SM5, Default, SM5 (DDC key hash: FB10B7515FF926EC310506E49CA9848ECF5E5641), compiling. 
[2025.07.17-01.25.24:693][530]LogShaderCompilers: Display: Submitted 9 shader compile jobs with 'Normal' priority
[2025.07.17-01.25.24:751][530]LogTexture: Default maximum texture size for cubemaps generated from long-lat sources has been changed from 512 to unlimited. In order to preserve old behaiour for '/Engine/EditorMaterials/AssetViewer/EpicQuadPanorama_CC+EV1.EpicQuadPanorama_CC+EV1', its maximum texture size has been explicitly set to 512.
[2025.07.17-01.25.25:251][530]LogTexture: Default maximum texture size for cubemaps generated from long-lat sources has been changed from 512 to unlimited. In order to preserve old behaiour for '/Engine/MapTemplates/Sky/SunsetAmbientCubemap.SunsetAmbientCubemap', its maximum texture size has been explicitly set to 512.
[2025.07.17-01.25.26:292][530]LogMaterial: Display: Missing cached shadermap for materialParticuloso in PCD3D_SM5, Default, SM5 (DDC key hash: B9C873778585F19818C6B534AAC79007DFB09CAD), compiling. 
[2025.07.17-01.25.26:300][530]LogMaterial: Display: Missing cached shadermap for materialParticuloso in PCD3D_SM5, Default, SM5 (DDC key hash: F6FB35283696ABDE9D216A08CA0EF4A26F478389), compiling. 
[2025.07.17-01.25.26:307][530]LogMaterial: Display: Missing cached shadermap for FMatExpressionPreview MaterialExpressionTextureSample_0 in PCD3D_SM5, Default, SM5 (DDC key hash: BF5D2B19DEB9B60F9FE8B514DE03F4862D3F0E64), compiling. 
[2025.07.17-01.25.26:391][530]MaterialEditorStats: Texture samplers: 0/16
[2025.07.17-01.25.26:391][530]MaterialEditorStats: Texture Lookups (Est.): VS(0), PS(1)
[2025.07.17-01.25.26:391][530]MaterialEditorStats: User interpolators: 2/4 Scalars (1/4 Vectors) (TexCoords: 2, Custom: 0)
[2025.07.17-01.25.26:720][531]LogShaderCompilers: Display: Submitted 9 shader compile jobs with 'Normal' priority
[2025.07.17-01.25.26:721][531]LogShaderCompilers: Display: Worker (1/5): shaders left to compile 2
[2025.07.17-01.25.26:721][531]LogShaderCompilers: Display: Worker (2/5): shaders left to compile 1
[2025.07.17-01.25.26:721][531]LogShaderCompilers: Display: Worker (3/5): shaders left to compile 7
[2025.07.17-01.25.26:721][531]LogShaderCompilers: Display: Worker (4/5): shaders left to compile 5
[2025.07.17-01.25.26:721][531]LogShaderCompilers: Display: Started 4 'Local' shader compile jobs with 'Normal' priority
[2025.07.17-01.25.26:721][531]LogShaderCompilers: Display: Started 2 'Local' shader compile jobs with 'ForceLocal' priority
[2025.07.17-01.25.27:068][535]LogShaderCompilers: Display: Submitted 2 shader compile jobs with 'ForceLocal' priority
[2025.07.17-01.25.34:088][627]LogShaderCompilers: Display: Worker (1/5): shaders left to compile 2
[2025.07.17-01.25.34:088][627]LogShaderCompilers: Display: Started 1 'Local' shader compile jobs with 'ForceLocal' priority
[2025.07.17-01.25.34:096][627]LogShaderCompilers: Display: === FShaderJobCache stats ===
[2025.07.17-01.25.34:096][627]LogShaderCompilers: Display: Total job queries 389, among them cache hits 0 (0.00%)
[2025.07.17-01.25.34:097][627]LogShaderCompilers: Display: Tracking 345 distinct input hashes that result in 205 distinct outputs (59.42%)
[2025.07.17-01.25.34:097][627]LogShaderCompilers: Display: RAM used: 1.40 MB (0.00 GB) of 1638.40 MB (1.60 GB) budget. Usage: 0.09%
[2025.07.17-01.25.34:097][627]LogShaderCompilers: Display: ================================================
[2025.07.17-01.25.34:100][627]MaterialEditorStats: Texture samplers: 2/16
[2025.07.17-01.25.34:101][627]MaterialEditorStats: Texture Lookups (Est.): VS(0), PS(1)
[2025.07.17-01.25.34:101][627]MaterialEditorStats: User interpolators: 2/4 Scalars (1/4 Vectors) (TexCoords: 2, Custom: 0)
[2025.07.17-01.25.34:388][631]LogShaderCompilers: Display: Worker (2/5): shaders left to compile 1
[2025.07.17-01.25.34:388][631]LogShaderCompilers: Display: Started 1 'Local' shader compile jobs with 'ForceLocal' priority
[2025.07.17-01.25.34:461][632]LogShaderCompilers: Display: Worker (4/5): shaders left to compile 3
[2025.07.17-01.25.34:462][632]LogShaderCompilers: Display: Started 1 'Local' shader compile jobs with 'Normal' priority
[2025.07.17-01.25.36:760][660]LogShaderCompilers: Display: Worker (4/5): shaders left to compile 2
[2025.07.17-01.25.36:760][660]LogShaderCompilers: Display: Started 1 'Local' shader compile jobs with 'Normal' priority
[2025.07.17-01.25.37:482][670]LogShaderCompilers: Display: Worker (3/5): shaders left to compile 1
[2025.07.17-01.25.37:482][670]LogShaderCompilers: Display: Started 1 'Local' shader compile jobs with 'Normal' priority
[2025.07.17-01.25.43:029][754]MaterialEditorStats: Base pass shader without light map: 51 instructions
[2025.07.17-01.25.43:030][754]MaterialEditorStats: Base pass vertex shader: 162 instructions
[2025.07.17-01.25.43:030][754]MaterialEditorStats: Texture samplers: 4/16
[2025.07.17-01.25.43:030][754]MaterialEditorStats: Texture Lookups (Est.): VS(0), PS(1)
[2025.07.17-01.25.43:030][754]MaterialEditorStats: User interpolators: 2/4 Scalars (1/4 Vectors) (TexCoords: 2, Custom: 0)
[2025.07.17-01.25.45:201][784]LogAssetEditorSubsystem: Opening Asset editor for ParticleSystem /Game/ThirdPersonBP/Blueprints/blueprints/particulas.particulas
[2025.07.17-01.25.45:314][784]LogNativeClassHierarchy: Verbose: Native class hierarchy updated for 'Cascade' in 0.0013 seconds. Added 2 classes and 2 folders.
[2025.07.17-01.27.08:381][508]LogContentBrowser: Deferred new asset file creation: particulas1
[2025.07.17-01.27.08:470][508]LogContentBrowser: Creating deferred item: particulas1
[2025.07.17-01.27.15:982][710]LogContentBrowser: Attempting asset rename: particulas1 -> particulas_curadoras
[2025.07.17-01.27.15:986][710]LogContentBrowser: End creating deferred item particulas1
[2025.07.17-01.27.18:324][770]LogCascade: Quitting Cascade. FXSystem=0x0000027381C15DB0
[2025.07.17-01.27.18:355][770]LogWorld: UWorld::CleanupWorld for World_38, bSessionEnded=true, bCleanupResources=true
[2025.07.17-01.27.18:355][770]LogSlate: InvalidateAllWidgets triggered.  All widgets were invalidated
[2025.07.17-01.27.20:431][814]LogAssetEditorSubsystem: Opening Asset editor for ParticleSystem /Game/ThirdPersonBP/Blueprints/blueprints/particulas_curadoras.particulas_curadoras
[2025.07.17-01.28.19:489][339]LogCascade: Quitting Cascade. FXSystem=0x0000027391DFAD10
[2025.07.17-01.28.19:513][339]LogWorld: UWorld::CleanupWorld for World_39, bSessionEnded=true, bCleanupResources=true
[2025.07.17-01.28.19:513][339]LogSlate: InvalidateAllWidgets triggered.  All widgets were invalidated
[2025.07.17-01.28.21:614][372]LogAssetEditorSubsystem: Opening Asset editor for ParticleSystem /Game/ThirdPersonBP/Blueprints/blueprints/particulas_curadoras.particulas_curadoras
[2025.07.17-01.29.24:543][105]LogSavePackage: Moving '../../../../../UTN-e-learning/Unreal-Engine/Unreal-Projects/TP_PreEntrega/Saved/particulas_curadoras8F4318AD4B3C4703A0CA87A884A0AE2A.tmp' to '../../../../../UTN-e-learning/Unreal-Engine/Unreal-Projects/TP_PreEntrega/Content/ThirdPersonBP/Blueprints/blueprints/particulas_curadoras.uasset'
[2025.07.17-01.29.24:625][105]AssetCheck: New page: Asset Save: particulas_curadoras
[2025.07.17-01.29.24:625][105]LogContentValidation: Display: Validating ParticleSystem /Game/ThirdPersonBP/Blueprints/blueprints/particulas_curadoras.particulas_curadoras
[2025.07.17-01.43.38:381][ 16]LogUObjectHash: Compacting FUObjectHashTables data took   9.15ms
[2025.07.17-01.43.38:462][ 16]LogSavePackage: Moving '../../../../../UTN-e-learning/Unreal-Engine/Unreal-Projects/TP_PreEntrega/Saved/ThirdPersonExampleMap5A72180A43105D96520476B0C713BCBC.tmp' to '../../../../../UTN-e-learning/Unreal-Engine/Unreal-Projects/TP_PreEntrega/Content/ThirdPersonBP/Maps/ThirdPersonExampleMap.umap'
[2025.07.17-01.43.38:685][ 16]LogSavePackage: Moving '../../../../../UTN-e-learning/Unreal-Engine/Unreal-Projects/TP_PreEntrega/Saved/ThirdPersonExampleMap_BuiltData733DF7B74AB65BFDFEAC28BEB0DF75B7.tmp' to '../../../../../UTN-e-learning/Unreal-Engine/Unreal-Projects/TP_PreEntrega/Content/ThirdPersonBP/Maps/ThirdPersonExampleMap_BuiltData.uasset'
[2025.07.17-01.43.38:706][ 16]AssetCheck: New page: Asset Save: multiple assets
[2025.07.17-01.43.38:706][ 16]LogContentValidation: Display: Validating MapBuildDataRegistry /Game/ThirdPersonBP/Maps/ThirdPersonExampleMap_BuiltData.ThirdPersonExampleMap_BuiltData
[2025.07.17-01.43.38:706][ 16]LogContentValidation: Display: Validating World /Game/ThirdPersonBP/Maps/ThirdPersonExampleMap.ThirdPersonExampleMap
[2025.07.17-01.44.27:127][626]LogSlate: Window 'Color Picker' being destroyed
[2025.07.17-01.44.46:782][493]LogSlate: Window 'Color Picker' being destroyed
[2025.07.17-01.44.55:534][904]LogSlate: Window 'Color Picker' being destroyed
[2025.07.17-01.45.18:636][964]LogSlate: Window 'Color Picker' being destroyed
[2025.07.17-01.45.31:916][538]BlueprintLog: New page: Compile ParticulasActor
[2025.07.17-01.45.32:095][538]LogUObjectHash: Compacting FUObjectHashTables data took  13.16ms
[2025.07.17-01.45.53:889][386]LogSlate: Prevented a slow task dialog from being summoned while a context menu was open
[2025.07.17-01.45.53:927][386]LogEditorClassViewer: Warning: Class /Engine/Tutorial/InWorldBlueprintEditing/TutorialAssets/IWBE_Blutility.IWBE_Blutility_C has parent /Script/Blutility.PlacedEditorUtilityBase, but this parent is not found. The Class will not be shown in ClassViewer.
[2025.07.17-01.47.14:324][687]LogSavePackage: Moving '../../../../../UTN-e-learning/Unreal-Engine/Unreal-Projects/TP_PreEntrega/Saved/Curador82D85DFB4B081B6410DF53B32158E82B.tmp' to '../../../../../UTN-e-learning/Unreal-Engine/Unreal-Projects/TP_PreEntrega/Content/ThirdPersonBP/Blueprints/blueprints/Curador.uasset'
[2025.07.17-01.47.14:375][687]AssetCheck: New page: Asset Save: Curador
[2025.07.17-01.47.14:375][687]LogContentValidation: Display: Validating Blueprint /Game/ThirdPersonBP/Blueprints/blueprints/Curador.Curador
[2025.07.17-01.48.50:169][261]LogSavePackage: Moving '../../../../../UTN-e-learning/Unreal-Engine/Unreal-Projects/TP_PreEntrega/Saved/Curador181DC2384CBCD1B28993538379ADCC05.tmp' to '../../../../../UTN-e-learning/Unreal-Engine/Unreal-Projects/TP_PreEntrega/Content/ThirdPersonBP/Blueprints/blueprints/Curador.uasset'
[2025.07.17-01.48.50:230][261]AssetCheck: New page: Asset Save: Curador
[2025.07.17-01.48.50:230][261]LogContentValidation: Display: Validating Blueprint /Game/ThirdPersonBP/Blueprints/blueprints/Curador.Curador
[2025.07.17-01.48.55:957][458]LogSavePackage: Moving '../../../../../UTN-e-learning/Unreal-Engine/Unreal-Projects/TP_PreEntrega/Saved/ParticulasActor3BDB2142482C2944DF1B6F9C2E4F4DA8.tmp' to '../../../../../UTN-e-learning/Unreal-Engine/Unreal-Projects/TP_PreEntrega/Content/ThirdPersonBP/Blueprints/blueprints/ParticulasActor.uasset'
[2025.07.17-01.48.56:018][458]AssetCheck: New page: Asset Save: ParticulasActor
[2025.07.17-01.48.56:019][458]LogContentValidation: Display: Validating Blueprint /Game/ThirdPersonBP/Blueprints/blueprints/ParticulasActor.ParticulasActor
[2025.07.17-01.48.58:134][517]LogTemp: Repeating last play command: Selected Viewport
[2025.07.17-01.48.58:193][517]BlueprintLog: New page: Pre-Play auto-recompile
[2025.07.17-01.48.58:194][517]LogPlayLevel: [PlayLevel] Compiling Curador before play...
[2025.07.17-01.48.58:483][517]LogUObjectHash: Compacting FUObjectHashTables data took  11.33ms
[2025.07.17-01.48.58:490][517]LogPlayLevel: PlayLevel: Blueprint regeneration took 297 ms (1 blueprints)
[2025.07.17-01.48.58:491][517]PIE: New page: PIE session: ThirdPersonExampleMap (Jul 16, 2025, 7:48:58 PM)
[2025.07.17-01.48.58:496][517]LogPlayLevel: Creating play world package: /Game/ThirdPersonBP/Maps/UEDPIE_0_ThirdPersonExampleMap
[2025.07.17-01.48.58:533][517]LogPlayLevel: PIE: StaticDuplicateObject took: (0.037664s)
[2025.07.17-01.48.58:535][517]LogAIModule: Creating AISystem for world ThirdPersonExampleMap
[2025.07.17-01.48.58:537][517]LogPlayLevel: PIE: World Init took: (0.003034s)
[2025.07.17-01.48.58:537][517]LogPlayLevel: PIE: Created PIE world by copying editor world from /Game/ThirdPersonBP/Maps/ThirdPersonExampleMap.ThirdPersonExampleMap to /Game/ThirdPersonBP/Maps/UEDPIE_0_ThirdPersonExampleMap.ThirdPersonExampleMap (0.041239s)
[2025.07.17-01.48.58:664][517]LogUObjectHash: Compacting FUObjectHashTables data took   8.45ms
[2025.07.17-01.48.58:666][517]LogAudio: Display: Creating Audio Device:                 Id: 19, Scope: Unique, Realtime: True
[2025.07.17-01.48.58:666][517]LogAudioMixer: Display: Audio Mixer Platform Settings:
[2025.07.17-01.48.58:666][517]LogAudioMixer: Display: 	Sample Rate:						  48000
[2025.07.17-01.48.58:666][517]LogAudioMixer: Display: 	Callback Buffer Frame Size Requested: 1024
[2025.07.17-01.48.58:666][517]LogAudioMixer: Display: 	Callback Buffer Frame Size To Use:	  1024
[2025.07.17-01.48.58:667][517]LogAudioMixer: Display: 	Number of buffers to queue:			  2
[2025.07.17-01.48.58:667][517]LogAudioMixer: Display: 	Max Channels (voices):				  32
[2025.07.17-01.48.58:667][517]LogAudioMixer: Display: 	Number of Async Source Workers:		  0
[2025.07.17-01.48.58:667][517]LogAudio: Display: AudioDevice MaxSources: 32
[2025.07.17-01.48.58:667][517]LogAudio: Display: Audio Spatialization Plugin: None (built-in).
[2025.07.17-01.48.58:668][517]LogAudio: Display: Audio Reverb Plugin: None (built-in).
[2025.07.17-01.48.58:668][517]LogAudio: Display: Audio Occlusion Plugin: None (built-in).
[2025.07.17-01.48.58:668][517]LogAudioMixer: Display: Initializing audio mixer.
[2025.07.17-01.48.58:678][517]LogAudioMixer: Display: 0: FrontLeft
[2025.07.17-01.48.58:678][517]LogAudioMixer: Display: 1: FrontRight
[2025.07.17-01.48.58:714][517]LogAudioMixer: Display: Using Audio Device Headphones (SOUNDPEATS Mini HS Stereo)
[2025.07.17-01.48.58:714][517]LogAudioMixer: Display: Initializing Sound Submixes...
[2025.07.17-01.48.58:714][517]LogAudioMixer: Display: Creating Master Submix 'MasterSubmixDefault'
[2025.07.17-01.48.58:714][517]LogAudioMixer: Display: Creating Master Submix 'MasterReverbSubmixDefault'
[2025.07.17-01.48.58:715][517]LogAudioMixer: Display: Creating Master Submix 'MasterEQSubmixDefault'
[2025.07.17-01.48.58:715][517]LogAudioMixer: FMixerPlatformXAudio2::StartAudioStream() called
[2025.07.17-01.48.58:715][517]LogAudioMixer: Display: Output buffers initialized: Frames=1024, Channels=2, Samples=2048
[2025.07.17-01.48.58:717][517]LogAudioMixer: Display: Starting AudioMixerPlatformInterface::RunInternal()
[2025.07.17-01.48.58:717][517]LogAudioMixer: Display: FMixerPlatformXAudio2::SubmitBuffer() called for the first time
[2025.07.17-01.48.58:717][517]LogInit: FAudioDevice initialized.
[2025.07.17-01.48.58:717][517]LogAudio: Display: Audio Device (ID: 19) registered with world 'ThirdPersonExampleMap'.
[2025.07.17-01.48.58:735][517]LogLoad: Game class is 'ReglasJuego_C'
[2025.07.17-01.48.58:747][517]LogWorld: Bringing World /Game/ThirdPersonBP/Maps/UEDPIE_0_ThirdPersonExampleMap.ThirdPersonExampleMap up for play (max tick rate 60) at 2025.07.16-22.48.58
[2025.07.17-01.48.58:748][517]LogWorld: Bringing up level for play took: 0.010620
[2025.07.17-01.48.58:748][517]LogOnline: OSS: Creating online subsystem instance for: :Context_59
[2025.07.17-01.48.58:751][517]LogBlueprintUserMessages: [plataforma_2] Buenas buenas!
[2025.07.17-01.48.58:754][517]PIE: Server logged in
[2025.07.17-01.48.58:755][517]PIE: Play in editor total start time 0.593 seconds.
[2025.07.17-01.49.01:333][607]LogBlueprintUserMessages: [bala_C_5] Le reste 25 al bad fella
[2025.07.17-01.49.03:915][712]LogBlueprintUserMessages: [bala_C_4] Le reste 25 al bad fella
[2025.07.17-01.49.06:680][818]LogBlueprintUserMessages: [bala_C_13] El peoncito perdio 10 de vida!!!!
[2025.07.17-01.49.07:941][858]LogBlueprintUserMessages: [bala_C_15] El peoncito perdio 10 de vida!!!!
[2025.07.17-01.49.08:926][892]LogBlueprintUserMessages: [bala_C_16] El peoncito perdio 10 de vida!!!!
[2025.07.17-01.49.09:094][897]LogBlueprintUserMessages: [bala_C_17] El peoncito perdio 10 de vida!!!!
[2025.07.17-01.49.09:880][930]LogBlueprintUserMessages: [bala_C_18] El peoncito perdio 10 de vida!!!!
[2025.07.17-01.49.10:369][947]LogBlueprintUserMessages: [bala_C_26] Le reste 25 al bad fella
[2025.07.17-01.49.10:969][968]LogBlueprintUserMessages: [Curador_2] Le di vida al peoncito! ahora tiene:
[2025.07.17-01.49.10:969][968]LogBlueprintUserMessages: [Curador_2] 50.0
[2025.07.17-01.49.10:969][968]LogBlueprintUserMessages: [Curador_2] El curador ya curo las siguientes veces:
[2025.07.17-01.49.10:969][968]LogBlueprintUserMessages: [Curador_2] 1.0
[2025.07.17-01.49.12:252][ 19]LogBlueprintUserMessages: [bala_C_24] El peoncito perdio 10 de vida!!!!
[2025.07.17-01.49.13:114][ 50]LogBlueprintUserMessages: [Balaza_C_5] Le reste 30 al peoncito
[2025.07.17-01.49.13:239][ 56]LogBlueprintUserMessages: [bala_C_28] El peoncito perdio 10 de vida!!!!
[2025.07.17-01.49.13:240][ 56]LogBlueprintUserMessages: [Balaza_C_5] Le reste 30 al peoncito
[2025.07.17-01.49.14:292][ 93]LogBlueprintUserMessages: [Curador_2] Le di vida al peoncito! ahora tiene:
[2025.07.17-01.49.14:293][ 93]LogBlueprintUserMessages: [Curador_2] 10.0
[2025.07.17-01.49.14:293][ 93]LogBlueprintUserMessages: [Curador_2] El curador ya curo las siguientes veces:
[2025.07.17-01.49.14:293][ 93]LogBlueprintUserMessages: [Curador_2] 2.0
[2025.07.17-01.49.16:388][177]LogBlueprintUserMessages: [bala_C_40] Le reste 25 al bad fella
[2025.07.17-01.49.17:638][223]LogBlueprintUserMessages: [Curador_2] Le di vida al peoncito! ahora tiene:
[2025.07.17-01.49.17:638][223]LogBlueprintUserMessages: [Curador_2] 30.0
[2025.07.17-01.49.17:638][223]LogBlueprintUserMessages: [Curador_2] El curador ya curo las siguientes veces:
[2025.07.17-01.49.17:639][223]LogBlueprintUserMessages: [Curador_2] 3.0
[2025.07.17-01.49.18:349][252]LogBlueprintUserMessages: [Balaza_C_8] Le reste 30 al peoncito
[2025.07.17-01.49.18:428][255]LogBlueprintUserMessages: [bala_C_38] El peoncito perdio 10 de vida!!!!
[2025.07.17-01.49.19:365][289]LogBlueprintUserMessages: [Balaza_C_11] Le reste 30 al peoncito
[2025.07.17-01.49.19:367][289]LogBlueprintUserMessages: [peoncito_2] El peoncito murio
[2025.07.17-01.49.19:367][289]LogBlueprintUserMessages: [ReglasJuego_C_0] Noo, perdiste!
[2025.07.17-01.49.19:372][289]LogScript: Warning: Accessed None trying to read property K2Node_DynamicCast_AsPeoncito
	BarraVIda_C /Engine/Transient.UnrealEdEngine_0:GameInstance_17.BarraVIda_C_0
	Function /Game/ThirdPersonBP/Blueprints/blueprints/BarraVIda.BarraVIda_C:GetText_0:0099
[2025.07.17-01.49.19:372][289]PIE: Error: Blueprint Runtime Error: "Accessed None trying to read property K2Node_DynamicCast_AsPeoncito". Blueprint:  BarraVIda Function:  Get Text 0 Graph:  GetText_0 Node:  Return Node
[2025.07.17-01.49.19:386][290]LogNet: Browse: /Game/ThirdPersonBP/Maps/Perdiste_Level
[2025.07.17-01.49.19:386][290]LogLoad: LoadMap: /Game/ThirdPersonBP/Maps/Perdiste_Level
[2025.07.17-01.49.19:386][290]LogWorld: BeginTearingDown for /Game/ThirdPersonBP/Maps/UEDPIE_0_ThirdPersonExampleMap
[2025.07.17-01.49.19:387][290]LogWorld: UWorld::CleanupWorld for ThirdPersonExampleMap, bSessionEnded=true, bCleanupResources=true
[2025.07.17-01.49.19:389][290]LogSlate: InvalidateAllWidgets triggered.  All widgets were invalidated
[2025.07.17-01.49.19:514][290]LogAudio: Display: Audio Device unregistered from world 'None'.
[2025.07.17-01.49.19:527][290]LogUObjectHash: Compacting FUObjectHashTables data took  10.22ms
[2025.07.17-01.49.19:571][290]LogAudio: Display: Audio Device (ID: 19) registered with world 'Perdiste_Level'.
[2025.07.17-01.49.19:573][290]LogAIModule: Creating AISystem for world Perdiste_Level
[2025.07.17-01.49.19:573][290]LogLoad: Game class is 'ReglasJuego_C'
[2025.07.17-01.49.19:642][290]LogWorld: Bringing World /Game/ThirdPersonBP/Maps/UEDPIE_0_Perdiste_Level.Perdiste_Level up for play (max tick rate 60) at 2025.07.16-22.49.19
[2025.07.17-01.49.19:642][290]LogWorld: Bringing up level for play took: 0.066368
[2025.07.17-01.49.19:642][290]LogGameMode: FindPlayerStart: PATHS NOT DEFINED or NO PLAYERSTART with positive rating
[2025.07.17-01.49.19:645][290]LogBlueprintUserMessages: [plataforma_2] Buenas buenas!
[2025.07.17-01.49.19:646][290]LogLoad: Took 0.258901 seconds to LoadMap(/Game/ThirdPersonBP/Maps/Perdiste_Level)
[2025.07.17-01.49.19:650][290]PIE: Error: Blueprint Runtime Error: "Accessed None trying to read property K2Node_DynamicCast_AsPeoncito". Blueprint:  BarraVIda Function:  Get Text 0 Graph:  GetText_0 Node:  Return Node
[2025.07.17-01.49.19:764][291]PIE: Error: Blueprint Runtime Error: "Accessed None trying to read property K2Node_DynamicCast_AsPeoncito". Blueprint:  BarraVIda Function:  Get Text 0 Graph:  GetText_0 Node:  Return Node
[2025.07.17-01.49.19:785][292]PIE: Error: Blueprint Runtime Error: "Accessed None trying to read property K2Node_DynamicCast_AsPeoncito". Blueprint:  BarraVIda Function:  Get Text 0 Graph:  GetText_0 Node:  Return Node
[2025.07.17-01.49.19:817][293]PIE: Error: Blueprint Runtime Error: "Accessed None trying to read property K2Node_DynamicCast_AsPeoncito". Blueprint:  BarraVIda Function:  Get Text 0 Graph:  GetText_0 Node:  Return Node
[2025.07.17-01.49.19:862][294]PIE: Error: Blueprint Runtime Error: "Accessed None trying to read property K2Node_DynamicCast_AsPeoncito". Blueprint:  BarraVIda Function:  Get Text 0 Graph:  GetText_0 Node:  Return Node
[2025.07.17-01.49.19:915][295]PIE: Error: Blueprint Runtime Error: "Accessed None trying to read property K2Node_DynamicCast_AsPeoncito". Blueprint:  BarraVIda Function:  Get Text 0 Graph:  GetText_0 Node:  Return Node
[2025.07.17-01.49.19:967][296]PIE: Error: Blueprint Runtime Error: "Accessed None trying to read property K2Node_DynamicCast_AsPeoncito". Blueprint:  BarraVIda Function:  Get Text 0 Graph:  GetText_0 Node:  Return Node
[2025.07.17-01.49.20:015][297]PIE: Error: Blueprint Runtime Error: "Accessed None trying to read property K2Node_DynamicCast_AsPeoncito". Blueprint:  BarraVIda Function:  Get Text 0 Graph:  GetText_0 Node:  Return Node
[2025.07.17-01.49.20:047][298]PIE: Error: Blueprint Runtime Error: "Accessed None trying to read property K2Node_DynamicCast_AsPeoncito". Blueprint:  BarraVIda Function:  Get Text 0 Graph:  GetText_0 Node:  Return Node
[2025.07.17-01.49.20:073][299]PIE: Error: Blueprint Runtime Error: "Accessed None trying to read property K2Node_DynamicCast_AsPeoncito". Blueprint:  BarraVIda Function:  Get Text 0 Graph:  GetText_0 Node:  Return Node
[2025.07.17-01.49.20:098][300]PIE: Error: Blueprint Runtime Error: "Accessed None trying to read property K2Node_DynamicCast_AsPeoncito". Blueprint:  BarraVIda Function:  Get Text 0 Graph:  GetText_0 Node:  Return Node
[2025.07.17-01.49.20:121][301]PIE: Error: Blueprint Runtime Error: "Accessed None trying to read property K2Node_DynamicCast_AsPeoncito". Blueprint:  BarraVIda Function:  Get Text 0 Graph:  GetText_0 Node:  Return Node
[2025.07.17-01.49.20:146][302]PIE: Error: Blueprint Runtime Error: "Accessed None trying to read property K2Node_DynamicCast_AsPeoncito". Blueprint:  BarraVIda Function:  Get Text 0 Graph:  GetText_0 Node:  Return Node
[2025.07.17-01.49.20:169][303]PIE: Error: Blueprint Runtime Error: "Accessed None trying to read property K2Node_DynamicCast_AsPeoncito". Blueprint:  BarraVIda Function:  Get Text 0 Graph:  GetText_0 Node:  Return Node
[2025.07.17-01.49.20:193][304]PIE: Error: Blueprint Runtime Error: "Accessed None trying to read property K2Node_DynamicCast_AsPeoncito". Blueprint:  BarraVIda Function:  Get Text 0 Graph:  GetText_0 Node:  Return Node
[2025.07.17-01.49.20:218][305]PIE: Error: Blueprint Runtime Error: "Accessed None trying to read property K2Node_DynamicCast_AsPeoncito". Blueprint:  BarraVIda Function:  Get Text 0 Graph:  GetText_0 Node:  Return Node
[2025.07.17-01.49.20:245][306]PIE: Error: Blueprint Runtime Error: "Accessed None trying to read property K2Node_DynamicCast_AsPeoncito". Blueprint:  BarraVIda Function:  Get Text 0 Graph:  GetText_0 Node:  Return Node
[2025.07.17-01.49.20:276][307]PIE: Error: Blueprint Runtime Error: "Accessed None trying to read property K2Node_DynamicCast_AsPeoncito". Blueprint:  BarraVIda Function:  Get Text 0 Graph:  GetText_0 Node:  Return Node
[2025.07.17-01.49.20:307][308]PIE: Error: Blueprint Runtime Error: "Accessed None trying to read property K2Node_DynamicCast_AsPeoncito". Blueprint:  BarraVIda Function:  Get Text 0 Graph:  GetText_0 Node:  Return Node
[2025.07.17-01.49.20:336][309]PIE: Error: Blueprint Runtime Error: "Accessed None trying to read property K2Node_DynamicCast_AsPeoncito". Blueprint:  BarraVIda Function:  Get Text 0 Graph:  GetText_0 Node:  Return Node
[2025.07.17-01.49.20:380][310]PIE: Error: Blueprint Runtime Error: "Accessed None trying to read property K2Node_DynamicCast_AsPeoncito". Blueprint:  BarraVIda Function:  Get Text 0 Graph:  GetText_0 Node:  Return Node
[2025.07.17-01.49.20:413][311]PIE: Error: Blueprint Runtime Error: "Accessed None trying to read property K2Node_DynamicCast_AsPeoncito". Blueprint:  BarraVIda Function:  Get Text 0 Graph:  GetText_0 Node:  Return Node
[2025.07.17-01.49.20:442][312]PIE: Error: Blueprint Runtime Error: "Accessed None trying to read property K2Node_DynamicCast_AsPeoncito". Blueprint:  BarraVIda Function:  Get Text 0 Graph:  GetText_0 Node:  Return Node
[2025.07.17-01.49.20:475][313]PIE: Error: Blueprint Runtime Error: "Accessed None trying to read property K2Node_DynamicCast_AsPeoncito". Blueprint:  BarraVIda Function:  Get Text 0 Graph:  GetText_0 Node:  Return Node
[2025.07.17-01.49.20:502][314]PIE: Error: Blueprint Runtime Error: "Accessed None trying to read property K2Node_DynamicCast_AsPeoncito". Blueprint:  BarraVIda Function:  Get Text 0 Graph:  GetText_0 Node:  Return Node
[2025.07.17-01.49.20:531][315]PIE: Error: Blueprint Runtime Error: "Accessed None trying to read property K2Node_DynamicCast_AsPeoncito". Blueprint:  BarraVIda Function:  Get Text 0 Graph:  GetText_0 Node:  Return Node
[2025.07.17-01.49.20:560][316]PIE: Error: Blueprint Runtime Error: "Accessed None trying to read property K2Node_DynamicCast_AsPeoncito". Blueprint:  BarraVIda Function:  Get Text 0 Graph:  GetText_0 Node:  Return Node
[2025.07.17-01.49.20:587][317]PIE: Error: Blueprint Runtime Error: "Accessed None trying to read property K2Node_DynamicCast_AsPeoncito". Blueprint:  BarraVIda Function:  Get Text 0 Graph:  GetText_0 Node:  Return Node
[2025.07.17-01.49.20:614][318]PIE: Error: Blueprint Runtime Error: "Accessed None trying to read property K2Node_DynamicCast_AsPeoncito". Blueprint:  BarraVIda Function:  Get Text 0 Graph:  GetText_0 Node:  Return Node
[2025.07.17-01.49.20:641][319]PIE: Error: Blueprint Runtime Error: "Accessed None trying to read property K2Node_DynamicCast_AsPeoncito". Blueprint:  BarraVIda Function:  Get Text 0 Graph:  GetText_0 Node:  Return Node
[2025.07.17-01.49.20:670][320]PIE: Error: Blueprint Runtime Error: "Accessed None trying to read property K2Node_DynamicCast_AsPeoncito". Blueprint:  BarraVIda Function:  Get Text 0 Graph:  GetText_0 Node:  Return Node
[2025.07.17-01.49.20:702][321]PIE: Error: Blueprint Runtime Error: "Accessed None trying to read property K2Node_DynamicCast_AsPeoncito". Blueprint:  BarraVIda Function:  Get Text 0 Graph:  GetText_0 Node:  Return Node
[2025.07.17-01.49.20:729][322]PIE: Error: Blueprint Runtime Error: "Accessed None trying to read property K2Node_DynamicCast_AsPeoncito". Blueprint:  BarraVIda Function:  Get Text 0 Graph:  GetText_0 Node:  Return Node
[2025.07.17-01.49.20:757][323]PIE: Error: Blueprint Runtime Error: "Accessed None trying to read property K2Node_DynamicCast_AsPeoncito". Blueprint:  BarraVIda Function:  Get Text 0 Graph:  GetText_0 Node:  Return Node
[2025.07.17-01.49.20:782][324]PIE: Error: Blueprint Runtime Error: "Accessed None trying to read property K2Node_DynamicCast_AsPeoncito". Blueprint:  BarraVIda Function:  Get Text 0 Graph:  GetText_0 Node:  Return Node
[2025.07.17-01.49.20:808][325]PIE: Error: Blueprint Runtime Error: "Accessed None trying to read property K2Node_DynamicCast_AsPeoncito". Blueprint:  BarraVIda Function:  Get Text 0 Graph:  GetText_0 Node:  Return Node
[2025.07.17-01.49.20:832][326]PIE: Error: Blueprint Runtime Error: "Accessed None trying to read property K2Node_DynamicCast_AsPeoncito". Blueprint:  BarraVIda Function:  Get Text 0 Graph:  GetText_0 Node:  Return Node
[2025.07.17-01.49.20:858][327]PIE: Error: Blueprint Runtime Error: "Accessed None trying to read property K2Node_DynamicCast_AsPeoncito". Blueprint:  BarraVIda Function:  Get Text 0 Graph:  GetText_0 Node:  Return Node
[2025.07.17-01.49.20:880][328]PIE: Error: Blueprint Runtime Error: "Accessed None trying to read property K2Node_DynamicCast_AsPeoncito". Blueprint:  BarraVIda Function:  Get Text 0 Graph:  GetText_0 Node:  Return Node
[2025.07.17-01.49.20:904][329]PIE: Error: Blueprint Runtime Error: "Accessed None trying to read property K2Node_DynamicCast_AsPeoncito". Blueprint:  BarraVIda Function:  Get Text 0 Graph:  GetText_0 Node:  Return Node
[2025.07.17-01.49.20:927][330]PIE: Error: Blueprint Runtime Error: "Accessed None trying to read property K2Node_DynamicCast_AsPeoncito". Blueprint:  BarraVIda Function:  Get Text 0 Graph:  GetText_0 Node:  Return Node
[2025.07.17-01.49.20:949][331]PIE: Error: Blueprint Runtime Error: "Accessed None trying to read property K2Node_DynamicCast_AsPeoncito". Blueprint:  BarraVIda Function:  Get Text 0 Graph:  GetText_0 Node:  Return Node
[2025.07.17-01.49.20:971][332]PIE: Error: Blueprint Runtime Error: "Accessed None trying to read property K2Node_DynamicCast_AsPeoncito". Blueprint:  BarraVIda Function:  Get Text 0 Graph:  GetText_0 Node:  Return Node
[2025.07.17-01.49.20:990][333]PIE: Error: Blueprint Runtime Error: "Accessed None trying to read property K2Node_DynamicCast_AsPeoncito". Blueprint:  BarraVIda Function:  Get Text 0 Graph:  GetText_0 Node:  Return Node
[2025.07.17-01.49.21:008][334]PIE: Error: Blueprint Runtime Error: "Accessed None trying to read property K2Node_DynamicCast_AsPeoncito". Blueprint:  BarraVIda Function:  Get Text 0 Graph:  GetText_0 Node:  Return Node
[2025.07.17-01.49.21:027][335]PIE: Error: Blueprint Runtime Error: "Accessed None trying to read property K2Node_DynamicCast_AsPeoncito". Blueprint:  BarraVIda Function:  Get Text 0 Graph:  GetText_0 Node:  Return Node
[2025.07.17-01.49.21:046][336]PIE: Error: Blueprint Runtime Error: "Accessed None trying to read property K2Node_DynamicCast_AsPeoncito". Blueprint:  BarraVIda Function:  Get Text 0 Graph:  GetText_0 Node:  Return Node
[2025.07.17-01.49.21:065][337]PIE: Error: Blueprint Runtime Error: "Accessed None trying to read property K2Node_DynamicCast_AsPeoncito". Blueprint:  BarraVIda Function:  Get Text 0 Graph:  GetText_0 Node:  Return Node
[2025.07.17-01.49.21:086][338]PIE: Error: Blueprint Runtime Error: "Accessed None trying to read property K2Node_DynamicCast_AsPeoncito". Blueprint:  BarraVIda Function:  Get Text 0 Graph:  GetText_0 Node:  Return Node
[2025.07.17-01.49.21:110][339]PIE: Error: Blueprint Runtime Error: "Accessed None trying to read property K2Node_DynamicCast_AsPeoncito". Blueprint:  BarraVIda Function:  Get Text 0 Graph:  GetText_0 Node:  Return Node
[2025.07.17-01.49.21:135][340]PIE: Error: Blueprint Runtime Error: "Accessed None trying to read property K2Node_DynamicCast_AsPeoncito". Blueprint:  BarraVIda Function:  Get Text 0 Graph:  GetText_0 Node:  Return Node
[2025.07.17-01.49.21:160][341]PIE: Error: Blueprint Runtime Error: "Accessed None trying to read property K2Node_DynamicCast_AsPeoncito". Blueprint:  BarraVIda Function:  Get Text 0 Graph:  GetText_0 Node:  Return Node
[2025.07.17-01.49.21:179][342]PIE: Error: Blueprint Runtime Error: "Accessed None trying to read property K2Node_DynamicCast_AsPeoncito". Blueprint:  BarraVIda Function:  Get Text 0 Graph:  GetText_0 Node:  Return Node
[2025.07.17-01.49.21:196][343]PIE: Error: Blueprint Runtime Error: "Accessed None trying to read property K2Node_DynamicCast_AsPeoncito". Blueprint:  BarraVIda Function:  Get Text 0 Graph:  GetText_0 Node:  Return Node
[2025.07.17-01.49.21:213][344]PIE: Error: Blueprint Runtime Error: "Accessed None trying to read property K2Node_DynamicCast_AsPeoncito". Blueprint:  BarraVIda Function:  Get Text 0 Graph:  GetText_0 Node:  Return Node
[2025.07.17-01.49.21:231][345]PIE: Error: Blueprint Runtime Error: "Accessed None trying to read property K2Node_DynamicCast_AsPeoncito". Blueprint:  BarraVIda Function:  Get Text 0 Graph:  GetText_0 Node:  Return Node
[2025.07.17-01.49.21:248][346]PIE: Error: Blueprint Runtime Error: "Accessed None trying to read property K2Node_DynamicCast_AsPeoncito". Blueprint:  BarraVIda Function:  Get Text 0 Graph:  GetText_0 Node:  Return Node
[2025.07.17-01.49.21:266][347]PIE: Error: Blueprint Runtime Error: "Accessed None trying to read property K2Node_DynamicCast_AsPeoncito". Blueprint:  BarraVIda Function:  Get Text 0 Graph:  GetText_0 Node:  Return Node
[2025.07.17-01.49.21:290][348]PIE: Error: Blueprint Runtime Error: "Accessed None trying to read property K2Node_DynamicCast_AsPeoncito". Blueprint:  BarraVIda Function:  Get Text 0 Graph:  GetText_0 Node:  Return Node
[2025.07.17-01.49.21:312][349]PIE: Error: Blueprint Runtime Error: "Accessed None trying to read property K2Node_DynamicCast_AsPeoncito". Blueprint:  BarraVIda Function:  Get Text 0 Graph:  GetText_0 Node:  Return Node
[2025.07.17-01.49.21:334][350]PIE: Error: Blueprint Runtime Error: "Accessed None trying to read property K2Node_DynamicCast_AsPeoncito". Blueprint:  BarraVIda Function:  Get Text 0 Graph:  GetText_0 Node:  Return Node
[2025.07.17-01.49.21:356][351]PIE: Error: Blueprint Runtime Error: "Accessed None trying to read property K2Node_DynamicCast_AsPeoncito". Blueprint:  BarraVIda Function:  Get Text 0 Graph:  GetText_0 Node:  Return Node
[2025.07.17-01.49.21:375][352]PIE: Error: Blueprint Runtime Error: "Accessed None trying to read property K2Node_DynamicCast_AsPeoncito". Blueprint:  BarraVIda Function:  Get Text 0 Graph:  GetText_0 Node:  Return Node
[2025.07.17-01.49.21:453][353]LogSlate: Updating window title bar state: overlay mode, drag disabled, window buttons hidden, title bar hidden
[2025.07.17-01.49.21:453][353]LogWorld: BeginTearingDown for /Game/ThirdPersonBP/Maps/UEDPIE_0_Perdiste_Level
[2025.07.17-01.49.21:453][353]LogWorld: UWorld::CleanupWorld for Perdiste_Level, bSessionEnded=true, bCleanupResources=true
[2025.07.17-01.49.21:454][353]LogSlate: InvalidateAllWidgets triggered.  All widgets were invalidated
[2025.07.17-01.49.21:463][353]LogPlayLevel: Display: Shutting down PIE online subsystems
[2025.07.17-01.49.21:480][353]LogSlate: InvalidateAllWidgets triggered.  All widgets were invalidated
[2025.07.17-01.49.21:567][353]LogSlate: Updating window title bar state: overlay mode, drag disabled, window buttons hidden, title bar hidden
[2025.07.17-01.49.21:568][353]LogAudioMixer: FMixerPlatformXAudio2::StopAudioStream() called
[2025.07.17-01.49.21:570][353]LogAudioMixer: FMixerPlatformXAudio2::StopAudioStream() called
[2025.07.17-01.49.21:587][353]LogUObjectHash: Compacting FUObjectHashTables data took   9.28ms
[2025.07.17-01.49.21:885][354]LogPlayLevel: Display: Destroying online subsystem :Context_59
[2025.07.17-01.49.39:601][900]LogSavePackage: Moving '../../../../../UTN-e-learning/Unreal-Engine/Unreal-Projects/TP_PreEntrega/Saved/Curador799D177E4ADDBC323AFB71839701A7A1.tmp' to '../../../../../UTN-e-learning/Unreal-Engine/Unreal-Projects/TP_PreEntrega/Content/ThirdPersonBP/Blueprints/blueprints/Curador.uasset'
[2025.07.17-01.49.39:649][900]AssetCheck: New page: Asset Save: Curador
[2025.07.17-01.49.39:650][900]LogContentValidation: Display: Validating Blueprint /Game/ThirdPersonBP/Blueprints/blueprints/Curador.Curador
[2025.07.17-01.49.44:512][ 35]LogSavePackage: Moving '../../../../../UTN-e-learning/Unreal-Engine/Unreal-Projects/TP_PreEntrega/Saved/CuradorCA50748D4EA28F97604151AC3F3806B7.tmp' to '../../../../../UTN-e-learning/Unreal-Engine/Unreal-Projects/TP_PreEntrega/Content/ThirdPersonBP/Blueprints/blueprints/Curador.uasset'
[2025.07.17-01.49.44:567][ 35]AssetCheck: New page: Asset Save: Curador
[2025.07.17-01.49.44:567][ 35]LogContentValidation: Display: Validating Blueprint /Game/ThirdPersonBP/Blueprints/blueprints/Curador.Curador
[2025.07.17-01.49.46:289][ 75]LogSlate: Window 'Message Log' being destroyed
[2025.07.17-01.49.46:312][ 75]LogSlate: Window 'Message Log' being destroyed
[2025.07.17-01.49.47:161][ 94]LogTemp: Repeating last play command: Selected Viewport
[2025.07.17-01.49.47:206][ 94]BlueprintLog: New page: Pre-Play auto-recompile
[2025.07.17-01.49.47:207][ 94]LogPlayLevel: [PlayLevel] Compiling Curador before play...
[2025.07.17-01.49.47:478][ 94]LogUObjectHash: Compacting FUObjectHashTables data took  12.74ms
[2025.07.17-01.49.47:483][ 94]LogPlayLevel: PlayLevel: Blueprint regeneration took 277 ms (1 blueprints)
[2025.07.17-01.49.47:484][ 94]PIE: New page: PIE session: ThirdPersonExampleMap (Jul 16, 2025, 7:49:47 PM)
[2025.07.17-01.49.47:484][ 94]LogPlayLevel: Creating play world package: /Game/ThirdPersonBP/Maps/UEDPIE_0_ThirdPersonExampleMap
[2025.07.17-01.49.47:532][ 94]LogPlayLevel: PIE: StaticDuplicateObject took: (0.047743s)
[2025.07.17-01.49.47:534][ 94]LogAIModule: Creating AISystem for world ThirdPersonExampleMap
[2025.07.17-01.49.47:534][ 94]LogPlayLevel: PIE: World Init took: (0.002173s)
[2025.07.17-01.49.47:534][ 94]LogPlayLevel: PIE: Created PIE world by copying editor world from /Game/ThirdPersonBP/Maps/ThirdPersonExampleMap.ThirdPersonExampleMap to /Game/ThirdPersonBP/Maps/UEDPIE_0_ThirdPersonExampleMap.ThirdPersonExampleMap (0.050302s)
[2025.07.17-01.49.47:649][ 94]LogUObjectHash: Compacting FUObjectHashTables data took   8.16ms
[2025.07.17-01.49.47:650][ 94]LogAudio: Display: Creating Audio Device:                 Id: 20, Scope: Unique, Realtime: True
[2025.07.17-01.49.47:650][ 94]LogAudioMixer: Display: Audio Mixer Platform Settings:
[2025.07.17-01.49.47:650][ 94]LogAudioMixer: Display: 	Sample Rate:						  48000
[2025.07.17-01.49.47:650][ 94]LogAudioMixer: Display: 	Callback Buffer Frame Size Requested: 1024
[2025.07.17-01.49.47:650][ 94]LogAudioMixer: Display: 	Callback Buffer Frame Size To Use:	  1024
[2025.07.17-01.49.47:650][ 94]LogAudioMixer: Display: 	Number of buffers to queue:			  2
[2025.07.17-01.49.47:650][ 94]LogAudioMixer: Display: 	Max Channels (voices):				  32
[2025.07.17-01.49.47:650][ 94]LogAudioMixer: Display: 	Number of Async Source Workers:		  0
[2025.07.17-01.49.47:650][ 94]LogAudio: Display: AudioDevice MaxSources: 32
[2025.07.17-01.49.47:651][ 94]LogAudio: Display: Audio Spatialization Plugin: None (built-in).
[2025.07.17-01.49.47:651][ 94]LogAudio: Display: Audio Reverb Plugin: None (built-in).
[2025.07.17-01.49.47:651][ 94]LogAudio: Display: Audio Occlusion Plugin: None (built-in).
[2025.07.17-01.49.47:651][ 94]LogAudioMixer: Display: Initializing audio mixer.
[2025.07.17-01.49.47:659][ 94]LogAudioMixer: Display: 0: FrontLeft
[2025.07.17-01.49.47:659][ 94]LogAudioMixer: Display: 1: FrontRight
[2025.07.17-01.49.47:684][ 94]LogAudioMixer: Display: Using Audio Device Headphones (SOUNDPEATS Mini HS Stereo)
[2025.07.17-01.49.47:685][ 94]LogAudioMixer: Display: Initializing Sound Submixes...
[2025.07.17-01.49.47:685][ 94]LogAudioMixer: Display: Creating Master Submix 'MasterSubmixDefault'
[2025.07.17-01.49.47:685][ 94]LogAudioMixer: Display: Creating Master Submix 'MasterReverbSubmixDefault'
[2025.07.17-01.49.47:686][ 94]LogAudioMixer: Display: Creating Master Submix 'MasterEQSubmixDefault'
[2025.07.17-01.49.47:686][ 94]LogAudioMixer: FMixerPlatformXAudio2::StartAudioStream() called
[2025.07.17-01.49.47:686][ 94]LogAudioMixer: Display: Output buffers initialized: Frames=1024, Channels=2, Samples=2048
[2025.07.17-01.49.47:688][ 94]LogAudioMixer: Display: Starting AudioMixerPlatformInterface::RunInternal()
[2025.07.17-01.49.47:689][ 94]LogAudioMixer: Display: FMixerPlatformXAudio2::SubmitBuffer() called for the first time
[2025.07.17-01.49.47:689][ 94]LogInit: FAudioDevice initialized.
[2025.07.17-01.49.47:689][ 94]LogAudio: Display: Audio Device (ID: 20) registered with world 'ThirdPersonExampleMap'.
[2025.07.17-01.49.47:701][ 94]LogLoad: Game class is 'ReglasJuego_C'
[2025.07.17-01.49.47:713][ 94]LogWorld: Bringing World /Game/ThirdPersonBP/Maps/UEDPIE_0_ThirdPersonExampleMap.ThirdPersonExampleMap up for play (max tick rate 60) at 2025.07.16-22.49.47
[2025.07.17-01.49.47:713][ 94]LogWorld: Bringing up level for play took: 0.010716
[2025.07.17-01.49.47:713][ 94]LogOnline: OSS: Creating online subsystem instance for: :Context_60
[2025.07.17-01.49.47:717][ 94]LogBlueprintUserMessages: [plataforma_2] Buenas buenas!
[2025.07.17-01.49.47:721][ 94]PIE: Server logged in
[2025.07.17-01.49.47:722][ 94]PIE: Play in editor total start time 0.54 seconds.
[2025.07.17-01.49.50:994][205]LogBlueprintUserMessages: [ReglasJuego_C_0] El puntaje subio!
[2025.07.17-01.49.50:994][205]LogBlueprintUserMessages: [ReglasJuego_C_0] 2
[2025.07.17-01.49.52:441][244]LogBlueprintUserMessages: [Curador_2] no te puedo curar porque tu vida es mayor a 80, volve cuando tengas menos!
[2025.07.17-01.49.53:115][270]LogBlueprintUserMessages: [Curador_2] no te puedo curar porque tu vida es mayor a 80, volve cuando tengas menos!
[2025.07.17-01.49.53:397][278]LogBlueprintUserMessages: [bala_C_12] Le reste 25 al bad fella
[2025.07.17-01.49.55:259][337]LogBlueprintUserMessages: [bala_C_3] Le reste 25 a la torreta
[2025.07.17-01.49.55:259][337]LogBlueprintUserMessages: [Torreta3_2] algo me ataveso!
[2025.07.17-01.49.56:412][377]LogBlueprintUserMessages: [bala_C_20] Le reste 25 al bad fella
[2025.07.17-01.49.57:152][396]LogBlueprintUserMessages: [bala_C_14] El peoncito perdio 10 de vida!!!!
[2025.07.17-01.49.57:201][397]LogBlueprintUserMessages: [bala_C_14] El peoncito perdio 10 de vida!!!!
[2025.07.17-01.50.00:515][511]LogBlueprintUserMessages: [bala_C_23] El peoncito perdio 10 de vida!!!!
[2025.07.17-01.50.00:814][519]LogBlueprintUserMessages: [bala_C_24] El peoncito perdio 10 de vida!!!!
[2025.07.17-01.50.01:817][552]LogBlueprintUserMessages: [Curador_2] Le di vida al peoncito! ahora tiene:
[2025.07.17-01.50.01:817][552]LogBlueprintUserMessages: [Curador_2] 60.0
[2025.07.17-01.50.01:817][552]LogBlueprintUserMessages: [Curador_2] El curador ya curo las siguientes veces:
[2025.07.17-01.50.01:818][552]LogBlueprintUserMessages: [Curador_2] 1.0
[2025.07.17-01.50.02:460][575]LogBlueprintUserMessages: [bala_C_33] Le reste 25 al bad fella
[2025.07.17-01.50.03:345][602]LogBlueprintUserMessages: [ReglasJuego_C_0] El puntaje subio!
[2025.07.17-01.50.03:346][602]LogBlueprintUserMessages: [ReglasJuego_C_0] 4
[2025.07.17-01.50.04:440][638]LogBlueprintUserMessages: [bala_C_29] El peoncito perdio 10 de vida!!!!
[2025.07.17-01.50.05:131][661]LogBlueprintUserMessages: [bala_C_31] El peoncito perdio 10 de vida!!!!
[2025.07.17-01.50.05:360][670]LogBlueprintUserMessages: [Curador_2] Le di vida al peoncito! ahora tiene:
[2025.07.17-01.50.05:360][670]LogBlueprintUserMessages: [Curador_2] 60.0
[2025.07.17-01.50.05:361][670]LogBlueprintUserMessages: [Curador_2] El curador ya curo las siguientes veces:
[2025.07.17-01.50.05:361][670]LogBlueprintUserMessages: [Curador_2] 2.0
[2025.07.17-01.50.07:737][753]LogBlueprintUserMessages: [Curador_2] no te puedo curar porque tu vida es mayor a 80, volve cuando tengas menos!
[2025.07.17-01.50.08:456][771]LogBlueprintUserMessages: [Curador_2] no te puedo curar porque tu vida es mayor a 80, volve cuando tengas menos!
[2025.07.17-01.50.08:491][772]LogBlueprintUserMessages: [bala_C_48] Le reste 25 al bad fella
[2025.07.17-01.50.08:528][773]LogBlueprintUserMessages: [bad_fella_2] Bad fella  Destruido!
[2025.07.17-01.50.08:593][775]LogBlueprintUserMessages: [bala_C_39] El peoncito perdio 10 de vida!!!!
[2025.07.17-01.50.08:627][776]LogBlueprintUserMessages: [bala_C_39] El peoncito perdio 10 de vida!!!!
[2025.07.17-01.50.09:178][793]LogSlate: Updating window title bar state: overlay mode, drag disabled, window buttons hidden, title bar hidden
[2025.07.17-01.50.09:178][793]LogWorld: BeginTearingDown for /Game/ThirdPersonBP/Maps/UEDPIE_0_ThirdPersonExampleMap
[2025.07.17-01.50.09:178][793]LogWorld: UWorld::CleanupWorld for ThirdPersonExampleMap, bSessionEnded=true, bCleanupResources=true
[2025.07.17-01.50.09:180][793]LogSlate: InvalidateAllWidgets triggered.  All widgets were invalidated
[2025.07.17-01.50.09:201][793]LogPlayLevel: Display: Shutting down PIE online subsystems
[2025.07.17-01.50.09:233][793]LogSlate: InvalidateAllWidgets triggered.  All widgets were invalidated
[2025.07.17-01.50.09:326][793]LogSlate: Updating window title bar state: overlay mode, drag disabled, window buttons hidden, title bar hidden
[2025.07.17-01.50.09:328][793]LogAudioMixer: FMixerPlatformXAudio2::StopAudioStream() called
[2025.07.17-01.50.09:330][793]LogAudioMixer: FMixerPlatformXAudio2::StopAudioStream() called
[2025.07.17-01.50.09:343][793]LogUObjectHash: Compacting FUObjectHashTables data took   7.03ms
[2025.07.17-01.50.09:454][794]LogPlayLevel: Display: Destroying online subsystem :Context_60
[2025.07.17-01.50.39:616][920]LogSavePackage: Moving '../../../../../UTN-e-learning/Unreal-Engine/Unreal-Projects/TP_PreEntrega/Saved/particulas_curadorasDA12CEA548DBF647A6B2608EF4222A16.tmp' to '../../../../../UTN-e-learning/Unreal-Engine/Unreal-Projects/TP_PreEntrega/Content/ThirdPersonBP/Blueprints/blueprints/particulas_curadoras.uasset'
[2025.07.17-01.50.39:684][920]AssetCheck: New page: Asset Save: particulas_curadoras
[2025.07.17-01.50.39:684][920]LogContentValidation: Display: Validating ParticleSystem /Game/ThirdPersonBP/Blueprints/blueprints/particulas_curadoras.particulas_curadoras
[2025.07.17-01.50.41:570][982]LogTemp: Repeating last play command: Selected Viewport
[2025.07.17-01.50.41:623][982]LogPlayLevel: PlayLevel: No blueprints needed recompiling
[2025.07.17-01.50.41:623][982]PIE: New page: PIE session: ThirdPersonExampleMap (Jul 16, 2025, 7:50:41 PM)
[2025.07.17-01.50.41:623][982]LogPlayLevel: Creating play world package: /Game/ThirdPersonBP/Maps/UEDPIE_0_ThirdPersonExampleMap
[2025.07.17-01.50.41:677][982]LogPlayLevel: PIE: StaticDuplicateObject took: (0.053709s)
[2025.07.17-01.50.41:679][982]LogAIModule: Creating AISystem for world ThirdPersonExampleMap
[2025.07.17-01.50.41:679][982]LogPlayLevel: PIE: World Init took: (0.002359s)
[2025.07.17-01.50.41:680][982]LogPlayLevel: PIE: Created PIE world by copying editor world from /Game/ThirdPersonBP/Maps/ThirdPersonExampleMap.ThirdPersonExampleMap to /Game/ThirdPersonBP/Maps/UEDPIE_0_ThirdPersonExampleMap.ThirdPersonExampleMap (0.056418s)
[2025.07.17-01.50.41:809][982]LogUObjectHash: Compacting FUObjectHashTables data took  12.47ms
[2025.07.17-01.50.41:818][982]LogAudio: Display: Creating Audio Device:                 Id: 21, Scope: Unique, Realtime: True
[2025.07.17-01.50.41:818][982]LogAudioMixer: Display: Audio Mixer Platform Settings:
[2025.07.17-01.50.41:818][982]LogAudioMixer: Display: 	Sample Rate:						  48000
[2025.07.17-01.50.41:818][982]LogAudioMixer: Display: 	Callback Buffer Frame Size Requested: 1024
[2025.07.17-01.50.41:818][982]LogAudioMixer: Display: 	Callback Buffer Frame Size To Use:	  1024
[2025.07.17-01.50.41:819][982]LogAudioMixer: Display: 	Number of buffers to queue:			  2
[2025.07.17-01.50.41:819][982]LogAudioMixer: Display: 	Max Channels (voices):				  32
[2025.07.17-01.50.41:819][982]LogAudioMixer: Display: 	Number of Async Source Workers:		  0
[2025.07.17-01.50.41:819][982]LogAudio: Display: AudioDevice MaxSources: 32
[2025.07.17-01.50.41:820][982]LogAudio: Display: Audio Spatialization Plugin: None (built-in).
[2025.07.17-01.50.41:821][982]LogAudio: Display: Audio Reverb Plugin: None (built-in).
[2025.07.17-01.50.41:821][982]LogAudio: Display: Audio Occlusion Plugin: None (built-in).
[2025.07.17-01.50.41:821][982]LogAudioMixer: Display: Initializing audio mixer.
[2025.07.17-01.50.41:832][982]LogAudioMixer: Display: 0: FrontLeft
[2025.07.17-01.50.41:832][982]LogAudioMixer: Display: 1: FrontRight
[2025.07.17-01.50.41:865][982]LogAudioMixer: Display: Using Audio Device Headphones (SOUNDPEATS Mini HS Stereo)
[2025.07.17-01.50.41:866][982]LogAudioMixer: Display: Initializing Sound Submixes...
[2025.07.17-01.50.41:866][982]LogAudioMixer: Display: Creating Master Submix 'MasterSubmixDefault'
[2025.07.17-01.50.41:866][982]LogAudioMixer: Display: Creating Master Submix 'MasterReverbSubmixDefault'
[2025.07.17-01.50.41:867][982]LogAudioMixer: Display: Creating Master Submix 'MasterEQSubmixDefault'
[2025.07.17-01.50.41:867][982]LogAudioMixer: FMixerPlatformXAudio2::StartAudioStream() called
[2025.07.17-01.50.41:867][982]LogAudioMixer: Display: Output buffers initialized: Frames=1024, Channels=2, Samples=2048
[2025.07.17-01.50.41:869][982]LogAudioMixer: Display: Starting AudioMixerPlatformInterface::RunInternal()
[2025.07.17-01.50.41:869][982]LogAudioMixer: Display: FMixerPlatformXAudio2::SubmitBuffer() called for the first time
[2025.07.17-01.50.41:869][982]LogInit: FAudioDevice initialized.
[2025.07.17-01.50.41:869][982]LogAudio: Display: Audio Device (ID: 21) registered with world 'ThirdPersonExampleMap'.
[2025.07.17-01.50.41:882][982]LogLoad: Game class is 'ReglasJuego_C'
[2025.07.17-01.50.41:896][982]LogWorld: Bringing World /Game/ThirdPersonBP/Maps/UEDPIE_0_ThirdPersonExampleMap.ThirdPersonExampleMap up for play (max tick rate 60) at 2025.07.16-22.50.41
[2025.07.17-01.50.41:896][982]LogWorld: Bringing up level for play took: 0.012761
[2025.07.17-01.50.41:897][982]LogOnline: OSS: Creating online subsystem instance for: :Context_61
[2025.07.17-01.50.41:900][982]LogBlueprintUserMessages: [plataforma_2] Buenas buenas!
[2025.07.17-01.50.41:905][982]PIE: Server logged in
[2025.07.17-01.50.41:906][982]PIE: Play in editor total start time 0.311 seconds.
[2025.07.17-01.50.47:574][204]LogBlueprintUserMessages: [bala_C_11] Le reste 25 al bad fella
[2025.07.17-01.50.48:468][231]LogBlueprintUserMessages: [bala_C_2] Le reste 25 a la torreta
[2025.07.17-01.50.48:468][231]LogBlueprintUserMessages: [Torreta3_2] algo me ataveso!
[2025.07.17-01.50.48:751][243]LogBlueprintUserMessages: [Curador_2] no te puedo curar porque tu vida es mayor a 80, volve cuando tengas menos!
[2025.07.17-01.50.50:589][312]LogBlueprintUserMessages: [bala_C_18] Le reste 25 al bad fella
[2025.07.17-01.50.51:416][344]LogBlueprintUserMessages: [bala_C_8] Le reste 50 al bad guy
[2025.07.17-01.50.51:744][354]LogBlueprintUserMessages: [bala_C_14] El peoncito perdio 10 de vida!!!!
[2025.07.17-01.50.52:738][394]LogBlueprintUserMessages: [bala_C_17] El peoncito perdio 10 de vida!!!!
[2025.07.17-01.50.54:008][432]LogBlueprintUserMessages: [bala_C_20] El peoncito perdio 10 de vida!!!!
[2025.07.17-01.50.54:692][455]LogBlueprintUserMessages: [Curador_2] Le di vida al peoncito! ahora tiene:
[2025.07.17-01.50.54:692][455]LogBlueprintUserMessages: [Curador_2] 70.0
[2025.07.17-01.50.54:692][455]LogBlueprintUserMessages: [Curador_2] El curador ya curo las siguientes veces:
[2025.07.17-01.50.54:692][455]LogBlueprintUserMessages: [Curador_2] 1.0
[2025.07.17-01.50.56:016][505]LogBlueprintUserMessages: [ReglasJuego_C_0] El puntaje subio!
[2025.07.17-01.50.56:016][505]LogBlueprintUserMessages: [ReglasJuego_C_0] 2
[2025.07.17-01.50.56:619][529]LogBlueprintUserMessages: [bala_C_33] Le reste 25 al bad fella
[2025.07.17-01.50.57:149][546]LogBlueprintUserMessages: [Curador_2] no te puedo curar porque tu vida es mayor a 80, volve cuando tengas menos!
[2025.07.17-01.50.58:409][597]LogBlueprintUserMessages: [bala_C_30] El peoncito perdio 10 de vida!!!!
[2025.07.17-01.50.58:657][605]LogBlueprintUserMessages: [Curador_2] no te puedo curar porque tu vida es mayor a 80, volve cuando tengas menos!
[2025.07.17-01.50.58:846][612]LogBlueprintUserMessages: [Curador_2] no te puedo curar porque tu vida es mayor a 80, volve cuando tengas menos!
[2025.07.17-01.51.00:240][667]LogBlueprintUserMessages: [Curador_2] no te puedo curar porque tu vida es mayor a 80, volve cuando tengas menos!
[2025.07.17-01.51.02:144][725]LogBlueprintUserMessages: [bala_C_38] El peoncito perdio 10 de vida!!!!
[2025.07.17-01.51.02:234][727]LogBlueprintUserMessages: [Curador_2] Le di vida al peoncito! ahora tiene:
[2025.07.17-01.51.02:234][727]LogBlueprintUserMessages: [Curador_2] 70.0
[2025.07.17-01.51.02:234][727]LogBlueprintUserMessages: [Curador_2] El curador ya curo las siguientes veces:
[2025.07.17-01.51.02:234][727]LogBlueprintUserMessages: [Curador_2] 2.0
[2025.07.17-01.51.05:643][827]LogBlueprintUserMessages: [bala_C_53] Le reste 25 al bad fella
[2025.07.17-01.51.05:678][828]LogBlueprintUserMessages: [bad_fella_2] Bad fella  Destruido!
[2025.07.17-01.51.07:510][879]LogBlueprintUserMessages: [Curador_2] no te puedo curar porque tu vida es mayor a 80, volve cuando tengas menos!
[2025.07.17-01.51.08:351][902]LogBlueprintUserMessages: [bala_C_49] El peoncito perdio 10 de vida!!!!
[2025.07.17-01.51.09:805][948]LogBlueprintUserMessages: [Curador_2] no te puedo curar porque tu vida es mayor a 80, volve cuando tengas menos!
[2025.07.17-01.51.11:031][984]LogBlueprintUserMessages: [Curador_2] no te puedo curar porque tu vida es mayor a 80, volve cuando tengas menos!
[2025.07.17-01.51.13:146][ 51]LogBlueprintUserMessages: [bala_C_61] El peoncito perdio 10 de vida!!!!
[2025.07.17-01.51.16:193][154]LogBlueprintUserMessages: [bala_C_66] El peoncito perdio 10 de vida!!!!
[2025.07.17-01.51.16:878][174]LogBlueprintUserMessages: [bala_C_70] El peoncito perdio 10 de vida!!!!
[2025.07.17-01.51.18:134][218]LogBlueprintUserMessages: [Curador_2] Le di vida al peoncito! ahora tiene:
[2025.07.17-01.51.18:134][218]LogBlueprintUserMessages: [Curador_2] 50.0
[2025.07.17-01.51.18:134][218]LogBlueprintUserMessages: [Curador_2] El curador ya curo las siguientes veces:
[2025.07.17-01.51.18:134][218]LogBlueprintUserMessages: [Curador_2] 3.0
[2025.07.17-01.51.19:092][246]LogBlueprintUserMessages: [Curador_2] Le di vida al peoncito! ahora tiene:
[2025.07.17-01.51.19:092][246]LogBlueprintUserMessages: [Curador_2] 70.0
[2025.07.17-01.51.19:092][246]LogBlueprintUserMessages: [Curador_2] El curador ya curo las siguientes veces:
[2025.07.17-01.51.19:092][246]LogBlueprintUserMessages: [Curador_2] 4.0
[2025.07.17-01.51.21:363][335]LogBlueprintUserMessages: [Curador_2] no te puedo curar porque tu vida es mayor a 80, volve cuando tengas menos!
[2025.07.17-01.51.21:565][345]LogBlueprintUserMessages: [bala_C_80] El peoncito perdio 10 de vida!!!!
[2025.07.17-01.51.21:615][347]LogBlueprintUserMessages: [bala_C_80] El peoncito perdio 10 de vida!!!!
[2025.07.17-01.51.22:514][378]LogSlate: Updating window title bar state: overlay mode, drag disabled, window buttons hidden, title bar hidden
[2025.07.17-01.51.22:514][378]LogWorld: BeginTearingDown for /Game/ThirdPersonBP/Maps/UEDPIE_0_ThirdPersonExampleMap
[2025.07.17-01.51.22:515][378]LogWorld: UWorld::CleanupWorld for ThirdPersonExampleMap, bSessionEnded=true, bCleanupResources=true
[2025.07.17-01.51.22:519][378]LogSlate: InvalidateAllWidgets triggered.  All widgets were invalidated
[2025.07.17-01.51.22:539][378]LogPlayLevel: Display: Shutting down PIE online subsystems
[2025.07.17-01.51.22:576][378]LogSlate: InvalidateAllWidgets triggered.  All widgets were invalidated
[2025.07.17-01.51.22:657][378]LogSlate: Updating window title bar state: overlay mode, drag disabled, window buttons hidden, title bar hidden
[2025.07.17-01.51.22:658][378]LogAudioMixer: FMixerPlatformXAudio2::StopAudioStream() called
[2025.07.17-01.51.22:659][378]LogAudioMixer: FMixerPlatformXAudio2::StopAudioStream() called
[2025.07.17-01.51.22:670][378]LogUObjectHash: Compacting FUObjectHashTables data took   5.71ms
[2025.07.17-01.51.22:725][379]LogPlayLevel: Display: Destroying online subsystem :Context_61
[2025.07.17-01.51.39:998][983]LogSavePackage: Moving '../../../../../UTN-e-learning/Unreal-Engine/Unreal-Projects/TP_PreEntrega/Saved/CuradorEC0114944102E014DF55688837E2D5D0.tmp' to '../../../../../UTN-e-learning/Unreal-Engine/Unreal-Projects/TP_PreEntrega/Content/ThirdPersonBP/Blueprints/blueprints/Curador.uasset'
[2025.07.17-01.51.40:063][983]AssetCheck: New page: Asset Save: Curador
[2025.07.17-01.51.40:063][983]LogContentValidation: Display: Validating Blueprint /Game/ThirdPersonBP/Blueprints/blueprints/Curador.Curador
[2025.07.17-01.51.44:443][116]LogTemp: Repeating last play command: Selected Viewport
[2025.07.17-01.51.44:477][116]LogPlayLevel: PlayLevel: No blueprints needed recompiling
[2025.07.17-01.51.44:477][116]PIE: New page: PIE session: ThirdPersonExampleMap (Jul 16, 2025, 7:51:44 PM)
[2025.07.17-01.51.44:480][116]LogPlayLevel: Creating play world package: /Game/ThirdPersonBP/Maps/UEDPIE_0_ThirdPersonExampleMap
[2025.07.17-01.51.44:520][116]LogPlayLevel: PIE: StaticDuplicateObject took: (0.040385s)
[2025.07.17-01.51.44:524][116]LogAIModule: Creating AISystem for world ThirdPersonExampleMap
[2025.07.17-01.51.44:525][116]LogPlayLevel: PIE: World Init took: (0.004780s)
[2025.07.17-01.51.44:525][116]LogPlayLevel: PIE: Created PIE world by copying editor world from /Game/ThirdPersonBP/Maps/ThirdPersonExampleMap.ThirdPersonExampleMap to /Game/ThirdPersonBP/Maps/UEDPIE_0_ThirdPersonExampleMap.ThirdPersonExampleMap (0.045926s)
[2025.07.17-01.51.44:698][116]LogUObjectHash: Compacting FUObjectHashTables data took  13.60ms
[2025.07.17-01.51.44:705][116]LogAudio: Display: Creating Audio Device:                 Id: 22, Scope: Unique, Realtime: True
[2025.07.17-01.51.44:705][116]LogAudioMixer: Display: Audio Mixer Platform Settings:
[2025.07.17-01.51.44:705][116]LogAudioMixer: Display: 	Sample Rate:						  48000
[2025.07.17-01.51.44:705][116]LogAudioMixer: Display: 	Callback Buffer Frame Size Requested: 1024
[2025.07.17-01.51.44:705][116]LogAudioMixer: Display: 	Callback Buffer Frame Size To Use:	  1024
[2025.07.17-01.51.44:705][116]LogAudioMixer: Display: 	Number of buffers to queue:			  2
[2025.07.17-01.51.44:705][116]LogAudioMixer: Display: 	Max Channels (voices):				  32
[2025.07.17-01.51.44:705][116]LogAudioMixer: Display: 	Number of Async Source Workers:		  0
[2025.07.17-01.51.44:705][116]LogAudio: Display: AudioDevice MaxSources: 32
[2025.07.17-01.51.44:707][116]LogAudio: Display: Audio Spatialization Plugin: None (built-in).
[2025.07.17-01.51.44:707][116]LogAudio: Display: Audio Reverb Plugin: None (built-in).
[2025.07.17-01.51.44:707][116]LogAudio: Display: Audio Occlusion Plugin: None (built-in).
[2025.07.17-01.51.44:707][116]LogAudioMixer: Display: Initializing audio mixer.
[2025.07.17-01.51.44:719][116]LogAudioMixer: Display: 0: FrontLeft
[2025.07.17-01.51.44:720][116]LogAudioMixer: Display: 1: FrontRight
[2025.07.17-01.51.44:759][116]LogAudioMixer: Display: Using Audio Device Headphones (SOUNDPEATS Mini HS Stereo)
[2025.07.17-01.51.44:760][116]LogAudioMixer: Display: Initializing Sound Submixes...
[2025.07.17-01.51.44:760][116]LogAudioMixer: Display: Creating Master Submix 'MasterSubmixDefault'
[2025.07.17-01.51.44:760][116]LogAudioMixer: Display: Creating Master Submix 'MasterReverbSubmixDefault'
[2025.07.17-01.51.44:761][116]LogAudioMixer: Display: Creating Master Submix 'MasterEQSubmixDefault'
[2025.07.17-01.51.44:761][116]LogAudioMixer: FMixerPlatformXAudio2::StartAudioStream() called
[2025.07.17-01.51.44:762][116]LogAudioMixer: Display: Output buffers initialized: Frames=1024, Channels=2, Samples=2048
[2025.07.17-01.51.44:764][116]LogAudioMixer: Display: Starting AudioMixerPlatformInterface::RunInternal()
[2025.07.17-01.51.44:764][116]LogAudioMixer: Display: FMixerPlatformXAudio2::SubmitBuffer() called for the first time
[2025.07.17-01.51.44:764][116]LogInit: FAudioDevice initialized.
[2025.07.17-01.51.44:764][116]LogAudio: Display: Audio Device (ID: 22) registered with world 'ThirdPersonExampleMap'.
[2025.07.17-01.51.44:782][116]LogLoad: Game class is 'ReglasJuego_C'
[2025.07.17-01.51.44:801][116]LogWorld: Bringing World /Game/ThirdPersonBP/Maps/UEDPIE_0_ThirdPersonExampleMap.ThirdPersonExampleMap up for play (max tick rate 60) at 2025.07.16-22.51.44
[2025.07.17-01.51.44:802][116]LogWorld: Bringing up level for play took: 0.017675
[2025.07.17-01.51.44:802][116]LogOnline: OSS: Creating online subsystem instance for: :Context_62
[2025.07.17-01.51.44:807][116]LogBlueprintUserMessages: [plataforma_2] Buenas buenas!
[2025.07.17-01.51.44:813][116]PIE: Server logged in
[2025.07.17-01.51.44:814][116]PIE: Play in editor total start time 0.356 seconds.
[2025.07.17-01.51.49:298][267]LogBlueprintUserMessages: [Curador_2] no te puedo curar porque tu vida es mayor a 80, volve cuando tengas menos!
[2025.07.17-01.51.50:477][302]LogBlueprintUserMessages: [bala_C_12] Le reste 25 al bad fella
[2025.07.17-01.51.53:551][407]LogBlueprintUserMessages: [bala_C_13] El peoncito perdio 10 de vida!!!!
[2025.07.17-01.51.54:491][433]LogBlueprintUserMessages: [bala_C_15] El peoncito perdio 10 de vida!!!!
[2025.07.17-01.51.56:173][489]LogBlueprintUserMessages: [bala_C_20] El peoncito perdio 10 de vida!!!!
[2025.07.17-01.51.56:482][499]LogBlueprintUserMessages: [bala_C_26] Le reste 25 al bad fella
[2025.07.17-01.51.59:501][609]LogBlueprintUserMessages: [bala_C_33] Le reste 25 al bad fella
[2025.07.17-01.51.59:793][620]LogBlueprintUserMessages: [bala_C_29] El peoncito perdio 10 de vida!!!!
[2025.07.17-01.52.00:183][630]LogBlueprintUserMessages: [bala_C_28] El peoncito perdio 10 de vida!!!!
[2025.07.17-01.52.01:216][666]LogBlueprintUserMessages: [Curador_2] Le di vida al peoncito! ahora tiene:
[2025.07.17-01.52.01:216][666]LogBlueprintUserMessages: [Curador_2] 50.0
[2025.07.17-01.52.01:217][666]LogBlueprintUserMessages: [Curador_2] El curador ya curo las siguientes veces:
[2025.07.17-01.52.01:217][666]LogBlueprintUserMessages: [Curador_2] 1.0
[2025.07.17-01.52.04:341][778]LogBlueprintUserMessages: [Balaza_C_9] Le reste 30 al peoncito
[2025.07.17-01.52.05:529][817]LogBlueprintUserMessages: [bala_C_47] Le reste 25 al bad fella
[2025.07.17-01.52.05:567][818]LogBlueprintUserMessages: [bad_fella_2] Bad fella  Destruido!
[2025.07.17-01.52.06:178][840]LogBlueprintUserMessages: [Balaza_C_11] Le reste 30 al peoncito
[2025.07.17-01.52.07:592][889]LogBlueprintUserMessages: [bala_C_46] El peoncito perdio 10 de vida!!!!
[2025.07.17-01.52.07:717][894]LogBlueprintUserMessages: [bala_C_45] El peoncito perdio 10 de vida!!!!
[2025.07.17-01.52.08:327][911]LogBlueprintUserMessages: [Balaza_C_13] Le reste 30 al peoncito
[2025.07.17-01.52.08:329][911]LogBlueprintUserMessages: [peoncito_2] El peoncito murio
[2025.07.17-01.52.08:329][911]LogBlueprintUserMessages: [ReglasJuego_C_0] Noo, perdiste!
[2025.07.17-01.52.08:334][911]LogScript: Warning: Accessed None trying to read property K2Node_DynamicCast_AsPeoncito
	BarraVIda_C /Engine/Transient.UnrealEdEngine_0:GameInstance_20.BarraVIda_C_0
	Function /Game/ThirdPersonBP/Blueprints/blueprints/BarraVIda.BarraVIda_C:GetText_0:0099
[2025.07.17-01.52.08:334][911]PIE: Error: Blueprint Runtime Error: "Accessed None trying to read property K2Node_DynamicCast_AsPeoncito". Blueprint:  BarraVIda Function:  Get Text 0 Graph:  GetText_0 Node:  Return Node
[2025.07.17-01.52.08:361][912]LogNet: Browse: /Game/ThirdPersonBP/Maps/Perdiste_Level
[2025.07.17-01.52.08:361][912]LogLoad: LoadMap: /Game/ThirdPersonBP/Maps/Perdiste_Level
[2025.07.17-01.52.08:361][912]LogWorld: BeginTearingDown for /Game/ThirdPersonBP/Maps/UEDPIE_0_ThirdPersonExampleMap
[2025.07.17-01.52.08:362][912]LogWorld: UWorld::CleanupWorld for ThirdPersonExampleMap, bSessionEnded=true, bCleanupResources=true
[2025.07.17-01.52.08:364][912]LogSlate: InvalidateAllWidgets triggered.  All widgets were invalidated
[2025.07.17-01.52.08:514][912]LogAudio: Display: Audio Device unregistered from world 'None'.
[2025.07.17-01.52.08:525][912]LogUObjectHash: Compacting FUObjectHashTables data took   8.76ms
[2025.07.17-01.52.08:559][912]LogAudio: Display: Audio Device (ID: 22) registered with world 'Perdiste_Level'.
[2025.07.17-01.52.08:560][912]LogAIModule: Creating AISystem for world Perdiste_Level
[2025.07.17-01.52.08:561][912]LogLoad: Game class is 'ReglasJuego_C'
[2025.07.17-01.52.08:710][912]LogWorld: Bringing World /Game/ThirdPersonBP/Maps/UEDPIE_0_Perdiste_Level.Perdiste_Level up for play (max tick rate 60) at 2025.07.16-22.52.08
[2025.07.17-01.52.08:711][912]LogWorld: Bringing up level for play took: 0.148016
[2025.07.17-01.52.08:711][912]LogGameMode: FindPlayerStart: PATHS NOT DEFINED or NO PLAYERSTART with positive rating
[2025.07.17-01.52.08:715][912]LogBlueprintUserMessages: [plataforma_2] Buenas buenas!
[2025.07.17-01.52.08:716][912]LogLoad: Took 0.355046 seconds to LoadMap(/Game/ThirdPersonBP/Maps/Perdiste_Level)
[2025.07.17-01.52.08:724][912]PIE: Error: Blueprint Runtime Error: "Accessed None trying to read property K2Node_DynamicCast_AsPeoncito". Blueprint:  BarraVIda Function:  Get Text 0 Graph:  GetText_0 Node:  Return Node
[2025.07.17-01.52.08:833][913]PIE: Error: Blueprint Runtime Error: "Accessed None trying to read property K2Node_DynamicCast_AsPeoncito". Blueprint:  BarraVIda Function:  Get Text 0 Graph:  GetText_0 Node:  Return Node
[2025.07.17-01.52.08:852][914]PIE: Error: Blueprint Runtime Error: "Accessed None trying to read property K2Node_DynamicCast_AsPeoncito". Blueprint:  BarraVIda Function:  Get Text 0 Graph:  GetText_0 Node:  Return Node
[2025.07.17-01.52.08:881][915]PIE: Error: Blueprint Runtime Error: "Accessed None trying to read property K2Node_DynamicCast_AsPeoncito". Blueprint:  BarraVIda Function:  Get Text 0 Graph:  GetText_0 Node:  Return Node
[2025.07.17-01.52.08:925][916]PIE: Error: Blueprint Runtime Error: "Accessed None trying to read property K2Node_DynamicCast_AsPeoncito". Blueprint:  BarraVIda Function:  Get Text 0 Graph:  GetText_0 Node:  Return Node
[2025.07.17-01.52.08:963][917]PIE: Error: Blueprint Runtime Error: "Accessed None trying to read property K2Node_DynamicCast_AsPeoncito". Blueprint:  BarraVIda Function:  Get Text 0 Graph:  GetText_0 Node:  Return Node
[2025.07.17-01.52.08:997][918]PIE: Error: Blueprint Runtime Error: "Accessed None trying to read property K2Node_DynamicCast_AsPeoncito". Blueprint:  BarraVIda Function:  Get Text 0 Graph:  GetText_0 Node:  Return Node
[2025.07.17-01.52.09:028][919]PIE: Error: Blueprint Runtime Error: "Accessed None trying to read property K2Node_DynamicCast_AsPeoncito". Blueprint:  BarraVIda Function:  Get Text 0 Graph:  GetText_0 Node:  Return Node
[2025.07.17-01.52.09:060][920]PIE: Error: Blueprint Runtime Error: "Accessed None trying to read property K2Node_DynamicCast_AsPeoncito". Blueprint:  BarraVIda Function:  Get Text 0 Graph:  GetText_0 Node:  Return Node
[2025.07.17-01.52.09:088][921]PIE: Error: Blueprint Runtime Error: "Accessed None trying to read property K2Node_DynamicCast_AsPeoncito". Blueprint:  BarraVIda Function:  Get Text 0 Graph:  GetText_0 Node:  Return Node
[2025.07.17-01.52.09:114][922]PIE: Error: Blueprint Runtime Error: "Accessed None trying to read property K2Node_DynamicCast_AsPeoncito". Blueprint:  BarraVIda Function:  Get Text 0 Graph:  GetText_0 Node:  Return Node
[2025.07.17-01.52.09:138][923]PIE: Error: Blueprint Runtime Error: "Accessed None trying to read property K2Node_DynamicCast_AsPeoncito". Blueprint:  BarraVIda Function:  Get Text 0 Graph:  GetText_0 Node:  Return Node
[2025.07.17-01.52.09:162][924]PIE: Error: Blueprint Runtime Error: "Accessed None trying to read property K2Node_DynamicCast_AsPeoncito". Blueprint:  BarraVIda Function:  Get Text 0 Graph:  GetText_0 Node:  Return Node
[2025.07.17-01.52.09:188][925]PIE: Error: Blueprint Runtime Error: "Accessed None trying to read property K2Node_DynamicCast_AsPeoncito". Blueprint:  BarraVIda Function:  Get Text 0 Graph:  GetText_0 Node:  Return Node
[2025.07.17-01.52.09:210][926]PIE: Error: Blueprint Runtime Error: "Accessed None trying to read property K2Node_DynamicCast_AsPeoncito". Blueprint:  BarraVIda Function:  Get Text 0 Graph:  GetText_0 Node:  Return Node
[2025.07.17-01.52.09:232][927]PIE: Error: Blueprint Runtime Error: "Accessed None trying to read property K2Node_DynamicCast_AsPeoncito". Blueprint:  BarraVIda Function:  Get Text 0 Graph:  GetText_0 Node:  Return Node
[2025.07.17-01.52.09:257][928]PIE: Error: Blueprint Runtime Error: "Accessed None trying to read property K2Node_DynamicCast_AsPeoncito". Blueprint:  BarraVIda Function:  Get Text 0 Graph:  GetText_0 Node:  Return Node
[2025.07.17-01.52.09:280][929]PIE: Error: Blueprint Runtime Error: "Accessed None trying to read property K2Node_DynamicCast_AsPeoncito". Blueprint:  BarraVIda Function:  Get Text 0 Graph:  GetText_0 Node:  Return Node
[2025.07.17-01.52.09:305][930]PIE: Error: Blueprint Runtime Error: "Accessed None trying to read property K2Node_DynamicCast_AsPeoncito". Blueprint:  BarraVIda Function:  Get Text 0 Graph:  GetText_0 Node:  Return Node
[2025.07.17-01.52.09:330][931]PIE: Error: Blueprint Runtime Error: "Accessed None trying to read property K2Node_DynamicCast_AsPeoncito". Blueprint:  BarraVIda Function:  Get Text 0 Graph:  GetText_0 Node:  Return Node
[2025.07.17-01.52.09:353][932]PIE: Error: Blueprint Runtime Error: "Accessed None trying to read property K2Node_DynamicCast_AsPeoncito". Blueprint:  BarraVIda Function:  Get Text 0 Graph:  GetText_0 Node:  Return Node
[2025.07.17-01.52.09:374][933]PIE: Error: Blueprint Runtime Error: "Accessed None trying to read property K2Node_DynamicCast_AsPeoncito". Blueprint:  BarraVIda Function:  Get Text 0 Graph:  GetText_0 Node:  Return Node
[2025.07.17-01.52.09:399][934]PIE: Error: Blueprint Runtime Error: "Accessed None trying to read property K2Node_DynamicCast_AsPeoncito". Blueprint:  BarraVIda Function:  Get Text 0 Graph:  GetText_0 Node:  Return Node
[2025.07.17-01.52.09:428][935]PIE: Error: Blueprint Runtime Error: "Accessed None trying to read property K2Node_DynamicCast_AsPeoncito". Blueprint:  BarraVIda Function:  Get Text 0 Graph:  GetText_0 Node:  Return Node
[2025.07.17-01.52.09:457][936]PIE: Error: Blueprint Runtime Error: "Accessed None trying to read property K2Node_DynamicCast_AsPeoncito". Blueprint:  BarraVIda Function:  Get Text 0 Graph:  GetText_0 Node:  Return Node
[2025.07.17-01.52.09:548][937]LogSlate: Updating window title bar state: overlay mode, drag disabled, window buttons hidden, title bar hidden
[2025.07.17-01.52.09:548][937]LogWorld: BeginTearingDown for /Game/ThirdPersonBP/Maps/UEDPIE_0_Perdiste_Level
[2025.07.17-01.52.09:549][937]LogWorld: UWorld::CleanupWorld for Perdiste_Level, bSessionEnded=true, bCleanupResources=true
[2025.07.17-01.52.09:550][937]LogSlate: InvalidateAllWidgets triggered.  All widgets were invalidated
[2025.07.17-01.52.09:563][937]LogPlayLevel: Display: Shutting down PIE online subsystems
[2025.07.17-01.52.09:589][937]LogSlate: InvalidateAllWidgets triggered.  All widgets were invalidated
[2025.07.17-01.52.09:708][937]LogAudio: Display: Audio Device unregistered from world 'None'.
[2025.07.17-01.52.09:708][937]LogAudioMixer: FMixerPlatformXAudio2::StopAudioStream() called
[2025.07.17-01.52.09:710][937]LogAudioMixer: FMixerPlatformXAudio2::StopAudioStream() called
[2025.07.17-01.52.09:715][937]LogSlate: Updating window title bar state: overlay mode, drag disabled, window buttons hidden, title bar hidden
[2025.07.17-01.52.09:728][937]LogUObjectHash: Compacting FUObjectHashTables data took  10.95ms
[2025.07.17-01.52.10:050][938]LogPlayLevel: Display: Destroying online subsystem :Context_62
[2025.07.17-01.52.11:522][975]LogSlate: Window 'Message Log' being destroyed
[2025.07.17-01.52.11:553][975]LogSlate: Window 'Message Log' being destroyed
[2025.07.17-01.52.39:555][ 14]LogSavePackage: Moving '../../../../../UTN-e-learning/Unreal-Engine/Unreal-Projects/TP_PreEntrega/Saved/particulas_curadoras8A4B9C6C467742840E3BDEB3B0CB9886.tmp' to '../../../../../UTN-e-learning/Unreal-Engine/Unreal-Projects/TP_PreEntrega/Content/ThirdPersonBP/Blueprints/blueprints/particulas_curadoras.uasset'
[2025.07.17-01.52.39:626][ 14]AssetCheck: New page: Asset Save: particulas_curadoras
[2025.07.17-01.52.39:627][ 14]LogContentValidation: Display: Validating ParticleSystem /Game/ThirdPersonBP/Blueprints/blueprints/particulas_curadoras.particulas_curadoras
[2025.07.17-01.52.40:743][ 46]LogTemp: Repeating last play command: Selected Viewport
[2025.07.17-01.52.40:775][ 46]LogPlayLevel: PlayLevel: No blueprints needed recompiling
[2025.07.17-01.52.40:775][ 46]PIE: New page: PIE session: ThirdPersonExampleMap (Jul 16, 2025, 7:52:40 PM)
[2025.07.17-01.52.40:776][ 46]LogPlayLevel: Creating play world package: /Game/ThirdPersonBP/Maps/UEDPIE_0_ThirdPersonExampleMap
[2025.07.17-01.52.40:816][ 46]LogPlayLevel: PIE: StaticDuplicateObject took: (0.040029s)
[2025.07.17-01.52.40:818][ 46]LogAIModule: Creating AISystem for world ThirdPersonExampleMap
[2025.07.17-01.52.40:818][ 46]LogPlayLevel: PIE: World Init took: (0.002044s)
[2025.07.17-01.52.40:819][ 46]LogPlayLevel: PIE: Created PIE world by copying editor world from /Game/ThirdPersonBP/Maps/ThirdPersonExampleMap.ThirdPersonExampleMap to /Game/ThirdPersonBP/Maps/UEDPIE_0_ThirdPersonExampleMap.ThirdPersonExampleMap (0.042420s)
[2025.07.17-01.52.40:944][ 46]LogUObjectHash: Compacting FUObjectHashTables data took   8.10ms
[2025.07.17-01.52.40:949][ 46]LogAudio: Display: Creating Audio Device:                 Id: 23, Scope: Unique, Realtime: True
[2025.07.17-01.52.40:950][ 46]LogAudioMixer: Display: Audio Mixer Platform Settings:
[2025.07.17-01.52.40:950][ 46]LogAudioMixer: Display: 	Sample Rate:						  48000
[2025.07.17-01.52.40:950][ 46]LogAudioMixer: Display: 	Callback Buffer Frame Size Requested: 1024
[2025.07.17-01.52.40:950][ 46]LogAudioMixer: Display: 	Callback Buffer Frame Size To Use:	  1024
[2025.07.17-01.52.40:950][ 46]LogAudioMixer: Display: 	Number of buffers to queue:			  2
[2025.07.17-01.52.40:950][ 46]LogAudioMixer: Display: 	Max Channels (voices):				  32
[2025.07.17-01.52.40:950][ 46]LogAudioMixer: Display: 	Number of Async Source Workers:		  0
[2025.07.17-01.52.40:950][ 46]LogAudio: Display: AudioDevice MaxSources: 32
[2025.07.17-01.52.40:951][ 46]LogAudio: Display: Audio Spatialization Plugin: None (built-in).
[2025.07.17-01.52.40:951][ 46]LogAudio: Display: Audio Reverb Plugin: None (built-in).
[2025.07.17-01.52.40:951][ 46]LogAudio: Display: Audio Occlusion Plugin: None (built-in).
[2025.07.17-01.52.40:951][ 46]LogAudioMixer: Display: Initializing audio mixer.
[2025.07.17-01.52.40:959][ 46]LogAudioMixer: Display: 0: FrontLeft
[2025.07.17-01.52.40:959][ 46]LogAudioMixer: Display: 1: FrontRight
[2025.07.17-01.52.40:986][ 46]LogAudioMixer: Display: Using Audio Device Headphones (SOUNDPEATS Mini HS Stereo)
[2025.07.17-01.52.40:987][ 46]LogAudioMixer: Display: Initializing Sound Submixes...
[2025.07.17-01.52.40:987][ 46]LogAudioMixer: Display: Creating Master Submix 'MasterSubmixDefault'
[2025.07.17-01.52.40:987][ 46]LogAudioMixer: Display: Creating Master Submix 'MasterReverbSubmixDefault'
[2025.07.17-01.52.40:988][ 46]LogAudioMixer: Display: Creating Master Submix 'MasterEQSubmixDefault'
[2025.07.17-01.52.40:988][ 46]LogAudioMixer: FMixerPlatformXAudio2::StartAudioStream() called
[2025.07.17-01.52.40:988][ 46]LogAudioMixer: Display: Output buffers initialized: Frames=1024, Channels=2, Samples=2048
[2025.07.17-01.52.40:990][ 46]LogAudioMixer: Display: Starting AudioMixerPlatformInterface::RunInternal()
[2025.07.17-01.52.40:990][ 46]LogAudioMixer: Display: FMixerPlatformXAudio2::SubmitBuffer() called for the first time
[2025.07.17-01.52.40:990][ 46]LogInit: FAudioDevice initialized.
[2025.07.17-01.52.40:990][ 46]LogAudio: Display: Audio Device (ID: 23) registered with world 'ThirdPersonExampleMap'.
[2025.07.17-01.52.41:006][ 46]LogLoad: Game class is 'ReglasJuego_C'
[2025.07.17-01.52.41:016][ 46]LogWorld: Bringing World /Game/ThirdPersonBP/Maps/UEDPIE_0_ThirdPersonExampleMap.ThirdPersonExampleMap up for play (max tick rate 60) at 2025.07.16-22.52.41
[2025.07.17-01.52.41:016][ 46]LogWorld: Bringing up level for play took: 0.009434
[2025.07.17-01.52.41:016][ 46]LogOnline: OSS: Creating online subsystem instance for: :Context_63
[2025.07.17-01.52.41:020][ 46]LogBlueprintUserMessages: [plataforma_2] Buenas buenas!
[2025.07.17-01.52.41:024][ 46]PIE: Server logged in
[2025.07.17-01.52.41:025][ 46]PIE: Play in editor total start time 0.266 seconds.
[2025.07.17-01.52.43:741][151]LogBlueprintUserMessages: [bala_C_6] Le reste 25 al bad fella
[2025.07.17-01.52.47:732][307]LogBlueprintUserMessages: [bala_C_10] El peoncito perdio 10 de vida!!!!
[2025.07.17-01.52.48:201][322]LogBlueprintUserMessages: [bala_C_11] El peoncito perdio 10 de vida!!!!
[2025.07.17-01.52.49:147][347]LogBlueprintUserMessages: [bala_C_12] El peoncito perdio 10 de vida!!!!
[2025.07.17-01.52.49:562][364]LogBlueprintUserMessages: [bala_C_13] El peoncito perdio 10 de vida!!!!
[2025.07.17-01.52.49:757][371]LogBlueprintUserMessages: [bala_C_19] Le reste 25 al bad fella
[2025.07.17-01.52.50:454][393]LogBlueprintUserMessages: [Curador_2] Le di vida al peoncito! ahora tiene:
[2025.07.17-01.52.50:455][393]LogBlueprintUserMessages: [Curador_2] 60.0
[2025.07.17-01.52.50:455][393]LogBlueprintUserMessages: [Curador_2] El curador ya curo las siguientes veces:
[2025.07.17-01.52.50:455][393]LogBlueprintUserMessages: [Curador_2] 1.0
[2025.07.17-01.52.51:207][423]LogBlueprintUserMessages: [Curador_2] no te puedo curar porque tu vida es mayor a 80, volve cuando tengas menos!
[2025.07.17-01.52.52:549][465]LogBlueprintUserMessages: [bala_C_17] El peoncito perdio 10 de vida!!!!
[2025.07.17-01.52.52:681][470]LogBlueprintUserMessages: [ReglasJuego_C_0] El puntaje subio!
[2025.07.17-01.52.52:681][470]LogBlueprintUserMessages: [ReglasJuego_C_0] 2
[2025.07.17-01.52.53:806][512]LogBlueprintUserMessages: [Curador_2] Le di vida al peoncito! ahora tiene:
[2025.07.17-01.52.53:807][512]LogBlueprintUserMessages: [Curador_2] 70.0
[2025.07.17-01.52.53:807][512]LogBlueprintUserMessages: [Curador_2] El curador ya curo las siguientes veces:
[2025.07.17-01.52.53:807][512]LogBlueprintUserMessages: [Curador_2] 2.0
[2025.07.17-01.52.55:779][586]LogBlueprintUserMessages: [bala_C_34] Le reste 25 al bad fella
[2025.07.17-01.52.57:491][653]LogBlueprintUserMessages: [Curador_2] no te puedo curar porque tu vida es mayor a 80, volve cuando tengas menos!
[2025.07.17-01.52.58:703][704]LogBlueprintUserMessages: [bala_C_35] El peoncito perdio 10 de vida!!!!
[2025.07.17-01.52.59:025][714]LogBlueprintUserMessages: [bala_C_33] El peoncito perdio 10 de vida!!!!
[2025.07.17-01.53.00:182][762]LogBlueprintUserMessages: [Curador_2] Le di vida al peoncito! ahora tiene:
[2025.07.17-01.53.00:183][762]LogBlueprintUserMessages: [Curador_2] 70.0
[2025.07.17-01.53.00:183][762]LogBlueprintUserMessages: [Curador_2] El curador ya curo las siguientes veces:
[2025.07.17-01.53.00:183][762]LogBlueprintUserMessages: [Curador_2] 3.0
[2025.07.17-01.53.04:008][904]LogBlueprintUserMessages: [Curador_2] no te puedo curar porque tu vida es mayor a 80, volve cuando tengas menos!
[2025.07.17-01.53.04:819][932]LogBlueprintUserMessages: [bala_C_54] Le reste 25 al bad fella
[2025.07.17-01.53.04:851][933]LogBlueprintUserMessages: [bad_fella_2] Bad fella  Destruido!
[2025.07.17-01.53.05:313][952]LogBlueprintUserMessages: [bala_C_48] El peoncito perdio 10 de vida!!!!
[2025.07.17-01.53.06:120][987]LogBlueprintUserMessages: [bala_C_50] El peoncito perdio 10 de vida!!!!
[2025.07.17-01.53.07:256][ 30]LogBlueprintUserMessages: [bala_C_52] El peoncito perdio 10 de vida!!!!
[2025.07.17-01.53.07:337][ 34]LogBlueprintUserMessages: [Curador_2] Le di vida al peoncito! ahora tiene:
[2025.07.17-01.53.07:337][ 34]LogBlueprintUserMessages: [Curador_2] 60.0
[2025.07.17-01.53.07:337][ 34]LogBlueprintUserMessages: [Curador_2] El curador ya curo las siguientes veces:
[2025.07.17-01.53.07:337][ 34]LogBlueprintUserMessages: [Curador_2] 4.0
[2025.07.17-01.53.08:302][ 67]LogBlueprintUserMessages: [bala_C_56] El peoncito perdio 10 de vida!!!!
[2025.07.17-01.53.08:340][ 68]LogBlueprintUserMessages: [bala_C_56] El peoncito perdio 10 de vida!!!!
[2025.07.17-01.53.09:583][120]LogBlueprintUserMessages: [bala_C_57] El peoncito perdio 10 de vida!!!!
[2025.07.17-01.53.10:024][132]LogSlate: Updating window title bar state: overlay mode, drag disabled, window buttons hidden, title bar hidden
[2025.07.17-01.53.10:024][132]LogWorld: BeginTearingDown for /Game/ThirdPersonBP/Maps/UEDPIE_0_ThirdPersonExampleMap
[2025.07.17-01.53.10:025][132]LogWorld: UWorld::CleanupWorld for ThirdPersonExampleMap, bSessionEnded=true, bCleanupResources=true
[2025.07.17-01.53.10:028][132]LogSlate: InvalidateAllWidgets triggered.  All widgets were invalidated
[2025.07.17-01.53.10:059][132]LogPlayLevel: Display: Shutting down PIE online subsystems
[2025.07.17-01.53.10:083][132]LogSlate: InvalidateAllWidgets triggered.  All widgets were invalidated
[2025.07.17-01.53.10:186][132]LogSlate: Updating window title bar state: overlay mode, drag disabled, window buttons hidden, title bar hidden
[2025.07.17-01.53.10:186][132]LogAudioMixer: FMixerPlatformXAudio2::StopAudioStream() called
[2025.07.17-01.53.10:188][132]LogAudioMixer: FMixerPlatformXAudio2::StopAudioStream() called
[2025.07.17-01.53.10:205][132]LogUObjectHash: Compacting FUObjectHashTables data took   8.95ms
[2025.07.17-01.53.10:288][133]LogPlayLevel: Display: Destroying online subsystem :Context_63
[2025.07.17-01.53.39:091][263]LogSavePackage: Moving '../../../../../UTN-e-learning/Unreal-Engine/Unreal-Projects/TP_PreEntrega/Saved/particulas_curadoras6D01DA554D494D2BECCDAEA88DBD4020.tmp' to '../../../../../UTN-e-learning/Unreal-Engine/Unreal-Projects/TP_PreEntrega/Content/ThirdPersonBP/Blueprints/blueprints/particulas_curadoras.uasset'
[2025.07.17-01.53.39:148][263]AssetCheck: New page: Asset Save: particulas_curadoras
[2025.07.17-01.53.39:148][263]LogContentValidation: Display: Validating ParticleSystem /Game/ThirdPersonBP/Blueprints/blueprints/particulas_curadoras.particulas_curadoras
[2025.07.17-01.53.40:440][300]LogTemp: Repeating last play command: Selected Viewport
[2025.07.17-01.53.40:470][300]LogPlayLevel: PlayLevel: No blueprints needed recompiling
[2025.07.17-01.53.40:470][300]PIE: New page: PIE session: ThirdPersonExampleMap (Jul 16, 2025, 7:53:40 PM)
[2025.07.17-01.53.40:475][300]LogPlayLevel: Creating play world package: /Game/ThirdPersonBP/Maps/UEDPIE_0_ThirdPersonExampleMap
[2025.07.17-01.53.40:495][300]LogPlayLevel: PIE: StaticDuplicateObject took: (0.019883s)
[2025.07.17-01.53.40:496][300]LogAIModule: Creating AISystem for world ThirdPersonExampleMap
[2025.07.17-01.53.40:497][300]LogPlayLevel: PIE: World Init took: (0.001397s)
[2025.07.17-01.53.40:497][300]LogPlayLevel: PIE: Created PIE world by copying editor world from /Game/ThirdPersonBP/Maps/ThirdPersonExampleMap.ThirdPersonExampleMap to /Game/ThirdPersonBP/Maps/UEDPIE_0_ThirdPersonExampleMap.ThirdPersonExampleMap (0.021566s)
[2025.07.17-01.53.40:592][300]LogUObjectHash: Compacting FUObjectHashTables data took   8.78ms
[2025.07.17-01.53.40:598][300]LogAudio: Display: Creating Audio Device:                 Id: 24, Scope: Unique, Realtime: True
[2025.07.17-01.53.40:598][300]LogAudioMixer: Display: Audio Mixer Platform Settings:
[2025.07.17-01.53.40:599][300]LogAudioMixer: Display: 	Sample Rate:						  48000
[2025.07.17-01.53.40:599][300]LogAudioMixer: Display: 	Callback Buffer Frame Size Requested: 1024
[2025.07.17-01.53.40:599][300]LogAudioMixer: Display: 	Callback Buffer Frame Size To Use:	  1024
[2025.07.17-01.53.40:599][300]LogAudioMixer: Display: 	Number of buffers to queue:			  2
[2025.07.17-01.53.40:599][300]LogAudioMixer: Display: 	Max Channels (voices):				  32
[2025.07.17-01.53.40:599][300]LogAudioMixer: Display: 	Number of Async Source Workers:		  0
[2025.07.17-01.53.40:599][300]LogAudio: Display: AudioDevice MaxSources: 32
[2025.07.17-01.53.40:599][300]LogAudio: Display: Audio Spatialization Plugin: None (built-in).
[2025.07.17-01.53.40:599][300]LogAudio: Display: Audio Reverb Plugin: None (built-in).
[2025.07.17-01.53.40:600][300]LogAudio: Display: Audio Occlusion Plugin: None (built-in).
[2025.07.17-01.53.40:600][300]LogAudioMixer: Display: Initializing audio mixer.
[2025.07.17-01.53.40:607][300]LogAudioMixer: Display: 0: FrontLeft
[2025.07.17-01.53.40:607][300]LogAudioMixer: Display: 1: FrontRight
[2025.07.17-01.53.40:629][300]LogAudioMixer: Display: Using Audio Device Headphones (SOUNDPEATS Mini HS Stereo)
[2025.07.17-01.53.40:630][300]LogAudioMixer: Display: Initializing Sound Submixes...
[2025.07.17-01.53.40:630][300]LogAudioMixer: Display: Creating Master Submix 'MasterSubmixDefault'
[2025.07.17-01.53.40:630][300]LogAudioMixer: Display: Creating Master Submix 'MasterReverbSubmixDefault'
[2025.07.17-01.53.40:630][300]LogAudioMixer: Display: Creating Master Submix 'MasterEQSubmixDefault'
[2025.07.17-01.53.40:630][300]LogAudioMixer: FMixerPlatformXAudio2::StartAudioStream() called
[2025.07.17-01.53.40:630][300]LogAudioMixer: Display: Output buffers initialized: Frames=1024, Channels=2, Samples=2048
[2025.07.17-01.53.40:632][300]LogAudioMixer: Display: Starting AudioMixerPlatformInterface::RunInternal()
[2025.07.17-01.53.40:632][300]LogAudioMixer: Display: FMixerPlatformXAudio2::SubmitBuffer() called for the first time
[2025.07.17-01.53.40:632][300]LogInit: FAudioDevice initialized.
[2025.07.17-01.53.40:632][300]LogAudio: Display: Audio Device (ID: 24) registered with world 'ThirdPersonExampleMap'.
[2025.07.17-01.53.40:647][300]LogLoad: Game class is 'ReglasJuego_C'
[2025.07.17-01.53.40:658][300]LogWorld: Bringing World /Game/ThirdPersonBP/Maps/UEDPIE_0_ThirdPersonExampleMap.ThirdPersonExampleMap up for play (max tick rate 60) at 2025.07.16-22.53.40
[2025.07.17-01.53.40:658][300]LogWorld: Bringing up level for play took: 0.010029
[2025.07.17-01.53.40:659][300]LogOnline: OSS: Creating online subsystem instance for: :Context_64
[2025.07.17-01.53.40:661][300]LogBlueprintUserMessages: [plataforma_2] Buenas buenas!
[2025.07.17-01.53.40:664][300]PIE: Server logged in
[2025.07.17-01.53.40:665][300]PIE: Play in editor total start time 0.21 seconds.
[2025.07.17-01.53.43:439][410]LogBlueprintUserMessages: [bala_C_4] Le reste 25 al bad fella
[2025.07.17-01.53.47:630][594]LogBlueprintUserMessages: [bala_C_9] El peoncito perdio 10 de vida!!!!
[2025.07.17-01.53.48:808][639]LogBlueprintUserMessages: [bala_C_12] El peoncito perdio 10 de vida!!!!
[2025.07.17-01.53.50:211][695]LogBlueprintUserMessages: [Curador_2] no te puedo curar porque tu vida es mayor a 80, volve cuando tengas menos!
[2025.07.17-01.53.52:462][789]LogBlueprintUserMessages: [bala_C_25] Le reste 25 al bad fella
[2025.07.17-01.53.53:350][824]LogBlueprintUserMessages: [bala_C_22] El peoncito perdio 10 de vida!!!!
[2025.07.17-01.53.53:377][825]LogBlueprintUserMessages: [bala_C_22] El peoncito perdio 10 de vida!!!!
[2025.07.17-01.53.53:401][826]LogBlueprintUserMessages: [bala_C_22] El peoncito perdio 10 de vida!!!!
[2025.07.17-01.53.53:483][829]LogBlueprintUserMessages: [Balaza_C_2] Le reste 30 al peoncito
[2025.07.17-01.53.54:518][874]LogBlueprintUserMessages: [Curador_2] Le di vida al peoncito! ahora tiene:
[2025.07.17-01.53.54:518][874]LogBlueprintUserMessages: [Curador_2] 30.0
[2025.07.17-01.53.54:518][874]LogBlueprintUserMessages: [Curador_2] El curador ya curo las siguientes veces:
[2025.07.17-01.53.54:518][874]LogBlueprintUserMessages: [Curador_2] 1.0
[2025.07.17-01.53.55:394][907]LogBlueprintUserMessages: [bala_C_26] El peoncito perdio 10 de vida!!!!
[2025.07.17-01.53.55:480][911]LogBlueprintUserMessages: [bala_C_33] Le reste 25 al bad fella
[2025.07.17-01.53.55:794][926]LogBlueprintUserMessages: [Balaza_C_4] Le reste 30 al peoncito
[2025.07.17-01.53.56:322][948]LogBlueprintUserMessages: [bala_C_29] El peoncito perdio 10 de vida!!!!
[2025.07.17-01.53.57:115][978]LogBlueprintUserMessages: [ReglasJuego_C_0] El puntaje subio!
[2025.07.17-01.53.57:115][978]LogBlueprintUserMessages: [ReglasJuego_C_0] 2
[2025.07.17-01.53.58:737][ 43]LogBlueprintUserMessages: [Curador_2] Le di vida al peoncito! ahora tiene:
[2025.07.17-01.53.58:737][ 43]LogBlueprintUserMessages: [Curador_2] 10.0
[2025.07.17-01.53.58:737][ 43]LogBlueprintUserMessages: [Curador_2] El curador ya curo las siguientes veces:
[2025.07.17-01.53.58:737][ 43]LogBlueprintUserMessages: [Curador_2] 2.0
[2025.07.17-01.54.01:204][147]LogBlueprintUserMessages: [bala_C_41] El peoncito perdio 10 de vida!!!!
[2025.07.17-01.54.01:796][166]LogSlate: Updating window title bar state: overlay mode, drag disabled, window buttons hidden, title bar hidden
[2025.07.17-01.54.01:796][166]LogWorld: BeginTearingDown for /Game/ThirdPersonBP/Maps/UEDPIE_0_ThirdPersonExampleMap
[2025.07.17-01.54.01:796][166]LogWorld: UWorld::CleanupWorld for ThirdPersonExampleMap, bSessionEnded=true, bCleanupResources=true
[2025.07.17-01.54.01:798][166]LogSlate: InvalidateAllWidgets triggered.  All widgets were invalidated
[2025.07.17-01.54.01:818][166]LogPlayLevel: Display: Shutting down PIE online subsystems
[2025.07.17-01.54.01:846][166]LogSlate: InvalidateAllWidgets triggered.  All widgets were invalidated
[2025.07.17-01.54.01:940][166]LogSlate: Updating window title bar state: overlay mode, drag disabled, window buttons hidden, title bar hidden
[2025.07.17-01.54.01:940][166]LogAudioMixer: FMixerPlatformXAudio2::StopAudioStream() called
[2025.07.17-01.54.01:942][166]LogAudioMixer: FMixerPlatformXAudio2::StopAudioStream() called
[2025.07.17-01.54.01:955][166]LogUObjectHash: Compacting FUObjectHashTables data took   6.86ms
[2025.07.17-01.54.02:008][167]LogPlayLevel: Display: Destroying online subsystem :Context_64
[2025.07.17-01.54.07:477][368]LogEditorTransaction: Undo Edit Y
[2025.07.17-01.54.07:494][368]LogMaterial: Display: Missing cached shadermap for materialParticuloso in PCD3D_SM5, Default, SM5 (DDC key hash: DD5D30015A376DD4C4C34008427976B9D4923E48), compiling. 
[2025.07.17-01.54.07:529][368]MaterialEditorStats: Texture samplers: 0/16
[2025.07.17-01.54.07:529][368]MaterialEditorStats: Texture Lookups (Est.): VS(0), PS(1)
[2025.07.17-01.54.07:529][368]MaterialEditorStats: User interpolators: 2/4 Scalars (1/4 Vectors) (TexCoords: 2, Custom: 0)
[2025.07.17-01.54.07:658][370]LogShaderCompilers: Display: === FShaderJobCache stats ===
[2025.07.17-01.54.07:658][370]LogShaderCompilers: Display: Total job queries 399, among them cache hits 10 (2.51%)
[2025.07.17-01.54.07:658][370]LogShaderCompilers: Display: Tracking 355 distinct input hashes that result in 213 distinct outputs (60.00%)
[2025.07.17-01.54.07:658][370]LogShaderCompilers: Display: RAM used: 1.44 MB (0.00 GB) of 1638.40 MB (1.60 GB) budget. Usage: 0.09%
[2025.07.17-01.54.07:658][370]LogShaderCompilers: Display: ================================================
[2025.07.17-01.54.07:660][370]MaterialEditorStats: Base pass shader without light map: 51 instructions
[2025.07.17-01.54.07:660][370]MaterialEditorStats: Base pass vertex shader: 162 instructions
[2025.07.17-01.54.07:660][370]MaterialEditorStats: Texture samplers: 4/16
[2025.07.17-01.54.07:660][370]MaterialEditorStats: Texture Lookups (Est.): VS(0), PS(1)
[2025.07.17-01.54.07:660][370]MaterialEditorStats: User interpolators: 2/4 Scalars (1/4 Vectors) (TexCoords: 2, Custom: 0)
[2025.07.17-01.54.08:226][383]LogEditorTransaction: Undo Edit X
[2025.07.17-01.54.08:232][383]LogMaterial: Display: Missing cached shadermap for materialParticuloso in PCD3D_SM5, Default, SM5 (DDC key hash: 8FABEFB720CA825E14F0BCE000347CA3067F1E65), compiling. 
[2025.07.17-01.54.08:247][383]MaterialEditorStats: Texture samplers: 0/16
[2025.07.17-01.54.08:247][383]MaterialEditorStats: Texture Lookups (Est.): VS(0), PS(1)
[2025.07.17-01.54.08:247][383]MaterialEditorStats: User interpolators: 2/4 Scalars (1/4 Vectors) (TexCoords: 2, Custom: 0)
[2025.07.17-01.54.08:373][386]MaterialEditorStats: Base pass shader without light map: 51 instructions
[2025.07.17-01.54.08:373][386]MaterialEditorStats: Base pass vertex shader: 162 instructions
[2025.07.17-01.54.08:373][386]MaterialEditorStats: Texture samplers: 4/16
[2025.07.17-01.54.08:373][386]MaterialEditorStats: Texture Lookups (Est.): VS(0), PS(1)
[2025.07.17-01.54.08:374][386]MaterialEditorStats: User interpolators: 2/4 Scalars (1/4 Vectors) (TexCoords: 2, Custom: 0)
[2025.07.17-01.54.09:792][436]LogSavePackage: Moving '../../../../../UTN-e-learning/Unreal-Engine/Unreal-Projects/TP_PreEntrega/Saved/particulas_curadorasA15188C640C1D340CF6CF8B91275F1DA.tmp' to '../../../../../UTN-e-learning/Unreal-Engine/Unreal-Projects/TP_PreEntrega/Content/ThirdPersonBP/Blueprints/blueprints/particulas_curadoras.uasset'
[2025.07.17-01.54.09:852][436]AssetCheck: New page: Asset Save: particulas_curadoras
[2025.07.17-01.54.09:852][436]LogContentValidation: Display: Validating ParticleSystem /Game/ThirdPersonBP/Blueprints/blueprints/particulas_curadoras.particulas_curadoras
[2025.07.17-01.54.30:562][226]LogSavePackage: Moving '../../../../../UTN-e-learning/Unreal-Engine/Unreal-Projects/TP_PreEntrega/Saved/particulas_curadoras8D7ECEE8476E263D259E5C9A16FB7912.tmp' to '../../../../../UTN-e-learning/Unreal-Engine/Unreal-Projects/TP_PreEntrega/Content/ThirdPersonBP/Blueprints/blueprints/particulas_curadoras.uasset'
[2025.07.17-01.54.30:612][226]AssetCheck: New page: Asset Save: particulas_curadoras
[2025.07.17-01.54.30:612][226]LogContentValidation: Display: Validating ParticleSystem /Game/ThirdPersonBP/Blueprints/blueprints/particulas_curadoras.particulas_curadoras
[2025.07.17-01.54.31:751][264]LogTemp: Repeating last play command: Selected Viewport
[2025.07.17-01.54.31:790][264]LogPlayLevel: PlayLevel: No blueprints needed recompiling
[2025.07.17-01.54.31:790][264]PIE: New page: PIE session: ThirdPersonExampleMap (Jul 16, 2025, 7:54:31 PM)
[2025.07.17-01.54.31:791][264]LogPlayLevel: Creating play world package: /Game/ThirdPersonBP/Maps/UEDPIE_0_ThirdPersonExampleMap
[2025.07.17-01.54.31:818][264]LogPlayLevel: PIE: StaticDuplicateObject took: (0.027240s)
[2025.07.17-01.54.31:819][264]LogAIModule: Creating AISystem for world ThirdPersonExampleMap
[2025.07.17-01.54.31:820][264]LogPlayLevel: PIE: World Init took: (0.001684s)
[2025.07.17-01.54.31:820][264]LogPlayLevel: PIE: Created PIE world by copying editor world from /Game/ThirdPersonBP/Maps/ThirdPersonExampleMap.ThirdPersonExampleMap to /Game/ThirdPersonBP/Maps/UEDPIE_0_ThirdPersonExampleMap.ThirdPersonExampleMap (0.029210s)
[2025.07.17-01.54.31:911][264]LogUObjectHash: Compacting FUObjectHashTables data took   7.68ms
[2025.07.17-01.54.31:917][264]LogAudio: Display: Creating Audio Device:                 Id: 25, Scope: Unique, Realtime: True
[2025.07.17-01.54.31:917][264]LogAudioMixer: Display: Audio Mixer Platform Settings:
[2025.07.17-01.54.31:917][264]LogAudioMixer: Display: 	Sample Rate:						  48000
[2025.07.17-01.54.31:917][264]LogAudioMixer: Display: 	Callback Buffer Frame Size Requested: 1024
[2025.07.17-01.54.31:918][264]LogAudioMixer: Display: 	Callback Buffer Frame Size To Use:	  1024
[2025.07.17-01.54.31:918][264]LogAudioMixer: Display: 	Number of buffers to queue:			  2
[2025.07.17-01.54.31:918][264]LogAudioMixer: Display: 	Max Channels (voices):				  32
[2025.07.17-01.54.31:918][264]LogAudioMixer: Display: 	Number of Async Source Workers:		  0
[2025.07.17-01.54.31:918][264]LogAudio: Display: AudioDevice MaxSources: 32
[2025.07.17-01.54.31:918][264]LogAudio: Display: Audio Spatialization Plugin: None (built-in).
[2025.07.17-01.54.31:918][264]LogAudio: Display: Audio Reverb Plugin: None (built-in).
[2025.07.17-01.54.31:918][264]LogAudio: Display: Audio Occlusion Plugin: None (built-in).
[2025.07.17-01.54.31:918][264]LogAudioMixer: Display: Initializing audio mixer.
[2025.07.17-01.54.31:927][264]LogAudioMixer: Display: 0: FrontLeft
[2025.07.17-01.54.31:927][264]LogAudioMixer: Display: 1: FrontRight
[2025.07.17-01.54.31:954][264]LogAudioMixer: Display: Using Audio Device Headphones (SOUNDPEATS Mini HS Stereo)
[2025.07.17-01.54.31:955][264]LogAudioMixer: Display: Initializing Sound Submixes...
[2025.07.17-01.54.31:955][264]LogAudioMixer: Display: Creating Master Submix 'MasterSubmixDefault'
[2025.07.17-01.54.31:955][264]LogAudioMixer: Display: Creating Master Submix 'MasterReverbSubmixDefault'
[2025.07.17-01.54.31:956][264]LogAudioMixer: Display: Creating Master Submix 'MasterEQSubmixDefault'
[2025.07.17-01.54.31:956][264]LogAudioMixer: FMixerPlatformXAudio2::StartAudioStream() called
[2025.07.17-01.54.31:956][264]LogAudioMixer: Display: Output buffers initialized: Frames=1024, Channels=2, Samples=2048
[2025.07.17-01.54.31:958][264]LogAudioMixer: Display: Starting AudioMixerPlatformInterface::RunInternal()
[2025.07.17-01.54.31:958][264]LogAudioMixer: Display: FMixerPlatformXAudio2::SubmitBuffer() called for the first time
[2025.07.17-01.54.31:958][264]LogInit: FAudioDevice initialized.
[2025.07.17-01.54.31:958][264]LogAudio: Display: Audio Device (ID: 25) registered with world 'ThirdPersonExampleMap'.
[2025.07.17-01.54.31:972][264]LogLoad: Game class is 'ReglasJuego_C'
[2025.07.17-01.54.31:982][264]LogWorld: Bringing World /Game/ThirdPersonBP/Maps/UEDPIE_0_ThirdPersonExampleMap.ThirdPersonExampleMap up for play (max tick rate 60) at 2025.07.16-22.54.31
[2025.07.17-01.54.31:983][264]LogWorld: Bringing up level for play took: 0.009647
[2025.07.17-01.54.31:983][264]LogOnline: OSS: Creating online subsystem instance for: :Context_65
[2025.07.17-01.54.31:986][264]LogBlueprintUserMessages: [plataforma_2] Buenas buenas!
[2025.07.17-01.54.31:990][264]PIE: Server logged in
[2025.07.17-01.54.31:991][264]PIE: Play in editor total start time 0.221 seconds.
[2025.07.17-01.54.36:254][437]LogBlueprintUserMessages: [ReglasJuego_C_0] El puntaje subio!
[2025.07.17-01.54.36:255][437]LogBlueprintUserMessages: [ReglasJuego_C_0] 2
[2025.07.17-01.54.37:750][492]LogBlueprintUserMessages: [bala_C_12] Le reste 25 al bad fella
[2025.07.17-01.54.39:050][536]LogBlueprintUserMessages: [bala_C_9] El peoncito perdio 10 de vida!!!!
[2025.07.17-01.54.39:665][557]LogBlueprintUserMessages: [bala_C_10] El peoncito perdio 10 de vida!!!!
[2025.07.17-01.54.40:202][576]LogBlueprintUserMessages: [bala_C_11] El peoncito perdio 10 de vida!!!!
[2025.07.17-01.54.40:203][576]LogBlueprintUserMessages: [bala_C_13] El peoncito perdio 10 de vida!!!!
[2025.07.17-01.54.40:774][597]LogBlueprintUserMessages: [bala_C_20] Le reste 25 al bad fella
[2025.07.17-01.54.40:778][597]LogBlueprintUserMessages: [bala_C_14] El peoncito perdio 10 de vida!!!!
[2025.07.17-01.54.40:827][599]LogBlueprintUserMessages: [bala_C_14] El peoncito perdio 10 de vida!!!!
[2025.07.17-01.54.42:152][649]LogBlueprintUserMessages: [Curador_2] Le di vida al peoncito! ahora tiene:
[2025.07.17-01.54.42:153][649]LogBlueprintUserMessages: [Curador_2] 40.0
[2025.07.17-01.54.42:153][649]LogBlueprintUserMessages: [Curador_2] El curador ya curo las siguientes veces:
[2025.07.17-01.54.42:153][649]LogBlueprintUserMessages: [Curador_2] 1.0
[2025.07.17-01.54.42:274][654]LogBlueprintUserMessages: [Curador_2] Le di vida al peoncito! ahora tiene:
[2025.07.17-01.54.42:274][654]LogBlueprintUserMessages: [Curador_2] 60.0
[2025.07.17-01.54.42:274][654]LogBlueprintUserMessages: [Curador_2] El curador ya curo las siguientes veces:
[2025.07.17-01.54.42:274][654]LogBlueprintUserMessages: [Curador_2] 2.0
[2025.07.17-01.54.42:950][682]LogBlueprintUserMessages: [Curador_2] no te puedo curar porque tu vida es mayor a 80, volve cuando tengas menos!
[2025.07.17-01.54.45:578][788]LogBlueprintUserMessages: [bala_C_26] El peoncito perdio 10 de vida!!!!
[2025.07.17-01.54.48:659][915]LogBlueprintUserMessages: [Curador_2] Le di vida al peoncito! ahora tiene:
[2025.07.17-01.54.48:659][915]LogBlueprintUserMessages: [Curador_2] 70.0
[2025.07.17-01.54.48:659][915]LogBlueprintUserMessages: [Curador_2] El curador ya curo las siguientes veces:
[2025.07.17-01.54.48:659][915]LogBlueprintUserMessages: [Curador_2] 3.0
[2025.07.17-01.54.48:921][924]LogBlueprintUserMessages: [bala_C_32] El peoncito perdio 10 de vida!!!!
[2025.07.17-01.54.49:815][956]LogBlueprintUserMessages: [bala_C_40] Le reste 25 al bad fella
[2025.07.17-01.54.50:908][992]LogBlueprintUserMessages: [bala_C_37] El peoncito perdio 10 de vida!!!!
[2025.07.17-01.54.51:146][  0]LogBlueprintUserMessages: [bala_C_36] El peoncito perdio 10 de vida!!!!
[2025.07.17-01.54.52:821][ 65]LogBlueprintUserMessages: [bala_C_48] Le reste 25 al bad fella
[2025.07.17-01.54.52:845][ 66]LogBlueprintUserMessages: [bad_fella_2] Bad fella  Destruido!
[2025.07.17-01.54.53:575][ 98]LogBlueprintUserMessages: [Curador_2] Le di vida al peoncito! ahora tiene:
[2025.07.17-01.54.53:575][ 98]LogBlueprintUserMessages: [Curador_2] 60.0
[2025.07.17-01.54.53:575][ 98]LogBlueprintUserMessages: [Curador_2] El curador ya curo las siguientes veces:
[2025.07.17-01.54.53:575][ 98]LogBlueprintUserMessages: [Curador_2] 4.0
[2025.07.17-01.54.58:035][275]LogSlate: Updating window title bar state: overlay mode, drag disabled, window buttons hidden, title bar hidden
[2025.07.17-01.54.58:035][275]LogWorld: BeginTearingDown for /Game/ThirdPersonBP/Maps/UEDPIE_0_ThirdPersonExampleMap
[2025.07.17-01.54.58:036][275]LogWorld: UWorld::CleanupWorld for ThirdPersonExampleMap, bSessionEnded=true, bCleanupResources=true
[2025.07.17-01.54.58:038][275]LogSlate: InvalidateAllWidgets triggered.  All widgets were invalidated
[2025.07.17-01.54.58:053][275]LogPlayLevel: Display: Shutting down PIE online subsystems
[2025.07.17-01.54.58:070][275]LogSlate: InvalidateAllWidgets triggered.  All widgets were invalidated
[2025.07.17-01.54.58:159][275]LogAudio: Display: Audio Device unregistered from world 'None'.
[2025.07.17-01.54.58:159][275]LogAudioMixer: FMixerPlatformXAudio2::StopAudioStream() called
[2025.07.17-01.54.58:161][275]LogAudioMixer: FMixerPlatformXAudio2::StopAudioStream() called
[2025.07.17-01.54.58:165][275]LogSlate: Updating window title bar state: overlay mode, drag disabled, window buttons hidden, title bar hidden
[2025.07.17-01.54.58:177][275]LogUObjectHash: Compacting FUObjectHashTables data took   8.99ms
[2025.07.17-01.54.58:272][276]LogPlayLevel: Display: Destroying online subsystem :Context_65
[2025.07.17-01.55.16:458][ 17]LogSavePackage: Moving '../../../../../UTN-e-learning/Unreal-Engine/Unreal-Projects/TP_PreEntrega/Saved/particulas_curadoras2E0C1F9E4F744A45D3A761B9F214DB3D.tmp' to '../../../../../UTN-e-learning/Unreal-Engine/Unreal-Projects/TP_PreEntrega/Content/ThirdPersonBP/Blueprints/blueprints/particulas_curadoras.uasset'
[2025.07.17-01.55.16:524][ 17]AssetCheck: New page: Asset Save: particulas_curadoras
[2025.07.17-01.55.16:524][ 17]LogContentValidation: Display: Validating ParticleSystem /Game/ThirdPersonBP/Blueprints/blueprints/particulas_curadoras.particulas_curadoras
[2025.07.17-01.55.18:685][ 84]LogTemp: Repeating last play command: Selected Viewport
[2025.07.17-01.55.18:726][ 84]LogPlayLevel: PlayLevel: No blueprints needed recompiling
[2025.07.17-01.55.18:727][ 84]PIE: New page: PIE session: ThirdPersonExampleMap (Jul 16, 2025, 7:55:18 PM)
[2025.07.17-01.55.18:727][ 84]LogPlayLevel: Creating play world package: /Game/ThirdPersonBP/Maps/UEDPIE_0_ThirdPersonExampleMap
[2025.07.17-01.55.18:761][ 84]LogPlayLevel: PIE: StaticDuplicateObject took: (0.034124s)
[2025.07.17-01.55.18:763][ 84]LogAIModule: Creating AISystem for world ThirdPersonExampleMap
[2025.07.17-01.55.18:764][ 84]LogPlayLevel: PIE: World Init took: (0.002159s)
[2025.07.17-01.55.18:764][ 84]LogPlayLevel: PIE: Created PIE world by copying editor world from /Game/ThirdPersonBP/Maps/ThirdPersonExampleMap.ThirdPersonExampleMap to /Game/ThirdPersonBP/Maps/UEDPIE_0_ThirdPersonExampleMap.ThirdPersonExampleMap (0.036648s)
[2025.07.17-01.55.18:884][ 84]LogUObjectHash: Compacting FUObjectHashTables data took   8.64ms
[2025.07.17-01.55.18:889][ 84]LogAudio: Display: Creating Audio Device:                 Id: 26, Scope: Unique, Realtime: True
[2025.07.17-01.55.18:889][ 84]LogAudioMixer: Display: Audio Mixer Platform Settings:
[2025.07.17-01.55.18:889][ 84]LogAudioMixer: Display: 	Sample Rate:						  48000
[2025.07.17-01.55.18:889][ 84]LogAudioMixer: Display: 	Callback Buffer Frame Size Requested: 1024
[2025.07.17-01.55.18:890][ 84]LogAudioMixer: Display: 	Callback Buffer Frame Size To Use:	  1024
[2025.07.17-01.55.18:890][ 84]LogAudioMixer: Display: 	Number of buffers to queue:			  2
[2025.07.17-01.55.18:890][ 84]LogAudioMixer: Display: 	Max Channels (voices):				  32
[2025.07.17-01.55.18:890][ 84]LogAudioMixer: Display: 	Number of Async Source Workers:		  0
[2025.07.17-01.55.18:890][ 84]LogAudio: Display: AudioDevice MaxSources: 32
[2025.07.17-01.55.18:890][ 84]LogAudio: Display: Audio Spatialization Plugin: None (built-in).
[2025.07.17-01.55.18:890][ 84]LogAudio: Display: Audio Reverb Plugin: None (built-in).
[2025.07.17-01.55.18:890][ 84]LogAudio: Display: Audio Occlusion Plugin: None (built-in).
[2025.07.17-01.55.18:891][ 84]LogAudioMixer: Display: Initializing audio mixer.
[2025.07.17-01.55.18:897][ 84]LogAudioMixer: Display: 0: FrontLeft
[2025.07.17-01.55.18:898][ 84]LogAudioMixer: Display: 1: FrontRight
[2025.07.17-01.55.18:920][ 84]LogAudioMixer: Display: Using Audio Device Headphones (SOUNDPEATS Mini HS Stereo)
[2025.07.17-01.55.18:921][ 84]LogAudioMixer: Display: Initializing Sound Submixes...
[2025.07.17-01.55.18:921][ 84]LogAudioMixer: Display: Creating Master Submix 'MasterSubmixDefault'
[2025.07.17-01.55.18:921][ 84]LogAudioMixer: Display: Creating Master Submix 'MasterReverbSubmixDefault'
[2025.07.17-01.55.18:922][ 84]LogAudioMixer: Display: Creating Master Submix 'MasterEQSubmixDefault'
[2025.07.17-01.55.18:922][ 84]LogAudioMixer: FMixerPlatformXAudio2::StartAudioStream() called
[2025.07.17-01.55.18:922][ 84]LogAudioMixer: Display: Output buffers initialized: Frames=1024, Channels=2, Samples=2048
[2025.07.17-01.55.18:923][ 84]LogAudioMixer: Display: Starting AudioMixerPlatformInterface::RunInternal()
[2025.07.17-01.55.18:923][ 84]LogAudioMixer: Display: FMixerPlatformXAudio2::SubmitBuffer() called for the first time
[2025.07.17-01.55.18:923][ 84]LogInit: FAudioDevice initialized.
[2025.07.17-01.55.18:923][ 84]LogAudio: Display: Audio Device (ID: 26) registered with world 'ThirdPersonExampleMap'.
[2025.07.17-01.55.18:934][ 84]LogLoad: Game class is 'ReglasJuego_C'
[2025.07.17-01.55.18:944][ 84]LogWorld: Bringing World /Game/ThirdPersonBP/Maps/UEDPIE_0_ThirdPersonExampleMap.ThirdPersonExampleMap up for play (max tick rate 60) at 2025.07.16-22.55.18
[2025.07.17-01.55.18:945][ 84]LogWorld: Bringing up level for play took: 0.009380
[2025.07.17-01.55.18:945][ 84]LogOnline: OSS: Creating online subsystem instance for: :Context_66
[2025.07.17-01.55.18:948][ 84]LogBlueprintUserMessages: [plataforma_2] Buenas buenas!
[2025.07.17-01.55.18:951][ 84]PIE: Server logged in
[2025.07.17-01.55.18:952][ 84]PIE: Play in editor total start time 0.247 seconds.
[2025.07.17-01.55.21:670][194]LogBlueprintUserMessages: [bala_C_5] Le reste 25 al bad fella
[2025.07.17-01.55.21:903][203]LogBlueprintUserMessages: [ReglasJuego_C_0] El puntaje subio!
[2025.07.17-01.55.21:903][203]LogBlueprintUserMessages: [ReglasJuego_C_0] 2
[2025.07.17-01.55.23:971][279]LogBlueprintUserMessages: [ReglasJuego_C_0] El puntaje subio!
[2025.07.17-01.55.23:972][279]LogBlueprintUserMessages: [ReglasJuego_C_0] 4
[2025.07.17-01.55.27:714][429]LogBlueprintUserMessages: [bala_C_20] Le reste 25 al bad fella
[2025.07.17-01.55.29:216][487]LogBlueprintUserMessages: [bala_C_16] El peoncito perdio 10 de vida!!!!
[2025.07.17-01.55.29:496][499]LogBlueprintUserMessages: [bala_C_21] El peoncito perdio 10 de vida!!!!
[2025.07.17-01.55.31:119][560]LogBlueprintUserMessages: [Curador_2] no te puedo curar porque tu vida es mayor a 80, volve cuando tengas menos!
[2025.07.17-01.55.32:169][601]LogBlueprintUserMessages: [bala_C_25] El peoncito perdio 10 de vida!!!!
[2025.07.17-01.55.33:301][644]LogBlueprintUserMessages: [bala_C_27] El peoncito perdio 10 de vida!!!!
[2025.07.17-01.55.33:612][656]LogBlueprintUserMessages: [Curador_2] Le di vida al peoncito! ahora tiene:
[2025.07.17-01.55.33:613][656]LogBlueprintUserMessages: [Curador_2] 60.0
[2025.07.17-01.55.33:613][656]LogBlueprintUserMessages: [Curador_2] El curador ya curo las siguientes veces:
[2025.07.17-01.55.33:613][656]LogBlueprintUserMessages: [Curador_2] 1.0
[2025.07.17-01.55.36:754][788]LogBlueprintUserMessages: [bala_C_40] Le reste 25 al bad fella
[2025.07.17-01.55.38:177][844]LogBlueprintUserMessages: [bala_C_38] El peoncito perdio 10 de vida!!!!
[2025.07.17-01.55.39:370][888]LogBlueprintUserMessages: [bala_C_41] El peoncito perdio 10 de vida!!!!
[2025.07.17-01.55.39:660][901]LogBlueprintUserMessages: [bala_C_42] El peoncito perdio 10 de vida!!!!
[2025.07.17-01.55.39:759][905]LogBlueprintUserMessages: [bala_C_47] Le reste 25 al bad fella
[2025.07.17-01.55.39:780][906]LogBlueprintUserMessages: [bad_fella_2] Bad fella  Destruido!
[2025.07.17-01.55.40:404][930]LogBlueprintUserMessages: [bala_C_43] El peoncito perdio 10 de vida!!!!
[2025.07.17-01.55.40:985][952]LogBlueprintUserMessages: [Curador_2] Le di vida al peoncito! ahora tiene:
[2025.07.17-01.55.40:985][952]LogBlueprintUserMessages: [Curador_2] 40.0
[2025.07.17-01.55.40:985][952]LogBlueprintUserMessages: [Curador_2] El curador ya curo las siguientes veces:
[2025.07.17-01.55.40:986][952]LogBlueprintUserMessages: [Curador_2] 2.0
[2025.07.17-01.55.42:143][998]LogBlueprintUserMessages: [Balaza_C_12] Le reste 30 al peoncito
[2025.07.17-01.55.42:456][  8]LogBlueprintUserMessages: [bala_C_48] El peoncito perdio 10 de vida!!!!
[2025.07.17-01.55.42:939][ 28]LogBlueprintUserMessages: [bala_C_49] El peoncito perdio 10 de vida!!!!
[2025.07.17-01.55.43:443][ 47]LogSlate: Updating window title bar state: overlay mode, drag disabled, window buttons hidden, title bar hidden
[2025.07.17-01.55.43:443][ 47]LogWorld: BeginTearingDown for /Game/ThirdPersonBP/Maps/UEDPIE_0_ThirdPersonExampleMap
[2025.07.17-01.55.43:443][ 47]LogWorld: UWorld::CleanupWorld for ThirdPersonExampleMap, bSessionEnded=true, bCleanupResources=true
[2025.07.17-01.55.43:445][ 47]LogSlate: InvalidateAllWidgets triggered.  All widgets were invalidated
[2025.07.17-01.55.43:458][ 47]LogPlayLevel: Display: Shutting down PIE online subsystems
[2025.07.17-01.55.43:483][ 47]LogSlate: InvalidateAllWidgets triggered.  All widgets were invalidated
[2025.07.17-01.55.43:582][ 47]LogAudio: Display: Audio Device unregistered from world 'None'.
[2025.07.17-01.55.43:582][ 47]LogAudioMixer: FMixerPlatformXAudio2::StopAudioStream() called
[2025.07.17-01.55.43:584][ 47]LogAudioMixer: FMixerPlatformXAudio2::StopAudioStream() called
[2025.07.17-01.55.43:589][ 47]LogSlate: Updating window title bar state: overlay mode, drag disabled, window buttons hidden, title bar hidden
[2025.07.17-01.55.43:602][ 47]LogUObjectHash: Compacting FUObjectHashTables data took   9.08ms
[2025.07.17-01.55.43:692][ 48]LogPlayLevel: Display: Destroying online subsystem :Context_66
[2025.07.17-01.55.50:564][327]LogEditorViewport: Clicking on Actor (LMB): StaticMeshActor (Floor)
[2025.07.17-01.55.51:735][370]Cmd: TRANSACTION UNDO
[2025.07.17-01.55.51:736][370]LogEditorTransaction: Undo Clicking on Actors
[2025.07.17-01.55.51:751][370]LogMaterial: Display: Missing cached shadermap for materialParticuloso in PCD3D_SM5, Default, SM5 (DDC key hash: 9CEF449745845C3CC29386E8E5F53E9CF58E72B4), compiling. 
[2025.07.17-01.55.51:769][370]MaterialEditorStats: Texture samplers: 0/16
[2025.07.17-01.55.51:769][370]MaterialEditorStats: Texture Lookups (Est.): VS(0), PS(1)
[2025.07.17-01.55.51:769][370]MaterialEditorStats: User interpolators: 2/4 Scalars (1/4 Vectors) (TexCoords: 2, Custom: 0)
[2025.07.17-01.55.51:950][373]MaterialEditorStats: Base pass shader without light map: 51 instructions
[2025.07.17-01.55.51:950][373]MaterialEditorStats: Base pass vertex shader: 162 instructions
[2025.07.17-01.55.51:950][373]MaterialEditorStats: Texture samplers: 4/16
[2025.07.17-01.55.51:950][373]MaterialEditorStats: Texture Lookups (Est.): VS(0), PS(1)
[2025.07.17-01.55.51:950][373]MaterialEditorStats: User interpolators: 2/4 Scalars (1/4 Vectors) (TexCoords: 2, Custom: 0)
[2025.07.17-01.55.52:663][390]Cmd: TRANSACTION UNDO
[2025.07.17-01.55.52:663][390]LogEditorTransaction: Undo Move Actors
[2025.07.17-01.55.52:675][390]LogMaterial: Display: Missing cached shadermap for materialParticuloso in PCD3D_SM5, Default, SM5 (DDC key hash: 8DFA69F2A627075A3B07543C1E0CD1BF069E0DCF), compiling. 
[2025.07.17-01.55.52:690][390]MaterialEditorStats: Texture samplers: 0/16
[2025.07.17-01.55.52:690][390]MaterialEditorStats: Texture Lookups (Est.): VS(0), PS(1)
[2025.07.17-01.55.52:690][390]MaterialEditorStats: User interpolators: 2/4 Scalars (1/4 Vectors) (TexCoords: 2, Custom: 0)
[2025.07.17-01.55.52:828][393]MaterialEditorStats: Texture samplers: 4/16
[2025.07.17-01.55.52:829][393]MaterialEditorStats: Texture Lookups (Est.): VS(0), PS(1)
[2025.07.17-01.55.52:829][393]MaterialEditorStats: User interpolators: 2/4 Scalars (1/4 Vectors) (TexCoords: 2, Custom: 0)
[2025.07.17-01.55.52:863][394]MaterialEditorStats: Base pass shader without light map: 51 instructions
[2025.07.17-01.55.52:864][394]MaterialEditorStats: Base pass vertex shader: 162 instructions
[2025.07.17-01.55.52:864][394]MaterialEditorStats: Texture samplers: 4/16
[2025.07.17-01.55.52:864][394]MaterialEditorStats: Texture Lookups (Est.): VS(0), PS(1)
[2025.07.17-01.55.52:864][394]MaterialEditorStats: User interpolators: 2/4 Scalars (1/4 Vectors) (TexCoords: 2, Custom: 0)
[2025.07.17-01.55.54:843][470]LogEditorViewport: Clicking on Actor (LMB): StaticMeshActor (Wall7)
[2025.07.17-01.55.56:151][513]LogUObjectHash: Compacting FUObjectHashTables data took   9.07ms
[2025.07.17-01.55.56:299][513]LogSavePackage: Moving '../../../../../UTN-e-learning/Unreal-Engine/Unreal-Projects/TP_PreEntrega/Saved/ThirdPersonExampleMap30DC3F8D4FEAD0CD33D777BF25A37FA6.tmp' to '../../../../../UTN-e-learning/Unreal-Engine/Unreal-Projects/TP_PreEntrega/Content/ThirdPersonBP/Maps/ThirdPersonExampleMap.umap'
[2025.07.17-01.55.56:534][513]LogSavePackage: Moving '../../../../../UTN-e-learning/Unreal-Engine/Unreal-Projects/TP_PreEntrega/Saved/ThirdPersonExampleMap_BuiltDataF78F85944BF2E490801FA8A5A00EA4BB.tmp' to '../../../../../UTN-e-learning/Unreal-Engine/Unreal-Projects/TP_PreEntrega/Content/ThirdPersonBP/Maps/ThirdPersonExampleMap_BuiltData.uasset'
[2025.07.17-01.55.56:564][513]AssetCheck: New page: Asset Save: multiple assets
[2025.07.17-01.55.56:564][513]LogContentValidation: Display: Validating MapBuildDataRegistry /Game/ThirdPersonBP/Maps/ThirdPersonExampleMap_BuiltData.ThirdPersonExampleMap_BuiltData
[2025.07.17-01.55.56:564][513]LogContentValidation: Display: Validating World /Game/ThirdPersonBP/Maps/ThirdPersonExampleMap.ThirdPersonExampleMap
[2025.07.17-01.56.32:933][124]LogEditorViewport: Clicking on Actor (LMB): StaticMeshActor (Floor)
[2025.07.17-01.56.34:109][161]LogUObjectHash: Compacting FUObjectHashTables data took  10.96ms
[2025.07.17-01.56.34:194][161]LogSavePackage: Moving '../../../../../UTN-e-learning/Unreal-Engine/Unreal-Projects/TP_PreEntrega/Saved/ThirdPersonExampleMap6C318A3740FB85D5CCEBDA873F649E54.tmp' to '../../../../../UTN-e-learning/Unreal-Engine/Unreal-Projects/TP_PreEntrega/Content/ThirdPersonBP/Maps/ThirdPersonExampleMap.umap'
[2025.07.17-01.56.34:425][161]LogSavePackage: Moving '../../../../../UTN-e-learning/Unreal-Engine/Unreal-Projects/TP_PreEntrega/Saved/ThirdPersonExampleMap_BuiltDataA3072AEA41B2F1246E25F2A90AD956AD.tmp' to '../../../../../UTN-e-learning/Unreal-Engine/Unreal-Projects/TP_PreEntrega/Content/ThirdPersonBP/Maps/ThirdPersonExampleMap_BuiltData.uasset'
[2025.07.17-01.56.34:459][161]AssetCheck: New page: Asset Save: multiple assets
[2025.07.17-01.56.34:460][161]LogContentValidation: Display: Validating MapBuildDataRegistry /Game/ThirdPersonBP/Maps/ThirdPersonExampleMap_BuiltData.ThirdPersonExampleMap_BuiltData
[2025.07.17-01.56.34:460][161]LogContentValidation: Display: Validating World /Game/ThirdPersonBP/Maps/ThirdPersonExampleMap.ThirdPersonExampleMap
[2025.07.17-01.56.44:217][554]LogEditorViewport: Clicking on Actor (LMB): Emitter (NewParticleSystem)
[2025.07.17-01.56.46:792][650]Cmd: DELETE
[2025.07.17-01.56.46:792][650]Cmd: ACTOR DELETE
[2025.07.17-01.56.46:799][650]LogEditorActor: Deleted Actor: Emitter
[2025.07.17-01.56.46:914][650]LogUObjectHash: Compacting FUObjectHashTables data took   1.95ms
[2025.07.17-01.56.46:918][650]LogEditorActor: Deleted 1 Actors (0.125 secs)
[2025.07.17-01.56.47:915][689]LogEditorViewport: Clicking on Actor (LMB): StaticMeshActor (Floor)
[2025.07.17-01.56.48:721][712]LogUObjectHash: Compacting FUObjectHashTables data took   2.35ms
[2025.07.17-01.56.48:839][712]LogSavePackage: Moving '../../../../../UTN-e-learning/Unreal-Engine/Unreal-Projects/TP_PreEntrega/Saved/ThirdPersonExampleMapF10375A94014BE70264796B1DECC3173.tmp' to '../../../../../UTN-e-learning/Unreal-Engine/Unreal-Projects/TP_PreEntrega/Content/ThirdPersonBP/Maps/ThirdPersonExampleMap.umap'
[2025.07.17-01.56.49:147][712]LogSavePackage: Moving '../../../../../UTN-e-learning/Unreal-Engine/Unreal-Projects/TP_PreEntrega/Saved/ThirdPersonExampleMap_BuiltData30E126414D0C66855D976CBE5D37ECF6.tmp' to '../../../../../UTN-e-learning/Unreal-Engine/Unreal-Projects/TP_PreEntrega/Content/ThirdPersonBP/Maps/ThirdPersonExampleMap_BuiltData.uasset'
[2025.07.17-01.56.49:192][712]AssetCheck: New page: Asset Save: multiple assets
[2025.07.17-01.56.49:192][712]LogContentValidation: Display: Validating MapBuildDataRegistry /Game/ThirdPersonBP/Maps/ThirdPersonExampleMap_BuiltData.ThirdPersonExampleMap_BuiltData
[2025.07.17-01.56.49:192][712]LogContentValidation: Display: Validating World /Game/ThirdPersonBP/Maps/ThirdPersonExampleMap.ThirdPersonExampleMap
[2025.07.17-01.57.00:147][112]LogTemp: Repeating last play command: Selected Viewport
[2025.07.17-01.57.00:211][112]LogPlayLevel: PlayLevel: No blueprints needed recompiling
[2025.07.17-01.57.00:211][112]PIE: New page: PIE session: ThirdPersonExampleMap (Jul 16, 2025, 7:57:00 PM)
[2025.07.17-01.57.00:212][112]LogPlayLevel: Creating play world package: /Game/ThirdPersonBP/Maps/UEDPIE_0_ThirdPersonExampleMap
[2025.07.17-01.57.00:275][112]LogPlayLevel: PIE: StaticDuplicateObject took: (0.062712s)
[2025.07.17-01.57.00:277][112]LogAIModule: Creating AISystem for world ThirdPersonExampleMap
[2025.07.17-01.57.00:278][112]LogPlayLevel: PIE: World Init took: (0.002866s)
[2025.07.17-01.57.00:278][112]LogPlayLevel: PIE: Created PIE world by copying editor world from /Game/ThirdPersonBP/Maps/ThirdPersonExampleMap.ThirdPersonExampleMap to /Game/ThirdPersonBP/Maps/UEDPIE_0_ThirdPersonExampleMap.ThirdPersonExampleMap (0.066074s)
[2025.07.17-01.57.00:463][112]LogUObjectHash: Compacting FUObjectHashTables data took  15.96ms
[2025.07.17-01.57.00:470][112]LogAudio: Display: Creating Audio Device:                 Id: 27, Scope: Unique, Realtime: True
[2025.07.17-01.57.00:470][112]LogAudioMixer: Display: Audio Mixer Platform Settings:
[2025.07.17-01.57.00:470][112]LogAudioMixer: Display: 	Sample Rate:						  48000
[2025.07.17-01.57.00:471][112]LogAudioMixer: Display: 	Callback Buffer Frame Size Requested: 1024
[2025.07.17-01.57.00:471][112]LogAudioMixer: Display: 	Callback Buffer Frame Size To Use:	  1024
[2025.07.17-01.57.00:471][112]LogAudioMixer: Display: 	Number of buffers to queue:			  2
[2025.07.17-01.57.00:471][112]LogAudioMixer: Display: 	Max Channels (voices):				  32
[2025.07.17-01.57.00:471][112]LogAudioMixer: Display: 	Number of Async Source Workers:		  0
[2025.07.17-01.57.00:471][112]LogAudio: Display: AudioDevice MaxSources: 32
[2025.07.17-01.57.00:473][112]LogAudio: Display: Audio Spatialization Plugin: None (built-in).
[2025.07.17-01.57.00:473][112]LogAudio: Display: Audio Reverb Plugin: None (built-in).
[2025.07.17-01.57.00:473][112]LogAudio: Display: Audio Occlusion Plugin: None (built-in).
[2025.07.17-01.57.00:473][112]LogAudioMixer: Display: Initializing audio mixer.
[2025.07.17-01.57.00:491][112]LogAudioMixer: Display: 0: FrontLeft
[2025.07.17-01.57.00:492][112]LogAudioMixer: Display: 1: FrontRight
[2025.07.17-01.57.00:539][112]LogAudioMixer: Display: Using Audio Device Headphones (SOUNDPEATS Mini HS Stereo)
[2025.07.17-01.57.00:539][112]LogAudioMixer: Display: Initializing Sound Submixes...
[2025.07.17-01.57.00:539][112]LogAudioMixer: Display: Creating Master Submix 'MasterSubmixDefault'
[2025.07.17-01.57.00:540][112]LogAudioMixer: Display: Creating Master Submix 'MasterReverbSubmixDefault'
[2025.07.17-01.57.00:540][112]LogAudioMixer: Display: Creating Master Submix 'MasterEQSubmixDefault'
[2025.07.17-01.57.00:540][112]LogAudioMixer: FMixerPlatformXAudio2::StartAudioStream() called
[2025.07.17-01.57.00:540][112]LogAudioMixer: Display: Output buffers initialized: Frames=1024, Channels=2, Samples=2048
[2025.07.17-01.57.00:543][112]LogAudioMixer: Display: Starting AudioMixerPlatformInterface::RunInternal()
[2025.07.17-01.57.00:543][112]LogAudioMixer: Display: FMixerPlatformXAudio2::SubmitBuffer() called for the first time
[2025.07.17-01.57.00:543][112]LogInit: FAudioDevice initialized.
[2025.07.17-01.57.00:543][112]LogAudio: Display: Audio Device (ID: 27) registered with world 'ThirdPersonExampleMap'.
[2025.07.17-01.57.00:564][112]LogLoad: Game class is 'ReglasJuego_C'
[2025.07.17-01.57.00:587][112]LogWorld: Bringing World /Game/ThirdPersonBP/Maps/UEDPIE_0_ThirdPersonExampleMap.ThirdPersonExampleMap up for play (max tick rate 60) at 2025.07.16-22.57.00
[2025.07.17-01.57.00:587][112]LogWorld: Bringing up level for play took: 0.021914
[2025.07.17-01.57.00:588][112]LogOnline: OSS: Creating online subsystem instance for: :Context_67
[2025.07.17-01.57.00:592][112]LogBlueprintUserMessages: [plataforma_2] Buenas buenas!
[2025.07.17-01.57.00:597][112]PIE: Server logged in
[2025.07.17-01.57.00:598][112]PIE: Play in editor total start time 0.418 seconds.
[2025.07.17-01.57.03:230][205]LogBlueprintUserMessages: [bala_C_4] Le reste 25 al bad fella
[2025.07.17-01.57.03:231][205]LogBlueprintUserMessages: [bala_C_5] Le reste 25 al bad fella
[2025.07.17-01.57.04:347][243]LogBlueprintUserMessages: [bala_C_2] El peoncito perdio 10 de vida!!!!
[2025.07.17-01.57.06:531][313]LogBlueprintUserMessages: [bala_C_3] Le reste 25 al bad fella
[2025.07.17-01.57.09:256][412]LogBlueprintUserMessages: [bala_C_18] Le reste 25 al bad fella
[2025.07.17-01.57.10:844][465]LogBlueprintUserMessages: [bala_C_19] El peoncito perdio 10 de vida!!!!
[2025.07.17-01.57.13:109][547]LogBlueprintUserMessages: [bala_C_25] Le reste 50 al bad guy
[2025.07.17-01.57.13:760][566]LogBlueprintUserMessages: [bala_C_27] Le reste 50 al bad guy
[2025.07.17-01.57.13:789][567]LogBlueprintUserMessages: [bad_guy2_2] Bad guy  Destruido!
[2025.07.17-01.57.15:296][623]LogBlueprintUserMessages: [bala_C_36] Le reste 25 al bad fella
[2025.07.17-01.57.15:444][627]LogBlueprintUserMessages: [ReglasJuego_C_0] El puntaje subio!
[2025.07.17-01.57.15:444][627]LogBlueprintUserMessages: [ReglasJuego_C_0] 2
[2025.07.17-01.57.16:363][661]LogBlueprintUserMessages: [Curador_2] no te puedo curar porque tu vida es mayor a 80, volve cuando tengas menos!
[2025.07.17-01.57.18:167][730]LogBlueprintUserMessages: [bala_C_35] El peoncito perdio 10 de vida!!!!
[2025.07.17-01.57.21:324][849]LogBlueprintUserMessages: [bala_C_46] Le reste 25 al bad fella
[2025.07.17-01.57.21:359][850]LogBlueprintUserMessages: [bad_fella_2] Bad fella  Destruido!
[2025.07.17-01.57.22:168][872]LogBlueprintUserMessages: [bala_C_44] Le reste 25 a la torreta
[2025.07.17-01.57.22:168][872]LogBlueprintUserMessages: [Torreta_2] algo me ataveso!
[2025.07.17-01.57.22:606][888]LogBlueprintUserMessages: [bala_C_45] Le reste 25 a la torreta
[2025.07.17-01.57.22:606][888]LogBlueprintUserMessages: [Torreta_2] algo me ataveso!
[2025.07.17-01.57.22:630][889]LogBlueprintUserMessages: [Torreta_2] Torreta Destruida!
[2025.07.17-01.57.23:483][922]LogBlueprintUserMessages: [ReglasJuego_C_0] El puntaje subio!
[2025.07.17-01.57.23:483][922]LogBlueprintUserMessages: [ReglasJuego_C_0] 4
[2025.07.17-01.57.24:341][953]LogBlueprintUserMessages: [bala_C_52] Le reste 25 al bad fella
[2025.07.17-01.57.24:920][978]LogBlueprintUserMessages: [ReglasJuego_C_0] El puntaje subio!
[2025.07.17-01.57.24:921][978]LogBlueprintUserMessages: [ReglasJuego_C_0] 6
[2025.07.17-01.57.25:831][  9]LogBlueprintUserMessages: [ReglasJuego_C_0] El puntaje subio!
[2025.07.17-01.57.25:831][  9]LogBlueprintUserMessages: [ReglasJuego_C_0] 8
[2025.07.17-01.57.28:176][ 86]LogBlueprintUserMessages: [bala_C_56] Le reste 25 al bad fella
[2025.07.17-01.57.28:200][ 87]LogBlueprintUserMessages: [bad_fella2_2] Bad fella  Destruido!
[2025.07.17-01.57.32:100][236]LogBlueprintUserMessages: [bala_C_64] Le reste 25 a la torreta
[2025.07.17-01.57.32:101][236]LogBlueprintUserMessages: [Torreta2_5] algo me ataveso!
[2025.07.17-01.57.32:632][255]LogBlueprintUserMessages: [bala_C_66] Le reste 25 a la torreta
[2025.07.17-01.57.32:632][255]LogBlueprintUserMessages: [Torreta2_5] algo me ataveso!
[2025.07.17-01.57.32:671][256]LogBlueprintUserMessages: [Torreta2_5] Torreta Destruida!
[2025.07.17-01.57.33:447][281]LogBlueprintUserMessages: [bala_C_70] El peoncito perdio 10 de vida!!!!
[2025.07.17-01.57.33:477][282]LogBlueprintUserMessages: [bala_C_70] El peoncito perdio 10 de vida!!!!
[2025.07.17-01.57.33:507][283]LogBlueprintUserMessages: [bala_C_70] El peoncito perdio 10 de vida!!!!
[2025.07.17-01.57.33:540][284]LogBlueprintUserMessages: [bala_C_70] El peoncito perdio 10 de vida!!!!
[2025.07.17-01.57.33:567][285]LogBlueprintUserMessages: [bala_C_70] El peoncito perdio 10 de vida!!!!
[2025.07.17-01.57.33:598][286]LogBlueprintUserMessages: [bala_C_70] El peoncito perdio 10 de vida!!!!
[2025.07.17-01.57.34:522][314]LogBlueprintUserMessages: [bala_C_69] El peoncito perdio 10 de vida!!!!
[2025.07.17-01.57.34:522][314]LogBlueprintUserMessages: [ReglasJuego_C_0] El puntaje subio!
[2025.07.17-01.57.34:522][314]LogBlueprintUserMessages: [ReglasJuego_C_0] 10
[2025.07.17-01.57.34:526][314]LogBlueprintUserMessages: [peoncito_2] El peoncito murio
[2025.07.17-01.57.34:526][314]LogBlueprintUserMessages: [ReglasJuego_C_0] Noo, perdiste!
[2025.07.17-01.57.34:532][314]LogScript: Warning: Accessed None trying to read property K2Node_DynamicCast_AsPeoncito
	BarraVIda_C /Engine/Transient.UnrealEdEngine_0:GameInstance_25.BarraVIda_C_0
	Function /Game/ThirdPersonBP/Blueprints/blueprints/BarraVIda.BarraVIda_C:GetText_0:0099
[2025.07.17-01.57.34:533][314]PIE: Error: Blueprint Runtime Error: "Accessed None trying to read property K2Node_DynamicCast_AsPeoncito". Blueprint:  BarraVIda Function:  Get Text 0 Graph:  GetText_0 Node:  Return Node
[2025.07.17-01.57.34:556][315]LogNet: Browse: /Game/ThirdPersonBP/Maps/Perdiste_Level
[2025.07.17-01.57.34:556][315]LogLoad: LoadMap: /Game/ThirdPersonBP/Maps/Perdiste_Level
[2025.07.17-01.57.34:556][315]LogWorld: BeginTearingDown for /Game/ThirdPersonBP/Maps/UEDPIE_0_ThirdPersonExampleMap
[2025.07.17-01.57.34:557][315]LogWorld: UWorld::CleanupWorld for ThirdPersonExampleMap, bSessionEnded=true, bCleanupResources=true
[2025.07.17-01.57.34:561][315]LogSlate: InvalidateAllWidgets triggered.  All widgets were invalidated
[2025.07.17-01.57.34:721][315]LogAudio: Display: Audio Device unregistered from world 'None'.
[2025.07.17-01.57.34:733][315]LogUObjectHash: Compacting FUObjectHashTables data took   9.05ms
[2025.07.17-01.57.34:775][315]LogAudio: Display: Audio Device (ID: 27) registered with world 'Perdiste_Level'.
[2025.07.17-01.57.34:777][315]LogAIModule: Creating AISystem for world Perdiste_Level
[2025.07.17-01.57.34:777][315]LogLoad: Game class is 'ReglasJuego_C'
[2025.07.17-01.57.34:859][315]LogWorld: Bringing World /Game/ThirdPersonBP/Maps/UEDPIE_0_Perdiste_Level.Perdiste_Level up for play (max tick rate 60) at 2025.07.16-22.57.34
[2025.07.17-01.57.34:860][315]LogWorld: Bringing up level for play took: 0.080440
[2025.07.17-01.57.34:860][315]LogGameMode: FindPlayerStart: PATHS NOT DEFINED or NO PLAYERSTART with positive rating
[2025.07.17-01.57.34:863][315]LogBlueprintUserMessages: [plataforma_2] Buenas buenas!
[2025.07.17-01.57.34:864][315]LogLoad: Took 0.307387 seconds to LoadMap(/Game/ThirdPersonBP/Maps/Perdiste_Level)
[2025.07.17-01.57.34:870][315]PIE: Error: Blueprint Runtime Error: "Accessed None trying to read property K2Node_DynamicCast_AsPeoncito". Blueprint:  BarraVIda Function:  Get Text 0 Graph:  GetText_0 Node:  Return Node
[2025.07.17-01.57.34:949][316]PIE: Error: Blueprint Runtime Error: "Accessed None trying to read property K2Node_DynamicCast_AsPeoncito". Blueprint:  BarraVIda Function:  Get Text 0 Graph:  GetText_0 Node:  Return Node
[2025.07.17-01.57.34:971][317]PIE: Error: Blueprint Runtime Error: "Accessed None trying to read property K2Node_DynamicCast_AsPeoncito". Blueprint:  BarraVIda Function:  Get Text 0 Graph:  GetText_0 Node:  Return Node
[2025.07.17-01.57.34:992][318]PIE: Error: Blueprint Runtime Error: "Accessed None trying to read property K2Node_DynamicCast_AsPeoncito". Blueprint:  BarraVIda Function:  Get Text 0 Graph:  GetText_0 Node:  Return Node
[2025.07.17-01.57.35:012][319]PIE: Error: Blueprint Runtime Error: "Accessed None trying to read property K2Node_DynamicCast_AsPeoncito". Blueprint:  BarraVIda Function:  Get Text 0 Graph:  GetText_0 Node:  Return Node
[2025.07.17-01.57.35:033][320]PIE: Error: Blueprint Runtime Error: "Accessed None trying to read property K2Node_DynamicCast_AsPeoncito". Blueprint:  BarraVIda Function:  Get Text 0 Graph:  GetText_0 Node:  Return Node
[2025.07.17-01.57.35:054][321]PIE: Error: Blueprint Runtime Error: "Accessed None trying to read property K2Node_DynamicCast_AsPeoncito". Blueprint:  BarraVIda Function:  Get Text 0 Graph:  GetText_0 Node:  Return Node
[2025.07.17-01.57.35:079][322]PIE: Error: Blueprint Runtime Error: "Accessed None trying to read property K2Node_DynamicCast_AsPeoncito". Blueprint:  BarraVIda Function:  Get Text 0 Graph:  GetText_0 Node:  Return Node
[2025.07.17-01.57.35:109][323]PIE: Error: Blueprint Runtime Error: "Accessed None trying to read property K2Node_DynamicCast_AsPeoncito". Blueprint:  BarraVIda Function:  Get Text 0 Graph:  GetText_0 Node:  Return Node
[2025.07.17-01.57.35:136][324]PIE: Error: Blueprint Runtime Error: "Accessed None trying to read property K2Node_DynamicCast_AsPeoncito". Blueprint:  BarraVIda Function:  Get Text 0 Graph:  GetText_0 Node:  Return Node
[2025.07.17-01.57.35:161][325]PIE: Error: Blueprint Runtime Error: "Accessed None trying to read property K2Node_DynamicCast_AsPeoncito". Blueprint:  BarraVIda Function:  Get Text 0 Graph:  GetText_0 Node:  Return Node
[2025.07.17-01.57.35:183][326]PIE: Error: Blueprint Runtime Error: "Accessed None trying to read property K2Node_DynamicCast_AsPeoncito". Blueprint:  BarraVIda Function:  Get Text 0 Graph:  GetText_0 Node:  Return Node
[2025.07.17-01.57.35:201][327]PIE: Error: Blueprint Runtime Error: "Accessed None trying to read property K2Node_DynamicCast_AsPeoncito". Blueprint:  BarraVIda Function:  Get Text 0 Graph:  GetText_0 Node:  Return Node
[2025.07.17-01.57.35:222][328]PIE: Error: Blueprint Runtime Error: "Accessed None trying to read property K2Node_DynamicCast_AsPeoncito". Blueprint:  BarraVIda Function:  Get Text 0 Graph:  GetText_0 Node:  Return Node
[2025.07.17-01.57.35:242][329]PIE: Error: Blueprint Runtime Error: "Accessed None trying to read property K2Node_DynamicCast_AsPeoncito". Blueprint:  BarraVIda Function:  Get Text 0 Graph:  GetText_0 Node:  Return Node
[2025.07.17-01.57.35:260][330]PIE: Error: Blueprint Runtime Error: "Accessed None trying to read property K2Node_DynamicCast_AsPeoncito". Blueprint:  BarraVIda Function:  Get Text 0 Graph:  GetText_0 Node:  Return Node
[2025.07.17-01.57.35:280][331]PIE: Error: Blueprint Runtime Error: "Accessed None trying to read property K2Node_DynamicCast_AsPeoncito". Blueprint:  BarraVIda Function:  Get Text 0 Graph:  GetText_0 Node:  Return Node
[2025.07.17-01.57.35:300][332]PIE: Error: Blueprint Runtime Error: "Accessed None trying to read property K2Node_DynamicCast_AsPeoncito". Blueprint:  BarraVIda Function:  Get Text 0 Graph:  GetText_0 Node:  Return Node
[2025.07.17-01.57.35:322][333]PIE: Error: Blueprint Runtime Error: "Accessed None trying to read property K2Node_DynamicCast_AsPeoncito". Blueprint:  BarraVIda Function:  Get Text 0 Graph:  GetText_0 Node:  Return Node
[2025.07.17-01.57.35:341][334]PIE: Error: Blueprint Runtime Error: "Accessed None trying to read property K2Node_DynamicCast_AsPeoncito". Blueprint:  BarraVIda Function:  Get Text 0 Graph:  GetText_0 Node:  Return Node
[2025.07.17-01.57.35:361][335]PIE: Error: Blueprint Runtime Error: "Accessed None trying to read property K2Node_DynamicCast_AsPeoncito". Blueprint:  BarraVIda Function:  Get Text 0 Graph:  GetText_0 Node:  Return Node
[2025.07.17-01.57.35:381][336]PIE: Error: Blueprint Runtime Error: "Accessed None trying to read property K2Node_DynamicCast_AsPeoncito". Blueprint:  BarraVIda Function:  Get Text 0 Graph:  GetText_0 Node:  Return Node
[2025.07.17-01.57.35:401][337]PIE: Error: Blueprint Runtime Error: "Accessed None trying to read property K2Node_DynamicCast_AsPeoncito". Blueprint:  BarraVIda Function:  Get Text 0 Graph:  GetText_0 Node:  Return Node
[2025.07.17-01.57.35:423][338]PIE: Error: Blueprint Runtime Error: "Accessed None trying to read property K2Node_DynamicCast_AsPeoncito". Blueprint:  BarraVIda Function:  Get Text 0 Graph:  GetText_0 Node:  Return Node
[2025.07.17-01.57.35:443][339]PIE: Error: Blueprint Runtime Error: "Accessed None trying to read property K2Node_DynamicCast_AsPeoncito". Blueprint:  BarraVIda Function:  Get Text 0 Graph:  GetText_0 Node:  Return Node
[2025.07.17-01.57.35:461][340]PIE: Error: Blueprint Runtime Error: "Accessed None trying to read property K2Node_DynamicCast_AsPeoncito". Blueprint:  BarraVIda Function:  Get Text 0 Graph:  GetText_0 Node:  Return Node
[2025.07.17-01.57.35:481][341]PIE: Error: Blueprint Runtime Error: "Accessed None trying to read property K2Node_DynamicCast_AsPeoncito". Blueprint:  BarraVIda Function:  Get Text 0 Graph:  GetText_0 Node:  Return Node
[2025.07.17-01.57.35:501][342]PIE: Error: Blueprint Runtime Error: "Accessed None trying to read property K2Node_DynamicCast_AsPeoncito". Blueprint:  BarraVIda Function:  Get Text 0 Graph:  GetText_0 Node:  Return Node
[2025.07.17-01.57.35:524][343]PIE: Error: Blueprint Runtime Error: "Accessed None trying to read property K2Node_DynamicCast_AsPeoncito". Blueprint:  BarraVIda Function:  Get Text 0 Graph:  GetText_0 Node:  Return Node
[2025.07.17-01.57.35:545][344]PIE: Error: Blueprint Runtime Error: "Accessed None trying to read property K2Node_DynamicCast_AsPeoncito". Blueprint:  BarraVIda Function:  Get Text 0 Graph:  GetText_0 Node:  Return Node
[2025.07.17-01.57.35:565][345]PIE: Error: Blueprint Runtime Error: "Accessed None trying to read property K2Node_DynamicCast_AsPeoncito". Blueprint:  BarraVIda Function:  Get Text 0 Graph:  GetText_0 Node:  Return Node
[2025.07.17-01.57.35:586][346]PIE: Error: Blueprint Runtime Error: "Accessed None trying to read property K2Node_DynamicCast_AsPeoncito". Blueprint:  BarraVIda Function:  Get Text 0 Graph:  GetText_0 Node:  Return Node
[2025.07.17-01.57.35:608][347]PIE: Error: Blueprint Runtime Error: "Accessed None trying to read property K2Node_DynamicCast_AsPeoncito". Blueprint:  BarraVIda Function:  Get Text 0 Graph:  GetText_0 Node:  Return Node
[2025.07.17-01.57.35:629][348]PIE: Error: Blueprint Runtime Error: "Accessed None trying to read property K2Node_DynamicCast_AsPeoncito". Blueprint:  BarraVIda Function:  Get Text 0 Graph:  GetText_0 Node:  Return Node
[2025.07.17-01.57.35:651][349]PIE: Error: Blueprint Runtime Error: "Accessed None trying to read property K2Node_DynamicCast_AsPeoncito". Blueprint:  BarraVIda Function:  Get Text 0 Graph:  GetText_0 Node:  Return Node
[2025.07.17-01.57.35:675][350]PIE: Error: Blueprint Runtime Error: "Accessed None trying to read property K2Node_DynamicCast_AsPeoncito". Blueprint:  BarraVIda Function:  Get Text 0 Graph:  GetText_0 Node:  Return Node
[2025.07.17-01.57.35:695][351]PIE: Error: Blueprint Runtime Error: "Accessed None trying to read property K2Node_DynamicCast_AsPeoncito". Blueprint:  BarraVIda Function:  Get Text 0 Graph:  GetText_0 Node:  Return Node
[2025.07.17-01.57.35:716][352]PIE: Error: Blueprint Runtime Error: "Accessed None trying to read property K2Node_DynamicCast_AsPeoncito". Blueprint:  BarraVIda Function:  Get Text 0 Graph:  GetText_0 Node:  Return Node
[2025.07.17-01.57.35:738][353]PIE: Error: Blueprint Runtime Error: "Accessed None trying to read property K2Node_DynamicCast_AsPeoncito". Blueprint:  BarraVIda Function:  Get Text 0 Graph:  GetText_0 Node:  Return Node
[2025.07.17-01.57.35:760][354]PIE: Error: Blueprint Runtime Error: "Accessed None trying to read property K2Node_DynamicCast_AsPeoncito". Blueprint:  BarraVIda Function:  Get Text 0 Graph:  GetText_0 Node:  Return Node
[2025.07.17-01.57.35:780][355]PIE: Error: Blueprint Runtime Error: "Accessed None trying to read property K2Node_DynamicCast_AsPeoncito". Blueprint:  BarraVIda Function:  Get Text 0 Graph:  GetText_0 Node:  Return Node
[2025.07.17-01.57.35:800][356]PIE: Error: Blueprint Runtime Error: "Accessed None trying to read property K2Node_DynamicCast_AsPeoncito". Blueprint:  BarraVIda Function:  Get Text 0 Graph:  GetText_0 Node:  Return Node
[2025.07.17-01.57.35:820][357]PIE: Error: Blueprint Runtime Error: "Accessed None trying to read property K2Node_DynamicCast_AsPeoncito". Blueprint:  BarraVIda Function:  Get Text 0 Graph:  GetText_0 Node:  Return Node
[2025.07.17-01.57.35:843][358]PIE: Error: Blueprint Runtime Error: "Accessed None trying to read property K2Node_DynamicCast_AsPeoncito". Blueprint:  BarraVIda Function:  Get Text 0 Graph:  GetText_0 Node:  Return Node
[2025.07.17-01.57.35:862][359]PIE: Error: Blueprint Runtime Error: "Accessed None trying to read property K2Node_DynamicCast_AsPeoncito". Blueprint:  BarraVIda Function:  Get Text 0 Graph:  GetText_0 Node:  Return Node
[2025.07.17-01.57.35:883][360]PIE: Error: Blueprint Runtime Error: "Accessed None trying to read property K2Node_DynamicCast_AsPeoncito". Blueprint:  BarraVIda Function:  Get Text 0 Graph:  GetText_0 Node:  Return Node
[2025.07.17-01.57.35:909][361]PIE: Error: Blueprint Runtime Error: "Accessed None trying to read property K2Node_DynamicCast_AsPeoncito". Blueprint:  BarraVIda Function:  Get Text 0 Graph:  GetText_0 Node:  Return Node
[2025.07.17-01.57.35:934][362]PIE: Error: Blueprint Runtime Error: "Accessed None trying to read property K2Node_DynamicCast_AsPeoncito". Blueprint:  BarraVIda Function:  Get Text 0 Graph:  GetText_0 Node:  Return Node
[2025.07.17-01.57.35:966][363]PIE: Error: Blueprint Runtime Error: "Accessed None trying to read property K2Node_DynamicCast_AsPeoncito". Blueprint:  BarraVIda Function:  Get Text 0 Graph:  GetText_0 Node:  Return Node
[2025.07.17-01.57.35:997][364]PIE: Error: Blueprint Runtime Error: "Accessed None trying to read property K2Node_DynamicCast_AsPeoncito". Blueprint:  BarraVIda Function:  Get Text 0 Graph:  GetText_0 Node:  Return Node
[2025.07.17-01.57.36:026][365]PIE: Error: Blueprint Runtime Error: "Accessed None trying to read property K2Node_DynamicCast_AsPeoncito". Blueprint:  BarraVIda Function:  Get Text 0 Graph:  GetText_0 Node:  Return Node
[2025.07.17-01.57.36:052][366]PIE: Error: Blueprint Runtime Error: "Accessed None trying to read property K2Node_DynamicCast_AsPeoncito". Blueprint:  BarraVIda Function:  Get Text 0 Graph:  GetText_0 Node:  Return Node
[2025.07.17-01.57.36:083][367]PIE: Error: Blueprint Runtime Error: "Accessed None trying to read property K2Node_DynamicCast_AsPeoncito". Blueprint:  BarraVIda Function:  Get Text 0 Graph:  GetText_0 Node:  Return Node
[2025.07.17-01.57.36:114][368]PIE: Error: Blueprint Runtime Error: "Accessed None trying to read property K2Node_DynamicCast_AsPeoncito". Blueprint:  BarraVIda Function:  Get Text 0 Graph:  GetText_0 Node:  Return Node
[2025.07.17-01.57.36:146][369]PIE: Error: Blueprint Runtime Error: "Accessed None trying to read property K2Node_DynamicCast_AsPeoncito". Blueprint:  BarraVIda Function:  Get Text 0 Graph:  GetText_0 Node:  Return Node
[2025.07.17-01.57.36:177][370]PIE: Error: Blueprint Runtime Error: "Accessed None trying to read property K2Node_DynamicCast_AsPeoncito". Blueprint:  BarraVIda Function:  Get Text 0 Graph:  GetText_0 Node:  Return Node
[2025.07.17-01.57.36:206][371]PIE: Error: Blueprint Runtime Error: "Accessed None trying to read property K2Node_DynamicCast_AsPeoncito". Blueprint:  BarraVIda Function:  Get Text 0 Graph:  GetText_0 Node:  Return Node
[2025.07.17-01.57.36:230][372]PIE: Error: Blueprint Runtime Error: "Accessed None trying to read property K2Node_DynamicCast_AsPeoncito". Blueprint:  BarraVIda Function:  Get Text 0 Graph:  GetText_0 Node:  Return Node
[2025.07.17-01.57.36:262][373]PIE: Error: Blueprint Runtime Error: "Accessed None trying to read property K2Node_DynamicCast_AsPeoncito". Blueprint:  BarraVIda Function:  Get Text 0 Graph:  GetText_0 Node:  Return Node
[2025.07.17-01.57.36:290][374]PIE: Error: Blueprint Runtime Error: "Accessed None trying to read property K2Node_DynamicCast_AsPeoncito". Blueprint:  BarraVIda Function:  Get Text 0 Graph:  GetText_0 Node:  Return Node
[2025.07.17-01.57.36:318][375]PIE: Error: Blueprint Runtime Error: "Accessed None trying to read property K2Node_DynamicCast_AsPeoncito". Blueprint:  BarraVIda Function:  Get Text 0 Graph:  GetText_0 Node:  Return Node
[2025.07.17-01.57.36:351][376]PIE: Error: Blueprint Runtime Error: "Accessed None trying to read property K2Node_DynamicCast_AsPeoncito". Blueprint:  BarraVIda Function:  Get Text 0 Graph:  GetText_0 Node:  Return Node
[2025.07.17-01.57.36:382][377]PIE: Error: Blueprint Runtime Error: "Accessed None trying to read property K2Node_DynamicCast_AsPeoncito". Blueprint:  BarraVIda Function:  Get Text 0 Graph:  GetText_0 Node:  Return Node
[2025.07.17-01.57.36:409][378]PIE: Error: Blueprint Runtime Error: "Accessed None trying to read property K2Node_DynamicCast_AsPeoncito". Blueprint:  BarraVIda Function:  Get Text 0 Graph:  GetText_0 Node:  Return Node
[2025.07.17-01.57.36:430][379]PIE: Error: Blueprint Runtime Error: "Accessed None trying to read property K2Node_DynamicCast_AsPeoncito". Blueprint:  BarraVIda Function:  Get Text 0 Graph:  GetText_0 Node:  Return Node
[2025.07.17-01.57.36:458][380]PIE: Error: Blueprint Runtime Error: "Accessed None trying to read property K2Node_DynamicCast_AsPeoncito". Blueprint:  BarraVIda Function:  Get Text 0 Graph:  GetText_0 Node:  Return Node
[2025.07.17-01.57.36:484][381]PIE: Error: Blueprint Runtime Error: "Accessed None trying to read property K2Node_DynamicCast_AsPeoncito". Blueprint:  BarraVIda Function:  Get Text 0 Graph:  GetText_0 Node:  Return Node
[2025.07.17-01.57.36:512][382]PIE: Error: Blueprint Runtime Error: "Accessed None trying to read property K2Node_DynamicCast_AsPeoncito". Blueprint:  BarraVIda Function:  Get Text 0 Graph:  GetText_0 Node:  Return Node
[2025.07.17-01.57.36:544][383]PIE: Error: Blueprint Runtime Error: "Accessed None trying to read property K2Node_DynamicCast_AsPeoncito". Blueprint:  BarraVIda Function:  Get Text 0 Graph:  GetText_0 Node:  Return Node
[2025.07.17-01.57.36:570][384]PIE: Error: Blueprint Runtime Error: "Accessed None trying to read property K2Node_DynamicCast_AsPeoncito". Blueprint:  BarraVIda Function:  Get Text 0 Graph:  GetText_0 Node:  Return Node
[2025.07.17-01.57.36:596][385]PIE: Error: Blueprint Runtime Error: "Accessed None trying to read property K2Node_DynamicCast_AsPeoncito". Blueprint:  BarraVIda Function:  Get Text 0 Graph:  GetText_0 Node:  Return Node
[2025.07.17-01.57.36:617][386]PIE: Error: Blueprint Runtime Error: "Accessed None trying to read property K2Node_DynamicCast_AsPeoncito". Blueprint:  BarraVIda Function:  Get Text 0 Graph:  GetText_0 Node:  Return Node
[2025.07.17-01.57.36:638][387]PIE: Error: Blueprint Runtime Error: "Accessed None trying to read property K2Node_DynamicCast_AsPeoncito". Blueprint:  BarraVIda Function:  Get Text 0 Graph:  GetText_0 Node:  Return Node
[2025.07.17-01.57.36:660][388]PIE: Error: Blueprint Runtime Error: "Accessed None trying to read property K2Node_DynamicCast_AsPeoncito". Blueprint:  BarraVIda Function:  Get Text 0 Graph:  GetText_0 Node:  Return Node
[2025.07.17-01.57.36:680][389]PIE: Error: Blueprint Runtime Error: "Accessed None trying to read property K2Node_DynamicCast_AsPeoncito". Blueprint:  BarraVIda Function:  Get Text 0 Graph:  GetText_0 Node:  Return Node
[2025.07.17-01.57.36:702][390]PIE: Error: Blueprint Runtime Error: "Accessed None trying to read property K2Node_DynamicCast_AsPeoncito". Blueprint:  BarraVIda Function:  Get Text 0 Graph:  GetText_0 Node:  Return Node
[2025.07.17-01.57.36:724][391]PIE: Error: Blueprint Runtime Error: "Accessed None trying to read property K2Node_DynamicCast_AsPeoncito". Blueprint:  BarraVIda Function:  Get Text 0 Graph:  GetText_0 Node:  Return Node
[2025.07.17-01.57.36:746][392]PIE: Error: Blueprint Runtime Error: "Accessed None trying to read property K2Node_DynamicCast_AsPeoncito". Blueprint:  BarraVIda Function:  Get Text 0 Graph:  GetText_0 Node:  Return Node
[2025.07.17-01.57.36:766][393]PIE: Error: Blueprint Runtime Error: "Accessed None trying to read property K2Node_DynamicCast_AsPeoncito". Blueprint:  BarraVIda Function:  Get Text 0 Graph:  GetText_0 Node:  Return Node
[2025.07.17-01.57.36:788][394]PIE: Error: Blueprint Runtime Error: "Accessed None trying to read property K2Node_DynamicCast_AsPeoncito". Blueprint:  BarraVIda Function:  Get Text 0 Graph:  GetText_0 Node:  Return Node
[2025.07.17-01.57.36:811][395]PIE: Error: Blueprint Runtime Error: "Accessed None trying to read property K2Node_DynamicCast_AsPeoncito". Blueprint:  BarraVIda Function:  Get Text 0 Graph:  GetText_0 Node:  Return Node
[2025.07.17-01.57.36:832][396]PIE: Error: Blueprint Runtime Error: "Accessed None trying to read property K2Node_DynamicCast_AsPeoncito". Blueprint:  BarraVIda Function:  Get Text 0 Graph:  GetText_0 Node:  Return Node
[2025.07.17-01.57.36:855][397]PIE: Error: Blueprint Runtime Error: "Accessed None trying to read property K2Node_DynamicCast_AsPeoncito". Blueprint:  BarraVIda Function:  Get Text 0 Graph:  GetText_0 Node:  Return Node
[2025.07.17-01.57.36:924][398]LogSlate: Updating window title bar state: overlay mode, drag disabled, window buttons hidden, title bar hidden
[2025.07.17-01.57.36:924][398]LogWorld: BeginTearingDown for /Game/ThirdPersonBP/Maps/UEDPIE_0_Perdiste_Level
[2025.07.17-01.57.36:924][398]LogWorld: UWorld::CleanupWorld for Perdiste_Level, bSessionEnded=true, bCleanupResources=true
[2025.07.17-01.57.36:926][398]LogSlate: InvalidateAllWidgets triggered.  All widgets were invalidated
[2025.07.17-01.57.36:939][398]LogPlayLevel: Display: Shutting down PIE online subsystems
[2025.07.17-01.57.36:965][398]LogSlate: InvalidateAllWidgets triggered.  All widgets were invalidated
[2025.07.17-01.57.37:059][398]LogAudio: Display: Audio Device unregistered from world 'None'.
[2025.07.17-01.57.37:060][398]LogAudioMixer: FMixerPlatformXAudio2::StopAudioStream() called
[2025.07.17-01.57.37:062][398]LogAudioMixer: FMixerPlatformXAudio2::StopAudioStream() called
[2025.07.17-01.57.37:067][398]LogSlate: Updating window title bar state: overlay mode, drag disabled, window buttons hidden, title bar hidden
[2025.07.17-01.57.37:080][398]LogUObjectHash: Compacting FUObjectHashTables data took   8.57ms
[2025.07.17-01.57.37:348][399]LogPlayLevel: Display: Destroying online subsystem :Context_67
[2025.07.17-01.57.38:894][442]LogSlate: Window 'Message Log' being destroyed
[2025.07.17-01.57.38:923][442]LogSlate: Window 'Message Log' being destroyed
[2025.07.17-01.57.39:746][465]LogTemp: Repeating last play command: Selected Viewport
[2025.07.17-01.57.39:797][465]LogPlayLevel: PlayLevel: No blueprints needed recompiling
[2025.07.17-01.57.39:798][465]PIE: New page: PIE session: ThirdPersonExampleMap (Jul 16, 2025, 7:57:39 PM)
[2025.07.17-01.57.39:798][465]LogPlayLevel: Creating play world package: /Game/ThirdPersonBP/Maps/UEDPIE_0_ThirdPersonExampleMap
[2025.07.17-01.57.39:849][465]LogPlayLevel: PIE: StaticDuplicateObject took: (0.050894s)
[2025.07.17-01.57.39:852][465]LogAIModule: Creating AISystem for world ThirdPersonExampleMap
[2025.07.17-01.57.39:853][465]LogPlayLevel: PIE: World Init took: (0.003371s)
[2025.07.17-01.57.39:853][465]LogPlayLevel: PIE: Created PIE world by copying editor world from /Game/ThirdPersonBP/Maps/ThirdPersonExampleMap.ThirdPersonExampleMap to /Game/ThirdPersonBP/Maps/UEDPIE_0_ThirdPersonExampleMap.ThirdPersonExampleMap (0.054766s)
[2025.07.17-01.57.39:993][465]LogUObjectHash: Compacting FUObjectHashTables data took  10.47ms
[2025.07.17-01.57.39:996][465]LogAudio: Display: Creating Audio Device:                 Id: 28, Scope: Unique, Realtime: True
[2025.07.17-01.57.39:996][465]LogAudioMixer: Display: Audio Mixer Platform Settings:
[2025.07.17-01.57.39:996][465]LogAudioMixer: Display: 	Sample Rate:						  48000
[2025.07.17-01.57.39:996][465]LogAudioMixer: Display: 	Callback Buffer Frame Size Requested: 1024
[2025.07.17-01.57.39:996][465]LogAudioMixer: Display: 	Callback Buffer Frame Size To Use:	  1024
[2025.07.17-01.57.39:996][465]LogAudioMixer: Display: 	Number of buffers to queue:			  2
[2025.07.17-01.57.39:996][465]LogAudioMixer: Display: 	Max Channels (voices):				  32
[2025.07.17-01.57.39:996][465]LogAudioMixer: Display: 	Number of Async Source Workers:		  0
[2025.07.17-01.57.39:996][465]LogAudio: Display: AudioDevice MaxSources: 32
[2025.07.17-01.57.39:997][465]LogAudio: Display: Audio Spatialization Plugin: None (built-in).
[2025.07.17-01.57.39:997][465]LogAudio: Display: Audio Reverb Plugin: None (built-in).
[2025.07.17-01.57.39:997][465]LogAudio: Display: Audio Occlusion Plugin: None (built-in).
[2025.07.17-01.57.39:997][465]LogAudioMixer: Display: Initializing audio mixer.
[2025.07.17-01.57.40:006][465]LogAudioMixer: Display: 0: FrontLeft
[2025.07.17-01.57.40:006][465]LogAudioMixer: Display: 1: FrontRight
[2025.07.17-01.57.40:032][465]LogAudioMixer: Display: Using Audio Device Headphones (SOUNDPEATS Mini HS Stereo)
[2025.07.17-01.57.40:033][465]LogAudioMixer: Display: Initializing Sound Submixes...
[2025.07.17-01.57.40:033][465]LogAudioMixer: Display: Creating Master Submix 'MasterSubmixDefault'
[2025.07.17-01.57.40:033][465]LogAudioMixer: Display: Creating Master Submix 'MasterReverbSubmixDefault'
[2025.07.17-01.57.40:034][465]LogAudioMixer: Display: Creating Master Submix 'MasterEQSubmixDefault'
[2025.07.17-01.57.40:034][465]LogAudioMixer: FMixerPlatformXAudio2::StartAudioStream() called
[2025.07.17-01.57.40:034][465]LogAudioMixer: Display: Output buffers initialized: Frames=1024, Channels=2, Samples=2048
[2025.07.17-01.57.40:035][465]LogAudioMixer: Display: Starting AudioMixerPlatformInterface::RunInternal()
[2025.07.17-01.57.40:035][465]LogAudioMixer: Display: FMixerPlatformXAudio2::SubmitBuffer() called for the first time
[2025.07.17-01.57.40:035][465]LogInit: FAudioDevice initialized.
[2025.07.17-01.57.40:035][465]LogAudio: Display: Audio Device (ID: 28) registered with world 'ThirdPersonExampleMap'.
[2025.07.17-01.57.40:046][465]LogLoad: Game class is 'ReglasJuego_C'
[2025.07.17-01.57.40:058][465]LogWorld: Bringing World /Game/ThirdPersonBP/Maps/UEDPIE_0_ThirdPersonExampleMap.ThirdPersonExampleMap up for play (max tick rate 60) at 2025.07.16-22.57.40
[2025.07.17-01.57.40:059][465]LogWorld: Bringing up level for play took: 0.010891
[2025.07.17-01.57.40:059][465]LogOnline: OSS: Creating online subsystem instance for: :Context_68
[2025.07.17-01.57.40:062][465]LogBlueprintUserMessages: [plataforma_2] Buenas buenas!
[2025.07.17-01.57.40:065][465]PIE: Server logged in
[2025.07.17-01.57.40:066][465]PIE: Play in editor total start time 0.296 seconds.
[2025.07.17-01.57.42:734][563]LogBlueprintUserMessages: [bala_C_5] Le reste 25 al bad fella
[2025.07.17-01.57.43:298][583]LogBlueprintUserMessages: [ReglasJuego_C_0] El puntaje subio!
[2025.07.17-01.57.43:298][583]LogBlueprintUserMessages: [ReglasJuego_C_0] 2
[2025.07.17-01.57.46:628][718]LogBlueprintUserMessages: [bala_C_12] El peoncito perdio 10 de vida!!!!
[2025.07.17-01.57.47:552][751]LogBlueprintUserMessages: [bala_C_15] Le reste 50 al bad guy
[2025.07.17-01.57.47:788][761]LogBlueprintUserMessages: [bala_C_18] Le reste 50 al bad guy
[2025.07.17-01.57.47:813][762]LogBlueprintUserMessages: [bad_guy2_2] Bad guy  Destruido!
[2025.07.17-01.57.47:813][762]LogScript: Warning: FLatentActionManager::ProcessLatentActions: CallbackTarget is None.
[2025.07.17-01.57.51:768][919]LogBlueprintUserMessages: [bala_C_30] Le reste 25 al bad fella
[2025.07.17-01.57.52:128][932]LogBlueprintUserMessages: [bala_C_24] Le reste 25 a la torreta
[2025.07.17-01.57.52:128][932]LogBlueprintUserMessages: [Torreta_2] algo me ataveso!
[2025.07.17-01.57.52:761][954]LogBlueprintUserMessages: [bala_C_25] Le reste 25 a la torreta
[2025.07.17-01.57.52:761][954]LogBlueprintUserMessages: [Torreta_2] algo me ataveso!
[2025.07.17-01.57.52:782][955]LogBlueprintUserMessages: [Torreta_2] Torreta Destruida!
[2025.07.17-01.57.54:621][ 27]LogBlueprintUserMessages: [ReglasJuego_C_0] El puntaje subio!
[2025.07.17-01.57.54:621][ 27]LogBlueprintUserMessages: [ReglasJuego_C_0] 4
[2025.07.17-01.57.55:095][ 47]LogBlueprintUserMessages: [ReglasJuego_C_0] El puntaje subio!
[2025.07.17-01.57.55:095][ 47]LogBlueprintUserMessages: [ReglasJuego_C_0] 6
[2025.07.17-01.57.56:589][105]LogBlueprintUserMessages: [ReglasJuego_C_0] El puntaje subio!
[2025.07.17-01.57.56:589][105]LogBlueprintUserMessages: [ReglasJuego_C_0] 8
[2025.07.17-01.57.57:782][149]LogBlueprintUserMessages: [bala_C_38] Le reste 25 al bad fella
[2025.07.17-01.57.57:783][149]LogBlueprintUserMessages: [bala_C_39] Le reste 25 al bad fella
[2025.07.17-01.57.58:534][178]LogBlueprintUserMessages: [bala_C_38] El peoncito perdio 10 de vida!!!!
[2025.07.17-01.57.58:558][179]LogBlueprintUserMessages: [bala_C_38] El peoncito perdio 10 de vida!!!!
[2025.07.17-01.57.58:685][184]LogBlueprintUserMessages: [bala_C_41] Le reste 25 al bad fella
[2025.07.17-01.57.58:978][194]LogBlueprintUserMessages: [bala_C_38] El peoncito perdio 10 de vida!!!!
[2025.07.17-01.57.59:119][198]LogBlueprintUserMessages: [bala_C_42] Le reste 25 al bad fella
[2025.07.17-01.57.59:812][224]LogBlueprintUserMessages: [bala_C_43] Le reste 25 al bad fella
[2025.07.17-01.57.59:837][225]LogBlueprintUserMessages: [bad_fella2_2] Bad fella  Destruido!
[2025.07.17-01.58.03:739][369]LogBlueprintUserMessages: [bala_C_51] Le reste 25 a la torreta
[2025.07.17-01.58.03:739][369]LogBlueprintUserMessages: [Torreta2_5] algo me ataveso!
[2025.07.17-01.58.03:806][372]LogBlueprintUserMessages: [bala_C_53] Le reste 25 al bad fella
[2025.07.17-01.58.03:829][373]LogBlueprintUserMessages: [bad_fella_2] Bad fella  Destruido!
[2025.07.17-01.58.04:229][387]LogBlueprintUserMessages: [bala_C_52] Le reste 25 a la torreta
[2025.07.17-01.58.04:229][387]LogBlueprintUserMessages: [Torreta2_5] algo me ataveso!
[2025.07.17-01.58.04:268][388]LogBlueprintUserMessages: [Torreta2_5] Torreta Destruida!
[2025.07.17-01.58.05:470][435]LogBlueprintUserMessages: [bala_C_53] El peoncito perdio 10 de vida!!!!
[2025.07.17-01.58.05:491][436]LogBlueprintUserMessages: [bala_C_53] El peoncito perdio 10 de vida!!!!
[2025.07.17-01.58.06:840][481]LogBlueprintUserMessages: [ReglasJuego_C_0] El puntaje subio!
[2025.07.17-01.58.06:841][481]LogBlueprintUserMessages: [ReglasJuego_C_0] 10
[2025.07.17-01.58.07:547][513]LogBlueprintUserMessages: [ReglasJuego_C_0] El puntaje subio!
[2025.07.17-01.58.07:548][513]LogBlueprintUserMessages: [ReglasJuego_C_0] 12
[2025.07.17-01.58.08:384][542]LogBlueprintUserMessages: [ReglasJuego_C_0] El puntaje subio!
[2025.07.17-01.58.08:384][542]LogBlueprintUserMessages: [ReglasJuego_C_0] 14
[2025.07.17-01.58.09:172][571]LogBlueprintUserMessages: [ReglasJuego_C_0] El puntaje subio!
[2025.07.17-01.58.09:172][571]LogBlueprintUserMessages: [ReglasJuego_C_0] 16
[2025.07.17-01.58.10:381][613]LogBlueprintUserMessages: [bala_C_59] El peoncito perdio 10 de vida!!!!
[2025.07.17-01.58.13:411][740]LogBlueprintUserMessages: [bala_C_65] Le reste 25 a la torreta
[2025.07.17-01.58.13:411][740]LogBlueprintUserMessages: [Torreta3_2] algo me ataveso!
[2025.07.17-01.58.13:734][753]LogBlueprintUserMessages: [bala_C_66] Le reste 25 a la torreta
[2025.07.17-01.58.13:734][753]LogBlueprintUserMessages: [Torreta3_2] algo me ataveso!
[2025.07.17-01.58.13:735][753]LogBlueprintUserMessages: [Torreta3_2] Torreta Destruida!
[2025.07.17-01.58.13:901][758]LogBlueprintUserMessages: [bala_C_70] El peoncito perdio 10 de vida!!!!
[2025.07.17-01.58.13:939][759]LogBlueprintUserMessages: [bala_C_70] El peoncito perdio 10 de vida!!!!
[2025.07.17-01.58.13:971][760]LogBlueprintUserMessages: [bala_C_70] El peoncito perdio 10 de vida!!!!
[2025.07.17-01.58.13:975][760]LogBlueprintUserMessages: [peoncito_2] El peoncito murio
[2025.07.17-01.58.13:976][760]LogBlueprintUserMessages: [ReglasJuego_C_0] Noo, perdiste!
[2025.07.17-01.58.13:981][760]LogScript: Warning: Accessed None trying to read property K2Node_DynamicCast_AsPeoncito
	BarraVIda_C /Engine/Transient.UnrealEdEngine_0:GameInstance_26.BarraVIda_C_0
	Function /Game/ThirdPersonBP/Blueprints/blueprints/BarraVIda.BarraVIda_C:GetText_0:0099
[2025.07.17-01.58.13:981][760]PIE: Error: Blueprint Runtime Error: "Accessed None trying to read property K2Node_DynamicCast_AsPeoncito". Blueprint:  BarraVIda Function:  Get Text 0 Graph:  GetText_0 Node:  Return Node
[2025.07.17-01.58.14:003][761]LogNet: Browse: /Game/ThirdPersonBP/Maps/Perdiste_Level
[2025.07.17-01.58.14:003][761]LogLoad: LoadMap: /Game/ThirdPersonBP/Maps/Perdiste_Level
[2025.07.17-01.58.14:003][761]LogWorld: BeginTearingDown for /Game/ThirdPersonBP/Maps/UEDPIE_0_ThirdPersonExampleMap
[2025.07.17-01.58.14:005][761]LogWorld: UWorld::CleanupWorld for ThirdPersonExampleMap, bSessionEnded=true, bCleanupResources=true
[2025.07.17-01.58.14:008][761]LogSlate: InvalidateAllWidgets triggered.  All widgets were invalidated
[2025.07.17-01.58.14:150][761]LogAudio: Display: Audio Device unregistered from world 'None'.
[2025.07.17-01.58.14:161][761]LogUObjectHash: Compacting FUObjectHashTables data took   7.74ms
[2025.07.17-01.58.14:198][761]LogAudio: Display: Audio Device (ID: 28) registered with world 'Perdiste_Level'.
[2025.07.17-01.58.14:202][761]LogAIModule: Creating AISystem for world Perdiste_Level
[2025.07.17-01.58.14:203][761]LogLoad: Game class is 'ReglasJuego_C'
[2025.07.17-01.58.14:308][761]LogWorld: Bringing World /Game/ThirdPersonBP/Maps/UEDPIE_0_Perdiste_Level.Perdiste_Level up for play (max tick rate 60) at 2025.07.16-22.58.14
[2025.07.17-01.58.14:308][761]LogWorld: Bringing up level for play took: 0.101921
[2025.07.17-01.58.14:309][761]LogGameMode: FindPlayerStart: PATHS NOT DEFINED or NO PLAYERSTART with positive rating
[2025.07.17-01.58.14:313][761]LogBlueprintUserMessages: [plataforma_2] Buenas buenas!
[2025.07.17-01.58.14:315][761]LogLoad: Took 0.311602 seconds to LoadMap(/Game/ThirdPersonBP/Maps/Perdiste_Level)
[2025.07.17-01.58.14:325][761]PIE: Error: Blueprint Runtime Error: "Accessed None trying to read property K2Node_DynamicCast_AsPeoncito". Blueprint:  BarraVIda Function:  Get Text 0 Graph:  GetText_0 Node:  Return Node
[2025.07.17-01.58.14:456][762]PIE: Error: Blueprint Runtime Error: "Accessed None trying to read property K2Node_DynamicCast_AsPeoncito". Blueprint:  BarraVIda Function:  Get Text 0 Graph:  GetText_0 Node:  Return Node
[2025.07.17-01.58.14:475][763]PIE: Error: Blueprint Runtime Error: "Accessed None trying to read property K2Node_DynamicCast_AsPeoncito". Blueprint:  BarraVIda Function:  Get Text 0 Graph:  GetText_0 Node:  Return Node
[2025.07.17-01.58.14:495][764]PIE: Error: Blueprint Runtime Error: "Accessed None trying to read property K2Node_DynamicCast_AsPeoncito". Blueprint:  BarraVIda Function:  Get Text 0 Graph:  GetText_0 Node:  Return Node
[2025.07.17-01.58.14:515][765]PIE: Error: Blueprint Runtime Error: "Accessed None trying to read property K2Node_DynamicCast_AsPeoncito". Blueprint:  BarraVIda Function:  Get Text 0 Graph:  GetText_0 Node:  Return Node
[2025.07.17-01.58.14:535][766]PIE: Error: Blueprint Runtime Error: "Accessed None trying to read property K2Node_DynamicCast_AsPeoncito". Blueprint:  BarraVIda Function:  Get Text 0 Graph:  GetText_0 Node:  Return Node
[2025.07.17-01.58.14:557][767]PIE: Error: Blueprint Runtime Error: "Accessed None trying to read property K2Node_DynamicCast_AsPeoncito". Blueprint:  BarraVIda Function:  Get Text 0 Graph:  GetText_0 Node:  Return Node
[2025.07.17-01.58.14:579][768]PIE: Error: Blueprint Runtime Error: "Accessed None trying to read property K2Node_DynamicCast_AsPeoncito". Blueprint:  BarraVIda Function:  Get Text 0 Graph:  GetText_0 Node:  Return Node
[2025.07.17-01.58.14:603][769]PIE: Error: Blueprint Runtime Error: "Accessed None trying to read property K2Node_DynamicCast_AsPeoncito". Blueprint:  BarraVIda Function:  Get Text 0 Graph:  GetText_0 Node:  Return Node
[2025.07.17-01.58.14:627][770]PIE: Error: Blueprint Runtime Error: "Accessed None trying to read property K2Node_DynamicCast_AsPeoncito". Blueprint:  BarraVIda Function:  Get Text 0 Graph:  GetText_0 Node:  Return Node
[2025.07.17-01.58.14:648][771]PIE: Error: Blueprint Runtime Error: "Accessed None trying to read property K2Node_DynamicCast_AsPeoncito". Blueprint:  BarraVIda Function:  Get Text 0 Graph:  GetText_0 Node:  Return Node
[2025.07.17-01.58.14:671][772]PIE: Error: Blueprint Runtime Error: "Accessed None trying to read property K2Node_DynamicCast_AsPeoncito". Blueprint:  BarraVIda Function:  Get Text 0 Graph:  GetText_0 Node:  Return Node
[2025.07.17-01.58.14:693][773]PIE: Error: Blueprint Runtime Error: "Accessed None trying to read property K2Node_DynamicCast_AsPeoncito". Blueprint:  BarraVIda Function:  Get Text 0 Graph:  GetText_0 Node:  Return Node
[2025.07.17-01.58.14:711][774]PIE: Error: Blueprint Runtime Error: "Accessed None trying to read property K2Node_DynamicCast_AsPeoncito". Blueprint:  BarraVIda Function:  Get Text 0 Graph:  GetText_0 Node:  Return Node
[2025.07.17-01.58.14:729][775]PIE: Error: Blueprint Runtime Error: "Accessed None trying to read property K2Node_DynamicCast_AsPeoncito". Blueprint:  BarraVIda Function:  Get Text 0 Graph:  GetText_0 Node:  Return Node
[2025.07.17-01.58.14:750][776]PIE: Error: Blueprint Runtime Error: "Accessed None trying to read property K2Node_DynamicCast_AsPeoncito". Blueprint:  BarraVIda Function:  Get Text 0 Graph:  GetText_0 Node:  Return Node
[2025.07.17-01.58.14:772][777]PIE: Error: Blueprint Runtime Error: "Accessed None trying to read property K2Node_DynamicCast_AsPeoncito". Blueprint:  BarraVIda Function:  Get Text 0 Graph:  GetText_0 Node:  Return Node
[2025.07.17-01.58.14:795][778]PIE: Error: Blueprint Runtime Error: "Accessed None trying to read property K2Node_DynamicCast_AsPeoncito". Blueprint:  BarraVIda Function:  Get Text 0 Graph:  GetText_0 Node:  Return Node
[2025.07.17-01.58.14:819][779]PIE: Error: Blueprint Runtime Error: "Accessed None trying to read property K2Node_DynamicCast_AsPeoncito". Blueprint:  BarraVIda Function:  Get Text 0 Graph:  GetText_0 Node:  Return Node
[2025.07.17-01.58.14:843][780]PIE: Error: Blueprint Runtime Error: "Accessed None trying to read property K2Node_DynamicCast_AsPeoncito". Blueprint:  BarraVIda Function:  Get Text 0 Graph:  GetText_0 Node:  Return Node
[2025.07.17-01.58.14:865][781]PIE: Error: Blueprint Runtime Error: "Accessed None trying to read property K2Node_DynamicCast_AsPeoncito". Blueprint:  BarraVIda Function:  Get Text 0 Graph:  GetText_0 Node:  Return Node
[2025.07.17-01.58.14:888][782]PIE: Error: Blueprint Runtime Error: "Accessed None trying to read property K2Node_DynamicCast_AsPeoncito". Blueprint:  BarraVIda Function:  Get Text 0 Graph:  GetText_0 Node:  Return Node
[2025.07.17-01.58.14:909][783]PIE: Error: Blueprint Runtime Error: "Accessed None trying to read property K2Node_DynamicCast_AsPeoncito". Blueprint:  BarraVIda Function:  Get Text 0 Graph:  GetText_0 Node:  Return Node
[2025.07.17-01.58.14:928][784]PIE: Error: Blueprint Runtime Error: "Accessed None trying to read property K2Node_DynamicCast_AsPeoncito". Blueprint:  BarraVIda Function:  Get Text 0 Graph:  GetText_0 Node:  Return Node
[2025.07.17-01.58.14:946][785]PIE: Error: Blueprint Runtime Error: "Accessed None trying to read property K2Node_DynamicCast_AsPeoncito". Blueprint:  BarraVIda Function:  Get Text 0 Graph:  GetText_0 Node:  Return Node
[2025.07.17-01.58.14:964][786]PIE: Error: Blueprint Runtime Error: "Accessed None trying to read property K2Node_DynamicCast_AsPeoncito". Blueprint:  BarraVIda Function:  Get Text 0 Graph:  GetText_0 Node:  Return Node
[2025.07.17-01.58.14:985][787]PIE: Error: Blueprint Runtime Error: "Accessed None trying to read property K2Node_DynamicCast_AsPeoncito". Blueprint:  BarraVIda Function:  Get Text 0 Graph:  GetText_0 Node:  Return Node
[2025.07.17-01.58.15:007][788]PIE: Error: Blueprint Runtime Error: "Accessed None trying to read property K2Node_DynamicCast_AsPeoncito". Blueprint:  BarraVIda Function:  Get Text 0 Graph:  GetText_0 Node:  Return Node
[2025.07.17-01.58.15:029][789]PIE: Error: Blueprint Runtime Error: "Accessed None trying to read property K2Node_DynamicCast_AsPeoncito". Blueprint:  BarraVIda Function:  Get Text 0 Graph:  GetText_0 Node:  Return Node
[2025.07.17-01.58.15:049][790]PIE: Error: Blueprint Runtime Error: "Accessed None trying to read property K2Node_DynamicCast_AsPeoncito". Blueprint:  BarraVIda Function:  Get Text 0 Graph:  GetText_0 Node:  Return Node
[2025.07.17-01.58.15:070][791]PIE: Error: Blueprint Runtime Error: "Accessed None trying to read property K2Node_DynamicCast_AsPeoncito". Blueprint:  BarraVIda Function:  Get Text 0 Graph:  GetText_0 Node:  Return Node
[2025.07.17-01.58.15:091][792]PIE: Error: Blueprint Runtime Error: "Accessed None trying to read property K2Node_DynamicCast_AsPeoncito". Blueprint:  BarraVIda Function:  Get Text 0 Graph:  GetText_0 Node:  Return Node
[2025.07.17-01.58.15:110][793]PIE: Error: Blueprint Runtime Error: "Accessed None trying to read property K2Node_DynamicCast_AsPeoncito". Blueprint:  BarraVIda Function:  Get Text 0 Graph:  GetText_0 Node:  Return Node
[2025.07.17-01.58.15:131][794]PIE: Error: Blueprint Runtime Error: "Accessed None trying to read property K2Node_DynamicCast_AsPeoncito". Blueprint:  BarraVIda Function:  Get Text 0 Graph:  GetText_0 Node:  Return Node
[2025.07.17-01.58.15:150][795]PIE: Error: Blueprint Runtime Error: "Accessed None trying to read property K2Node_DynamicCast_AsPeoncito". Blueprint:  BarraVIda Function:  Get Text 0 Graph:  GetText_0 Node:  Return Node
[2025.07.17-01.58.15:173][796]PIE: Error: Blueprint Runtime Error: "Accessed None trying to read property K2Node_DynamicCast_AsPeoncito". Blueprint:  BarraVIda Function:  Get Text 0 Graph:  GetText_0 Node:  Return Node
[2025.07.17-01.58.15:192][797]PIE: Error: Blueprint Runtime Error: "Accessed None trying to read property K2Node_DynamicCast_AsPeoncito". Blueprint:  BarraVIda Function:  Get Text 0 Graph:  GetText_0 Node:  Return Node
[2025.07.17-01.58.15:212][798]PIE: Error: Blueprint Runtime Error: "Accessed None trying to read property K2Node_DynamicCast_AsPeoncito". Blueprint:  BarraVIda Function:  Get Text 0 Graph:  GetText_0 Node:  Return Node
[2025.07.17-01.58.15:240][799]PIE: Error: Blueprint Runtime Error: "Accessed None trying to read property K2Node_DynamicCast_AsPeoncito". Blueprint:  BarraVIda Function:  Get Text 0 Graph:  GetText_0 Node:  Return Node
[2025.07.17-01.58.15:264][800]PIE: Error: Blueprint Runtime Error: "Accessed None trying to read property K2Node_DynamicCast_AsPeoncito". Blueprint:  BarraVIda Function:  Get Text 0 Graph:  GetText_0 Node:  Return Node
[2025.07.17-01.58.15:291][801]PIE: Error: Blueprint Runtime Error: "Accessed None trying to read property K2Node_DynamicCast_AsPeoncito". Blueprint:  BarraVIda Function:  Get Text 0 Graph:  GetText_0 Node:  Return Node
[2025.07.17-01.58.15:319][802]PIE: Error: Blueprint Runtime Error: "Accessed None trying to read property K2Node_DynamicCast_AsPeoncito". Blueprint:  BarraVIda Function:  Get Text 0 Graph:  GetText_0 Node:  Return Node
[2025.07.17-01.58.15:346][803]PIE: Error: Blueprint Runtime Error: "Accessed None trying to read property K2Node_DynamicCast_AsPeoncito". Blueprint:  BarraVIda Function:  Get Text 0 Graph:  GetText_0 Node:  Return Node
[2025.07.17-01.58.15:376][804]PIE: Error: Blueprint Runtime Error: "Accessed None trying to read property K2Node_DynamicCast_AsPeoncito". Blueprint:  BarraVIda Function:  Get Text 0 Graph:  GetText_0 Node:  Return Node
[2025.07.17-01.58.15:403][805]PIE: Error: Blueprint Runtime Error: "Accessed None trying to read property K2Node_DynamicCast_AsPeoncito". Blueprint:  BarraVIda Function:  Get Text 0 Graph:  GetText_0 Node:  Return Node
[2025.07.17-01.58.15:433][806]PIE: Error: Blueprint Runtime Error: "Accessed None trying to read property K2Node_DynamicCast_AsPeoncito". Blueprint:  BarraVIda Function:  Get Text 0 Graph:  GetText_0 Node:  Return Node
[2025.07.17-01.58.15:458][807]PIE: Error: Blueprint Runtime Error: "Accessed None trying to read property K2Node_DynamicCast_AsPeoncito". Blueprint:  BarraVIda Function:  Get Text 0 Graph:  GetText_0 Node:  Return Node
[2025.07.17-01.58.15:485][808]PIE: Error: Blueprint Runtime Error: "Accessed None trying to read property K2Node_DynamicCast_AsPeoncito". Blueprint:  BarraVIda Function:  Get Text 0 Graph:  GetText_0 Node:  Return Node
[2025.07.17-01.58.15:518][809]PIE: Error: Blueprint Runtime Error: "Accessed None trying to read property K2Node_DynamicCast_AsPeoncito". Blueprint:  BarraVIda Function:  Get Text 0 Graph:  GetText_0 Node:  Return Node
[2025.07.17-01.58.15:548][810]PIE: Error: Blueprint Runtime Error: "Accessed None trying to read property K2Node_DynamicCast_AsPeoncito". Blueprint:  BarraVIda Function:  Get Text 0 Graph:  GetText_0 Node:  Return Node
[2025.07.17-01.58.15:578][811]PIE: Error: Blueprint Runtime Error: "Accessed None trying to read property K2Node_DynamicCast_AsPeoncito". Blueprint:  BarraVIda Function:  Get Text 0 Graph:  GetText_0 Node:  Return Node
[2025.07.17-01.58.15:607][812]PIE: Error: Blueprint Runtime Error: "Accessed None trying to read property K2Node_DynamicCast_AsPeoncito". Blueprint:  BarraVIda Function:  Get Text 0 Graph:  GetText_0 Node:  Return Node
[2025.07.17-01.58.15:634][813]PIE: Error: Blueprint Runtime Error: "Accessed None trying to read property K2Node_DynamicCast_AsPeoncito". Blueprint:  BarraVIda Function:  Get Text 0 Graph:  GetText_0 Node:  Return Node
[2025.07.17-01.58.15:722][814]LogSlate: Updating window title bar state: overlay mode, drag disabled, window buttons hidden, title bar hidden
[2025.07.17-01.58.15:722][814]LogWorld: BeginTearingDown for /Game/ThirdPersonBP/Maps/UEDPIE_0_Perdiste_Level
[2025.07.17-01.58.15:723][814]LogWorld: UWorld::CleanupWorld for Perdiste_Level, bSessionEnded=true, bCleanupResources=true
[2025.07.17-01.58.15:724][814]LogSlate: InvalidateAllWidgets triggered.  All widgets were invalidated
[2025.07.17-01.58.15:738][814]LogPlayLevel: Display: Shutting down PIE online subsystems
[2025.07.17-01.58.15:778][814]LogSlate: InvalidateAllWidgets triggered.  All widgets were invalidated
[2025.07.17-01.58.15:865][814]LogSlate: Updating window title bar state: overlay mode, drag disabled, window buttons hidden, title bar hidden
[2025.07.17-01.58.15:866][814]LogAudioMixer: FMixerPlatformXAudio2::StopAudioStream() called
[2025.07.17-01.58.15:867][814]LogAudioMixer: FMixerPlatformXAudio2::StopAudioStream() called
[2025.07.17-01.58.15:880][814]LogUObjectHash: Compacting FUObjectHashTables data took   6.70ms
[2025.07.17-01.58.16:167][815]LogPlayLevel: Display: Destroying online subsystem :Context_68
[2025.07.17-01.58.17:287][843]LogSlate: Window 'Message Log' being destroyed
[2025.07.17-01.58.17:328][843]LogSlate: Window 'Message Log' being destroyed
[2025.07.17-01.58.17:878][861]LogTemp: Repeating last play command: Selected Viewport
[2025.07.17-01.58.17:923][861]LogPlayLevel: PlayLevel: No blueprints needed recompiling
[2025.07.17-01.58.17:923][861]PIE: New page: PIE session: ThirdPersonExampleMap (Jul 16, 2025, 7:58:17 PM)
[2025.07.17-01.58.17:924][861]LogPlayLevel: Creating play world package: /Game/ThirdPersonBP/Maps/UEDPIE_0_ThirdPersonExampleMap
[2025.07.17-01.58.17:952][861]LogPlayLevel: PIE: StaticDuplicateObject took: (0.028410s)
[2025.07.17-01.58.17:954][861]LogAIModule: Creating AISystem for world ThirdPersonExampleMap
[2025.07.17-01.58.17:955][861]LogPlayLevel: PIE: World Init took: (0.002306s)
[2025.07.17-01.58.17:955][861]LogPlayLevel: PIE: Created PIE world by copying editor world from /Game/ThirdPersonBP/Maps/ThirdPersonExampleMap.ThirdPersonExampleMap to /Game/ThirdPersonBP/Maps/UEDPIE_0_ThirdPersonExampleMap.ThirdPersonExampleMap (0.031121s)
[2025.07.17-01.58.18:064][861]LogUObjectHash: Compacting FUObjectHashTables data took  10.74ms
[2025.07.17-01.58.18:066][861]LogAudio: Display: Creating Audio Device:                 Id: 29, Scope: Unique, Realtime: True
[2025.07.17-01.58.18:066][861]LogAudioMixer: Display: Audio Mixer Platform Settings:
[2025.07.17-01.58.18:066][861]LogAudioMixer: Display: 	Sample Rate:						  48000
[2025.07.17-01.58.18:066][861]LogAudioMixer: Display: 	Callback Buffer Frame Size Requested: 1024
[2025.07.17-01.58.18:066][861]LogAudioMixer: Display: 	Callback Buffer Frame Size To Use:	  1024
[2025.07.17-01.58.18:066][861]LogAudioMixer: Display: 	Number of buffers to queue:			  2
[2025.07.17-01.58.18:066][861]LogAudioMixer: Display: 	Max Channels (voices):				  32
[2025.07.17-01.58.18:066][861]LogAudioMixer: Display: 	Number of Async Source Workers:		  0
[2025.07.17-01.58.18:066][861]LogAudio: Display: AudioDevice MaxSources: 32
[2025.07.17-01.58.18:067][861]LogAudio: Display: Audio Spatialization Plugin: None (built-in).
[2025.07.17-01.58.18:067][861]LogAudio: Display: Audio Reverb Plugin: None (built-in).
[2025.07.17-01.58.18:067][861]LogAudio: Display: Audio Occlusion Plugin: None (built-in).
[2025.07.17-01.58.18:067][861]LogAudioMixer: Display: Initializing audio mixer.
[2025.07.17-01.58.18:077][861]LogAudioMixer: Display: 0: FrontLeft
[2025.07.17-01.58.18:077][861]LogAudioMixer: Display: 1: FrontRight
[2025.07.17-01.58.18:106][861]LogAudioMixer: Display: Using Audio Device Headphones (SOUNDPEATS Mini HS Stereo)
[2025.07.17-01.58.18:107][861]LogAudioMixer: Display: Initializing Sound Submixes...
[2025.07.17-01.58.18:107][861]LogAudioMixer: Display: Creating Master Submix 'MasterSubmixDefault'
[2025.07.17-01.58.18:107][861]LogAudioMixer: Display: Creating Master Submix 'MasterReverbSubmixDefault'
[2025.07.17-01.58.18:108][861]LogAudioMixer: Display: Creating Master Submix 'MasterEQSubmixDefault'
[2025.07.17-01.58.18:108][861]LogAudioMixer: FMixerPlatformXAudio2::StartAudioStream() called
[2025.07.17-01.58.18:108][861]LogAudioMixer: Display: Output buffers initialized: Frames=1024, Channels=2, Samples=2048
[2025.07.17-01.58.18:110][861]LogAudioMixer: Display: Starting AudioMixerPlatformInterface::RunInternal()
[2025.07.17-01.58.18:110][861]LogAudioMixer: Display: FMixerPlatformXAudio2::SubmitBuffer() called for the first time
[2025.07.17-01.58.18:110][861]LogInit: FAudioDevice initialized.
[2025.07.17-01.58.18:110][861]LogAudio: Display: Audio Device (ID: 29) registered with world 'ThirdPersonExampleMap'.
[2025.07.17-01.58.18:125][861]LogLoad: Game class is 'ReglasJuego_C'
[2025.07.17-01.58.18:139][861]LogWorld: Bringing World /Game/ThirdPersonBP/Maps/UEDPIE_0_ThirdPersonExampleMap.ThirdPersonExampleMap up for play (max tick rate 60) at 2025.07.16-22.58.18
[2025.07.17-01.58.18:139][861]LogWorld: Bringing up level for play took: 0.013031
[2025.07.17-01.58.18:140][861]LogOnline: OSS: Creating online subsystem instance for: :Context_69
[2025.07.17-01.58.18:143][861]LogBlueprintUserMessages: [plataforma_2] Buenas buenas!
[2025.07.17-01.58.18:147][861]PIE: Server logged in
[2025.07.17-01.58.18:148][861]PIE: Play in editor total start time 0.249 seconds.
[2025.07.17-01.58.23:873][ 71]LogBlueprintUserMessages: [bala_C_10] Le reste 25 al bad fella
[2025.07.17-01.58.27:663][233]LogBlueprintUserMessages: [ReglasJuego_C_0] El puntaje subio!
[2025.07.17-01.58.27:663][233]LogBlueprintUserMessages: [ReglasJuego_C_0] 2
[2025.07.17-01.58.29:921][326]LogBlueprintUserMessages: [bala_C_24] Le reste 25 al bad fella
[2025.07.17-01.58.31:451][386]LogBlueprintUserMessages: [bala_C_28] Le reste 50 al bad guy
[2025.07.17-01.58.33:033][438]LogBlueprintUserMessages: [Curador_2] no te puedo curar porque tu vida es mayor a 80, volve cuando tengas menos!
[2025.07.17-01.58.35:934][552]LogBlueprintUserMessages: [bala_C_42] Le reste 25 al bad fella
[2025.07.17-01.58.37:183][597]LogBlueprintUserMessages: [bala_C_46] Le reste 50 al bad guy
[2025.07.17-01.58.37:216][598]LogBlueprintUserMessages: [bad_guy_5] Bad guy  Destruido!
[2025.07.17-01.58.38:479][638]LogBlueprintUserMessages: [Balaza_C_14] Le reste 30 al peoncito
[2025.07.17-01.58.38:943][657]LogBlueprintUserMessages: [bala_C_52] Le reste 25 al bad fella
[2025.07.17-01.58.38:964][658]LogBlueprintUserMessages: [bad_fella2_2] Bad fella  Destruido!
[2025.07.17-01.58.41:657][773]LogBlueprintUserMessages: [bala_C_58] Le reste 25 a la torreta
[2025.07.17-01.58.41:657][773]LogBlueprintUserMessages: [Torreta3_2] algo me ataveso!
[2025.07.17-01.58.42:070][789]LogBlueprintUserMessages: [bala_C_59] Le reste 25 a la torreta
[2025.07.17-01.58.42:071][789]LogBlueprintUserMessages: [Torreta3_2] algo me ataveso!
[2025.07.17-01.58.42:097][790]LogBlueprintUserMessages: [Torreta3_2] Torreta Destruida!
[2025.07.17-01.58.47:089][  6]LogBlueprintUserMessages: [ReglasJuego_C_0] El puntaje subio!
[2025.07.17-01.58.47:089][  6]LogBlueprintUserMessages: [ReglasJuego_C_0] 4
[2025.07.17-01.58.52:015][218]LogBlueprintUserMessages: [bala_C_71] Le reste 50 al bad guy
[2025.07.17-01.58.52:554][237]LogBlueprintUserMessages: [bala_C_73] Le reste 50 al bad guy
[2025.07.17-01.58.52:580][238]LogBlueprintUserMessages: [bad_guy2_2] Bad guy  Destruido!
[2025.07.17-01.58.53:838][294]LogBlueprintUserMessages: [Curador_2] no te puedo curar porque tu vida es mayor a 80, volve cuando tengas menos!
[2025.07.17-01.58.59:215][520]LogBlueprintUserMessages: [bala_C_78] Le reste 25 a la torreta
[2025.07.17-01.58.59:215][520]LogBlueprintUserMessages: [Torreta_2] algo me ataveso!
[2025.07.17-01.58.59:714][538]LogBlueprintUserMessages: [bala_C_79] Le reste 25 a la torreta
[2025.07.17-01.58.59:714][538]LogBlueprintUserMessages: [Torreta_2] algo me ataveso!
[2025.07.17-01.58.59:740][539]LogBlueprintUserMessages: [Torreta_2] Torreta Destruida!
[2025.07.17-01.59.01:601][613]LogBlueprintUserMessages: [ReglasJuego_C_0] El puntaje subio!
[2025.07.17-01.59.01:601][613]LogBlueprintUserMessages: [ReglasJuego_C_0] 6
[2025.07.17-01.59.03:899][712]LogBlueprintUserMessages: [ReglasJuego_C_0] El puntaje subio!
[2025.07.17-01.59.03:899][712]LogBlueprintUserMessages: [ReglasJuego_C_0] 8
[2025.07.17-01.59.05:303][766]LogBlueprintUserMessages: [ReglasJuego_C_0] El puntaje subio!
[2025.07.17-01.59.05:303][766]LogBlueprintUserMessages: [ReglasJuego_C_0] 10
[2025.07.17-01.59.12:986][ 97]LogBlueprintUserMessages: [bala_C_87] Le reste 25 a la torreta
[2025.07.17-01.59.12:986][ 97]LogBlueprintUserMessages: [Torreta2_5] algo me ataveso!
[2025.07.17-01.59.13:449][114]LogBlueprintUserMessages: [bala_C_88] Le reste 25 a la torreta
[2025.07.17-01.59.13:449][114]LogBlueprintUserMessages: [Torreta2_5] algo me ataveso!
[2025.07.17-01.59.13:477][115]LogBlueprintUserMessages: [Torreta2_5] Torreta Destruida!
[2025.07.17-01.59.32:367][928]LogBlueprintUserMessages: [peoncito_2] Te queda de vida:
[2025.07.17-01.59.32:367][928]LogBlueprintUserMessages: [peoncito_2] 78.0
[2025.07.17-01.59.32:395][929]LogBlueprintUserMessages: [peoncito_2] Te queda de vida:
[2025.07.17-01.59.32:395][929]LogBlueprintUserMessages: [peoncito_2] 76.0
[2025.07.17-01.59.32:490][932]LogBlueprintUserMessages: [ReglasJuego_C_0] El puntaje subio!
[2025.07.17-01.59.32:490][932]LogBlueprintUserMessages: [ReglasJuego_C_0] 12
[2025.07.17-01.59.32:672][938]LogBlueprintUserMessages: [ReglasJuego_C_0] El puntaje subio!
[2025.07.17-01.59.32:672][938]LogBlueprintUserMessages: [ReglasJuego_C_0] 14
[2025.07.17-01.59.33:525][965]LogBlueprintUserMessages: [ReglasJuego_C_0] El puntaje subio!
[2025.07.17-01.59.33:526][965]LogBlueprintUserMessages: [ReglasJuego_C_0] 16
[2025.07.17-01.59.34:004][982]LogBlueprintUserMessages: [ReglasJuego_C_0] El puntaje subio!
[2025.07.17-01.59.34:005][982]LogBlueprintUserMessages: [ReglasJuego_C_0] 18
[2025.07.17-01.59.41:134][261]LogBlueprintUserMessages: [ReglasJuego_C_0] El puntaje subio!
[2025.07.17-01.59.41:135][261]LogBlueprintUserMessages: [ReglasJuego_C_0] 20
[2025.07.17-01.59.42:309][307]LogBlueprintUserMessages: [ReglasJuego_C_0] El puntaje subio!
[2025.07.17-01.59.42:309][307]LogBlueprintUserMessages: [ReglasJuego_C_0] 22
[2025.07.17-01.59.51:586][739]LogBlueprintUserMessages: [Curador_2] Le di vida al peoncito! ahora tiene:
[2025.07.17-01.59.51:586][739]LogBlueprintUserMessages: [Curador_2] 76.0
[2025.07.17-01.59.51:587][739]LogBlueprintUserMessages: [Curador_2] El curador ya curo las siguientes veces:
[2025.07.17-01.59.51:587][739]LogBlueprintUserMessages: [Curador_2] 1.0
[2025.07.17-01.59.55:409][914]LogBlueprintUserMessages: [ReglasJuego_C_0] El puntaje subio!
[2025.07.17-01.59.55:409][914]LogBlueprintUserMessages: [ReglasJuego_C_0] 24
[2025.07.17-01.59.58:471][ 38]LogBlueprintUserMessages: [ReglasJuego_C_0] El puntaje subio!
[2025.07.17-01.59.58:471][ 38]LogBlueprintUserMessages: [ReglasJuego_C_0] 26
[2025.07.17-02.00.04:149][292]LogBlueprintUserMessages: [ReglasJuego_C_0] El puntaje subio!
[2025.07.17-02.00.04:149][292]LogBlueprintUserMessages: [ReglasJuego_C_0] 28
[2025.07.17-02.00.04:619][309]LogBlueprintUserMessages: [ReglasJuego_C_0] El puntaje subio!
[2025.07.17-02.00.04:619][309]LogBlueprintUserMessages: [ReglasJuego_C_0] 30
[2025.07.17-02.00.11:396][623]LogBlueprintUserMessages: [ReglasJuego_C_0] El puntaje subio!
[2025.07.17-02.00.11:396][623]LogBlueprintUserMessages: [ReglasJuego_C_0] 32
[2025.07.17-02.00.17:468][920]LogBlueprintUserMessages: [ReglasJuego_C_0] El puntaje subio!
[2025.07.17-02.00.17:468][920]LogBlueprintUserMessages: [ReglasJuego_C_0] 34
[2025.07.17-02.00.17:468][920]LogBlueprintUserMessages: [ReglasJuego_C_0] Ganaste!
[2025.07.17-02.00.17:492][921]LogNet: Browse: /Game/ThirdPersonBP/Maps/GanasteLevel
[2025.07.17-02.00.17:493][921]LogLoad: LoadMap: /Game/ThirdPersonBP/Maps/GanasteLevel
[2025.07.17-02.00.17:493][921]LogWorld: BeginTearingDown for /Game/ThirdPersonBP/Maps/UEDPIE_0_ThirdPersonExampleMap
[2025.07.17-02.00.17:493][921]LogWorld: UWorld::CleanupWorld for ThirdPersonExampleMap, bSessionEnded=true, bCleanupResources=true
[2025.07.17-02.00.17:494][921]LogSlate: InvalidateAllWidgets triggered.  All widgets were invalidated
[2025.07.17-02.00.17:651][921]LogAudio: Display: Audio Device unregistered from world 'None'.
[2025.07.17-02.00.17:658][921]LogUObjectHash: Compacting FUObjectHashTables data took   6.22ms
[2025.07.17-02.00.17:690][921]LogAudio: Display: Audio Device (ID: 29) registered with world 'GanasteLevel'.
[2025.07.17-02.00.17:692][921]LogAIModule: Creating AISystem for world GanasteLevel
[2025.07.17-02.00.17:693][921]LogLoad: Game class is 'ReglasJuego_C'
[2025.07.17-02.00.17:811][921]LogWorld: Bringing World /Game/ThirdPersonBP/Maps/UEDPIE_0_GanasteLevel.GanasteLevel up for play (max tick rate 60) at 2025.07.16-23.00.17
[2025.07.17-02.00.17:812][921]LogWorld: Bringing up level for play took: 0.117344
[2025.07.17-02.00.17:812][921]LogGameMode: FindPlayerStart: PATHS NOT DEFINED or NO PLAYERSTART with positive rating
[2025.07.17-02.00.17:816][921]LogBlueprintUserMessages: [plataforma_2] Buenas buenas!
[2025.07.17-02.00.17:818][921]LogLoad: Took 0.325711 seconds to LoadMap(/Game/ThirdPersonBP/Maps/GanasteLevel)
[2025.07.17-02.00.17:827][921]PIE: Error: Blueprint Runtime Error: "Accessed None trying to read property K2Node_DynamicCast_AsPeoncito". Blueprint:  BarraVIda Function:  Get Text 0 Graph:  GetText_0 Node:  Return Node
[2025.07.17-02.00.17:971][922]PIE: Error: Blueprint Runtime Error: "Accessed None trying to read property K2Node_DynamicCast_AsPeoncito". Blueprint:  BarraVIda Function:  Get Text 0 Graph:  GetText_0 Node:  Return Node
[2025.07.17-02.00.17:999][923]PIE: Error: Blueprint Runtime Error: "Accessed None trying to read property K2Node_DynamicCast_AsPeoncito". Blueprint:  BarraVIda Function:  Get Text 0 Graph:  GetText_0 Node:  Return Node
[2025.07.17-02.00.18:027][924]PIE: Error: Blueprint Runtime Error: "Accessed None trying to read property K2Node_DynamicCast_AsPeoncito". Blueprint:  BarraVIda Function:  Get Text 0 Graph:  GetText_0 Node:  Return Node
[2025.07.17-02.00.18:052][925]PIE: Error: Blueprint Runtime Error: "Accessed None trying to read property K2Node_DynamicCast_AsPeoncito". Blueprint:  BarraVIda Function:  Get Text 0 Graph:  GetText_0 Node:  Return Node
[2025.07.17-02.00.18:077][926]PIE: Error: Blueprint Runtime Error: "Accessed None trying to read property K2Node_DynamicCast_AsPeoncito". Blueprint:  BarraVIda Function:  Get Text 0 Graph:  GetText_0 Node:  Return Node
[2025.07.17-02.00.18:100][927]PIE: Error: Blueprint Runtime Error: "Accessed None trying to read property K2Node_DynamicCast_AsPeoncito". Blueprint:  BarraVIda Function:  Get Text 0 Graph:  GetText_0 Node:  Return Node
[2025.07.17-02.00.18:125][928]PIE: Error: Blueprint Runtime Error: "Accessed None trying to read property K2Node_DynamicCast_AsPeoncito". Blueprint:  BarraVIda Function:  Get Text 0 Graph:  GetText_0 Node:  Return Node
[2025.07.17-02.00.18:152][929]PIE: Error: Blueprint Runtime Error: "Accessed None trying to read property K2Node_DynamicCast_AsPeoncito". Blueprint:  BarraVIda Function:  Get Text 0 Graph:  GetText_0 Node:  Return Node
[2025.07.17-02.00.18:177][930]PIE: Error: Blueprint Runtime Error: "Accessed None trying to read property K2Node_DynamicCast_AsPeoncito". Blueprint:  BarraVIda Function:  Get Text 0 Graph:  GetText_0 Node:  Return Node
[2025.07.17-02.00.18:200][931]PIE: Error: Blueprint Runtime Error: "Accessed None trying to read property K2Node_DynamicCast_AsPeoncito". Blueprint:  BarraVIda Function:  Get Text 0 Graph:  GetText_0 Node:  Return Node
[2025.07.17-02.00.18:223][932]PIE: Error: Blueprint Runtime Error: "Accessed None trying to read property K2Node_DynamicCast_AsPeoncito". Blueprint:  BarraVIda Function:  Get Text 0 Graph:  GetText_0 Node:  Return Node
[2025.07.17-02.00.18:245][933]PIE: Error: Blueprint Runtime Error: "Accessed None trying to read property K2Node_DynamicCast_AsPeoncito". Blueprint:  BarraVIda Function:  Get Text 0 Graph:  GetText_0 Node:  Return Node
[2025.07.17-02.00.18:267][934]PIE: Error: Blueprint Runtime Error: "Accessed None trying to read property K2Node_DynamicCast_AsPeoncito". Blueprint:  BarraVIda Function:  Get Text 0 Graph:  GetText_0 Node:  Return Node
[2025.07.17-02.00.18:293][935]PIE: Error: Blueprint Runtime Error: "Accessed None trying to read property K2Node_DynamicCast_AsPeoncito". Blueprint:  BarraVIda Function:  Get Text 0 Graph:  GetText_0 Node:  Return Node
[2025.07.17-02.00.18:317][936]PIE: Error: Blueprint Runtime Error: "Accessed None trying to read property K2Node_DynamicCast_AsPeoncito". Blueprint:  BarraVIda Function:  Get Text 0 Graph:  GetText_0 Node:  Return Node
[2025.07.17-02.00.18:345][937]PIE: Error: Blueprint Runtime Error: "Accessed None trying to read property K2Node_DynamicCast_AsPeoncito". Blueprint:  BarraVIda Function:  Get Text 0 Graph:  GetText_0 Node:  Return Node
[2025.07.17-02.00.18:367][938]PIE: Error: Blueprint Runtime Error: "Accessed None trying to read property K2Node_DynamicCast_AsPeoncito". Blueprint:  BarraVIda Function:  Get Text 0 Graph:  GetText_0 Node:  Return Node
[2025.07.17-02.00.18:393][939]PIE: Error: Blueprint Runtime Error: "Accessed None trying to read property K2Node_DynamicCast_AsPeoncito". Blueprint:  BarraVIda Function:  Get Text 0 Graph:  GetText_0 Node:  Return Node
[2025.07.17-02.00.18:417][940]PIE: Error: Blueprint Runtime Error: "Accessed None trying to read property K2Node_DynamicCast_AsPeoncito". Blueprint:  BarraVIda Function:  Get Text 0 Graph:  GetText_0 Node:  Return Node
[2025.07.17-02.00.18:442][941]PIE: Error: Blueprint Runtime Error: "Accessed None trying to read property K2Node_DynamicCast_AsPeoncito". Blueprint:  BarraVIda Function:  Get Text 0 Graph:  GetText_0 Node:  Return Node
[2025.07.17-02.00.18:465][942]PIE: Error: Blueprint Runtime Error: "Accessed None trying to read property K2Node_DynamicCast_AsPeoncito". Blueprint:  BarraVIda Function:  Get Text 0 Graph:  GetText_0 Node:  Return Node
[2025.07.17-02.00.18:489][943]PIE: Error: Blueprint Runtime Error: "Accessed None trying to read property K2Node_DynamicCast_AsPeoncito". Blueprint:  BarraVIda Function:  Get Text 0 Graph:  GetText_0 Node:  Return Node
[2025.07.17-02.00.18:511][944]PIE: Error: Blueprint Runtime Error: "Accessed None trying to read property K2Node_DynamicCast_AsPeoncito". Blueprint:  BarraVIda Function:  Get Text 0 Graph:  GetText_0 Node:  Return Node
[2025.07.17-02.00.18:554][945]PIE: Error: Blueprint Runtime Error: "Accessed None trying to read property K2Node_DynamicCast_AsPeoncito". Blueprint:  BarraVIda Function:  Get Text 0 Graph:  GetText_0 Node:  Return Node
[2025.07.17-02.00.18:657][946]LogSlate: Updating window title bar state: overlay mode, drag disabled, window buttons hidden, title bar hidden
[2025.07.17-02.00.18:657][946]LogWorld: BeginTearingDown for /Game/ThirdPersonBP/Maps/UEDPIE_0_GanasteLevel
[2025.07.17-02.00.18:658][946]LogWorld: UWorld::CleanupWorld for GanasteLevel, bSessionEnded=true, bCleanupResources=true
[2025.07.17-02.00.18:660][946]LogSlate: InvalidateAllWidgets triggered.  All widgets were invalidated
[2025.07.17-02.00.18:677][946]LogPlayLevel: Display: Shutting down PIE online subsystems
[2025.07.17-02.00.18:719][946]LogSlate: InvalidateAllWidgets triggered.  All widgets were invalidated
[2025.07.17-02.00.18:786][946]LogSlate: Updating window title bar state: overlay mode, drag disabled, window buttons hidden, title bar hidden
[2025.07.17-02.00.18:787][946]LogAudioMixer: FMixerPlatformXAudio2::StopAudioStream() called
[2025.07.17-02.00.18:788][946]LogAudioMixer: FMixerPlatformXAudio2::StopAudioStream() called
[2025.07.17-02.00.18:799][946]LogUObjectHash: Compacting FUObjectHashTables data took   5.76ms
[2025.07.17-02.00.19:084][947]LogPlayLevel: Display: Destroying online subsystem :Context_69
[2025.07.17-02.00.20:846][997]LogSlate: Window 'Message Log' being destroyed
[2025.07.17-02.00.20:878][997]LogSlate: Window 'Message Log' being destroyed
[2025.07.17-02.00.23:469][ 80]LogUObjectHash: Compacting FUObjectHashTables data took   7.14ms
[2025.07.17-02.00.23:582][ 80]LogSavePackage: Moving '../../../../../UTN-e-learning/Unreal-Engine/Unreal-Projects/TP_PreEntrega/Saved/ThirdPersonExampleMap3DB7C29D452D5C4EBC98A3A6FC31A420.tmp' to '../../../../../UTN-e-learning/Unreal-Engine/Unreal-Projects/TP_PreEntrega/Content/ThirdPersonBP/Maps/ThirdPersonExampleMap.umap'
[2025.07.17-02.00.23:766][ 80]LogSavePackage: Moving '../../../../../UTN-e-learning/Unreal-Engine/Unreal-Projects/TP_PreEntrega/Saved/ThirdPersonExampleMap_BuiltData9A41A9F243098E24B0F9BEBE03609DBB.tmp' to '../../../../../UTN-e-learning/Unreal-Engine/Unreal-Projects/TP_PreEntrega/Content/ThirdPersonBP/Maps/ThirdPersonExampleMap_BuiltData.uasset'
[2025.07.17-02.00.23:804][ 80]AssetCheck: New page: Asset Save: multiple assets
[2025.07.17-02.00.23:804][ 80]LogContentValidation: Display: Validating MapBuildDataRegistry /Game/ThirdPersonBP/Maps/ThirdPersonExampleMap_BuiltData.ThirdPersonExampleMap_BuiltData
[2025.07.17-02.00.23:804][ 80]LogContentValidation: Display: Validating World /Game/ThirdPersonBP/Maps/ThirdPersonExampleMap.ThirdPersonExampleMap
[2025.07.17-02.01.28:532][956]LogSavePackage: Moving '../../../../../UTN-e-learning/Unreal-Engine/Unreal-Projects/TP_PreEntrega/Saved/CharacterChild673CF11C43AD273CCC021AAD2DAD7DE2.tmp' to '../../../../../UTN-e-learning/Unreal-Engine/Unreal-Projects/TP_PreEntrega/Content/ThirdPersonBP/Blueprints/blueprints/CharacterChild.uasset'
[2025.07.17-02.01.28:600][956]AssetCheck: New page: Asset Save: CharacterChild
[2025.07.17-02.01.28:601][956]LogContentValidation: Display: Validating Blueprint /Game/ThirdPersonBP/Blueprints/blueprints/CharacterChild.CharacterChild
[2025.07.17-02.01.34:298][152]LogSavePackage: Moving '../../../../../UTN-e-learning/Unreal-Engine/Unreal-Projects/TP_PreEntrega/Saved/CharacterChild452CEC724ADFE4836875509699D99831.tmp' to '../../../../../UTN-e-learning/Unreal-Engine/Unreal-Projects/TP_PreEntrega/Content/ThirdPersonBP/Blueprints/blueprints/CharacterChild.uasset'
[2025.07.17-02.01.34:376][152]AssetCheck: New page: Asset Save: CharacterChild
[2025.07.17-02.01.34:376][152]LogContentValidation: Display: Validating Blueprint /Game/ThirdPersonBP/Blueprints/blueprints/CharacterChild.CharacterChild
[2025.07.17-02.01.37:679][255]LogTemp: Repeating last play command: Selected Viewport
[2025.07.17-02.01.37:717][255]BlueprintLog: New page: Pre-Play auto-recompile
[2025.07.17-02.01.37:719][255]LogPlayLevel: [PlayLevel] Compiling CharacterChild before play...
[2025.07.17-02.01.37:963][255]LogUObjectHash: Compacting FUObjectHashTables data took  15.90ms
[2025.07.17-02.01.37:970][255]LogPlayLevel: PlayLevel: Blueprint regeneration took 253 ms (1 blueprints)
[2025.07.17-02.01.37:971][255]PIE: New page: PIE session: ThirdPersonExampleMap (Jul 16, 2025, 8:01:37 PM)
[2025.07.17-02.01.37:971][255]LogPlayLevel: Creating play world package: /Game/ThirdPersonBP/Maps/UEDPIE_0_ThirdPersonExampleMap
[2025.07.17-02.01.38:038][255]LogPlayLevel: PIE: StaticDuplicateObject took: (0.065974s)
[2025.07.17-02.01.38:041][255]LogAIModule: Creating AISystem for world ThirdPersonExampleMap
[2025.07.17-02.01.38:042][255]LogPlayLevel: PIE: World Init took: (0.003704s)
[2025.07.17-02.01.38:042][255]LogPlayLevel: PIE: Created PIE world by copying editor world from /Game/ThirdPersonBP/Maps/ThirdPersonExampleMap.ThirdPersonExampleMap to /Game/ThirdPersonBP/Maps/UEDPIE_0_ThirdPersonExampleMap.ThirdPersonExampleMap (0.070268s)
[2025.07.17-02.01.38:178][255]LogUObjectHash: Compacting FUObjectHashTables data took  10.12ms
[2025.07.17-02.01.38:180][255]LogAudio: Display: Creating Audio Device:                 Id: 30, Scope: Unique, Realtime: True
[2025.07.17-02.01.38:180][255]LogAudioMixer: Display: Audio Mixer Platform Settings:
[2025.07.17-02.01.38:180][255]LogAudioMixer: Display: 	Sample Rate:						  48000
[2025.07.17-02.01.38:180][255]LogAudioMixer: Display: 	Callback Buffer Frame Size Requested: 1024
[2025.07.17-02.01.38:180][255]LogAudioMixer: Display: 	Callback Buffer Frame Size To Use:	  1024
[2025.07.17-02.01.38:180][255]LogAudioMixer: Display: 	Number of buffers to queue:			  2
[2025.07.17-02.01.38:180][255]LogAudioMixer: Display: 	Max Channels (voices):				  32
[2025.07.17-02.01.38:180][255]LogAudioMixer: Display: 	Number of Async Source Workers:		  0
[2025.07.17-02.01.38:180][255]LogAudio: Display: AudioDevice MaxSources: 32
[2025.07.17-02.01.38:182][255]LogAudio: Display: Audio Spatialization Plugin: None (built-in).
[2025.07.17-02.01.38:182][255]LogAudio: Display: Audio Reverb Plugin: None (built-in).
[2025.07.17-02.01.38:182][255]LogAudio: Display: Audio Occlusion Plugin: None (built-in).
[2025.07.17-02.01.38:182][255]LogAudioMixer: Display: Initializing audio mixer.
[2025.07.17-02.01.38:192][255]LogAudioMixer: Display: 0: FrontLeft
[2025.07.17-02.01.38:192][255]LogAudioMixer: Display: 1: FrontRight
[2025.07.17-02.01.38:227][255]LogAudioMixer: Display: Using Audio Device Headphones (SOUNDPEATS Mini HS Stereo)
[2025.07.17-02.01.38:227][255]LogAudioMixer: Display: Initializing Sound Submixes...
[2025.07.17-02.01.38:227][255]LogAudioMixer: Display: Creating Master Submix 'MasterSubmixDefault'
[2025.07.17-02.01.38:227][255]LogAudioMixer: Display: Creating Master Submix 'MasterReverbSubmixDefault'
[2025.07.17-02.01.38:228][255]LogAudioMixer: Display: Creating Master Submix 'MasterEQSubmixDefault'
[2025.07.17-02.01.38:228][255]LogAudioMixer: FMixerPlatformXAudio2::StartAudioStream() called
[2025.07.17-02.01.38:228][255]LogAudioMixer: Display: Output buffers initialized: Frames=1024, Channels=2, Samples=2048
[2025.07.17-02.01.38:230][255]LogAudioMixer: Display: Starting AudioMixerPlatformInterface::RunInternal()
[2025.07.17-02.01.38:230][255]LogAudioMixer: Display: FMixerPlatformXAudio2::SubmitBuffer() called for the first time
[2025.07.17-02.01.38:231][255]LogInit: FAudioDevice initialized.
[2025.07.17-02.01.38:231][255]LogAudio: Display: Audio Device (ID: 30) registered with world 'ThirdPersonExampleMap'.
[2025.07.17-02.01.38:245][255]LogLoad: Game class is 'ReglasJuego_C'
[2025.07.17-02.01.38:263][255]LogWorld: Bringing World /Game/ThirdPersonBP/Maps/UEDPIE_0_ThirdPersonExampleMap.ThirdPersonExampleMap up for play (max tick rate 60) at 2025.07.16-23.01.38
[2025.07.17-02.01.38:264][255]LogWorld: Bringing up level for play took: 0.017252
[2025.07.17-02.01.38:265][255]LogOnline: OSS: Creating online subsystem instance for: :Context_70
[2025.07.17-02.01.38:269][255]LogBlueprintUserMessages: [plataforma_2] Buenas buenas!
[2025.07.17-02.01.38:275][255]PIE: Server logged in
[2025.07.17-02.01.38:277][255]PIE: Play in editor total start time 0.579 seconds.
[2025.07.17-02.01.40:972][347]LogBlueprintUserMessages: [bala_C_5] Le reste 25 al bad fella
[2025.07.17-02.01.41:064][350]LogBlueprintUserMessages: [bala_C_2] El peoncito perdio 10 de vida!!!!
[2025.07.17-02.01.42:150][384]LogBlueprintUserMessages: [bala_C_4] El peoncito perdio 10 de vida!!!!
[2025.07.17-02.01.42:509][396]LogBlueprintUserMessages: [bala_C_1] El peoncito perdio 10 de vida!!!!
[2025.07.17-02.01.42:849][405]LogSlate: Updating window title bar state: overlay mode, drag disabled, window buttons hidden, title bar hidden
[2025.07.17-02.01.42:849][405]LogWorld: BeginTearingDown for /Game/ThirdPersonBP/Maps/UEDPIE_0_ThirdPersonExampleMap
[2025.07.17-02.01.42:849][405]LogWorld: UWorld::CleanupWorld for ThirdPersonExampleMap, bSessionEnded=true, bCleanupResources=true
[2025.07.17-02.01.42:851][405]LogSlate: InvalidateAllWidgets triggered.  All widgets were invalidated
[2025.07.17-02.01.42:863][405]LogPlayLevel: Display: Shutting down PIE online subsystems
[2025.07.17-02.01.42:891][405]LogSlate: InvalidateAllWidgets triggered.  All widgets were invalidated
[2025.07.17-02.01.42:986][405]LogAudio: Display: Audio Device unregistered from world 'None'.
[2025.07.17-02.01.42:987][405]LogAudioMixer: FMixerPlatformXAudio2::StopAudioStream() called
[2025.07.17-02.01.42:989][405]LogAudioMixer: FMixerPlatformXAudio2::StopAudioStream() called
[2025.07.17-02.01.42:995][405]LogSlate: Updating window title bar state: overlay mode, drag disabled, window buttons hidden, title bar hidden
[2025.07.17-02.01.43:012][405]LogUObjectHash: Compacting FUObjectHashTables data took  11.24ms
[2025.07.17-02.01.43:103][406]LogPlayLevel: Display: Destroying online subsystem :Context_70
[2025.07.17-02.02.00:924][908]LogSavePackage: Moving '../../../../../UTN-e-learning/Unreal-Engine/Unreal-Projects/TP_PreEntrega/Saved/peoncitoDEB1DC1A4097D47A3CC71EA832B68C3E.tmp' to '../../../../../UTN-e-learning/Unreal-Engine/Unreal-Projects/TP_PreEntrega/Content/ThirdPersonBP/Blueprints/blueprints/peoncito.uasset'
[2025.07.17-02.02.00:995][908]AssetCheck: New page: Asset Save: peoncito
[2025.07.17-02.02.00:995][908]LogContentValidation: Display: Validating Blueprint /Game/ThirdPersonBP/Blueprints/blueprints/peoncito.peoncito
[2025.07.17-02.02.02:798][949]LogTemp: Repeating last play command: Selected Viewport
[2025.07.17-02.02.02:848][949]BlueprintLog: New page: Pre-Play auto-recompile
[2025.07.17-02.02.02:862][949]LogPlayLevel: [PlayLevel] Compiling peoncito before play...
[2025.07.17-02.02.03:367][949]LogUObjectHash: Compacting FUObjectHashTables data took  14.57ms
[2025.07.17-02.02.03:371][949]LogPlayLevel: PlayLevel: Blueprint regeneration took 522 ms (1 blueprints)
[2025.07.17-02.02.03:371][949]PIE: New page: PIE session: ThirdPersonExampleMap (Jul 16, 2025, 8:02:03 PM)
[2025.07.17-02.02.03:373][949]LogPlayLevel: Creating play world package: /Game/ThirdPersonBP/Maps/UEDPIE_0_ThirdPersonExampleMap
[2025.07.17-02.02.03:419][949]LogPlayLevel: PIE: StaticDuplicateObject took: (0.046064s)
[2025.07.17-02.02.03:422][949]LogAIModule: Creating AISystem for world ThirdPersonExampleMap
[2025.07.17-02.02.03:423][949]LogPlayLevel: PIE: World Init took: (0.003593s)
[2025.07.17-02.02.03:423][949]LogPlayLevel: PIE: Created PIE world by copying editor world from /Game/ThirdPersonBP/Maps/ThirdPersonExampleMap.ThirdPersonExampleMap to /Game/ThirdPersonBP/Maps/UEDPIE_0_ThirdPersonExampleMap.ThirdPersonExampleMap (0.050193s)
[2025.07.17-02.02.03:548][949]LogUObjectHash: Compacting FUObjectHashTables data took   7.46ms
[2025.07.17-02.02.03:549][949]LogAudio: Display: Creating Audio Device:                 Id: 31, Scope: Unique, Realtime: True
[2025.07.17-02.02.03:549][949]LogAudioMixer: Display: Audio Mixer Platform Settings:
[2025.07.17-02.02.03:549][949]LogAudioMixer: Display: 	Sample Rate:						  48000
[2025.07.17-02.02.03:549][949]LogAudioMixer: Display: 	Callback Buffer Frame Size Requested: 1024
[2025.07.17-02.02.03:550][949]LogAudioMixer: Display: 	Callback Buffer Frame Size To Use:	  1024
[2025.07.17-02.02.03:550][949]LogAudioMixer: Display: 	Number of buffers to queue:			  2
[2025.07.17-02.02.03:550][949]LogAudioMixer: Display: 	Max Channels (voices):				  32
[2025.07.17-02.02.03:550][949]LogAudioMixer: Display: 	Number of Async Source Workers:		  0
[2025.07.17-02.02.03:550][949]LogAudio: Display: AudioDevice MaxSources: 32
[2025.07.17-02.02.03:550][949]LogAudio: Display: Audio Spatialization Plugin: None (built-in).
[2025.07.17-02.02.03:550][949]LogAudio: Display: Audio Reverb Plugin: None (built-in).
[2025.07.17-02.02.03:551][949]LogAudio: Display: Audio Occlusion Plugin: None (built-in).
[2025.07.17-02.02.03:551][949]LogAudioMixer: Display: Initializing audio mixer.
[2025.07.17-02.02.03:560][949]LogAudioMixer: Display: 0: FrontLeft
[2025.07.17-02.02.03:560][949]LogAudioMixer: Display: 1: FrontRight
[2025.07.17-02.02.03:584][949]LogAudioMixer: Display: Using Audio Device Headphones (SOUNDPEATS Mini HS Stereo)
[2025.07.17-02.02.03:585][949]LogAudioMixer: Display: Initializing Sound Submixes...
[2025.07.17-02.02.03:585][949]LogAudioMixer: Display: Creating Master Submix 'MasterSubmixDefault'
[2025.07.17-02.02.03:585][949]LogAudioMixer: Display: Creating Master Submix 'MasterReverbSubmixDefault'
[2025.07.17-02.02.03:586][949]LogAudioMixer: Display: Creating Master Submix 'MasterEQSubmixDefault'
[2025.07.17-02.02.03:586][949]LogAudioMixer: FMixerPlatformXAudio2::StartAudioStream() called
[2025.07.17-02.02.03:586][949]LogAudioMixer: Display: Output buffers initialized: Frames=1024, Channels=2, Samples=2048
[2025.07.17-02.02.03:589][949]LogAudioMixer: Display: Starting AudioMixerPlatformInterface::RunInternal()
[2025.07.17-02.02.03:589][949]LogAudioMixer: Display: FMixerPlatformXAudio2::SubmitBuffer() called for the first time
[2025.07.17-02.02.03:589][949]LogInit: FAudioDevice initialized.
[2025.07.17-02.02.03:589][949]LogAudio: Display: Audio Device (ID: 31) registered with world 'ThirdPersonExampleMap'.
[2025.07.17-02.02.03:603][949]LogLoad: Game class is 'ReglasJuego_C'
[2025.07.17-02.02.03:615][949]LogWorld: Bringing World /Game/ThirdPersonBP/Maps/UEDPIE_0_ThirdPersonExampleMap.ThirdPersonExampleMap up for play (max tick rate 60) at 2025.07.16-23.02.03
[2025.07.17-02.02.03:615][949]LogWorld: Bringing up level for play took: 0.010721
[2025.07.17-02.02.03:616][949]LogOnline: OSS: Creating online subsystem instance for: :Context_72
[2025.07.17-02.02.03:619][949]LogBlueprintUserMessages: [plataforma_2] Buenas buenas!
[2025.07.17-02.02.03:624][949]PIE: Server logged in
[2025.07.17-02.02.03:625][949]PIE: Play in editor total start time 0.801 seconds.
[2025.07.17-02.02.06:360][  6]LogBlueprintUserMessages: [bala_C_5] Le reste 25 al bad fella
[2025.07.17-02.02.09:362][ 91]LogBlueprintUserMessages: [bala_C_12] Le reste 25 al bad fella
[2025.07.17-02.02.11:547][154]LogBlueprintUserMessages: [ReglasJuego_C_0] El puntaje subio!
[2025.07.17-02.02.11:548][154]LogBlueprintUserMessages: [ReglasJuego_C_0] 2
[2025.07.17-02.02.13:807][223]LogBlueprintUserMessages: [ReglasJuego_C_0] El puntaje subio!
[2025.07.17-02.02.13:807][223]LogBlueprintUserMessages: [ReglasJuego_C_0] 4
[2025.07.17-02.02.18:446][357]LogBlueprintUserMessages: [bala_C_37] Le reste 25 al bad fella
[2025.07.17-02.02.19:146][374]LogBlueprintUserMessages: [bala_C_29] Le reste 50 al bad guy
[2025.07.17-02.02.19:593][388]LogBlueprintUserMessages: [bala_C_30] Le reste 50 al bad guy
[2025.07.17-02.02.19:621][389]LogBlueprintUserMessages: [bad_guy2_2] Bad guy  Destruido!
[2025.07.17-02.02.19:621][389]LogScript: Warning: FLatentActionManager::ProcessLatentActions: CallbackTarget is None.
[2025.07.17-02.02.23:630][506]LogBlueprintUserMessages: [bala_C_42] Le reste 25 a la torreta
[2025.07.17-02.02.23:630][506]LogBlueprintUserMessages: [Torreta_2] algo me ataveso!
[2025.07.17-02.02.24:165][518]LogBlueprintUserMessages: [bala_C_45] Le reste 25 a la torreta
[2025.07.17-02.02.24:166][518]LogBlueprintUserMessages: [Torreta_2] algo me ataveso!
[2025.07.17-02.02.24:203][519]LogBlueprintUserMessages: [Torreta_2] Torreta Destruida!
[2025.07.17-02.02.24:207][519]LogBlueprintUserMessages: [bala_C_43] El peoncito perdio 10 de vida!!!!
[2025.07.17-02.02.25:476][557]LogBlueprintUserMessages: [ReglasJuego_C_0] El puntaje subio!
[2025.07.17-02.02.25:477][557]LogBlueprintUserMessages: [ReglasJuego_C_0] 6
[2025.07.17-02.02.25:882][566]LogBlueprintUserMessages: [ReglasJuego_C_0] El puntaje subio!
[2025.07.17-02.02.25:882][566]LogBlueprintUserMessages: [ReglasJuego_C_0] 8
[2025.07.17-02.02.27:037][600]LogBlueprintUserMessages: [ReglasJuego_C_0] El puntaje subio!
[2025.07.17-02.02.27:037][600]LogBlueprintUserMessages: [ReglasJuego_C_0] 10
[2025.07.17-02.02.27:509][612]LogBlueprintUserMessages: [bala_C_54] Le reste 25 al bad fella
[2025.07.17-02.02.27:510][612]LogBlueprintUserMessages: [bala_C_55] Le reste 25 al bad fella
[2025.07.17-02.02.29:243][660]LogBlueprintUserMessages: [bala_C_57] Le reste 25 al bad fella
[2025.07.17-02.02.30:542][696]LogBlueprintUserMessages: [bala_C_64] Le reste 25 al bad fella
[2025.07.17-02.02.30:543][696]LogBlueprintUserMessages: [bala_C_65] Le reste 25 al bad fella
[2025.07.17-02.02.30:574][697]LogBlueprintUserMessages: [bad_fella2_2] Bad fella  Destruido!
[2025.07.17-02.02.30:575][697]LogBlueprintUserMessages: [bad_fella_2] Bad fella  Destruido!
[2025.07.17-02.02.34:571][812]LogBlueprintUserMessages: [bala_C_70] Le reste 25 a la torreta
[2025.07.17-02.02.34:571][812]LogBlueprintUserMessages: [Torreta2_5] algo me ataveso!
[2025.07.17-02.02.35:248][828]LogBlueprintUserMessages: [bala_C_71] Le reste 25 a la torreta
[2025.07.17-02.02.35:248][828]LogBlueprintUserMessages: [Torreta2_5] algo me ataveso!
[2025.07.17-02.02.35:286][829]LogBlueprintUserMessages: [Torreta2_5] Torreta Destruida!
[2025.07.17-02.02.37:470][892]LogBlueprintUserMessages: [ReglasJuego_C_0] El puntaje subio!
[2025.07.17-02.02.37:470][892]LogBlueprintUserMessages: [ReglasJuego_C_0] 12
[2025.07.17-02.02.37:618][897]LogBlueprintUserMessages: [ReglasJuego_C_0] El puntaje subio!
[2025.07.17-02.02.37:619][897]LogBlueprintUserMessages: [ReglasJuego_C_0] 14
[2025.07.17-02.02.38:057][910]LogBlueprintUserMessages: [ReglasJuego_C_0] El puntaje subio!
[2025.07.17-02.02.38:058][910]LogBlueprintUserMessages: [ReglasJuego_C_0] 16
[2025.07.17-02.02.39:001][936]LogBlueprintUserMessages: [ReglasJuego_C_0] El puntaje subio!
[2025.07.17-02.02.39:001][936]LogBlueprintUserMessages: [ReglasJuego_C_0] 18
[2025.07.17-02.02.41:969][ 25]LogBlueprintUserMessages: [bala_C_76] El peoncito perdio 10 de vida!!!!
[2025.07.17-02.02.42:415][ 37]LogBlueprintUserMessages: [bala_C_77] El peoncito perdio 10 de vida!!!!
[2025.07.17-02.02.45:672][139]LogBlueprintUserMessages: [bala_C_82] Le reste 25 a la torreta
[2025.07.17-02.02.45:672][139]LogBlueprintUserMessages: [Torreta3_2] algo me ataveso!
[2025.07.17-02.02.46:157][151]LogBlueprintUserMessages: [bala_C_84] Le reste 25 a la torreta
[2025.07.17-02.02.46:158][151]LogBlueprintUserMessages: [Torreta3_2] algo me ataveso!
[2025.07.17-02.02.46:194][152]LogBlueprintUserMessages: [Torreta3_2] Torreta Destruida!
[2025.07.17-02.02.49:826][268]LogBlueprintUserMessages: [ReglasJuego_C_0] El puntaje subio!
[2025.07.17-02.02.49:826][268]LogBlueprintUserMessages: [ReglasJuego_C_0] 20
[2025.07.17-02.02.51:531][322]LogBlueprintUserMessages: [Curador_2] Le di vida al peoncito! ahora tiene:
[2025.07.17-02.02.51:531][322]LogBlueprintUserMessages: [Curador_2] 70.0
[2025.07.17-02.02.51:531][322]LogBlueprintUserMessages: [Curador_2] El curador ya curo las siguientes veces:
[2025.07.17-02.02.51:531][322]LogBlueprintUserMessages: [Curador_2] 1.0
[2025.07.17-02.02.57:809][507]LogBlueprintUserMessages: [bala_C_98] Le reste 50 al bad guy
[2025.07.17-02.03.06:856][773]LogBlueprintUserMessages: [bala_C_113] Le reste 50 al bad guy
[2025.07.17-02.03.06:884][774]LogBlueprintUserMessages: [bad_guy_5] Bad guy  Destruido!
[2025.07.17-02.03.09:917][868]LogBlueprintUserMessages: [ReglasJuego_C_0] El puntaje subio!
[2025.07.17-02.03.09:917][868]LogBlueprintUserMessages: [ReglasJuego_C_0] 22
[2025.07.17-02.03.10:217][879]LogBlueprintUserMessages: [ReglasJuego_C_0] El puntaje subio!
[2025.07.17-02.03.10:217][879]LogBlueprintUserMessages: [ReglasJuego_C_0] 24
[2025.07.17-02.03.23:213][322]LogBlueprintUserMessages: [ReglasJuego_C_0] El puntaje subio!
[2025.07.17-02.03.23:213][322]LogBlueprintUserMessages: [ReglasJuego_C_0] 26
[2025.07.17-02.03.26:357][431]LogBlueprintUserMessages: [ReglasJuego_C_0] El puntaje subio!
[2025.07.17-02.03.26:357][431]LogBlueprintUserMessages: [ReglasJuego_C_0] 28
[2025.07.17-02.03.28:779][510]LogBlueprintUserMessages: [ReglasJuego_C_0] El puntaje subio!
[2025.07.17-02.03.28:779][510]LogBlueprintUserMessages: [ReglasJuego_C_0] 30
[2025.07.17-02.03.53:581][371]LogBlueprintUserMessages: [ReglasJuego_C_0] El puntaje subio!
[2025.07.17-02.03.53:581][371]LogBlueprintUserMessages: [ReglasJuego_C_0] 32
[2025.07.17-02.03.59:366][583]LogBlueprintUserMessages: [ReglasJuego_C_0] El puntaje subio!
[2025.07.17-02.03.59:366][583]LogBlueprintUserMessages: [ReglasJuego_C_0] 34
[2025.07.17-02.03.59:367][583]LogBlueprintUserMessages: [ReglasJuego_C_0] Ganaste!
[2025.07.17-02.03.59:401][584]LogNet: Browse: /Game/ThirdPersonBP/Maps/GanasteLevel
[2025.07.17-02.03.59:401][584]LogLoad: LoadMap: /Game/ThirdPersonBP/Maps/GanasteLevel
[2025.07.17-02.03.59:401][584]LogWorld: BeginTearingDown for /Game/ThirdPersonBP/Maps/UEDPIE_0_ThirdPersonExampleMap
[2025.07.17-02.03.59:403][584]LogWorld: UWorld::CleanupWorld for ThirdPersonExampleMap, bSessionEnded=true, bCleanupResources=true
[2025.07.17-02.03.59:405][584]LogSlate: InvalidateAllWidgets triggered.  All widgets were invalidated
[2025.07.17-02.03.59:521][584]LogAudio: Display: Audio Device unregistered from world 'None'.
[2025.07.17-02.03.59:533][584]LogUObjectHash: Compacting FUObjectHashTables data took   8.08ms
[2025.07.17-02.03.59:579][584]LogAudio: Display: Audio Device (ID: 31) registered with world 'GanasteLevel'.
[2025.07.17-02.03.59:581][584]LogAIModule: Creating AISystem for world GanasteLevel
[2025.07.17-02.03.59:582][584]LogLoad: Game class is 'ReglasJuego_C'
[2025.07.17-02.03.59:704][584]LogWorld: Bringing World /Game/ThirdPersonBP/Maps/UEDPIE_0_GanasteLevel.GanasteLevel up for play (max tick rate 60) at 2025.07.16-23.03.59
[2025.07.17-02.03.59:704][584]LogWorld: Bringing up level for play took: 0.120072
[2025.07.17-02.03.59:705][584]LogGameMode: FindPlayerStart: PATHS NOT DEFINED or NO PLAYERSTART with positive rating
[2025.07.17-02.03.59:709][584]LogBlueprintUserMessages: [plataforma_2] Buenas buenas!
[2025.07.17-02.03.59:712][584]LogLoad: Took 0.310924 seconds to LoadMap(/Game/ThirdPersonBP/Maps/GanasteLevel)
[2025.07.17-02.03.59:719][584]PIE: Error: Blueprint Runtime Error: "Accessed None trying to read property K2Node_DynamicCast_AsPeoncito". Blueprint:  BarraVIda Function:  Get Text 0 Graph:  GetText_0 Node:  Return Node
[2025.07.17-02.03.59:844][585]PIE: Error: Blueprint Runtime Error: "Accessed None trying to read property K2Node_DynamicCast_AsPeoncito". Blueprint:  BarraVIda Function:  Get Text 0 Graph:  GetText_0 Node:  Return Node
[2025.07.17-02.03.59:875][586]PIE: Error: Blueprint Runtime Error: "Accessed None trying to read property K2Node_DynamicCast_AsPeoncito". Blueprint:  BarraVIda Function:  Get Text 0 Graph:  GetText_0 Node:  Return Node
[2025.07.17-02.03.59:907][587]PIE: Error: Blueprint Runtime Error: "Accessed None trying to read property K2Node_DynamicCast_AsPeoncito". Blueprint:  BarraVIda Function:  Get Text 0 Graph:  GetText_0 Node:  Return Node
[2025.07.17-02.03.59:947][588]PIE: Error: Blueprint Runtime Error: "Accessed None trying to read property K2Node_DynamicCast_AsPeoncito". Blueprint:  BarraVIda Function:  Get Text 0 Graph:  GetText_0 Node:  Return Node
[2025.07.17-02.03.59:983][589]PIE: Error: Blueprint Runtime Error: "Accessed None trying to read property K2Node_DynamicCast_AsPeoncito". Blueprint:  BarraVIda Function:  Get Text 0 Graph:  GetText_0 Node:  Return Node
[2025.07.17-02.04.00:024][590]PIE: Error: Blueprint Runtime Error: "Accessed None trying to read property K2Node_DynamicCast_AsPeoncito". Blueprint:  BarraVIda Function:  Get Text 0 Graph:  GetText_0 Node:  Return Node
[2025.07.17-02.04.00:064][591]PIE: Error: Blueprint Runtime Error: "Accessed None trying to read property K2Node_DynamicCast_AsPeoncito". Blueprint:  BarraVIda Function:  Get Text 0 Graph:  GetText_0 Node:  Return Node
[2025.07.17-02.04.00:102][592]PIE: Error: Blueprint Runtime Error: "Accessed None trying to read property K2Node_DynamicCast_AsPeoncito". Blueprint:  BarraVIda Function:  Get Text 0 Graph:  GetText_0 Node:  Return Node
[2025.07.17-02.04.00:135][593]PIE: Error: Blueprint Runtime Error: "Accessed None trying to read property K2Node_DynamicCast_AsPeoncito". Blueprint:  BarraVIda Function:  Get Text 0 Graph:  GetText_0 Node:  Return Node
[2025.07.17-02.04.00:164][594]PIE: Error: Blueprint Runtime Error: "Accessed None trying to read property K2Node_DynamicCast_AsPeoncito". Blueprint:  BarraVIda Function:  Get Text 0 Graph:  GetText_0 Node:  Return Node
[2025.07.17-02.04.00:192][595]PIE: Error: Blueprint Runtime Error: "Accessed None trying to read property K2Node_DynamicCast_AsPeoncito". Blueprint:  BarraVIda Function:  Get Text 0 Graph:  GetText_0 Node:  Return Node
[2025.07.17-02.04.00:278][596]LogSlate: Updating window title bar state: overlay mode, drag disabled, window buttons hidden, title bar hidden
[2025.07.17-02.04.00:278][596]LogWorld: BeginTearingDown for /Game/ThirdPersonBP/Maps/UEDPIE_0_GanasteLevel
[2025.07.17-02.04.00:278][596]LogWorld: UWorld::CleanupWorld for GanasteLevel, bSessionEnded=true, bCleanupResources=true
[2025.07.17-02.04.00:279][596]LogSlate: InvalidateAllWidgets triggered.  All widgets were invalidated
[2025.07.17-02.04.00:286][596]LogPlayLevel: Display: Shutting down PIE online subsystems
[2025.07.17-02.04.00:312][596]LogSlate: InvalidateAllWidgets triggered.  All widgets were invalidated
[2025.07.17-02.04.00:392][596]LogAudio: Display: Audio Device unregistered from world 'None'.
[2025.07.17-02.04.00:393][596]LogAudioMixer: FMixerPlatformXAudio2::StopAudioStream() called
[2025.07.17-02.04.00:395][596]LogAudioMixer: FMixerPlatformXAudio2::StopAudioStream() called
[2025.07.17-02.04.00:401][596]LogSlate: Updating window title bar state: overlay mode, drag disabled, window buttons hidden, title bar hidden
[2025.07.17-02.04.00:412][596]LogUObjectHash: Compacting FUObjectHashTables data took   7.98ms
[2025.07.17-02.04.00:730][597]LogPlayLevel: Display: Destroying online subsystem :Context_72
[2025.07.17-02.04.02:591][634]LogSlate: Window 'Message Log' being destroyed
[2025.07.17-02.04.02:625][634]LogSlate: Window 'Message Log' being destroyed
[2025.07.17-02.04.04:519][685]LogUObjectHash: Compacting FUObjectHashTables data took   8.14ms
[2025.07.17-02.04.04:602][685]LogSavePackage: Moving '../../../../../UTN-e-learning/Unreal-Engine/Unreal-Projects/TP_PreEntrega/Saved/ThirdPersonExampleMap7CAE81FF4E5566EF616461B1B0ACBF36.tmp' to '../../../../../UTN-e-learning/Unreal-Engine/Unreal-Projects/TP_PreEntrega/Content/ThirdPersonBP/Maps/ThirdPersonExampleMap.umap'
[2025.07.17-02.04.04:960][685]LogSavePackage: Moving '../../../../../UTN-e-learning/Unreal-Engine/Unreal-Projects/TP_PreEntrega/Saved/ThirdPersonExampleMap_BuiltDataF0A530DC4273D6D71FCD85B0C4E3903D.tmp' to '../../../../../UTN-e-learning/Unreal-Engine/Unreal-Projects/TP_PreEntrega/Content/ThirdPersonBP/Maps/ThirdPersonExampleMap_BuiltData.uasset'
[2025.07.17-02.04.05:006][685]AssetCheck: New page: Asset Save: multiple assets
[2025.07.17-02.04.05:006][685]LogContentValidation: Display: Validating MapBuildDataRegistry /Game/ThirdPersonBP/Maps/ThirdPersonExampleMap_BuiltData.ThirdPersonExampleMap_BuiltData
[2025.07.17-02.04.05:006][685]LogContentValidation: Display: Validating World /Game/ThirdPersonBP/Maps/ThirdPersonExampleMap.ThirdPersonExampleMap
[2025.07.17-02.04.13:923][930]LogEditorViewport: Clicking on Actor (LMB): BP_Sky_Sphere_C (SkySphereBlueprint)
[2025.07.17-02.04.15:628][980]LogUObjectHash: Compacting FUObjectHashTables data took   8.76ms
[2025.07.17-02.04.15:750][980]LogSavePackage: Moving '../../../../../UTN-e-learning/Unreal-Engine/Unreal-Projects/TP_PreEntrega/Saved/ThirdPersonExampleMap3C9F40A7443587CBFE1A01A0529BD378.tmp' to '../../../../../UTN-e-learning/Unreal-Engine/Unreal-Projects/TP_PreEntrega/Content/ThirdPersonBP/Maps/ThirdPersonExampleMap.umap'
[2025.07.17-02.04.16:057][980]LogSavePackage: Moving '../../../../../UTN-e-learning/Unreal-Engine/Unreal-Projects/TP_PreEntrega/Saved/ThirdPersonExampleMap_BuiltData7FC7FE5B462913A873DB43A33F07670B.tmp' to '../../../../../UTN-e-learning/Unreal-Engine/Unreal-Projects/TP_PreEntrega/Content/ThirdPersonBP/Maps/ThirdPersonExampleMap_BuiltData.uasset'
[2025.07.17-02.04.16:092][980]AssetCheck: New page: Asset Save: multiple assets
[2025.07.17-02.04.16:093][980]LogContentValidation: Display: Validating MapBuildDataRegistry /Game/ThirdPersonBP/Maps/ThirdPersonExampleMap_BuiltData.ThirdPersonExampleMap_BuiltData
[2025.07.17-02.04.16:093][980]LogContentValidation: Display: Validating World /Game/ThirdPersonBP/Maps/ThirdPersonExampleMap.ThirdPersonExampleMap
[2025.07.17-02.04.27:258][114]LogSlate: Window 'Message' being destroyed
[2025.07.17-02.04.27:265][114]Message dialog closed, result: Cancel, title: Message, text: Would you like to apply the changes of the modified material to the original material?
/Game/ThirdPersonBP/Blueprints/blueprints/materialParticuloso.materialParticuloso
(Selecting 'No' will cause all changes to be lost!)
[2025.07.17-02.04.40:588][454]LogSlate: Window 'Message' being destroyed
[2025.07.17-02.04.40:595][454]Message dialog closed, result: No, title: Message, text: Would you like to apply the changes of the modified material to the original material?
/Game/ThirdPersonBP/Blueprints/blueprints/materialParticuloso.materialParticuloso
(Selecting 'No' will cause all changes to be lost!)
[2025.07.17-02.04.40:643][454]LogWorld: UWorld::CleanupWorld for World_37, bSessionEnded=true, bCleanupResources=true
[2025.07.17-02.04.40:643][454]LogSlate: InvalidateAllWidgets triggered.  All widgets were invalidated
[2025.07.17-02.04.43:962][519]LogSlate: Window 'particulas_curadoras' being destroyed
[2025.07.17-02.04.43:982][519]LogSlate: Window 'particulas_curadoras' being destroyed
[2025.07.17-02.04.44:009][519]LogWorld: UWorld::CleanupWorld for World_17, bSessionEnded=true, bCleanupResources=true
[2025.07.17-02.04.44:009][519]LogSlate: InvalidateAllWidgets triggered.  All widgets were invalidated
[2025.07.17-02.04.44:368][519]LogActorComponent: UnregisterComponent: (/Engine/Transient.EditorFloorComp) Not registered. Aborting.
[2025.07.17-02.04.44:368][519]LogWorld: UWorld::CleanupWorld for World_20, bSessionEnded=true, bCleanupResources=true
[2025.07.17-02.04.44:369][519]LogSlate: InvalidateAllWidgets triggered.  All widgets were invalidated
[2025.07.17-02.04.44:607][519]LogActorComponent: UnregisterComponent: (/Engine/Transient.EditorFloorComp) Not registered. Aborting.
[2025.07.17-02.04.44:607][519]LogWorld: UWorld::CleanupWorld for World_21, bSessionEnded=true, bCleanupResources=true
[2025.07.17-02.04.44:607][519]LogSlate: InvalidateAllWidgets triggered.  All widgets were invalidated
[2025.07.17-02.04.44:813][519]LogActorComponent: UnregisterComponent: (/Engine/Transient.EditorFloorComp) Not registered. Aborting.
[2025.07.17-02.04.44:813][519]LogWorld: UWorld::CleanupWorld for World_22, bSessionEnded=true, bCleanupResources=true
[2025.07.17-02.04.44:813][519]LogSlate: InvalidateAllWidgets triggered.  All widgets were invalidated
[2025.07.17-02.04.44:957][519]LogActorComponent: UnregisterComponent: (/Engine/Transient.EditorFloorComp) Not registered. Aborting.
[2025.07.17-02.04.44:957][519]LogWorld: UWorld::CleanupWorld for World_23, bSessionEnded=true, bCleanupResources=true
[2025.07.17-02.04.44:957][519]LogSlate: InvalidateAllWidgets triggered.  All widgets were invalidated
[2025.07.17-02.04.45:094][519]LogActorComponent: UnregisterComponent: (/Engine/Transient.EditorFloorComp) Not registered. Aborting.
[2025.07.17-02.04.45:094][519]LogWorld: UWorld::CleanupWorld for World_24, bSessionEnded=true, bCleanupResources=true
[2025.07.17-02.04.45:096][519]LogSlate: InvalidateAllWidgets triggered.  All widgets were invalidated
[2025.07.17-02.04.45:249][519]LogActorComponent: UnregisterComponent: (/Engine/Transient.EditorFloorComp) Not registered. Aborting.
[2025.07.17-02.04.45:249][519]LogWorld: UWorld::CleanupWorld for World_25, bSessionEnded=true, bCleanupResources=true
[2025.07.17-02.04.45:249][519]LogSlate: InvalidateAllWidgets triggered.  All widgets were invalidated
[2025.07.17-02.04.45:396][519]LogWorld: UWorld::CleanupWorld for World_27, bSessionEnded=true, bCleanupResources=true
[2025.07.17-02.04.45:397][519]LogSlate: InvalidateAllWidgets triggered.  All widgets were invalidated
[2025.07.17-02.04.45:420][519]LogWorld: UWorld::CleanupWorld for World_26, bSessionEnded=true, bCleanupResources=true
[2025.07.17-02.04.45:420][519]LogSlate: InvalidateAllWidgets triggered.  All widgets were invalidated
[2025.07.17-02.04.45:528][519]LogWorld: UWorld::CleanupWorld for World_29, bSessionEnded=true, bCleanupResources=true
[2025.07.17-02.04.45:528][519]LogSlate: InvalidateAllWidgets triggered.  All widgets were invalidated
[2025.07.17-02.04.45:547][519]LogWorld: UWorld::CleanupWorld for World_28, bSessionEnded=true, bCleanupResources=true
[2025.07.17-02.04.45:547][519]LogSlate: InvalidateAllWidgets triggered.  All widgets were invalidated
[2025.07.17-02.04.45:641][519]LogActorComponent: UnregisterComponent: (/Engine/Transient.EditorFloorComp) Not registered. Aborting.
[2025.07.17-02.04.45:642][519]LogWorld: UWorld::CleanupWorld for World_31, bSessionEnded=true, bCleanupResources=true
[2025.07.17-02.04.45:642][519]LogSlate: InvalidateAllWidgets triggered.  All widgets were invalidated
[2025.07.17-02.04.45:861][519]LogActorComponent: UnregisterComponent: (/Engine/Transient.EditorFloorComp) Not registered. Aborting.
[2025.07.17-02.04.45:861][519]LogWorld: UWorld::CleanupWorld for World_33, bSessionEnded=true, bCleanupResources=true
[2025.07.17-02.04.45:861][519]LogSlate: InvalidateAllWidgets triggered.  All widgets were invalidated
[2025.07.17-02.04.46:176][519]LogActorComponent: UnregisterComponent: (/Engine/Transient.EditorFloorComp) Not registered. Aborting.
[2025.07.17-02.04.46:176][519]LogWorld: UWorld::CleanupWorld for World_34, bSessionEnded=true, bCleanupResources=true
[2025.07.17-02.04.46:176][519]LogSlate: InvalidateAllWidgets triggered.  All widgets were invalidated
[2025.07.17-02.04.46:398][519]LogActorComponent: UnregisterComponent: (/Engine/Transient.EditorFloorComp) Not registered. Aborting.
[2025.07.17-02.04.46:398][519]LogWorld: UWorld::CleanupWorld for World_35, bSessionEnded=true, bCleanupResources=true
[2025.07.17-02.04.46:399][519]LogSlate: InvalidateAllWidgets triggered.  All widgets were invalidated
[2025.07.17-02.04.46:557][519]LogActorComponent: UnregisterComponent: (/Engine/Transient.EditorFloorComp) Not registered. Aborting.
[2025.07.17-02.04.46:557][519]LogWorld: UWorld::CleanupWorld for World_36, bSessionEnded=true, bCleanupResources=true
[2025.07.17-02.04.46:557][519]LogSlate: InvalidateAllWidgets triggered.  All widgets were invalidated
[2025.07.17-02.04.46:713][519]LogCascade: Quitting Cascade. FXSystem=0x00000272C5BD6500
[2025.07.17-02.04.46:726][519]LogWorld: UWorld::CleanupWorld for World_40, bSessionEnded=true, bCleanupResources=true
[2025.07.17-02.04.46:726][519]LogSlate: InvalidateAllWidgets triggered.  All widgets were invalidated
[2025.07.17-02.04.47:308][528]LogUObjectHash: Compacting FUObjectHashTables data took   8.50ms
[2025.07.17-02.04.47:467][528]LogSavePackage: Moving '../../../../../UTN-e-learning/Unreal-Engine/Unreal-Projects/TP_PreEntrega/Saved/ThirdPersonExampleMap82A3C6FF47E1FD0535C253A70320C208.tmp' to '../../../../../UTN-e-learning/Unreal-Engine/Unreal-Projects/TP_PreEntrega/Content/ThirdPersonBP/Maps/ThirdPersonExampleMap.umap'
[2025.07.17-02.04.47:898][528]LogSavePackage: Moving '../../../../../UTN-e-learning/Unreal-Engine/Unreal-Projects/TP_PreEntrega/Saved/ThirdPersonExampleMap_BuiltDataBAFC66E24102F0115039AAA62D7C4066.tmp' to '../../../../../UTN-e-learning/Unreal-Engine/Unreal-Projects/TP_PreEntrega/Content/ThirdPersonBP/Maps/ThirdPersonExampleMap_BuiltData.uasset'
[2025.07.17-02.04.47:940][528]AssetCheck: New page: Asset Save: multiple assets
[2025.07.17-02.04.47:940][528]LogContentValidation: Display: Validating MapBuildDataRegistry /Game/ThirdPersonBP/Maps/ThirdPersonExampleMap_BuiltData.ThirdPersonExampleMap_BuiltData
[2025.07.17-02.04.47:940][528]LogContentValidation: Display: Validating World /Game/ThirdPersonBP/Maps/ThirdPersonExampleMap.ThirdPersonExampleMap
[2025.07.17-02.04.50:728][650]LogTemp: Repeating last play command: Selected Viewport
[2025.07.17-02.04.50:781][650]LogPlayLevel: PlayLevel: No blueprints needed recompiling
[2025.07.17-02.04.50:781][650]PIE: New page: PIE session: ThirdPersonExampleMap (Jul 16, 2025, 8:04:50 PM)
[2025.07.17-02.04.50:782][650]LogPlayLevel: Creating play world package: /Game/ThirdPersonBP/Maps/UEDPIE_0_ThirdPersonExampleMap
[2025.07.17-02.04.50:816][650]LogPlayLevel: PIE: StaticDuplicateObject took: (0.033829s)
[2025.07.17-02.04.50:818][650]LogAIModule: Creating AISystem for world ThirdPersonExampleMap
[2025.07.17-02.04.50:818][650]LogPlayLevel: PIE: World Init took: (0.002300s)
[2025.07.17-02.04.50:818][650]LogPlayLevel: PIE: Created PIE world by copying editor world from /Game/ThirdPersonBP/Maps/ThirdPersonExampleMap.ThirdPersonExampleMap to /Game/ThirdPersonBP/Maps/UEDPIE_0_ThirdPersonExampleMap.ThirdPersonExampleMap (0.036535s)
[2025.07.17-02.04.51:209][650]LogUObjectHash: Compacting FUObjectHashTables data took  10.74ms
[2025.07.17-02.04.51:217][650]LogAudio: Display: Creating Audio Device:                 Id: 32, Scope: Unique, Realtime: True
[2025.07.17-02.04.51:218][650]LogAudioMixer: Display: Audio Mixer Platform Settings:
[2025.07.17-02.04.51:218][650]LogAudioMixer: Display: 	Sample Rate:						  48000
[2025.07.17-02.04.51:218][650]LogAudioMixer: Display: 	Callback Buffer Frame Size Requested: 1024
[2025.07.17-02.04.51:218][650]LogAudioMixer: Display: 	Callback Buffer Frame Size To Use:	  1024
[2025.07.17-02.04.51:218][650]LogAudioMixer: Display: 	Number of buffers to queue:			  2
[2025.07.17-02.04.51:218][650]LogAudioMixer: Display: 	Max Channels (voices):				  32
[2025.07.17-02.04.51:218][650]LogAudioMixer: Display: 	Number of Async Source Workers:		  0
[2025.07.17-02.04.51:218][650]LogAudio: Display: AudioDevice MaxSources: 32
[2025.07.17-02.04.51:220][650]LogAudio: Display: Audio Spatialization Plugin: None (built-in).
[2025.07.17-02.04.51:220][650]LogAudio: Display: Audio Reverb Plugin: None (built-in).
[2025.07.17-02.04.51:220][650]LogAudio: Display: Audio Occlusion Plugin: None (built-in).
[2025.07.17-02.04.51:220][650]LogAudioMixer: Display: Initializing audio mixer.
[2025.07.17-02.04.51:229][650]LogAudioMixer: Display: 0: FrontLeft
[2025.07.17-02.04.51:229][650]LogAudioMixer: Display: 1: FrontRight
[2025.07.17-02.04.51:260][650]LogAudioMixer: Display: Using Audio Device Headphones (SOUNDPEATS Mini HS Stereo)
[2025.07.17-02.04.51:261][650]LogAudioMixer: Display: Initializing Sound Submixes...
[2025.07.17-02.04.51:261][650]LogAudioMixer: Display: Creating Master Submix 'MasterSubmixDefault'
[2025.07.17-02.04.51:261][650]LogAudioMixer: Display: Creating Master Submix 'MasterReverbSubmixDefault'
[2025.07.17-02.04.51:263][650]LogAudioMixer: Display: Creating Master Submix 'MasterEQSubmixDefault'
[2025.07.17-02.04.51:263][650]LogAudioMixer: FMixerPlatformXAudio2::StartAudioStream() called
[2025.07.17-02.04.51:263][650]LogAudioMixer: Display: Output buffers initialized: Frames=1024, Channels=2, Samples=2048
[2025.07.17-02.04.51:265][650]LogAudioMixer: Display: Starting AudioMixerPlatformInterface::RunInternal()
[2025.07.17-02.04.51:265][650]LogAudioMixer: Display: FMixerPlatformXAudio2::SubmitBuffer() called for the first time
[2025.07.17-02.04.51:265][650]LogInit: FAudioDevice initialized.
[2025.07.17-02.04.51:265][650]LogAudio: Display: Audio Device (ID: 32) registered with world 'ThirdPersonExampleMap'.
[2025.07.17-02.04.51:277][650]LogLoad: Game class is 'ReglasJuego_C'
[2025.07.17-02.04.51:291][650]LogWorld: Bringing World /Game/ThirdPersonBP/Maps/UEDPIE_0_ThirdPersonExampleMap.ThirdPersonExampleMap up for play (max tick rate 60) at 2025.07.16-23.04.51
[2025.07.17-02.04.51:292][650]LogWorld: Bringing up level for play took: 0.013908
[2025.07.17-02.04.51:292][650]LogOnline: OSS: Creating online subsystem instance for: :Context_73
[2025.07.17-02.04.51:297][650]LogBlueprintUserMessages: [plataforma_2] Buenas buenas!
[2025.07.17-02.04.51:301][650]PIE: Server logged in
[2025.07.17-02.04.51:302][650]PIE: Play in editor total start time 0.55 seconds.
[2025.07.17-02.04.53:921][778]LogBlueprintUserMessages: [bala_C_5] Le reste 25 al bad fella
[2025.07.17-02.04.56:955][944]LogBlueprintUserMessages: [ReglasJuego_C_0] El puntaje subio!
[2025.07.17-02.04.56:955][944]LogBlueprintUserMessages: [ReglasJuego_C_0] 2
[2025.07.17-02.04.58:918][ 45]LogBlueprintUserMessages: [bala_C_14] El peoncito perdio 10 de vida!!!!
[2025.07.17-02.04.59:950][ 95]LogBlueprintUserMessages: [bala_C_19] Le reste 25 al bad fella
[2025.07.17-02.05.01:683][183]LogBlueprintUserMessages: [Curador_2] no te puedo curar porque tu vida es mayor a 80, volve cuando tengas menos!
[2025.07.17-02.05.02:811][243]LogBlueprintUserMessages: [ReglasJuego_C_0] El puntaje subio!
[2025.07.17-02.05.02:811][243]LogBlueprintUserMessages: [ReglasJuego_C_0] 4
[2025.07.17-02.05.04:251][304]LogBlueprintUserMessages: [Curador_2] no te puedo curar porque tu vida es mayor a 80, volve cuando tengas menos!
[2025.07.17-02.05.05:459][362]LogBlueprintUserMessages: [bala_C_28] El peoncito perdio 10 de vida!!!!
[2025.07.17-02.05.05:486][363]LogBlueprintUserMessages: [bala_C_28] El peoncito perdio 10 de vida!!!!
[2025.07.17-02.05.05:816][382]LogBlueprintUserMessages: [bala_C_26] El peoncito perdio 10 de vida!!!!
[2025.07.17-02.05.05:890][386]LogBlueprintUserMessages: [bala_C_26] El peoncito perdio 10 de vida!!!!
[2025.07.17-02.05.08:054][499]LogBlueprintUserMessages: [bala_C_35] El peoncito perdio 10 de vida!!!!
[2025.07.17-02.05.08:076][500]LogBlueprintUserMessages: [bala_C_35] El peoncito perdio 10 de vida!!!!
[2025.07.17-02.05.08:097][501]LogBlueprintUserMessages: [bala_C_35] El peoncito perdio 10 de vida!!!!
[2025.07.17-02.05.08:117][502]LogBlueprintUserMessages: [bala_C_35] El peoncito perdio 10 de vida!!!!
[2025.07.17-02.05.08:227][508]LogBlueprintUserMessages: [bala_C_37] Le reste 50 al bad guy
[2025.07.17-02.05.08:590][521]LogBlueprintUserMessages: [bala_C_38] Le reste 50 al bad guy
[2025.07.17-02.05.08:614][522]LogBlueprintUserMessages: [bad_guy2_2] Bad guy  Destruido!
[2025.07.17-02.05.08:996][537]LogBlueprintUserMessages: [bala_C_44] Le reste 25 al bad fella
[2025.07.17-02.05.11:040][631]LogBlueprintUserMessages: [Curador_2] Le di vida al peoncito! ahora tiene:
[2025.07.17-02.05.11:040][631]LogBlueprintUserMessages: [Curador_2] 10.0
[2025.07.17-02.05.11:040][631]LogBlueprintUserMessages: [Curador_2] El curador ya curo las siguientes veces:
[2025.07.17-02.05.11:040][631]LogBlueprintUserMessages: [Curador_2] 1.0
[2025.07.17-02.05.14:036][795]LogBlueprintUserMessages: [Curador_2] Le di vida al peoncito! ahora tiene:
[2025.07.17-02.05.14:036][795]LogBlueprintUserMessages: [Curador_2] 30.0
[2025.07.17-02.05.14:036][795]LogBlueprintUserMessages: [Curador_2] El curador ya curo las siguientes veces:
[2025.07.17-02.05.14:036][795]LogBlueprintUserMessages: [Curador_2] 2.0
[2025.07.17-02.05.15:016][844]LogBlueprintUserMessages: [bala_C_52] Le reste 25 al bad fella
[2025.07.17-02.05.15:038][845]LogBlueprintUserMessages: [bad_fella_2] Bad fella  Destruido!
[2025.07.17-02.05.15:427][867]LogBlueprintUserMessages: [Balaza_C_14] Le reste 30 al peoncito
[2025.07.17-02.05.15:597][877]LogBlueprintUserMessages: [Curador_2] Le di vida al peoncito! ahora tiene:
[2025.07.17-02.05.15:597][877]LogBlueprintUserMessages: [Curador_2] 30.0
[2025.07.17-02.05.15:597][877]LogBlueprintUserMessages: [Curador_2] El curador ya curo las siguientes veces:
[2025.07.17-02.05.15:597][877]LogBlueprintUserMessages: [Curador_2] 3.0
[2025.07.17-02.05.16:803][935]LogBlueprintUserMessages: [Curador_2] Le di vida al peoncito! ahora tiene:
[2025.07.17-02.05.16:803][935]LogBlueprintUserMessages: [Curador_2] 50.0
[2025.07.17-02.05.16:803][935]LogBlueprintUserMessages: [Curador_2] El curador ya curo las siguientes veces:
[2025.07.17-02.05.16:803][935]LogBlueprintUserMessages: [Curador_2] 4.0
[2025.07.17-02.05.19:062][ 60]LogBlueprintUserMessages: [Curador_2] Le di vida al peoncito! ahora tiene:
[2025.07.17-02.05.19:062][ 60]LogBlueprintUserMessages: [Curador_2] 70.0
[2025.07.17-02.05.19:062][ 60]LogBlueprintUserMessages: [Curador_2] El curador ya curo las siguientes veces:
[2025.07.17-02.05.19:062][ 60]LogBlueprintUserMessages: [Curador_2] 5.0
[2025.07.17-02.05.23:680][317]LogBlueprintUserMessages: [bala_C_62] Le reste 25 a la torreta
[2025.07.17-02.05.23:681][317]LogBlueprintUserMessages: [Torreta_2] algo me ataveso!
[2025.07.17-02.05.23:768][322]LogBlueprintUserMessages: [bala_C_63] Le reste 25 a la torreta
[2025.07.17-02.05.23:768][322]LogBlueprintUserMessages: [Torreta_2] algo me ataveso!
[2025.07.17-02.05.23:783][323]LogBlueprintUserMessages: [Torreta_2] Torreta Destruida!
[2025.07.17-02.05.25:297][399]LogBlueprintUserMessages: [ReglasJuego_C_0] El puntaje subio!
[2025.07.17-02.05.25:298][399]LogBlueprintUserMessages: [ReglasJuego_C_0] 6
[2025.07.17-02.05.25:895][430]LogBlueprintUserMessages: [ReglasJuego_C_0] El puntaje subio!
[2025.07.17-02.05.25:896][430]LogBlueprintUserMessages: [ReglasJuego_C_0] 8
[2025.07.17-02.05.27:688][522]LogBlueprintUserMessages: [ReglasJuego_C_0] El puntaje subio!
[2025.07.17-02.05.27:688][522]LogBlueprintUserMessages: [ReglasJuego_C_0] 10
[2025.07.17-02.05.30:909][689]LogBlueprintUserMessages: [bala_C_76] Le reste 25 al bad fella
[2025.07.17-02.05.31:366][711]LogBlueprintUserMessages: [bala_C_77] Le reste 25 al bad fella
[2025.07.17-02.05.31:773][730]LogBlueprintUserMessages: [bala_C_78] Le reste 25 al bad fella
[2025.07.17-02.05.32:615][777]LogBlueprintUserMessages: [bala_C_72] El peoncito perdio 10 de vida!!!!
[2025.07.17-02.05.34:212][854]LogBlueprintUserMessages: [bala_C_82] Le reste 25 al bad fella
[2025.07.17-02.05.34:226][855]LogBlueprintUserMessages: [bad_fella2_2] Bad fella  Destruido!
[2025.07.17-02.05.35:866][937]LogBlueprintUserMessages: [bala_C_80] El peoncito perdio 10 de vida!!!!
[2025.07.17-02.05.38:216][ 61]LogBlueprintUserMessages: [bala_C_90] Le reste 25 a la torreta
[2025.07.17-02.05.38:216][ 61]LogBlueprintUserMessages: [Torreta2_5] algo me ataveso!
[2025.07.17-02.05.38:624][ 82]LogBlueprintUserMessages: [bala_C_92] Le reste 25 a la torreta
[2025.07.17-02.05.38:624][ 82]LogBlueprintUserMessages: [Torreta2_5] algo me ataveso!
[2025.07.17-02.05.38:645][ 83]LogBlueprintUserMessages: [Torreta2_5] Torreta Destruida!
[2025.07.17-02.05.41:033][208]LogBlueprintUserMessages: [ReglasJuego_C_0] El puntaje subio!
[2025.07.17-02.05.41:033][208]LogBlueprintUserMessages: [ReglasJuego_C_0] 12
[2025.07.17-02.05.41:333][226]LogBlueprintUserMessages: [ReglasJuego_C_0] El puntaje subio!
[2025.07.17-02.05.41:333][226]LogBlueprintUserMessages: [ReglasJuego_C_0] 14
[2025.07.17-02.05.42:050][268]LogBlueprintUserMessages: [ReglasJuego_C_0] El puntaje subio!
[2025.07.17-02.05.42:050][268]LogBlueprintUserMessages: [ReglasJuego_C_0] 16
[2025.07.17-02.05.43:346][335]LogBlueprintUserMessages: [ReglasJuego_C_0] El puntaje subio!
[2025.07.17-02.05.43:346][335]LogBlueprintUserMessages: [ReglasJuego_C_0] 18
[2025.07.17-02.05.46:918][532]LogBlueprintUserMessages: [bala_C_103] Le reste 25 a la torreta
[2025.07.17-02.05.46:919][532]LogBlueprintUserMessages: [Torreta3_2] algo me ataveso!
[2025.07.17-02.05.47:228][549]LogBlueprintUserMessages: [bala_C_104] Le reste 25 a la torreta
[2025.07.17-02.05.47:228][549]LogBlueprintUserMessages: [Torreta3_2] algo me ataveso!
[2025.07.17-02.05.47:228][549]LogBlueprintUserMessages: [Torreta3_2] Torreta Destruida!
[2025.07.17-02.05.49:470][673]LogBlueprintUserMessages: [ReglasJuego_C_0] El puntaje subio!
[2025.07.17-02.05.49:470][673]LogBlueprintUserMessages: [ReglasJuego_C_0] 20
[2025.07.17-02.05.50:527][734]LogBlueprintUserMessages: [ReglasJuego_C_0] El puntaje subio!
[2025.07.17-02.05.50:527][734]LogBlueprintUserMessages: [ReglasJuego_C_0] 22
[2025.07.17-02.05.50:933][752]LogBlueprintUserMessages: [bala_C_111] El peoncito perdio 10 de vida!!!!
[2025.07.17-02.05.51:842][802]LogBlueprintUserMessages: [bala_C_114] El peoncito perdio 10 de vida!!!!
[2025.07.17-02.05.52:111][817]LogBlueprintUserMessages: [bala_C_115] Le reste 50 al bad guy
[2025.07.17-02.05.52:529][837]LogBlueprintUserMessages: [bala_C_116] Le reste 50 al bad guy
[2025.07.17-02.05.52:547][838]LogBlueprintUserMessages: [bad_guy_5] Bad guy  Destruido!
[2025.07.17-02.05.52:987][862]LogBlueprintUserMessages: [bala_C_117] El peoncito perdio 10 de vida!!!!
[2025.07.17-02.05.54:047][924]LogBlueprintUserMessages: [peoncito_2] Te queda de vida:
[2025.07.17-02.05.54:047][924]LogBlueprintUserMessages: [peoncito_2] 38.0
[2025.07.17-02.05.54:072][925]LogBlueprintUserMessages: [peoncito_2] Te queda de vida:
[2025.07.17-02.05.54:072][925]LogBlueprintUserMessages: [peoncito_2] 36.0
[2025.07.17-02.05.54:099][926]LogBlueprintUserMessages: [peoncito_2] Te queda de vida:
[2025.07.17-02.05.54:099][926]LogBlueprintUserMessages: [peoncito_2] 34.0
[2025.07.17-02.05.54:123][927]LogBlueprintUserMessages: [peoncito_2] Te queda de vida:
[2025.07.17-02.05.54:123][927]LogBlueprintUserMessages: [peoncito_2] 32.0
[2025.07.17-02.05.54:143][928]LogBlueprintUserMessages: [peoncito_2] Te queda de vida:
[2025.07.17-02.05.54:143][928]LogBlueprintUserMessages: [peoncito_2] 30.0
[2025.07.17-02.05.54:162][929]LogBlueprintUserMessages: [peoncito_2] Te queda de vida:
[2025.07.17-02.05.54:162][929]LogBlueprintUserMessages: [peoncito_2] 28.0
[2025.07.17-02.05.54:187][930]LogBlueprintUserMessages: [peoncito_2] Te queda de vida:
[2025.07.17-02.05.54:187][930]LogBlueprintUserMessages: [peoncito_2] 26.0
[2025.07.17-02.05.54:212][931]LogBlueprintUserMessages: [peoncito_2] Te queda de vida:
[2025.07.17-02.05.54:212][931]LogBlueprintUserMessages: [peoncito_2] 24.0
[2025.07.17-02.05.54:234][932]LogBlueprintUserMessages: [peoncito_2] Te queda de vida:
[2025.07.17-02.05.54:234][932]LogBlueprintUserMessages: [peoncito_2] 22.0
[2025.07.17-02.05.57:954][147]LogBlueprintUserMessages: [Curador_2] Le di vida al peoncito! ahora tiene:
[2025.07.17-02.05.57:955][147]LogBlueprintUserMessages: [Curador_2] 22.0
[2025.07.17-02.05.57:955][147]LogBlueprintUserMessages: [Curador_2] El curador ya curo las siguientes veces:
[2025.07.17-02.05.57:955][147]LogBlueprintUserMessages: [Curador_2] 6.0
[2025.07.17-02.06.00:993][325]LogBlueprintUserMessages: [Curador_2] Le di vida al peoncito! ahora tiene:
[2025.07.17-02.06.00:993][325]LogBlueprintUserMessages: [Curador_2] 42.0
[2025.07.17-02.06.00:993][325]LogBlueprintUserMessages: [Curador_2] El curador ya curo las siguientes veces:
[2025.07.17-02.06.00:993][325]LogBlueprintUserMessages: [Curador_2] 7.0
[2025.07.17-02.06.02:535][414]LogBlueprintUserMessages: [Curador_2] Le di vida al peoncito! ahora tiene:
[2025.07.17-02.06.02:535][414]LogBlueprintUserMessages: [Curador_2] 62.0
[2025.07.17-02.06.02:535][414]LogBlueprintUserMessages: [Curador_2] El curador ya curo las siguientes veces:
[2025.07.17-02.06.02:535][414]LogBlueprintUserMessages: [Curador_2] 8.0
[2025.07.17-02.06.03:064][445]LogBlueprintUserMessages: [Curador_2] no te puedo curar porque tu vida es mayor a 80, volve cuando tengas menos!
[2025.07.17-02.06.15:428][175]LogBlueprintUserMessages: [ReglasJuego_C_0] El puntaje subio!
[2025.07.17-02.06.15:428][175]LogBlueprintUserMessages: [ReglasJuego_C_0] 24
[2025.07.17-02.06.16:886][258]LogBlueprintUserMessages: [ReglasJuego_C_0] El puntaje subio!
[2025.07.17-02.06.16:886][258]LogBlueprintUserMessages: [ReglasJuego_C_0] 26
[2025.07.17-02.06.21:396][518]LogBlueprintUserMessages: [ReglasJuego_C_0] El puntaje subio!
[2025.07.17-02.06.21:396][518]LogBlueprintUserMessages: [ReglasJuego_C_0] 28
[2025.07.17-02.06.23:109][607]LogBlueprintUserMessages: [ReglasJuego_C_0] El puntaje subio!
[2025.07.17-02.06.23:109][607]LogBlueprintUserMessages: [ReglasJuego_C_0] 30
[2025.07.17-02.06.49:540][144]LogBlueprintUserMessages: [ReglasJuego_C_0] El puntaje subio!
[2025.07.17-02.06.49:540][144]LogBlueprintUserMessages: [ReglasJuego_C_0] 32
[2025.07.17-02.06.55:576][502]LogBlueprintUserMessages: [ReglasJuego_C_0] El puntaje subio!
[2025.07.17-02.06.55:576][502]LogBlueprintUserMessages: [ReglasJuego_C_0] 34
[2025.07.17-02.06.55:576][502]LogBlueprintUserMessages: [ReglasJuego_C_0] Ganaste!
[2025.07.17-02.06.55:593][503]LogNet: Browse: /Game/ThirdPersonBP/Maps/GanasteLevel
[2025.07.17-02.06.55:594][503]LogLoad: LoadMap: /Game/ThirdPersonBP/Maps/GanasteLevel
[2025.07.17-02.06.55:594][503]LogWorld: BeginTearingDown for /Game/ThirdPersonBP/Maps/UEDPIE_0_ThirdPersonExampleMap
[2025.07.17-02.06.55:595][503]LogWorld: UWorld::CleanupWorld for ThirdPersonExampleMap, bSessionEnded=true, bCleanupResources=true
[2025.07.17-02.06.55:596][503]LogSlate: InvalidateAllWidgets triggered.  All widgets were invalidated
[2025.07.17-02.06.55:659][503]LogAudio: Display: Audio Device unregistered from world 'None'.
[2025.07.17-02.06.55:664][503]LogUObjectHash: Compacting FUObjectHashTables data took   3.00ms
[2025.07.17-02.06.55:698][503]LogAudio: Display: Audio Device (ID: 32) registered with world 'GanasteLevel'.
[2025.07.17-02.06.55:699][503]LogAIModule: Creating AISystem for world GanasteLevel
[2025.07.17-02.06.55:700][503]LogLoad: Game class is 'ReglasJuego_C'
[2025.07.17-02.06.55:781][503]LogWorld: Bringing World /Game/ThirdPersonBP/Maps/UEDPIE_0_GanasteLevel.GanasteLevel up for play (max tick rate 60) at 2025.07.16-23.06.55
[2025.07.17-02.06.55:782][503]LogWorld: Bringing up level for play took: 0.080702
[2025.07.17-02.06.55:782][503]LogGameMode: FindPlayerStart: PATHS NOT DEFINED or NO PLAYERSTART with positive rating
[2025.07.17-02.06.55:786][503]LogBlueprintUserMessages: [plataforma_2] Buenas buenas!
[2025.07.17-02.06.55:788][503]LogLoad: Took 0.195201 seconds to LoadMap(/Game/ThirdPersonBP/Maps/GanasteLevel)
[2025.07.17-02.06.55:876][503]PIE: Error: Blueprint Runtime Error: "Accessed None trying to read property K2Node_DynamicCast_AsPeoncito". Blueprint:  BarraVIda Function:  Get Text 0 Graph:  GetText_0 Node:  Return Node
[2025.07.17-02.06.55:905][504]PIE: Error: Blueprint Runtime Error: "Accessed None trying to read property K2Node_DynamicCast_AsPeoncito". Blueprint:  BarraVIda Function:  Get Text 0 Graph:  GetText_0 Node:  Return Node
[2025.07.17-02.06.55:930][505]PIE: Error: Blueprint Runtime Error: "Accessed None trying to read property K2Node_DynamicCast_AsPeoncito". Blueprint:  BarraVIda Function:  Get Text 0 Graph:  GetText_0 Node:  Return Node
[2025.07.17-02.06.55:947][506]PIE: Error: Blueprint Runtime Error: "Accessed None trying to read property K2Node_DynamicCast_AsPeoncito". Blueprint:  BarraVIda Function:  Get Text 0 Graph:  GetText_0 Node:  Return Node
[2025.07.17-02.06.55:965][507]PIE: Error: Blueprint Runtime Error: "Accessed None trying to read property K2Node_DynamicCast_AsPeoncito". Blueprint:  BarraVIda Function:  Get Text 0 Graph:  GetText_0 Node:  Return Node
[2025.07.17-02.06.55:979][508]PIE: Error: Blueprint Runtime Error: "Accessed None trying to read property K2Node_DynamicCast_AsPeoncito". Blueprint:  BarraVIda Function:  Get Text 0 Graph:  GetText_0 Node:  Return Node
[2025.07.17-02.06.55:996][509]PIE: Error: Blueprint Runtime Error: "Accessed None trying to read property K2Node_DynamicCast_AsPeoncito". Blueprint:  BarraVIda Function:  Get Text 0 Graph:  GetText_0 Node:  Return Node
[2025.07.17-02.06.56:012][510]PIE: Error: Blueprint Runtime Error: "Accessed None trying to read property K2Node_DynamicCast_AsPeoncito". Blueprint:  BarraVIda Function:  Get Text 0 Graph:  GetText_0 Node:  Return Node
[2025.07.17-02.06.56:029][511]PIE: Error: Blueprint Runtime Error: "Accessed None trying to read property K2Node_DynamicCast_AsPeoncito". Blueprint:  BarraVIda Function:  Get Text 0 Graph:  GetText_0 Node:  Return Node
[2025.07.17-02.06.56:046][512]PIE: Error: Blueprint Runtime Error: "Accessed None trying to read property K2Node_DynamicCast_AsPeoncito". Blueprint:  BarraVIda Function:  Get Text 0 Graph:  GetText_0 Node:  Return Node
[2025.07.17-02.06.56:062][513]PIE: Error: Blueprint Runtime Error: "Accessed None trying to read property K2Node_DynamicCast_AsPeoncito". Blueprint:  BarraVIda Function:  Get Text 0 Graph:  GetText_0 Node:  Return Node
[2025.07.17-02.06.56:079][514]PIE: Error: Blueprint Runtime Error: "Accessed None trying to read property K2Node_DynamicCast_AsPeoncito". Blueprint:  BarraVIda Function:  Get Text 0 Graph:  GetText_0 Node:  Return Node
[2025.07.17-02.06.56:096][515]PIE: Error: Blueprint Runtime Error: "Accessed None trying to read property K2Node_DynamicCast_AsPeoncito". Blueprint:  BarraVIda Function:  Get Text 0 Graph:  GetText_0 Node:  Return Node
[2025.07.17-02.06.56:113][516]PIE: Error: Blueprint Runtime Error: "Accessed None trying to read property K2Node_DynamicCast_AsPeoncito". Blueprint:  BarraVIda Function:  Get Text 0 Graph:  GetText_0 Node:  Return Node
[2025.07.17-02.06.56:130][517]PIE: Error: Blueprint Runtime Error: "Accessed None trying to read property K2Node_DynamicCast_AsPeoncito". Blueprint:  BarraVIda Function:  Get Text 0 Graph:  GetText_0 Node:  Return Node
[2025.07.17-02.06.56:148][518]PIE: Error: Blueprint Runtime Error: "Accessed None trying to read property K2Node_DynamicCast_AsPeoncito". Blueprint:  BarraVIda Function:  Get Text 0 Graph:  GetText_0 Node:  Return Node
[2025.07.17-02.06.56:165][519]PIE: Error: Blueprint Runtime Error: "Accessed None trying to read property K2Node_DynamicCast_AsPeoncito". Blueprint:  BarraVIda Function:  Get Text 0 Graph:  GetText_0 Node:  Return Node
[2025.07.17-02.06.56:187][520]PIE: Error: Blueprint Runtime Error: "Accessed None trying to read property K2Node_DynamicCast_AsPeoncito". Blueprint:  BarraVIda Function:  Get Text 0 Graph:  GetText_0 Node:  Return Node
[2025.07.17-02.06.56:200][521]PIE: Error: Blueprint Runtime Error: "Accessed None trying to read property K2Node_DynamicCast_AsPeoncito". Blueprint:  BarraVIda Function:  Get Text 0 Graph:  GetText_0 Node:  Return Node
[2025.07.17-02.06.56:219][522]PIE: Error: Blueprint Runtime Error: "Accessed None trying to read property K2Node_DynamicCast_AsPeoncito". Blueprint:  BarraVIda Function:  Get Text 0 Graph:  GetText_0 Node:  Return Node
[2025.07.17-02.06.56:238][523]PIE: Error: Blueprint Runtime Error: "Accessed None trying to read property K2Node_DynamicCast_AsPeoncito". Blueprint:  BarraVIda Function:  Get Text 0 Graph:  GetText_0 Node:  Return Node
[2025.07.17-02.06.56:254][524]PIE: Error: Blueprint Runtime Error: "Accessed None trying to read property K2Node_DynamicCast_AsPeoncito". Blueprint:  BarraVIda Function:  Get Text 0 Graph:  GetText_0 Node:  Return Node
[2025.07.17-02.06.56:271][525]PIE: Error: Blueprint Runtime Error: "Accessed None trying to read property K2Node_DynamicCast_AsPeoncito". Blueprint:  BarraVIda Function:  Get Text 0 Graph:  GetText_0 Node:  Return Node
[2025.07.17-02.06.56:288][526]PIE: Error: Blueprint Runtime Error: "Accessed None trying to read property K2Node_DynamicCast_AsPeoncito". Blueprint:  BarraVIda Function:  Get Text 0 Graph:  GetText_0 Node:  Return Node
[2025.07.17-02.06.56:304][527]PIE: Error: Blueprint Runtime Error: "Accessed None trying to read property K2Node_DynamicCast_AsPeoncito". Blueprint:  BarraVIda Function:  Get Text 0 Graph:  GetText_0 Node:  Return Node
[2025.07.17-02.06.56:320][528]PIE: Error: Blueprint Runtime Error: "Accessed None trying to read property K2Node_DynamicCast_AsPeoncito". Blueprint:  BarraVIda Function:  Get Text 0 Graph:  GetText_0 Node:  Return Node
[2025.07.17-02.06.56:337][529]PIE: Error: Blueprint Runtime Error: "Accessed None trying to read property K2Node_DynamicCast_AsPeoncito". Blueprint:  BarraVIda Function:  Get Text 0 Graph:  GetText_0 Node:  Return Node
[2025.07.17-02.06.56:353][530]PIE: Error: Blueprint Runtime Error: "Accessed None trying to read property K2Node_DynamicCast_AsPeoncito". Blueprint:  BarraVIda Function:  Get Text 0 Graph:  GetText_0 Node:  Return Node
[2025.07.17-02.06.56:371][531]PIE: Error: Blueprint Runtime Error: "Accessed None trying to read property K2Node_DynamicCast_AsPeoncito". Blueprint:  BarraVIda Function:  Get Text 0 Graph:  GetText_0 Node:  Return Node
[2025.07.17-02.06.56:387][532]PIE: Error: Blueprint Runtime Error: "Accessed None trying to read property K2Node_DynamicCast_AsPeoncito". Blueprint:  BarraVIda Function:  Get Text 0 Graph:  GetText_0 Node:  Return Node
[2025.07.17-02.06.56:404][533]PIE: Error: Blueprint Runtime Error: "Accessed None trying to read property K2Node_DynamicCast_AsPeoncito". Blueprint:  BarraVIda Function:  Get Text 0 Graph:  GetText_0 Node:  Return Node
[2025.07.17-02.06.56:424][534]PIE: Error: Blueprint Runtime Error: "Accessed None trying to read property K2Node_DynamicCast_AsPeoncito". Blueprint:  BarraVIda Function:  Get Text 0 Graph:  GetText_0 Node:  Return Node
[2025.07.17-02.06.56:442][535]PIE: Error: Blueprint Runtime Error: "Accessed None trying to read property K2Node_DynamicCast_AsPeoncito". Blueprint:  BarraVIda Function:  Get Text 0 Graph:  GetText_0 Node:  Return Node
[2025.07.17-02.06.56:459][536]PIE: Error: Blueprint Runtime Error: "Accessed None trying to read property K2Node_DynamicCast_AsPeoncito". Blueprint:  BarraVIda Function:  Get Text 0 Graph:  GetText_0 Node:  Return Node
[2025.07.17-02.06.56:473][537]PIE: Error: Blueprint Runtime Error: "Accessed None trying to read property K2Node_DynamicCast_AsPeoncito". Blueprint:  BarraVIda Function:  Get Text 0 Graph:  GetText_0 Node:  Return Node
[2025.07.17-02.06.56:490][538]PIE: Error: Blueprint Runtime Error: "Accessed None trying to read property K2Node_DynamicCast_AsPeoncito". Blueprint:  BarraVIda Function:  Get Text 0 Graph:  GetText_0 Node:  Return Node
[2025.07.17-02.06.56:509][539]PIE: Error: Blueprint Runtime Error: "Accessed None trying to read property K2Node_DynamicCast_AsPeoncito". Blueprint:  BarraVIda Function:  Get Text 0 Graph:  GetText_0 Node:  Return Node
[2025.07.17-02.06.56:524][540]PIE: Error: Blueprint Runtime Error: "Accessed None trying to read property K2Node_DynamicCast_AsPeoncito". Blueprint:  BarraVIda Function:  Get Text 0 Graph:  GetText_0 Node:  Return Node
[2025.07.17-02.06.56:542][541]PIE: Error: Blueprint Runtime Error: "Accessed None trying to read property K2Node_DynamicCast_AsPeoncito". Blueprint:  BarraVIda Function:  Get Text 0 Graph:  GetText_0 Node:  Return Node
[2025.07.17-02.06.56:557][542]PIE: Error: Blueprint Runtime Error: "Accessed None trying to read property K2Node_DynamicCast_AsPeoncito". Blueprint:  BarraVIda Function:  Get Text 0 Graph:  GetText_0 Node:  Return Node
[2025.07.17-02.06.56:574][543]PIE: Error: Blueprint Runtime Error: "Accessed None trying to read property K2Node_DynamicCast_AsPeoncito". Blueprint:  BarraVIda Function:  Get Text 0 Graph:  GetText_0 Node:  Return Node
[2025.07.17-02.06.56:589][544]PIE: Error: Blueprint Runtime Error: "Accessed None trying to read property K2Node_DynamicCast_AsPeoncito". Blueprint:  BarraVIda Function:  Get Text 0 Graph:  GetText_0 Node:  Return Node
[2025.07.17-02.06.56:606][545]PIE: Error: Blueprint Runtime Error: "Accessed None trying to read property K2Node_DynamicCast_AsPeoncito". Blueprint:  BarraVIda Function:  Get Text 0 Graph:  GetText_0 Node:  Return Node
[2025.07.17-02.06.56:623][546]PIE: Error: Blueprint Runtime Error: "Accessed None trying to read property K2Node_DynamicCast_AsPeoncito". Blueprint:  BarraVIda Function:  Get Text 0 Graph:  GetText_0 Node:  Return Node
[2025.07.17-02.06.56:640][547]PIE: Error: Blueprint Runtime Error: "Accessed None trying to read property K2Node_DynamicCast_AsPeoncito". Blueprint:  BarraVIda Function:  Get Text 0 Graph:  GetText_0 Node:  Return Node
[2025.07.17-02.06.56:657][548]PIE: Error: Blueprint Runtime Error: "Accessed None trying to read property K2Node_DynamicCast_AsPeoncito". Blueprint:  BarraVIda Function:  Get Text 0 Graph:  GetText_0 Node:  Return Node
[2025.07.17-02.06.56:673][549]PIE: Error: Blueprint Runtime Error: "Accessed None trying to read property K2Node_DynamicCast_AsPeoncito". Blueprint:  BarraVIda Function:  Get Text 0 Graph:  GetText_0 Node:  Return Node
[2025.07.17-02.06.56:690][550]PIE: Error: Blueprint Runtime Error: "Accessed None trying to read property K2Node_DynamicCast_AsPeoncito". Blueprint:  BarraVIda Function:  Get Text 0 Graph:  GetText_0 Node:  Return Node
[2025.07.17-02.06.56:706][551]PIE: Error: Blueprint Runtime Error: "Accessed None trying to read property K2Node_DynamicCast_AsPeoncito". Blueprint:  BarraVIda Function:  Get Text 0 Graph:  GetText_0 Node:  Return Node
[2025.07.17-02.06.56:723][552]PIE: Error: Blueprint Runtime Error: "Accessed None trying to read property K2Node_DynamicCast_AsPeoncito". Blueprint:  BarraVIda Function:  Get Text 0 Graph:  GetText_0 Node:  Return Node
[2025.07.17-02.06.56:740][553]PIE: Error: Blueprint Runtime Error: "Accessed None trying to read property K2Node_DynamicCast_AsPeoncito". Blueprint:  BarraVIda Function:  Get Text 0 Graph:  GetText_0 Node:  Return Node
[2025.07.17-02.06.56:756][554]PIE: Error: Blueprint Runtime Error: "Accessed None trying to read property K2Node_DynamicCast_AsPeoncito". Blueprint:  BarraVIda Function:  Get Text 0 Graph:  GetText_0 Node:  Return Node
[2025.07.17-02.06.56:773][555]PIE: Error: Blueprint Runtime Error: "Accessed None trying to read property K2Node_DynamicCast_AsPeoncito". Blueprint:  BarraVIda Function:  Get Text 0 Graph:  GetText_0 Node:  Return Node
[2025.07.17-02.06.56:789][556]PIE: Error: Blueprint Runtime Error: "Accessed None trying to read property K2Node_DynamicCast_AsPeoncito". Blueprint:  BarraVIda Function:  Get Text 0 Graph:  GetText_0 Node:  Return Node
[2025.07.17-02.06.56:807][557]PIE: Error: Blueprint Runtime Error: "Accessed None trying to read property K2Node_DynamicCast_AsPeoncito". Blueprint:  BarraVIda Function:  Get Text 0 Graph:  GetText_0 Node:  Return Node
[2025.07.17-02.06.56:823][558]PIE: Error: Blueprint Runtime Error: "Accessed None trying to read property K2Node_DynamicCast_AsPeoncito". Blueprint:  BarraVIda Function:  Get Text 0 Graph:  GetText_0 Node:  Return Node
[2025.07.17-02.06.56:840][559]PIE: Error: Blueprint Runtime Error: "Accessed None trying to read property K2Node_DynamicCast_AsPeoncito". Blueprint:  BarraVIda Function:  Get Text 0 Graph:  GetText_0 Node:  Return Node
[2025.07.17-02.06.56:856][560]PIE: Error: Blueprint Runtime Error: "Accessed None trying to read property K2Node_DynamicCast_AsPeoncito". Blueprint:  BarraVIda Function:  Get Text 0 Graph:  GetText_0 Node:  Return Node
[2025.07.17-02.06.56:873][561]PIE: Error: Blueprint Runtime Error: "Accessed None trying to read property K2Node_DynamicCast_AsPeoncito". Blueprint:  BarraVIda Function:  Get Text 0 Graph:  GetText_0 Node:  Return Node
[2025.07.17-02.06.56:890][562]PIE: Error: Blueprint Runtime Error: "Accessed None trying to read property K2Node_DynamicCast_AsPeoncito". Blueprint:  BarraVIda Function:  Get Text 0 Graph:  GetText_0 Node:  Return Node
[2025.07.17-02.06.56:975][563]LogSlate: Updating window title bar state: overlay mode, drag disabled, window buttons hidden, title bar hidden
[2025.07.17-02.06.56:975][563]LogWorld: BeginTearingDown for /Game/ThirdPersonBP/Maps/UEDPIE_0_GanasteLevel
[2025.07.17-02.06.56:975][563]LogWorld: UWorld::CleanupWorld for GanasteLevel, bSessionEnded=true, bCleanupResources=true
[2025.07.17-02.06.56:976][563]LogSlate: InvalidateAllWidgets triggered.  All widgets were invalidated
[2025.07.17-02.06.56:986][563]LogPlayLevel: Display: Shutting down PIE online subsystems
[2025.07.17-02.06.56:996][563]LogSlate: InvalidateAllWidgets triggered.  All widgets were invalidated
[2025.07.17-02.06.57:015][563]LogSlate: Updating window title bar state: overlay mode, drag disabled, window buttons hidden, title bar hidden
[2025.07.17-02.06.57:016][563]LogAudioMixer: FMixerPlatformXAudio2::StopAudioStream() called
[2025.07.17-02.06.57:017][563]LogAudioMixer: FMixerPlatformXAudio2::StopAudioStream() called
[2025.07.17-02.06.57:026][563]LogUObjectHash: Compacting FUObjectHashTables data took   2.88ms
[2025.07.17-02.06.57:280][564]LogPlayLevel: Display: Destroying online subsystem :Context_73
[2025.07.17-02.06.59:632][666]LogSlate: Window 'Message Log' being destroyed
[2025.07.17-02.06.59:653][666]LogSlate: Window 'Message Log' being destroyed
[2025.07.17-02.07.01:495][763]LogUObjectHash: Compacting FUObjectHashTables data took   3.89ms
[2025.07.17-02.07.01:618][763]LogSavePackage: Moving '../../../../../UTN-e-learning/Unreal-Engine/Unreal-Projects/TP_PreEntrega/Saved/ThirdPersonExampleMapF26716A94DD6D1DAFC1210BFE1D9C710.tmp' to '../../../../../UTN-e-learning/Unreal-Engine/Unreal-Projects/TP_PreEntrega/Content/ThirdPersonBP/Maps/ThirdPersonExampleMap.umap'
[2025.07.17-02.07.01:816][763]LogSavePackage: Moving '../../../../../UTN-e-learning/Unreal-Engine/Unreal-Projects/TP_PreEntrega/Saved/ThirdPersonExampleMap_BuiltData47CE0D434374727DB88C358C6096D558.tmp' to '../../../../../UTN-e-learning/Unreal-Engine/Unreal-Projects/TP_PreEntrega/Content/ThirdPersonBP/Maps/ThirdPersonExampleMap_BuiltData.uasset'
[2025.07.17-02.07.01:837][763]AssetCheck: New page: Asset Save: multiple assets
[2025.07.17-02.07.01:837][763]LogContentValidation: Display: Validating MapBuildDataRegistry /Game/ThirdPersonBP/Maps/ThirdPersonExampleMap_BuiltData.ThirdPersonExampleMap_BuiltData
[2025.07.17-02.07.01:837][763]LogContentValidation: Display: Validating World /Game/ThirdPersonBP/Maps/ThirdPersonExampleMap.ThirdPersonExampleMap
[2025.07.17-02.07.03:879][869]LogUObjectHash: Compacting FUObjectHashTables data took   1.13ms
[2025.07.17-02.07.26:544][869]LogSlate: Window 'Save Content' being destroyed
[2025.07.17-02.07.26:618][869]LogSlate: Window 'TP_PreEntrega - Unreal Editor' being destroyed
[2025.07.17-02.07.26:914][870]Cmd: QUIT_EDITOR
[2025.07.17-02.07.26:914][870]LogCore: Engine exit requested (reason: UUnrealEdEngine::CloseEditor())
[2025.07.17-02.07.26:954][870]LogCore: Engine exit requested (reason: EngineExit() was called; note: exit was already requested)
[2025.07.17-02.07.27:744][870]LogAudio: Display: Beginning Audio Device Manager Shutdown (Module: AudioMixerXAudio2)...
[2025.07.17-02.07.27:744][870]LogAudio: Display: Destroying 1 Remaining Audio Device(s)...
[2025.07.17-02.07.27:744][870]LogAudio: Display: Audio Device unregistered from world 'ThirdPersonExampleMap'.
[2025.07.17-02.07.27:744][870]LogAudioMixer: FMixerPlatformXAudio2::StopAudioStream() called
[2025.07.17-02.07.27:746][870]LogAudioMixer: FMixerPlatformXAudio2::StopAudioStream() called
[2025.07.17-02.07.27:758][870]LogAudio: Display: Audio Device Manager Shutdown
[2025.07.17-02.07.27:764][870]LogExit: Preparing to exit.
[2025.07.17-02.07.28:330][870]LogUObjectHash: Compacting FUObjectHashTables data took   5.43ms
[2025.07.17-02.07.28:721][870]LogActorComponent: UnregisterComponent: (None.None) Not registered. Aborting.
[2025.07.17-02.07.28:721][870]LogActorComponent: UnregisterComponent: (None.None) Not registered. Aborting.
[2025.07.17-02.07.28:721][870]LogActorComponent: UnregisterComponent: (None.None) Not registered. Aborting.
[2025.07.17-02.07.28:721][870]LogActorComponent: UnregisterComponent: (None.None) Not registered. Aborting.
[2025.07.17-02.07.28:721][870]LogActorComponent: UnregisterComponent: (None.None) Not registered. Aborting.
[2025.07.17-02.07.28:721][870]LogActorComponent: UnregisterComponent: (None.None) Not registered. Aborting.
[2025.07.17-02.07.28:721][870]LogActorComponent: UnregisterComponent: (None.None) Not registered. Aborting.
[2025.07.17-02.07.28:721][870]LogWorld: UWorld::CleanupWorld for None, bSessionEnded=true, bCleanupResources=true
[2025.07.17-02.07.28:721][870]LogActorComponent: UnregisterComponent: (None.None) Not registered. Aborting.
[2025.07.17-02.07.28:721][870]LogActorComponent: UnregisterComponent: (None.None) Not registered. Aborting.
[2025.07.17-02.07.28:721][870]LogActorComponent: UnregisterComponent: (None.None) Not registered. Aborting.
[2025.07.17-02.07.28:721][870]LogActorComponent: UnregisterComponent: (None.None) Not registered. Aborting.
[2025.07.17-02.07.28:721][870]LogActorComponent: UnregisterComponent: (None.None) Not registered. Aborting.
[2025.07.17-02.07.28:721][870]LogActorComponent: UnregisterComponent: (None.None) Not registered. Aborting.
[2025.07.17-02.07.28:721][870]LogActorComponent: UnregisterComponent: (None.None) Not registered. Aborting.
[2025.07.17-02.07.28:721][870]LogWorld: UWorld::CleanupWorld for None, bSessionEnded=true, bCleanupResources=true
[2025.07.17-02.07.28:721][870]LogActorComponent: UnregisterComponent: (None.None) Not registered. Aborting.
[2025.07.17-02.07.28:721][870]LogActorComponent: UnregisterComponent: (None.None) Not registered. Aborting.
[2025.07.17-02.07.28:721][870]LogActorComponent: UnregisterComponent: (None.None) Not registered. Aborting.
[2025.07.17-02.07.28:722][870]LogActorComponent: UnregisterComponent: (None.None) Not registered. Aborting.
[2025.07.17-02.07.28:722][870]LogActorComponent: UnregisterComponent: (None.None) Not registered. Aborting.
[2025.07.17-02.07.28:722][870]LogActorComponent: UnregisterComponent: (None.None) Not registered. Aborting.
[2025.07.17-02.07.28:722][870]LogActorComponent: UnregisterComponent: (None.None) Not registered. Aborting.
[2025.07.17-02.07.28:722][870]LogWorld: UWorld::CleanupWorld for None, bSessionEnded=true, bCleanupResources=true
[2025.07.17-02.07.28:722][870]LogActorComponent: UnregisterComponent: (None.None) Not registered. Aborting.
[2025.07.17-02.07.28:722][870]LogActorComponent: UnregisterComponent: (None.None) Not registered. Aborting.
[2025.07.17-02.07.28:722][870]LogActorComponent: UnregisterComponent: (None.None) Not registered. Aborting.
[2025.07.17-02.07.28:722][870]LogActorComponent: UnregisterComponent: (None.None) Not registered. Aborting.
[2025.07.17-02.07.28:722][870]LogActorComponent: UnregisterComponent: (None.None) Not registered. Aborting.
[2025.07.17-02.07.28:722][870]LogActorComponent: UnregisterComponent: (None.None) Not registered. Aborting.
[2025.07.17-02.07.28:722][870]LogActorComponent: UnregisterComponent: (None.None) Not registered. Aborting.
[2025.07.17-02.07.28:722][870]LogWorld: UWorld::CleanupWorld for None, bSessionEnded=true, bCleanupResources=true
[2025.07.17-02.07.28:722][870]LogActorComponent: UnregisterComponent: (None.None) Not registered. Aborting.
[2025.07.17-02.07.28:722][870]LogActorComponent: UnregisterComponent: (None.None) Not registered. Aborting.
[2025.07.17-02.07.28:722][870]LogActorComponent: UnregisterComponent: (None.None) Not registered. Aborting.
[2025.07.17-02.07.28:722][870]LogActorComponent: UnregisterComponent: (None.None) Not registered. Aborting.
[2025.07.17-02.07.28:722][870]LogActorComponent: UnregisterComponent: (None.None) Not registered. Aborting.
[2025.07.17-02.07.28:722][870]LogActorComponent: UnregisterComponent: (None.None) Not registered. Aborting.
[2025.07.17-02.07.28:722][870]LogActorComponent: UnregisterComponent: (None.None) Not registered. Aborting.
[2025.07.17-02.07.28:722][870]LogWorld: UWorld::CleanupWorld for None, bSessionEnded=true, bCleanupResources=true
[2025.07.17-02.07.28:722][870]LogActorComponent: UnregisterComponent: (None.None) Not registered. Aborting.
[2025.07.17-02.07.28:722][870]LogActorComponent: UnregisterComponent: (None.None) Not registered. Aborting.
[2025.07.17-02.07.28:723][870]LogActorComponent: UnregisterComponent: (None.None) Not registered. Aborting.
[2025.07.17-02.07.28:723][870]LogActorComponent: UnregisterComponent: (None.None) Not registered. Aborting.
[2025.07.17-02.07.28:723][870]LogActorComponent: UnregisterComponent: (None.None) Not registered. Aborting.
[2025.07.17-02.07.28:723][870]LogActorComponent: UnregisterComponent: (None.None) Not registered. Aborting.
[2025.07.17-02.07.28:723][870]LogActorComponent: UnregisterComponent: (None.None) Not registered. Aborting.
[2025.07.17-02.07.28:723][870]LogWorld: UWorld::CleanupWorld for None, bSessionEnded=true, bCleanupResources=true
[2025.07.17-02.07.28:723][870]LogActorComponent: UnregisterComponent: (None.None) Not registered. Aborting.
[2025.07.17-02.07.28:723][870]LogActorComponent: UnregisterComponent: (None.None) Not registered. Aborting.
[2025.07.17-02.07.28:723][870]LogActorComponent: UnregisterComponent: (None.None) Not registered. Aborting.
[2025.07.17-02.07.28:723][870]LogActorComponent: UnregisterComponent: (None.None) Not registered. Aborting.
[2025.07.17-02.07.28:723][870]LogActorComponent: UnregisterComponent: (None.None) Not registered. Aborting.
[2025.07.17-02.07.28:723][870]LogActorComponent: UnregisterComponent: (None.None) Not registered. Aborting.
[2025.07.17-02.07.28:723][870]LogActorComponent: UnregisterComponent: (None.None) Not registered. Aborting.
[2025.07.17-02.07.28:723][870]LogWorld: UWorld::CleanupWorld for None, bSessionEnded=true, bCleanupResources=true
[2025.07.17-02.07.28:723][870]LogActorComponent: UnregisterComponent: (None.None) Not registered. Aborting.
[2025.07.17-02.07.28:723][870]LogActorComponent: UnregisterComponent: (None.None) Not registered. Aborting.
[2025.07.17-02.07.28:723][870]LogActorComponent: UnregisterComponent: (None.None) Not registered. Aborting.
[2025.07.17-02.07.28:723][870]LogActorComponent: UnregisterComponent: (None.None) Not registered. Aborting.
[2025.07.17-02.07.28:723][870]LogActorComponent: UnregisterComponent: (None.None) Not registered. Aborting.
[2025.07.17-02.07.28:723][870]LogActorComponent: UnregisterComponent: (None.None) Not registered. Aborting.
[2025.07.17-02.07.28:723][870]LogActorComponent: UnregisterComponent: (None.None) Not registered. Aborting.
[2025.07.17-02.07.28:723][870]LogWorld: UWorld::CleanupWorld for None, bSessionEnded=true, bCleanupResources=true
[2025.07.17-02.07.28:723][870]LogActorComponent: UnregisterComponent: (None.None) Not registered. Aborting.
[2025.07.17-02.07.28:723][870]LogActorComponent: UnregisterComponent: (None.None) Not registered. Aborting.
[2025.07.17-02.07.28:723][870]LogActorComponent: UnregisterComponent: (None.None) Not registered. Aborting.
[2025.07.17-02.07.28:723][870]LogActorComponent: UnregisterComponent: (None.None) Not registered. Aborting.
[2025.07.17-02.07.28:723][870]LogActorComponent: UnregisterComponent: (None.None) Not registered. Aborting.
[2025.07.17-02.07.28:723][870]LogActorComponent: UnregisterComponent: (None.None) Not registered. Aborting.
[2025.07.17-02.07.28:723][870]LogActorComponent: UnregisterComponent: (None.None) Not registered. Aborting.
[2025.07.17-02.07.28:723][870]LogWorld: UWorld::CleanupWorld for None, bSessionEnded=true, bCleanupResources=true
[2025.07.17-02.07.28:723][870]LogActorComponent: UnregisterComponent: (None.None) Not registered. Aborting.
[2025.07.17-02.07.28:723][870]LogActorComponent: UnregisterComponent: (None.None) Not registered. Aborting.
[2025.07.17-02.07.28:723][870]LogActorComponent: UnregisterComponent: (None.None) Not registered. Aborting.
[2025.07.17-02.07.28:723][870]LogActorComponent: UnregisterComponent: (None.None) Not registered. Aborting.
[2025.07.17-02.07.28:724][870]LogActorComponent: UnregisterComponent: (None.None) Not registered. Aborting.
[2025.07.17-02.07.28:724][870]LogActorComponent: UnregisterComponent: (None.None) Not registered. Aborting.
[2025.07.17-02.07.28:724][870]LogActorComponent: UnregisterComponent: (None.None) Not registered. Aborting.
[2025.07.17-02.07.28:724][870]LogWorld: UWorld::CleanupWorld for None, bSessionEnded=true, bCleanupResources=true
[2025.07.17-02.07.28:724][870]LogActorComponent: UnregisterComponent: (None.None) Not registered. Aborting.
[2025.07.17-02.07.28:724][870]LogActorComponent: UnregisterComponent: (None.None) Not registered. Aborting.
[2025.07.17-02.07.28:724][870]LogActorComponent: UnregisterComponent: (None.None) Not registered. Aborting.
[2025.07.17-02.07.28:724][870]LogActorComponent: UnregisterComponent: (None.None) Not registered. Aborting.
[2025.07.17-02.07.28:724][870]LogActorComponent: UnregisterComponent: (None.None) Not registered. Aborting.
[2025.07.17-02.07.28:724][870]LogActorComponent: UnregisterComponent: (None.None) Not registered. Aborting.
[2025.07.17-02.07.28:724][870]LogActorComponent: UnregisterComponent: (None.None) Not registered. Aborting.
[2025.07.17-02.07.28:724][870]LogWorld: UWorld::CleanupWorld for None, bSessionEnded=true, bCleanupResources=true
[2025.07.17-02.07.28:724][870]LogActorComponent: UnregisterComponent: (None.None) Not registered. Aborting.
[2025.07.17-02.07.28:724][870]LogActorComponent: UnregisterComponent: (None.None) Not registered. Aborting.
[2025.07.17-02.07.28:724][870]LogActorComponent: UnregisterComponent: (None.None) Not registered. Aborting.
[2025.07.17-02.07.28:724][870]LogActorComponent: UnregisterComponent: (None.None) Not registered. Aborting.
[2025.07.17-02.07.28:724][870]LogActorComponent: UnregisterComponent: (None.None) Not registered. Aborting.
[2025.07.17-02.07.28:724][870]LogActorComponent: UnregisterComponent: (None.None) Not registered. Aborting.
[2025.07.17-02.07.28:724][870]LogActorComponent: UnregisterComponent: (None.None) Not registered. Aborting.
[2025.07.17-02.07.28:724][870]LogWorld: UWorld::CleanupWorld for None, bSessionEnded=true, bCleanupResources=true
[2025.07.17-02.07.28:724][870]LogActorComponent: UnregisterComponent: (None.None) Not registered. Aborting.
[2025.07.17-02.07.28:724][870]LogActorComponent: UnregisterComponent: (None.None) Not registered. Aborting.
[2025.07.17-02.07.28:724][870]LogActorComponent: UnregisterComponent: (None.None) Not registered. Aborting.
[2025.07.17-02.07.28:724][870]LogActorComponent: UnregisterComponent: (None.None) Not registered. Aborting.
[2025.07.17-02.07.28:724][870]LogActorComponent: UnregisterComponent: (None.None) Not registered. Aborting.
[2025.07.17-02.07.28:724][870]LogActorComponent: UnregisterComponent: (None.None) Not registered. Aborting.
[2025.07.17-02.07.28:724][870]LogActorComponent: UnregisterComponent: (None.None) Not registered. Aborting.
[2025.07.17-02.07.28:724][870]LogWorld: UWorld::CleanupWorld for None, bSessionEnded=true, bCleanupResources=true
[2025.07.17-02.07.28:724][870]LogActorComponent: UnregisterComponent: (None.None) Not registered. Aborting.
[2025.07.17-02.07.28:724][870]LogActorComponent: UnregisterComponent: (None.None) Not registered. Aborting.
[2025.07.17-02.07.28:724][870]LogActorComponent: UnregisterComponent: (None.None) Not registered. Aborting.
[2025.07.17-02.07.28:724][870]LogActorComponent: UnregisterComponent: (None.None) Not registered. Aborting.
[2025.07.17-02.07.28:724][870]LogActorComponent: UnregisterComponent: (None.None) Not registered. Aborting.
[2025.07.17-02.07.28:724][870]LogActorComponent: UnregisterComponent: (None.None) Not registered. Aborting.
[2025.07.17-02.07.28:724][870]LogActorComponent: UnregisterComponent: (None.None) Not registered. Aborting.
[2025.07.17-02.07.28:725][870]LogWorld: UWorld::CleanupWorld for None, bSessionEnded=true, bCleanupResources=true
[2025.07.17-02.07.28:725][870]LogActorComponent: UnregisterComponent: (None.None) Not registered. Aborting.
[2025.07.17-02.07.28:725][870]LogActorComponent: UnregisterComponent: (None.None) Not registered. Aborting.
[2025.07.17-02.07.28:725][870]LogActorComponent: UnregisterComponent: (None.None) Not registered. Aborting.
[2025.07.17-02.07.28:725][870]LogActorComponent: UnregisterComponent: (None.None) Not registered. Aborting.
[2025.07.17-02.07.28:725][870]LogActorComponent: UnregisterComponent: (None.None) Not registered. Aborting.
[2025.07.17-02.07.28:725][870]LogActorComponent: UnregisterComponent: (None.None) Not registered. Aborting.
[2025.07.17-02.07.28:725][870]LogActorComponent: UnregisterComponent: (None.None) Not registered. Aborting.
[2025.07.17-02.07.28:725][870]LogWorld: UWorld::CleanupWorld for None, bSessionEnded=true, bCleanupResources=true
[2025.07.17-02.07.28:725][870]LogActorComponent: UnregisterComponent: (None.None) Not registered. Aborting.
[2025.07.17-02.07.28:725][870]LogActorComponent: UnregisterComponent: (None.None) Not registered. Aborting.
[2025.07.17-02.07.28:725][870]LogActorComponent: UnregisterComponent: (None.None) Not registered. Aborting.
[2025.07.17-02.07.28:725][870]LogActorComponent: UnregisterComponent: (None.None) Not registered. Aborting.
[2025.07.17-02.07.28:725][870]LogActorComponent: UnregisterComponent: (None.None) Not registered. Aborting.
[2025.07.17-02.07.28:725][870]LogActorComponent: UnregisterComponent: (None.None) Not registered. Aborting.
[2025.07.17-02.07.28:725][870]LogActorComponent: UnregisterComponent: (None.None) Not registered. Aborting.
[2025.07.17-02.07.28:725][870]LogWorld: UWorld::CleanupWorld for None, bSessionEnded=true, bCleanupResources=true
[2025.07.17-02.07.28:725][870]LogActorComponent: UnregisterComponent: (None.None) Not registered. Aborting.
[2025.07.17-02.07.28:725][870]LogActorComponent: UnregisterComponent: (None.None) Not registered. Aborting.
[2025.07.17-02.07.28:725][870]LogActorComponent: UnregisterComponent: (None.None) Not registered. Aborting.
[2025.07.17-02.07.28:725][870]LogActorComponent: UnregisterComponent: (None.None) Not registered. Aborting.
[2025.07.17-02.07.28:725][870]LogActorComponent: UnregisterComponent: (None.None) Not registered. Aborting.
[2025.07.17-02.07.28:725][870]LogActorComponent: UnregisterComponent: (None.None) Not registered. Aborting.
[2025.07.17-02.07.28:725][870]LogActorComponent: UnregisterComponent: (None.None) Not registered. Aborting.
[2025.07.17-02.07.28:725][870]LogWorld: UWorld::CleanupWorld for None, bSessionEnded=true, bCleanupResources=true
[2025.07.17-02.07.28:725][870]LogActorComponent: UnregisterComponent: (None.None) Not registered. Aborting.
[2025.07.17-02.07.28:725][870]LogActorComponent: UnregisterComponent: (None.None) Not registered. Aborting.
[2025.07.17-02.07.28:725][870]LogActorComponent: UnregisterComponent: (None.None) Not registered. Aborting.
[2025.07.17-02.07.28:725][870]LogActorComponent: UnregisterComponent: (None.None) Not registered. Aborting.
[2025.07.17-02.07.28:725][870]LogActorComponent: UnregisterComponent: (None.None) Not registered. Aborting.
[2025.07.17-02.07.28:725][870]LogActorComponent: UnregisterComponent: (None.None) Not registered. Aborting.
[2025.07.17-02.07.28:725][870]LogActorComponent: UnregisterComponent: (None.None) Not registered. Aborting.
[2025.07.17-02.07.28:725][870]LogWorld: UWorld::CleanupWorld for None, bSessionEnded=true, bCleanupResources=true
[2025.07.17-02.07.28:725][870]LogActorComponent: UnregisterComponent: (None.None) Not registered. Aborting.
[2025.07.17-02.07.28:726][870]LogActorComponent: UnregisterComponent: (None.None) Not registered. Aborting.
[2025.07.17-02.07.28:726][870]LogActorComponent: UnregisterComponent: (None.None) Not registered. Aborting.
[2025.07.17-02.07.28:726][870]LogActorComponent: UnregisterComponent: (None.None) Not registered. Aborting.
[2025.07.17-02.07.28:726][870]LogActorComponent: UnregisterComponent: (None.None) Not registered. Aborting.
[2025.07.17-02.07.28:726][870]LogActorComponent: UnregisterComponent: (None.None) Not registered. Aborting.
[2025.07.17-02.07.28:726][870]LogActorComponent: UnregisterComponent: (None.None) Not registered. Aborting.
[2025.07.17-02.07.28:726][870]LogWorld: UWorld::CleanupWorld for None, bSessionEnded=true, bCleanupResources=true
[2025.07.17-02.07.28:726][870]LogActorComponent: UnregisterComponent: (None.None) Not registered. Aborting.
[2025.07.17-02.07.28:726][870]LogActorComponent: UnregisterComponent: (None.None) Not registered. Aborting.
[2025.07.17-02.07.28:726][870]LogActorComponent: UnregisterComponent: (None.None) Not registered. Aborting.
[2025.07.17-02.07.28:726][870]LogActorComponent: UnregisterComponent: (None.None) Not registered. Aborting.
[2025.07.17-02.07.28:726][870]LogActorComponent: UnregisterComponent: (None.None) Not registered. Aborting.
[2025.07.17-02.07.28:726][870]LogActorComponent: UnregisterComponent: (None.None) Not registered. Aborting.
[2025.07.17-02.07.28:726][870]LogActorComponent: UnregisterComponent: (None.None) Not registered. Aborting.
[2025.07.17-02.07.28:726][870]LogWorld: UWorld::CleanupWorld for None, bSessionEnded=true, bCleanupResources=true
[2025.07.17-02.07.28:726][870]LogActorComponent: UnregisterComponent: (None.None) Not registered. Aborting.
[2025.07.17-02.07.28:726][870]LogActorComponent: UnregisterComponent: (None.None) Not registered. Aborting.
[2025.07.17-02.07.28:726][870]LogActorComponent: UnregisterComponent: (None.None) Not registered. Aborting.
[2025.07.17-02.07.28:726][870]LogActorComponent: UnregisterComponent: (None.None) Not registered. Aborting.
[2025.07.17-02.07.28:726][870]LogActorComponent: UnregisterComponent: (None.None) Not registered. Aborting.
[2025.07.17-02.07.28:726][870]LogActorComponent: UnregisterComponent: (None.None) Not registered. Aborting.
[2025.07.17-02.07.28:726][870]LogActorComponent: UnregisterComponent: (None.None) Not registered. Aborting.
[2025.07.17-02.07.28:726][870]LogWorld: UWorld::CleanupWorld for None, bSessionEnded=true, bCleanupResources=true
[2025.07.17-02.07.28:726][870]LogActorComponent: UnregisterComponent: (None.None) Not registered. Aborting.
[2025.07.17-02.07.28:726][870]LogActorComponent: UnregisterComponent: (None.None) Not registered. Aborting.
[2025.07.17-02.07.28:726][870]LogActorComponent: UnregisterComponent: (None.None) Not registered. Aborting.
[2025.07.17-02.07.28:726][870]LogActorComponent: UnregisterComponent: (None.None) Not registered. Aborting.
[2025.07.17-02.07.28:726][870]LogActorComponent: UnregisterComponent: (None.None) Not registered. Aborting.
[2025.07.17-02.07.28:726][870]LogActorComponent: UnregisterComponent: (None.None) Not registered. Aborting.
[2025.07.17-02.07.28:727][870]LogActorComponent: UnregisterComponent: (None.None) Not registered. Aborting.
[2025.07.17-02.07.28:727][870]LogWorld: UWorld::CleanupWorld for None, bSessionEnded=true, bCleanupResources=true
[2025.07.17-02.07.28:793][870]LogDemo: Cleaned up 0 splitscreen connections with owner deletion
[2025.07.17-02.07.28:811][870]LogStylusInput: Shutting down StylusInput subsystem.
[2025.07.17-02.07.28:811][870]LogExit: Editor shut down
[2025.07.17-02.07.28:814][870]LogExit: Transaction tracking system shut down
[2025.07.17-02.07.29:192][870]LogExit: Object subsystem successfully closed.
[2025.07.17-02.07.29:212][870]LogShaderCompilers: Display: === FShaderJobCache stats ===
[2025.07.17-02.07.29:212][870]LogShaderCompilers: Display: Total job queries 426, among them cache hits 37 (8.69%)
[2025.07.17-02.07.29:212][870]LogShaderCompilers: Display: Tracking 355 distinct input hashes that result in 213 distinct outputs (60.00%)
[2025.07.17-02.07.29:213][870]LogShaderCompilers: Display: RAM used: 1.44 MB (0.00 GB) of 1638.40 MB (1.60 GB) budget. Usage: 0.09%
[2025.07.17-02.07.29:213][870]LogShaderCompilers: Display: ================================================
[2025.07.17-02.07.29:225][870]LogShaderCompilers: Display: Shaders left to compile 0
[2025.07.17-02.07.29:252][870]LogModuleManager: Shutting down and abandoning module DistCurveEditor (904)
[2025.07.17-02.07.29:252][870]LogModuleManager: Shutting down and abandoning module Cascade (902)
[2025.07.17-02.07.29:252][870]LogModuleManager: Shutting down and abandoning module HierarchicalLODUtilities (900)
[2025.07.17-02.07.29:252][870]LogModuleManager: Shutting down and abandoning module SequencerWidgets (898)
[2025.07.17-02.07.29:252][870]LogModuleManager: Shutting down and abandoning module BlueprintGraph (896)
[2025.07.17-02.07.29:252][870]LogModuleManager: Shutting down and abandoning module MovieSceneCapture (894)
[2025.07.17-02.07.29:252][870]LogModuleManager: Shutting down and abandoning module Voice (892)
[2025.07.17-02.07.29:252][870]LogModuleManager: Shutting down and abandoning module HierarchicalLODOutliner (890)
[2025.07.17-02.07.29:252][870]LogModuleManager: Shutting down and abandoning module SceneOutliner (888)
[2025.07.17-02.07.29:252][870]LogModuleManager: Shutting down and abandoning module AddContentDialog (886)
[2025.07.17-02.07.29:257][870]LogModuleManager: Shutting down and abandoning module WidgetCarousel (885)
[2025.07.17-02.07.29:257][870]LogModuleManager: Shutting down and abandoning module EditorWidgets (882)
[2025.07.17-02.07.29:257][870]LogModuleManager: Shutting down and abandoning module StatsViewer (880)
[2025.07.17-02.07.29:258][870]LogModuleManager: Shutting down and abandoning module PIEPreviewDeviceProfileSelector (878)
[2025.07.17-02.07.29:258][870]LogModuleManager: Shutting down and abandoning module SequenceRecorderSections (876)
[2025.07.17-02.07.29:258][870]LogModuleManager: Shutting down and abandoning module AutomationWorker (874)
[2025.07.17-02.07.29:258][870]LogModuleManager: Shutting down and abandoning module SteamVREditor (872)
[2025.07.17-02.07.29:258][870]LogModuleManager: Shutting down and abandoning module OculusMR (870)
[2025.07.17-02.07.29:258][870]LogModuleManager: Shutting down and abandoning module TakeRecorderSources (868)
[2025.07.17-02.07.29:258][870]LogModuleManager: Shutting down and abandoning module TakeRecorder (867)
[2025.07.17-02.07.29:258][870]LogModuleManager: Shutting down and abandoning module TakeTrackRecorders (864)
[2025.07.17-02.07.29:258][870]LogModuleManager: Shutting down and abandoning module TakesCore (862)
[2025.07.17-02.07.29:258][870]LogModuleManager: Shutting down and abandoning module OpenXRInput (860)
[2025.07.17-02.07.29:258][870]LogModuleManager: Shutting down and abandoning module GooglePADEditor (858)
[2025.07.17-02.07.29:258][870]LogModuleManager: Shutting down and abandoning module AudioCaptureEditor (856)
[2025.07.17-02.07.29:258][870]LogModuleManager: Shutting down and abandoning module MagicLeapMediaCodecFactory (854)
[2025.07.17-02.07.29:258][870]LogModuleManager: Shutting down and abandoning module MagicLeapMediaFactory (852)
[2025.07.17-02.07.29:258][870]LogModuleManager: Shutting down and abandoning module MagicLeapMediaEditor (850)
[2025.07.17-02.07.29:258][870]LogModuleManager: Shutting down and abandoning module TemplateSequenceEditor (848)
[2025.07.17-02.07.29:259][870]LogModuleManager: Shutting down and abandoning module MatineeToLevelSequence (846)
[2025.07.17-02.07.29:259][870]LogModuleManager: Shutting down and abandoning module LevelSequenceEditor (844)
[2025.07.17-02.07.29:259][870]LogModuleManager: Shutting down and abandoning module ActorSequenceEditor (842)
[2025.07.17-02.07.29:259][870]LogModuleManager: Shutting down and abandoning module WmfMediaFactory (840)
[2025.07.17-02.07.29:259][870]LogModuleManager: Shutting down and abandoning module WmfMediaEditor (838)
[2025.07.17-02.07.29:259][870]LogModuleManager: Shutting down and abandoning module WebMMediaFactory (836)
[2025.07.17-02.07.29:259][870]LogModuleManager: Shutting down and abandoning module WebMMediaEditor (834)
[2025.07.17-02.07.29:259][870]LogModuleManager: Shutting down and abandoning module WebMMedia (832)
[2025.07.17-02.07.29:259][870]LogModuleManager: Shutting down and abandoning module MediaPlayerEditor (830)
[2025.07.17-02.07.29:259][870]LogModuleManager: Shutting down and abandoning module MediaCompositingEditor (828)
[2025.07.17-02.07.29:259][870]LogModuleManager: Shutting down and abandoning module SequenceRecorder (827)
[2025.07.17-02.07.29:260][870]LogModuleManager: Shutting down and abandoning module OpenExrWrapper (824)
[2025.07.17-02.07.29:260][870]LogModuleManager: Shutting down and abandoning module ImgMediaFactory (822)
[2025.07.17-02.07.29:260][870]LogModuleManager: Shutting down and abandoning module ImgMediaEditor (820)
[2025.07.17-02.07.29:260][870]LogModuleManager: Shutting down and abandoning module AvfMediaFactory (818)
[2025.07.17-02.07.29:260][870]LogModuleManager: Shutting down and abandoning module AvfMediaEditor (816)
[2025.07.17-02.07.29:260][870]LogModuleManager: Shutting down and abandoning module AndroidMediaFactory (814)
[2025.07.17-02.07.29:260][870]LogModuleManager: Shutting down and abandoning module AndroidMediaEditor (812)
[2025.07.17-02.07.29:260][870]LogModuleManager: Shutting down and abandoning module PlanarCut (810)
[2025.07.17-02.07.29:260][870]LogModuleManager: Shutting down and abandoning module CharacterAI (808)
[2025.07.17-02.07.29:260][870]LogModuleManager: Shutting down and abandoning module CameraShakePreviewer (806)
[2025.07.17-02.07.29:260][870]LogModuleManager: Shutting down and abandoning module TextureAlignMode (804)
[2025.07.17-02.07.29:260][870]LogModuleManager: Shutting down and abandoning module BspMode (802)
[2025.07.17-02.07.29:260][870]LogModuleManager: Shutting down and abandoning module GeometryMode (800)
[2025.07.17-02.07.29:260][870]LogModuleManager: Shutting down and abandoning module SmartSnapping (798)
[2025.07.17-02.07.29:260][870]LogModuleManager: Shutting down and abandoning module SessionServices (796)
[2025.07.17-02.07.29:260][870]LogModuleManager: Shutting down and abandoning module MeshPaint (794)
[2025.07.17-02.07.29:260][870]LogModuleManager: Shutting down and abandoning module VirtualTexturingEditor (792)
[2025.07.17-02.07.29:260][870]LogModuleManager: Shutting down and abandoning module FoliageEdit (790)
[2025.07.17-02.07.29:260][870]LogModuleManager: Shutting down and abandoning module LandscapeEditor (788)
[2025.07.17-02.07.29:261][870]LogModuleManager: Shutting down and abandoning module MeshPaintMode (786)
[2025.07.17-02.07.29:261][870]LogModuleManager: Shutting down and abandoning module SceneDepthPickerMode (784)
[2025.07.17-02.07.29:261][870]LogModuleManager: Shutting down and abandoning module ActorPickerMode (782)
[2025.07.17-02.07.29:261][870]LogModuleManager: Shutting down and abandoning module PlacementMode (780)
[2025.07.17-02.07.29:261][870]LogModuleManager: Shutting down and abandoning module ViewportSnapping (778)
[2025.07.17-02.07.29:261][870]LogModuleManager: Shutting down and abandoning module ViewportInteraction (776)
[2025.07.17-02.07.29:261][870]LogModuleManager: Shutting down and abandoning module ClothPainter (774)
[2025.07.17-02.07.29:261][870]LogModuleManager: Shutting down and abandoning module SkeletalMeshEditor (773)
[2025.07.17-02.07.29:261][870]LogModuleManager: Shutting down and abandoning module LogVisualizer (770)
[2025.07.17-02.07.29:262][870]LogModuleManager: Shutting down and abandoning module IntroTutorials (768)
[2025.07.17-02.07.29:262][870]LogModuleManager: Shutting down and abandoning module GameProjectGeneration (767)
[2025.07.17-02.07.29:262][870]LogModuleManager: Shutting down and abandoning module LuminPlatformEditor (764)
[2025.07.17-02.07.29:262][870]LogModuleManager: Shutting down and abandoning module IOSPlatformEditor (762)
[2025.07.17-02.07.29:262][870]LogModuleManager: Shutting down and abandoning module AndroidPlatformEditor (760)
[2025.07.17-02.07.29:262][870]LogModuleManager: Shutting down and abandoning module AndroidDeviceDetection (759)
[2025.07.17-02.07.30:129][870]LogModuleManager: Shutting down and abandoning module WindowsPlatformEditor (756)
[2025.07.17-02.07.30:129][870]LogModuleManager: Shutting down and abandoning module LuminRuntimeSettings (754)
[2025.07.17-02.07.30:129][870]LogModuleManager: Shutting down and abandoning module IOSRuntimeSettings (752)
[2025.07.17-02.07.30:129][870]LogModuleManager: Shutting down and abandoning module AndroidRuntimeSettings (750)
[2025.07.17-02.07.30:129][870]LogModuleManager: Shutting down and abandoning module TraceInsights (748)
[2025.07.17-02.07.30:129][870]MemoryProfiler: Shutdown
[2025.07.17-02.07.30:130][870]NetworkingProfiler: Shutdown
[2025.07.17-02.07.30:130][870]LoadingProfiler: Shutdown
[2025.07.17-02.07.30:130][870]TimingProfiler: Shutdown
[2025.07.17-02.07.30:130][870]LogModuleManager: Shutting down and abandoning module TraceServices (747)
[2025.07.17-02.07.30:130][870]LogModuleManager: Shutting down and abandoning module EditorInteractiveToolsFramework (744)
[2025.07.17-02.07.30:130][870]LogModuleManager: Shutting down and abandoning module TimeManagementEditor (742)
[2025.07.17-02.07.30:130][870]LogModuleManager: Shutting down and abandoning module InputBindingEditor (740)
[2025.07.17-02.07.30:130][870]LogModuleManager: Shutting down and abandoning module MergeActors (738)
[2025.07.17-02.07.30:130][870]LogModuleManager: Shutting down and abandoning module LocalizationDashboard (736)
[2025.07.17-02.07.30:130][870]LogModuleManager: Shutting down and abandoning module LocalizationService (735)
[2025.07.17-02.07.30:130][870]LogModuleManager: Shutting down and abandoning module HardwareTargeting (732)
[2025.07.17-02.07.30:130][870]LogModuleManager: Shutting down and abandoning module DeviceProfileEditor (730)
[2025.07.17-02.07.30:131][870]LogModuleManager: Shutting down and abandoning module UndoHistory (728)
[2025.07.17-02.07.30:131][870]LogModuleManager: Shutting down and abandoning module XmlParser (726)
[2025.07.17-02.07.30:131][870]LogModuleManager: Shutting down and abandoning module Blutility (724)
[2025.07.17-02.07.30:131][870]LogModuleManager: Shutting down and abandoning module ProjectSettingsViewer (722)
[2025.07.17-02.07.30:131][870]LogModuleManager: Shutting down and abandoning module ProjectTargetPlatformEditor (721)
[2025.07.17-02.07.30:131][870]LogModuleManager: Shutting down and abandoning module EditorSettingsViewer (718)
[2025.07.17-02.07.30:131][870]LogModuleManager: Shutting down and abandoning module InternationalizationSettings (717)
[2025.07.17-02.07.30:131][870]LogModuleManager: Shutting down and abandoning module SettingsEditor (714)
[2025.07.17-02.07.30:131][870]LogModuleManager: Shutting down and abandoning module ProjectLauncher (712)
[2025.07.17-02.07.30:131][870]LogModuleManager: Shutting down and abandoning module SessionFrontend (710)
[2025.07.17-02.07.30:131][870]LogModuleManager: Shutting down and abandoning module ProfilerClient (708)
[2025.07.17-02.07.30:132][870]LogModuleManager: Shutting down and abandoning module DeviceManager (706)
[2025.07.17-02.07.30:132][870]LogModuleManager: Shutting down and abandoning module TargetDeviceServices (705)
[2025.07.17-02.07.30:165][870]LogModuleManager: Shutting down and abandoning module AutomationController (702)
[2025.07.17-02.07.30:165][870]LogModuleManager: Shutting down and abandoning module AutomationWindow (700)
[2025.07.17-02.07.30:165][870]LogModuleManager: Shutting down and abandoning module Layers (698)
[2025.07.17-02.07.30:165][870]LogModuleManager: Shutting down and abandoning module ComponentVisualizers (696)
[2025.07.17-02.07.30:165][870]LogModuleManager: Shutting down and abandoning module DetailCustomizations (694)
[2025.07.17-02.07.30:165][870]LogModuleManager: Shutting down and abandoning module PackagesDialog (692)
[2025.07.17-02.07.30:166][870]LogModuleManager: Shutting down and abandoning module AnimationBlueprintEditor (690)
[2025.07.17-02.07.30:166][870]LogModuleManager: Shutting down and abandoning module Persona (688)
[2025.07.17-02.07.30:166][870]LogModuleManager: Shutting down and abandoning module AdvancedPreviewScene (687)
[2025.07.17-02.07.30:166][870]LogModuleManager: Shutting down and abandoning module AnimGraph (685)
[2025.07.17-02.07.30:166][870]LogModuleManager: Shutting down and abandoning module Kismet (682)
[2025.07.17-02.07.30:178][870]LogModuleManager: Shutting down and abandoning module KismetWidgets (681)
[2025.07.17-02.07.30:178][870]LogModuleManager: Shutting down and abandoning module GraphEditor (678)
[2025.07.17-02.07.30:178][870]LogModuleManager: Shutting down and abandoning module StructViewer (676)
[2025.07.17-02.07.30:178][870]LogModuleManager: Shutting down and abandoning module ClassViewer (674)
[2025.07.17-02.07.30:180][870]LogModuleManager: Shutting down and abandoning module Toolbox (672)
[2025.07.17-02.07.30:180][870]LogModuleManager: Shutting down and abandoning module ModuleUI (670)
[2025.07.17-02.07.30:180][870]LogModuleManager: Shutting down and abandoning module OutputLog (668)
[2025.07.17-02.07.30:186][870]LogModuleManager: Shutting down and abandoning module GammaUI (666)
[2025.07.17-02.07.30:186][870]LogModuleManager: Shutting down and abandoning module Documentation (664)
[2025.07.17-02.07.30:188][870]LogModuleManager: Shutting down and abandoning module LiveCoding (662)
[2025.07.17-02.07.30:188][870]LogModuleManager: Shutting down and abandoning module LevelSequence (660)
[2025.07.17-02.07.30:188][870]LogModuleManager: Shutting down and abandoning module MovieSceneTracks (658)
[2025.07.17-02.07.30:188][870]LogModuleManager: Shutting down and abandoning module MovieScene (656)
[2025.07.17-02.07.30:188][870]LogModuleManager: Shutting down and abandoning module StreamingPauseRendering (654)
[2025.07.17-02.07.30:188][870]LogModuleManager: Shutting down and abandoning module LauncherPlatform (652)
[2025.07.17-02.07.30:188][870]LogModuleManager: Shutting down and abandoning module AnalyticsET (650)
[2025.07.17-02.07.30:188][870]LogModuleManager: Shutting down and abandoning module PortalServices (648)
[2025.07.17-02.07.30:188][870]LogModuleManager: Shutting down and abandoning module PortalRpc (646)
[2025.07.17-02.07.30:188][870]LogModuleManager: Shutting down and abandoning module MessagingRpc (644)
[2025.07.17-02.07.30:188][870]LogModuleManager: Shutting down and abandoning module AudioMixerXAudio2 (642)
[2025.07.17-02.07.30:188][870]LogModuleManager: Shutting down and abandoning module AudioMixerCore (641)
[2025.07.17-02.07.30:188][870]LogModuleManager: Shutting down and abandoning module AIModule (638)
[2025.07.17-02.07.30:188][870]LogModuleManager: Shutting down and abandoning module GameplayDebugger (637)
[2025.07.17-02.07.30:188][870]LogModuleManager: Shutting down and abandoning module AITestSuite (635)
[2025.07.17-02.07.30:188][870]LogModuleManager: Shutting down and abandoning module NavigationSystem (633)
[2025.07.17-02.07.30:188][870]LogModuleManager: Shutting down and abandoning module ImageWriteQueue (630)
[2025.07.17-02.07.30:188][870]LogModuleManager: Shutting down and abandoning module ProfilerService (628)
[2025.07.17-02.07.30:299][870]LogModuleManager: Shutting down and abandoning module TaskGraph (626)
[2025.07.17-02.07.30:299][870]LogModuleManager: Shutting down and abandoning module AudioSynesthesiaEditor (624)
[2025.07.17-02.07.30:299][870]LogModuleManager: Shutting down and abandoning module OculusEditor (622)
[2025.07.17-02.07.30:299][870]LogModuleManager: Shutting down and abandoning module OculusInput (620)
[2025.07.17-02.07.30:299][870]LogModuleManager: Shutting down and abandoning module ContentBrowserFileDataSource (618)
[2025.07.17-02.07.30:299][870]LogModuleManager: Shutting down and abandoning module ContentBrowserClassDataSource (616)
[2025.07.17-02.07.30:299][870]LogModuleManager: Shutting down and abandoning module ContentBrowserAssetDataSource (614)
[2025.07.17-02.07.30:299][870]LogModuleManager: Shutting down and abandoning module CollectionManager (613)
[2025.07.17-02.07.30:300][870]LogModuleManager: Shutting down and abandoning module SynthesisEditor (610)
[2025.07.17-02.07.30:300][870]LogModuleManager: Shutting down and abandoning module Synthesis (608)
[2025.07.17-02.07.30:300][870]LogModuleManager: Shutting down and abandoning module ProceduralMeshComponentEditor (606)
[2025.07.17-02.07.30:300][870]LogModuleManager: Shutting down and abandoning module ProceduralMeshComponent (604)
[2025.07.17-02.07.30:300][870]LogModuleManager: Shutting down and abandoning module TakeSequencer (602)
[2025.07.17-02.07.30:300][870]LogModuleManager: Shutting down and abandoning module TakeMovieScene (600)
[2025.07.17-02.07.30:300][870]LogModuleManager: Shutting down and abandoning module OpenXREditor (598)
[2025.07.17-02.07.30:300][870]LogModuleManager: Shutting down and abandoning module MobilePatchingUtils (596)
[2025.07.17-02.07.30:300][870]LogModuleManager: Shutting down and abandoning module ScreenshotTools (594)
[2025.07.17-02.07.30:300][870]LogModuleManager: Shutting down and abandoning module HairStrandsEditor (592)
[2025.07.17-02.07.30:300][870]LogModuleManager: Shutting down and abandoning module GooglePAD (590)
[2025.07.17-02.07.30:300][870]LogModuleManager: Shutting down and abandoning module EditableMesh (588)
[2025.07.17-02.07.30:301][870]LogModuleManager: Shutting down and abandoning module CustomMeshComponent (586)
[2025.07.17-02.07.30:301][870]LogModuleManager: Shutting down and abandoning module AudioCapture (584)
[2025.07.17-02.07.30:301][870]LogModuleManager: Shutting down and abandoning module AudioCaptureRtAudio (583)
[2025.07.17-02.07.30:301][870]LogModuleManager: Shutting down and abandoning module CableComponent (580)
[2025.07.17-02.07.30:301][870]LogModuleManager: Shutting down and abandoning module AssetTags (578)
[2025.07.17-02.07.30:301][870]LogModuleManager: Shutting down and abandoning module ArchVisCharacter (576)
[2025.07.17-02.07.30:301][870]LogModuleManager: Shutting down and abandoning module AndroidPermission (574)
[2025.07.17-02.07.30:301][870]LogModuleManager: Shutting down and abandoning module AppleImageUtilsBlueprintSupport (572)
[2025.07.17-02.07.30:301][870]LogModuleManager: Shutting down and abandoning module AppleImageUtils (570)
[2025.07.17-02.07.30:301][870]LogModuleManager: Shutting down and abandoning module ActorLayerUtilitiesEditor (568)
[2025.07.17-02.07.30:301][870]LogModuleManager: Shutting down and abandoning module ActorLayerUtilities (566)
[2025.07.17-02.07.30:301][870]LogModuleManager: Shutting down and abandoning module MagicLeapSharedWorld (564)
[2025.07.17-02.07.30:301][870]LogModuleManager: Shutting down and abandoning module MagicLeapLightEstimation (562)
[2025.07.17-02.07.30:301][870]LogModuleManager: Shutting down and abandoning module MagicLeapHelperVulkan (560)
[2025.07.17-02.07.30:301][870]LogModuleManager: Shutting down and abandoning module MagicLeapHelperOpenGL (558)
[2025.07.17-02.07.30:301][870]LogModuleManager: Shutting down and abandoning module MagicLeapAudio (556)
[2025.07.17-02.07.30:301][870]LogModuleManager: Shutting down and abandoning module TemplateSequence (554)
[2025.07.17-02.07.30:301][870]LogModuleManager: Shutting down and abandoning module MediaCompositing (552)
[2025.07.17-02.07.30:301][870]LogModuleManager: Shutting down and abandoning module ImgMedia (550)
[2025.07.17-02.07.30:301][870]LogModuleManager: Shutting down and abandoning module MotoSynthEditor (548)
[2025.07.17-02.07.30:301][870]LogModuleManager: Shutting down and abandoning module MotoSynth (546)
[2025.07.17-02.07.30:302][870]LogModuleManager: Shutting down and abandoning module OpenImageDenoise (544)
[2025.07.17-02.07.30:302][870]LogOpenImageDenoise: OIDN shutting down
[2025.07.17-02.07.30:302][870]LogModuleManager: Shutting down and abandoning module ModelingToolsEditorMode (542)
[2025.07.17-02.07.30:302][870]LogModuleManager: Shutting down and abandoning module MeshModelingToolsEditorOnly (540)
[2025.07.17-02.07.30:302][870]LogModuleManager: Shutting down and abandoning module MeshModelingTools (538)
[2025.07.17-02.07.30:302][870]LogModuleManager: Shutting down and abandoning module ModelingOperatorsEditorOnly (536)
[2025.07.17-02.07.30:302][870]LogModuleManager: Shutting down and abandoning module ModelingOperators (534)
[2025.07.17-02.07.30:302][870]LogModuleManager: Shutting down and abandoning module ModelingComponents (532)
[2025.07.17-02.07.30:302][870]LogModuleManager: Shutting down and abandoning module MeshConversion (530)
[2025.07.17-02.07.30:302][870]LogModuleManager: Shutting down and abandoning module DynamicMesh (528)
[2025.07.17-02.07.30:302][870]LogModuleManager: Shutting down and abandoning module GeometryAlgorithms (526)
[2025.07.17-02.07.30:303][870]LogModuleManager: Shutting down and abandoning module GeometricObjects (524)
[2025.07.17-02.07.30:303][870]LogModuleManager: Shutting down and abandoning module GeometryCollectionTracks (522)
[2025.07.17-02.07.30:303][870]LogModuleManager: Shutting down and abandoning module GeometryCollectionSequencer (521)
[2025.07.17-02.07.30:303][870]LogModuleManager: Shutting down and abandoning module GeometryCollectionEditor (518)
[2025.07.17-02.07.30:303][870]LogModuleManager: Shutting down and abandoning module GeometryCacheTracks (516)
[2025.07.17-02.07.30:303][870]LogModuleManager: Shutting down and abandoning module GeometryCacheStreamer (514)
[2025.07.17-02.07.30:303][870]LogModuleManager: Shutting down and abandoning module GeometryCacheSequencer (512)
[2025.07.17-02.07.30:303][870]LogModuleManager: Shutting down and abandoning module ChaosSolverEditor (510)
[2025.07.17-02.07.30:303][870]LogModuleManager: Shutting down and abandoning module ChaosNiagara (508)
[2025.07.17-02.07.30:303][870]LogModuleManager: Shutting down and abandoning module FractureEditor (506)
[2025.07.17-02.07.30:303][870]LogModuleManager: Shutting down and abandoning module FieldSystemEngine (505)
[2025.07.17-02.07.30:305][870]LogModuleManager: Shutting down and abandoning module ChaosClothEditor (502)
[2025.07.17-02.07.30:306][870]LogModuleManager: Shutting down and abandoning module BackChannel (500)
[2025.07.17-02.07.30:306][870]LogModuleManager: Shutting down and abandoning module AutomationUtilsEditor (498)
[2025.07.17-02.07.30:306][870]LogModuleManager: Shutting down and abandoning module AutomationUtils (496)
[2025.07.17-02.07.30:306][870]LogModuleManager: Shutting down and abandoning module AlembicImporter (494)
[2025.07.17-02.07.30:306][870]LogModuleManager: Shutting down and abandoning module AlembicLibrary (493)
[2025.07.17-02.07.30:306][870]LogModuleManager: Shutting down and abandoning module GeometryCache (492)
[2025.07.17-02.07.30:306][870]LogModuleManager: Shutting down and abandoning module GeometryCacheEd (491)
[2025.07.17-02.07.30:306][870]LogModuleManager: Shutting down and abandoning module VisualStudioSourceCodeAccess (486)
[2025.07.17-02.07.30:306][870]LogModuleManager: Shutting down and abandoning module VisualStudioCodeSourceCodeAccess (484)
[2025.07.17-02.07.30:306][870]LogModuleManager: Shutting down and abandoning module UObjectPlugin (482)
[2025.07.17-02.07.30:306][870]LogModuleManager: Shutting down and abandoning module NiagaraEditorWidgets (480)
[2025.07.17-02.07.30:307][870]LogModuleManager: Shutting down and abandoning module SubversionSourceControl (478)
[2025.07.17-02.07.30:307][870]LogModuleManager: Shutting down and abandoning module RiderSourceCodeAccess (476)
[2025.07.17-02.07.30:307][870]LogModuleManager: Shutting down and abandoning module PluginUtils (474)
[2025.07.17-02.07.30:307][870]LogModuleManager: Shutting down and abandoning module PlasticSourceControl (472)
[2025.07.17-02.07.30:307][870]LogModuleManager: Shutting down and abandoning module PerforceSourceControl (470)
[2025.07.17-02.07.30:307][870]LogModuleManager: Shutting down and abandoning module StylusInput (468)
[2025.07.17-02.07.30:307][870]LogModuleManager: Shutting down and abandoning module SpeedTreeImporter (466)
[2025.07.17-02.07.30:307][870]LogModuleManager: Shutting down and abandoning module PluginBrowser (464)
[2025.07.17-02.07.30:307][870]LogModuleManager: Shutting down and abandoning module GitSourceControl (462)
[2025.07.17-02.07.30:307][870]LogModuleManager: Shutting down and abandoning module SourceControl (461)
[2025.07.17-02.07.30:308][870]LogModuleManager: Shutting down and abandoning module MobileLauncherProfileWizard (458)
[2025.07.17-02.07.30:308][870]LogModuleManager: Shutting down and abandoning module MaterialAnalyzer (456)
[2025.07.17-02.07.30:308][870]LogModuleManager: Shutting down and abandoning module CryptoKeysOpenSSL (454)
[2025.07.17-02.07.30:308][870]LogModuleManager: Shutting down and abandoning module CryptoKeys (452)
[2025.07.17-02.07.30:308][870]LogModuleManager: Shutting down and abandoning module CurveEditorTools (450)
[2025.07.17-02.07.30:308][870]LogModuleManager: Shutting down and abandoning module VariantManagerContentEditor (448)
[2025.07.17-02.07.30:308][870]LogModuleManager: Shutting down and abandoning module DatasmithContentEditor (446)
[2025.07.17-02.07.30:309][870]LogModuleManager: Shutting down and abandoning module CLionSourceCodeAccess (444)
[2025.07.17-02.07.30:309][870]LogModuleManager: Shutting down and abandoning module AnimationSharingEd (442)
[2025.07.17-02.07.30:309][870]LogModuleManager: Shutting down and abandoning module OodleNetworkHandlerComponent (440)
[2025.07.17-02.07.30:309][870]LogModuleManager: Shutting down and abandoning module LiveLinkSequencer (438)
[2025.07.17-02.07.30:309][870]LogModuleManager: Shutting down and abandoning module LiveLinkMovieScene (436)
[2025.07.17-02.07.30:309][870]LogModuleManager: Shutting down and abandoning module LiveLinkGraphNode (434)
[2025.07.17-02.07.30:309][870]LogModuleManager: Shutting down and abandoning module LiveLinkEditor (432)
[2025.07.17-02.07.30:309][870]LogModuleManager: Shutting down and abandoning module LiveLinkComponents (430)
[2025.07.17-02.07.30:309][870]LogModuleManager: Shutting down and abandoning module LiveLink (428)
[2025.07.17-02.07.31:147][870]LogModuleManager: Shutting down and abandoning module LightPropagationVolumeEditor (426)
[2025.07.17-02.07.31:148][870]LogModuleManager: Shutting down and abandoning module PaperTiledImporter (424)
[2025.07.17-02.07.31:148][870]LogModuleManager: Shutting down and abandoning module PaperSpriteSheetImporter (422)
[2025.07.17-02.07.31:158][870]LogModuleManager: Shutting down and abandoning module Paper2DEditor (420)
[2025.07.17-02.07.31:158][870]LogModuleManager: Shutting down and abandoning module MeshPaintingToolset (418)
[2025.07.17-02.07.31:158][870]LogModuleManager: Shutting down and abandoning module MeshPaintEditorMode (416)
[2025.07.17-02.07.31:159][870]LogModuleManager: Shutting down and abandoning module TP_PreEntrega (414)
[2025.07.17-02.07.31:159][870]LogModuleManager: Shutting down and abandoning module SoundFields (412)
[2025.07.17-02.07.31:159][870]LogModuleManager: Shutting down and abandoning module RuntimePhysXCooking (410)
[2025.07.17-02.07.31:159][870]LogModuleManager: Shutting down and abandoning module SignificanceManager (408)
[2025.07.17-02.07.31:160][870]LogModuleManager: Shutting down and abandoning module PropertyAccessEditor (406)
[2025.07.17-02.07.31:166][870]LogModuleManager: Shutting down and abandoning module PhysXVehiclesEditor (404)
[2025.07.17-02.07.31:168][870]LogModuleManager: Shutting down and abandoning module LocationServicesBPLibrary (400)
[2025.07.17-02.07.31:168][870]LogModuleManager: Shutting down and abandoning module AudioSynesthesia (398)
[2025.07.17-02.07.31:168][870]LogModuleManager: Shutting down and abandoning module AudioSynesthesiaCore (396)
[2025.07.17-02.07.31:168][870]LogModuleManager: Shutting down and abandoning module UdpMessaging (394)
[2025.07.17-02.07.31:313][870]LogModuleManager: Shutting down and abandoning module TcpMessaging (392)
[2025.07.17-02.07.31:417][870]LogModuleManager: Shutting down and abandoning module MagicLeapARPin (390)
[2025.07.17-02.07.31:417][870]LogModuleManager: Shutting down and abandoning module MagicLeapHandMeshing (388)
[2025.07.17-02.07.31:417][870]LogModuleManager: Shutting down and abandoning module MagicLeapSecureStorage (386)
[2025.07.17-02.07.31:417][870]LogModuleManager: Shutting down and abandoning module MagicLeapPrivileges (384)
[2025.07.17-02.07.31:417][870]LogModuleManager: Shutting down and abandoning module MagicLeapPlanes (382)
[2025.07.17-02.07.31:417][870]LogMagicLeapPlanes: Planes tracker already destroyed.
[2025.07.17-02.07.31:418][870]LogModuleManager: Shutting down and abandoning module MagicLeapImageTracker (380)
[2025.07.17-02.07.31:418][870]LogModuleManager: Shutting down and abandoning module MagicLeapIdentity (378)
[2025.07.17-02.07.31:418][870]LogModuleManager: Shutting down and abandoning module MagicLeapHandTracking (376)
[2025.07.17-02.07.31:418][870]LogModuleManager: Shutting down and abandoning module MagicLeapEyeTracker (374)
[2025.07.17-02.07.31:418][870]LogModuleManager: Shutting down and abandoning module MagicLeapController (372)
[2025.07.17-02.07.31:418][870]LogModuleManager: Shutting down and abandoning module MagicLeapARPinImpl (370)
[2025.07.17-02.07.31:418][870]LogModuleManager: Shutting down and abandoning module MagicLeapAR (368)
[2025.07.17-02.07.31:419][870]LogModuleManager: Shutting down and abandoning module ActorSequence (366)
[2025.07.17-02.07.31:419][870]LogModuleManager: Shutting down and abandoning module ImgMediaEngine (364)
[2025.07.17-02.07.31:419][870]LogModuleManager: Shutting down and abandoning module PythonScriptPlugin (362)
[2025.07.17-02.07.31:419][870]LogModuleManager: Shutting down and abandoning module GameplayCameras (360)
[2025.07.17-02.07.31:419][870]LogModuleManager: Shutting down and abandoning module NiagaraAnimNotifies (358)
[2025.07.17-02.07.31:420][870]LogModuleManager: Shutting down and abandoning module Niagara (356)
[2025.07.17-02.07.31:420][870]LogModuleManager: Shutting down and abandoning module SignalProcessing (355)
[2025.07.17-02.07.31:421][870]LogModuleManager: Shutting down and abandoning module NiagaraEditor (353)
[2025.07.17-02.07.31:423][870]LogModuleManager: Shutting down and abandoning module NiagaraCore (350)
[2025.07.17-02.07.31:423][870]LogModuleManager: Shutting down and abandoning module PropertyAccessNode (348)
[2025.07.17-02.07.31:423][870]LogModuleManager: Shutting down and abandoning module GameplayTagsEditor (346)
[2025.07.17-02.07.31:424][870]LogModuleManager: Shutting down and abandoning module FacialAnimationEditor (344)
[2025.07.17-02.07.31:424][870]LogModuleManager: Shutting down and abandoning module FacialAnimation (342)
[2025.07.17-02.07.31:424][870]LogModuleManager: Shutting down and abandoning module DataValidation (340)
[2025.07.17-02.07.31:424][870]LogModuleManager: Shutting down and abandoning module AssetManagerEditor (338)
[2025.07.17-02.07.31:425][870]LogModuleManager: Shutting down and abandoning module LevelEditor (337)
[2025.07.17-02.07.31:432][870]LogModuleManager: Shutting down and abandoning module PixelInspectorModule (336)
[2025.07.17-02.07.31:432][870]LogModuleManager: Shutting down and abandoning module CommonMenuExtensions (334)
[2025.07.17-02.07.31:433][870]LogModuleManager: Shutting down and abandoning module MainFrame (332)
[2025.07.17-02.07.31:433][870]LogModuleManager: Shutting down and abandoning module HotReload (331)
[2025.07.17-02.07.31:435][870]LogModuleManager: Shutting down and abandoning module ToolMenus (327)
[2025.07.17-02.07.31:435][870]LogModuleManager: Shutting down and abandoning module ContentBrowser (325)
[2025.07.17-02.07.31:435][870]LogModuleManager: Shutting down and abandoning module ContentBrowserData (324)
[2025.07.17-02.07.31:435][870]LogModuleManager: Shutting down and abandoning module TreeMap (321)
[2025.07.17-02.07.31:435][870]LogModuleManager: Shutting down and abandoning module AnimationSharing (318)
[2025.07.17-02.07.31:435][870]LogModuleManager: Shutting down and abandoning module LightPropagationVolumeRuntime (316)
[2025.07.17-02.07.31:436][870]LogModuleManager: Shutting down and abandoning module EnvironmentQueryEditor (314)
[2025.07.17-02.07.31:474][870]LogModuleManager: Shutting down and abandoning module Paper2D (312)
[2025.07.17-02.07.31:474][870]LogModuleManager: Shutting down and abandoning module WindowsMoviePlayer (310)
[2025.07.17-02.07.31:541][870]LogModuleManager: Shutting down and abandoning module WebMMoviePlayer (308)
[2025.07.17-02.07.31:541][870]LogModuleManager: Shutting down and abandoning module NetworkReplayStreaming (306)
[2025.07.17-02.07.31:541][870]LogModuleManager: Shutting down and abandoning module PacketHandler (304)
[2025.07.17-02.07.31:541][870]LogModuleManager: Shutting down and abandoning module ClothingSystemEditor (302)
[2025.07.17-02.07.31:542][870]LogModuleManager: Shutting down and abandoning module ClothingSystemRuntimeNv (300)
[2025.07.17-02.07.31:542][870]LogModuleManager: Shutting down and abandoning module MediaAssets (298)
[2025.07.17-02.07.31:542][870]LogModuleManager: Shutting down and abandoning module Overlay (296)
[2025.07.17-02.07.31:542][870]LogModuleManager: Shutting down and abandoning module OverlayEditor (295)
[2025.07.17-02.07.31:542][870]LogModuleManager: Shutting down and abandoning module VREditor (292)
[2025.07.17-02.07.31:542][870]LogModuleManager: Shutting down and abandoning module StringTableEditor (290)
[2025.07.17-02.07.31:543][870]LogModuleManager: Shutting down and abandoning module GameplayTasksEditor (288)
[2025.07.17-02.07.31:543][870]LogModuleManager: Shutting down and abandoning module BehaviorTreeEditor (286)
[2025.07.17-02.07.31:543][870]LogModuleManager: Shutting down and abandoning module FunctionalTesting (284)
[2025.07.17-02.07.31:543][870]LogModuleManager: Shutting down and abandoning module CollisionAnalyzer (282)
[2025.07.17-02.07.31:543][870]LogModuleManager: Shutting down and abandoning module WorkspaceMenuStructure (281)
[2025.07.17-02.07.31:544][870]LogModuleManager: Shutting down and abandoning module UMG (278)
[2025.07.17-02.07.31:544][870]LogModuleManager: Shutting down and abandoning module UMGEditor (277)
[2025.07.17-02.07.31:544][870]LogModuleManager: Shutting down and abandoning module MessageLog (275)
[2025.07.17-02.07.31:544][870]LogModuleManager: Shutting down and abandoning module SlateReflector (270)
[2025.07.17-02.07.31:545][870]LogModuleManager: Shutting down and abandoning module Slate (268)
[2025.07.17-02.07.31:545][870]LogModuleManager: Shutting down and abandoning module SlateCore (266)
[2025.07.17-02.07.31:551][870]LogModuleManager: Shutting down and abandoning module LandscapeEditorUtilities (264)
[2025.07.17-02.07.31:552][870]LogModuleManager: Shutting down and abandoning module UnrealEd (262)
[2025.07.17-02.07.31:552][870]LogModuleManager: Shutting down and abandoning module MRMesh (260)
[2025.07.17-02.07.31:552][870]LogModuleManager: Shutting down and abandoning module SourceCodeAccess (258)
[2025.07.17-02.07.31:552][870]LogModuleManager: Shutting down and abandoning module HeadMountedDisplay (256)
[2025.07.17-02.07.31:554][870]LogModuleManager: Shutting down and abandoning module XAudio2 (254)
[2025.07.17-02.07.31:554][870]LogModuleManager: Shutting down and abandoning module Networking (252)
[2025.07.17-02.07.31:555][870]LogModuleManager: Shutting down and abandoning module Core (250)
[2025.07.17-02.07.31:555][870]LogModuleManager: Shutting down and abandoning module MaterialEditor (248)
[2025.07.17-02.07.31:555][870]LogModuleManager: Shutting down and abandoning module MovieSceneTools (246)
[2025.07.17-02.07.31:555][870]LogModuleManager: Shutting down and abandoning module CurveEditor (245)
[2025.07.17-02.07.31:557][870]LogModuleManager: Shutting down and abandoning module Sequencer (243)
[2025.07.17-02.07.31:558][870]LogModuleManager: Shutting down and abandoning module EditorStyle (242)
[2025.07.17-02.07.31:568][870]LogModuleManager: Shutting down and abandoning module KismetCompiler (238)
[2025.07.17-02.07.31:568][870]LogModuleManager: Shutting down and abandoning module MeshBuilder (236)
[2025.07.17-02.07.31:569][870]LogModuleManager: Shutting down and abandoning module MeshUtilities (234)
[2025.07.17-02.07.31:569][870]LogModuleManager: Shutting down and abandoning module MeshMergeUtilities (233)
[2025.07.17-02.07.31:569][870]LogModuleManager: Shutting down and abandoning module MeshReductionInterface (232)
[2025.07.17-02.07.31:569][870]LogModuleManager: Shutting down and abandoning module MeshBoneReduction (231)
[2025.07.17-02.07.31:569][870]LogModuleManager: Shutting down and abandoning module SkeletalMeshReduction (229)
[2025.07.17-02.07.31:569][870]LogModuleManager: Shutting down and abandoning module ProxyLODMeshReduction (227)
[2025.07.17-02.07.31:570][870]LogModuleManager: Shutting down and abandoning module QuadricMeshReduction (225)
[2025.07.17-02.07.31:570][870]LogModuleManager: Shutting down and abandoning module MaterialBaking (221)
[2025.07.17-02.07.31:570][870]LogModuleManager: Shutting down and abandoning module NullInstallBundleManager (216)
[2025.07.17-02.07.31:571][870]LogModuleManager: Shutting down and abandoning module DerivedDataCache (214)
[2025.07.17-02.07.31:572][870]LogModuleManager: Shutting down and abandoning module TargetPlatform (212)
[2025.07.17-02.07.31:572][870]LogModuleManager: Shutting down and abandoning module VulkanShaderFormat (211)
[2025.07.17-02.07.31:573][870]LogModuleManager: Shutting down and abandoning module ShaderFormatVectorVM (209)
[2025.07.17-02.07.31:573][870]LogModuleManager: Shutting down and abandoning module ShaderFormatOpenGL (207)
[2025.07.17-02.07.31:574][870]LogModuleManager: Shutting down and abandoning module ShaderFormatD3D (205)
[2025.07.17-02.07.31:574][870]LogModuleManager: Shutting down and abandoning module MetalShaderFormat (203)
[2025.07.17-02.07.31:574][870]LogModuleManager: Shutting down and abandoning module TextureFormatOodle (201)
[2025.07.17-02.07.31:574][870]LogModuleManager: Shutting down and abandoning module TextureFormatUncompressed (199)
[2025.07.17-02.07.31:574][870]LogModuleManager: Shutting down and abandoning module TextureFormatPVR (197)
[2025.07.17-02.07.31:575][870]LogModuleManager: Shutting down and abandoning module TextureFormatETC2 (195)
[2025.07.17-02.07.31:575][870]LogModuleManager: Shutting down and abandoning module TextureFormatDXT (193)
[2025.07.17-02.07.31:575][870]LogModuleManager: Shutting down and abandoning module TextureFormatIntelISPCTexComp (191)
[2025.07.17-02.07.31:575][870]LogModuleManager: Shutting down and abandoning module TextureFormatASTC (189)
[2025.07.17-02.07.31:575][870]LogModuleManager: Shutting down and abandoning module ImageWrapper (188)
[2025.07.17-02.07.31:575][870]LogModuleManager: Shutting down and abandoning module AudioFormatOpus (185)
[2025.07.17-02.07.31:576][870]LogModuleManager: Shutting down and abandoning module AudioFormatOgg (183)
[2025.07.17-02.07.31:576][870]LogModuleManager: Shutting down and abandoning module AudioFormatADPCM (181)
[2025.07.17-02.07.31:576][870]LogModuleManager: Shutting down and abandoning module WindowsServerTargetPlatform (179)
[2025.07.17-02.07.31:577][870]LogModuleManager: Shutting down and abandoning module WindowsClientTargetPlatform (177)
[2025.07.17-02.07.31:577][870]LogModuleManager: Shutting down and abandoning module WindowsTargetPlatform (175)
[2025.07.17-02.07.31:577][870]LogModuleManager: Shutting down and abandoning module WindowsNoEditorTargetPlatform (173)
[2025.07.17-02.07.31:577][870]LogModuleManager: Shutting down and abandoning module TVOSTargetPlatform (171)
[2025.07.17-02.07.31:603][870]LogModuleManager: Shutting down and abandoning module MacServerTargetPlatform (169)
[2025.07.17-02.07.31:604][870]LogModuleManager: Shutting down and abandoning module MacClientTargetPlatform (167)
[2025.07.17-02.07.31:604][870]LogModuleManager: Shutting down and abandoning module MacTargetPlatform (165)
[2025.07.17-02.07.31:604][870]LogModuleManager: Shutting down and abandoning module MacNoEditorTargetPlatform (163)
[2025.07.17-02.07.31:605][870]LogModuleManager: Shutting down and abandoning module LuminTargetPlatform (161)
[2025.07.17-02.07.31:678][870]LogModuleManager: Shutting down and abandoning module LinuxAArch64ServerTargetPlatform (159)
[2025.07.17-02.07.31:678][870]LogModuleManager: Shutting down and abandoning module LinuxAArch64ClientTargetPlatform (157)
[2025.07.17-02.07.31:678][870]LogModuleManager: Shutting down and abandoning module LinuxAArch64NoEditorTargetPlatform (155)
[2025.07.17-02.07.31:678][870]LogModuleManager: Shutting down and abandoning module LinuxServerTargetPlatform (153)
[2025.07.17-02.07.31:679][870]LogModuleManager: Shutting down and abandoning module LinuxClientTargetPlatform (151)
[2025.07.17-02.07.31:679][870]LogModuleManager: Shutting down and abandoning module LinuxNoEditorTargetPlatform (149)
[2025.07.17-02.07.31:679][870]LogModuleManager: Shutting down and abandoning module LinuxTargetPlatform (147)
[2025.07.17-02.07.31:679][870]LogModuleManager: Shutting down and abandoning module Messaging (145)
[2025.07.17-02.07.31:679][870]LogModuleManager: Shutting down and abandoning module IOSTargetPlatform (143)
[2025.07.17-02.07.31:734][870]LogModuleManager: Shutting down and abandoning module AndroidTargetPlatform (141)
[2025.07.17-02.07.31:869][870]LogModuleManager: Shutting down and abandoning module AllDesktopTargetPlatform (139)
[2025.07.17-02.07.31:869][870]LogModuleManager: Shutting down and abandoning module D3D11RHI (136)
[2025.07.17-02.07.31:869][870]LogModuleManager: Shutting down and abandoning module InputCore (134)
[2025.07.17-02.07.31:869][870]LogModuleManager: Shutting down and abandoning module Settings (132)
[2025.07.17-02.07.31:869][870]LogModuleManager: Shutting down and abandoning module DirectoryWatcher (130)
[2025.07.17-02.07.31:878][870]LogModuleManager: Shutting down and abandoning module PhysXCooking (128)
[2025.07.17-02.07.31:878][870]LogModuleManager: Shutting down and abandoning module Chaos (126)
[2025.07.17-02.07.31:878][870]LogModuleManager: Shutting down and abandoning module WindowsPlatformFeatures (124)
[2025.07.17-02.07.31:879][870]LogModuleManager: Shutting down and abandoning module GameplayMediaEncoder (123)
[2025.07.17-02.07.31:879][870]LogModuleManager: Shutting down and abandoning module AVEncoder (122)
[2025.07.17-02.07.31:879][870]LogModuleManager: Shutting down and abandoning module SteamVRInputDevice (118)
[2025.07.17-02.07.31:879][870]LogModuleManager: Shutting down and abandoning module SteamVRInput (116)
[2025.07.17-02.07.31:879][870]LogModuleManager: Shutting down and abandoning module SteamVR (114)
[2025.07.17-02.07.31:879][870]LogHMD: Freeing OpenVRDLLHandle.
[2025.07.17-02.07.31:879][870]LogModuleManager: Shutting down and abandoning module OculusHMD (112)
[2025.07.17-02.07.31:880][870]LogModuleManager: Shutting down and abandoning module OpenXRHandTracking (110)
[2025.07.17-02.07.31:880][870]LogSlate: Slate User Destroyed.  User Index 0, Is Virtual User: 0
[2025.07.17-02.07.31:880][870]LogModuleManager: Shutting down and abandoning module OpenXREyeTracker (108)
[2025.07.17-02.07.31:880][870]LogModuleManager: Shutting down and abandoning module OpenXRAR (106)
[2025.07.17-02.07.31:880][870]LogModuleManager: Shutting down and abandoning module AugmentedReality (105)
[2025.07.17-02.07.31:880][870]LogModuleManager: Shutting down and abandoning module OpenXRHMD (102)
[2025.07.17-02.07.31:882][870]LogModuleManager: Shutting down and abandoning module HairStrandsCore (100)
[2025.07.17-02.07.31:882][870]LogModuleManager: Shutting down and abandoning module ExampleDeviceProfileSelector (98)
[2025.07.17-02.07.31:882][870]LogModuleManager: Shutting down and abandoning module ChunkDownloader (96)
[2025.07.17-02.07.31:882][870]LogModuleManager: Shutting down and abandoning module OnlineBlueprintSupport (94)
[2025.07.17-02.07.31:882][870]LogModuleManager: Shutting down and abandoning module OnlineSubsystem (90)
[2025.07.17-02.07.31:892][870]LogModuleManager: Shutting down and abandoning module XMPP (85)
[2025.07.17-02.07.31:892][870]LogModuleManager: Shutting down and abandoning module WebSockets (84)
[2025.07.17-02.07.31:921][870]LogModuleManager: Shutting down and abandoning module HTTP (81)
[2025.07.17-02.07.31:922][870]LogHttp: Display: Http module shutting down, but needs to wait on 2 outstanding Http requests:
[2025.07.17-02.07.31:922][870]LogHttp: Display: 	verb=[POST] url=[https://datarouter.ol.epicgames.com/datarouter/api/v1/public/data?SessionID=%7BB1F71D9A-4456-3910-2B09-38B52E840DFB%7D&AppID=UEEditor.Rocket.Release&AppVersion=4.27.2-18319896%2B%2B%2BUE4%2BRelease-4.27&UserID=3b54413e42d43c35aff2659f95a6b4ca%7C86015509ccb24ed3b48fef845d1c22c9%7Cc297efcb-616a-48e2-89ec-b825ac25b5a4&AppEnvironment=datacollector-binary&UploadType=eteventstream] refs=[1] status=Processing
[2025.07.17-02.07.31:922][870]LogHttp: Display: 	verb=[POST] url=[https://datarouter.ol.epicgames.com/datarouter/api/v1/public/data?SessionID=%7BB1F71D9A-4456-3910-2B09-38B52E840DFB%7D&AppID=UEEditor.Rocket.Release&AppVersion=4.27.2-18319896%2B%2B%2BUE4%2BRelease-4.27&UserID=3b54413e42d43c35aff2659f95a6b4ca%7C86015509ccb24ed3b48fef845d1c22c9%7Cc297efcb-616a-48e2-89ec-b825ac25b5a4&AppEnvironment=datacollector-binary&UploadType=eteventstream] refs=[1] status=Processing
[2025.07.17-02.07.31:922][870]LogHttp: Display: cleaning up 2 outstanding Http requests.
[2025.07.17-02.07.31:967][870]LogModuleManager: Shutting down and abandoning module SSL (80)
[2025.07.17-02.07.31:986][870]LogModuleManager: Shutting down and abandoning module LauncherChunkInstaller (76)
[2025.07.17-02.07.31:986][870]LogModuleManager: Shutting down and abandoning module MLSDK (74)
[2025.07.17-02.07.31:986][870]LogModuleManager: Shutting down and abandoning module MagicLeap (72)
[2025.07.17-02.07.31:987][870]LogModuleManager: Shutting down and abandoning module WmfMedia (70)
[2025.07.17-02.07.32:033][870]LogModuleManager: Shutting down and abandoning module Media (69)
[2025.07.17-02.07.32:039][870]LogModuleManager: Shutting down and abandoning module MediaInfo (68)
[2025.07.17-02.07.32:039][870]LogModuleManager: Shutting down and abandoning module ExrReaderGpu (64)
[2025.07.17-02.07.32:039][870]LogModuleManager: Shutting down and abandoning module ChaosCloth (62)
[2025.07.17-02.07.32:039][870]LogModuleManager: Shutting down and abandoning module NiagaraVertexFactories (60)
[2025.07.17-02.07.32:039][870]LogModuleManager: Shutting down and abandoning module NiagaraShader (58)
[2025.07.17-02.07.32:039][870]LogModuleManager: Shutting down and abandoning module PixWinPlugin (56)
[2025.07.17-02.07.32:040][870]LogModuleManager: Shutting down and abandoning module VariantManagerContent (54)
[2025.07.17-02.07.32:040][870]LogModuleManager: Shutting down and abandoning module DatasmithContent (52)
[2025.07.17-02.07.32:041][870]LogModuleManager: Shutting down and abandoning module AISupportModule (50)
[2025.07.17-02.07.32:041][870]LogModuleManager: Shutting down and abandoning module DesktopPlatform (48)
[2025.07.17-02.07.32:041][870]LogModuleManager: Shutting down and abandoning module PythonScriptPluginPreload (46)
[2025.07.17-02.07.32:042][870]LogModuleManager: Shutting down and abandoning module PlatformCryptoOpenSSL (44)
[2025.07.17-02.07.32:042][870]LogModuleManager: Shutting down and abandoning module PlatformCryptoTypes (42)
[2025.07.17-02.07.32:042][870]LogModuleManager: Shutting down and abandoning module PlatformCrypto (40)
[2025.07.17-02.07.32:042][870]LogModuleManager: Shutting down and abandoning module OodleDataCompressionFormat (38)
[2025.07.17-02.07.32:043][870]LogModuleManager: Shutting down and abandoning module XGEController (36)
[2025.07.17-02.07.32:044][870]LogXGEController: Cleaning working directory: C:/Users/ezequ/AppData/Local/Temp/UnrealXGEWorkingDir/
[2025.07.17-02.07.32:044][870]LogModuleManager: Shutting down and abandoning module AnimationModifiers (34)
[2025.07.17-02.07.32:045][870]LogModuleManager: Shutting down and abandoning module AudioEditor (32)
[2025.07.17-02.07.32:046][870]LogModuleManager: Shutting down and abandoning module PropertyEditor (31)
[2025.07.17-02.07.32:046][870]LogModuleManager: Shutting down and abandoning module TextureCompressor (28)
[2025.07.17-02.07.32:047][870]LogModuleManager: Shutting down and abandoning module RenderCore (26)
[2025.07.17-02.07.32:047][870]LogModuleManager: Shutting down and abandoning module Landscape (24)
[2025.07.17-02.07.32:047][870]LogModuleManager: Shutting down and abandoning module SlateRHIRenderer (22)
[2025.07.17-02.07.32:060][870]LogModuleManager: Shutting down and abandoning module AnimGraphRuntime (20)
[2025.07.17-02.07.32:061][870]LogModuleManager: Shutting down and abandoning module Renderer (18)
[2025.07.17-02.07.32:061][870]LogModuleManager: Shutting down and abandoning module Engine (16)
[2025.07.17-02.07.32:061][870]LogModuleManager: Shutting down and abandoning module CoreUObject (14)
[2025.07.17-02.07.32:061][870]LogModuleManager: Shutting down and abandoning module NetworkFile (12)
[2025.07.17-02.07.32:067][870]LogModuleManager: Shutting down and abandoning module CookedIterativeFile (10)
[2025.07.17-02.07.32:067][870]LogModuleManager: Shutting down and abandoning module StreamingFile (8)
[2025.07.17-02.07.32:067][870]LogModuleManager: Shutting down and abandoning module SandboxFile (6)
[2025.07.17-02.07.32:067][870]LogModuleManager: Shutting down and abandoning module PakFile (4)
[2025.07.17-02.07.32:067][870]LogModuleManager: Shutting down and abandoning module RSA (3)
[2025.07.17-02.07.32:067][870]LogContentStreaming: Display: There are 1 unreleased StreamingManagers
[2025.07.17-02.07.32:207][870]LogD3D11RHI: Shutdown
[2025.07.17-02.07.32:207][870]LogD3D11RHI: CleanupD3DDevice
[2025.07.17-02.07.32:235][870]LogExit: Exiting.
[2025.07.17-02.07.32:263][870]Log file closed, 07/16/25 23:07:32
